#"Step","Time (ps)","Potential Energy (kJ/mole)","Temperature (K)","Density (g/mL)","Speed (ns/day)"
5000,120.00000000005473,-515886.4838792656,301.19974616692974,1.0242070188157635,--
10000,140.00000000003652,-515828.37031349377,300.1109304361168,1.0231685069441665,107
15000,159.9999999999899,-516432.6878543522,301.383912931043,1.0291305431995414,107
20000,179.9999999999433,-516203.6609540954,301.87652515110767,1.0261663422742073,106
25000,199.9999999998967,-516477.1071832436,304.52544848420257,1.0228406929182774,106
30000,219.99999999985008,-515674.9732367445,300.89779332468936,1.0257407276829242,106
35000,239.99999999980346,-517440.6426317983,301.43871949513675,1.0218333295930146,105
40000,259.99999999978525,-516307.09059998556,300.0616056198982,1.0238434509672816,105
45000,279.99999999988074,-516883.35852726875,301.23921271440224,1.0266283895554031,105
50000,299.99999999997624,-517096.4457476684,302.2092963442823,1.028017430098684,105
55000,320.00000000007174,-516898.2902240155,299.8544215336182,1.029240620553995,105
60000,340.00000000016723,-517549.0170876032,301.79876428414553,1.0269070014419293,105
65000,360.00000000026273,-515753.4868010783,299.80319758347525,1.0250779702297304,105
70000,380.0000000003582,-516937.64374830946,301.2204296910044,1.0226964558933755,105
75000,400.0000000004537,-514234.442307184,297.61016196217366,1.024165043934023,105
80000,420.0000000005492,-515736.71289429534,300.4563866182998,1.0239579658760285,105
85000,440.0000000006447,-516597.7178300868,303.37336393092806,1.026624928581026,105
90000,460.0000000007402,-516668.61731875315,302.2595986207667,1.0244672582718115,105
95000,480.0000000008357,-516900.71979000047,300.21837391767315,1.0261085706653748,105
100000,500.0000000009312,-516222.9747475716,304.7898948761109,1.0235404920669653,105
105000,520.0000000010267,-516688.9167575049,300.96798321007714,1.026352623670434,105
110000,540.0000000011222,-517002.5716911913,300.2913342292938,1.0273583789703788,105
115000,560.0000000012177,-517247.62960679084,298.63287591698514,1.0234147887789777,105
120000,580.0000000013132,-516370.8269200502,300.630518234129,1.0236722880493818,105
125000,600.0000000014087,-517513.6107594555,299.87516558152885,1.024886336341066,105
130000,620.0000000015042,-517364.5376768613,299.5059979423187,1.0221331535535685,105
135000,640.0000000015997,-515488.3330376402,302.8432645979513,1.023914552777642,105
140000,660.0000000016952,-516296.55776194134,301.34428942652374,1.0282632715675082,105
145000,680.0000000017907,-517030.9145541531,298.7174121677802,1.024757878738664,105
150000,700.0000000018862,-516993.9357576147,300.1913440425008,1.0290887803658584,105
155000,720.0000000019817,-517922.7519156807,301.657934888339,1.022985671911684,105
160000,740.0000000020772,-515780.84346820996,299.1596094862437,1.0278163652985246,105
165000,760.0000000021727,-516447.49407908274,301.5129984371298,1.027029469272323,105
170000,780.0000000022682,-516676.3093916557,301.2798022399438,1.0266206969765428,105
175000,800.0000000023637,-517238.64236326725,302.09638467386503,1.0270342039384457,105
180000,820.0000000024592,-516678.82520872774,300.7166253243345,1.0289217418520005,105
185000,840.0000000025547,-517911.58940594434,301.98364327171413,1.0275481371370618,105
190000,860.0000000026502,-517254.74843863817,301.27881270731604,1.0272378367954464,105
195000,880.0000000027457,-516381.2500242733,301.0220357476613,1.0268546296117327,105
200000,900.0000000028411,-515948.90241688,300.7300902795016,1.0234431956843355,105
205000,920.0000000029366,-516797.5028519118,303.1451626070961,1.0242164170026167,105
210000,940.0000000030321,-516626.2344697481,301.12814730078765,1.0256200386483934,105
215000,960.0000000031276,-516360.5161055238,299.96127210585803,1.0266101314817828,105
220000,980.0000000032231,-517240.30084786494,297.99514356642106,1.0267794322895911,105
225000,1000.0000000033186,-515913.0350366093,302.31418163933427,1.026982395118766,105
230000,1020.0000000034141,-516381.2479413899,300.474394979439,1.0255988347743292,105
235000,1040.0000000030548,-517572.0701422263,301.4933938248033,1.0223123264289407,104
240000,1060.0000000025818,-518045.12907457235,301.8672189768681,1.0253232650187971,104
245000,1080.000000002109,-517350.54521675105,301.718327236811,1.0248738467529475,104
250000,1100.000000001636,-517441.76360594924,301.2273047596187,1.0226977355468618,104
255000,1120.000000001163,-516182.4938893302,299.5025715958654,1.0287384591796884,104
260000,1140.00000000069,-516269.29651063145,300.0066661260367,1.0253433158064336,104
265000,1160.0000000002171,-515996.23785614246,301.0630800816902,1.0266882747162536,104
270000,1179.9999999997442,-516296.179783667,303.3948547732782,1.0238160940854708,104
275000,1199.9999999992713,-515870.883277836,299.5473397082508,1.0211825419936096,104
280000,1219.9999999987983,-516677.20418672985,300.49215842066945,1.0268587140554029,104
285000,1239.9999999983254,-517138.15602406673,299.6412767047228,1.0243855042820933,104
290000,1259.9999999978525,-517784.6083366687,302.0377495374883,1.0264778813606623,104
295000,1279.9999999973795,-516000.0104712711,300.8200004149354,1.0259498731889793,104
300000,1299.9999999969066,-515665.968582866,301.89263647590764,1.0242402359512957,104
305000,1319.9999999964336,-516426.42354302504,299.7003987494895,1.0259572940309678,104
310000,1339.9999999959607,-517413.318918274,303.5681473124172,1.0250687384751065,104
315000,1359.9999999954878,-516506.2773348144,300.45975873892917,1.0270389773911042,104
320000,1379.9999999950148,-517142.7010529854,300.0193141175571,1.0257359711926708,104
325000,1399.999999994542,-517042.78040428064,302.41145147007273,1.0292989731003872,104
330000,1419.999999994069,-515968.1313076371,299.8229975118123,1.0263952081756358,104
335000,1439.999999993596,-516314.5410106755,297.3651113152312,1.0246474942994666,104
340000,1459.999999993123,-517506.60160027235,299.59181554128344,1.0310624906024344,104
345000,1479.9999999926501,-516609.66901964066,303.42956487106943,1.0253482578798887,104
350000,1499.9999999921772,-515842.8275635501,300.34904887228834,1.0250888671237217,104
355000,1519.9999999917043,-516498.6115440596,299.506517584172,1.025814294660755,104
360000,1539.9999999912313,-516746.60192839056,300.8893459031311,1.0234027029046007,104
365000,1559.9999999907584,-518000.5887918633,302.3343711157437,1.0275683543270662,104
370000,1579.9999999902855,-516251.8794451826,299.9600046547512,1.0245737622296507,104
375000,1599.9999999898125,-516662.91240984085,300.28136778802855,1.0270088443216476,104
380000,1619.9999999893396,-518051.21279562754,301.53624030061985,1.0278373167042676,104
385000,1639.9999999888666,-516924.16081960895,302.93194773677135,1.0273267005550673,104
390000,1659.9999999883937,-517050.0005169825,300.30909861418826,1.030132787785752,104
395000,1679.9999999879208,-516392.90636919066,301.4902939836534,1.0283078777036716,104
400000,1699.9999999874478,-516901.7665657981,301.20800899038096,1.025678954202554,104
405000,1719.999999986975,-517057.126263072,301.09630780599775,1.0280880667233274,104
410000,1739.999999986502,-516156.45182256284,300.8164967838614,1.0245365408365703,104
415000,1759.999999986029,-516756.28261915874,303.2605285802811,1.024362615886543,104
420000,1779.999999985556,-516238.83564725216,301.13840035343486,1.0297483717435012,104
425000,1799.9999999850832,-516150.2966044054,298.1020372885467,1.0241287310893383,104
430000,1819.9999999846102,-517118.1844275552,301.0140368818182,1.0277103490589354,104
435000,1839.9999999841373,-516527.6791855437,302.4918004637942,1.0286774665451677,104
440000,1859.9999999836643,-517961.9205016524,300.6739752596828,1.02723557552278,104
445000,1879.9999999831914,-517552.7406379152,303.373573534938,1.0244213396672637,104
450000,1899.9999999827185,-515833.628557618,303.8284606199308,1.0227468454105362,104
455000,1919.9999999822455,-516284.21044108784,301.688695831352,1.0272223185141607,104
460000,1939.9999999817726,-517120.24017937155,300.5061782410123,1.0234908445978292,104
465000,1959.9999999812997,-517046.7305738388,301.6515068821802,1.027733030554766,104
470000,1979.9999999808267,-517043.981409098,300.1223395096915,1.0251511612143456,104
475000,1999.9999999803538,-516963.9896474569,301.15486735799897,1.0272648492356353,104
480000,2019.9999999798808,-517105.9957310201,302.74987139449485,1.0269996285808547,104
485000,2039.999999979408,-516498.9730924715,302.5184620508121,1.0267072485468556,104
490000,2059.999999978935,-517397.08573602396,300.4144540866227,1.0277757310970959,104
495000,2079.9999999784623,-516408.77324158,302.92980980983106,1.025233142078869,104
500000,2099.9999999779893,-516274.66353161656,301.942950763736,1.0243784301514078,103
505000,2119.9999999775164,-517593.376718628,300.3936342686062,1.0284874972428897,103
510000,2139.9999999770434,-517126.82356497087,299.1693441353078,1.0257975647581863,103
515000,2159.9999999765705,-516288.382348733,300.27885229790843,1.0210592448523175,103
520000,2179.9999999760976,-517143.42934157746,298.894462534152,1.0236443141944582,103
525000,2199.9999999756246,-517004.2027394029,301.4871772380632,1.0239235944355485,103
530000,2219.9999999751517,-516217.41719870106,302.8776912464349,1.02423077952967,103
535000,2239.9999999746788,-517702.78093420155,298.93255474642046,1.0259076291164988,103
540000,2259.999999974206,-515650.76798191527,298.1896270384479,1.0256433334153043,103
545000,2279.999999973733,-517483.59276838787,300.68312344248915,1.0250659308782848,103
550000,2299.99999997326,-517027.09558249195,300.60735460782075,1.0269017414350796,103
555000,2319.999999972787,-516946.9853954406,299.66522004281916,1.021702192649397,103
560000,2339.999999972314,-517551.29069972783,300.0896437779812,1.0246913025014714,103
565000,2359.999999971841,-516799.7682363896,302.13134031518257,1.0295692511963548,103
570000,2379.999999971368,-516220.6917381487,299.7473632527687,1.0250405867417818,103
575000,2399.9999999708953,-516800.2311837638,302.22297600456693,1.0281340953586002,103
580000,2419.9999999704223,-516499.3791849669,299.2341381431943,1.0238894749713547,103
585000,2439.9999999699494,-516858.1710006308,300.6123045415705,1.0291709028977447,103
590000,2459.9999999694764,-517548.34516985086,301.56781865658434,1.0325784062638597,103
595000,2479.9999999690035,-516591.12024965277,299.6414474837842,1.0251683819187747,103
600000,2499.9999999685306,-517329.7719484803,300.4729171121482,1.0220986590594083,103
605000,2519.9999999680576,-515954.8838721046,300.7926101264643,1.0221254650538396,103
610000,2539.9999999675847,-515758.65050896676,298.1707203296172,1.0213102756015027,103
615000,2559.9999999671118,-516732.0784418655,300.5638095349886,1.024932250833837,103
620000,2579.999999966639,-517113.80115439557,300.98511200768564,1.0231532776938908,103
625000,2599.999999966166,-515844.20336870826,299.7717038105287,1.0264639478422384,103
630000,2619.999999965693,-516400.25109295547,300.1176961904252,1.0224255567607183,103
635000,2639.99999996522,-516480.3445349536,300.39818315772646,1.0256132650886256,103
640000,2659.999999964747,-516771.6222620832,299.20454196644647,1.0294268044323636,103
645000,2679.999999964274,-517135.814614451,299.0757471586604,1.0276932745951621,103
650000,2699.999999963801,-517080.5851120751,301.90474321395,1.0272961098010813,103
655000,2719.9999999633283,-516432.359228835,301.01667131816583,1.0261617988233926,103
660000,2739.9999999628553,-517758.9973773698,301.7582379005287,1.0269420882574876,103
665000,2759.9999999623824,-517603.8975230113,301.78046452783246,1.0259605179984028,103
670000,2779.9999999619095,-517566.48641043715,300.8840605247864,1.0245890298603075,103
675000,2799.9999999614365,-517124.6726615124,301.16493749450126,1.0275691426869764,103
680000,2819.9999999609636,-516821.2966524977,302.36146124667647,1.0300916603096784,103
685000,2839.9999999604906,-517825.52969075204,299.01817223513655,1.027899050282337,103
690000,2859.9999999600177,-517646.86060435954,301.2884535187082,1.0246443034362114,103
695000,2879.9999999595448,-516168.20228707953,300.6051245589092,1.0259175982795257,103
700000,2899.999999959072,-517328.6711012977,299.8013140910966,1.0255539877115687,103
705000,2919.999999958599,-516804.7655352177,299.5811042069609,1.0243704541061884,103
710000,2939.999999958126,-516564.2389786907,301.4884185081008,1.0219200556801586,103
715000,2959.999999957653,-517008.67736215936,299.2296555945433,1.0276703877706272,103
720000,2979.99999995718,-516090.85548690613,299.91562140289443,1.024331295689154,103
725000,2999.999999956707,-516967.071525526,299.9469105923988,1.0267006519813853,103
730000,3019.999999956234,-516782.0356955223,302.18869680904254,1.0229842207545277,103
735000,3039.9999999557613,-518103.6730955548,301.942390740561,1.0264685400009086,103
740000,3059.9999999552883,-516206.0066410126,298.0795317355841,1.0250230306888106,103
745000,3079.9999999548154,-517068.4269199611,302.0166384721416,1.0254264581858685,103
750000,3099.9999999543425,-516926.59139966755,300.51784564715507,1.0274068173999524,103
755000,3119.9999999538695,-516186.52810098114,298.73432473269753,1.0248346213038833,103
760000,3139.9999999533966,-517184.47511529434,303.1298398420105,1.0248390761660777,103
765000,3159.9999999529236,-516148.84813051973,300.84300706531405,1.0275392050796321,103
770000,3179.9999999524507,-516832.5012646399,297.10753473799537,1.022199021817384,103
775000,3199.9999999519778,-515319.7776842546,302.48227678124533,1.0273487899379503,103
780000,3219.999999951505,-516310.44935061433,304.09444821765504,1.030573330239236,103
785000,3239.999999951032,-516260.4809219204,302.4581406112384,1.026601170299515,103
790000,3259.999999950559,-517033.8286762128,303.49283543334525,1.0244799047543036,103
795000,3279.999999950086,-516787.4148224662,301.1221896683776,1.0244811977000987,103
800000,3299.999999949613,-517342.88407098246,299.39595869816407,1.0273287182133313,103
805000,3319.99999994914,-516366.1794449447,300.7075178826326,1.023508455887347,103
810000,3339.999999948667,-516960.20117720705,299.2106986537206,1.023822508852839,103
815000,3359.9999999481943,-517236.329133288,300.35755171506446,1.0238671349456392,103
820000,3379.9999999477213,-517399.49458452105,300.20302248079605,1.0268166128277594,103
825000,3399.9999999472484,-516247.416422592,299.75260229958997,1.020715360568875,103
830000,3419.9999999467755,-516063.0806325162,298.65740922024133,1.0261911052934292,103
835000,3439.9999999463025,-516810.7493040117,301.11932123490584,1.026177168957031,103
840000,3459.9999999458296,-516458.2104119188,301.5060010343389,1.0255753126721818,103
845000,3479.9999999453566,-516857.928615008,300.5956905438376,1.0202978196042651,103
850000,3499.9999999448837,-514696.2860415543,299.61897531489956,1.0260391380323954,103
855000,3519.999999944411,-517521.5004783231,299.0971239192876,1.0267352418202393,103
860000,3539.999999943938,-517510.6974658773,297.8219588333058,1.0273201035267352,103
865000,3559.999999943465,-516489.56290972885,301.68308921480553,1.0269156469946628,103
870000,3579.999999942992,-517745.6097494981,302.0161847987601,1.0288876865541132,103
875000,3599.999999942519,-517586.62735461467,301.8006945419885,1.0288147925911648,103
880000,3619.999999942046,-516479.4334614617,301.6170923789006,1.027343443601983,103
885000,3639.999999941573,-517327.2924186345,299.3101208564869,1.025564514947985,103
890000,3659.9999999411,-515846.8363558359,303.120719763068,1.0281655506352803,103
895000,3679.9999999406273,-517854.0072761676,298.82057867055784,1.0232383676384664,103
900000,3699.9999999401543,-516522.133721967,300.96990539138665,1.0249885778122785,103
905000,3719.9999999396814,-516731.8454694543,301.1649282442425,1.02857966426735,103
910000,3739.9999999392085,-516985.2674038203,303.27342867622895,1.0282278754709226,103
915000,3759.9999999387355,-516846.2919870722,298.4479447067239,1.0246885334912168,103
920000,3779.9999999382626,-516212.7696458474,300.96804239988126,1.0268989460118638,103
925000,3799.9999999377897,-516228.72039976413,300.5757505405571,1.0281532530359474,103
930000,3819.9999999373167,-518615.41788990283,300.518314226886,1.0303225323754455,103
935000,3839.999999936844,-516993.2008899769,300.6679130482216,1.027612100603739,103
940000,3859.999999936371,-517273.0169885298,303.76184518517425,1.027807364941019,103
945000,3879.999999935898,-517522.5535872646,302.2293025442272,1.0282492919399595,103
950000,3899.999999935425,-515187.64232121105,302.4806214974558,1.0266747416943955,103
955000,3919.999999934952,-514913.35357599705,302.421730089556,1.020294701928011,103
960000,3939.999999934479,-516271.79703994165,302.2393900107229,1.0273593659569114,103
965000,3959.999999934006,-516463.94417074113,300.229218944294,1.0233147838710417,103
970000,3979.999999933533,-515962.33879897813,303.76399352492894,1.0263515799275678,103
975000,3999.9999999330603,-517135.44402207434,300.9451612534086,1.0272048238817415,103
980000,4019.9999999325873,-516454.9062176368,298.5109319853384,1.0246854359410908,103
985000,4039.9999999321144,-516781.94726582174,302.56201672056756,1.0279146719016496,103
990000,4059.9999999316415,-516958.5550170217,301.68783719110303,1.0276158687343904,103
995000,4079.9999999311685,-516339.3955771334,302.02213089318144,1.0223832203379646,103
1000000,4099.999999930696,-517798.6398048289,300.33731910608196,1.0289745439910938,103
1005000,4119.999999930223,-516806.2771198009,300.1529779974605,1.0303657764644596,103
1010000,4139.99999992975,-517046.65794037003,297.3578267723334,1.0266870220939206,103
1015000,4159.999999929277,-516602.50525412126,299.9548769161398,1.0247389490422638,103
1020000,4179.999999928804,-518140.9788250923,302.9104044018493,1.0271618144334995,103
1025000,4199.999999928331,-516298.86395044415,297.87977267364477,1.0223037337679464,103
1030000,4219.999999927858,-517083.362400227,300.6794669790287,1.0255281601592399,103
1035000,4239.999999927385,-517047.6355680006,301.67058528345694,1.027332336968839,103
1040000,4259.999999926912,-517544.5634417089,299.1523557088863,1.0274865419460086,103
1045000,4279.999999926439,-516691.8792269523,298.82112193297957,1.0290563830610393,103
1050000,4299.999999925966,-515912.0049842242,301.5884609509866,1.0213213081940753,103
1055000,4319.999999925493,-516406.1176695195,299.7938060560037,1.023680962569603,103
1060000,4339.99999992502,-517809.21871333686,299.5713542923467,1.0249360680083792,103
1065000,4359.999999924547,-516389.7677378743,302.38739926270983,1.0255133716651,103
1070000,4379.9999999240745,-516234.5380773386,297.9973741894872,1.030256668270137,103
1075000,4399.9999999236015,-518467.5494968463,303.32615651330474,1.0303792740689164,103
1080000,4419.999999923129,-517610.2109224929,300.91953673069247,1.024819843159385,103
1085000,4439.999999922656,-517075.47300771764,300.70513700683455,1.0247355984825572,103
1090000,4459.999999922183,-515666.8319885954,302.75034088803847,1.0218786529258892,103
1095000,4479.99999992171,-515925.61993352463,301.86510570320405,1.020799482596667,103
1100000,4499.999999921237,-517151.3856406857,299.48432008008155,1.024371239848165,103
1105000,4519.999999920764,-516772.5381979232,298.5727747520468,1.025562347475821,103
1110000,4539.999999920291,-515390.061948498,303.83282246316674,1.0248486228325515,103
1115000,4559.999999919818,-517304.3548053901,299.27816458951804,1.0211197155866105,103
1120000,4579.999999919345,-517630.66275517945,299.342088410447,1.0205619621018598,103
1125000,4599.999999918872,-516952.71877619484,300.138209716704,1.025341265370819,103
1130000,4619.999999918399,-517706.0425600617,302.84098187013296,1.0283882818003407,103
1135000,4639.999999917926,-516543.63587925886,302.2937849508611,1.027840042754745,103
1140000,4659.999999917453,-516896.14940910344,302.1112470005622,1.025463176885322,103
1145000,4679.99999991698,-515979.632551186,303.4446958202727,1.0263395347262059,103
1150000,4699.9999999165075,-517648.80572683574,302.01498101181403,1.0266360921693987,103
1155000,4719.9999999160345,-517001.75661614933,301.01893157918136,1.0273499842897738,103
1160000,4739.999999915562,-516585.87113682274,301.05575053535523,1.0252181604704544,103
1165000,4759.999999915089,-516526.3314161857,299.49543306183165,1.0300070963979635,103
1170000,4779.999999914616,-516584.80716586113,302.56967605661845,1.0272139872014483,103
1175000,4799.999999914143,-516223.9360670545,298.94280413906694,1.0259982918387556,103
1180000,4819.99999991367,-517403.0924421209,298.95206167378024,1.029495966031083,103
1185000,4839.999999913197,-516562.4220967388,302.3811303579347,1.0259796727846136,103
1190000,4859.999999912724,-516368.00729590957,302.906168548833,1.0249088285987407,103
1195000,4879.999999912251,-516061.6091784374,301.3422894811307,1.0247849532083089,103
1200000,4899.999999911778,-517012.35386075266,302.26997255256686,1.025335146216493,103
1205000,4919.999999911305,-517339.6245743558,299.7520324907756,1.0215487303852504,103
1210000,4939.999999910832,-517007.86971258675,302.2615373735078,1.0288648703648777,103
1190000,4859.999999912724,-516833.37163030053,304.69070832135094,1.0243481884986994,0
1195000,4879.999999912251,-517464.4075128706,298.89241278571853,1.0240026143126746,105
1200000,4899.999999911778,-517535.04302798235,300.70682338882403,1.0275987101943893,105
1205000,4919.999999911305,-515136.7728594679,299.8830004669529,1.0221548309651984,104
1210000,4939.999999910832,-516709.5241587502,299.7513593479321,1.027053655571544,104
1215000,4959.999999910359,-519120.6427731209,301.5939704213379,1.0299758969865915,104
1220000,4979.999999909886,-517702.65906226914,301.87912373806546,1.0282646588227433,103
1225000,4999.999999909413,-516029.03075821674,299.2648507491266,1.0254510205554936,103
1230000,5019.9999999089405,-517525.4534999763,302.97868590495943,1.0247935421167733,103
1235000,5039.9999999084675,-516860.5356905486,300.1667539107129,1.029350583343164,103
1240000,5059.999999907995,-517125.4650967147,300.7454840467579,1.0281455301261782,103
1245000,5079.999999907522,-516918.04413538636,302.1468357111582,1.0275437379741592,103
1250000,5099.999999907049,-517385.21871567424,302.650209330981,1.028550582698175,103
1255000,5119.999999906576,-516190.558235866,305.880866547382,1.0272479465338953,103
1260000,5139.999999906103,-517292.29867311544,300.2484327024701,1.030343742367491,103
1265000,5159.99999990563,-517628.6783277029,302.5558617500299,1.028224093274875,102
1270000,5179.999999905157,-516987.49595786,301.8897912837295,1.025811521872503,102
1275000,5199.999999904684,-516252.2348702769,299.7258246141138,1.0253911567803464,102
1280000,5219.999999904211,-517740.78982784296,301.96054586242036,1.0231616592865262,102
1285000,5239.999999903738,-516527.735624437,301.55735647290356,1.0267913374175281,102
1290000,5259.999999903265,-515620.21380298305,299.90777190638164,1.0261128386100489,102
1295000,5279.999999902792,-517672.21498738206,298.67322731157145,1.02523909835902,102
1300000,5299.999999902319,-517527.1153621415,302.6652313877023,1.0274807224569926,102
1305000,5319.999999901846,-516686.13257728843,301.9776467641066,1.0297187496226565,102
1310000,5339.9999999013735,-516462.8638947606,302.272556024575,1.0272481402947085,102
1315000,5359.999999900901,-517659.58144496405,301.0440908261529,1.027766304646085,102
1320000,5379.999999900428,-516833.3725340902,300.97596869108963,1.0240669019824227,102
1325000,5399.999999899955,-516746.29202968,301.2868875438789,1.0230807452223618,102
1330000,5419.999999899482,-516729.7062649785,301.09098071707376,1.0255377888982562,102
1335000,5439.999999899009,-516965.6700452997,300.95836152516955,1.0299651744471374,102
1340000,5459.999999898536,-517458.02683779434,301.1050121338133,1.0246520390128637,102
1345000,5479.999999898063,-516477.141916018,300.1075301546804,1.0261765546953996,102
1350000,5499.99999989759,-515610.35042669415,299.71520945624223,1.0276541365594514,102
1355000,5519.999999897117,-517725.79851961904,298.42223282157244,1.029853241447907,102
1360000,5539.999999896644,-515537.3221990133,305.0255750369063,1.0267455811628674,102
1365000,5559.999999896171,-515524.08781643095,302.39211940818274,1.0238696602316666,102
1315000,5359.999999900901,-517553.2768335147,301.02597622022915,1.0278718530590674,--
1320000,5379.999999900428,-517103.5112802817,302.7502025212209,1.025216908749776,106
1325000,5399.999999899955,-516223.2054300371,297.382331061336,1.025786948576563,106
1330000,5419.999999899482,-517842.4724994546,300.32336786320866,1.0261619757274718,105
1335000,5439.999999899009,-516380.94167368184,299.2663711100863,1.0223129409340923,105
1340000,5459.999999898536,-516354.5612793872,304.0453199302583,1.0250501883658056,105
1345000,5479.999999898063,-518715.3721150467,302.45526646463173,1.0247201336470932,105
1350000,5499.99999989759,-516385.04964186344,302.7756805364279,1.024642281205162,104
1355000,5519.999999897117,-517329.17071856535,298.85536712647774,1.0221055208953616,104
1360000,5539.999999896644,-516519.82430290175,299.9741981980414,1.028122404275749,104
1365000,5559.999999896171,-516089.3162040864,303.04255495564456,1.024352099589044,104
1370000,5579.999999895698,-517220.09751030896,301.6703073721289,1.0276296702048504,104
1375000,5599.999999895225,-516985.92315634876,301.20889163250035,1.0257342685882198,104
1380000,5619.999999894752,-516222.4678395346,300.68507829805185,1.0261367158130392,104
1385000,5639.999999894279,-516543.39106457797,303.6424325775062,1.0232739080828934,103
1390000,5659.9999998938065,-518056.23553066445,301.1906613426802,1.0255697531453039,103
1395000,5679.999999893334,-516318.59007997345,302.21200157646774,1.025329172856592,103
1400000,5699.999999892861,-516189.0465856099,299.60133985310347,1.0245703326283944,103
1405000,5719.999999892388,-516233.922543549,302.65500800956374,1.0268205673006396,103
1410000,5739.999999891915,-517502.5270495687,298.138767562331,1.029161747255565,103
1415000,5759.999999891442,-517245.1161755312,300.003459428001,1.024214838883085,103
1420000,5779.999999890969,-518087.50767673156,303.2523442005623,1.0296476445461729,103
1425000,5799.999999890496,-516997.3213085111,299.752955294335,1.0280041866091425,103
1430000,5819.999999890023,-517349.77029165626,299.87779665819653,1.0272615791939153,103
1435000,5839.99999988955,-517606.91544726444,302.7083404080573,1.027349211471252,103
1440000,5859.999999889077,-516685.5187666584,303.4639065841372,1.0207530096092516,103
1445000,5879.999999888604,-517370.39811587334,300.1726573766428,1.0273684930185882,103
1450000,5899.999999888131,-515769.8623998638,301.22155388125327,1.0251952648438905,103
1455000,5919.999999887658,-516567.7663822861,300.08370747816906,1.0245066469190682,103
1440000,5859.999999889077,-516368.21338420804,300.9975021794933,1.02315500364107,0
1445000,5879.999999888604,-517867.0369037553,298.8464181991356,1.0234209431829218,106
1450000,5899.999999888131,-517337.31441719015,302.3792877614131,1.027178901287922,106
1455000,5919.999999887658,-515462.69470427744,301.1506000003512,1.023722182323057,105
1460000,5939.999999887185,-517539.17898939224,302.21282700432056,1.0251068990551897,105
1465000,5959.999999886712,-516095.03532223846,301.2331834521551,1.0247347165568763,105
1470000,5979.9999998862395,-517302.837773724,301.3108314335569,1.0266292541577227,105
1475000,5999.999999885767,-516140.11388654285,300.055162253706,1.0239768437546404,104
1480000,6019.999999885294,-518121.2244896814,300.88285863664976,1.0245349319278094,104
1485000,6039.999999884821,-516156.6842108036,301.5414618663352,1.0257133082405072,104
1490000,6059.999999884348,-517747.1447937684,299.1390835468753,1.0274090252899888,104
1495000,6079.999999883875,-515869.74433590285,301.7327980431805,1.0200517810620746,104
1500000,6099.999999883402,-516349.44090911234,298.8593104818245,1.0209946570713981,104
1505000,6119.999999882929,-516508.76302931085,300.2503841264103,1.0248271132846,103
1510000,6139.999999882456,-516662.6163779574,301.19868505717426,1.0249977763335278,103
1515000,6159.999999881983,-515938.4831143627,301.9935788717014,1.0257496630392156,103
1505000,6119.999999882929,-516532.04418571386,299.2038489605438,1.0285861979838815,0
1510000,6139.999999882456,-515251.0106120175,300.082049882307,1.0223404952274096,105
1515000,6159.999999881983,-517477.64869792317,302.7422370028699,1.0273289977149238,105
1520000,6179.99999988151,-516834.12401006557,299.72271629151385,1.0295610547230334,105
1525000,6199.999999881037,-516886.1015259435,302.1497438876153,1.0249283092030204,105
1530000,6219.999999880564,-516343.03940347885,299.12522676922026,1.0268074823119078,105
1535000,6239.999999880091,-516747.8092843881,299.3692355868237,1.0255047055388324,104
1540000,6259.999999879618,-516793.64400525135,300.27277982645506,1.024213846888306,104
1545000,6279.999999879145,-517146.5451231303,302.60688825597725,1.02503360277436,104
1550000,6299.9999998786725,-516056.76594282524,299.2890742069408,1.0239377853028047,104
1555000,6319.9999998782,-517753.1013632475,298.9701059960757,1.0282353697663604,104
1560000,6339.999999877727,-515654.82721077534,301.2264400923551,1.0273496545783198,104
1565000,6359.999999877254,-517333.12675901013,300.7060762631614,1.025857522466768,104
1570000,6379.999999876781,-516085.533565352,300.9648565889685,1.0276343437349935,104
1575000,6399.999999876308,-516662.16622464056,302.65736727263993,1.0238213352748198,104
1580000,6419.999999875835,-518271.9054389356,299.1018921157148,1.0308348434290955,104
1585000,6439.999999875362,-516594.65515973,300.7096343075963,1.0268683457320413,103
1590000,6459.999999874889,-517399.49725405104,302.59499952332203,1.0287605705988758,103
1595000,6479.999999874416,-516171.9682395337,298.18117483862665,1.0226083538168207,103
1600000,6499.999999873943,-517874.1825222841,301.41145465802106,1.0238991726513045,103
1605000,6519.99999987347,-517059.2243322637,301.5881560345657,1.0294750814678344,103
1610000,6539.999999872997,-517318.2858101714,302.34588365060847,1.0259705902421676,103
1615000,6559.999999872524,-516519.5223907188,300.900200945614,1.0248700905436914,103
1620000,6579.999999872051,-517800.92771604727,300.5067891622808,1.026207858847349,103
1625000,6599.999999871578,-516612.32621276216,299.75499985157387,1.0277260213291892,103
1630000,6619.9999998711055,-516095.3578231521,299.2697997492339,1.0265516318051606,103
1635000,6639.999999870633,-517534.92704002094,300.2011537600981,1.0284460152771817,103
1630000,6619.9999998711055,-516202.29900137614,303.03839384103605,1.0200805528210102,0
1635000,6639.999999870633,-516657.21942322515,301.02663925079736,1.0261855247518423,106
1640000,6659.99999987016,-516553.486639953,301.6541904261587,1.0247395505203412,105
1645000,6679.999999869687,-516724.66662341007,301.64786307300545,1.0264599810161668,105
1650000,6699.999999869214,-516894.57882987056,301.50850817508075,1.0258448285123394,105
1655000,6719.999999868741,-517248.7730545595,301.80523687814485,1.0250418853556935,104
1660000,6739.999999868268,-515863.23278809246,301.82314803774057,1.0257839508619648,104
1665000,6759.999999867795,-517284.1292660129,299.62671707875097,1.026967494080137,104
1670000,6779.999999867322,-516675.21143272705,301.84903038063106,1.02220612532216,104
1675000,6799.999999866849,-516793.42653578613,301.0575196674604,1.0223836237353254,104
1680000,6819.999999866376,-516263.00629101275,299.84339987767663,1.0250679635484754,103
1685000,6839.999999865903,-516767.3892069259,298.45165616417864,1.0250125450139542,103
1690000,6859.99999986543,-517170.93226302695,300.2506309465886,1.0277671897680325,103
1695000,6879.999999864957,-517555.01932694274,302.002387602387,1.0247899272442376,103
1700000,6899.999999864484,-516776.9667149561,301.40745454734025,1.026733751694142,103
1705000,6919.999999864011,-516658.2982395743,299.6017374518669,1.0257712300284656,103
1710000,6939.9999998635385,-517508.4641920938,301.8327891907776,1.0275495752620203,103
1715000,6959.999999863066,-517467.3121794646,300.2958288898518,1.0273757877667875,103
1720000,6979.999999862593,-516938.360642822,301.60804392856613,1.0287774996530823,103
1725000,6999.99999986212,-516429.01464801445,300.172851061427,1.0296099407339736,103
1730000,7019.999999861647,-516541.69629404997,298.56882138397805,1.024104804222004,103
1735000,7039.999999861174,-516977.5190851416,302.46560357871397,1.0247952999840062,103
1740000,7059.999999860701,-517116.0283025312,303.2692136258815,1.0278471530683824,103
1745000,7079.999999860228,-516119.1632444835,301.448587226927,1.0237930767432153,103
1750000,7099.999999859755,-517498.4151743585,299.4397801418298,1.0235432340972894,103
1755000,7119.999999859282,-517927.21168290614,300.7184894890341,1.0245657090991136,103
1760000,7139.999999858809,-516376.99021018366,300.6490697155539,1.0256209685105464,103
1755000,7119.999999859282,-517340.3195700499,300.5873907562961,1.0247658270149878,--
1760000,7139.999999858809,-516875.48913552985,302.8293321365356,1.0251626492771277,105
1765000,7159.999999858336,-516667.8753568942,300.0494024057774,1.0234177890854659,105
1770000,7179.999999857863,-516899.8798148229,303.202319297046,1.0279195993314647,105
1775000,7199.99999985739,-517160.2035414949,299.76301622073976,1.0287067103796845,104
1780000,7219.999999856917,-517493.73659442086,300.84079828050295,1.0267371503774743,104
1785000,7239.999999856444,-516750.8978206762,301.9690127168272,1.0271989674674133,104
1790000,7259.9999998559715,-517461.64225123124,301.9960049528487,1.023526824659062,104
1795000,7279.999999855499,-518067.70459691645,303.7447495123052,1.0286596315097247,104
1800000,7299.999999855026,-517053.7058300383,302.1542019290233,1.0294771723918228,104
1805000,7319.999999854553,-516781.4442228284,301.25970431028566,1.0197425936088906,103
1810000,7339.99999985408,-517213.6371732026,299.6320086552809,1.0238016732783142,103
1815000,7359.999999853607,-516925.7874208526,300.15818998177326,1.0268140738468647,103
1820000,7379.999999853134,-515950.44869578234,299.0586947818012,1.0218673700027106,103
1825000,7399.999999852661,-516170.6284972369,302.1495469907058,1.024812915108109,103
1830000,7419.999999852188,-517134.0078469312,300.45978493828574,1.0216519929366539,103
1835000,7439.999999851715,-515605.6476279467,301.78585667634223,1.023138623346309,103
1840000,7459.999999851242,-517317.15198813984,299.1383927376434,1.0268403437374864,103
1845000,7479.999999850769,-516191.32285809657,301.93415543599895,1.0245202774162852,103
1850000,7499.999999850296,-516970.2968384072,302.5725937666391,1.027655289537762,103
1855000,7519.999999849823,-517519.1199406029,299.85135333905913,1.0214231094239292,103
1860000,7539.99999984935,-515892.37694525695,300.76746933942815,1.024356721439963,103
1865000,7559.999999848877,-515799.8452844112,302.6846155712639,1.0241661600086018,103
1870000,7579.9999998484045,-517564.380393961,301.3889797413616,1.0255050074326018,103
1815000,7359.999999853607,-516681.5040887615,302.1390136660383,1.0253449061788782,--
1820000,7379.999999853134,-517599.5149430053,299.72642531156174,1.0258418555865352,106
1825000,7399.999999852661,-516431.2177544194,301.64431544372127,1.0240703744658652,105
1830000,7419.999999852188,-517652.46644483134,300.3141777919399,1.0277769160072319,105
1835000,7439.999999851715,-516501.94448808744,300.2352105688105,1.023783557342533,105
1840000,7459.999999851242,-518822.68246627296,301.11936122438794,1.0282662982794903,104
1845000,7479.999999850769,-516196.1597263871,299.9760479215471,1.021646426491231,104
1850000,7499.999999850296,-517569.68641560874,301.0884135048862,1.0259624520716724,104
1855000,7519.999999849823,-516760.6869750081,299.8903974595767,1.0254513161047132,104
1860000,7539.99999984935,-516329.8513789857,302.15711219717764,1.0263164389979647,104
1865000,7559.999999848877,-516845.86801242875,299.06203593645245,1.0254788552154739,103
1870000,7579.9999998484045,-516545.87536421465,302.4763321820236,1.024575941737147,103
1875000,7599.999999847932,-516761.88147868705,302.3376557945555,1.025560218216072,103
1880000,7619.999999847459,-516206.7561168736,299.90556056797857,1.0212621949655545,103
1885000,7639.999999846986,-516854.8904142135,299.49426339918625,1.0230790088881816,103
1890000,7659.999999846513,-518000.3682855584,300.8816403419515,1.023079998399651,103
1895000,7679.99999984604,-516881.91419012356,301.2214842763331,1.0257037588713482,103
1900000,7699.999999845567,-516269.5738315035,300.6717444681916,1.026388659710818,103
1905000,7719.999999845094,-516853.3191304165,302.6346357381308,1.0264129598566467,103
1910000,7739.999999844621,-517156.70097125694,301.8228184908727,1.0232441003538506,103
1915000,7759.999999844148,-517026.30066284956,300.49897439979196,1.0279353328889338,103
1920000,7779.999999843675,-515739.3478319219,299.77834115262857,1.0218347750827053,103
1925000,7799.999999843202,-517844.49245274486,299.33011655130485,1.0268357258807945,103
1930000,7819.999999842729,-516539.19479669095,300.3310352373636,1.0250415915162367,103
1935000,7839.999999842256,-517072.6108997015,301.6296673054525,1.0274582500958902,103
1880000,7619.999999847459,-517131.4856815834,299.82047322491724,1.0248775943898667,--
1885000,7639.999999846986,-516866.3096676117,301.0597169711729,1.0254644638554755,105
1890000,7659.999999846513,-515601.2944581371,298.6372326487073,1.021629404146537,105
1895000,7679.99999984604,-517830.2511512176,301.4865033273658,1.0233375525631427,105
1900000,7699.999999845567,-517022.00498558,298.8339165109011,1.0252779680861153,105
1905000,7719.999999845094,-516280.14317550557,299.81159205439536,1.0281587961891747,104
1910000,7739.999999844621,-517664.86963389744,303.0395029189145,1.0248296902540566,104
1915000,7759.999999844148,-517065.5203123854,299.70724281872845,1.0235522881798018,104
1920000,7779.999999843675,-517148.29559826525,298.56700056650425,1.0221666908666038,104
1925000,7799.999999843202,-517348.13950897404,299.1275153630704,1.023287458443876,104
1930000,7819.999999842729,-516056.79032575246,303.9284108483689,1.025150901778306,104
1935000,7839.999999842256,-516614.45044283755,302.2504215149163,1.0255141170076645,104
1940000,7859.999999841783,-515742.0544636417,301.6769195395291,1.0228149779200915,104
1945000,7879.9999998413105,-517563.7416076462,302.2454277689489,1.0255587224321139,104
1950000,7899.9999998408375,-517532.91135793016,301.4162843087742,1.0308382457682292,104
1955000,7919.999999840365,-516617.2825653588,303.3540647170975,1.026047802214527,103
1960000,7939.999999839892,-516891.5433059002,305.2880355043669,1.0275050313618386,103
1965000,7959.999999839419,-516246.7964923233,298.3448572678196,1.0236582741581624,103
1970000,7979.999999838946,-516149.5782200787,302.18111087075397,1.0254625252832983,103
1975000,7999.999999838473,-516748.9337840297,302.877665766766,1.029508594650653,103
1980000,8019.999999838,-517141.3856604055,302.10617218670234,1.0229066762644416,103
1985000,8039.999999837527,-516920.25000999705,299.7412608710075,1.0206691957462315,103
1990000,8059.999999837054,-517584.2018364563,299.80939365911826,1.0219551300973406,103
1995000,8079.999999836581,-516671.12003775244,302.1997725270744,1.0241206369758105,103
2000000,8099.999999836108,-516627.41171585093,301.44534637535935,1.0257998739506096,103
2005000,8119.999999835635,-516884.5686774801,301.221984936548,1.0247550495203213,103
2005000,8119.999999835635,-516954.6978674026,301.34073202296986,1.0268101787781378,0
2010000,8139.999999835162,-516353.1198794646,301.4931677450116,1.0233165253754595,105
2015000,8159.999999834689,-517594.72788298083,300.87457832578974,1.0291465062552847,105
2020000,8179.999999834216,-517263.48876989563,298.47876538022194,1.02796837138773,105
2025000,8199.999999835562,-517063.18455328746,301.45892218199236,1.0260936944883727,105
2030000,8219.999999839636,-516829.53509803466,299.2458541987096,1.0233698210442645,104
2035000,8239.99999984371,-517210.1791565295,302.0380654294448,1.0247126197676426,104
2040000,8259.999999847785,-515995.9589146301,300.4905956439922,1.0298280095887054,104
2045000,8279.99999985186,-516219.46098993416,303.4151587667275,1.023420612735277,104
2050000,8299.999999855934,-517669.7421950493,297.8272914053901,1.0279088304129294,104
2055000,8319.999999860009,-516596.9039933784,302.58694279023604,1.0263452683778087,104
2060000,8339.999999864083,-518279.75978296716,299.53362430470844,1.0254953554644373,103
2065000,8359.999999868158,-517222.4482058126,303.4092201600825,1.025119328490937,103
2070000,8379.999999872232,-517818.0802611548,299.71025051073616,1.0270960664494846,103
2075000,8399.999999876307,-517407.7060998017,303.06863296737373,1.0284285657635694,103
2080000,8419.999999880381,-516913.5388049674,299.91927261915356,1.0254637381659004,103
2085000,8439.999999884456,-516925.5080779861,298.40921879438446,1.0256602777332524,103
2090000,8459.99999988853,-516523.8872927835,300.946175867751,1.021101720175267,103
2095000,8479.999999892605,-517308.3252512587,300.60718391734764,1.0267484258399289,103
2100000,8499.99999989668,-515732.840241767,301.5865069023594,1.0229916940771957,103
2105000,8519.999999900754,-518236.95851312485,299.92127742850903,1.0256541738374552,103
2110000,8539.999999904829,-516752.01439593243,297.98631199501824,1.0253299456399216,103
2115000,8559.999999908903,-517195.6228274368,302.85112299442824,1.0276760687711775,103
2065000,8359.999999868158,-516952.3303523774,301.1339882415187,1.024178321973061,--
2070000,8379.999999872232,-515512.3662793315,301.3593582341014,1.0238805655604095,105
2075000,8399.999999876307,-517244.20993766095,300.81283163273537,1.0277053949207384,105
2080000,8419.999999880381,-514956.04107279284,300.82972769512946,1.0250398198385933,104
2085000,8439.999999884456,-517363.8691351649,300.57540156264565,1.025804477866742,104
2090000,8459.99999988853,-517246.89378918754,300.08438485623554,1.0236148568920858,104
2095000,8479.999999892605,-517304.7867209178,302.07901366611827,1.0231344756415808,104
2100000,8499.99999989668,-516264.0525194388,299.31477796218775,1.0291193738664024,104
2105000,8519.999999900754,-517002.98374429345,300.0670785762953,1.0266654521681031,103
2110000,8539.999999904829,-515998.0617303683,298.300257253476,1.0297820971005913,103
2115000,8559.999999908903,-516791.4845317353,301.8493544891505,1.025858097710013,103
2120000,8579.999999912978,-517178.47523312364,303.71355448348294,1.0277339020436416,103
2125000,8599.999999917052,-517885.3633071468,300.12413810911045,1.0296115995709443,103
2130000,8619.999999921127,-516588.18289367855,302.3046641652082,1.0226791205476273,103
2135000,8639.999999925201,-516581.5487744778,300.79220048291523,1.0249017927056439,103
2140000,8659.999999929276,-516309.8737295021,299.57721169698414,1.0250236575761935,103
2145000,8679.99999993335,-517728.713178881,299.9127662707071,1.0285381351786425,103
2150000,8699.999999937425,-516236.3325034955,302.5160856487643,1.0252158686311739,103
2155000,8719.9999999415,-517210.5207129833,300.453719176861,1.027220113508391,103
2160000,8739.999999945574,-517888.61102204304,302.49798108347886,1.0270959203233316,102
2165000,8759.999999949649,-517036.3647103729,299.1847024135771,1.025405282366643,102
2170000,8779.999999953723,-516339.578515565,302.4732311712357,1.025311659160796,102
2175000,8799.999999957798,-516190.7698184261,300.9984071756463,1.026840045402757,102
2180000,8819.999999961872,-517411.7312192782,300.549138351288,1.0287268718585583,102
2130000,8619.999999921127,-515920.12323058234,299.7593471559528,1.0215416252567389,--
2135000,8639.999999925201,-518258.84455710347,301.0675788727156,1.028527231565304,101
2140000,8659.999999929276,-515381.9631145259,299.8902203231546,1.0243869840177298,101
2145000,8679.99999993335,-517308.2981238938,301.08705930268053,1.0275332420460865,101
2150000,8699.999999937425,-516637.1689285436,301.9484050352478,1.0283755566777615,100
2155000,8719.9999999415,-516498.5304772975,300.0348646478549,1.0224850001403092,100
2160000,8739.999999945574,-516207.69781097304,300.6226937932165,1.0275844664774336,100
2165000,8759.999999949649,-517036.87747315085,298.7351211373696,1.0257566985797202,100
2170000,8779.999999953723,-516021.82762446743,303.70028137010826,1.0225028963094804,99.9
2175000,8799.999999957798,-517169.1854267472,300.80350459863257,1.027152387190829,99.8
2180000,8819.999999961872,-516549.61479037814,300.2012435430053,1.0242116553653033,99.7
2185000,8839.999999965947,-516227.6557301425,301.13065462399356,1.024796311391208,99.7
2190000,8859.999999970021,-516097.63774661697,302.61890575726716,1.0254841232297776,99.6
2195000,8879.999999974096,-515922.5524601848,298.76320294573395,1.0235522761646723,99.5
2200000,8899.99999997817,-515583.450754812,301.28704780704703,1.0250432808577026,99.5
2190000,8859.999999970021,-517156.97137922375,299.7843422228971,1.0263331652809795,--
2195000,8879.999999974096,-516944.2208398592,301.3059177504998,1.0236255784409802,105
2200000,8899.99999997817,-516767.69957085093,302.0768129595604,1.0306010385980313,105
2205000,8919.999999982245,-518070.99345599394,298.5876734592223,1.0289283157825109,104
2210000,8939.99999998632,-516589.7523059903,301.66437104666005,1.0223561684700277,104
2215000,8959.999999990394,-516406.53200290864,301.4863679253316,1.0243520033985425,104
2220000,8979.999999994468,-517679.4027849727,299.69920568736103,1.0256780362319171,104
2225000,8999.999999998543,-517797.3926021836,301.74741340083267,1.024454046397364,104
2230000,9020.000000002618,-516314.8737297326,299.46183044920673,1.022452377641455,103
2235000,9040.000000006692,-517016.29050355265,296.7045712296463,1.0236611830949591,103
2240000,9060.000000010767,-516318.1065133454,302.1588574011106,1.0274489416960726,103
2245000,9080.000000014841,-517142.73359358776,299.27718624811206,1.0239640510726922,103
2250000,9100.000000018916,-516776.9021749678,301.1907237355065,1.0312673355726172,103
2255000,9120.00000002299,-516547.31587609067,303.38735068091324,1.0285130717940851,103
2260000,9140.000000027065,-516415.0848392651,300.2340930749995,1.0279820713199472,103
2265000,9160.00000003114,-517588.57169069676,300.9030284740006,1.0282635226114893,103
2270000,9180.000000035214,-517461.2203452487,301.00644888489614,1.0247780372034783,103
2275000,9200.000000039288,-517256.20324168727,303.15886493495225,1.025627449046987,103
2280000,9220.000000043363,-517028.8225555937,301.56188414146555,1.026549535491605,103
2285000,9240.000000047437,-516910.9927978378,301.75342961367994,1.023277893971387,103
2290000,9260.000000051512,-517155.59385437565,299.4082839942042,1.0274486924295552,103
2295000,9280.000000055586,-515826.9780691373,302.0041136741582,1.0266276960476957,103
2255000,9120.00000002299,-516619.39986895444,300.79789152484165,1.0245703890399709,--
2260000,9140.000000027065,-514895.9870880053,299.97660960241706,1.0261134822459348,106
2265000,9160.00000003114,-516669.44178441004,301.3954638410146,1.0230913754385114,105
2270000,9180.000000035214,-517591.551656822,302.15594555138955,1.0245825726751385,105
2275000,9200.000000039288,-517627.8765866377,300.0585695725157,1.0262493761821327,104
2280000,9220.000000043363,-516107.2875037447,300.2706396610046,1.0239137449592635,104
2285000,9240.000000047437,-517242.31838907884,300.5077047181817,1.027239308464161,104
2290000,9260.000000051512,-517179.00279929093,303.5243448635206,1.0239741051558866,104
2295000,9280.000000055586,-517827.5039162773,302.43246371866246,1.0272198290757606,104
2300000,9300.000000059661,-515257.3527777768,303.53800028002996,1.0286535473522287,103
2305000,9320.000000063736,-516921.51393029396,301.12723577041356,1.0261799636290951,103
2310000,9340.00000006781,-517222.63219406107,298.69339428634754,1.0287022849374334,103
2315000,9360.000000071885,-516965.3294890763,301.15588697855065,1.0231340168391796,103
2320000,9380.00000007596,-516089.6839211255,302.6487180631556,1.0263281418343497,103
2325000,9400.000000080034,-516871.25560441427,298.5472648618519,1.0329761853363353,103
2315000,9360.000000071885,-517441.9471290582,301.9623060288955,1.0244043349035705,0
2320000,9380.00000007596,-516839.95758673083,299.9919793898634,1.0246569758682271,106
2325000,9400.000000080034,-516767.3625264445,302.31439236809535,1.0269179625948897,106
2330000,9420.000000084108,-516250.2911262945,300.7620851410083,1.026576368904765,105
2335000,9440.000000088183,-515996.07474594563,302.36083675444377,1.0251096251468925,105
2340000,9460.000000092257,-517501.8263993603,301.9438009534999,1.0278946009926027,104
2345000,9480.000000096332,-516878.4133647296,299.36483593807037,1.0234317411215197,104
2350000,9500.000000100406,-516796.9363043129,300.01676690278873,1.02539883811105,104
2355000,9520.000000104481,-516080.9874453,301.1692078862256,1.0266919190178452,104
2360000,9540.000000108555,-515969.6560948752,298.0715828467906,1.0235368829376288,104
2365000,9560.00000011263,-517930.2444808539,301.65453898934663,1.0245421700057455,104
2370000,9580.000000116705,-517337.5743399358,301.7926830785882,1.024902570873108,103
2375000,9600.000000120779,-516365.7768460235,300.3216719969227,1.0228657122888276,103
2380000,9620.000000124854,-518029.1158832896,302.6326542077141,1.0294244706105697,103
2385000,9640.000000128928,-516309.7276593875,301.0603829200331,1.024934295990928,103
2390000,9660.000000133003,-517368.18224148685,304.1769229235197,1.0268438446780104,103
2395000,9680.000000137077,-518429.9280279209,301.009263296697,1.0290172701491986,103
2400000,9700.000000141152,-516359.93040121766,301.57511473647764,1.0263919965160502,103
2405000,9720.000000145226,-516494.9392674456,298.1472147052409,1.025931603798893,103
2410000,9740.0000001493,-516152.8813163813,300.94453514262744,1.0235561099895778,103
2415000,9760.000000153375,-515901.4941215941,298.68110204414756,1.0262507218337622,103
2420000,9780.00000015745,-516231.1140704155,299.4613410608783,1.0249160449671395,103
2425000,9800.000000161524,-515844.1336529879,302.34732978571697,1.0257673961929055,103
2430000,9820.000000165599,-516367.12999509904,300.69767951963536,1.0242501998861495,103
2380000,9620.000000124854,-516104.1234721644,299.3705072038773,1.0238709794091005,0
2385000,9640.000000128928,-517689.3225893646,305.296344645266,1.0286976846029796,105
2390000,9660.000000133003,-516470.3237778186,302.1298164828962,1.0285454748822362,105
2395000,9680.000000137077,-516956.6913188626,300.0926214631287,1.0242119255449238,105
2400000,9700.000000141152,-516152.1683429505,301.3195641803585,1.027498431025541,105
2405000,9720.000000145226,-516597.0493057042,302.0435160679983,1.022939458706817,105
2410000,9740.0000001493,-516901.81322499807,299.6131734510367,1.0283107282624082,104
2415000,9760.000000153375,-516037.9536198806,300.3011692667148,1.0206554808760702,104
2420000,9780.00000015745,-516562.9728345622,298.67124023216905,1.0243277506671202,104
2425000,9800.000000161524,-516625.8343274831,302.4598942695217,1.0274179019029128,104
2430000,9820.000000165599,-517941.740849175,302.3693820225076,1.0251804489649305,104
2435000,9840.000000169674,-515979.85487377155,301.1262619234127,1.020540060486537,104
2440000,9860.000000173748,-516724.96049073385,298.75618738760414,1.0268840498986942,104
2445000,9880.000000177823,-517610.47133050766,301.2273155168986,1.02750924130861,103
2450000,9900.000000181897,-517630.0747777568,301.95224370075834,1.0220716538146808,103
2455000,9920.000000185972,-516642.4794194007,301.8301411316571,1.0285279890527472,103
2440000,9860.000000173748,-516803.0319114602,302.0478894225942,1.0254622557730284,0
2445000,9880.000000177823,-517606.0806022973,302.0340065942061,1.031996764044268,106
2450000,9900.000000181897,-516541.10191584565,300.8411766191708,1.023760149689073,106
2455000,9920.000000185972,-517350.0805802222,300.407331461403,1.024499763425729,105
2460000,9940.000000190046,-516001.82756722206,302.89279638022407,1.0262415313222546,105
2465000,9960.00000019412,-517968.95210156846,302.3838417066132,1.026631924261221,105
2470000,9980.000000198195,-516075.33068875596,302.6832633392594,1.02299643317413,105
2475000,10000.00000020227,-516864.38629955566,298.5558142638173,1.0302686003591495,104
2480000,10020.000000206344,-516853.98005029396,301.1314273607665,1.027425668200725,104
2485000,10040.000000210419,-517629.28456473583,299.185933874784,1.0266820410836275,104
2490000,10060.000000214493,-517699.03183648875,298.5379011794122,1.023147378891124,104
2495000,10080.000000218568,-516468.8903139003,300.5657752994471,1.0265882737911871,104
2500000,10100.000000222642,-515574.0441367312,302.33277412301754,1.027348218974783,104
2505000,10120.000000226717,-517362.23204474594,299.80983456284343,1.026750972911808,104
2510000,10140.000000230792,-517179.5670690767,300.552521207673,1.0219840953788257,104
2515000,10160.000000234866,-517125.1529470973,300.4471859731575,1.0296035885261827,104
2520000,10180.00000023894,-517930.8502185005,303.2357650988777,1.0277298966765,104
2525000,10200.000000243015,-515677.7087383345,298.1929334515822,1.02094872637394,104
2530000,10220.00000024709,-515090.5018156562,299.2557747375537,1.0224322793814145,104
2535000,10240.000000251164,-517402.38488441054,302.1461451787733,1.0250327457758999,103
2540000,10260.000000255239,-515871.5406267182,302.4776762001299,1.027191254342481,103
2545000,10280.000000259313,-516408.58296837425,301.8924028379415,1.0239932780593337,103
2550000,10300.000000263388,-516348.8971809128,299.98653124088963,1.024641072133595,103
2555000,10320.000000267462,-516813.01958579477,301.01209776425674,1.030031600112742,103
2560000,10340.000000271537,-516349.80876900814,300.75080742763714,1.0238452533095537,103
2565000,10360.000000275611,-516659.42328266473,299.8856634920127,1.0273058935190413,103
2565000,10360.000000275611,-517662.706716425,300.7060447806261,1.0261170538751738,--
2570000,10380.000000279686,-517474.9124784232,299.53252912502984,1.0292099244871848,106
2575000,10400.00000028376,-516385.14017035183,300.60960212761825,1.0280859602156747,106
2580000,10420.000000287835,-515509.8478018211,301.38973452124515,1.0244111514910577,105
2585000,10440.00000029191,-516807.94509634376,300.6216372073619,1.025912040310415,105
2590000,10460.000000295984,-517712.96501681325,301.89760097577,1.0286509009946865,105
2595000,10480.000000300059,-517105.07843915396,300.87452920244374,1.0256018357846381,104
2600000,10500.000000304133,-515977.10807878966,301.63751894162317,1.026166050054392,104
2605000,10520.000000308208,-517727.2396897313,300.88745229344147,1.026580055744402,104
2610000,10540.000000312282,-515334.848230449,301.5751274281107,1.0218215265841215,104
2615000,10560.000000316357,-516154.97863999195,299.9679145149383,1.0234255186637262,104
2620000,10580.000000320431,-516858.6631434348,298.28948485817006,1.0267233660220616,104
2625000,10600.000000324506,-517101.1122257856,303.7827969167578,1.0264420140922368,103
2630000,10620.00000032858,-517873.6764597411,302.25245905177627,1.028116591861917,103
2635000,10640.000000332655,-516606.42305208417,299.8642950446167,1.0283887776611538,103
2640000,10660.00000033673,-515965.04022462084,299.80839323732994,1.02938393323066,103
2645000,10680.000000340804,-516923.7787063718,300.47197837131216,1.0262570528184627,103
2650000,10700.000000344879,-515740.90442639706,301.01439820121476,1.0259083086792529,103
2655000,10720.000000348953,-517449.15967514156,303.06046835056327,1.0262137854813214,103
2660000,10740.000000353028,-516325.5933093305,301.1479166821504,1.0245954448492542,103
2665000,10760.000000357102,-516613.0441911139,299.1158316473951,1.0256349572019166,103
2670000,10780.000000361177,-516474.21714241337,300.5901111412214,1.0280189677363676,103
2675000,10800.000000365251,-515662.6081264927,302.49231540618734,1.0212544746672838,103
2680000,10820.000000369326,-517433.296768663,302.20799094978855,1.024785833618261,103
2685000,10840.0000003734,-515599.47157844855,300.5485989623522,1.0253105611129323,103
2690000,10860.000000377475,-515867.64704074664,299.7510925287483,1.0240815137139412,103
2695000,10880.00000038155,-517557.434695028,299.19226997977205,1.0278461287119631,103
2690000,10860.000000377475,-515822.9666940607,301.37928001435773,1.0244683800791397,--
2695000,10880.00000038155,-517206.65367276315,301.80883870224704,1.0295425243680467,105
2700000,10900.000000385624,-517249.7272728896,299.9839417537305,1.02481282771179,104
2705000,10920.000000389698,-516856.4386468269,297.62684682174284,1.0275097522454284,103
2710000,10940.000000393773,-516143.7387965631,303.4350831760745,1.0239471134745606,103
2715000,10960.000000397848,-516785.26456329133,300.39246544744066,1.022878707966254,103
2720000,10980.000000401922,-515921.1947956863,304.6265717692919,1.0252818155881385,103
2725000,11000.000000405997,-517153.93277392304,302.32977997502246,1.028119428620257,103
2730000,11020.000000410071,-517009.0570274745,301.4057618632371,1.0248832497144196,102
2735000,11040.000000414146,-517508.6406951053,302.5935650297171,1.0283856315186073,102
2740000,11060.00000041822,-516941.41356971045,299.9106016102154,1.0231264372813282,102
2745000,11080.000000422295,-517685.34085134324,297.70723255680707,1.0278473202895408,102
2750000,11100.00000042637,-516641.7803604009,303.2807993697474,1.0226116510737693,102
2755000,11120.000000430444,-516446.4900699109,300.3026908454827,1.0256338177568936,102
2760000,11140.000000434518,-515777.0161942956,302.97782013934784,1.0265177350392722,102
2765000,11160.000000438593,-517142.96200983576,298.9716350300644,1.0249996265741594,102
2755000,11120.000000430444,-518250.72670977213,301.3202077315883,1.0297301464119575,0
2760000,11140.000000434518,-516596.7607068615,299.46704846875053,1.0247735785810956,105
2765000,11160.000000438593,-515860.73727697274,301.2645459240196,1.026020679119042,105
2770000,11180.000000442667,-517133.4278729516,302.8734708247581,1.0259822655006035,104
2775000,11200.000000446742,-517695.7439869414,301.17477332427893,1.027832948355255,104
2780000,11220.000000450817,-517061.3719447227,301.191392010372,1.0244864298470318,104
2785000,11240.000000454891,-517377.23372569587,301.91702816297715,1.0292885040842894,104
2790000,11260.000000458966,-517268.26529851276,301.81968463357833,1.0242175050538855,104
2795000,11280.00000046304,-517395.6860778034,300.66098940314555,1.0252126047182115,103
2800000,11300.000000467115,-516914.99805004103,298.85917743660514,1.0244963373550435,103
2805000,11320.00000047119,-516878.09959463426,300.47630545701264,1.026024260941771,103
2810000,11340.000000475264,-515787.2531980688,303.0917727753972,1.0239615466685001,103
2815000,11360.000000479338,-517150.6548759579,301.4871195223521,1.0254544527908267,103
2820000,11380.000000483413,-516193.31421632273,300.30411327769286,1.0266317036787742,103
2825000,11400.000000487487,-515106.7144857717,300.4879847309557,1.0295042815076185,103
2830000,11420.000000491562,-516576.14066122053,300.4556966602632,1.0215994980818697,103
2815000,11360.000000479338,-517254.10790784564,299.4989982176126,1.0245575010134649,--
2820000,11380.000000483413,-517090.8724374261,300.84905327753256,1.0268569567466248,106
2825000,11400.000000487487,-516841.5872432259,300.87563985793537,1.0250511832624967,106
2830000,11420.000000491562,-517348.70864249114,302.12512446772496,1.0293407419801794,105
2835000,11440.000000495636,-517159.24223946896,300.92439830774833,1.0249906477983801,105
2840000,11460.000000499711,-518173.2415068259,299.0138982520595,1.026567062820135,105
2845000,11480.000000503785,-515962.9200908472,299.7038027968228,1.0271661946692006,104
2850000,11500.00000050786,-516687.3528483289,301.84403892164187,1.024395732165572,104
2855000,11520.000000511935,-517087.3995612629,301.7934896740221,1.0270103611273629,104
2860000,11540.00000051601,-516967.9691406817,304.2726390889158,1.0233297610134409,104
2865000,11560.000000520084,-517016.9383670059,301.3555775979802,1.025041702161213,104
2870000,11580.000000524158,-516188.04361139634,301.0692584996221,1.021659520253387,104
2875000,11600.000000528233,-516584.53479127586,301.1646727059803,1.027161377973905,104
2880000,11620.000000532307,-516971.2483564948,303.66541924362775,1.029331487455099,104
2885000,11640.000000536382,-517422.0021467174,301.51743809367434,1.0248341858262293,104
2890000,11660.000000540456,-517546.05361607694,300.8637512617651,1.027297155661713,103
2895000,11680.00000054453,-517347.28737574955,298.68930050390975,1.0251811905759294,103
2900000,11700.000000548605,-517934.0456082155,302.25898280107384,1.0270707818436944,103
2905000,11720.00000055268,-516223.94937819545,301.1646571439649,1.0197488081263695,103
2910000,11740.000000556754,-518020.4653432793,299.4793081573425,1.0247843768926383,103
2915000,11760.000000560829,-517303.8162920652,301.83996206103694,1.0240467277372622,103
2920000,11780.000000564904,-516253.9004597068,298.4798722031384,1.023059754165333,103
2925000,11800.000000568978,-517970.3065528481,304.6135487615887,1.0220818551491706,103
2930000,11820.000000573053,-517746.94637803757,303.7083834182483,1.0256765800781908,103
2935000,11840.000000577127,-516932.9759423698,302.0736726567731,1.0266854383798545,103
2940000,11860.000000581202,-516764.0900556117,301.84775381155475,1.0269148402841213,103
2945000,11880.000000585276,-517150.097687609,300.1332804798413,1.0272800774900634,103
2940000,11860.000000581202,-516674.88152321917,300.4513374324457,1.024764766554811,--
2945000,11880.000000585276,-516627.5709707064,299.9969879371813,1.0229159810760189,106
2950000,11900.00000058935,-517242.06725413026,301.81171106312655,1.0311686062694705,106
2955000,11920.000000593425,-517097.5348278184,298.3140439306512,1.0244835923262603,106
2960000,11940.0000005975,-517614.39373948006,299.5818860067424,1.0210495651074016,105
2965000,11960.000000601574,-516854.74313062616,301.6650305213738,1.025810490391841,105
2970000,11980.000000605649,-515854.85660349834,298.3259428986341,1.0225043199375532,105
2975000,12000.000000609723,-516377.1192015775,299.3329516692903,1.0285378746017402,104
2980000,12020.000000613798,-517137.0587932742,301.7209188560131,1.0234829503464737,104
2985000,12040.000000617873,-517340.7376805248,302.7371765311009,1.030469641316676,104
2990000,12060.000000621947,-517600.63889436563,299.9817433183043,1.0254731009922293,104
2995000,12080.000000626022,-516674.85114177736,299.2384709097941,1.0253801621254015,104
3000000,12100.000000630096,-516938.28587763594,300.22450842778613,1.029085396056773,104
3005000,12120.00000063417,-517323.55331810843,299.55203020598583,1.0234463009667998,104
3010000,12140.000000638245,-516631.2134284207,299.7195488010815,1.0229573080543712,104
3015000,12160.00000064232,-515947.73851824226,299.702335628405,1.0254313265617923,104
3020000,12180.000000646394,-517560.1506297721,299.08694865315806,1.030083502536214,104
3025000,12200.000000650469,-517732.8418934813,297.7522947776669,1.027000797848357,104
3030000,12220.000000654543,-516387.33102196385,299.3140496724198,1.0231916496321087,103
3035000,12240.000000658618,-516891.98768324195,299.41976091841957,1.028166117688209,103
3040000,12260.000000662692,-514947.7119600689,298.330025817981,1.022142226144172,103
3045000,12280.000000666767,-517031.4742123969,300.41478295834594,1.0257180723847332,103
3050000,12300.000000670841,-517221.7052456392,300.8276015525535,1.0270302934770905,103
3055000,12320.000000674916,-517060.4894946234,301.0789221012801,1.0215261275531011,103
3005000,12120.00000063417,-515837.0996508214,301.4455022283391,1.024619797012191,--
3010000,12140.000000638245,-516169.4328776377,299.7983392780875,1.0284058700572725,105
3015000,12160.00000064232,-516477.0861478145,301.35631117791314,1.0272265341910711,105
3020000,12180.000000646394,-516270.99290380906,299.5747206759902,1.025023509700091,105
3025000,12200.000000650469,-517020.40701824194,301.1337998022775,1.024332047911284,104
3030000,12220.000000654543,-516654.883047814,300.24022469112737,1.0207687007863169,104
3035000,12240.000000658618,-518820.8154949695,297.5405594207093,1.031037615819831,104
3040000,12260.000000662692,-516502.4155116612,298.7555563389186,1.0261335738398967,104
3045000,12280.000000666767,-517346.39102775673,298.5744893999877,1.0212681351613178,104
3050000,12300.000000670841,-515926.59210435813,302.8393639379192,1.0237594272536126,103
3055000,12320.000000674916,-517496.7110468652,304.1471899549415,1.0244918696413505,103
3060000,12340.00000067899,-516376.4217736069,304.7769252826068,1.0328463911514416,103
3065000,12360.000000683065,-517753.42784382845,301.2860914220437,1.0263491190833283,103
3070000,12380.00000068714,-516588.80746961315,300.2320025090924,1.024767261336229,103
3075000,12400.000000691214,-517046.9881182094,300.6704575119049,1.030090818310463,103
3080000,12420.000000695289,-517147.53320273105,299.3995822399342,1.0250219445425375,103
3085000,12440.000000699363,-516865.3534844052,303.9843328989902,1.0262982515049541,103
3090000,12460.000000703438,-516882.32662954903,299.6510871328005,1.0282986035157484,103
3095000,12480.000000707512,-517065.77016177215,300.8464359584879,1.0281911132457948,103
3100000,12500.000000711587,-517275.06685628253,299.92390294632855,1.02487637517841,103
3105000,12520.000000715661,-515705.15694737085,299.5964725298277,1.0204589864315246,103
3110000,12540.000000719736,-517606.77216655994,301.5126076801926,1.0321717795330019,103
3115000,12560.00000072381,-517916.7820520147,298.23685800116135,1.0279338866101926,103
3065000,12360.000000683065,-517188.08605796285,302.3521109268529,1.029356225657356,--
3070000,12380.00000068714,-516519.0357245854,302.4375797833863,1.0205033469679143,106
3075000,12400.000000691214,-517480.3001460172,301.1310667894488,1.0242058112999026,106
3080000,12420.000000695289,-516945.42604975635,299.5634716665769,1.0248159246005306,105
3085000,12440.000000699363,-516856.268015011,300.7843254051251,1.0298187649712662,105
3090000,12460.000000703438,-517034.2029500683,302.5706895138531,1.0237507527912921,105
3095000,12480.000000707512,-516886.2125280262,301.2663584182668,1.025280125293587,104
3100000,12500.000000711587,-516783.4457886219,299.5968379108834,1.0290830137146911,104
3105000,12520.000000715661,-516729.0768072535,297.99427895309225,1.0229908440216053,104
3110000,12540.000000719736,-517101.8394344321,300.7808273068611,1.0258582824384286,104
3115000,12560.00000072381,-515629.81063990993,299.64056493967297,1.029083925889447,104
3120000,12580.000000727885,-517883.21355939656,303.1728873867009,1.0276292987463633,104
3125000,12600.00000073196,-517426.1921496566,301.7522008094801,1.026316605959973,104
3130000,12620.000000736034,-517183.8631702715,297.4725515831113,1.0288119483431073,103
3135000,12640.000000740109,-516641.95634119445,301.76247770927137,1.0231924756194717,103
3140000,12660.000000744183,-515736.40862959786,301.54791860286895,1.021995515547684,103
3145000,12680.000000748258,-516015.71525115403,300.77861859542116,1.02674020750755,103
3150000,12700.000000752332,-516008.6348532485,301.1278928322506,1.0237147809045402,103
3155000,12720.000000756407,-517280.8443589029,296.79206851370094,1.0265943278511898,103
3160000,12740.000000760481,-516754.7325425686,302.32834527548914,1.0239723319495024,103
3165000,12760.000000764556,-516493.2739858879,305.64429919227456,1.0256063907942676,103
3170000,12780.00000076863,-517318.62467216933,305.14099954875667,1.027285047682506,103
3175000,12800.000000772705,-516261.71822426375,299.2799428197976,1.0234043798118544,103
3180000,12820.00000077678,-517343.6377040264,299.72912741924773,1.0257826696953352,103
3185000,12840.000000780854,-516648.81772890105,302.0660363832709,1.0219351621702344,103
3190000,12860.000000784928,-515758.49078302993,300.48900937904745,1.0264366150449273,103
3190000,12860.000000784928,-517376.67596526816,301.4211826510958,1.027868121312376,--
3195000,12880.000000789003,-516271.64133295044,301.96572767435583,1.026611518043038,106
3200000,12900.000000793078,-517234.0252549297,301.36608712700576,1.0271720830232862,105
3205000,12920.000000797152,-517541.88634483283,300.12582303032065,1.0250635650021682,105
3210000,12940.000000801227,-516277.8687620864,300.8797292275453,1.027908768524745,105
3215000,12960.000000805301,-516868.33853533445,301.2124704755007,1.0269190393517453,105
3220000,12980.000000809376,-517229.6672906119,302.05280314193527,1.0255941838277016,104
3225000,13000.00000081345,-515624.7531660581,301.13196478360584,1.0219911713728904,104
3230000,13020.000000817525,-516676.42786527774,304.37141723754,1.0241388123718698,104
3235000,13040.0000008216,-516536.63246183237,301.93632337006846,1.0268050212131952,104
3240000,13060.000000825674,-515524.8789837081,300.24574333067,1.0232705925760108,104
3245000,13080.000000829748,-516585.661299831,301.56237098190877,1.0249161713442554,104
3250000,13100.000000833823,-516424.9195232531,300.2603857616173,1.0263680661230323,103
3255000,13120.000000837897,-517177.4627318848,303.07691761795206,1.0269352970353456,103
3260000,13140.000000841972,-517202.15597711457,300.73944383148984,1.0283887750498688,103
3265000,13160.000000846047,-516944.3591840463,299.7682471436689,1.0258805375291253,103
3270000,13180.000000850121,-517994.8838222646,300.22538384816585,1.0294766489365408,103
3275000,13200.000000854196,-517144.89014229923,299.7108083028097,1.0264950866959608,103
3280000,13220.00000085827,-516634.9705674278,301.4414302279668,1.02416645436394,103
3285000,13240.000000862345,-517417.775079004,304.5486656524808,1.0259215249401321,103
3290000,13260.00000086642,-516697.19584103674,303.1020389871604,1.0251418661244258,103
3295000,13280.000000870494,-516252.5056247944,299.50374782508715,1.0258833604206066,103
3255000,13120.000000837897,-517779.93506597774,302.4482559351411,1.0248102526253287,--
3260000,13140.000000841972,-516371.25579287764,300.35838431645936,1.0229965511199084,106
3265000,13160.000000846047,-518311.84999778983,300.37149789318937,1.0270948884907092,105
3270000,13180.000000850121,-516989.55953001464,299.24004809652155,1.0276269143786863,105
3275000,13200.000000854196,-517309.01768328645,299.5227107073599,1.0247192121703412,104
3280000,13220.00000085827,-517318.0532462497,300.9718082828739,1.0260258759760779,104
3285000,13240.000000862345,-516784.9762481556,301.2296647146802,1.025589895091323,104
3290000,13260.00000086642,-517081.7015607236,303.2133159730132,1.0215800043535934,104
3295000,13280.000000870494,-516503.42252169154,302.81272606276025,1.0264926811597213,104
3300000,13300.000000874568,-517113.61016927427,300.82148283966296,1.029583881363988,104
3305000,13320.000000878643,-516162.6438549517,297.826146752096,1.026629677553707,104
3310000,13340.000000882717,-517479.3584927791,302.059620600275,1.026560942131028,104
3315000,13360.000000886792,-515323.53956874623,299.3507474766671,1.0266703078700756,103
3320000,13380.000000890866,-517871.6449778953,301.3833114943889,1.0275844020463412,103
3325000,13400.000000894941,-518243.4051383047,299.6659051772895,1.028973243527466,103
3330000,13420.000000899016,-516213.94232992106,301.3479193197277,1.0243829936347115,103
3335000,13440.00000090309,-516353.9286514744,297.95925448865484,1.0312531726333718,103
3340000,13460.000000907165,-517583.11390635,302.69339212738396,1.0278121604285553,103
3345000,13480.00000091124,-515745.2755331225,300.5399056875403,1.0265163324044824,103
3350000,13500.000000915314,-517259.13598461356,301.1312882775541,1.0270593793013703,103
3355000,13520.000000919388,-516559.00566113903,299.48136618014655,1.023435437694044,103
3360000,13540.000000923463,-516556.8076589464,298.3035508431587,1.0281623264109816,103
3365000,13560.000000927537,-516701.27618931513,298.57637174755183,1.0221247512688105,103
3370000,13580.000000931612,-516756.77367886226,299.7408687279296,1.0268696965718502,103
3375000,13600.000000935686,-516732.1787923344,303.43090769169,1.0322692253437675,103
3380000,13620.00000093976,-516751.3706604366,297.2886123813506,1.0260870028880849,0
3385000,13640.000000943835,-517867.86269788747,300.9531766751496,1.0306275559249756,106
3390000,13660.00000094791,-516569.71750654443,302.4329800966109,1.0256593045991167,105
3395000,13680.000000951984,-517851.8889746093,302.16222160079417,1.0293544018203886,105
3400000,13700.000000956059,-517220.44251216226,300.5948186518899,1.0225642272947817,105
3405000,13720.000000960134,-518122.1729529856,301.05793915448015,1.02952741997567,104
3410000,13740.000000964208,-517541.3980213378,301.8184885884322,1.0250750784829203,104
3415000,13760.000000968283,-516359.84656894277,302.6029668709341,1.0245805666984278,104
3420000,13780.000000972357,-516840.12743919436,300.99290897806287,1.0269964992948961,104
3425000,13800.000000976432,-516592.9219491263,301.036376614744,1.0247823071440099,104
3430000,13820.000000980506,-516736.1481054409,301.7438647468727,1.0242959269607772,104
3435000,13840.00000098458,-516623.62798793777,302.43793218975907,1.0268415495561853,104
3440000,13860.000000988655,-517373.0207691621,302.9415936699381,1.0242011881046618,103
3445000,13880.00000099273,-516698.52224559896,301.47333214156134,1.02055824226653,103
3450000,13900.000000996804,-515225.83568079094,302.41646246575056,1.021014781426313,103
3455000,13920.000001000879,-516636.386352296,298.45527943252904,1.0233086267597042,103
3460000,13940.000001004953,-514386.8804129285,300.53758502468156,1.0229351150994268,103
3465000,13960.000001009028,-517215.1872049521,302.24570549880053,1.0243587289867668,103
3470000,13980.000001013103,-516502.1894453552,301.42898710812267,1.0226765578397086,103
3475000,14000.000001017177,-517078.2249202889,299.86443268562164,1.0305648541393893,103
3480000,14020.000001021252,-518494.00607040105,299.195603810031,1.0232747278487975,103
3485000,14040.000001025326,-515984.8465058578,302.6553584587171,1.0252269123536697,103
3490000,14060.0000010294,-516982.11638056114,302.5458519910548,1.0287653313834433,103
3495000,14080.000001033475,-517238.0957484739,303.3397302401404,1.0227955957603028,103
3500000,14100.00000103755,-515781.0212606606,301.87028345080273,1.0260120756482876,103
3505000,14120.000001041624,-517204.8506577548,300.7587123059622,1.0286217009218646,0
3510000,14140.000001045699,-516727.50822158996,300.3324174260494,1.0259606630339078,104
3515000,14160.000001049773,-515295.89558182284,300.75257998986154,1.0218522488843649,103
3520000,14180.000001053848,-516498.6298002382,303.0822143397998,1.0235445952045763,103
3525000,14200.000001057922,-518473.0179950949,301.52328033866064,1.0258062829587111,103
3530000,14220.000001061997,-516489.0904866371,301.87812681909355,1.0274715230855596,103
3535000,14240.000001066071,-516716.0788917702,302.39192972557646,1.026174604213805,103
3540000,14260.000001070146,-518458.67021364626,302.51726088401915,1.0295108472435104,102
3545000,14280.00000107422,-517541.22317601275,300.5909014218234,1.0216909568084522,102
3550000,14300.000001078295,-517191.5757535752,303.11873624771675,1.0231708871458793,102
3555000,14320.00000108237,-517502.5390474065,300.83201523935475,1.0290699637733254,102
3560000,14340.000001086444,-518400.8900864492,302.95682862820735,1.0331276836889272,102
3565000,14360.000001090519,-516606.30115818,302.5703751068986,1.0267313351095242,102
3570000,14380.000001094593,-516847.79363897396,301.0298702805411,1.0307034043683618,102
3575000,14400.000001098668,-516329.40765986545,298.8782024020264,1.0239453066875441,102
3580000,14420.000001102742,-517774.00657875533,301.3602533417346,1.0269823872905792,102
3585000,14440.000001106817,-517590.2858934626,301.1703258290232,1.0258149818713411,102
3590000,14460.000001110891,-516701.3944638667,302.39280795565776,1.0279120225127916,102
3595000,14480.000001114966,-516722.8164173558,299.9242805503403,1.0214534303453933,102
3600000,14500.00000111904,-518594.4801824542,301.8888840854374,1.027495411466463,102
3605000,14520.000001123115,-516757.2391752787,302.0211970609064,1.0194485130894113,102
3610000,14540.00000112719,-517116.89281034656,300.65601554028547,1.0279975685553908,102
3615000,14560.000001131264,-516352.41604011017,301.26924275555075,1.0222672272458357,102
3565000,14360.000001090519,-518190.9097894805,302.23995151066595,1.0287814484043896,0
3570000,14380.000001094593,-516058.2393355088,300.7323166548467,1.0251222923631713,106
3575000,14400.000001098668,-518146.44257716136,298.2563279195391,1.028731797555458,105
3580000,14420.000001102742,-517519.1345663462,299.99335981207025,1.027859587281289,105
3585000,14440.000001106817,-516249.84049110557,297.57871317594385,1.0245481409736201,105
3590000,14460.000001110891,-517293.92931614537,301.55099815916986,1.0208857580284536,105
3595000,14480.000001114966,-517078.9852990166,299.5187986441564,1.0234707405807764,104
3600000,14500.00000111904,-517535.52025132277,299.8058633214295,1.028914315642098,104
3605000,14520.000001123115,-515737.72962019616,299.5720849329486,1.022066271537129,104
3610000,14540.00000112719,-516398.3718008073,301.09947065413326,1.0230839843514081,104
3615000,14560.000001131264,-516522.14735103794,299.4295676718624,1.026650597528816,104
3620000,14580.000001135339,-516639.5623211588,300.3094320042466,1.0240234043211287,104
3625000,14600.000001139413,-517691.5927044591,302.05633628423175,1.0277426045535873,103
3630000,14620.000001143488,-516277.55198493064,300.8716878005731,1.0239708130731489,103
3635000,14640.000001147562,-516912.5171000126,301.4194639210879,1.0262282146633859,103
3640000,14660.000001151637,-516552.5552333477,301.45707351690413,1.025643069187825,103
3645000,14680.000001155711,-516893.0300251974,303.2088061026076,1.0256206169486706,103
3650000,14700.000001159786,-517993.92281000246,303.09504879017027,1.0249760144398925,103
3655000,14720.00000116386,-516973.6630904216,303.6576604983341,1.024694421913903,103
3660000,14740.000001167935,-516831.76137207425,299.3412473539877,1.0314156166192832,103
3665000,14760.00000117201,-515816.8581947284,301.2783718228569,1.0243446355102828,103
3670000,14780.000001176084,-516562.065874849,299.8798256980805,1.02321655510049,103
3675000,14800.000001180159,-517147.1017732527,300.2067004792129,1.0212124589086482,103
3680000,14820.000001184233,-518392.9782176814,300.7609451064612,1.0278463036747427,103
3630000,14620.000001143488,-516147.9632712535,301.9360186865704,1.022977665431529,--
3635000,14640.000001147562,-517070.94070919603,301.64208883324835,1.021194149029377,104
3640000,14660.000001151637,-518771.57770886505,301.15754589219654,1.0266858308527977,104
3645000,14680.000001155711,-517797.6381469278,301.83685670455895,1.0282571116675947,103
3650000,14700.000001159786,-516576.77899556793,299.9818568841244,1.0294613478852046,103
3655000,14720.00000116386,-517002.0614288349,299.9871736982229,1.0258555208688442,103
3660000,14740.000001167935,-516686.1314652907,302.132536849624,1.0254747596393003,102
3665000,14760.00000117201,-516106.34904472553,298.62070305629493,1.024567217942994,102
3670000,14780.000001176084,-516776.69213930494,300.34090043372464,1.0243102097509555,102
3675000,14800.000001180159,-516628.85894692526,299.85389599484927,1.0276574324215555,102
3680000,14820.000001184233,-517973.942526286,300.1546448988586,1.0250536006431812,102
3685000,14840.000001188308,-516016.029894802,299.0263321897603,1.0228631339978702,102
3690000,14860.000001192382,-516986.02429619734,299.00079309413803,1.0248344696235516,102
3695000,14880.000001196457,-517325.9686304806,300.59770534806245,1.0230889353296755,102
3700000,14900.000001200531,-516842.0192425847,299.1359481252441,1.0314880138657494,101
3705000,14920.000001204606,-516612.87039106106,301.2909750194232,1.0248801941503114,101
3710000,14940.00000120868,-516359.9960785827,299.33680001828725,1.027462807007191,101
3715000,14960.000001212755,-516175.97004971816,301.7338579694288,1.024537020922025,101
3720000,14980.00000121683,-516932.45713957795,298.7895855344909,1.0267239808245545,101
3725000,15000.000001220904,-517409.1202410492,302.340747542397,1.0279978783490142,101
3730000,15020.000001224978,-518510.6413593774,301.4099354322888,1.0277484179864396,101
3735000,15040.000001229053,-516546.24134341977,302.82763795894215,1.0279600800100626,101
3740000,15060.000001233127,-517274.60545280925,300.9547670260662,1.0270351808779592,101
3745000,15080.000001237202,-516003.0196464404,301.4218583636524,1.0268338586965533,101
3750000,15100.000001241277,-517414.0037486106,299.82536273142824,1.0228265272242867,101
3755000,15120.000001245351,-516370.21628482593,300.0915415200875,1.0291708701669005,101
3760000,15140.000001249426,-516741.7973195857,302.626394857684,1.024175588146358,101
3765000,15160.0000012535,-516400.3890326875,301.6876500177332,1.0282240384626713,101
3755000,15120.000001245351,-517609.3508187244,299.753930450132,1.0273466046290614,--
3760000,15140.000001249426,-517194.6265767778,302.1634480939782,1.0271087659642717,106
3765000,15160.0000012535,-516421.95222526067,303.9409147074661,1.0252365869306728,105
3770000,15180.000001257575,-516666.05351472273,298.5733237426164,1.021008034576658,105
3775000,15200.00000126165,-517021.88911519595,302.7728607365197,1.027641962966463,105
3780000,15220.000001265724,-516461.67958944966,298.2684420729318,1.022493795820578,105
3785000,15240.000001269798,-516108.00365344156,299.5880256979987,1.0265366298280902,104
3790000,15260.000001273873,-515951.4540317524,298.9906786448512,1.027301056759164,104
3795000,15280.000001277947,-517518.4663086401,299.4952724967779,1.0270528561055565,104
3800000,15300.000001282022,-516140.6736979403,299.21074861927536,1.0245633420945175,104
3805000,15320.000001286096,-516059.7437659709,301.14726177420766,1.0273279485942948,104
3810000,15340.000001290171,-518321.83653559303,300.41099235597255,1.0262638431010978,104
3815000,15360.000001294246,-517191.39473897894,300.93675748141936,1.0255321714028616,104
3820000,15380.00000129832,-516003.99950172077,301.0727481375953,1.0239246457986155,103
3825000,15400.000001302395,-516874.9446873041,298.4042777706524,1.0298644528780752,103
3830000,15420.00000130647,-516623.48538327194,301.7228880581279,1.0233124710724748,103
3835000,15440.000001310544,-516619.1340818801,301.1941264853676,1.0285739685635908,103
3840000,15460.000001314618,-515707.25069642486,301.4964463047797,1.02583996950254,103
3845000,15480.000001318693,-516795.65919530764,300.9829514762357,1.0252952787721537,103
3850000,15500.000001322767,-517870.8730450934,299.9934362587856,1.0271263060697893,103
3855000,15520.000001326842,-517179.1102634277,301.5003434643602,1.020673845621629,103
3860000,15540.000001330916,-517591.90154839004,297.1849365818795,1.0280631548546866,103
3865000,15560.00000133499,-516537.69435673626,300.7239430875767,1.0264195804926752,103
3870000,15580.000001339065,-516484.658899894,302.35516617851715,1.0265397978404127,103
3815000,15360.000001294246,-516203.17683978914,302.4650217747144,1.0263270491234178,--
3820000,15380.00000129832,-516191.0722641023,301.44073167055734,1.0268590398502238,106
3825000,15400.000001302395,-516950.33075815905,299.03950142018925,1.0254660576036132,105
3830000,15420.00000130647,-518140.65969820647,302.4009033239858,1.0295996431851038,105
3835000,15440.000001310544,-518277.14446086716,300.4812784088249,1.0253432123685726,105
3840000,15460.000001314618,-516753.0438682779,304.69753171681083,1.0266127551156519,104
3845000,15480.000001318693,-516729.45793939196,301.3959737889484,1.02538803759728,104
3850000,15500.000001322767,-517432.87153005507,302.5805135673314,1.0266039336864947,104
3855000,15520.000001326842,-516451.77541274833,300.13669152781864,1.0252070469624146,104
3860000,15540.000001330916,-516388.4866320444,303.19520268466397,1.022692668846042,104
3865000,15560.00000133499,-515198.9329173367,299.41467667610885,1.023943252701105,104
3870000,15580.000001339065,-516463.9537440697,302.32761940625653,1.0246258441602745,103
3875000,15600.00000134314,-517221.8126500959,301.6479445911123,1.0263035029877932,103
3880000,15620.000001347214,-517105.4640776133,300.6724576503986,1.0262105081050557,103
3885000,15640.000001351289,-516267.501579945,300.59150187196576,1.0257311677986363,103
3890000,15660.000001355364,-516915.30982243945,301.6081460526549,1.026392443620521,103
3895000,15680.000001359438,-516890.90664749173,301.4833397048259,1.0270779654210938,103
3900000,15700.000001363513,-516820.09563030745,299.34079817358884,1.0270252130622406,103
3905000,15720.000001367587,-517725.7200521501,297.8540554496957,1.0259043951292515,103
3910000,15740.000001371662,-516543.5779327974,302.45915590753566,1.0279531520241787,103
3915000,15760.000001375736,-516613.39641551976,302.4099629693297,1.0236814713010542,103
3920000,15780.00000137981,-516716.2904922087,301.1723360458285,1.028586896429759,103
3925000,15800.000001383885,-516175.88430214,302.8037730891427,1.0252326927398643,103
3880000,15620.000001347214,-516444.5385128546,300.3157548699928,1.0253788710998013,--
3885000,15640.000001351289,-516701.3923450024,301.2512588015793,1.0203903499802978,105
3890000,15660.000001355364,-516408.51295662066,302.63118312585823,1.027315005620429,105
3895000,15680.000001359438,-517259.1825673729,298.91025586757434,1.0264956095079922,105
3900000,15700.000001363513,-517548.1164521191,300.0506595074331,1.026974033548082,104
3905000,15720.000001367587,-516990.2822980643,301.09876688273704,1.0229786904655882,104
3910000,15740.000001371662,-516298.4314304439,303.30733531864405,1.0276208772562636,104
3915000,15760.000001375736,-516992.04093658226,300.4351297796266,1.0254575562778236,104
3920000,15780.00000137981,-517146.79832205945,301.29250626179885,1.0233714695454308,104
3925000,15800.000001383885,-515965.1371576367,299.72186195317715,1.0259144072357,104
3930000,15820.00000138796,-518011.1878868893,300.95376669567,1.0280870701288556,104
3935000,15840.000001392034,-516556.8305216378,303.4723913327642,1.0230756488207797,103
3940000,15860.000001396109,-515479.2996462439,301.9351904803649,1.0240198824415672,103
3945000,15880.000001400183,-517782.30712125916,302.53326422508854,1.029183631332092,103
3950000,15900.000001404258,-518128.84785923804,300.32639909461744,1.0276000312918152,103
3955000,15920.000001408333,-516980.6275347946,299.75838544931605,1.0235240554853964,103
3960000,15940.000001412407,-516949.0466345649,299.91346630502846,1.0221766867670554,103
3965000,15960.000001416482,-516788.95605866774,302.201121305841,1.0276007575513126,103
3970000,15980.000001420556,-517950.31149423704,301.5383386511834,1.026993478196788,103
3975000,16000.00000142463,-516553.55875515216,301.4248032644684,1.025316774083766,103
3980000,16020.000001428705,-516593.9577711923,300.3193510788916,1.021300034991259,103
3985000,16040.00000143278,-518543.05826049624,298.4350763848117,1.0280839306313267,103
3990000,16060.000001436854,-518071.69609025284,298.5365462111091,1.0255307447667277,103
3995000,16080.000001440929,-516846.8615645517,303.0475584072684,1.0220882349754425,103
3940000,15860.000001396109,-516643.20531029557,297.9877831251443,1.0249146670076352,--
3945000,15880.000001400183,-517144.91646870575,302.0386205664402,1.0299312939826497,106
3950000,15900.000001404258,-516327.4786838172,301.70578567109817,1.0236465605328642,105
3955000,15920.000001408333,-517151.1151678064,300.20937559753776,1.0233854832166687,105
3960000,15940.000001412407,-515835.65959787066,300.7278685406949,1.0243096027839984,105
3965000,15960.000001416482,-517157.0070906293,302.24811798565645,1.0273488920761105,105
3970000,15980.000001420556,-517010.4881055001,301.1837500313352,1.0284124938439878,105
3975000,16000.00000142463,-516793.1959296416,302.3927556551249,1.0261570813094167,104
3980000,16020.000001428705,-516938.22159362794,301.1808655627968,1.023578003109937,104
3985000,16040.00000143278,-517224.98295005504,301.1924399063344,1.0259141590124794,104
3990000,16060.000001436854,-516795.8409193042,300.8179950488397,1.0249759040156021,104
3995000,16080.000001440929,-516354.313058804,301.03127860614603,1.025266905641569,104
4000000,16100.000001445003,-517586.5836680215,299.0732519173471,1.0262989000292027,104
4005000,16120.000001449078,-517821.25070338906,301.74451108031013,1.0266947232789287,104
4010000,16140.000001453152,-518305.1770110505,303.4995307361796,1.02758580197484,104
4015000,16160.000001457227,-517121.26429069927,302.34204591637,1.022479837209098,103
4020000,16180.000001461302,-515936.4883614667,301.16738491180706,1.0217606375179697,103
4025000,16200.000001465376,-517465.495459303,300.9366222437164,1.027036621803724,103
4030000,16220.00000146945,-515985.0566084632,302.37650809607504,1.026090811023189,103
4035000,16240.000001473525,-516154.36814438645,301.08663742188276,1.0276065933061311,103
4040000,16260.0000014776,-517206.96726563596,298.2526048462562,1.0269046613468413,103
4045000,16280.000001481674,-517171.0381101568,301.7725555525085,1.0261692417599084,103
4050000,16300.000001485749,-516833.1998407736,301.71445379579177,1.0258697800527652,103
4055000,16320.000001489823,-516139.12186325085,301.1084587841331,1.0263561631133078,103
4060000,16340.000001493898,-516595.06396370823,301.2211641078025,1.0268561989568814,103
4005000,16120.000001449078,-515833.84298779676,301.11533983731334,1.0247292526869838,0
4010000,16140.000001453152,-516988.9635020308,301.418480056452,1.025736025574057,103
4015000,16160.000001457227,-516850.1313077463,298.75574257413416,1.0240004905788223,103
4020000,16180.000001461302,-517164.16320417076,298.1778797428291,1.0262662823029167,103
4025000,16200.000001465376,-517789.46923934296,301.88292017243634,1.030018828755913,102
4030000,16220.00000146945,-517750.49077981524,302.39669248512945,1.026291647671303,102
4035000,16240.000001473525,-517750.1963388461,301.0018266254063,1.0285786616885868,102
4040000,16260.0000014776,-517419.9145799421,304.6329149009829,1.0285715226868437,102
4045000,16280.000001481674,-516546.9105736541,301.50771164719254,1.0258698762776182,101
4050000,16300.000001485749,-517015.01966097276,300.78866434528913,1.021603027774379,101
4055000,16320.000001489823,-516694.11450889125,299.7337206477943,1.0268791147170724,101
4060000,16340.000001493898,-518052.40017196117,301.28468762653927,1.030669313956662,101
4065000,16360.000001497972,-516595.573796073,301.4933906242044,1.0219038374619915,101
4065000,16360.000001497972,-517157.1404398375,303.4159237209656,1.0247452701199247,--
4070000,16380.000001502047,-517409.2232165986,303.1572622536878,1.0262064750010491,106
4075000,16400.00000150612,-515900.2931755192,302.5121312432038,1.0242848570316936,105
4080000,16420.000001510194,-516662.765045024,300.10552979694967,1.025638800570485,105
4085000,16440.00000151427,-516009.0633666485,301.5697559611734,1.024114159341313,105
4090000,16460.000001518343,-516915.7620433676,301.4764415397669,1.0264721063283804,105
4095000,16480.000001522418,-518023.67902511335,303.24851986106944,1.0243725392435525,104
4100000,16500.000001526492,-517927.1696401215,300.49581047050117,1.0300313956471938,104
4105000,16520.000001530567,-516344.51963268477,300.7322431997198,1.0253845068526088,104
4110000,16540.00000153464,-516952.7859166232,300.5521457665495,1.0261343680787618,104
4115000,16560.000001538716,-516535.59088165313,301.34917282842844,1.0220777639683056,104
4120000,16580.00000154279,-517641.95866928925,300.00381277435724,1.0270841833219513,104
4125000,16600.000001546865,-516439.9918396671,299.6864579268064,1.0287221395212705,104
4130000,16620.00000155094,-515934.95617552474,298.674115209628,1.0275734283459972,104
4135000,16640.000001555014,-517095.82810525014,302.0339718579438,1.0251047993088618,103
4140000,16660.00000155909,-516824.0855386958,300.19132552916176,1.0313467764724353,103
4145000,16680.000001563163,-516408.2224227146,301.83578524853397,1.022129140899608,103
4150000,16700.000001567238,-517176.70270835934,300.6379137136949,1.027285929423305,103
4155000,16720.000001571312,-517959.0458113835,302.6639042881893,1.0284404939532394,103
4160000,16740.000001575387,-517802.62963943114,301.01893899573577,1.0300392013437907,103
4165000,16760.00000157946,-517024.9042890419,301.40309367091146,1.0203646297777453,103
4170000,16780.000001583536,-516047.30552896485,300.74508700661704,1.0284993199783559,103
4175000,16800.00000158761,-514967.62669541966,301.6882584221477,1.022798938785513,103
4180000,16820.000001591685,-517449.55579709844,301.33255034092235,1.0303534453047847,103
4130000,16620.00000155094,-517756.9773648167,302.84007564026354,1.0311467856791423,0
4135000,16640.000001555014,-517065.5911300506,298.8189416134308,1.0242765444456912,105
4140000,16660.00000155909,-516016.8614445063,302.12414467418944,1.02677081909434,104
4145000,16680.000001563163,-517730.14280430623,298.631626136258,1.0247812158694658,104
4150000,16700.000001567238,-516318.3565930028,300.6600382020736,1.0247286421782913,104
4155000,16720.000001571312,-516450.3548433555,302.47512278738236,1.021621083579439,104
4160000,16740.000001575387,-517639.8693428978,303.54895196575876,1.0253373286576715,104
4165000,16760.00000157946,-516916.7662085602,301.3849033833682,1.0278671384142262,103
4170000,16780.000001583536,-517856.3116856306,301.3489787282662,1.0258646534236937,103
4175000,16800.00000158761,-517548.86410590797,302.16032027199793,1.0251304840078892,103
4180000,16820.000001591685,-516263.202993328,303.29461190203284,1.0249285639640444,103
4185000,16840.00000159576,-518029.53810220794,299.6813454423377,1.0279299885184359,103
4190000,16860.000001599834,-516274.97632714966,299.0934413470507,1.0251596450697043,103
4195000,16880.00000160391,-517572.13013510965,299.4175085934292,1.0270450075098374,103
4200000,16900.000001607983,-516928.4380769986,303.1745588335823,1.0248327749273385,103
4205000,16920.000001612058,-516660.53026031354,302.11839971948575,1.027311728679018,103
4210000,16940.000001616132,-517836.43667663843,299.3273607800836,1.0276924074530895,103
4215000,16960.000001620207,-517805.392611034,296.6170040931401,1.0267031580600845,103
4220000,16980.00000162428,-517174.0770957663,298.756654858683,1.0225479522869958,103
4225000,17000.000001628356,-516422.2933320105,301.7480722351469,1.0243122853626254,103
4230000,17020.00000163243,-517709.4866542248,300.59099344703134,1.0276705116091498,103
4235000,17040.000001636505,-517682.31484297686,300.9546868545335,1.0243667219647894,103
4240000,17060.00000164058,-517419.0149105543,299.9523085370968,1.0277959520593796,103
4190000,16860.000001599834,-517541.84007683676,299.3240430512716,1.0231961821540372,--
4195000,16880.00000160391,-516251.159915237,299.6757921144704,1.0257059410054818,105
4200000,16900.000001607983,-517763.7958135579,299.9141530332643,1.0303099473957285,105
4205000,16920.000001612058,-517874.45428311476,299.99827761817437,1.0270156980257479,105
4210000,16940.000001616132,-517962.5428265026,297.1789605039587,1.0289906653274583,104
4215000,16960.000001620207,-517149.9767392457,298.0105490306765,1.0260885088372358,104
4220000,16980.00000162428,-517368.21202698816,299.6633775107048,1.0227451190215364,104
4225000,17000.000001628356,-516425.8154271783,300.80801988718054,1.0240837748251082,104
4230000,17020.00000163243,-517508.6155555921,302.1514877056871,1.0299317142494226,104
4235000,17040.000001636505,-517838.2676530306,302.25122673992985,1.028007027789845,103
4240000,17060.00000164058,-516275.827690087,302.43538392303117,1.0256117538014844,103
4245000,17080.000001644654,-517816.83106733044,301.34289207630064,1.027619253807349,103
4250000,17100.00000164873,-517359.7418313406,301.47233303444926,1.0290801059042924,103
4255000,17120.000001652803,-515835.40270623215,303.2698159421677,1.0255160125189782,103
4260000,17140.000001656877,-516013.3143664829,304.6164394948031,1.0269138877846302,103
4265000,17160.000001660952,-517589.3190806627,302.5931853984234,1.0258551459129162,103
4270000,17180.000001665027,-516707.90548814833,302.4690577032156,1.028080000646522,103
4275000,17200.0000016691,-515756.30007217685,301.01158787498673,1.0248735019263866,103
4280000,17220.000001673176,-517463.17016733973,300.7451728830613,1.0260887210265914,103
4285000,17240.00000167725,-517713.1334016789,298.8511769725645,1.0242239620005753,103
4290000,17260.000001681325,-517042.60288130026,299.03444865004707,1.0252662324909705,103
4295000,17280.0000016854,-516464.7398250378,303.0478453950683,1.0309211125099003,103
4300000,17300.000001689474,-516612.9124774481,300.3043241666425,1.0239155928123238,103
4305000,17320.00000169355,-516490.7941656215,300.6227043852552,1.0285618076316538,103
4255000,17120.000001652803,-516294.76844380144,300.5575245930549,1.0231761570551907,0
4260000,17140.000001656877,-517402.10269136215,300.45167705013495,1.024436894950635,105
4265000,17160.000001660952,-515923.8698193233,303.3590564959723,1.026287877633244,104
4270000,17180.000001665027,-518321.50320898276,300.949272809309,1.029253832999053,104
4275000,17200.0000016691,-516727.633489643,301.9919198256,1.0233650832849193,104
4280000,17220.000001673176,-517377.99068408716,300.9917371579241,1.0273050681208575,104
4285000,17240.00000167725,-517568.2164241872,302.47610958642883,1.0280853374874723,103
4290000,17260.000001681325,-516335.7240729255,299.3568432270999,1.0277783069195459,103
4295000,17280.0000016854,-517260.1073777708,299.7185519352503,1.0289923113210189,103
4300000,17300.000001689474,-517119.02837411617,302.0938501004444,1.0260876216146497,103
4305000,17320.00000169355,-517482.58353169076,300.6467706936025,1.0302182706243985,103
4310000,17340.000001697623,-516235.18621941167,301.20134045130413,1.0258286918743642,103
4315000,17360.000001701697,-517953.4394548808,300.30041086209474,1.0249298532775857,103
4320000,17380.000001705772,-516431.53627886204,300.6944424371884,1.02586699708437,103
4325000,17400.000001709846,-518277.30699431594,301.21031235084075,1.0278132145051488,103
4330000,17420.00000171392,-517783.470800817,299.3306467652209,1.0231931112999257,103
4335000,17440.000001717995,-516034.7701512999,298.8404761266161,1.02413514511491,103
4340000,17460.00000172207,-516688.5943615881,298.62524113016065,1.0266370518207977,103
4345000,17480.000001726145,-517263.65175658977,301.3690567920423,1.0244385549109483,103
4350000,17500.00000173022,-517461.8270872361,299.1916582900947,1.025116809787909,103
4355000,17520.000001734294,-518126.00793365133,300.2988518015395,1.0314475273704369,103
4360000,17540.000001738368,-516310.8271648688,301.09191376206354,1.027152172063451,103
4365000,17560.000001742443,-516602.4170113399,301.4221965442647,1.0266472160416182,102
4315000,17360.000001701697,-517896.4556461009,298.56559158786206,1.026062533699156,--
4320000,17380.000001705772,-516464.1295844582,301.2817741590608,1.0242975713663225,104
4325000,17400.000001709846,-516914.00727676484,301.2000750286925,1.0252905054368806,104
4330000,17420.00000171392,-516388.64174682857,299.8475209451709,1.0244516204274097,103
4335000,17440.000001717995,-516760.24861191306,300.09224738177784,1.0279799427630907,103
4340000,17460.00000172207,-516662.33067257446,301.57519946091844,1.0245872413824129,103
4345000,17480.000001726145,-518419.04968748125,300.1289669255969,1.0271509318720453,103
4350000,17500.00000173022,-516997.517927035,302.9779407454815,1.0278412946075224,103
4355000,17520.000001734294,-516870.1088930005,302.3603459002348,1.0268372637278473,102
4360000,17540.000001738368,-517072.013762149,302.2532796834225,1.0302704478265066,102
4365000,17560.000001742443,-518296.50220935023,301.58601518502127,1.0300119580479157,102
4370000,17580.000001746517,-517580.85524110054,301.2169670499567,1.021478745768654,102
4375000,17600.00000175059,-517336.56785742263,301.88211330768235,1.0281538677057946,102
4380000,17620.000001754666,-517081.90765053034,301.1635194773374,1.0258913826935678,102
4385000,17640.00000175874,-517044.389418388,300.3566033220078,1.0268522949594745,102
4390000,17660.000001762815,-515049.4670224362,303.77063463013354,1.0207718371521435,102
4395000,17680.00000176689,-517073.40360037214,301.981555707025,1.0265174536403843,102
4400000,17700.000001770964,-516513.53396968823,301.7775531138838,1.0272510323626942,102
4405000,17720.00000177504,-516002.672481589,301.9608119105675,1.0212381272639646,101
4410000,17740.000001779114,-516667.14023631625,301.71793156278784,1.0270272083048222,101
4415000,17760.000001783188,-517598.49871319835,300.2795546893101,1.0258909818465145,101
4420000,17780.000001787263,-517197.1922542532,302.4696435543778,1.0261977837744218,101
4425000,17800.000001791337,-517477.02602992416,302.39656030992813,1.0259713198443405,101
4380000,17620.000001754666,-516845.0069349259,304.162966655768,1.024130494613668,--
4385000,17640.00000175874,-517856.8195407111,301.66743036621386,1.025269316491787,102
4390000,17660.000001762815,-517312.74796346296,300.0764053733379,1.030658866068306,101
4395000,17680.00000176689,-516681.1233307908,299.67862514013376,1.0228962880506822,101
4400000,17700.000001770964,-518178.27299466217,299.6621626950468,1.0272990352306586,101
4405000,17720.00000177504,-517184.9471139489,300.4643429413783,1.0256556113589965,101
4410000,17740.000001779114,-517878.7157092553,303.6537880283356,1.0307842964531526,100
4415000,17760.000001783188,-517587.7641576673,300.8173283033095,1.0299148861129008,100
4420000,17780.000001787263,-516640.16701364424,301.0363147319246,1.0265114555569919,100
4425000,17800.000001791337,-517327.47245747875,300.4103139913496,1.0261139972464173,100
4430000,17820.00000179541,-516929.13083122927,300.2533435431676,1.02370441339175,99.9
4435000,17840.000001799486,-517336.86008368456,300.78480066524577,1.0296798392569924,99.8
4440000,17860.00000180356,-516130.5709083865,302.881123493119,1.0276957677133247,99.7
4445000,17880.000001807635,-516969.83952769614,303.4043002475147,1.0255607353232632,99.7
4450000,17900.00000181171,-516428.0700049249,300.01331401144165,1.0265640647912473,99.6
4455000,17920.000001815784,-516511.20689016697,301.62589386025456,1.0279811281212416,99.6
4460000,17940.00000181986,-517764.6179073965,303.0845521972443,1.0255268504261938,99.6
4465000,17960.000001823933,-517808.6928923032,299.194215546301,1.0284190576810832,99.5
4470000,17980.000001828008,-515659.5459018918,301.79186387115624,1.023458240077417,99.5
4475000,18000.000001832082,-516128.14739108994,300.0127474282453,1.0223566140426001,99.5
4480000,18020.000001836157,-516567.7816527311,300.6451918383578,1.0272460202279214,99.4
4485000,18040.00000184023,-517946.52130743605,300.5520150106357,1.0224891820632318,99.4
4490000,18060.000001844306,-515450.50076702866,300.77482275209763,1.0231703504547065,99.3
4495000,18080.00000184838,-517410.15226547327,302.98422387707814,1.0262133672377594,99.3
4440000,17860.00000180356,-516264.9920993,302.0815839831455,1.027755172608591,--
4445000,17880.000001807635,-516693.8389810198,299.05354969760083,1.0259586616821625,103
4450000,17900.00000181171,-516922.98583845864,300.52922185819403,1.0250606017371833,103
4455000,17920.000001815784,-517038.65552852117,301.64185992216613,1.0241367837751747,103
4460000,17940.00000181986,-517433.41846030904,299.6687412152292,1.024120793050777,102
4465000,17960.000001823933,-515993.5192293697,303.82496025955993,1.0257116827589876,102
4470000,17980.000001828008,-516533.09861125797,302.75727210958,1.0266125477780454,102
4475000,18000.000001832082,-518711.6158190062,300.8243273690603,1.0288894182122672,102
4480000,18020.000001836157,-518016.40102107846,300.12803645422963,1.0286184120378967,102
4485000,18040.00000184023,-515806.7635276022,299.4822793258618,1.0201577496807737,101
4490000,18060.000001844306,-517457.78881956823,300.13500642303444,1.02450106352008,101
4495000,18080.00000184838,-516904.0901872427,300.0057276015322,1.0278729940677827,101
4500000,18100.000001852455,-518241.2140575126,300.7990657676665,1.0261783008504157,101
4505000,18120.00000185653,-518320.43048739806,300.85034337898054,1.0306837819193027,101
4510000,18140.000001860604,-516521.37171523715,301.78313820905436,1.0229092108846656,101
4515000,18160.00000186468,-517656.84203795926,299.94673126056125,1.026346839923221,101
4520000,18180.000001868753,-517020.8666702332,304.27060170359454,1.0256588895672185,101
4525000,18200.000001872828,-516822.2502793877,300.0319931333377,1.0258928551745927,101
4530000,18220.000001876902,-517400.44661587244,302.254778601369,1.026438130590656,101
4535000,18240.000001880977,-517452.8364046945,296.92982102096255,1.0268276197111117,101
4540000,18260.00000188505,-516899.739191039,301.25139639506307,1.0263040233489495,101
4545000,18280.000001889126,-517103.188186598,302.2372475228557,1.0268583360433978,101
4505000,18120.00000185653,-515639.278558946,301.46393202891954,1.0290978874051577,--
4510000,18140.000001860604,-519021.2236738496,301.7347670864503,1.0268812528178424,105
4515000,18160.00000186468,-517632.213715272,300.8117368675752,1.0297666227896536,104
4520000,18180.000001868753,-516776.66878741654,299.11509804446456,1.0205744491288038,104
4525000,18200.000001872828,-516565.549698527,302.95254526269815,1.0285678536946414,104
4530000,18220.000001876902,-517235.87911623623,302.5395346377585,1.023078122100674,104
4535000,18240.000001880977,-517297.2411644389,304.06154176248066,1.0268051467966084,103
4540000,18260.00000188505,-516932.7769213107,300.95721991583696,1.0277702786721625,103
4545000,18280.000001889126,-516091.6810775106,299.6595381667097,1.0246307263784078,103
4550000,18300.0000018932,-517685.61202102434,299.6273675348636,1.0282945911288084,103
4555000,18320.000001897275,-517951.5810287902,300.38254908682006,1.0290333034782864,103
4560000,18340.00000190135,-516606.24950515106,300.6971499674185,1.0259979885190929,103
4565000,18360.000001905424,-516929.9300317394,302.464815388633,1.0283903558953773,103
4570000,18380.0000019095,-517882.52012151293,299.01787752470483,1.0260788074343117,103
4575000,18400.000001913573,-517857.7334871986,301.6303684762432,1.0289020196248848,102
4580000,18420.000001917648,-516588.104090282,299.9341159000124,1.0211032047075717,102
4585000,18440.000001921722,-517235.1773554131,300.7676822639578,1.0267758855871167,102
4590000,18460.000001925797,-517457.32440277725,300.51214649238915,1.0258250397246764,102
4595000,18480.00000192987,-516579.15774440765,299.5919134929013,1.0228002408595802,102
4600000,18500.000001933946,-517226.1462655002,301.55724380329565,1.022842228979618,102
4605000,18520.00000193802,-516639.74138261774,302.7307044638657,1.0298620254186046,102
4610000,18540.000001942095,-516320.282245144,299.57873530945596,1.0250106398159995,102
4615000,18560.00000194617,-516718.4248059492,302.03006988059775,1.0244631597158795,102
4620000,18580.000001950244,-517785.58831136604,301.8469961960038,1.0254185354612613,102
4625000,18600.00000195432,-517313.99390677083,299.2874895232952,1.0295580129836865,102
4630000,18620.000001958393,-516498.4951380249,300.53325047556285,1.0271805065535553,--
4635000,18640.000001962468,-517535.08251487673,301.03329372031806,1.0273553694079653,105
4640000,18660.000001966542,-515953.1324043358,299.07186489884987,1.0271056033147898,105
4645000,18680.000001970617,-517536.0320826031,302.49773999335775,1.0281994797636123,104
4650000,18700.00000197469,-517677.63385430956,301.66257670933794,1.027270763274146,104
4655000,18720.000001978766,-517562.1033073915,300.7052997317378,1.0244247583469195,104
4660000,18740.00000198284,-517791.28674312634,298.3499744657248,1.0276251127623397,104
4665000,18760.000001986915,-516780.70282799425,299.87695577363223,1.0265467397100967,104
4670000,18780.00000199099,-517040.36387656746,300.1026393948835,1.0310409947694035,103
4675000,18800.000001995064,-517039.38309504185,298.15008561883883,1.0309551419463479,103
4680000,18820.00000199914,-517273.50365685346,301.8663653461535,1.0248619838130006,103
4685000,18840.000002003213,-516632.4186584691,298.54051714363936,1.0262853241193213,103
4690000,18860.000002007288,-517013.3418170137,301.4407234823934,1.0247542948333894,103
4695000,18880.000002011362,-517808.2425537859,301.7992981389601,1.0329726635223322,103
4700000,18900.000002015437,-516650.8361184669,301.00570744415285,1.0252559967137214,103
4705000,18920.00000201951,-516299.4378044808,298.7242320907798,1.0250070204983963,103
4710000,18940.000002023586,-517482.449233962,304.06671345883444,1.0239454751649186,103
4690000,18860.000002007288,-516851.22419593483,300.5298392412199,1.0247227210841745,0
4695000,18880.000002011362,-517135.32943783654,302.0610868096479,1.0267147967070918,105
4700000,18900.000002015437,-516542.72403572826,301.93602782697695,1.0251524928947187,105
4705000,18920.00000201951,-516522.91346739605,303.2185056195604,1.0242494695624103,104
4710000,18940.000002023586,-516700.55731226876,302.7088887177035,1.028830625797509,104
4715000,18960.00000202766,-517354.55432649143,301.1282860392672,1.0255244425288115,104
4720000,18980.000002031735,-517027.0313252609,303.02154137563656,1.0227345398841003,104
4725000,19000.00000203581,-517518.70371819637,302.59993326887155,1.022358057391394,104
4730000,19020.000002039884,-517345.2795221952,300.589509363762,1.024459934780085,104
4735000,19040.00000204396,-516588.7171280796,299.92382496834506,1.0249698293550025,104
4740000,19060.000002048033,-516356.6750823215,304.17315343912776,1.0241735907493292,103
4745000,19080.000002052107,-518843.73994970834,301.4826251568797,1.0304988988754828,103
4750000,19100.000002056182,-517071.97302462533,300.6611359182053,1.0315260887486213,103
4755000,19120.000002060257,-517378.7557057375,301.79687553356865,1.0290527481137952,103
4760000,19140.00000206433,-516747.0206138394,303.7360035375127,1.0284333238654007,103
4765000,19160.000002068406,-517581.2711503082,300.6398339724091,1.0261663356154012,103
4770000,19180.00000207248,-515358.47376633366,300.36320061196346,1.02108900371806,103
4775000,19200.000002076555,-517977.61712242104,300.74636190205734,1.0259799482743548,103
4780000,19220.00000208063,-517547.2188249768,301.50538848166195,1.025064424561819,103
4785000,19240.000002084704,-517436.0064125862,299.4742285320911,1.0279388241410976,103
4790000,19260.00000208878,-518170.87379377545,304.3549504395481,1.0310476994347333,103
4795000,19280.000002092853,-515991.8264883361,299.74386624300615,1.0252958537465027,103
4800000,19300.000002096927,-516944.8660619098,298.5644400395787,1.0223100568821457,103
4805000,19320.000002101002,-517198.34453002526,301.5276823699635,1.0221758753453112,103
4810000,19340.000002105076,-517343.85573873785,301.5915658338031,1.0255701676677977,103
4815000,19360.00000210915,-517233.6504688433,304.88338454930357,1.0257633857525272,103
4820000,19380.000002113225,-518677.99445511657,301.9099017037777,1.0301893821948662,103
4825000,19400.0000021173,-515714.5363108893,302.62471268561205,1.0243273750092905,103
4815000,19360.00000210915,-517638.91945110005,300.9149050691002,1.0249040734071693,0
4820000,19380.000002113225,-517133.5833156849,298.69779612492266,1.0253379394801128,106
4825000,19400.0000021173,-517651.55115233315,300.04281466905246,1.0261843310145429,105
4830000,19420.000002121375,-516362.46041788976,301.9469053425562,1.0262437699572644,105
4835000,19440.00000212545,-516799.1385128407,299.82014532197644,1.026443343248914,105
4840000,19460.000002129524,-517120.6764883795,302.30006888298897,1.025972999178578,104
4845000,19480.000002133598,-517594.1214876624,299.06726828213436,1.0226943932101398,104
4850000,19500.000002137673,-517604.9326445882,299.3828472938198,1.0283740247674837,104
4855000,19520.000002141747,-516869.97946793144,301.68985669740624,1.0243021224254227,104
4860000,19540.00000214582,-516914.1644136526,302.29084309966174,1.0208783839419513,104
4865000,19560.000002149896,-517526.3390710731,302.40685799968617,1.0300473523291562,103
4870000,19580.00000215397,-515848.0765435104,300.01898175583716,1.024330532993442,103
4875000,19600.000002158045,-516920.27588876383,300.89492663449704,1.0236859020711224,103
4880000,19620.00000216212,-516951.68237933586,300.3323212313346,1.028127082466229,103
4885000,19640.000002166194,-517896.2852568971,299.3562941113145,1.0307872226265062,103
4890000,19660.00000217027,-515936.7143508531,299.0589010121805,1.0246594498203567,103
4895000,19680.000002174344,-517573.4253091437,300.7357356834974,1.0236544255711646,103
4900000,19700.000002178418,-517556.8091809023,300.4506642822248,1.0281364688454107,103
4905000,19720.000002182493,-516894.5460458067,302.99978504841096,1.0240517691128648,103
4910000,19740.000002186567,-517376.6538077397,301.460219464479,1.0235782582817048,103
4915000,19760.00000219064,-517749.66575718275,301.0447677065633,1.0288001369973239,103
4920000,19780.000002194716,-517769.355162326,302.5616486901598,1.0290173830684062,103
4925000,19800.00000219879,-517711.4778120583,300.0917407419581,1.0301630306068859,103
4880000,19620.00000216212,-517538.10937109054,301.9843248991238,1.0255336503790065,0
4885000,19640.000002166194,-517125.9064061551,301.9589422140546,1.0248873920815467,105
4890000,19660.00000217027,-516748.43200190924,302.18594994962933,1.0230535688991655,104
4895000,19680.000002174344,-517054.92276508315,298.5533703812726,1.0263948958873077,104
4900000,19700.000002178418,-516664.81602783804,300.78249034300455,1.024033803797647,104
4905000,19720.000002182493,-516522.44812942296,301.4150404077898,1.0277185680560397,103
4910000,19740.000002186567,-515553.03413451,300.5035118841108,1.0239842909379882,103
4915000,19760.00000219064,-516019.7400448418,301.1129214737755,1.0238064541551475,103
4920000,19780.000002194716,-517784.29351088335,301.4523274147431,1.0259210119059488,103
4925000,19800.00000219879,-516877.2404280212,297.72751721184255,1.0251178125954021,103
4930000,19820.000002202865,-517570.8474555274,301.3433943011738,1.0247286296443903,103
4935000,19840.00000220694,-517377.9590486763,301.7568249670954,1.0249321075015423,103
4940000,19860.000002211014,-516234.81402031425,301.24712093295017,1.0256225135881285,103
4945000,19880.00000221509,-516610.3109642477,298.79406800889757,1.0273718503597675,102
4950000,19900.000002219163,-517321.186001122,300.7346944289794,1.0255006541346994,102
4955000,19920.000002223238,-517078.13079012255,302.7331339515216,1.0264059419782727,102
4960000,19940.000002227313,-517139.3630853242,298.1418035986439,1.0261235784659,102
4965000,19960.000002231387,-517500.6111442661,302.55398882820157,1.0280265236784336,102
4970000,19980.00000223546,-516411.25449374085,302.7341713545285,1.0264668375683057,102
4975000,20000.000002239536,-516872.121211112,300.4154297390033,1.0246249595586394,102
4980000,20020.00000224361,-516573.08896658383,299.9224858855517,1.0235131539001305,102
4985000,20040.000002247685,-516783.70499381144,301.2265938696478,1.02685093951853,102
4990000,20060.00000225176,-517005.37434727116,302.48317612469475,1.023446495435206,102
4995000,20080.000002255834,-515785.8385326627,299.6501113898619,1.0229055363047936,102
5000000,20100.00000225991,-516733.0706820553,302.7085900439408,1.0262125166820124,102
5005000,20120.000002263983,-518019.11099129985,301.2041465471052,1.0251789016398725,--
5010000,20140.000002268058,-517154.18329521595,299.9930510035286,1.0299657172548833,104
5015000,20160.000002272132,-515949.99761085445,299.729097304561,1.0254836475089466,104
5020000,20180.000002276207,-515950.761050669,299.1379674518118,1.0209537644092261,104
5025000,20200.00000228028,-517412.1405398464,300.2894356645064,1.0274485958143789,104
5030000,20220.000002284356,-517408.8378873388,301.9322439969045,1.0265387027038788,104
5035000,20240.00000228843,-516173.4884761302,300.2312642593493,1.0230967270541145,103
5040000,20260.000002292505,-516947.0951334138,301.2520950230297,1.0265184262990101,103
5045000,20280.00000229658,-516796.4559377569,301.25110305903945,1.0258871822825535,103
5050000,20300.000002300654,-517731.11678957683,301.5398255485614,1.0290868332870784,103
5055000,20320.00000230473,-516726.4950405748,301.28664793385997,1.0248189302639397,103
5060000,20340.000002308803,-518228.20312931715,303.8389475431397,1.027426489076319,103
5065000,20360.000002312878,-518430.9932415022,302.7651989846123,1.027174656624772,103
5070000,20380.000002316952,-517484.5998858183,302.6146188425949,1.0279665715142299,103
5075000,20400.000002321027,-517158.73192744935,302.8364072304398,1.0312162486368048,102
5080000,20420.0000023251,-517056.29583396134,301.92292517797455,1.024767415944635,102
5085000,20440.000002329176,-517676.91844733874,300.1181165319888,1.0280220000028097,102
5090000,20460.00000233325,-516715.53733571665,300.84766594275936,1.0261679223325295,102
5095000,20480.000002337325,-516849.29261985375,302.39733959954106,1.028259805698554,102
5100000,20500.0000023414,-519407.8946421202,301.03728626590214,1.0303705467795168,102
5105000,20520.000002345474,-518318.77518199035,302.4537327113965,1.0244641178510514,102
5110000,20540.00000234955,-515767.8366676555,301.58908697548657,1.0209036254204995,102
5115000,20560.000002353623,-516188.8020717902,301.2295909685787,1.0258852247244505,102
5120000,20580.000002357698,-516773.39621792873,299.7923516138504,1.0237453673808892,102
5125000,20600.000002361772,-516742.139703532,300.2970667338227,1.0257752539452984,102
5130000,20620.000002365847,-517076.08603862626,300.7593521654207,1.0259579870961235,102
5135000,20640.00000236992,-517095.26597945346,299.45589597562594,1.0244919299377822,102
5130000,20620.000002365847,-516869.1762322702,300.8596154297084,1.0309893544356739,--
5135000,20640.00000236992,-516781.6470322639,299.6530672385109,1.0266083833202881,106
5140000,20660.000002373996,-517027.4620478959,301.4323269914612,1.0256498481707197,105
5145000,20680.00000237807,-517377.1162304976,298.61667519626104,1.033987313430159,105
5150000,20700.000002382145,-517845.301220655,302.3516682479182,1.0275019343434582,105
5155000,20720.00000238622,-515806.5905697255,304.18447993298213,1.0250341343147025,104
5160000,20740.000002390294,-518177.10417922935,300.7798580534258,1.0249346640481654,104
5165000,20760.00000239437,-516909.0813799065,298.7546500499776,1.0302705852575207,104
5170000,20780.000002398443,-516864.9806544238,302.7825191695471,1.0267424779397194,104
5175000,20800.000002402518,-517975.33018812956,301.1965513764575,1.0276312593022028,104
5180000,20820.000002406592,-516624.87176743033,299.69220438741394,1.0267894086118687,103
5185000,20840.000002410667,-515742.5078097966,300.9748438755949,1.026780206831143,103
5190000,20860.00000241474,-518480.3060153418,301.1112011773223,1.0274690488237703,103
5195000,20880.000002418816,-516536.00138416,300.5739028712631,1.030381783483259,103
5200000,20900.00000242289,-517586.6477097545,301.1401755282761,1.0211296659899316,103
5205000,20920.000002426965,-517201.8707761385,301.1374132145019,1.0268688870679532,103
5210000,20940.00000243104,-517980.77475983044,302.0204868669935,1.0252418271597115,103
5215000,20960.000002435114,-516437.43325360655,299.8439268664698,1.022789179621503,103
5220000,20980.00000243919,-516514.76016497007,301.0673384391788,1.0253595936295135,103
5225000,21000.000002443263,-517457.66876138304,299.98548868758667,1.0216541992917536,103
5230000,21020.000002447337,-517049.5115717852,300.6422549117225,1.0240745718651365,103
5235000,21040.000002451412,-516064.39770571375,300.6795371583846,1.0236920868724522,103
5240000,21060.000002455487,-516068.2672477921,300.27431672581525,1.0220272213365915,103
5245000,21080.00000245956,-517853.6240070793,302.4669160491794,1.0243973128368105,103
5250000,21100.000002463636,-518753.00543216243,300.10787489562705,1.0273054405399336,103
5255000,21120.00000246771,-516661.6266298045,300.16870017859236,1.022597677475497,103
5260000,21140.000002471785,-516311.6342241429,300.655963630717,1.025027081823083,103
5265000,21160.00000247586,-516672.1788078358,302.68654099986827,1.0218771289722544,103
5270000,21180.000002479934,-517536.3258982599,301.166367216254,1.02408949960906,103
5255000,21120.00000246771,-516459.0634185653,299.55986279127467,1.0208530745320537,--
5260000,21140.000002471785,-517011.8573358073,301.0172668967097,1.0277876195286486,105
5265000,21160.00000247586,-516308.82286362466,303.26424619056223,1.0285521844684296,105
5270000,21180.000002479934,-517310.1247426723,298.41887467789996,1.0282214158338465,104
5275000,21200.00000248401,-517867.8322174137,303.3639693516957,1.0271078433861416,104
5280000,21220.000002488083,-517020.1192361368,301.63493864679083,1.0249796525154045,104
5285000,21240.000002492157,-517397.8044506586,302.65966959685255,1.027058439758465,104
5290000,21260.000002496232,-517434.51857339195,301.8640846632937,1.0278259714960782,104
5295000,21280.000002500306,-516976.78741419455,300.16311152817843,1.0244456031890654,104
5300000,21300.00000250438,-517629.3451916978,301.381388035535,1.0255462532336912,103
5305000,21320.000002508456,-516990.2984782518,299.8950031960371,1.0244886873671013,103
5310000,21340.00000251253,-517639.13374254643,303.22202529262455,1.0280172636909801,103
5315000,21360.000002516605,-516811.4214354402,298.2495575915389,1.0250597129183792,103
5320000,21380.00000252068,-517616.198236729,299.06847442628606,1.025928947568463,103
5325000,21400.000002524754,-516289.3935503573,302.0652586401451,1.0247165936235656,103
5330000,21420.00000252883,-517597.99001380964,301.3051703744738,1.0275548543994202,103
5335000,21440.000002532903,-517204.4651094265,299.5140745977833,1.0277715848444129,103
5340000,21460.000002536977,-516938.4120060599,303.8889931183889,1.0238791028252912,103
5345000,21480.00000254105,-517523.4795622197,298.39483410452675,1.0258458539627904,103
5350000,21500.000002545126,-516982.1034518841,300.55909089818596,1.025462318591656,103
5355000,21520.0000025492,-517335.4735716821,298.3631961028166,1.0278736434067852,103
5360000,21540.000002553275,-516042.13605260616,300.77574316030893,1.0241304411510317,102
5365000,21560.00000255735,-517092.60762249515,303.8135581297145,1.0253388069207465,102
5370000,21580.000002561424,-518440.9654938483,298.52951118781937,1.0305049791340173,102
5375000,21600.0000025655,-516708.5646403623,303.38541298498336,1.0257732612438566,102
5380000,21620.000002569574,-517227.6138560467,300.149974573426,1.0255375380020662,102
5385000,21640.000002573648,-517627.0666813089,302.06778461946226,1.0250804967776384,102
5390000,21660.000002577723,-515800.2320862084,302.3909032394302,1.0228686479081621,102
5395000,21680.000002581797,-517646.2766579564,301.3698677460428,1.0265500043459515,102
5400000,21700.00000258587,-517508.31721980637,303.381264574556,1.0280004664175846,102
5405000,21720.000002589946,-516804.87754209177,301.7308508092179,1.0243467492352283,102
5380000,21620.000002569574,-518013.5177859585,298.77687865464867,1.0241241074789709,0
5385000,21640.000002573648,-517018.7444560076,303.0637905233305,1.0249153667918174,105
5390000,21660.000002577723,-516704.42767982325,301.1949824375699,1.0226430452232147,105
5395000,21680.000002581797,-516473.22363624163,301.01400660439396,1.0280156032710444,105
5400000,21700.00000258587,-517668.9165159352,298.8173888779957,1.0260103823716633,104
5405000,21720.000002589946,-517525.3630413306,302.06133123917976,1.0255324314116805,104
5410000,21740.00000259402,-517239.35120633175,301.0412163138368,1.0247667879058526,104
5415000,21760.000002598095,-517385.1099935847,301.5561523365712,1.0296127829654855,104
5420000,21780.00000260217,-516988.5229102466,302.2138448379571,1.0221036473012173,104
5425000,21800.000002606244,-515601.78114936664,302.1809700089252,1.0223957117671363,103
5430000,21820.00000261032,-518376.3342927699,302.1925260009589,1.0248734273464046,103
5435000,21840.000002614393,-516593.2760127925,301.0441476162666,1.0266243990016755,103
5440000,21860.000002618468,-516578.13193922956,300.091303188921,1.0250283561587648,103
5445000,21880.000002622543,-516662.06660247943,303.82833058784695,1.0232588086107475,103
5450000,21900.000002626617,-514944.03651481285,300.5368429018422,1.0242600291389856,103
5455000,21920.00000263069,-516719.33391065453,303.3944512750272,1.0300022301205216,103
5460000,21940.000002634766,-515518.2775462093,302.09132348795106,1.0215640559689494,103
5465000,21960.00000263884,-516721.0592420569,299.9388668165513,1.0257922744415753,103
5470000,21980.000002642915,-518352.77527128765,301.48877490566997,1.0316883312866352,103
5475000,22000.00000264699,-516139.52784371073,303.3739353680687,1.02169319559099,103
5480000,22020.000002651064,-517069.430444479,301.00896406127555,1.026088981957721,103
5485000,22040.00000265514,-516928.58579267,302.64348710598057,1.0250832014490991,103
5490000,22060.000002659213,-517441.17807667376,302.4722302528957,1.0295008168974626,103
5495000,22080.000002663288,-517780.12520803977,301.43321637198136,1.0281085250146396,103
5500000,22100.000002667362,-515634.1311223437,299.0174972524014,1.0224428963867067,103
5505000,22120.000002671437,-516914.48750103335,301.62940876717397,1.0277160386938768,103
5510000,22140.00000267551,-517227.1377325172,300.869220909173,1.0274261938805922,103
5515000,22160.000002679586,-516331.6022948725,301.61025644001217,1.0231527791510757,103
5520000,22180.00000268366,-517513.37165358895,299.7606689492153,1.0297489528191355,103
5525000,22200.000002687735,-516802.02245235606,301.1200283329194,1.0235905693902816,102
5505000,22120.000002671437,-517201.2763528549,299.07363555618326,1.0270898534178259,0
5510000,22140.00000267551,-517499.48726961133,299.4940769077999,1.0281452283986976,105
5515000,22160.000002679586,-516893.2731943212,300.148463793336,1.0261451354540134,105
5520000,22180.00000268366,-517946.6238225186,300.4006610741927,1.0268269714984155,104
5525000,22200.000002687735,-517327.7841741727,300.44260256090587,1.026155081320117,104
5530000,22220.00000269181,-517770.7852569651,299.44541750334486,1.0256007219031313,104
5535000,22240.000002695884,-516772.35211019265,300.98320295525684,1.028922822108348,104
5540000,22260.00000269996,-517649.19214148587,300.5488830829618,1.024620216537068,104
5545000,22280.000002704033,-517373.6121078641,300.23609000172365,1.0253527183882363,103
5550000,22300.000002708108,-516564.3026711943,302.5191036732334,1.0264065448731359,103
5555000,22320.000002712182,-516646.855459481,299.85922708658626,1.0267712611534812,103
5560000,22340.000002716257,-517347.16437606374,302.16499477207486,1.0283692335316876,103
5565000,22360.00000272033,-516873.47540458315,301.95864931296325,1.0294500183900182,103
5570000,22380.000002724406,-517518.4784981136,301.1505961989761,1.0216848491908974,103
5575000,22400.00000272848,-516524.1137485348,302.1402794343228,1.0259429572667598,103
5580000,22420.000002732555,-517050.9996302186,303.4606091418153,1.0315174726318646,103
5585000,22440.00000273663,-517674.7335778051,301.7517144518867,1.0265362595875946,103
5590000,22460.000002740704,-517317.47845243406,300.62054984367467,1.02940163802378,103
5595000,22480.00000274478,-518410.3550581448,299.90478036070505,1.027403866781587,103
5600000,22500.000002748853,-516758.86044845637,298.8629458453917,1.0275389132539883,103
5605000,22520.000002752928,-515887.11222931603,298.7123493183886,1.0254139780023717,103
5610000,22540.000002757002,-517182.6119384195,301.48619525961607,1.0195483510294887,103
5615000,22560.000002761077,-516578.6370732547,302.0583551600705,1.0268726188867108,103
5620000,22580.00000276515,-516935.6068514148,300.1728309431837,1.0239101706322755,103
5625000,22600.000002769226,-517905.8569311509,300.03645104736563,1.0303862064111842,103
5630000,22620.0000027733,-516706.5328717944,299.69934087542345,1.024669088303311,103
5635000,22640.000002777375,-517004.10460059764,302.904059024578,1.0236193603368984,103
5630000,22620.0000027733,-517050.68373694713,300.6364534823022,1.0269333432387866,--
5635000,22640.000002777375,-515485.8779095097,302.21238968173606,1.0275930377621683,105
5640000,22660.00000278145,-517709.8177499878,300.12900152479045,1.0295350911184005,105
5645000,22680.000002785524,-517920.1907995106,300.66013296119934,1.0271197071098253,105
5650000,22700.0000027896,-517316.08171673934,300.27808050976574,1.0271935069097924,104
5655000,22720.000002793673,-517062.22966712504,299.6648707928699,1.025103647990527,104
5660000,22740.000002797748,-516087.14201745996,297.2847600897135,1.0252205271031392,104
5665000,22760.000002801822,-517178.66954822,299.05648934564385,1.0247835086586432,104
5670000,22780.000002805897,-517633.97986614285,299.9615346089303,1.0280518518920017,104
5675000,22800.00000280997,-517392.50063119945,302.01347126315255,1.0254143954252268,104
5680000,22820.000002814046,-517209.2889682164,300.00457239657675,1.0277827656863672,103
5685000,22840.00000281812,-518198.481253681,302.3814051537581,1.0264495007128094,103
5690000,22860.000002822195,-517012.9849275239,301.2117647979345,1.0236691050975002,103
5695000,22880.00000282627,-515547.1972307465,302.89740651095366,1.0232014925279198,103
5700000,22900.000002830344,-517915.815339996,302.2665620028353,1.0286908505264916,103
5705000,22920.00000283442,-517298.2075344417,300.34829378913304,1.0295513931935951,103
5710000,22940.000002838493,-517599.5546969047,301.86649235356765,1.03033827026618,103
5715000,22960.000002842567,-515881.1356253128,301.2236064626217,1.0305200725761838,103
5720000,22980.000002846642,-517865.57718048943,302.8441587869327,1.0274018388760728,103
5725000,23000.000002850717,-516678.7580186883,302.703843522477,1.028272847215244,103
5730000,23020.00000285479,-517375.07916584145,302.8520739579717,1.0299883313833043,103
5735000,23040.000002858866,-517969.5677017751,301.5854330861096,1.0277081598942526,103
5740000,23060.00000286294,-516217.14177898597,298.7659634754371,1.0287722877561336,103
5745000,23080.000002867015,-517359.4605302389,301.6806365975215,1.0235623619328365,103
5750000,23100.00000287109,-517177.9360039027,303.2726803124138,1.0289044405969598,103
5755000,23120.000002875164,-517938.81223003357,301.4819580349861,1.028103702670005,103
5760000,23140.00000287924,-516926.7687995604,300.68330043913255,1.0261663118122704,103
5755000,23120.000002875164,-516939.3193824566,303.2292349112582,1.0286448855758707,0
5760000,23140.00000287924,-517989.2190844179,301.9634030941147,1.0258977286700897,105
5765000,23160.000002883313,-516467.4666785777,300.73045536112846,1.0264291628027853,105
5770000,23180.000002887387,-516035.18090418936,298.222091446597,1.0262067520985187,104
5775000,23200.000002891462,-517067.19210084155,300.7248247096104,1.026575282091503,104
5780000,23220.000002895536,-516395.1164181831,303.2152407572624,1.024958173950549,104
5785000,23240.00000289961,-516437.4252475188,299.961836864547,1.0252698743756725,104
5790000,23260.000002903686,-516765.3959973485,300.28213267568253,1.0329961976351554,103
5795000,23280.00000290776,-517727.81188348774,301.83094729526397,1.0257488028216708,103
5800000,23300.000002911835,-517684.07599295746,299.7768015893811,1.0305376535170412,103
5805000,23320.00000291591,-517180.60911992216,301.8617569797845,1.0263290827710152,103
5810000,23340.000002919984,-517146.13398967613,299.85676678768306,1.023397684304788,103
5815000,23360.00000292406,-517620.5004843592,299.2484268080553,1.025729471212935,103
5820000,23380.000002928133,-516894.85692628985,301.9227753910791,1.0266468250521872,103
5825000,23400.000002932207,-516040.42948179087,301.5655462847083,1.0254195454319008,102
5830000,23420.00000293628,-517398.61851774575,300.34513404767176,1.0287249972523957,102
5835000,23440.000002940356,-516567.87228169106,300.59102565556805,1.0265834013870478,102
5840000,23460.00000294443,-517632.03630793723,299.95899562645457,1.0287679392356026,102
5845000,23480.000002948505,-518380.30026104813,302.18266415542115,1.0278687795379333,102
5850000,23500.00000295258,-515472.93510038406,303.4282853187507,1.0274260971108051,102
5855000,23520.000002956654,-517135.7234772772,301.3569807982747,1.0251737625424548,102
5860000,23540.00000296073,-517793.98904146976,303.2393551206924,1.027976543273632,102
5865000,23560.000002964804,-517042.076653891,299.7378921534582,1.0271002887545764,102
5870000,23580.000002968878,-516902.6063442149,300.5356593906989,1.0283468277867172,102
5875000,23600.000002972953,-517196.8867629294,297.52815750229905,1.0273391660059445,102
5880000,23620.000002977027,-517455.99902516115,301.34717572924177,1.0264953279989213,102
5885000,23640.0000029811,-515914.17962146807,300.90850252476736,1.0270089712006802,102
5890000,23660.000002985176,-517597.1701381777,300.4497606511128,1.0258382717009884,102
5895000,23680.00000298925,-516729.18195801787,300.44911801687,1.0304675694410523,102
5900000,23700.000002993325,-517452.70737524447,301.47815011979395,1.024323637484731,102
5905000,23720.0000029974,-517877.69710420794,301.44806231726,1.0261789323251602,102
5910000,23740.000003001474,-516300.7603820681,302.5916872805966,1.0267264027650849,102
5915000,23760.00000300555,-516316.51284794277,301.23652352248234,1.0253256609532235,102
5920000,23780.000003009623,-517650.0151272735,301.15770975867355,1.0268669384202476,102
5925000,23800.000003013698,-516564.5836311192,300.5236168232359,1.0260908064450158,102
5930000,23820.000003017773,-516441.0834620043,302.8694725922871,1.0294607206879127,102
5935000,23840.000003021847,-517812.12568582315,300.6873432075297,1.023702756144606,102
5940000,23860.00000302592,-517744.5678530843,300.2270702677011,1.0253653138502927,102
5945000,23880.000003029996,-516250.50257620006,300.0440398489146,1.024836052328346,102
5950000,23900.00000303407,-517890.3923674107,301.90576947126385,1.0281024802731187,102
5955000,23920.000003038145,-517013.8840197276,300.72201245101957,1.0280782363946968,102
5960000,23940.00000304222,-516884.7513913482,299.0400660421498,1.0257755729285136,102
5965000,23960.000003046294,-519117.70573673234,301.06570685028214,1.0296412662101775,102
5970000,23980.00000305037,-516776.8510814302,300.8200302442253,1.026959434900838,102
5975000,24000.000003054443,-516763.76777613955,303.1252257309059,1.0266065003650973,102
5980000,24020.000003058518,-515560.4048893028,299.88807538043585,1.022199563773747,102
5985000,24040.000003062592,-516044.0743379991,301.6874983679675,1.0266553079491418,102
5990000,24060.000003066667,-517368.0509150063,301.3663095537974,1.0295793409227112,101
5995000,24080.00000307074,-516516.2813720966,301.83625814400403,1.0244681939692555,101
6000000,24100.000003074816,-517162.4383425964,301.97305385585264,1.0235772922960606,101
6005000,24120.00000307889,-517373.7514982817,300.00496126925555,1.03006052548763,101
6010000,24140.000003082965,-517381.3255152388,300.43801869609854,1.025795255113637,101
6015000,24160.00000308704,-518040.867665868,302.2579883563725,1.0268342647800583,101
6020000,24180.000003091114,-516277.36448559817,302.5969611956607,1.0273028277261775,101
6025000,24200.00000309519,-516859.89987569954,300.5537431120552,1.0230549582346413,101
6030000,24220.000003099263,-517056.13254199154,298.2644992447547,1.0291039932058852,101
6005000,24120.00000307889,-516533.4756619134,303.2980886547057,1.0253596287544573,0
6010000,24140.000003082965,-517129.3448565991,302.32923225060557,1.0269495298781643,104
6015000,24160.00000308704,-517769.93023919035,300.6565523932111,1.0270280784529051,104
6020000,24180.000003091114,-516624.9990467238,302.3351026562807,1.0271726999440027,103
6025000,24200.00000309519,-516578.7802448594,301.3967374552373,1.0279813421173738,103
6030000,24220.000003099263,-515483.7183653312,300.4567243382497,1.0274280464412757,103
6035000,24240.000003103338,-517532.04330092855,302.9820698843562,1.0267704013062349,103
6040000,24260.000003107412,-516400.8146914656,300.03492745865793,1.0283575410857588,103
6045000,24280.000003111487,-517960.0499176581,301.345799353858,1.0229887502871753,102
6050000,24300.00000311556,-517929.16942116246,302.30616957466066,1.0278314693570252,102
6055000,24320.000003119636,-516956.3553220886,304.6154540364547,1.025857782674002,102
6060000,24340.00000312371,-516425.0106150957,300.9289006619176,1.0244986463617332,102
6065000,24360.000003127785,-516653.7428282958,298.7417651054068,1.0259529367873081,102
6070000,24380.00000313186,-517429.99110936304,301.2787935620806,1.0264945801232477,102
6075000,24400.000003135934,-515811.5249556636,302.67486103509526,1.0250946985251144,102
6080000,24420.00000314001,-516496.2905284213,303.4447509668562,1.022805424659192,102
6085000,24440.000003144083,-516608.94730083365,299.1703062431437,1.0279268133969555,102
6090000,24460.000003148158,-516497.2147405688,299.4067953576095,1.0274793410270202,102
6095000,24480.000003152232,-515994.6408198918,300.78288057971304,1.0204497021798449,102
6100000,24500.000003156307,-517212.98229185306,299.84999423930793,1.0240538390442127,102
6105000,24520.00000316038,-516807.8603547157,301.02317383430955,1.0281701693328844,102
6110000,24540.000003164456,-517194.03558520065,300.3767134600714,1.0266509713405256,102
6115000,24560.00000316853,-515849.68506704853,302.2975725184991,1.0264438629060262,102
6120000,24580.000003172605,-517018.25224779244,299.4648945378529,1.0252981223062363,103
6125000,24600.00000317668,-517542.70483798115,299.4139065205425,1.0263023215718132,103
6130000,24620.000003180754,-516478.49945438374,300.62164306809666,1.02954761580421,103
6135000,24640.00000318483,-517204.2789305211,302.9348576366908,1.0290885756690946,103
6140000,24660.000003188903,-516543.1344647433,301.3284963715056,1.0294358685637908,103
6145000,24680.000003192978,-515779.816707395,301.36034842254287,1.0227062038416028,103
6150000,24700.000003197052,-517518.740555814,300.5829848326831,1.028953363431434,103
6155000,24720.000003201127,-517129.4625770382,303.13350522666644,1.0261392618324603,103
6160000,24740.0000032052,-517301.1747503106,301.99856175974656,1.028138675376025,103
6165000,24760.000003209276,-517475.32871707086,299.53761968048866,1.0286100718705973,103
6170000,24780.00000321335,-516978.9873837794,298.37946384980467,1.0245732936253424,103
6175000,24800.000003217425,-515590.15374124586,303.49740138633604,1.024698086229914,103
6180000,24820.0000032215,-516079.35138996947,300.26840962329936,1.02091710437396,103
6185000,24840.000003225574,-517739.3865787133,300.2078279401792,1.0245871948240208,103
6190000,24860.00000322965,-516273.5991898144,299.4740565761041,1.024300434414865,103
6195000,24880.000003233723,-517605.4365969356,298.9656719019597,1.0238093023493622,103
6200000,24900.000003237798,-517096.9024489557,302.65507862950915,1.0297058001895223,103
6205000,24920.000003241872,-516826.6784915873,300.76671746050255,1.024788951870927,103
6210000,24940.000003245947,-516666.96015774435,299.37380288278354,1.022549124875509,103
6215000,24960.00000325002,-516682.72984880954,300.84059259584325,1.0257561580525094,103
6220000,24980.000003254096,-515809.6902326327,302.0963462837316,1.0206309233981758,103
6225000,25000.00000325817,-516579.74802926416,302.0100554249644,1.0203838725646523,103
6230000,25020.000003262245,-517176.1551773618,301.32441742012884,1.027599414423556,103
6235000,25040.00000326632,-517855.6726031394,297.8184143983791,1.0268659348036304,103
6240000,25060.000003270394,-517714.28595247446,303.1442193317006,1.0275055674583604,103
6245000,25080.00000327447,-517143.74133138894,304.2898530730612,1.0234167008541535,103
6250000,25100.000003278543,-517196.8670239269,301.58448985351356,1.0204338213934099,103
6255000,25120.000003282617,-517337.04725630884,297.3734055380642,1.028364945861312,103
6260000,25140.000003286692,-518018.4688488075,302.0473248576287,1.0250752235506275,103
6265000,25160.000003290766,-517492.8252382793,302.29357423436255,1.0288454149840456,103
6270000,25180.00000329484,-516345.849092545,300.65345466884656,1.0280974602145516,103
6275000,25200.000003298916,-517345.24316268694,301.2458101251358,1.026143190829183,103
6280000,25220.00000330299,-516510.908208373,300.8882434111169,1.0253080207412208,103
6285000,25240.000003307065,-518611.98594907415,300.37506263477076,1.0301736703459947,103
6290000,25260.00000331114,-516804.779069724,300.25735063708026,1.0288024260658042,103
6295000,25280.000003315214,-517001.5618934729,302.48262299289723,1.023527820350095,103
6300000,25300.00000331929,-517180.5481941439,300.7388751636901,1.0269149869655878,103
6305000,25320.000003323363,-517518.0055806623,301.4708193041799,1.026366501635511,103
6310000,25340.000003327437,-516557.7127099987,302.053712376642,1.0241783349846985,103
6315000,25360.000003331512,-517330.65646246565,300.71659808503625,1.027696999163184,103
6320000,25380.000003335586,-516501.5661753118,299.98280818926673,1.0257644788816271,103
6325000,25400.00000333966,-517803.58079413185,299.787905067434,1.0293312703834645,103
6330000,25420.000003343735,-516412.9511874558,300.30672462479106,1.0227129978435496,103
6335000,25440.00000334781,-517095.07679835754,301.1355792665866,1.0274474625771068,103
6340000,25460.000003351885,-516190.12325911364,300.4716492885893,1.0213778251809276,103
6345000,25480.00000335596,-517708.070012453,299.2011197057746,1.024867112318316,103
6350000,25500.000003360034,-516164.15164257586,301.71082356035834,1.0255954476702083,103
6355000,25520.000003364108,-516077.55739355413,299.87565087382796,1.0240896719304284,103
6360000,25540.000003368183,-516755.694905397,302.1051524627585,1.0251080600157703,103
6365000,25560.000003372257,-516120.98561541806,300.95927121798474,1.0268041312844274,103
6370000,25580.00000337633,-518864.6916372818,300.44056799812125,1.028732298325433,103
6375000,25600.000003380406,-516856.1583186309,303.7025924145097,1.0258777251326379,103
6380000,25620.00000338448,-516966.06894640625,303.2475302298994,1.0271626261581435,103
6385000,25640.000003388555,-516184.77124713757,302.30014823882715,1.0208812977143182,103
6390000,25660.00000339263,-517148.979912658,301.14229493132297,1.02426661306683,103
6395000,25680.000003396704,-516976.51448009885,298.9708405203835,1.0224181428203452,103
6400000,25700.00000340078,-517222.63964619883,300.11785284072096,1.0252486929699929,103
6405000,25720.000003404853,-516760.8767588623,300.3066380919051,1.023975018102585,103
6410000,25740.000003408928,-516582.70689531835,297.77765672477574,1.0226320264320503,103
6415000,25760.000003413003,-517844.84383818135,301.7995407249736,1.029035892349431,103
6420000,25780.000003417077,-516582.48374901013,301.2419141877083,1.0269259930075718,103
6425000,25800.00000342115,-517743.17573098093,299.90672445320126,1.0296929416985632,103
6430000,25820.000003425226,-517298.2310914865,300.59964377463507,1.0286125979005865,103
6435000,25840.0000034293,-516005.04795712256,299.62265946813136,1.0269973658583944,103
6440000,25860.000003433375,-516087.39941777824,299.1252760923869,1.0267130656114458,103
6445000,25880.00000343745,-517511.9446552922,301.2261490413633,1.0289512841524244,103
6450000,25900.000003441524,-517823.3796064097,302.4743189770297,1.026853977975092,103
6455000,25920.0000034456,-516040.64845151315,301.2650829051626,1.0250948835937594,103
6460000,25940.000003449673,-516540.2752747303,300.4619430724197,1.0270638908470497,103
6465000,25960.000003453748,-518066.18108180887,301.5392268152383,1.0281555768143564,103
6470000,25980.000003457822,-516386.22999640414,300.1765680323133,1.024744545424896,103
6475000,26000.000003461897,-517697.012304554,303.79396809566595,1.0276642043147504,103
6480000,26020.00000346597,-517977.2825219303,300.5760621667717,1.0260539285374874,103
6485000,26040.000003470046,-515794.5974638839,301.04056090980833,1.0222308867843175,103
6490000,26060.00000347412,-516769.02840399323,300.5586001645558,1.027605592177899,103
6495000,26080.000003478195,-516721.9572207527,302.22929959305776,1.0271703902135634,103
6500000,26100.00000348227,-515764.1050243939,300.7044426989499,1.0236637483294244,103
6505000,26120.000003486344,-518030.5110075092,299.7770936139885,1.028025133205021,103
6510000,26140.00000349042,-516548.5773010121,298.5152879873468,1.0230246950273707,103
6515000,26160.000003494493,-517189.56173586566,304.1274581753097,1.0277441903086006,103
6520000,26180.000003498568,-517134.3465551983,303.92860973294887,1.028575200265937,103
6525000,26200.000003502642,-517961.10789390537,298.82178435902205,1.0278131597825404,103
6530000,26220.000003506717,-516972.7491735737,299.73406242875944,1.0306887346457987,103
6535000,26240.00000351079,-516770.2687372535,300.2162635216388,1.0256446639509242,103
6540000,26260.000003514866,-517216.8210634121,301.22729173375643,1.0261706260446604,103
6545000,26280.00000351894,-516576.4941429696,301.1787343655307,1.026816789801609,103
6550000,26300.000003523015,-516284.4934385165,301.00506649621775,1.0271437358107802,103
6555000,26320.00000352709,-518345.81510521844,299.93333205067347,1.031437832135114,103
6560000,26340.000003531164,-516458.96723580686,299.1696362153016,1.025885205825499,103
6565000,26360.00000353524,-517182.1104061159,302.11208690438787,1.0278588259755428,103
6570000,26380.000003539313,-516476.0668473118,302.4497402265263,1.0249056232228637,103
6575000,26400.000003543388,-517230.7172152621,302.47836755012156,1.0289427094435848,103
6580000,26420.000003547462,-516903.9049897713,299.8238561690529,1.0242672502680947,103
6585000,26440.000003551537,-515647.0624996829,299.2476286849554,1.025042114176923,103
6590000,26460.00000355561,-517316.27669838094,300.75510134058834,1.0225561181343985,103
6595000,26480.000003559686,-516399.269007687,299.3640903247395,1.027676886138554,103
6600000,26500.00000356376,-517141.7320795113,301.26687743193094,1.022905017787253,103
6605000,26520.000003567835,-516577.7831317161,303.8158630446869,1.0238032087383806,103
6610000,26540.00000357191,-516336.9529997087,300.795805013791,1.025610009168469,103
6615000,26560.000003575984,-516207.8532207329,300.0224031280511,1.0225729914238249,103
6620000,26580.00000358006,-516972.1243440141,302.2377829173388,1.027050234371502,103
6625000,26600.000003584133,-516933.56866368814,302.55111881816936,1.028990654525636,103
6630000,26620.000003588208,-517006.1030279489,301.2513386038605,1.0259078887911686,103
6635000,26640.000003592282,-517430.0718417419,299.42647576881416,1.02540797036091,103
6640000,26660.000003596357,-517300.7961084752,301.81579055779815,1.0262535478493429,103
6645000,26680.00000360043,-517598.73815103015,301.8439907212557,1.0251847138216152,103
6650000,26700.000003604506,-518669.58085862617,301.8092500593999,1.0266739647397933,103
6655000,26720.00000360858,-515309.94997740304,301.17654080922654,1.0233949938620654,103
6660000,26740.000003612655,-515820.51023606374,300.58236665713247,1.0276799454206536,103
6665000,26760.00000361673,-516774.1586741912,301.1743878239947,1.024725146773694,103
6670000,26780.000003620804,-517543.5467706884,301.3578885062255,1.0270716326354017,103
6675000,26800.00000362488,-517811.388283235,301.38712929142264,1.0271897163851442,103
6680000,26820.000003628953,-517044.32079292205,301.4345759339732,1.0216942200111667,103
6685000,26840.000003633028,-517653.4568240107,297.971832569754,1.0292104034105487,103
6690000,26860.000003637102,-517089.17042474495,301.0537795795952,1.0279568486336066,103
6695000,26880.000003641177,-516154.3630442475,301.50146169319135,1.023982700649508,103
6700000,26900.00000364525,-515879.5944748877,300.86011226411085,1.026467018449116,103
6705000,26920.000003649326,-515873.61181683536,302.21828713054,1.0226263266381843,103
6710000,26940.0000036534,-518050.28407349414,301.33257104048397,1.026614450114401,103
6715000,26960.000003657475,-517445.66016735113,303.20461253882445,1.0217216269452778,103
6720000,26980.00000366155,-516716.88324568514,303.72360872336037,1.0266716898589265,103
6725000,27000.000003665624,-517347.6849969453,300.3209657191234,1.0283620240325961,103
6730000,27020.0000036697,-517242.7033952852,299.7107224293393,1.0286879189093032,103
6735000,27040.000003673773,-517610.7233958354,301.38682552386575,1.0291700808701354,103
6740000,27060.000003677847,-516851.2630911472,301.87507110610943,1.0258605260740892,103
6745000,27080.000003681922,-517513.8007357351,300.12171357087664,1.0284639134709181,103
6750000,27100.000003685996,-518243.55942609534,303.53652149194716,1.0280561780133703,103
6755000,27120.00000369007,-518246.90493351826,297.7194761959708,1.0237878185376663,103
6760000,27140.000003694146,-517677.19429161865,302.64528133651424,1.0289568980168255,103
6765000,27160.00000369822,-517181.88348945626,301.07045836610166,1.0267261736496653,103
6770000,27180.000003702295,-516899.8944561682,299.561130935538,1.0250078230513222,103
6775000,27200.00000370637,-516528.2765080319,303.10330954840464,1.027564647103182,103
6780000,27220.000003710444,-517312.6334515277,301.98216843240465,1.0264842724619077,103
6785000,27240.00000371452,-516651.18611785676,303.6103227549664,1.024351000621855,103
6790000,27260.000003718593,-517404.35083924676,303.54661304714966,1.0261955290636797,103
6795000,27280.000003722667,-516524.3620036829,302.6223488509118,1.025936802383546,103
6800000,27300.000003726742,-516410.85592375253,299.23055169140406,1.0252125125293357,103
6805000,27320.000003730816,-516197.3417105961,302.3407673806742,1.0251870701103676,103
6810000,27340.00000373489,-515771.0038839625,302.1723479286454,1.0226065788374983,103
6815000,27360.000003738965,-516647.1257133798,302.52756363258806,1.0256912137346041,103
6820000,27380.00000374304,-517655.3327967096,299.54042400771664,1.0275960913651363,103
6825000,27400.000003747115,-517265.2029196003,302.008473353268,1.0257152701483554,103
6830000,27420.00000375119,-516492.1223599615,299.7760392018035,1.0248989434548545,103
6835000,27440.000003755264,-516810.016432171,302.26876147980244,1.0279161207402105,103
6840000,27460.000003759338,-516881.06076564174,302.7576992041978,1.0282056584055463,103
6845000,27480.000003763413,-516619.6499722011,300.7442999434224,1.0256106182615032,103
6850000,27500.000003767487,-515776.51823375234,301.94055796051765,1.0241496448094842,103
6855000,27520.00000377156,-516855.0364265598,301.60835875349466,1.0229880020833948,103
6860000,27540.000003775636,-516991.78061175183,300.72603222064396,1.026382722142264,103
6865000,27560.00000377971,-515289.8187349329,302.1409615312285,1.0234916938467127,103
6870000,27580.000003783785,-517669.1778215633,301.2943648171296,1.025977740672987,103
6875000,27600.00000378786,-517523.14119356615,299.00871295486576,1.0262911414116482,103
6880000,27620.000003791934,-518332.7276129853,299.85533651587605,1.023857924512184,103
6885000,27640.00000379601,-516971.363112831,302.77613957379924,1.0250016602681828,103
6890000,27660.000003800084,-515248.17556878785,300.32162085383084,1.0244613760055528,103
6895000,27680.000003804158,-517185.05654250924,301.3804950682749,1.025554795560921,103
6900000,27700.000003808233,-517381.79293081234,302.6201069767431,1.0285238801226493,103
6905000,27720.000003812307,-516096.2492051006,299.2552696796569,1.0280362283539692,103
6910000,27740.00000381638,-517206.72974097705,302.8667147919179,1.0253370648844,103
6915000,27760.000003820456,-517055.9685165514,302.2372860295324,1.025213487136996,103
6920000,27780.00000382453,-516759.53547016927,302.7912266975412,1.0264131374106802,103
6925000,27800.000003828605,-516884.9499409143,302.4043220956944,1.024374580747457,103
6930000,27820.00000383268,-516378.8882495102,300.4426434677846,1.030483513287119,103
6935000,27840.000003836754,-516527.53346443526,300.59249733445535,1.0239674056236967,103
6940000,27860.00000384083,-516314.7938966884,302.3407041878868,1.0289557262955,103
6945000,27880.000003844903,-517853.6814928476,298.8730151868578,1.0260793156178412,103
6950000,27900.000003848978,-516486.733811751,299.96904643554694,1.0269996118900948,103
6955000,27920.000003853052,-516788.2503455528,301.2987399224164,1.0240765719020968,103
6960000,27940.000003857127,-518239.9982639265,300.9281034156445,1.026173835401744,103
6965000,27960.0000038612,-518094.7479295456,301.14829731914006,1.0350430107678135,103
6970000,27980.000003865276,-516337.6990252263,301.39636858266937,1.0250191946048914,103
6975000,28000.00000386935,-516921.0792704676,300.19901386417894,1.023720411786242,103
6980000,28020.000003873425,-516029.07414488564,298.2237897053581,1.0223526588713554,103
6985000,28040.0000038775,-515881.4678926568,300.123988199682,1.0258085287668506,103
6990000,28060.000003881574,-517413.8206244409,299.58420633307793,1.027037727012744,103
6995000,28080.00000388565,-517417.84962165426,302.56389982052127,1.0273063040328467,103
7000000,28100.000003889723,-515780.4219867978,302.0235149111133,1.0273680338045341,103
7005000,28120.000003893798,-517077.39476800896,302.9582865094981,1.0304487857956706,103
7010000,28140.000003897872,-517840.45727665,302.8004855588166,1.0268477468781887,103
7015000,28160.000003901947,-516533.6616437724,300.69062754650133,1.0212611182182454,103
7020000,28180.00000390602,-516772.4769784538,298.236025715513,1.0258795987820715,103
7025000,28200.000003910096,-517938.42912531784,299.8387287786706,1.0307130934228577,103
7030000,28220.00000391417,-517096.88470508787,298.0286875932109,1.0289359237856641,103
7035000,28240.000003918245,-517342.1192878103,301.35162204675817,1.0316940049108116,103
7040000,28260.00000392232,-516900.2697049978,302.57053422010307,1.0300976393211507,103
7045000,28280.000003926394,-516002.665145837,303.2717577996137,1.0235614277250804,103
7050000,28300.00000393047,-519164.12915321556,300.4138938782263,1.0265871688951669,103
7055000,28320.000003934543,-517331.2663416695,304.1366010087763,1.0266318930418303,103
7060000,28340.000003938618,-517238.67787179607,299.9996968519542,1.028386077788734,103
7065000,28360.000003942692,-517829.6134322728,300.0371793240981,1.0236624796573026,103
7070000,28380.000003946767,-517339.1341843647,301.0725707018042,1.0252340972906786,103
7075000,28400.00000395084,-517204.4412166744,301.7226322972072,1.0270278184253743,103
7080000,28420.000003954916,-516517.63434906816,302.8455196541754,1.0262066880889313,103
7085000,28440.00000395899,-518596.46064664517,297.69569809403595,1.0264549970331116,103
7090000,28460.000003963065,-516233.9667655758,298.10210865196234,1.0280107799898928,103
7095000,28480.00000396714,-517842.66188973957,298.7809585700268,1.0263216067785519,103
7100000,28500.000003971214,-515953.50810478535,298.2066050288404,1.0250547629104594,103
7105000,28520.00000397529,-517158.63004144887,298.83296023373873,1.0225848251757121,103
7110000,28540.000003979363,-515867.3996042493,301.65346233720817,1.0219702187452446,103
7115000,28560.000003983438,-516395.6037782228,302.2667952888692,1.0255092498940344,103
7120000,28580.000003987512,-516558.1013958375,302.48342603605846,1.0291076182573187,103
7125000,28600.000003991587,-517973.4526615718,303.2749955332233,1.0245013071442224,103
7130000,28620.00000399566,-517345.1193169835,299.2498989585996,1.022893744021707,103
7135000,28640.000003999736,-517488.6139856938,300.52402803893006,1.0267547820882945,103
7140000,28660.00000400381,-516612.22713797167,301.610923603471,1.0267930701730983,103
7145000,28680.000004007885,-516653.13757683244,301.7353750896728,1.02305267057656,103
7150000,28700.00000401196,-517347.4630220658,301.89340211196435,1.0199190036705705,103
7155000,28720.000004016034,-517033.65016648103,304.3547922972739,1.0260747791196891,103
7160000,28740.00000402011,-518086.41996339965,302.34405366798455,1.0262053951709578,103
7165000,28760.000004024183,-517038.3459529916,299.89450992901953,1.0254335999849924,103
7170000,28780.000004028258,-517028.85156652215,300.9003453528067,1.025521077366513,103
7175000,28800.000004032332,-517531.7038995994,302.5667699039076,1.0266098888796231,103
7180000,28820.000004036407,-517387.98160328064,300.39133839596906,1.0247207305233976,103
7185000,28840.00000404048,-516735.49691606034,299.18412683783174,1.0245902845884303,103
7190000,28860.000004044556,-517167.4284274136,300.66366093993753,1.028154985658808,103
7195000,28880.00000404863,-517245.2778446772,300.725447850097,1.025932649661058,103
7200000,28900.000004052705,-517095.4222273135,300.9871233424343,1.0282156308559713,103
7205000,28920.00000405678,-517596.2702713988,300.99965042412936,1.0284834918042889,103
7210000,28940.000004060854,-517226.2345580389,303.77812590225375,1.028712796926674,103
7215000,28960.00000406493,-516773.114379762,300.122290343196,1.0239176831470314,103
7220000,28980.000004069003,-516515.60089257336,299.21102861465926,1.026074094541031,103
7225000,29000.000004073077,-516654.7742641105,303.0488517115127,1.027406678459605,103
7230000,29020.000004077152,-516859.8414153091,300.7647443429352,1.025964600282703,103
7235000,29040.000004081227,-516144.0068590916,301.7807811819973,1.0212773718750254,103
7240000,29060.0000040853,-517284.38475639257,300.86762617873956,1.0264212264110284,103
7245000,29080.000004089376,-515938.2544022384,301.31796661111724,1.023186089973839,103
7250000,29100.00000409345,-517324.462904138,301.637389992372,1.0270251962429502,103
7255000,29120.000004097525,-516370.0288054587,303.0294134446667,1.0243933778764804,103
7260000,29140.0000041016,-516435.1602304552,299.402039441677,1.0288525979185996,103
7265000,29160.000004105674,-517125.0244560456,302.11646305889394,1.0242886247411953,103
7270000,29180.00000410975,-517335.6675520404,302.11753858220806,1.0271778258674789,103
7275000,29200.000004113823,-516081.2179283167,298.1506802579901,1.0249710894897446,103
7280000,29220.000004117897,-515987.37293749047,300.6931492612408,1.0215981471127993,103
7285000,29240.000004121972,-518084.9401810393,302.63101774982766,1.0263465550037918,103
7290000,29260.000004126046,-516610.0800215823,300.2670592126394,1.0285625141250614,103
7295000,29280.00000413012,-515945.4288293149,297.9230893244038,1.0252729876104196,103
7300000,29300.000004134195,-514735.237340468,299.0354167004793,1.0216275713306786,103
7305000,29320.00000413827,-516019.513121865,301.03343720454313,1.0275960507056523,103
7310000,29340.000004142345,-517156.5326211618,302.84301067180616,1.0272844525649483,103
7315000,29360.00000414642,-517797.54276429466,300.4905108605598,1.0270435336213326,103
7320000,29380.000004150494,-517094.005852347,300.87402133928913,1.0260504480299693,103
7325000,29400.000004154568,-516156.7827457546,302.40920856397173,1.024177999304468,103
7330000,29420.000004158643,-515717.0732546267,298.9020167661147,1.0253236149855525,103
7335000,29440.000004162717,-516355.9289706799,300.5369969530586,1.0274383318252973,103
7340000,29460.00000416679,-516478.7289437002,299.00730101288144,1.0279939794627284,103
7345000,29480.000004170866,-516735.1006725293,299.3388835728836,1.0214029850303166,103
7350000,29500.00000417494,-516758.40460481565,297.9075670350416,1.0242097383005928,103
7355000,29520.000004179015,-516089.1248647396,300.4574788272342,1.022837183233551,103
7360000,29540.00000418309,-516934.4905654702,300.19709026544746,1.0271369454228534,103
7365000,29560.000004187164,-516950.4469675578,301.8235695671357,1.0238304297672616,103
7370000,29580.00000419124,-517938.561706515,301.2862106204439,1.0219108175956138,103
7375000,29600.000004195314,-516536.30500769755,304.8920429646639,1.0259641808831845,103
7380000,29620.000004199388,-518081.21104862797,302.10136695275946,1.0286750087399326,103
7385000,29640.000004203463,-516768.41363148624,298.35313513613767,1.0235879840985513,103
7390000,29660.000004207537,-517184.8013121772,298.25888760375267,1.026250842309571,103
7395000,29680.00000421161,-517910.7272308392,302.0656701389815,1.0264266135224116,103
7400000,29700.000004215686,-517393.19414680474,301.74969983026307,1.0273671934220094,103
7405000,29720.00000421976,-516542.101013419,301.9466631534624,1.0267310031874834,103
7410000,29740.000004223835,-515985.4390485948,305.3536541279041,1.0231215328671672,103
7415000,29760.00000422791,-517109.2135235416,300.1446993231691,1.025228860962651,103
7420000,29780.000004231984,-516690.63510701223,299.3314476493985,1.0258700035437285,103
7425000,29800.00000423606,-516725.86492786906,302.004994819106,1.0235471588621952,103
7430000,29820.000004240133,-516632.35356878233,298.8403341949629,1.0272477424689603,103
7435000,29840.000004244208,-517231.3218168996,300.42625192159096,1.0231800253237382,103
7440000,29860.000004248282,-517133.5630423415,304.4071146269838,1.0260589827206086,103
7445000,29880.000004252357,-516637.4424068639,301.8182088612753,1.0324626631066647,103
7450000,29900.00000425643,-516175.1870504003,298.72381382488214,1.0252938380424181,103
7455000,29920.000004260506,-516138.3913334673,302.1985781229978,1.0246629907193872,103
7460000,29940.00000426458,-517782.6368747547,302.9331645689834,1.0292820658326662,103
7465000,29960.000004268655,-514557.40232145484,303.03684480628266,1.025070133677895,103
7470000,29980.00000427273,-516525.3098877305,303.4529383154662,1.022742616619621,103
7475000,30000.000004276804,-515962.1481909293,300.06499562852235,1.0231657118605397,103
7480000,30020.00000428088,-517736.1648850711,299.43278440307233,1.0254649264747544,103
7485000,30040.000004284953,-517530.52992501133,302.2520696225728,1.0245855776123824,103
7490000,30060.000004289028,-518259.58207119885,299.21991971415724,1.0301982168121926,103
7495000,30080.000004293102,-516754.06316898647,302.3729229571979,1.0286994334145,103
7500000,30100.000004297177,-516997.1628678574,302.4978320717232,1.023961002686621,103
7505000,30120.00000430125,-516830.9642164123,300.64306259025255,1.0267785835453458,103
7510000,30140.000004305326,-518266.57790307514,301.28745647066637,1.0228624637293628,103
7515000,30160.0000043094,-516617.4037394321,300.8549270507841,1.0274377640798742,103
7520000,30180.000004313475,-516417.8207111191,300.0097295259404,1.0250874678201987,103
7525000,30200.00000431755,-517604.00673496,300.02934151714805,1.0281770506734456,103
7530000,30220.000004321624,-516579.5789640257,299.0002288164826,1.0205616401810167,103
7535000,30240.0000043257,-516611.15649158857,301.3397582434342,1.0238477559139758,104
7540000,30260.000004329773,-516002.7249887753,297.70990084624975,1.0250193379947155,104
7545000,30280.000004333848,-518470.8368912763,300.05275227430906,1.0309219579914797,104
7550000,30300.000004337922,-516988.54352277354,302.08475613410315,1.0240439139908493,104
7555000,30320.000004341997,-516074.891315324,301.05992819036663,1.0229327535819637,104
7560000,30340.00000434607,-517979.9872108074,300.77096733694026,1.024424279502398,104
7565000,30360.000004350146,-517719.01562641887,300.48390821262865,1.0249205152648293,104
7570000,30380.00000435422,-516085.2689803152,298.3890341057362,1.0271477403298934,104
7575000,30400.000004358295,-518010.5796232163,302.38542203472576,1.024794003835905,104
7580000,30420.00000436237,-516496.59106995235,303.39036854733877,1.02678134640273,104
7585000,30440.000004366444,-516907.6805960359,301.9998838985738,1.02554295581684,104
7590000,30460.00000437052,-515823.103082377,301.5403807954333,1.0265867428117659,104
7595000,30480.000004374593,-517433.38454379817,298.13665676224235,1.02607500584452,104
7600000,30500.000004378668,-517045.5777739906,303.509415787773,1.0239181596249853,104
7605000,30520.000004382742,-517696.45415872266,301.60506116576266,1.0283951852569437,104
7565000,30360.000004350146,-517575.87827204936,303.3230338169268,1.0301101251069307,--
7570000,30380.00000435422,-516731.0121766848,301.56916417284975,1.0253116071254125,104
7575000,30400.000004358295,-517379.0086826866,301.4902473074724,1.0301033364372916,104
7580000,30420.00000436237,-516809.8581727226,301.51229715899683,1.0317260237967953,103
7585000,30440.000004366444,-517301.63405404356,303.2218412995071,1.0296126334350186,103
7590000,30460.00000437052,-517498.3140094916,301.937964399766,1.0274298649438411,103
7595000,30480.000004374593,-517558.6836683445,300.7137646033036,1.0229638623721866,103
7600000,30500.000004378668,-516282.6098161349,301.2136018990606,1.0204617086652068,103
7605000,30520.000004382742,-517040.28232325753,300.408078452797,1.0234603715723414,103
7610000,30540.000004386817,-516981.7131461394,298.60919852551484,1.0259193897586902,103
7615000,30560.00000439089,-518064.09159797314,301.1307403219708,1.028364720537113,102
7620000,30580.000004394966,-517430.33497985173,297.81165840657883,1.029118566127206,102
7625000,30600.00000439904,-516908.15393006615,302.8562935610034,1.0226264848364377,102
7630000,30620.000004403115,-515588.9205174362,302.6716131543367,1.0238310215995954,102
7635000,30640.00000440719,-517285.97002666467,297.9811911628299,1.030263312848423,102
7640000,30660.000004411264,-516030.98021480185,301.47842479409104,1.023948389761362,102
7645000,30680.00000441534,-517254.62078619795,299.424065327094,1.0285687111932438,102
7650000,30700.000004419413,-518085.703688829,299.47744284132176,1.0259204126026804,102
7655000,30720.000004423488,-518192.16935438174,299.606681744198,1.0308477438181936,102
7660000,30740.000004427562,-517988.1946256701,300.92022430766076,1.028026276944844,102
7665000,30760.000004431637,-516893.58379162475,299.99641930285395,1.0266617657652317,102
7670000,30780.00000443571,-515108.6998974518,298.4371529662055,1.0244742813214234,102
7675000,30800.000004439786,-517447.16826095385,302.44114865495226,1.0289875285850745,102
7680000,30820.00000444386,-518042.908862113,300.2378383513793,1.028435387582598,102
7685000,30840.000004447935,-516222.3356281144,301.0926824830946,1.0244482067937446,102
7690000,30860.00000445201,-516669.25033497694,299.4880443003657,1.0224293900920138,102
7695000,30880.000004456084,-517198.35555381863,302.43063726451186,1.0236479380335861,102
7700000,30900.00000446016,-516181.97587591945,302.0583778718246,1.0237698854263313,102
7705000,30920.000004464233,-516555.11765295453,301.20790442036474,1.0265795679039276,102
7710000,30940.000004468307,-516939.373932227,302.106061596059,1.0253384441286881,102
7715000,30960.000004472382,-516804.91151787946,301.76279046918063,1.0247583221037218,102
7720000,30980.000004476457,-516674.6143895909,299.41749372108825,1.02717825403317,102
7725000,31000.00000448053,-517305.0616494536,299.34907687351495,1.0272716221582772,102
7730000,31020.000004484606,-517528.9296380405,302.48214209179275,1.0246472595731182,102
7735000,31040.00000448868,-516347.5643393132,299.5519612613327,1.023289149096141,102
7740000,31060.000004492755,-517424.6101491824,300.40600632783236,1.0247631061263118,102
7745000,31080.00000449683,-516702.6737417462,298.7777441026459,1.024191657120371,102
7750000,31100.000004500904,-516968.5537832815,302.4983541394565,1.0218580081410802,102
7755000,31120.00000450498,-517598.38001231384,302.6255244716859,1.0283814137219616,102
7760000,31140.000004509053,-516070.59750067885,299.928627120658,1.0223445482684401,102
7765000,31160.000004513127,-517773.76940328605,298.74424305934275,1.0265806614399895,102
7770000,31180.000004517202,-516898.6333737571,300.124484372439,1.0268123729315357,102
7775000,31200.000004521276,-516555.1633260739,300.05077993712484,1.027763532109021,102
7780000,31220.00000452535,-516245.4801536179,300.6313264365119,1.0280135620858395,102
7785000,31240.000004529425,-515893.7598887568,302.0122115678087,1.020952256911124,102
7790000,31260.0000045335,-517674.40809923876,298.55484669905417,1.0272303166418544,102
7795000,31280.000004537575,-515419.57154575596,300.55247642105513,1.022626124310072,102
7800000,31300.00000454165,-515637.9963844223,304.01343745586956,1.0267628858163975,102
7805000,31320.000004545724,-516211.97844615066,302.75627429141986,1.0238694144153315,102
7810000,31340.000004549798,-516329.54537917464,305.34761073521395,1.0273663531504804,102
7815000,31360.000004553873,-515853.77815166395,300.8422754574388,1.025257377836431,102
7820000,31380.000004557947,-516851.4487716595,298.7694073153155,1.0289496876204343,102
7825000,31400.00000456202,-516510.7498110407,297.3025858688657,1.0282580645626618,102
7830000,31420.000004566096,-516841.85822589207,300.89548988099995,1.0265098506300419,102
7835000,31440.00000457017,-516628.7862201596,299.9307115601851,1.0275480524647644,102
7840000,31460.000004574245,-517975.7459334959,300.8657830761564,1.0283965147451197,102
7845000,31480.00000457832,-516898.0644768523,302.28607856366995,1.032738287756339,102
7850000,31500.000004582394,-517844.92129429546,299.7312977481218,1.0285543759124414,102
7855000,31520.00000458647,-517688.0961965595,299.79573673767067,1.0294084170963036,102
7860000,31540.000004590544,-516735.6112071404,302.73748535751713,1.025832774606393,102
7865000,31560.000004594618,-517404.14554179506,301.6631697898286,1.0257039412895403,102
7870000,31580.000004598693,-517728.29713038565,299.6664937852542,1.0271453336347458,102
7875000,31600.000004602767,-516429.5608751222,298.8106801673272,1.0236139883977315,102
7880000,31620.00000460684,-517083.15939805866,303.8177678991408,1.0272130500650305,102
7885000,31640.000004610916,-517629.9388464885,300.37315807853474,1.028029052999534,102
7890000,31660.00000461499,-517542.39504243806,300.99746453513154,1.026275219811884,102
7895000,31680.000004619065,-516391.2187125732,303.85432612403713,1.025236076226035,102
7900000,31700.00000462314,-516770.0192607951,300.7624829435097,1.025339939595938,102
7905000,31720.000004627214,-516880.3965932019,300.77939169151324,1.0224124399417802,102
7910000,31740.00000463129,-516528.80763398064,301.95395134188146,1.0282011455954445,102
7915000,31760.000004635363,-516725.3801433472,299.975512251061,1.022161759825218,102
7920000,31780.000004639438,-517272.7198847658,300.95468019561923,1.030731032091715,102
7925000,31800.000004643513,-518057.3101857116,301.80302433851915,1.0303434311337767,102
7930000,31820.000004647587,-518301.7745750698,302.08261302740743,1.0259235720439095,102
7935000,31840.00000465166,-517710.30627135653,302.192781505618,1.0259137730948478,102
7940000,31860.000004655736,-516916.4641797808,301.25142844545223,1.024368821432397,102
7945000,31880.00000465981,-517530.7737456355,300.5017639790891,1.0293446727136357,102
7950000,31900.000004663885,-517793.7103347548,299.86892566523954,1.0274246967987657,102
7955000,31920.00000466796,-517793.98283366463,300.92590879510385,1.0275801986473116,102
7960000,31940.000004672034,-517645.2092430368,299.6796795330722,1.0310826960390191,102
7965000,31960.00000467611,-518353.3182872585,301.62109920715056,1.0301783942588607,102
7970000,31980.000004680183,-517144.1372063756,300.51906113792785,1.0281151845502252,102
7975000,32000.000004684258,-516833.77607904584,300.4504741260965,1.0268503272679708,102
7980000,32020.000004688332,-517262.1834407116,299.52581910392934,1.0273812512653582,102
7985000,32040.000004692407,-517082.2389058301,303.5393396402437,1.025157492122888,102
7990000,32060.00000469648,-516949.51767132827,301.13749958597856,1.0235252842691185,102
7995000,32080.000004700556,-516277.0972365518,300.11311645144735,1.0265325321046852,102
8000000,32100.00000470463,-517208.8981461425,303.5752479638663,1.0273675232112276,102
8005000,32120.000004708705,-517283.6164656717,301.2415184028168,1.029490791547786,102
8010000,32140.00000471278,-517076.74684999604,300.2517404545397,1.0248662014179362,102
8015000,32160.000004716854,-517601.69952672906,299.9319622576924,1.0292049500225342,102
8020000,32180.00000472093,-517724.34776796633,302.29092698398307,1.030604697202671,102
8025000,32200.000004725003,-516868.9503520222,301.37015965298986,1.0218990044963185,102
8030000,32220.000004729078,-515889.813331648,301.9606509088055,1.0239270044426527,102
8035000,32240.000004733152,-515859.54139697505,296.8201052343091,1.0242583397757494,102
8040000,32260.000004737227,-516381.86934254016,301.20180994663104,1.0269258220022788,102
8045000,32280.0000047413,-516669.4910802753,298.89022629928496,1.0265653603425902,102
8050000,32300.000004745376,-516803.2512001225,304.26115888112946,1.0253912974009312,102
8055000,32320.00000474945,-517384.7533343581,300.81389761151223,1.0275735663579333,102
8060000,32340.000004753525,-517394.27742525004,300.7555140339737,1.0256504209923811,102
8065000,32360.0000047576,-517420.20930855535,300.1036192461106,1.0259413338878574,102
8070000,32380.000004761674,-516177.1176626878,300.21970562252545,1.0291742463694131,102
8075000,32400.00000476575,-518046.4910000467,301.5707254661472,1.0273513527710871,102
8080000,32420.000004769823,-516851.5722279062,299.63109953814336,1.029296084475881,102
8085000,32440.000004773898,-518092.7188943324,301.23709052633905,1.0292777372548922,102
8090000,32460.000004777972,-517429.5569380908,301.61608933836624,1.0292022552333964,102
8095000,32480.000004782047,-515874.0085450958,299.8182509831222,1.0237352322140372,102
8100000,32500.00000478612,-516814.43962013186,298.85227147825935,1.0265889879014756,102
8105000,32520.000004790196,-518204.9865129611,300.6153548402578,1.0255766593812687,102
8110000,32540.00000479427,-516954.25614350266,299.6339606929313,1.023829944525776,102
8115000,32560.000004798345,-515983.7764737052,303.3847631051221,1.024046971139423,102
8120000,32580.00000480242,-517166.76749830483,301.42247255062443,1.0286142838444667,102
8125000,32600.000004806494,-516449.1073114732,297.85156423273565,1.0273610062958374,102
8130000,32620.00000481057,-516911.5563147669,299.1649943553076,1.0244337625497175,102
8135000,32640.000004814643,-518207.9072109,303.1932395593874,1.0323285228516137,102
8140000,32660.000004818718,-517395.2997919854,300.8100135387613,1.0252624620983422,102
8145000,32680.000004822792,-517189.39597492595,302.91977140993674,1.0258007029783167,102
8150000,32700.000004826867,-516619.69280292885,300.64639994153646,1.027076806325432,102
8155000,32720.00000483094,-516447.27410392533,302.7970790135942,1.0265598361533872,102
8160000,32740.000004835016,-517062.3390422391,301.8029364321412,1.0283207996936947,102
8165000,32760.00000483909,-517154.57817020244,300.9954599692584,1.0255535304642904,102
8170000,32780.00000484316,-517471.4809964155,297.66169787498035,1.0252487272748332,102
8175000,32800.000004847236,-517986.3705699777,303.06667119123153,1.0261023806640532,102
8180000,32820.00000485131,-517671.07006760035,302.8528328810239,1.0275255051131738,102
8185000,32840.000004855385,-516030.3071457085,301.8846286352402,1.0266385974913343,102
8190000,32860.00000485946,-517995.70352866384,299.2252882407286,1.0281776046109388,102
8195000,32880.000004863534,-517904.2099551135,300.6800583231395,1.0258490508661422,102
8200000,32900.00000486761,-517676.6219623105,300.07453219632157,1.0292305297589999,102
8205000,32920.00000487168,-517209.23078239337,302.51967153888853,1.0241379919364193,102
8210000,32940.00000487576,-516734.6847699953,297.28565502582234,1.0255537990858838,102
8215000,32960.00000487983,-516850.2733936303,304.3901700691045,1.0281864817968693,102
8220000,32980.00000488391,-516465.0439642088,302.0683925984367,1.0275898520471751,102
8225000,33000.00000488798,-516953.7298568196,301.61879763300317,1.0267697893315713,102
8230000,33020.000004892056,-515224.3777902748,300.6562862581055,1.0247023464242182,102
8235000,33040.00000489613,-516777.5765666892,300.34553215286144,1.0230213811190463,102
8240000,33060.000004900205,-516645.81330292136,302.3682843175983,1.0262623315247543,102
8245000,33080.00000490428,-516664.99614628125,299.8447054434045,1.0235179726835257,102
8250000,33100.000004908354,-515599.64706886397,300.14919501564344,1.0216915044720618,102
8255000,33120.00000491243,-517337.44035837054,300.1234848294343,1.0259180465333004,102
8260000,33140.0000049165,-516428.00536673237,299.02742353314017,1.0274708188519603,102
8265000,33160.00000492058,-516796.6981752468,299.1639629545284,1.0249037342311276,102
8270000,33180.00000492465,-516851.4016738115,301.7928162954614,1.0267031833397307,102
8275000,33200.00000492873,-517107.799116696,299.592492960367,1.02596198652919,102
8280000,33220.0000049328,-516503.60712861666,301.68864697765,1.0249653888399273,102
8285000,33240.000004936875,-517218.763584438,302.1490652299472,1.0255757063814874,102
8290000,33260.00000494095,-516559.8373713726,300.9919286656706,1.0253119815675829,102
8295000,33280.000004945025,-517194.7081472243,299.4772997897916,1.025863155354658,102
8300000,33300.0000049491,-516859.6333289726,300.39558598251284,1.0255122035380437,102
8305000,33320.00000495317,-517110.60008413554,301.7636243292673,1.0246541102590145,102
8310000,33340.00000495725,-516839.04575703316,299.4270146838072,1.0251451392964823,102
8315000,33360.00000496132,-515670.99614507076,302.04039552806194,1.0256200772659452,102
8320000,33380.0000049654,-516769.80971383816,300.32799513997077,1.0224780874103145,102
8325000,33400.00000496947,-516905.8548038427,302.4064085532627,1.0265360581998808,102
8330000,33420.000004973546,-518210.40472633764,305.13514374159354,1.028602816778031,102
8335000,33440.00000497762,-517060.90301634185,302.3829237463178,1.024605466602879,102
8340000,33460.000004981695,-516559.776338818,300.5668685241982,1.0230636289818666,102
8345000,33480.00000498577,-517387.43248774786,299.63189765469673,1.0280049881848463,102
8350000,33500.000004989844,-517624.4916011782,300.82032675748894,1.0266817117070535,102
8355000,33520.00000499392,-518732.8662574596,301.1090870634491,1.0254837169418423,102
8360000,33540.00000499799,-517547.6800319026,297.77892067030535,1.0285375716339114,102
8365000,33560.00000500207,-516548.5665749295,301.80229887980806,1.025237722283875,102
8370000,33580.00000500614,-517635.2793597502,301.7509637199707,1.0263864605849953,102
8375000,33600.00000501022,-517404.6863476592,304.645743260189,1.028548363490584,102
8380000,33620.00000501429,-517473.48316353955,302.07822508972896,1.0266975865147951,102
8385000,33640.000005018366,-516597.8607580194,303.61488252944065,1.0228245843708534,102
8390000,33660.00000502244,-518152.94566793554,300.84761214827915,1.0266872686227904,102
8395000,33680.000005026515,-516177.3499535618,299.8130316912104,1.0244778754960466,102
8400000,33700.00000503059,-516746.4812168209,302.23756035750256,1.0250289456904,102
8405000,33720.000005034664,-515908.8563903384,297.94455751315616,1.0257593168969172,102
8410000,33740.00000503874,-517167.4817241165,301.85703061216765,1.027947337659668,102
8415000,33760.00000504281,-516097.2264707333,300.85530277624355,1.0223218299355568,102
8420000,33780.00000504689,-516257.5653987848,300.84462852183304,1.024802548151109,102
8425000,33800.00000505096,-517786.2650278995,305.01138655868414,1.0247824320862022,102
8430000,33820.00000505504,-517154.77796617406,298.9214290441745,1.0278886758503896,102
8435000,33840.00000505911,-517485.7020275665,300.28570390794346,1.0265425745610148,102
8440000,33860.000005063186,-517862.67501918017,300.00177652914317,1.0266943940957503,102
8445000,33880.00000506726,-517085.1199050904,298.9225617740704,1.0261263702309575,102
8450000,33900.000005071335,-517501.3017083914,300.90354425611656,1.025285955946091,102
8455000,33920.00000507541,-517255.2510283957,300.654465898622,1.0296964211593438,102
8460000,33940.000005079484,-516587.79827086465,298.45211712891506,1.0216726023722602,102
8465000,33960.00000508356,-516897.0329928631,300.5429573893632,1.0289719314815613,102
8470000,33980.00000508763,-516813.3047045111,301.196291348021,1.0271761788970692,102
8475000,34000.00000509171,-517267.7683592341,300.8438669458066,1.0280216320816717,102
8480000,34020.00000509578,-516857.2035505413,299.91530147193635,1.0280474316676826,102
8485000,34040.00000509986,-517052.2732884188,302.31408532282165,1.025720276197588,102
8490000,34060.00000510393,-519264.5271651889,302.110932531971,1.0297322244371316,102
8495000,34080.000005108006,-516544.17700963584,300.63868907550057,1.023267607058885,102
8500000,34100.00000511208,-516070.3583495717,300.6657414747474,1.0267874958081176,102
8505000,34120.000005116155,-517599.6702252843,298.9052785587291,1.027528924123114,102
8510000,34140.00000512023,-516811.3550256628,303.89625296743435,1.024080268906477,102
8515000,34160.000005124304,-517300.0859145224,303.2312009927709,1.0296838839230673,102
8520000,34180.00000512838,-515779.6883895071,303.5395273383758,1.0215269579844648,102
8525000,34200.00000513245,-517423.10965676326,302.9848309796885,1.0253807234757828,102
8530000,34220.00000513653,-515956.00732522295,299.77770978845314,1.0258417582515704,102
8535000,34240.0000051406,-517305.52146738535,298.33456996395006,1.023080515417566,102
8540000,34260.00000514468,-516306.2378642005,302.63539240920716,1.0264188065442466,102
8545000,34280.00000514875,-517033.5647226609,300.9840349504436,1.0273255838785311,102
8550000,34300.000005152826,-517293.22493597073,303.32451504103125,1.0241901608058261,102
8555000,34320.0000051569,-515315.6727874896,299.5172683470468,1.0241739057125854,102
8560000,34340.000005160975,-517583.6189536606,302.8591241938388,1.0268185216033734,102
8565000,34360.00000516505,-517577.78908100957,301.639857517872,1.0269509428629633,102
8570000,34380.000005169124,-517160.5764011324,301.155604059345,1.0278291556731436,102
8575000,34400.0000051732,-516992.5405966451,301.2128966105526,1.0214270747728125,102
8580000,34420.00000517727,-517625.17984135286,299.8171253231292,1.0235996047047398,102
8585000,34440.00000518135,-517178.3720321895,300.72386081164353,1.0223029685228502,102
8590000,34460.00000518542,-517262.03736105,302.41856447984895,1.0264754311670183,102
8595000,34480.0000051895,-515752.33996305615,299.0563519809322,1.022305334107701,102
8600000,34500.00000519357,-516977.78896759124,299.4253603263169,1.025333798607751,102
8605000,34520.000005197646,-517095.1587296447,301.78877661895564,1.0236317288676502,102
8610000,34540.00000520172,-517508.8164062053,300.69588183567384,1.0278294446204521,102
8615000,34560.000005205795,-517418.0794937224,302.39713425695805,1.0287004165546665,102
8620000,34580.00000520987,-517490.9209735284,301.6971914424985,1.023791318329922,102
8625000,34600.000005213944,-516790.2468512524,301.1844013880053,1.0262349734865095,102
8630000,34620.00000521802,-516786.5514213855,304.67883152864493,1.0290917491373641,102
8635000,34640.00000522209,-516066.3793697455,302.2284744446009,1.0290671963653457,102
8640000,34660.00000522617,-517570.20025255205,297.8311691404236,1.0244489501705158,102
8645000,34680.00000523024,-515801.5430973922,302.2571700069928,1.0250678652443428,102
8650000,34700.00000523432,-517301.83378380793,301.9384034046859,1.0302174069527785,102
8655000,34720.00000523839,-516955.6648402775,302.880960526323,1.0262154787622784,102
8660000,34740.000005242466,-517636.33242967795,300.5640833615411,1.0304612728794889,102
8665000,34760.00000524654,-517945.16941003455,301.372086252658,1.0251053986547258,102
8670000,34780.000005250615,-516498.4156806129,304.53047340265306,1.0236816533732431,102
8675000,34800.00000525469,-517109.15143913426,300.93503510341947,1.0231103217667707,102
8680000,34820.000005258764,-516910.4488611894,302.027426525943,1.0241513770416186,102
8685000,34840.00000526284,-518078.2673635504,300.3494393910759,1.025996961301278,102
8690000,34860.00000526691,-516675.910032341,301.05988466914425,1.0241884402390586,102
8695000,34880.00000527099,-517700.7747210504,301.3737739221326,1.0259209087340615,102
8700000,34900.00000527506,-517126.86638261215,299.57123055760394,1.0260593295894604,102
8705000,34920.00000527914,-516073.5154639948,299.9471873857288,1.0257497232722712,102
8710000,34940.00000528321,-517565.80142426793,300.75058379206615,1.020759978939831,102
8715000,34960.000005287286,-517743.9195445671,304.41690877568095,1.032646723362811,102
8720000,34980.00000529136,-516088.22260531806,301.2114814572288,1.0259301346234562,102
8725000,35000.000005295435,-515204.53938348475,301.9465173759306,1.0217497003402027,102
8730000,35020.00000529951,-517176.7834986951,302.6006109315563,1.0228329005421877,102
8735000,35040.000005303584,-517876.8411723762,301.0701585097623,1.0279468715027722,102
8740000,35060.00000530766,-518143.9503221628,301.726387199048,1.0279681832529708,102
8745000,35080.00000531173,-516968.75110577466,304.32808895804203,1.0273811452998456,102
8750000,35100.00000531581,-516194.0221431337,299.2897068169169,1.0240225730258778,102
8755000,35120.00000531988,-518313.75827195565,302.36891701955,1.025890789077208,102
8760000,35140.00000532396,-516912.2307605094,302.57348440360954,1.0298099121135615,102
8765000,35160.00000532803,-517923.7597751331,299.8588619134918,1.0284093913192305,102
8770000,35180.000005332106,-517769.5344601956,298.46717778517643,1.0281976642025634,102
8775000,35200.00000533618,-517189.3012248392,302.09963701503045,1.0251797127554498,102
8780000,35220.000005340255,-517731.1945897215,301.70785800985163,1.028489882134027,102
8785000,35240.00000534433,-516132.05821587984,301.48401519377796,1.0268368103556953,102
8790000,35260.000005348404,-517248.98810799443,300.6406965201124,1.0266345799009786,102
8795000,35280.00000535248,-516426.55679766764,302.5023651582455,1.0253863351353545,102
8800000,35300.00000535655,-517834.3130747569,299.8994645785583,1.0261916761638492,102
8805000,35320.00000536063,-517109.0022563841,300.51349120541425,1.027790581427893,102
8810000,35340.0000053647,-518012.99426955846,298.4449806402105,1.029280914965344,102
8815000,35360.000005368776,-518722.0925967193,299.45600335601915,1.0326129460347755,102
8820000,35380.00000537285,-516262.65131194587,302.4297388377032,1.0253352325737217,102
8825000,35400.000005376925,-516715.1214069475,300.0141578481346,1.0316514978317486,102
8830000,35420.000005381,-516877.58078264,302.1682002483418,1.0264340028054912,102
8835000,35440.000005385074,-517011.66230948945,299.61021248421144,1.0256626723588107,102
8840000,35460.00000538915,-516785.7015185228,301.053580935272,1.0276609805795376,102
8845000,35480.00000539322,-517077.2806437365,303.06474383292505,1.026695664278072,102
8850000,35500.0000053973,-516472.34442287125,296.9467286341901,1.021404865211105,102
8855000,35520.00000540137,-517778.14107124764,298.92148213445245,1.0267361404365953,102
8860000,35540.00000540545,-516734.51897357544,302.578658051669,1.0245976389357996,102
8865000,35560.00000540952,-516457.52685839124,302.84918135317406,1.0264498214537594,102
8870000,35580.000005413596,-517633.1544761169,298.2359857954966,1.0272386473458175,102
8875000,35600.00000541767,-517896.57495222636,299.7927718067455,1.024678624105787,102
8880000,35620.000005421745,-518945.03023499344,300.72541709011017,1.032303724050414,102
8885000,35640.00000542582,-517071.9362222438,301.85647942444734,1.025986106215797,102
8890000,35660.000005429894,-517507.3678580979,302.18200583293424,1.0286750018025017,102
8895000,35680.00000543397,-517483.12705624616,301.1730753252532,1.0273168106756336,102
8900000,35700.00000543804,-516732.70692154067,301.4851035869555,1.0310661943528472,102
8905000,35720.00000544212,-517480.3652140028,298.13128719240694,1.0268903948358639,102
8910000,35740.00000544619,-515581.8260515779,302.62945899362006,1.0260912637711048,102
8915000,35760.00000545027,-517568.5623583263,299.95483703051,1.0216560902888963,102
8920000,35780.00000545434,-516592.944395775,297.7754134816415,1.0266648831963325,102
8925000,35800.000005458416,-516784.98084614915,298.8147409544735,1.0269093060148535,102
8930000,35820.00000546249,-516272.5717164546,301.43483370419597,1.0299788813477484,102
8935000,35840.000005466565,-517107.11900522746,304.16475425701805,1.0245729250607536,102
8940000,35860.00000547064,-517186.1719769561,303.2379025886042,1.027321056036375,102
8945000,35880.000005474714,-517064.96258268855,305.04571656615144,1.0277446656117042,102
8950000,35900.00000547879,-516554.5586860883,298.4219857173679,1.0283110985920114,102
8955000,35920.00000548286,-515394.597461944,300.2284623597429,1.025150239775641,102
8960000,35940.00000548694,-516515.90873545106,305.0348991131424,1.0284109612988743,102
8965000,35960.00000549101,-517943.6623642503,302.3093466800668,1.0279226724710337,102
8970000,35980.00000549509,-518715.7625113991,300.56823011060806,1.0301991073608425,102
8975000,36000.00000549916,-517756.9762351068,301.19317419100025,1.0286821656997258,102
8980000,36020.000005503236,-516866.4476828659,302.133493402152,1.028363861132087,102
8985000,36040.00000550731,-517709.2194492952,300.551141060367,1.028246799241968,102
8990000,36060.000005511385,-516278.4309833902,298.8115570231223,1.0287804458440053,102
8995000,36080.00000551546,-517028.61569220666,299.43123695833674,1.0255447820269503,102
9000000,36100.000005519534,-517193.9733942826,301.0772939796903,1.0281142294336973,102
9005000,36120.00000552361,-516742.8145167157,300.1696707605855,1.0227975964653608,102
9010000,36140.00000552768,-517718.09244642477,300.29348756202,1.0251104071406427,102
9015000,36160.00000553176,-516109.28884784086,301.4276352745865,1.0258241306065519,102
9020000,36180.00000553583,-517318.2967031612,304.6868666404141,1.0236841228579756,102
9025000,36200.00000553991,-516584.37345333886,299.03694374289455,1.0254086638236803,102
9030000,36220.00000554398,-517192.3633019938,300.6153553065231,1.0247182671704615,102
9035000,36240.000005548056,-518104.40791927814,303.27148019367013,1.0268447579301878,102
9040000,36260.00000555213,-515866.67342179036,301.5535804082179,1.026559755164394,102
9045000,36280.000005556205,-515866.51856196066,300.17152446626125,1.0265035868690104,102
9050000,36300.00000556028,-517555.698574329,297.62864214194195,1.0262891938679513,102
9055000,36320.000005564354,-516639.939476192,300.2917147240228,1.0245859916846647,102
9060000,36340.00000556843,-516681.01229449874,299.858204461747,1.0255024235062078,102
9065000,36360.0000055725,-517622.09625017643,301.46865638959764,1.026193914692833,102
9070000,36380.00000557658,-516362.9792209165,298.8379695479811,1.024846197118293,102
9075000,36400.00000558065,-516115.90251146606,301.78162558404165,1.0251213864972597,102
9080000,36420.00000558473,-516177.29431617213,302.2406672102943,1.023126377996135,102
9085000,36440.0000055888,-516279.20091689983,301.25952211581057,1.026056024750054,102
9090000,36460.000005592876,-516453.1862245216,302.1067411900585,1.0255508617379325,102
9095000,36480.00000559695,-516635.9395671566,301.97160288595785,1.0285604579738166,102
9100000,36500.000005601025,-517680.7780404631,301.58802033049335,1.0255804190621916,102
9105000,36520.0000056051,-517144.34484351194,298.7034010242174,1.0304232497612442,102
9110000,36540.000005609174,-518386.7949627293,302.89837441041817,1.0297510169078639,102
9115000,36560.00000561325,-516624.7290754027,302.05598002192903,1.023064287699913,102
9120000,36580.00000561732,-516479.8076709141,301.4251478727311,1.0227968154970908,102
9125000,36600.0000056214,-517546.4955383928,300.850945337111,1.0247080586565032,102
9130000,36620.00000562547,-517468.094840894,299.7618654511061,1.0232783359678588,102
9135000,36640.00000562955,-518408.0771698281,299.6997533766993,1.0273425089289545,102
9140000,36660.00000563362,-516582.69927043864,300.38909434706187,1.0274933713935859,102
9130000,36620.00000562547,-516497.12761622434,301.4060343972545,1.0240714226980596,0
9135000,36640.00000562955,-515730.3499807124,301.12125444894247,1.019667070455979,106
9140000,36660.00000563362,-517066.15914371633,303.1587699203396,1.0251615588799246,106
9145000,36680.000005637696,-517954.0997259612,298.9493703283208,1.0282586818257595,105
9150000,36700.00000564177,-518183.4785213447,302.39544227801605,1.0317675960712178,105
9155000,36720.000005645845,-517945.1617885984,300.97523355298347,1.023447306847205,105
9160000,36740.00000564992,-517149.51907074125,300.26759267298,1.0284613484362426,105
9165000,36760.000005653994,-517145.6131455973,299.6219791416966,1.0296945468612824,105
9170000,36780.00000565807,-516206.6669651903,299.8133964469288,1.0242197684756023,105
9175000,36800.00000566214,-516384.72434153175,300.10834120317224,1.0183433041208911,105
9180000,36820.00000566622,-517758.7536062959,301.0445292636874,1.022172258213522,104
9185000,36840.00000567029,-517519.5763664334,301.4350462025674,1.0299559563107537,104
9190000,36860.00000567437,-515631.5819800857,300.506955439328,1.0281164876522706,104
9195000,36880.00000567844,-517856.07532364223,299.48546557899806,1.0305700303320504,104
9200000,36900.000005682516,-517001.71340136067,301.2685207233524,1.0233544532933487,104
9205000,36920.00000568659,-517521.1160599827,299.40564524213056,1.02542617753001,104
9210000,36940.000005690665,-518716.27311011916,299.0963489725071,1.0298930579578638,104
9215000,36960.00000569474,-517357.1751128356,301.7596888650984,1.0311430245161204,104
9220000,36980.000005698814,-517389.9838434695,300.5456641736811,1.0276581769632942,104
9225000,37000.00000570289,-516519.87310362887,300.78076121681147,1.026030819330062,104
9230000,37020.00000570696,-517301.0539967152,300.096088547315,1.0292475512790682,104
9235000,37040.00000571104,-518303.51074435725,301.7077435968993,1.0294950593691141,104
9240000,37060.00000571511,-518243.4346084816,300.33113988491885,1.0234715740758735,104
9245000,37080.00000571919,-518152.93095143116,302.57243387804095,1.027379012400533,104
9250000,37100.00000572326,-517165.5693374127,300.3917421112219,1.0263195572817014,104
9255000,37120.000005727336,-516033.5258886018,299.3091243915798,1.0236107993812291,104
9260000,37140.00000573141,-517539.18304899195,300.6267010954755,1.023673958942789,104
9265000,37160.000005735485,-516972.98201664444,301.05628494795815,1.026329806187916,104
9270000,37180.00000573956,-517086.58310910594,298.42429349814216,1.0240433451466844,104
9275000,37200.000005743634,-517648.6787743401,301.52696622901266,1.0320315791930232,104
9280000,37220.00000574771,-516748.9438724471,300.94881718634736,1.0260440703482374,104
9285000,37240.00000575178,-517715.43269963795,300.480917467823,1.0316515627119853,104
9290000,37260.00000575586,-516882.28979197494,300.69022484674616,1.0299956007698063,104
9295000,37280.00000575993,-516921.78789129504,303.17669028680217,1.0244938476947896,104
9300000,37300.000005764006,-517148.2063024265,301.7110135809943,1.0298151867982084,104
9305000,37320.00000576808,-517599.57117458433,301.7513786937462,1.0266584492495008,104
9310000,37340.000005772155,-518148.2125728163,301.9575422366019,1.0278553627233566,104
9315000,37360.00000577623,-517242.7988630228,301.2863945238221,1.0280182453262148,104
9320000,37380.000005780304,-516978.3918783092,299.5965886194702,1.0262427935288503,104
9325000,37400.00000578438,-518127.2113122521,299.0148798370861,1.0283836364585086,104
9330000,37420.00000578845,-516513.2427744644,303.0742692049236,1.0303645323368091,104
9335000,37440.00000579253,-516150.27200232144,298.33726166911066,1.0231024878933705,104
9340000,37460.0000057966,-517297.7024955121,300.94571906308926,1.028912849787715,104
9345000,37480.00000580068,-516341.8241380318,302.87924644953955,1.028748206950679,104
9350000,37500.00000580475,-516260.11824019183,300.08466642348515,1.024025832541613,104
9355000,37520.000005808826,-517799.462921859,303.0678506112144,1.0296158902388994,104
9360000,37540.0000058129,-516754.4921096724,303.8509012134364,1.0278252407528397,104
9365000,37560.000005816975,-516686.63176454604,301.6363585183183,1.0282051327093753,104
9370000,37580.00000582105,-516767.62286563683,301.76592153684703,1.0281034210063817,104
9375000,37600.000005825124,-517440.006085641,300.3429258564148,1.0255931273204706,104
9380000,37620.0000058292,-517490.0228263275,297.77958830301753,1.025178004833758,104
9385000,37640.00000583327,-517786.1286360412,298.02100249828504,1.0276876900868208,104
9390000,37660.00000583735,-517439.53060116596,300.1994243921571,1.0292227008878971,104
9395000,37680.00000584142,-516985.75167473825,303.33252204377527,1.0262615159006578,104
9400000,37700.0000058455,-516603.5304496472,300.36127044795353,1.0236049198692752,104
9405000,37720.00000584957,-517297.1794035062,302.9631230907924,1.027825391665132,104
9410000,37740.000005853646,-517243.4665341519,300.23764405276586,1.0259775583449762,104
9415000,37760.00000585772,-516585.2463822486,301.1624159704736,1.0278985248898298,104
9420000,37780.000005861795,-516066.28207494784,300.02047736553806,1.0237664913207636,104
9425000,37800.00000586587,-517296.4370246101,300.2475789822821,1.0250552802152848,104
9430000,37820.000005869944,-516662.74778806046,302.22265428034177,1.0235719367239482,104
9435000,37840.00000587402,-517712.8467885917,299.4733365737786,1.0279032495429412,104
9440000,37860.00000587809,-517526.9613035177,299.050014498471,1.0292660025750484,104
9445000,37880.00000588217,-517192.26558204787,301.2323073452442,1.0276644950431146,104
9450000,37900.00000588624,-516636.8560381923,300.04898509618795,1.0287050921443455,104
9455000,37920.00000589032,-517522.9906519146,301.2977320670525,1.028318693141378,104
9460000,37940.00000589439,-516664.95397324953,301.47357061173136,1.0273827239408835,104
9465000,37960.000005898466,-516908.4313233425,299.60801599841733,1.0276845746977652,104
9470000,37980.00000590254,-517503.9065613984,301.5368316698416,1.028314209599268,104
9475000,38000.000005906615,-518503.1181338669,300.04065009997214,1.0319155260753905,104
9480000,38020.00000591069,-516367.2037983127,299.5024752413138,1.0217668175637846,104
9485000,38040.000005914764,-516333.72685882053,299.7590964082905,1.0273344635003696,104
9490000,38060.00000591884,-518695.70254100114,302.20132537313447,1.0290727892947125,104
9495000,38080.00000592291,-517715.0882599957,300.27704026250706,1.0278067309729204,104
9500000,38100.00000592699,-516691.1313504167,301.4289340735112,1.023298486471248,104
9505000,38120.00000593106,-515956.7655861967,299.8174392873425,1.0263582617313836,104
9510000,38140.00000593514,-516089.7285804178,298.09056363982563,1.024307944970402,104
9515000,38160.00000593921,-516918.80075629917,302.4236351967955,1.0273980252476898,104
9520000,38180.000005943286,-517058.2038130197,301.678358367526,1.024864165398026,104
9525000,38200.00000594736,-516332.3993762734,301.4636937007812,1.0246635331581218,104
9530000,38220.000005951435,-516566.5573194721,297.87436415312976,1.030424896602188,104
9535000,38240.00000595551,-517473.5919542045,300.65783515438005,1.02735979383761,104
9540000,38260.000005959584,-518247.21179876616,301.5007183854841,1.0237254582306712,104
9545000,38280.00000596366,-516619.15964259347,298.84420462965903,1.0235971897802318,104
9550000,38300.00000596773,-517088.02002758277,300.5837991495794,1.0255353093644872,104
9555000,38320.00000597181,-516406.65128373704,298.61357604285115,1.0267775119264015,104
9560000,38340.00000597588,-515776.48072858714,300.9499103256529,1.0258644336717218,104
9565000,38360.00000597996,-516892.45605834434,301.4134502699511,1.023489359605627,104
9570000,38380.00000598403,-517842.50966615276,299.2614818377318,1.0313847919809558,104
9575000,38400.000005988106,-517192.14040380623,301.66049295656256,1.0270167863548882,104
9580000,38420.00000599218,-517545.5342080018,298.72019036238373,1.0271937636038853,104
9585000,38440.000005996255,-517218.93359472044,303.91458962216365,1.0296297334676194,104
9590000,38460.00000600033,-516834.5296720625,305.3161779790088,1.025218251675534,104
9595000,38480.000006004404,-517534.0949884779,302.5505494850892,1.029339932926057,104
9600000,38500.00000600848,-517300.1424834095,302.1067026893585,1.024869360679613,104
9605000,38520.00000601255,-516622.14818357537,302.2160660130795,1.0255933904592973,104
9610000,38540.00000601663,-517732.3660921161,299.24670163781246,1.0272701179581825,104
9615000,38560.0000060207,-517672.21704424964,301.33376505743655,1.026017487632401,104
9620000,38580.00000602478,-517564.6176728683,299.9488550463809,1.0288835236167435,104
9625000,38600.00000602885,-516865.89494838077,302.42044967876393,1.0283181727856583,104
9630000,38620.000006032926,-516991.29498758796,301.70134274177224,1.0284426618760005,104
9635000,38640.000006037,-517328.90389904496,297.9592809965851,1.02514563351179,104
9640000,38660.000006041075,-516681.1828025079,301.4577345403415,1.0266837333151195,104
9645000,38680.00000604515,-515034.4051551535,301.02202979092493,1.019860827829294,104
9650000,38700.000006049224,-517488.104693508,302.3141026061514,1.0242037013834928,104
9655000,38720.0000060533,-517450.35561677115,300.4993372893474,1.028075511813217,104
9660000,38740.00000605737,-516937.20080679934,300.315481778085,1.0274535232553403,104
9665000,38760.00000606145,-517185.1831801019,297.716197441411,1.0296816485910292,104
9670000,38780.00000606552,-517300.349059816,303.5496836010902,1.0251128206633642,104
9675000,38800.0000060696,-517315.8623169523,302.4854093838992,1.0284062123287345,104
9680000,38820.00000607367,-517537.17681978224,303.6896551858619,1.0272588752449214,104
9685000,38840.000006077746,-516473.5548198831,299.2338177438505,1.027967269730231,104
9690000,38860.00000608182,-518137.1098585371,303.3134167020503,1.031216573149688,104
9695000,38880.000006085895,-516917.7793600452,301.1505230014668,1.0264930124952059,104
9700000,38900.00000608997,-517216.0371028702,298.79609530103664,1.0258346113967907,104
9705000,38920.000006094044,-515931.42565662577,301.68865835594994,1.0266507371097262,104
9710000,38940.00000609812,-517545.8973294897,302.05225429856125,1.0250544263489114,104
9715000,38960.00000610219,-516245.2016276871,298.3717262910735,1.0228074266239775,104
9720000,38980.00000610627,-517619.95411692373,301.2970672597065,1.0280329647377082,104
9725000,39000.00000611034,-516651.47280656756,302.45041269635493,1.0275092578057774,104
9730000,39020.00000611442,-517027.7488663839,305.03781845491886,1.025744763999617,104
9735000,39040.00000611849,-517031.27271545934,300.21511614422553,1.02855854442319,104
9740000,39060.000006122566,-516481.50424062787,300.4117672367082,1.0275932430011439,104
9745000,39080.00000612664,-517559.2835691464,300.535395457822,1.0274381771659054,104
9750000,39100.000006130715,-516919.82455774816,303.5937255795873,1.0280139221518443,104
9755000,39120.00000613479,-516383.80988362036,300.1344804574049,1.0237155192535665,104
9760000,39140.000006138864,-519423.3057442724,299.90563326401826,1.0289332922161045,104
9765000,39160.00000614294,-516915.3149495139,298.7190988406339,1.026064290967538,104
9770000,39180.00000614701,-517852.5028823796,300.29882451362806,1.0282656423604446,104
9775000,39200.00000615109,-517081.31210544053,300.6863838526719,1.023667368160919,104
9780000,39220.00000615516,-516193.84004014917,299.7980033021358,1.0290374711426011,104
9785000,39240.00000615924,-517251.38512723753,297.0282488547411,1.0273583472803363,104
9790000,39260.00000616331,-518167.5113170631,302.49185845670314,1.0283211591338537,104
9795000,39280.000006167385,-516239.89359110617,299.4203545489499,1.0243388886571767,104
9800000,39300.00000617146,-516606.03039247217,302.05966928340814,1.0280904613553392,104
9805000,39320.000006175535,-517152.943053894,299.69214849446854,1.024298319554353,104
9810000,39340.00000617961,-517554.83926649904,303.63779713440334,1.028114025431864,104
9815000,39360.00000618368,-518070.47931349324,302.7424646987481,1.0276586258621443,104
9820000,39380.00000618776,-518054.8049884173,301.97200091872065,1.0263285636209252,104
9825000,39400.00000619183,-517305.348156502,300.32157722986625,1.0275770724669082,104
9830000,39420.00000619591,-516172.1415171658,299.81031048460153,1.0259466505296448,104
9835000,39440.00000619998,-517141.06171438075,300.47862568056564,1.021965517380942,104
9840000,39460.000006204056,-517035.5563298492,300.882482339864,1.0286191954737582,103
9845000,39480.00000620813,-516560.70516595384,301.89603537523885,1.027321658941465,103
9850000,39500.000006212205,-516713.8030474172,301.9461383067809,1.026041013960499,103
9855000,39520.00000621628,-517360.6184125913,298.9403710606566,1.0280976488158913,103
9860000,39540.000006220354,-517708.65962060145,300.63226558524696,1.0266219099872902,103
9865000,39560.00000622443,-516263.018948582,299.98250982828614,1.0197299142389227,103
9870000,39580.0000062285,-516744.49942097417,301.2473241443715,1.0277262774662854,103
9875000,39600.00000623258,-516733.84311848297,302.76849365678686,1.026971408720019,103
9880000,39620.00000623665,-517447.8312764892,299.7088739956501,1.0268060206275371,103
9885000,39640.00000624073,-517493.95081446925,300.9628857073713,1.0256392541494261,103
9890000,39660.0000062448,-516689.9064033576,302.4684385897472,1.0272515111943097,103
9895000,39680.000006248876,-515958.88992934464,298.3688433897344,1.0258501372725437,103
9900000,39700.00000625295,-516030.27488191426,300.7568770927227,1.0275579848823246,103
9905000,39720.000006257025,-516943.3626015566,299.8126111655251,1.0243068043883439,103
9910000,39740.0000062611,-516585.6190183193,301.5026904770157,1.0255845544139424,103
9915000,39760.000006265174,-517247.49756949977,305.46786658810004,1.0265066134847556,103
9920000,39780.00000626925,-517513.2919642569,299.99332997972897,1.025750192657516,103
9925000,39800.00000627332,-517324.2795617122,299.95421047101115,1.0287055243848644,103
9930000,39820.0000062774,-516126.91075553,302.599460919744,1.0262764682346672,103
9935000,39840.00000628147,-517048.12897864706,300.5642157289608,1.0274919369649715,103
9940000,39860.00000628555,-516727.1086228471,301.5823578104377,1.0207363037013495,103
9945000,39880.00000628962,-516373.37047414295,302.2313200237463,1.0247330407977606,103
9950000,39900.000006293696,-517187.76472275145,299.7229224770298,1.0293762434302218,103
9955000,39920.00000629777,-517292.0676432012,300.96069300037874,1.0264745543513976,103
9960000,39940.000006301845,-515993.6338454541,299.5881428417192,1.0206209073075179,103
9965000,39960.00000630592,-515774.92239153106,300.75051458995057,1.0239532891229115,103
9970000,39980.000006309994,-517018.50902436627,300.18251796102686,1.0262981389021406,103
9975000,40000.00000631407,-519025.6336622492,302.75522471611936,1.0320559642903233,103
9980000,40020.00000631814,-517880.23282514163,301.18998374998256,1.0306716020257616,103
9985000,40040.00000632222,-516917.0618521413,301.71238560818495,1.0259290904778664,103
9990000,40060.00000632629,-516212.1889110217,300.3640376601062,1.0239689633909639,103
9995000,40080.00000633037,-517850.1416013641,300.7288902654531,1.02682347831395,103
10000000,40100.00000633444,-516935.9577274539,301.82329690300196,1.0286488397582518,103
10005000,40120.000006338516,-516293.20127491234,302.78532363873927,1.0243776699102476,103
10010000,40140.00000634259,-516746.1415757118,304.60798444875945,1.0263131550189186,103
10015000,40160.000006346665,-516842.93193488615,301.48612719849376,1.0239923782546962,103
10020000,40180.00000635074,-517942.36448967294,302.64839845502524,1.0268204372790664,103
10025000,40200.000006354814,-516962.23389674607,300.6978171914018,1.0272178985825908,103
10030000,40220.00000635889,-515629.97343805665,301.0534986242472,1.026248242287151,103
10035000,40240.00000636296,-515251.53810512694,299.7617170917809,1.0218503821937523,103
10040000,40260.00000636704,-517867.766086692,302.4869311289447,1.027574366578272,103
10045000,40280.00000637111,-516699.8197585435,301.7202662570233,1.0261646077994497,103
10050000,40300.00000637519,-516933.2011089537,299.3308940067276,1.0243018933949466,103
10055000,40320.00000637926,-516860.15241602366,301.71577764416946,1.0298028819026315,103
10060000,40340.000006383336,-515676.09822785016,300.6969613483254,1.0259399750249756,103
10065000,40360.00000638741,-517457.73138460773,299.5386247198898,1.0264595376244607,103
10070000,40380.000006391485,-516308.58150284085,302.3979731495983,1.0293630770112956,103
10075000,40400.00000639556,-518283.78513221117,299.804859967532,1.031546530394902,103
10080000,40420.000006399634,-516509.48193326965,299.6662426682081,1.0256959742536507,103
10085000,40440.00000640371,-516161.12094005104,296.9524856181609,1.0262407112089713,103
10090000,40460.00000640778,-517664.83307652175,300.5456053591261,1.0304973563933388,103
10095000,40480.00000641186,-516345.35331281717,297.6676379760886,1.0265346296394455,103
10100000,40500.00000641593,-518352.72040891415,301.14421489743614,1.0283172927951452,103
10105000,40520.00000642001,-517588.14380084,299.48070780673675,1.026740757283692,103
10110000,40540.00000642408,-517034.12644244195,300.0546984324283,1.0238998063925187,103
10115000,40560.000006428156,-517687.3652719031,298.5814241612386,1.0292518281925715,103
10120000,40580.00000643223,-516384.5900069957,300.17578295972754,1.0230777437263057,103
10125000,40600.000006436305,-517445.6844423637,301.4191046091917,1.0225185996356798,103
10130000,40620.00000644038,-516490.53962483257,300.00688681002987,1.027991346058666,103
10135000,40640.000006444454,-517670.10338584357,299.638454291603,1.0290192353081626,102
10140000,40660.00000644853,-516133.00174536556,301.07884627081756,1.0237494653015946,102
10145000,40680.0000064526,-517117.28846326075,301.2036530213048,1.0334154058863065,102
10150000,40700.00000645668,-516662.4455316651,300.13268817748457,1.0270340266404763,102
10155000,40720.00000646075,-517093.49046033714,298.923241770415,1.028883765292278,102
10160000,40740.00000646483,-517171.9295005114,299.6765031724759,1.0257572927011775,102
10165000,40760.0000064689,-515525.4107827479,299.93851652757013,1.025222279495421,102
10170000,40780.000006472976,-517424.56511894683,299.4991355424054,1.028783032429962,102
10175000,40800.00000647705,-517773.6949273441,300.33750518408414,1.024024671167832,102
10180000,40820.000006481125,-516553.6239251166,301.7321950878088,1.0238148596643812,102
10185000,40840.0000064852,-517462.63465685747,301.0208584937556,1.026105204660162,102
10190000,40860.000006489274,-516880.8804941664,302.19539752965164,1.0249365629853886,102
10195000,40880.00000649335,-517207.07576565584,300.5225215110255,1.0248741887143442,102
10200000,40900.00000649742,-517001.7347817002,302.37589786383353,1.0281813399873239,102
10205000,40920.0000065015,-517877.3825479697,299.4652670337907,1.0284688721923216,102
10210000,40940.00000650557,-517727.7934963384,298.1272985954588,1.0261330950037195,102
10215000,40960.00000650965,-517188.4404699169,300.88295958314313,1.0257040958573045,102
10220000,40980.00000651372,-516946.03957529645,302.8271608424513,1.021829787656251,102
10225000,41000.000006517796,-515624.4835215197,297.4697302402749,1.031858724091643,102
10230000,41020.00000652187,-517259.1530110936,301.2504559614127,1.0261874005895004,102
10235000,41040.000006525945,-517660.57386983116,300.64399310058354,1.0232396820507423,102
10240000,41060.00000653002,-516482.0577369807,300.9243397067935,1.024173293804053,102
10245000,41080.000006534094,-517126.55387402745,303.7665073377307,1.0286651545710859,102
10250000,41100.00000653817,-516658.15227618045,301.5452640515865,1.023744187041806,102
10255000,41120.00000654224,-516611.42662633606,301.1425140727186,1.0231494814985733,102
10260000,41140.00000654632,-517488.239338337,300.3629833528609,1.0288199019654711,102
10265000,41160.00000655039,-517718.569376261,299.2111048302748,1.0302673478932565,102
10270000,41180.00000655447,-517234.7775917256,303.46081442242667,1.0274519926360355,102
10275000,41200.00000655854,-516135.81535318354,304.1222521599706,1.0254913218166337,102
10280000,41220.000006562615,-516931.8692334655,301.87617457103977,1.0255129692976588,102
10285000,41240.00000656669,-516123.5405136121,301.5823838025029,1.0299508094694607,102
10290000,41260.000006570765,-515357.71656994266,301.62145772653986,1.025590338226755,102
10295000,41280.00000657484,-516081.477393809,303.4349618752804,1.0270804867434586,102
10300000,41300.00000657891,-516216.18444311735,301.77194036642516,1.025006974382335,102
10305000,41320.00000658299,-516098.25720303017,299.62140264638214,1.0235191209131047,102
10310000,41340.00000658706,-517004.9736229037,301.5124811853234,1.0283843474931125,102
10315000,41360.00000659114,-517041.832964035,301.51748494372976,1.02722727850801,102
10320000,41380.00000659521,-516910.8252368679,304.34234116831306,1.0286158616856391,102
10325000,41400.000006599286,-516919.5884446711,300.00941131560637,1.0255411829460073,102
10330000,41420.00000660336,-516937.63545258413,301.36416707001786,1.0269217250875227,102
10335000,41440.000006607435,-515123.316069426,301.6159979639434,1.0239659566075672,102
10340000,41460.00000661151,-516110.721166488,300.62272541092966,1.0227436869330149,102
10345000,41480.000006615584,-516563.3172174506,298.9131485031774,1.029547263324605,102
10350000,41500.00000661966,-517630.17000117176,301.5068797402833,1.0317653741635975,102
10355000,41520.00000662373,-518768.79308207426,302.3773763714792,1.0314195789766347,102
10360000,41540.00000662781,-515952.5122129845,299.4929504221184,1.0260083500475892,102
10365000,41560.00000663188,-516666.48677576054,302.6989323800301,1.0263305276202574,102
10370000,41580.00000663596,-517262.08079881687,298.8634693504332,1.0264468360040557,102
10375000,41600.00000664003,-517031.01818953035,298.3449861536334,1.0258519001050705,102
10380000,41620.000006644106,-516620.61037303857,298.46831496212906,1.0281991486062236,102
10385000,41640.00000664818,-517202.82184628677,303.7938116643845,1.0280545492170872,102
10390000,41660.000006652255,-516752.6720553066,302.6156448434136,1.0289603413611532,102
10395000,41680.00000665633,-516763.98268185696,301.4074301592111,1.0314661446779119,102
10400000,41700.000006660404,-517058.4844092934,300.46034970187566,1.027753417096423,102
10405000,41720.00000666448,-517703.60203347774,303.8957156789899,1.025391063194651,102
10410000,41740.00000666855,-517163.1940044223,298.1248285838988,1.0260169921982745,102
10415000,41760.00000667263,-516746.44049491454,300.9043348384427,1.0260390567064228,102
10420000,41780.0000066767,-517105.5260686744,302.0251686701326,1.02375419751331,102
10425000,41800.00000668078,-517362.752789879,305.8272523399184,1.0262399717696558,102
10430000,41820.00000668485,-518072.8688493755,300.1128178038124,1.027078474809694,102
10435000,41840.000006688926,-516487.3974161637,300.6538886196003,1.0267962169998823,102
10440000,41860.000006693,-517110.7030798036,298.93773410144894,1.0261789538132897,102
10445000,41880.000006697075,-516789.24354473664,298.59330697260566,1.0249706105783485,102
10450000,41900.00000670115,-517708.4496333038,301.06395354530224,1.0286996892044684,102
10455000,41920.000006705224,-516736.8007846712,298.1889418304248,1.027373646501939,102
10460000,41940.0000067093,-516870.57852214854,300.829504662553,1.0275560280211105,102
10465000,41960.00000671337,-517054.21416708245,299.2346870697213,1.02808451950056,102
10470000,41980.00000671745,-517222.49936969555,301.37927683143545,1.0308003633405056,102
10475000,42000.00000672152,-517009.2686771436,300.78781388760564,1.0262911090490936,102
10480000,42020.0000067256,-517215.1996862083,300.3550244536688,1.0244742365513873,102
10485000,42040.00000672967,-517581.1160056442,301.50458872419676,1.025321362248398,102
10490000,42060.000006733746,-516959.4621443241,304.0376183357532,1.0259060525371841,102
10495000,42080.00000673782,-517211.9258939617,299.24801755760114,1.024245432107099,102
10500000,42100.000006741895,-517355.88083210844,302.1354874047056,1.0280314851236363,102
10505000,42120.00000674597,-517541.21624495485,302.467321856365,1.0299929725956658,102
10510000,42140.000006750044,-517569.2059729423,302.42375888473924,1.0290814919398596,102
10515000,42160.00000675412,-515734.56985552586,302.42601344130145,1.0256959335674576,102
10520000,42180.00000675819,-517535.88241515984,302.25078699126584,1.0268124998518113,102
10525000,42200.00000676227,-517012.8492285325,300.13148287759583,1.0315660899266508,102
10530000,42220.00000676634,-517833.622462098,301.66329306802487,1.0270134893573561,102
10535000,42240.00000677042,-516000.82731234026,299.43433893462696,1.0211452499811364,102
10540000,42260.00000677449,-517141.73414016305,299.3465815712288,1.0283252250076043,102
10545000,42280.000006778566,-518093.50360297435,302.60679461297656,1.025757411308429,102
10550000,42300.00000678264,-517924.68206867995,300.0312743088054,1.0279030113889005,102
10555000,42320.000006786715,-517274.84808482206,298.6990218239346,1.0247408937167874,102
10560000,42340.00000679079,-515867.3451436092,300.3784708685536,1.0280377808692092,102
10565000,42360.000006794864,-516589.6413638678,299.3075024817665,1.0251917873466347,102
10570000,42380.00000679894,-517100.31484793266,301.1623285134884,1.0282891013726123,102
10575000,42400.00000680301,-517385.820256504,299.76086079174104,1.0289669829820773,102
10580000,42420.00000680709,-515957.45415171864,300.57712394136496,1.0244872753558236,102
10585000,42440.00000681116,-516019.7174237615,300.27288575516775,1.0258520687067334,102
10590000,42460.00000681524,-517319.6190542439,301.5766960632692,1.0269075825833403,102
10595000,42480.00000681931,-517382.8295648692,302.2074531092274,1.0292813202235718,102
10600000,42500.000006823386,-517731.7554814045,297.56672277347576,1.0275591289127721,102
10605000,42520.00000682746,-517462.37054899987,299.02108638582615,1.0282755417003493,102
10610000,42540.000006831535,-516457.0172443788,302.81573609821163,1.0287967847794355,102
10615000,42560.00000683561,-517006.6382129728,300.41745370201255,1.0249544059167002,102
10620000,42580.000006839684,-517089.99912016816,301.37418667983496,1.0284287906169036,102
10625000,42600.00000684376,-516862.9122559766,302.77846563141674,1.0268079262483163,103
10630000,42620.00000684783,-516389.40100520174,301.403964368377,1.0261034407345933,103
10635000,42640.00000685191,-516614.69943717914,300.4281201802337,1.0242147453778025,103
10640000,42660.00000685598,-517741.4799264949,302.047121918553,1.026700196322658,103
10645000,42680.00000686006,-518019.30034893635,302.89785872201594,1.0273348828443203,103
10650000,42700.00000686413,-517270.2349710453,299.0213652969931,1.02603070641164,103
10655000,42720.000006868206,-517442.9603342684,301.6367976864641,1.0280597855588096,103
10660000,42740.00000687228,-519008.33514789934,303.60563234099715,1.031500372390779,103
10665000,42760.000006876355,-517334.6051782293,300.0065905437043,1.0250701043553674,103
10670000,42780.00000688043,-515502.4751361364,301.5971724654447,1.025152232987838,103
10675000,42800.000006884504,-518174.7664916776,301.3590384920009,1.0270983096398694,103
10680000,42820.00000688858,-517243.1165485189,299.8025432967392,1.0302116614713734,103
10685000,42840.00000689265,-516186.40121849836,299.1870559222855,1.0224429484411859,103
10690000,42860.00000689673,-517590.75821377314,302.3200776984079,1.0257140713922355,103
10695000,42880.0000069008,-516301.9966263226,303.9114106135667,1.0229520337926217,103
10700000,42900.00000690488,-516352.98581127543,300.2772979484974,1.0250988668202967,103
10705000,42920.00000690895,-517531.7645806947,300.11112710145113,1.0238055389466516,103
10710000,42940.000006913026,-517637.63353737514,299.9656160624475,1.0275487175480236,103
10715000,42960.0000069171,-516086.1068585557,300.73870402275116,1.0242281113254,103
10720000,42980.000006921175,-517383.67447370244,300.50621429999387,1.0254269128832219,103
10725000,43000.00000692525,-517305.83024534886,299.69908411484744,1.028934638985003,103
10690000,42860.00000689673,-516954.22257009917,299.51059911115044,1.0249484750106364,0
10695000,42880.0000069008,-517645.1032788716,300.9055631913312,1.0241731571367834,106
10700000,42900.00000690488,-517337.98949297937,300.22472148522803,1.0301268949242848,106
10705000,42920.00000690895,-516588.54879945307,301.7834509071909,1.0259553611150192,106
10710000,42940.000006913026,-517762.6166246594,302.9620396372707,1.0249421182870817,106
10715000,42960.0000069171,-518489.8181210072,300.775242647521,1.0282283841462216,105
10720000,42980.000006921175,-518238.20565530076,301.32193417184124,1.0292733101045881,105
10725000,43000.00000692525,-517749.434326472,302.4154748397448,1.0304198958408433,105
10730000,43020.000006929324,-516074.90631070803,302.07427958093047,1.0251275625029654,105
10735000,43040.0000069334,-516607.2862852779,301.01824158536186,1.0255514461442428,105
10740000,43060.00000693747,-516554.7834711268,300.3232599253752,1.0229964590232346,105
10745000,43080.00000694155,-516286.9342032862,300.9621359354604,1.024526733974835,105
10750000,43100.00000694562,-517368.64929319266,300.1274285688999,1.0240348515996553,105
10755000,43120.0000069497,-516938.9525616481,299.82600383620127,1.0275935232589632,105
10760000,43140.00000695377,-518231.86619732156,299.65081542126427,1.02573245936213,105
10765000,43160.000006957845,-516194.9966228453,301.31886542243745,1.0282979206290996,105
10770000,43180.00000696192,-516001.48011958087,300.7744724506564,1.0262150587667287,105
10775000,43200.000006965995,-516794.44163354393,301.76453364637575,1.027658977858569,105
10780000,43220.00000697007,-517235.7352421526,300.0147781073891,1.024776278573945,105
10785000,43240.00000697414,-518329.4847943974,301.76622775060906,1.0283553356248227,105
10790000,43260.00000697822,-515858.8550178122,298.94830066228224,1.0273313659315066,105
10795000,43280.00000698229,-517901.0497626767,300.8181200388851,1.0276415911458012,105
10800000,43300.00000698637,-516368.90296029137,303.7555238052706,1.024317655058026,105
10805000,43320.00000699044,-517897.83819964295,302.11121682651066,1.0305735225379107,105
10810000,43340.000006994516,-517152.74476933526,300.13883029877445,1.0258388634797178,105
10815000,43360.00000699859,-517839.0388066934,299.1966108063458,1.0239647836746617,105
10820000,43380.000007002665,-517414.0613723891,298.83386981365317,1.02902321051591,105
10825000,43400.00000700674,-517744.29024731414,301.914814720093,1.0272491482754427,105
10830000,43420.000007010814,-517996.38853145926,300.8078669210215,1.0270500732621188,104
10835000,43440.00000701489,-516337.8834127912,296.89587426016965,1.0283623788047715,104
10840000,43460.00000701896,-516674.26397011825,302.4023393049486,1.0283734125982453,104
10845000,43480.00000702304,-517437.5695094585,300.20616519028727,1.0262344301922728,104
10850000,43500.00000702711,-517426.3713345018,302.11714711697937,1.0313699482655068,104
10855000,43520.00000703119,-516535.5636418585,300.97611517881694,1.0248382828181122,104
10860000,43540.00000703526,-516172.76717596245,303.28871811192334,1.024211021703296,104
10865000,43560.000007039336,-516631.6175690291,301.196339902175,1.0241616314271165,104
10870000,43580.00000704341,-516790.88446639385,301.68642709906686,1.028971646568502,104
10875000,43600.000007047485,-517624.96781711536,301.7252352107478,1.027732716590785,104
10880000,43620.00000705156,-517559.9241667553,299.18165642807935,1.0308401591697887,104
10885000,43640.000007055634,-516829.9506070644,304.87841589974994,1.029754591931752,104
10890000,43660.00000705971,-517554.23843271565,300.26762529903397,1.0284031929061,104
10895000,43680.00000706378,-516278.75229954463,301.5102393150089,1.0223225393083604,104
10900000,43700.00000706786,-517043.7062444994,297.03667791296095,1.0322878827301227,104
10905000,43720.00000707193,-516753.30376509554,301.48975023646415,1.0254360202297959,104
10910000,43740.00000707601,-516417.0584920973,303.7940563295118,1.0242962343982591,104
10915000,43760.00000708008,-516628.39699228527,303.4869521686846,1.0261788597811263,104
10920000,43780.000007084156,-516206.0871309063,300.382129391786,1.02636212106637,104
10925000,43800.00000708823,-516191.2609303198,301.77656336912577,1.0268319521382292,104
10930000,43820.000007092305,-516768.02662786795,300.4267748401165,1.0264378655835698,104
10935000,43840.00000709638,-516194.22130662156,301.7024480358292,1.0256303200729555,104
10940000,43860.000007100454,-517928.3616203109,300.31240295325966,1.0292940403575916,104
10945000,43880.00000710453,-516702.6396356672,299.90725271967773,1.0295969720993485,104
10950000,43900.0000071086,-516968.04198223795,301.52401773992807,1.0307143326932104,104
10955000,43920.00000711268,-516038.3321727568,300.8612767117351,1.0179247715291344,104
10960000,43940.00000711675,-516964.92236627056,299.9419193402285,1.0280546363883252,104
10965000,43960.00000712083,-517294.05303608417,300.79465988096797,1.0306823920726857,104
10970000,43980.0000071249,-516215.22646477236,300.4598005356434,1.0279702198894163,104
10975000,44000.000007128976,-516708.68648686307,301.3236544679973,1.0265415621756595,104
10980000,44020.00000713305,-516946.9172140418,301.61871591874666,1.0266675902854183,104
10985000,44040.000007137125,-516289.38551619276,301.5622473583715,1.0250466119253674,104
10990000,44060.0000071412,-517162.1382518485,302.08431477128477,1.0271649888444878,104
10995000,44080.000007145274,-516817.4683423992,302.6462131521328,1.0274235806359302,104
11000000,44100.00000714935,-516101.80241597537,298.33932471232987,1.0249350607025778,104
11005000,44120.00000715342,-517175.9830630522,300.2607887395997,1.0234575175439466,104
11010000,44140.0000071575,-516197.448856161,300.2239214613008,1.0268071374023213,104
11015000,44160.00000716157,-518459.05643525464,301.91785804534595,1.0315322942916976,104
11020000,44180.00000716565,-517031.91456740187,300.5501942928986,1.0266190951744358,104
11025000,44200.00000716972,-516420.83278959035,303.0192138787773,1.021847777489022,104
11030000,44220.000007173796,-517034.4837941597,300.1388919947487,1.0235970337294813,104
11035000,44240.00000717787,-516870.2514333506,300.0683653571459,1.0248040305905604,104
11040000,44260.000007181945,-517077.3895979065,302.0697937604319,1.0295034595795531,104
11045000,44280.00000718602,-516840.05904883565,300.4674214282953,1.025377571038411,104
11050000,44300.000007190094,-516612.2539917994,299.79783611027284,1.0256183457902655,104
11055000,44320.00000719417,-517241.668700441,299.94922894932154,1.0254697726093889,104
11060000,44340.00000719824,-516922.2250889295,298.8916459337833,1.027026612099461,104
11065000,44360.00000720232,-515978.135970352,299.1976953263546,1.0268995817403674,104
11070000,44380.00000720639,-516928.39542968315,301.3808796844468,1.025756607828722,104
11075000,44400.00000721047,-517417.1540227707,300.32498009407783,1.0266607427987762,104
11080000,44420.00000721454,-517070.3944763371,297.64345100124393,1.025508577058471,104
11085000,44440.000007218616,-518007.0748264352,301.59743122093766,1.028380635341367,104
11090000,44460.00000722269,-516744.4202869311,300.5055137630042,1.0231915159017186,104
11095000,44480.000007226765,-516067.8711191092,302.0438126491083,1.0224305545776635,104
11100000,44500.00000723084,-516014.05287172087,300.50494336243406,1.0247941411369241,104
11105000,44520.000007234914,-515793.15844546934,298.30548281619673,1.0239123628444478,104
11110000,44540.00000723899,-515890.2429103411,301.5713307347206,1.0235837807798878,104
11115000,44560.00000724306,-516323.4808437587,300.7222810044546,1.0238680706739203,104
11120000,44580.00000724714,-517802.636647118,301.69658842194616,1.0246778392206706,104
11125000,44600.00000725121,-515911.3647741114,303.02277801521956,1.0268550881947298,104
11130000,44620.00000725529,-516907.1080558961,301.17202798664033,1.0293992603307,104
11135000,44640.00000725936,-516856.85266649816,301.59002021068926,1.0263731726302547,104
11140000,44660.000007263436,-517179.58318976266,301.41425577774265,1.0282510586575229,104
11145000,44680.00000726751,-517120.8008058022,303.59835265877587,1.0268028891176186,104
11150000,44700.000007271585,-518062.230403777,299.1736605178971,1.0265658879857191,104
11155000,44720.00000727566,-516355.5794717651,299.49122337457845,1.0278432588624338,104
11160000,44740.000007279734,-517788.8702656047,301.1151229748258,1.0288741682094165,104
11165000,44760.00000728381,-518498.4410826373,300.3404703393083,1.0275207082409137,104
11170000,44780.00000728788,-517812.009369242,302.1782871212881,1.0279896295801911,104
11175000,44800.00000729196,-516211.68051347206,301.4377444462095,1.0237561116811882,104
11180000,44820.00000729603,-517814.01905648457,301.13774055753504,1.02936021803528,104
11185000,44840.00000730011,-516287.7907129433,298.75971714062445,1.0251057030266295,104
11190000,44860.00000730418,-517613.38700144156,304.7547760342315,1.029478429315403,104
11195000,44880.000007308256,-517083.3400349922,302.4281980635279,1.024374827137939,104
11200000,44900.00000731233,-518010.1264631918,302.5185484447995,1.0302534930970773,104
11205000,44920.000007316405,-517327.35081889364,302.8416378712908,1.028595499547026,104
11210000,44940.00000732048,-516891.38487434713,303.7652657897716,1.0243262578419625,104
11215000,44960.000007324554,-516493.8031506117,299.61280135914797,1.0270945301331247,104
11220000,44980.00000732863,-516483.08122953866,299.9676666765935,1.0263338483822795,104
11225000,45000.0000073327,-517051.5413862269,299.53582383047143,1.0269148455285424,104
11230000,45020.00000733678,-517508.90685148607,299.8368009488295,1.0275719058302013,104
11235000,45040.00000734085,-518129.42039412097,300.59794407308704,1.0259491001177201,104
11240000,45060.00000734493,-517024.2116738879,301.85723712400244,1.0264381966099128,104
11245000,45080.000007349,-515934.557994782,301.0530398003272,1.031803773363394,104
11250000,45100.000007353075,-516290.12591417274,300.39573241481173,1.0239630374563542,104
11255000,45120.00000735715,-516051.126429114,298.76362508327117,1.0228515021671052,104
11260000,45140.000007361225,-515800.2889807138,304.3670010942007,1.0249825684583131,104
11265000,45160.0000073653,-517902.4465298136,303.3142667478669,1.029667241047867,104
11270000,45180.00000736937,-517616.3539136939,303.0573728864944,1.0260059431813857,104
11275000,45200.00000737345,-518347.97291534045,303.01626058071366,1.0285368517198221,104
11280000,45220.00000737752,-516433.7916582166,300.40344912251066,1.0271861020263693,104
11285000,45240.0000073816,-517328.6283918577,300.8008929780911,1.0291696812100821,104
11290000,45260.00000738567,-515897.49434729223,302.72713976301543,1.018048564717436,104
11295000,45280.000007389746,-517259.2795319373,300.813841513598,1.0266317767934867,104
11300000,45300.00000739382,-517651.7260177592,303.3740449764489,1.0258214162313335,104
11305000,45320.000007397895,-517522.36923560174,299.7608792212378,1.0239227090359602,104
11310000,45340.00000740197,-517250.67001663987,301.2651742627391,1.0264170801062649,104
11315000,45360.000007406044,-516002.8700586166,300.3479254660808,1.0230706343695384,104
11320000,45380.00000741012,-517907.2543291014,302.0318915453935,1.0267829693886112,104
11325000,45400.00000741419,-516903.97952025547,300.615797135761,1.0233994739961976,104
11330000,45420.00000741827,-517010.95658384706,302.2214408837999,1.0285855210348347,104
11335000,45440.00000742234,-516711.9394592873,300.38328768357604,1.0243796317695018,104
11340000,45460.00000742642,-517490.28509205393,303.4319251174468,1.0241166360009193,104
11345000,45480.00000743049,-516795.0151554565,302.8516739663179,1.0269991496114348,104
11350000,45500.000007434566,-515707.7801069885,299.3140467708939,1.026718454557376,104
11355000,45520.00000743864,-516291.5100077512,299.3624636657551,1.0251234443587183,104
11360000,45540.000007442715,-517618.0421889918,303.34036457793127,1.0285579108849119,104
11365000,45560.00000744679,-517051.3493182522,299.4655825763601,1.0258194003912622,104
11370000,45580.000007450864,-517822.864573624,300.83427264118797,1.027707075944023,104
11375000,45600.00000745494,-516770.1642711335,302.11092477465587,1.0247890727911422,104
11380000,45620.00000745901,-516834.9035927281,301.4049461121766,1.0294742692034398,104
11385000,45640.00000746309,-516325.2408903162,302.6279669958355,1.024648199486812,104
11390000,45660.00000746716,-518185.9416775126,303.1488165712166,1.0266903534805822,104
11395000,45680.00000747124,-517792.61160307913,297.765358797271,1.0219991840083171,104
11400000,45700.00000747531,-516632.3364365839,300.4700724982376,1.0309245590087974,104
11405000,45720.000007479386,-516957.85084637953,300.80165952385096,1.029646278301129,104
11410000,45740.00000748346,-516900.0358330973,299.5995369190006,1.0277833044181603,104
11415000,45760.000007487535,-515902.8971138189,302.35485857077714,1.0253080718586727,104
11420000,45780.00000749161,-516940.669398481,301.866376029789,1.0303298496159004,104
11425000,45800.000007495684,-516735.2493633351,301.06331204143254,1.0262830203743063,104
11430000,45820.00000749976,-516063.90901919524,297.6270619373397,1.0230614138872733,104
11435000,45840.00000750383,-517821.296433978,302.32012258681965,1.023351750651682,104
11440000,45860.00000750791,-517622.2305264445,300.3156555758101,1.0290388652487585,104
11445000,45880.00000751198,-517521.82592810807,300.6352406242346,1.0265092509491966,104
11450000,45900.00000751606,-515767.7248359942,299.93494981192936,1.0238519340946681,104
11455000,45920.00000752013,-517793.57660132786,301.0702757464407,1.028560343898821,104
11460000,45940.000007524206,-517254.6847589887,301.9447580003624,1.0278379996467013,104
11465000,45960.00000752828,-517205.618025454,298.7760270764569,1.0288505009583024,104
11470000,45980.000007532355,-516325.98485178617,303.976724679872,1.0273578803312322,104
11475000,46000.00000753643,-517581.0708556883,300.8733557097741,1.0266086490717639,104
11480000,46020.000007540504,-516752.7847410287,297.3507591920661,1.0295960823897483,104
11485000,46040.00000754458,-517281.9843355387,297.35053643088713,1.0271153775761026,104
11490000,46060.00000754865,-516812.8544471916,302.73064879080067,1.030365152939713,104
11495000,46080.00000755273,-517821.5068189001,301.38786993116406,1.0247417563295098,104
11500000,46100.0000075568,-515742.2030889236,301.02063012863726,1.029485457355832,104
11505000,46120.00000756088,-517448.38108008564,298.6689397893302,1.0293642827832736,104
11510000,46140.00000756495,-516069.7188448005,304.0587678363241,1.027986556302515,104
11515000,46160.000007569026,-515890.68756620795,300.8100526955836,1.0245105387758482,104
11520000,46180.0000075731,-516505.1506866885,302.5872569658722,1.0270996096030052,104
11525000,46200.000007577175,-517217.8876196507,301.22604849160535,1.0250845487868907,104
11530000,46220.00000758125,-516967.7948202139,301.22208960476206,1.030695042140081,104
11535000,46240.000007585324,-518056.7939071276,304.79735315220046,1.0270438471814571,104
11540000,46260.0000075894,-517387.2018023548,300.65435106245263,1.0254080610626513,104
11545000,46280.00000759347,-516464.8538630854,304.03625668390805,1.0261287704326256,104
11550000,46300.00000759755,-516779.6721696346,302.1351425720744,1.0243137024454279,104
11555000,46320.00000760162,-516685.85714068334,300.68693553481097,1.029255705037491,104
11560000,46340.0000076057,-516958.50694359443,303.7052776941939,1.024355004294062,104
11565000,46360.00000760977,-516131.1431354154,299.27404958678545,1.0252700113415405,104
11570000,46380.000007613846,-517983.09511696966,301.60803557420127,1.0251946020704146,104
11575000,46400.00000761792,-517739.21244217455,300.3727954821123,1.0282233345131775,104
11580000,46420.000007621995,-516435.2027661314,301.0369394753759,1.0244776346247222,104
11585000,46440.00000762607,-517177.40694316523,300.2082707324929,1.0232299946178283,104
11590000,46460.000007630144,-517119.2184289936,302.0157645298864,1.0257315467151635,104
11595000,46480.00000763422,-517467.95222321805,301.2276521100018,1.0250954045696368,104
11600000,46500.00000763829,-516749.0816446219,298.91389108271085,1.0223695777115431,104
11605000,46520.00000764237,-516891.00373689714,303.0955041975424,1.0241640984527611,104
11610000,46540.00000764644,-516311.52862401516,302.3695783084038,1.0266389531359095,104
11615000,46560.00000765052,-517297.93573775725,300.53493270981267,1.0257457227259636,104
11620000,46580.00000765459,-518022.0837676022,302.9081725886247,1.026618666539781,104
11625000,46600.000007658666,-516701.9635399056,301.7351559584501,1.0275212453479758,104
11630000,46620.00000766274,-517986.9967396823,302.22639278620113,1.0258876706477458,104
11635000,46640.000007666815,-517345.485898769,299.60245685352,1.0269742521326395,104
11640000,46660.00000767089,-517230.1759260071,301.11964856036656,1.0270822834496498,104
11645000,46680.000007674964,-517243.66922098,301.6855362408269,1.022140899962037,104
11650000,46700.00000767904,-518096.86881553405,299.72029141170833,1.0296694807853333,104
11655000,46720.00000768311,-515792.1268371381,299.2397259286574,1.0250562057100123,104
11660000,46740.00000768719,-517614.53410116397,299.177084152888,1.0255866809501373,104
11665000,46760.00000769126,-516615.6405312042,301.70214635527776,1.0244679529942493,104
11670000,46780.00000769534,-516215.0747371528,302.98122104757283,1.0252809398013227,104
11675000,46800.00000769941,-517156.4488998172,303.44647417946624,1.0281523705253852,104
11680000,46820.000007703486,-518309.6541371306,300.8772007318103,1.027111346969126,104
11685000,46840.00000770756,-518025.0087239838,304.62809945272255,1.0277059603970529,104
11690000,46860.000007711635,-518077.86555263586,299.90752446382777,1.0280107747363179,104
11695000,46880.00000771571,-516074.47080103843,301.46913259285196,1.0227850756116672,104
11700000,46900.000007719784,-517626.1900346128,299.59317645964603,1.0282370280419193,104
11705000,46920.00000772386,-518181.1429614476,297.5528583778901,1.0270157011723113,104
11710000,46940.00000772793,-516390.3389256364,298.7733087807821,1.0284315321383768,104
11715000,46960.00000773201,-516687.77110316674,300.58853963286975,1.0236402674184477,104
11720000,46980.00000773608,-517999.66373379156,301.3871883252847,1.0286241115343988,104
11725000,47000.00000774016,-517102.25966641493,300.5969809897977,1.0295233824425214,104
11730000,47020.00000774423,-517234.48539223266,303.18009047509025,1.0250372376389452,104
11735000,47040.000007748306,-517348.54398966976,300.2784542498176,1.0258395401924227,104
11740000,47060.00000775238,-517869.25728048524,302.86221028387575,1.0271080467429194,104
11745000,47080.000007756455,-517234.95728940726,302.9610354099779,1.026687812759299,104
11750000,47100.00000776053,-517356.9330103223,300.7306387369756,1.0284125830359236,104
11755000,47120.000007764604,-516973.9899356605,300.3926156648736,1.0266654629073237,104
11760000,47140.00000776868,-518095.8703576324,301.82311319027184,1.0287182035878586,104
11765000,47160.00000777275,-516784.69316456746,300.2796386858637,1.0247551309471457,104
11770000,47180.00000777683,-516139.1024159314,301.5535375243696,1.026103579376303,104
11775000,47200.0000077809,-516628.91540090274,303.26703762042877,1.0220384826968583,104
11780000,47220.000007784976,-515990.8251025677,301.40303589900486,1.0246195352642784,104
11785000,47240.00000778905,-516544.8401593396,302.67300021359006,1.0266910289114057,104
11790000,47260.000007793125,-518004.24462631904,301.1615277168601,1.0242794385239549,104
11795000,47280.0000077972,-517893.9864309989,301.1530416790914,1.0289599913641976,104
11800000,47300.000007801274,-517220.9968501264,303.5259645743341,1.025118650661869,104
11805000,47320.00000780535,-517854.2162038472,300.58578588810917,1.0254260442944607,104
11810000,47340.00000780942,-517586.2715821329,301.03024641066537,1.025420557554751,104
11815000,47360.0000078135,-517309.3204748961,298.79992657026924,1.0257580945591744,104
11820000,47380.00000781757,-515920.6210155962,301.1837880260741,1.0261789071758471,104
11825000,47400.00000782165,-517087.8826062565,300.46946647100526,1.0272586615908867,104
11830000,47420.00000782572,-515856.46284411056,300.05947689478865,1.024283766146891,104
11835000,47440.000007829796,-518105.8811482836,301.23740654686844,1.0309276041131863,104
11840000,47460.00000783387,-516964.2507861338,299.7126898226676,1.02659158441498,104
11845000,47480.000007837945,-518433.6544973708,298.3834082009229,1.0297703247138035,104
11850000,47500.00000784202,-517633.6742333141,301.754829624075,1.0255249052088764,104
11855000,47520.000007846094,-517254.41970906034,302.68954502710193,1.027281414425129,104
11860000,47540.00000785017,-516835.3306077421,300.0083655416251,1.0244521780971625,104
11865000,47560.00000785424,-516444.043902674,301.79716577346784,1.0280581591121694,104
11870000,47580.00000785832,-516408.7316193143,302.1796322388221,1.0237617851923921,104
11875000,47600.00000786239,-517587.451037114,299.8425172654467,1.0260517508120677,104
11880000,47620.00000786647,-517261.99131922796,303.0903704654237,1.0276523205574009,104
11885000,47640.00000787054,-516853.8508274872,299.51749891664673,1.0247378034729868,104
11890000,47660.000007874616,-515800.010399648,297.82777790981805,1.0228606140127272,104
11895000,47680.00000787869,-517930.3473814684,300.3248132197559,1.0308778711302795,104
11900000,47700.000007882765,-516400.9720807455,301.5959757497197,1.0292141331908273,104
11905000,47720.00000788684,-515487.15229922393,302.2252528171222,1.0217627394839686,104
11910000,47740.000007890914,-518442.9043125629,299.85739403333207,1.0255076975191777,104
11915000,47760.00000789499,-518449.7701242587,300.80701942902004,1.0267626783197465,104
11920000,47780.00000789906,-517888.23908155854,300.75514683886485,1.0297019195208876,104
11925000,47800.00000790314,-517717.8271232741,298.89994857070826,1.025340259108973,104
11930000,47820.00000790721,-516502.0118905436,300.6504216902338,1.0266230725659307,104
11935000,47840.00000791129,-516788.94371787435,302.83706985056347,1.0262821497852488,104
11940000,47860.00000791536,-518053.44315872155,301.03813879206183,1.0254796464029179,104
11945000,47880.000007919436,-517301.1346966189,301.5903119370608,1.030486613492977,104
11950000,47900.00000792351,-516164.74808979523,300.76589877609007,1.0247537273976113,104
11955000,47920.000007927585,-517354.15988548496,298.98288570067996,1.0255372206580746,104
11960000,47940.00000793166,-518119.20409146417,300.8517173588287,1.0264328206841942,104
11965000,47960.000007935734,-517503.7505131336,297.35791423735463,1.0301051676985893,104
11970000,47980.00000793981,-517235.72361081,301.4240237221346,1.0285571803553681,104
11975000,48000.00000794388,-517837.9573376165,300.4736061953143,1.0285997258374655,104
11980000,48020.00000794796,-515430.17755510635,299.7761981487092,1.0245878789210494,104
11985000,48040.00000795203,-516206.7605245551,302.7576052565293,1.0241102135688849,104
11990000,48060.00000795611,-517457.4447781006,301.6246054209544,1.0276421810858432,104
11995000,48080.00000796018,-516467.4785266649,300.4106030480553,1.0260078098435645,104
12000000,48100.000007964256,-517140.1607320495,301.2845868263984,1.0315525260550187,104
12005000,48120.00000796833,-517751.10252547427,303.69072661143275,1.0279246460990437,104
12010000,48140.000007972405,-516388.2904626662,301.9792995658837,1.0265001340053999,104
12015000,48160.00000797648,-518028.6223193356,303.80482396852335,1.0267817743309284,104
12020000,48180.000007980554,-517198.59006832703,300.85119168351935,1.025576834378436,104
12025000,48200.00000798463,-516823.93332767626,300.34705412463126,1.0271650760279991,104
12030000,48220.0000079887,-516708.2425769279,302.25072108615853,1.026047418932556,104
12035000,48240.00000799278,-517214.29824776715,300.07790804347536,1.0298786967152334,104
12040000,48260.00000799685,-517418.52004964626,302.3500742369079,1.0258572271193873,104
12045000,48280.00000800093,-517606.8060961771,299.6187362381254,1.0227116281995592,104
12050000,48300.000008005,-516879.479804622,301.2886760101437,1.0269153745358905,104
12055000,48320.000008009076,-516988.33637082693,300.81504063379583,1.028178605428931,104
12060000,48340.00000801315,-518263.8846100031,303.3017635119537,1.0250477749042548,104
12065000,48360.000008017225,-516939.0785553048,300.5707866914701,1.0283958374260265,104
12070000,48380.0000080213,-516640.3121861806,302.67068068394553,1.0262715103305686,104
12075000,48400.000008025374,-516979.4051678134,301.5656760892358,1.030599484608687,104
12080000,48420.00000802945,-515589.22797777574,300.1369509631568,1.0220541713215974,104
12085000,48440.00000803352,-516951.5329626121,301.1336296376659,1.0266678584227358,104
12090000,48460.0000080376,-517745.15412996896,300.3231706916502,1.0246963820790167,104
12095000,48480.00000804167,-516591.7008435116,300.1231868121042,1.0273097606708061,104
12100000,48500.00000804575,-517411.38263174775,301.21647896504703,1.0245528732074627,104
12105000,48520.00000804982,-517334.94876260357,302.62748611074863,1.0248790361127744,104
12110000,48540.000008053896,-517934.21667104075,299.53699233169846,1.0317157141486102,104
12115000,48560.00000805797,-517130.6782974319,300.14751702869444,1.0242991210289372,104
12120000,48580.000008062045,-516592.840743053,299.78836896787203,1.0242805822954855,104
12125000,48600.00000806612,-516911.98714893684,301.3857954576489,1.0252209557306262,104
12130000,48620.000008070194,-516297.42182212253,302.9948108655276,1.0206988982613547,104
12135000,48640.00000807427,-516770.98422711017,300.5422959752959,1.024449777226569,104
12140000,48660.00000807834,-515932.04920745525,301.43608393261843,1.0208526503710516,104
12145000,48680.00000808242,-517583.7832402433,300.851601356777,1.024651484779096,104
12150000,48700.00000808649,-515582.4177152456,303.57722037023234,1.025701907769161,104
12155000,48720.00000809057,-516905.3814831509,300.20586742545146,1.0303877676434006,104
12160000,48740.00000809464,-515676.23449642607,302.0260171221332,1.0193065924907276,104
12165000,48760.000008098716,-518091.3111843867,302.3848683316265,1.0279513324039389,104
12170000,48780.00000810279,-517732.98180425423,299.99240987603145,1.0297228780860257,104
12175000,48800.000008106865,-517438.03622923815,304.1807301641245,1.0297528986498519,104
12180000,48820.00000811094,-517525.57034938945,300.27287286874054,1.0285146543452273,104
12185000,48840.000008115014,-517650.685510735,301.7098124594545,1.031371413823623,104
12190000,48860.00000811909,-518103.5213193814,300.5463405458412,1.0301502440355772,104
12195000,48880.00000812316,-516792.8261210136,301.7302179863106,1.02953257393444,104
12200000,48900.00000812724,-516162.08633447974,302.16782118810113,1.0229235245569859,104
12205000,48920.00000813131,-517329.66720193345,301.37941663511236,1.0276221294229517,104
12210000,48940.00000813539,-517728.925286734,300.5029262870842,1.0280378178446687,104
12215000,48960.00000813946,-516955.5150839847,302.1778391671505,1.0269844155804633,104
12220000,48980.000008143536,-515599.7330031819,299.8806991072273,1.0197232219478454,104
12225000,49000.00000814761,-516675.1255126032,298.6595235338859,1.0274314283464225,104
12230000,49020.000008151685,-517366.62372718775,301.86503911435994,1.0230700415623888,104
12235000,49040.00000815576,-516333.41229936504,302.07985520250236,1.026188963771141,104
12240000,49060.000008159834,-517410.3166058294,301.67550945641364,1.0264931717676713,104
12245000,49080.00000816391,-516296.56301199505,299.7720213281519,1.0274940814611067,104
12250000,49100.00000816798,-515697.2305482961,303.5074099246854,1.0221783286487518,104
12255000,49120.00000817206,-515759.939561344,303.0402277629369,1.0292611361104687,104
12260000,49140.00000817613,-516469.81725753564,303.33898083535206,1.025737940734522,104
12265000,49160.000008180206,-516463.49260848644,299.1058318085519,1.0275010005610967,104
12270000,49180.00000818428,-516817.62254762044,299.2156897528559,1.024682012778857,104
12275000,49200.000008188355,-516800.02115507843,299.342329299917,1.0244390234278689,104
12280000,49220.00000819243,-517462.3688927181,302.1565614702233,1.0279781732834687,104
12285000,49240.000008196504,-516209.68719347403,299.0466555136476,1.0255832304013697,104
12290000,49260.00000820058,-516642.6272594789,299.9029717856654,1.0304914625007215,104
12295000,49280.00000820465,-516886.98206141684,304.59018434886985,1.028800698982147,104
12300000,49300.00000820873,-517604.472145068,302.89234552696206,1.0233807352858106,104
12305000,49320.0000082128,-516257.8062104925,302.7879027292877,1.0230845516542961,104
12255000,49120.00000817206,-517775.6774763416,302.7204688193293,1.029590482802926,--
12260000,49140.00000817613,-517793.61747799325,301.39473452558025,1.023806428391948,106
12265000,49160.000008180206,-516778.6973270478,300.6563102554479,1.0262513874454826,106
12270000,49180.00000818428,-517984.95916763786,301.3846852887062,1.0269782788661124,106
12275000,49200.000008188355,-516046.782207632,303.02625840724534,1.02465882435406,105
12280000,49220.00000819243,-517389.2627909966,295.5943882962465,1.0248227574342992,105
12285000,49240.000008196504,-517316.92320327135,301.4056910280656,1.0292988162522254,105
12290000,49260.00000820058,-517472.8447742597,301.1230468289807,1.0267997986885935,105
12295000,49280.00000820465,-516533.73112726165,301.2108866989796,1.025504411627019,105
12300000,49300.00000820873,-516031.6414816652,301.20694339910074,1.0275759661221957,105
12305000,49320.0000082128,-515727.3654697428,301.3535229719457,1.0267349877812235,105
12310000,49340.00000821688,-517752.3305759318,301.4733038064531,1.0284278277296866,105
12315000,49360.00000822095,-515210.42680361355,302.1885586036651,1.0233110543536488,105
12320000,49380.000008225026,-516854.7271955509,301.3347868470028,1.0241317432043093,105
12325000,49400.0000082291,-516742.03958137636,301.7050296742542,1.0279995055829694,105
12330000,49420.000008233175,-516903.5171120083,299.9059832693938,1.0230116768175503,105
12335000,49440.00000823725,-516637.2699531324,301.7076000320027,1.0276832376405904,105
12340000,49460.000008241324,-516520.61469797255,299.1631100270207,1.0227784904777482,105
12345000,49480.0000082454,-516692.57266282476,299.2986831278373,1.0281002909801378,105
12350000,49500.00000824947,-516041.80614002165,301.97267322418793,1.0232040986866298,105
12355000,49520.00000825355,-517082.41616033856,303.84971357880056,1.0249901777001313,105
12360000,49540.00000825762,-518356.9367625811,299.9925581270589,1.0301579469412643,105
12365000,49560.0000082617,-517458.4778033425,303.56961668222135,1.0299662978276218,104
12370000,49580.00000826577,-517610.0461199966,299.6188743833372,1.0210788259185142,104
12375000,49600.000008269846,-516243.1464964836,303.1864804649938,1.0219812672726145,104
12380000,49620.00000827392,-516948.36608114815,299.4465053421876,1.0300124129965844,104
12385000,49640.000008277995,-517008.8645496967,300.6390746814926,1.028382320794645,104
12390000,49660.00000828207,-516577.7833291213,298.1720932887427,1.0260823784910118,104
12395000,49680.000008286144,-517120.52982232417,299.9347639362298,1.0236787606535243,104
12400000,49700.00000829022,-515966.3307906543,300.9749129826532,1.025783548258365,104
12405000,49720.00000829429,-517308.10784210917,298.73505615376405,1.025191408337711,104
12410000,49740.00000829837,-517199.226836324,299.69208301139196,1.0287414935937622,104
12415000,49760.00000830244,-517460.2551983651,304.0398063176599,1.026284094160163,104
12420000,49780.00000830652,-515815.8637468398,301.8646229609406,1.0207665357534172,104
12425000,49800.00000831059,-515623.6563254164,301.6205360596861,1.024070467892184,104
12430000,49820.000008314666,-517275.76402938203,299.4042853819937,1.0302361011634535,104
12435000,49840.00000831874,-516798.66983727086,299.6322074670833,1.0251440482870013,104
12440000,49860.000008322815,-517523.8347546479,299.52384568977004,1.0273810104733883,104
12445000,49880.00000832689,-516650.34990577446,299.5544636387761,1.0285562043348928,104
12450000,49900.000008330964,-514902.50465785456,303.05876630383506,1.0207737150971963,104
12455000,49920.00000833504,-517285.6944988086,298.8746519845367,1.0297014059028284,104
12460000,49940.00000833911,-517877.5091996351,300.69719767289365,1.0238115590983308,104
12465000,49960.00000834319,-517747.0248820097,299.34991581603356,1.027904661765345,104
12470000,49980.00000834726,-515759.80940119294,302.4912240685543,1.0232598342892494,104
12475000,50000.00000835134,-517350.88985220157,299.49702731787494,1.027789805009511,104
12480000,50020.00000835541,-514511.4196862418,302.46308466052085,1.0189789050849114,104
12485000,50040.000008359486,-517365.65885947575,300.75612378190567,1.0280538504595926,104
12490000,50060.00000836356,-517692.0570516605,301.224537004201,1.0263028487538708,104
12495000,50080.000008367635,-516163.8291784087,300.3036588296399,1.0191733340938325,104
12500000,50100.00000837171,-517853.12425920204,300.3023455397846,1.0263277658907757,104
