#"Step","Time (ps)","Potential Energy (kJ/mole)","Temperature (K)","Density (g/mL)","Speed (ns/day)"
5000,120.00000000005473,-517964.5542774487,300.013805247932,1.02846313543775,--
10000,140.00000000003652,-515182.7211171454,300.06634796367194,1.0255010217127818,105
15000,159.9999999999899,-517947.93105186103,300.261176606114,1.0266388122425902,105
20000,179.9999999999433,-516686.2269528569,302.62236495293536,1.0268994560607685,105
25000,199.9999999998967,-516480.64021220175,302.7176766597383,1.0264363821930336,105
30000,219.99999999985008,-517534.3273453398,299.02258021849633,1.0258454718455428,105
35000,239.99999999980346,-515368.73710895726,301.76629558967676,1.0249264922004513,105
40000,259.99999999978525,-515863.0170841818,299.54565237140207,1.0230536659547944,105
45000,279.99999999988074,-516732.28963791067,298.5530680097105,1.023092162919525,105
50000,299.99999999997624,-517658.46163915494,301.2910238804707,1.0257924853189433,105
55000,320.00000000007174,-517846.0779958798,299.74288282592295,1.0278751271685331,105
60000,340.00000000016723,-517650.7290628471,302.62390900944587,1.0282300151692532,105
65000,360.00000000026273,-517330.3396899991,302.23066882539746,1.0298941355126554,105
70000,380.0000000003582,-517834.9763054282,301.2978162781099,1.0270754124413244,105
75000,400.0000000004537,-517585.49145500874,302.4046577479276,1.0251904480893674,105
80000,420.0000000005492,-516174.8758066674,300.67336059071505,1.0268902061457477,105
85000,440.0000000006447,-517104.5593259791,298.93810060087725,1.019412115243297,105
90000,460.0000000007402,-516878.68993950845,298.37223165648606,1.023221666516006,105
95000,480.0000000008357,-516603.45266437647,301.5279252625533,1.0241757830657996,105
100000,500.0000000009312,-516942.99396519223,299.23348235594074,1.0243437506246715,105
105000,520.0000000010267,-518022.5775096747,302.5163344120087,1.029952497379933,105
110000,540.0000000011222,-516047.91821063845,301.8419262253414,1.0227684946336062,105
115000,560.0000000012177,-517759.1373828454,299.60352684678156,1.026500654820239,105
120000,580.0000000013132,-517531.1307823842,301.2303117848789,1.0243729246873314,105
125000,600.0000000014087,-517174.8902401938,302.10171019699925,1.0294418604233981,105
130000,620.0000000015042,-516221.06115157856,301.79742137870016,1.0254399347735625,105
135000,640.0000000015997,-516786.08217693074,300.4598117330658,1.0261598489855754,105
140000,660.0000000016952,-517583.47259727516,299.7012117339552,1.023910870124419,105
145000,680.0000000017907,-517027.4425081278,302.8160172767728,1.0257227239338809,105
150000,700.0000000018862,-516488.91849282035,302.2630941600261,1.0217247578879896,105
155000,720.0000000019817,-517048.2685127973,300.7024191811857,1.027581317505076,105
160000,740.0000000020772,-516186.63583789486,300.62620238988296,1.0252738308985991,105
165000,760.0000000021727,-517106.4944098231,303.4034699444138,1.0279749548134804,105
170000,780.0000000022682,-516881.83653553226,300.7221254983503,1.026910713558763,105
175000,800.0000000023637,-516839.7380634248,300.75754606732283,1.028958753914189,105
180000,820.0000000024592,-516954.9270872886,300.98226340531863,1.024716055378824,105
185000,840.0000000025547,-516219.17411639844,300.7870101822964,1.0245219652155872,105
190000,860.0000000026502,-516866.86677750456,300.5225137837068,1.022002244593523,105
195000,880.0000000027457,-517229.63078922266,302.39204022322076,1.027976245959646,105
200000,900.0000000028411,-517493.81479231245,300.89273636987684,1.0278724681064841,105
205000,920.0000000029366,-516340.559769565,300.38614727710774,1.0215213597453812,105
210000,940.0000000030321,-517164.94944966095,301.89674041632577,1.0281945734966336,105
215000,960.0000000031276,-517369.8247583972,302.7763213711597,1.0297873313723587,105
220000,980.0000000032231,-517535.28773325635,297.2641821468921,1.0271333085493637,105
225000,1000.0000000033186,-516778.62756608287,300.4206821707185,1.0278420278981082,105
230000,1020.0000000034141,-516554.0658939809,298.5497446018528,1.0292750370391213,105
235000,1040.0000000030548,-516167.98996718787,299.97907810053533,1.0270701487331586,105
240000,1060.0000000025818,-516807.96467923187,304.3014234749492,1.0276367616294324,105
245000,1080.000000002109,-518268.4352395516,302.00573558852295,1.0297372001922547,105
250000,1100.000000001636,-516307.10239198315,300.0381803192936,1.0254975480613362,105
255000,1120.000000001163,-515741.1026484696,300.7062870240442,1.0245604948159488,105
260000,1140.00000000069,-517147.5416766745,300.59726730751646,1.0264144363287053,105
265000,1160.0000000002171,-517205.70417234814,301.09770221488236,1.0284378835933263,105
270000,1179.9999999997442,-517897.4535583367,301.33993907270144,1.030330095054573,105
275000,1199.9999999992713,-517019.50258613494,301.199061319151,1.027709511855613,105
280000,1219.9999999987983,-516956.0570063023,300.03427682314566,1.025535326963542,105
285000,1239.9999999983254,-515272.1156895112,303.7814265659408,1.023955431529954,105
290000,1259.9999999978525,-516472.5213842245,300.74542592987706,1.0215980754018708,105
295000,1279.9999999973795,-518205.80350174545,298.9483881178856,1.028842704857601,105
300000,1299.9999999969066,-518006.0601920339,300.3107965238853,1.0267453792790993,105
305000,1319.9999999964336,-516938.3852510883,302.1673325309636,1.0271639605711747,105
310000,1339.9999999959607,-517616.6889183121,301.26197926116964,1.0272553410193452,105
315000,1359.9999999954878,-517416.1521702707,299.1580029190574,1.0255841847327816,105
320000,1379.9999999950148,-517307.98654377135,300.3713313435903,1.025931749804056,105
325000,1399.999999994542,-517406.9997116511,301.4177008460133,1.0246484557288749,105
330000,1419.999999994069,-517237.79803437646,300.1076125339956,1.0258842938720352,105
335000,1439.999999993596,-517496.8773691205,300.71018373711354,1.0249084296654967,105
340000,1459.999999993123,-516412.20197138726,300.59262510801943,1.0254657895300947,105
345000,1479.9999999926501,-517627.7305876268,299.56898085193274,1.0289311647103079,105
350000,1499.9999999921772,-516876.69594992907,299.1127561494523,1.0264934123639697,105
355000,1519.9999999917043,-516626.7591404,299.5196848973457,1.02375212847658,105
360000,1539.9999999912313,-516630.4962732673,298.6472017364287,1.0275521839510005,105
365000,1559.9999999907584,-515771.35628975555,301.097715060261,1.0250068383751247,105
370000,1579.9999999902855,-517556.00949834404,301.3129897186798,1.0269936222705185,105
375000,1599.9999999898125,-517864.0342036465,299.6341489088396,1.027215469393139,105
380000,1619.9999999893396,-516571.10127710784,300.4929307620432,1.0276997210948633,105
385000,1639.9999999888666,-516991.09427417465,302.0668556588888,1.028684127105334,105
390000,1659.9999999883937,-516844.6139278391,301.61223427122616,1.0245907750025167,105
395000,1679.9999999879208,-517209.88109786296,305.7944580011254,1.030773687862451,105
400000,1699.9999999874478,-515968.3465470767,299.7039440779155,1.0248255744556534,105
405000,1719.999999986975,-517436.68892190885,299.7258663558819,1.0297440001892246,105
410000,1739.999999986502,-517593.18569940794,301.73973549224803,1.0281389093397226,105
415000,1759.999999986029,-519232.25361794676,301.5997721673327,1.027825381818519,105
420000,1779.999999985556,-517295.99444404733,300.1650841241571,1.0287238145501618,105
425000,1799.9999999850832,-518905.8499937109,300.5903404818608,1.0294783764474815,105
430000,1819.9999999846102,-517073.72538578,301.3702921568068,1.028462366549342,105
435000,1839.9999999841373,-518000.4588219153,300.7001958434497,1.0282585825963817,105
440000,1859.9999999836643,-517635.79455094645,301.4238887314259,1.0298410084944627,105
445000,1879.9999999831914,-516725.9270989136,298.4775840666977,1.0213837314921896,105
450000,1899.9999999827185,-517512.0423914823,303.0199464958355,1.0243476342962938,105
455000,1919.9999999822455,-516586.8031544124,301.0335404025144,1.0285460741720989,105
460000,1939.9999999817726,-516463.507157434,299.94999694910524,1.0230742563058908,105
465000,1959.9999999812997,-517238.2172074297,298.6184039290195,1.0311562064665467,105
470000,1979.9999999808267,-517244.4698179725,300.84217818704116,1.0265643481702185,105
475000,1999.9999999803538,-516246.96761821466,300.5099199182812,1.0259132508346962,105
480000,2019.9999999798808,-517174.3894711097,302.0619715139988,1.0248410926474663,105
485000,2039.999999979408,-517279.22702747886,300.44206067700105,1.027114899141446,105
490000,2059.999999978935,-517391.0702810837,300.79861319923276,1.0236736503112407,105
495000,2079.9999999784623,-516963.05749272904,301.1022057424549,1.023910633952733,105
500000,2099.9999999779893,-516998.07107588486,298.96057947176587,1.0269847561949095,105
505000,2119.9999999775164,-519058.51872392045,300.5507129164266,1.0248570302008762,105
510000,2139.9999999770434,-517431.62182109384,300.0544095996125,1.027971757290438,105
515000,2159.9999999765705,-515086.90832331567,303.4467240298841,1.0230789391873674,105
520000,2179.9999999760976,-516983.84473764687,303.4977312195952,1.027383610451231,105
525000,2199.9999999756246,-517598.2331661333,302.0821616487977,1.0289904850239726,105
530000,2219.9999999751517,-517987.0272549838,299.47682270986155,1.0280691920417888,105
535000,2239.9999999746788,-515527.5640482241,300.527859029286,1.0249155261134615,105
540000,2259.999999974206,-518157.44385542604,302.0666633552164,1.022662953064543,105
545000,2279.999999973733,-518093.51367886574,301.13194659690316,1.0287490582177246,105
550000,2299.99999997326,-516437.90733325784,301.5969404264336,1.0275448815250383,105
555000,2319.999999972787,-517182.28344054194,301.3612052169056,1.0239535419087444,105
560000,2339.999999972314,-517569.1907368901,300.9478203477749,1.027382690684185,105
565000,2359.999999971841,-517161.5448770141,298.74953648810026,1.024542729772213,105
570000,2379.999999971368,-517936.72244141065,300.4259484688892,1.0273038140683322,106
575000,2399.9999999708953,-515844.0150353336,302.37185703223815,1.027227264964218,106
580000,2419.9999999704223,-518202.41060682945,298.79688144925956,1.0280729466759988,106
585000,2439.9999999699494,-517591.17609453085,299.69174874710245,1.0262358534786677,106
590000,2459.9999999694764,-517406.42205739976,303.3958638296955,1.0230330552783353,106
595000,2479.9999999690035,-517002.1391337218,299.5330088751236,1.0315667278796996,106
600000,2499.9999999685306,-517246.76723178173,300.02279101279083,1.0313823514877354,106
605000,2519.9999999680576,-517569.0173929429,301.9183761323624,1.025100716300595,106
610000,2539.9999999675847,-517232.0267392064,300.81863290957114,1.0285280802145542,106
615000,2559.9999999671118,-517728.67143975943,298.57030602407355,1.0297514976439963,106
620000,2579.999999966639,-516660.57071744464,302.1479503233648,1.0203540490752423,106
625000,2599.999999966166,-517332.6678413185,299.6925510557985,1.0326689431479887,106
630000,2619.999999965693,-516060.7237841969,301.4560513271265,1.0278636267790129,106
635000,2639.99999996522,-517356.3533134421,300.1300432035172,1.027606691040771,106
640000,2659.999999964747,-516609.78802346345,300.8022172085137,1.0246720506529894,106
645000,2679.999999964274,-518064.885300023,300.26245345447774,1.0290170018925706,106
650000,2699.999999963801,-517414.5372436235,297.2752758433792,1.0275305489361461,106
655000,2719.9999999633283,-516528.5244244144,301.11137302309544,1.0277701099135337,106
660000,2739.9999999628553,-517727.22519932804,300.1500130202192,1.0264828189583213,106
665000,2759.9999999623824,-516843.8299160863,302.97748214242625,1.0255160405821369,106
670000,2779.9999999619095,-517828.62639053655,301.5707820247425,1.02833917531424,106
675000,2799.9999999614365,-518143.83787417994,301.0976692357615,1.0262154031660184,106
680000,2819.9999999609636,-516688.1644549067,300.69657579406083,1.0240161480661374,106
685000,2839.9999999604906,-517161.818028772,302.80817417675655,1.0239236171998742,106
690000,2859.9999999600177,-516758.88635393884,304.3259516664707,1.0230360983621603,106
695000,2879.9999999595448,-517160.64411086915,297.8151550616318,1.023546980513333,106
700000,2899.999999959072,-517358.9710797011,299.41098943893843,1.0284176569485952,106
705000,2919.999999958599,-517907.9450672071,300.77578481962655,1.0286350169818308,106
710000,2939.999999958126,-517937.4059394174,301.53683611047666,1.0268540617869817,106
715000,2959.999999957653,-515881.6350045607,302.88173790788187,1.0273794445464848,106
720000,2979.99999995718,-515555.49680671305,299.2715471675339,1.020187224673948,106
725000,2999.999999956707,-516791.980865631,296.1793002194973,1.0259031101698028,106
730000,3019.999999956234,-516318.01208939194,301.50262375444515,1.0226570607563363,106
735000,3039.9999999557613,-518120.13615320413,299.47953233991507,1.0248096287202897,106
740000,3059.9999999552883,-516829.17967246985,300.25438322143265,1.0268247828908388,106
745000,3079.9999999548154,-516946.30323954136,299.87330697886824,1.0228186999818385,106
750000,3099.9999999543425,-517840.1409157461,300.2089807727051,1.0296849793709284,106
755000,3119.9999999538695,-516968.0330073568,301.1836418114227,1.022566284344613,106
760000,3139.9999999533966,-517071.62541908375,302.72828333275305,1.0250383592327228,106
765000,3159.9999999529236,-517294.761240365,297.83753093878687,1.025232351735559,106
770000,3179.9999999524507,-517708.93868927285,299.6532004538947,1.02571284222603,106
775000,3199.9999999519778,-517189.8140736411,300.64293800378834,1.026320636981763,106
780000,3219.999999951505,-518442.61898233905,298.3161424159161,1.0296560620422202,106
785000,3239.999999951032,-518159.46584607824,302.2006474797524,1.0257640597207773,106
790000,3259.999999950559,-518705.7729334538,299.852462526911,1.026933094048614,106
795000,3279.999999950086,-516103.46416327846,300.6906033970189,1.0260765578626139,106
800000,3299.999999949613,-517155.0390386223,302.23748679785945,1.025092800652956,106
805000,3319.99999994914,-517025.438995661,302.473606570042,1.0242339737394754,106
810000,3339.999999948667,-516405.09384765313,301.66647396139723,1.0275851274003596,106
815000,3359.9999999481943,-517369.4345121349,300.4787408085727,1.0250615727976904,106
820000,3379.9999999477213,-517296.71539416444,302.04547375243516,1.0299375756351243,106
825000,3399.9999999472484,-516965.672848454,302.16192069163776,1.0248823019163351,106
830000,3419.9999999467755,-516084.212109386,299.5106658373548,1.0240280633970615,106
835000,3439.9999999463025,-517905.74095363216,300.56922191313737,1.0225648616899154,106
840000,3459.9999999458296,-516284.41065963474,300.0180592154747,1.0264959078863842,106
845000,3479.9999999453566,-517455.991849754,303.4585740360186,1.026183561428844,106
850000,3499.9999999448837,-517016.666045086,299.7503955800258,1.025395320926994,106
855000,3519.999999944411,-517348.94631384546,300.19272242150834,1.0250220304570377,106
860000,3539.999999943938,-517209.3455557029,303.0225333901155,1.026446825531975,106
865000,3559.999999943465,-517784.45669372333,298.17475297520195,1.0300958999481147,106
870000,3579.999999942992,-516074.194688685,301.42015815999963,1.0245109555230143,106
875000,3599.999999942519,-517737.16539467755,302.9169551266101,1.0275322879041529,106
880000,3619.999999942046,-518311.1922543631,296.8660782885746,1.0288277932685312,106
885000,3639.999999941573,-516792.37011597794,299.66175205730275,1.0302142706903474,106
890000,3659.9999999411,-517578.70952260424,302.8939064055896,1.031171030693656,106
895000,3679.9999999406273,-517252.7095202585,301.7554346211808,1.0302407667931188,106
900000,3699.9999999401543,-518589.5452729401,301.02268576478633,1.026729481505227,106
905000,3719.9999999396814,-516439.56809287705,301.05542515929346,1.0274571472745195,106
910000,3739.9999999392085,-517999.44424245413,299.4068258179126,1.0288094057170973,106
915000,3759.9999999387355,-516831.7058519297,299.5520663408842,1.0254529528049934,106
920000,3779.9999999382626,-518164.67689465545,300.68626760028195,1.0275083014544182,106
925000,3799.9999999377897,-517008.2034602398,304.1074233230241,1.0255257700084346,106
930000,3819.9999999373167,-516227.68433748744,300.31261203387663,1.0244023897595742,106
935000,3839.999999936844,-517232.7197807899,304.0393709328914,1.0288286515465535,106
940000,3859.999999936371,-516395.96090499614,300.31096085428817,1.022381309726962,106
945000,3879.999999935898,-517861.373300405,301.0171607060231,1.0254310657468995,106
950000,3899.999999935425,-517196.1845932298,299.67159435814114,1.0224430743575819,106
955000,3919.999999934952,-516696.2428917256,301.4387791034994,1.0284769386305816,106
960000,3939.999999934479,-516510.6893926526,303.0258980871582,1.023678567927328,106
965000,3959.999999934006,-516925.853724431,299.1988312246217,1.0274020521258562,106
970000,3979.999999933533,-516073.9338615171,299.7036699406192,1.0300456423206568,106
975000,3999.9999999330603,-516821.2244092426,302.3161498214837,1.0218758435387136,106
980000,4019.9999999325873,-517910.4049927606,302.644449185757,1.0282418066821963,106
985000,4039.9999999321144,-518651.3359620485,299.7445029824632,1.026193667423243,106
990000,4059.9999999316415,-517271.12322620815,298.5498741979819,1.0277989597577712,106
995000,4079.9999999311685,-516978.09548123647,300.9403326685415,1.0254579018604202,106
1000000,4099.999999930696,-516650.657923792,300.54103376197753,1.02195270019323,106
1005000,4119.999999930223,-516821.8486213677,301.5694643110531,1.021361152308635,106
1010000,4139.99999992975,-516543.9698460235,300.500597582452,1.026967830172356,106
1015000,4159.999999929277,-516445.8789179337,300.07291667792174,1.0305208636819378,106
1020000,4179.999999928804,-518967.6622004707,300.7952014990609,1.0252583612042867,106
1025000,4199.999999928331,-516732.0897704717,300.06661462048413,1.0256649449649882,106
1030000,4219.999999927858,-517994.3408211088,300.5623561310535,1.027057320270073,106
1035000,4239.999999927385,-516529.9945367023,302.9550949304479,1.0260345016841597,106
1040000,4259.999999926912,-516037.6926993446,299.88957972920474,1.0222861643635173,106
1045000,4279.999999926439,-517371.06032346934,300.3151402555428,1.0260919518384104,106
1050000,4299.999999925966,-517242.51067490363,302.01097815732226,1.024755266835907,106
1055000,4319.999999925493,-517221.46476926445,299.2292201753856,1.0254657211519673,106
1060000,4339.99999992502,-517495.9324402143,301.1877064942628,1.0266355232273887,106
1065000,4359.999999924547,-515852.32223982015,301.9363547384901,1.0271212309348643,106
1070000,4379.9999999240745,-516433.661104165,301.1121420906767,1.0262274664601865,106
1075000,4399.9999999236015,-516967.55907470407,299.6380181043753,1.0239843359350045,106
1080000,4419.999999923129,-517577.608630555,300.1822557918639,1.0242959562223004,106
1085000,4439.999999922656,-516501.1095710499,300.76688214039143,1.0279693699817256,106
1090000,4459.999999922183,-518142.7731263451,297.8118548922794,1.0265666437278176,106
1095000,4479.99999992171,-517109.5450413965,300.9701087968929,1.0310697214353388,106
1100000,4499.999999921237,-515674.4146712166,301.7923305542027,1.0260721728552284,106
1105000,4519.999999920764,-516968.1856583359,302.0646731017983,1.0245156474705002,106
1110000,4539.999999920291,-516179.4794147669,301.3536961472455,1.0256454788071974,106
1115000,4559.999999919818,-518445.0883804674,301.3396487651659,1.0324428804693035,106
1120000,4579.999999919345,-517799.1926930514,301.5516319904611,1.0276306592891034,106
1125000,4599.999999918872,-516187.2306563265,301.323410309455,1.0240296863968248,106
1130000,4619.999999918399,-517161.8219955154,301.76310577269544,1.0257075993146305,106
1135000,4639.999999917926,-516855.0103480674,300.6426320391411,1.0255018861406917,106
1140000,4659.999999917453,-517621.7485914957,299.94509791515935,1.0298276797016346,106
1145000,4679.99999991698,-517549.1310501727,305.01373223842415,1.0289186635925025,106
1150000,4699.9999999165075,-516989.14108150615,298.43770993038703,1.0250887238860924,106
1155000,4719.9999999160345,-517142.8104798717,301.1192324866371,1.0275775056908119,106
1160000,4739.999999915562,-516483.7772319978,299.25606059460364,1.0276929824692382,106
1165000,4759.999999915089,-516022.0164731853,300.2499642886239,1.0281970625803118,106
1170000,4779.999999914616,-517134.17584271356,301.056264202769,1.0256569313547492,106
1175000,4799.999999914143,-516887.7555271522,300.3520439083012,1.0322482857906465,106
1180000,4819.99999991367,-517084.0712194091,300.4808164277552,1.0244124681872027,106
1185000,4839.999999913197,-516679.5260360425,302.18495974712687,1.0269159439518671,106
1190000,4859.999999912724,-516711.95568992407,302.15624618227884,1.024307854690032,106
1195000,4879.999999912251,-517142.1948639243,300.0607303180614,1.0264568819570108,106
1200000,4899.999999911778,-518993.792027893,302.6779060357011,1.0310236614843837,106
1205000,4919.999999911305,-517150.20922055515,300.3539333706479,1.0213230945738918,106
1210000,4939.999999910832,-516911.3976949991,302.11646959411854,1.0310911947581975,106
1215000,4959.999999910359,-516846.6910748237,300.5529936701692,1.0251368993818037,106
1220000,4979.999999909886,-516738.7397089631,297.88994022430995,1.025226286486483,106
1225000,4999.999999909413,-516828.7734849574,301.3851053626981,1.024373807731827,106
1230000,5019.9999999089405,-515238.03101398447,299.61164238802854,1.0237497202445909,106
1235000,5039.9999999084675,-516828.23159609805,301.2603573781118,1.0231745303422175,106
1240000,5059.999999907995,-515938.1726890784,300.112833402785,1.0247546390425608,106
1245000,5079.999999907522,-517361.0074437342,300.71806552529347,1.0284687276757818,106
1250000,5099.999999907049,-516694.32574135717,300.6818056799682,1.0290182260012994,106
1255000,5119.999999906576,-517890.7734510775,298.8301301766012,1.0281523953587188,106
1260000,5139.999999906103,-518324.6376536477,300.8560243586676,1.0292337677467431,106
1265000,5159.99999990563,-516502.1061753563,298.58386550550347,1.0251222081270293,106
1270000,5179.999999905157,-517312.2903831443,301.1662621325412,1.0227713215837957,106
1275000,5199.999999904684,-517682.59647432575,300.8811001730604,1.0262647224264845,106
1280000,5219.999999904211,-518086.4006474742,298.37683877386496,1.0327484721508988,106
1285000,5239.999999903738,-517228.298243457,300.9025398872623,1.0238533845700577,106
1290000,5259.999999903265,-517008.1344718849,300.26265112976165,1.027419263847215,106
1295000,5279.999999902792,-517381.18076080224,301.70772910257284,1.0230369401920554,106
1300000,5299.999999902319,-517727.9518453304,300.21945273260053,1.0225602364487385,106
1305000,5319.999999901846,-517181.78240997344,303.0774053423567,1.0249608336043605,106
1310000,5339.9999999013735,-516820.01849172707,301.44748957090684,1.0226127108378529,106
1315000,5359.999999900901,-519381.1018743655,300.92350322650395,1.0264094338015337,106
1320000,5379.999999900428,-517344.14563753596,302.4688848371745,1.02693527838758,106
1325000,5399.999999899955,-518200.45341176423,300.66721962380683,1.0265831704464545,106
1330000,5419.999999899482,-517390.9349254146,300.0623610967142,1.0261538470095164,106
1335000,5439.999999899009,-517440.26915631467,300.94607849394083,1.0257525306517838,106
1340000,5459.999999898536,-517622.37325536367,304.40518367814053,1.0266617228032546,106
1345000,5479.999999898063,-516548.72040685965,300.1722169591013,1.0232486465451736,106
1350000,5499.99999989759,-517238.9384577817,300.347642453762,1.028194502117015,106
1355000,5519.999999897117,-515851.6947336134,302.87937529438443,1.0277491341483602,106
1360000,5539.999999896644,-517174.0230744288,301.3520435652973,1.027790516397785,106
1365000,5559.999999896171,-516775.8370240249,303.7900645983933,1.023776325851472,106
1370000,5579.999999895698,-516497.35693810787,300.0127378076634,1.025859881992442,106
1375000,5599.999999895225,-517260.37184034125,301.1837992527603,1.0253345839317298,106
1380000,5619.999999894752,-517118.99656815454,299.31828613871454,1.0251229522952632,106
1385000,5639.999999894279,-518150.50682533626,299.3726462836248,1.0237675850032077,106
1390000,5659.9999998938065,-517653.33280016156,298.3221225168042,1.025101788762705,106
1395000,5679.999999893334,-516161.62255130033,301.96956671234926,1.0226085724629468,106
1400000,5699.999999892861,-517001.5370681314,302.5924569896852,1.0274988664290194,106
1405000,5719.999999892388,-517537.97489225166,298.9059406985936,1.0248414851324148,106
1410000,5739.999999891915,-516967.80250750715,298.7298345349154,1.0224215400729366,106
1415000,5759.999999891442,-518754.0828123973,301.09045759993455,1.0346734071528179,106
1420000,5779.999999890969,-518393.00943930564,301.4640917609833,1.023395051238888,106
1425000,5799.999999890496,-518060.5476572716,299.16205685923507,1.025806852900602,106
1430000,5819.999999890023,-517615.4978770232,300.9624213190211,1.026830625121244,106
1435000,5839.99999988955,-518246.4828710053,300.4044130393629,1.0285914050995795,106
1440000,5859.999999889077,-517007.51802448113,298.87639457891447,1.0276295221975034,106
1445000,5879.999999888604,-517489.79082031106,303.2564640319196,1.030698669542575,106
1450000,5899.999999888131,-517448.05440566596,296.94537370786327,1.025237585189902,106
1455000,5919.999999887658,-516559.6126753378,301.3692732168551,1.0249118759119429,106
1460000,5939.999999887185,-516982.8313056107,302.47652523791794,1.0253084824282963,106
1465000,5959.999999886712,-516984.20552693494,300.7729885593145,1.0238218705078856,106
1470000,5979.9999998862395,-515827.1908620808,301.0699083241737,1.0254455268352252,106
1475000,5999.999999885767,-516417.89994854946,298.55050325202814,1.0240641562043222,106
1480000,6019.999999885294,-517744.23147113225,303.44908715857053,1.0235400374742565,106
1485000,6039.999999884821,-516614.2207238921,297.9481969961228,1.0255250306755033,106
1490000,6059.999999884348,-517026.8706902305,298.17362604219437,1.0254588472667274,106
1495000,6079.999999883875,-517561.39685352845,300.36564707817155,1.0297717790958703,106
1500000,6099.999999883402,-516651.91942632454,300.77242714029137,1.0248437334581555,106
1505000,6119.999999882929,-517498.6051029493,302.4344298445504,1.0240871011164805,106
1510000,6139.999999882456,-516542.0831205789,300.31100842335775,1.0239936005016559,106
1515000,6159.999999881983,-517099.48856983543,299.98770230637336,1.0250147871535595,106
1520000,6179.99999988151,-517597.3712940072,302.30613107251,1.0243471637210197,106
1525000,6199.999999881037,-517747.92566091963,300.49273750565675,1.0252859668293381,106
1530000,6219.999999880564,-517613.9730759843,302.70594390446394,1.0262591637257872,106
1535000,6239.999999880091,-517077.5052995053,301.48399266758065,1.0258543072358295,106
1540000,6259.999999879618,-516047.14699245244,300.2285683948078,1.0255020349075163,106
1545000,6279.999999879145,-517601.19998137,299.4791228884645,1.026576126175303,106
1550000,6299.9999998786725,-517360.9830283262,301.38272620950545,1.0289024957109723,106
1555000,6319.9999998782,-517547.3259674825,300.55332073297393,1.0252808970073952,106
1560000,6339.999999877727,-515879.16855318774,302.77969664089045,1.0262756588051194,106
1565000,6359.999999877254,-516818.46154167666,302.7457870707322,1.024749931497633,106
1570000,6379.999999876781,-516867.83588861744,299.51137856889375,1.0283777647003964,106
1575000,6399.999999876308,-517067.40396931185,300.34753798471735,1.0265194473857426,106
1580000,6419.999999875835,-516492.93671596167,302.4103152699086,1.025598667331797,106
1585000,6439.999999875362,-518232.1043573872,301.7574194396816,1.0268780209692305,106
1590000,6459.999999874889,-518151.4030956675,299.0968311890478,1.0231622140719896,106
1595000,6479.999999874416,-517874.18521285173,300.52580532768775,1.0284066525542408,106
1600000,6499.999999873943,-517442.34179332317,300.255872413117,1.0264149292386378,106
1605000,6519.99999987347,-517646.85948857013,303.5578751670508,1.0237453943269028,106
1610000,6539.999999872997,-517552.73586836155,299.61255700414654,1.0279758866604363,106
1565000,6359.999999877254,-518032.96776196104,300.12527924991946,1.026638669239348,--
1570000,6379.999999876781,-518151.96328376466,302.61396197164913,1.026595068956488,107
1575000,6399.999999876308,-517007.80672491156,303.4480665272437,1.0221125393667883,107
1580000,6419.999999875835,-516763.00920300046,299.82767575506904,1.0248498967429376,107
1585000,6439.999999875362,-516713.16714697005,300.92110196550686,1.0260463021136736,107
1590000,6459.999999874889,-517729.2390811336,299.7027578343179,1.0241360137122162,107
1595000,6479.999999874416,-517433.40034571127,300.2804736861544,1.0267478975506468,107
1600000,6499.999999873943,-516613.1155513644,298.6586850602086,1.025812054965633,107
1605000,6519.99999987347,-518084.6464591725,300.7483329967596,1.0240321357129418,107
1610000,6539.999999872997,-517280.5726826298,299.2617156858831,1.0277128813212941,107
1615000,6559.999999872524,-516604.3365754413,301.44519435547306,1.0249759580850344,107
1620000,6579.999999872051,-516569.6343055349,300.9505410351693,1.026833835962357,107
1625000,6599.999999871578,-517180.8449660698,298.81780371698255,1.0257243264069862,106
1630000,6619.9999998711055,-516824.1475704964,301.4431030689048,1.0249733928478448,106
1635000,6639.999999870633,-518182.0113164822,301.59285286177726,1.0258326933665094,106
1640000,6659.99999987016,-516481.32403296605,302.1716517468898,1.0276509421746647,106
1645000,6679.999999869687,-517518.98046284844,298.7467476812028,1.0263049012957626,106
1650000,6699.999999869214,-516959.8813328536,299.1914901036914,1.0277136821120645,106
1655000,6719.999999868741,-517610.36002255883,302.47576311959807,1.027815898099734,106
1660000,6739.999999868268,-517640.0340844637,303.2402180297878,1.0264747835475698,106
1665000,6759.999999867795,-517449.9497398967,304.1760535648428,1.0221232898389765,106
1670000,6779.999999867322,-518575.03162554256,301.93517077244803,1.0281781439531517,105
1675000,6799.999999866849,-517092.7176321582,301.4513339993067,1.0195546606127448,105
1680000,6819.999999866376,-516084.31405151123,300.5571207017406,1.0256896289442987,105
1685000,6839.999999865903,-518067.1911988207,302.3187757724972,1.0253697285244334,105
1690000,6859.99999986543,-517459.9930064038,299.75375869135183,1.0246329183480662,105
1695000,6879.999999864957,-518057.62748419587,302.5045555207112,1.0269194805566395,105
1700000,6899.999999864484,-517616.40570528596,302.551652940136,1.0288644668084728,105
1705000,6919.999999864011,-516683.9700769575,300.72743398267596,1.026672075630495,105
1710000,6939.9999998635385,-518058.49037538585,299.93919869107816,1.0287920973515698,105
1715000,6959.999999863066,-518237.80408849916,301.2416008688968,1.0277853842701927,105
1720000,6979.999999862593,-516545.33106367686,299.9076754313907,1.0266647915586935,105
1725000,6999.99999986212,-517032.5761079069,300.94945504633233,1.023014364876464,105
1730000,7019.999999861647,-518546.9766526667,299.98323851646296,1.0272736873826187,105
1735000,7039.999999861174,-515527.5733247234,299.927843059182,1.022737066345972,105
1740000,7059.999999860701,-516991.09516660986,300.8580192917525,1.027203257372358,105
1745000,7079.999999860228,-517694.6308845994,299.25385691401937,1.025059013670556,105
1750000,7099.999999859755,-517988.80626106565,300.9929572033271,1.028130584947847,105
1755000,7119.999999859282,-517008.00559762353,302.0227929871129,1.0245983730302557,105
1760000,7139.999999858809,-517742.6210537732,301.26675208594617,1.0281710539903233,105
1765000,7159.999999858336,-517858.8229817562,302.0457650279418,1.029615673554713,105
1770000,7179.999999857863,-516760.3811167055,302.4893851384318,1.0267614390308366,105
1775000,7199.99999985739,-516477.8583938801,302.67943639707994,1.0263262382620097,105
1780000,7219.999999856917,-517607.4129987948,299.059334034918,1.025136040476867,105
1785000,7239.999999856444,-516885.11119253375,304.67320630147145,1.0251865269157536,105
1790000,7259.9999998559715,-517608.77076932974,303.13793690026785,1.0241411428384017,105
1795000,7279.999999855499,-516496.37600279204,302.7313158165774,1.0242930907561756,105
1800000,7299.999999855026,-517625.15298178024,300.2627027413937,1.0276061959879959,105
1805000,7319.999999854553,-516755.3103473622,300.7220329124349,1.0268091275417677,105
1810000,7339.99999985408,-517692.2306421881,299.88334827340304,1.0228035520907643,105
1815000,7359.999999853607,-518807.3682538681,303.6901574432641,1.0285299973252173,105
1820000,7379.999999853134,-517110.7469193423,299.93066527397104,1.0263823223927977,105
1825000,7399.999999852661,-516745.75354529987,298.90814538397643,1.0238985721725538,105
1830000,7419.999999852188,-517426.4170545088,298.43610604541965,1.0303607337743808,105
1835000,7439.999999851715,-517095.5599964021,300.93523403380607,1.0271448498542277,105
1840000,7459.999999851242,-516635.5260076588,301.2776435081948,1.0207384231268806,105
1845000,7479.999999850769,-517494.2762037481,299.87233259853656,1.0241940721341367,105
1850000,7499.999999850296,-516831.9487125464,302.2541154739422,1.0235492155087824,105
1855000,7519.999999849823,-517712.09224313963,300.39773548308045,1.028704443133166,105
1860000,7539.99999984935,-516922.39575179527,298.9686650085183,1.026225611666738,105
1865000,7559.999999848877,-516674.5561051944,297.7540205839179,1.0259047394700427,105
1870000,7579.9999998484045,-517207.7925577001,301.4207772864261,1.0237188222747613,105
1875000,7599.999999847932,-516892.8196247488,298.82375583720705,1.0260328513402377,105
1880000,7619.999999847459,-515802.2040960763,299.1909822922261,1.0230390646127059,105
1885000,7639.999999846986,-516897.76984052756,300.47657417593837,1.0285319395324648,105
1890000,7659.999999846513,-516275.81480295956,300.8520040936899,1.0259059713111027,105
1895000,7679.99999984604,-517422.60495781084,301.4778017132706,1.020339046587828,105
1900000,7699.999999845567,-517207.0824789996,300.6948333444756,1.023051369326119,105
1905000,7719.999999845094,-515920.0538023198,301.8910076161437,1.024532622515605,105
1910000,7739.999999844621,-516648.66911941394,300.0322241989163,1.0238675464547335,105
1915000,7759.999999844148,-518125.3963093797,300.7038447850886,1.026218582896457,105
1920000,7779.999999843675,-516462.2232083699,298.364468655092,1.02323747738909,105
1925000,7799.999999843202,-517822.37768506375,302.61556240551823,1.025435299485266,105
1930000,7819.999999842729,-517212.65281715686,301.87818187317873,1.030908931971777,105
1935000,7839.999999842256,-517207.1668606489,298.9948429838721,1.0247674912294198,105
1940000,7859.999999841783,-517929.2367064946,303.6894567601654,1.0264373893597658,105
1945000,7879.9999998413105,-516815.24801525427,300.55369442032423,1.0285781648018475,105
1950000,7899.9999998408375,-516337.9211104554,299.6945563377071,1.0223890309711126,105
1955000,7919.999999840365,-515924.061636596,300.7709254821532,1.0242442858321104,105
1960000,7939.999999839892,-517764.1019542054,301.4287151879338,1.025899641737807,105
1965000,7959.999999839419,-517657.8894248905,301.83112581379737,1.0274911998426455,105
1970000,7979.999999838946,-517581.11972926813,302.212393462149,1.0234353909323068,105
1975000,7999.999999838473,-517690.2578725859,299.8005991804331,1.0222071961087176,105
1980000,8019.999999838,-516971.8555077256,299.72381299001916,1.030337483518562,105
1985000,8039.999999837527,-517109.7777329681,301.4238970734736,1.0261973177539625,105
1990000,8059.999999837054,-516958.40817192476,300.0990592065791,1.024346309403375,105
1995000,8079.999999836581,-517710.59189510276,302.4580129789296,1.025662476472434,105
2000000,8099.999999836108,-517145.5240253655,299.70029405262335,1.0236860451509702,105
2005000,8119.999999835635,-517474.58142299065,300.79430289369776,1.0259982087423043,105
2010000,8139.999999835162,-517090.9571228358,300.8503258623696,1.0283921138567476,105
2015000,8159.999999834689,-517380.29048631364,299.32745943277934,1.0260171899914021,105
2020000,8179.999999834216,-516045.95528836595,301.01546931950077,1.023669137579732,105
2025000,8199.999999835562,-518238.63726192806,299.7522211862218,1.027393729018785,105
2030000,8219.999999839636,-517175.2596593031,303.56122739565626,1.0269291409818548,105
2035000,8239.99999984371,-517484.8041693205,301.4365997597023,1.0290841339717847,105
2040000,8259.999999847785,-516922.29213534645,301.5209095535292,1.0230006032373815,105
2045000,8279.99999985186,-517537.2008267569,299.8004011132011,1.0266633066749957,105
2050000,8299.999999855934,-516802.97041707905,300.43166410712104,1.0258297591601253,105
2055000,8319.999999860009,-517499.4829710964,300.2424405985626,1.0266537621147531,105
2060000,8339.999999864083,-516324.8136230323,300.45394770904556,1.0280924724927942,105
2065000,8359.999999868158,-516630.2329161004,303.5890575179289,1.0268592555623623,105
2070000,8379.999999872232,-517293.5956203691,299.6648939319935,1.028033274757118,105
2075000,8399.999999876307,-516885.88807097427,302.5199382772874,1.0280581718363155,105
2080000,8419.999999880381,-516731.93078941177,299.28812762526496,1.0261663184887841,105
2085000,8439.999999884456,-516935.1010828193,301.6148413648568,1.0248207903321689,105
2090000,8459.99999988853,-515598.1865850107,301.3995208196063,1.0224540536033502,105
2095000,8479.999999892605,-517217.4923317507,301.45756442398994,1.0243242691002497,105
2100000,8499.99999989668,-516899.7548038808,299.62299969013907,1.024960104071248,105
2105000,8519.999999900754,-518252.7847708317,299.22119688613657,1.02669287224616,105
2110000,8539.999999904829,-517096.2721916165,300.25825433331397,1.0258504950520781,105
2115000,8559.999999908903,-516844.4958405334,301.22277527453133,1.0267609134482132,105
2120000,8579.999999912978,-517722.3780145708,299.8742101321398,1.0256207585895354,105
2125000,8599.999999917052,-515753.39847468585,301.3550968981173,1.0247968962693408,105
2130000,8619.999999921127,-516722.70288258744,300.5721043941838,1.0252390005150809,105
2135000,8639.999999925201,-517430.8070952988,299.2113835302066,1.0264325730776263,105
2140000,8659.999999929276,-517299.7835160864,298.4950842751994,1.0231471639076908,105
2145000,8679.99999993335,-517674.9041091646,302.4070207334495,1.0268881823728597,105
2150000,8699.999999937425,-516245.03278289107,300.6145782784128,1.0243869540398651,105
2155000,8719.9999999415,-517713.50620909315,302.1948520590041,1.0223121875501129,105
2160000,8739.999999945574,-515752.90671133227,301.2386882307764,1.0234893505047384,105
2165000,8759.999999949649,-517614.5300573604,301.8920508923448,1.025756066394592,105
2170000,8779.999999953723,-517409.1402447147,302.4891367336851,1.028507340602803,105
2175000,8799.999999957798,-517623.76642177184,300.4256737315623,1.0235763500013189,105
2180000,8819.999999961872,-517979.59965645545,301.87076377442213,1.0281356225171792,105
2185000,8839.999999965947,-515947.32024069433,301.11786679786627,1.0257215157308404,105
2190000,8859.999999970021,-517558.5454264635,300.20900147692214,1.0260944508070649,105
2195000,8879.999999974096,-517551.34461231553,299.9022866662412,1.0283378795343325,105
2200000,8899.99999997817,-517601.7785611022,298.4051541656424,1.0228941984883373,106
2205000,8919.999999982245,-517170.4226076163,299.6237422085351,1.0252472714548906,106
2210000,8939.99999998632,-516640.2651912696,301.11646211976756,1.0257235622838257,106
2215000,8959.999999990394,-517767.0776974098,301.3951462575321,1.0287732624929435,106
2220000,8979.999999994468,-516764.24342921935,302.61959819956303,1.023342395416894,106
2225000,8999.999999998543,-517640.3134280951,301.5237128440303,1.0238184553056147,106
2230000,9020.000000002618,-517624.1601514558,299.71624530575167,1.0290339362911758,106
2235000,9040.000000006692,-516450.9054542866,299.68522564656337,1.024269919683018,106
2240000,9060.000000010767,-516367.3222098714,299.42386796302674,1.0225532815032534,106
2245000,9080.000000014841,-517844.66152434144,303.3547863566722,1.0270096144094834,106
2250000,9100.000000018916,-517543.4681439032,299.42559833149204,1.025633169919636,106
2255000,9120.00000002299,-516087.5434676821,299.7508420778112,1.0243757038324783,106
2260000,9140.000000027065,-518044.71071144356,300.08002648688876,1.0279091752841096,106
2265000,9160.00000003114,-518124.98234591074,300.9747618091495,1.0253149875108316,106
2270000,9180.000000035214,-516883.1259395876,300.8711102713867,1.0253693989718289,106
2275000,9200.000000039288,-517332.23782639136,303.30612851295973,1.0237868709650009,106
2280000,9220.000000043363,-516800.61750337644,298.8472267577054,1.026989428733238,106
2285000,9240.000000047437,-517220.67771934066,302.36467928565884,1.0241287927746632,106
2290000,9260.000000051512,-518320.61435215804,303.02782761664645,1.0271396873328082,106
2295000,9280.000000055586,-515854.18044774537,300.26378824142057,1.0243831728479975,106
2300000,9300.000000059661,-517775.88638853724,302.2423418551824,1.02943617217017,106
2305000,9320.000000063736,-517207.83791277814,300.81765440057825,1.0226896883333805,106
2310000,9340.00000006781,-516602.7568990295,300.08524103428795,1.0236160259663656,106
2315000,9360.000000071885,-518618.856367358,299.0186701065225,1.0294848054864227,106
2320000,9380.00000007596,-517155.433797098,301.83067188789573,1.0286856916668912,106
2325000,9400.000000080034,-517247.153124582,300.30836516938984,1.0297403706566173,106
2330000,9420.000000084108,-516688.8361630663,300.9307917511769,1.0236214021835373,106
2335000,9440.000000088183,-517463.2465059068,302.1537772191726,1.0250721296191974,106
2340000,9460.000000092257,-517660.3159391836,302.1216907686677,1.0295566328663557,106
2345000,9480.000000096332,-518098.47056085407,297.7664488478425,1.0254542642852027,106
2350000,9500.000000100406,-517512.024465485,299.53752173341604,1.027805105994504,106
2355000,9520.000000104481,-519503.0504646762,299.97042280779556,1.0276781478523107,106
2360000,9540.000000108555,-517420.1283983027,303.00427721641313,1.0261558786506029,106
2365000,9560.00000011263,-517320.06193532865,301.80690502123775,1.022676996477453,106
2370000,9580.000000116705,-518039.0817895653,300.59240651189106,1.029734802828327,106
2375000,9600.000000120779,-516252.89583391394,301.051344956738,1.027802316092273,106
2380000,9620.000000124854,-516654.65887501626,302.0135573698859,1.0259839266884228,106
2385000,9640.000000128928,-517084.9200439011,302.0873246703694,1.0276626954340957,106
2390000,9660.000000133003,-517361.66194376745,302.0213382232889,1.0238455652915017,106
2395000,9680.000000137077,-517209.3517075863,301.1390760385392,1.0282420154788472,106
2400000,9700.000000141152,-517451.14332759427,300.2782599465309,1.0274926995522256,106
2405000,9720.000000145226,-516728.67839653743,301.5086682540258,1.0305758585860747,106
2410000,9740.0000001493,-516827.2945552203,300.5021847503034,1.0246879357327718,106
2415000,9760.000000153375,-516855.717822992,303.3816134862793,1.0273498527305212,106
2420000,9780.00000015745,-516691.32578290626,300.28996440670534,1.0230329121479518,106
2425000,9800.000000161524,-517214.5755703531,301.5018262005591,1.0233383098074798,106
2430000,9820.000000165599,-516920.8952753623,299.96373717724674,1.0265682827756106,106
2435000,9840.000000169674,-517115.35879930505,302.86395419192223,1.025919083072973,106
2440000,9860.000000173748,-517361.78294750163,301.364832878592,1.026788011094003,106
2445000,9880.000000177823,-516117.13658301556,301.2267866172077,1.0300427775139878,106
2450000,9900.000000181897,-515707.21474060067,303.23769260203045,1.0184889565080133,106
2455000,9920.000000185972,-516465.08309522714,300.8279352726149,1.027767764478353,106
2460000,9940.000000190046,-517138.5608940483,302.60560904531116,1.027010001926385,106
2465000,9960.00000019412,-516571.1315260045,298.695387449983,1.028659310510958,106
2470000,9980.000000198195,-516025.31826173817,299.3447740537405,1.0224698539703905,106
2475000,10000.00000020227,-517836.8891034494,301.157684219,1.0298856302704047,106
2480000,10020.000000206344,-516997.12627225625,300.3336675905941,1.021853617986562,106
2485000,10040.000000210419,-517967.6640229225,298.77460675595046,1.0255277447634112,106
2490000,10060.000000214493,-517057.3281911975,299.6675875601614,1.0250641857044147,106
2495000,10080.000000218568,-518128.4133223023,300.8553283454,1.0241591972335569,106
2500000,10100.000000222642,-517482.2088517407,301.092592554738,1.0284167022968478,106
2505000,10120.000000226717,-516386.59285372286,301.3235774690464,1.0266519143498678,106
2510000,10140.000000230792,-517167.2659764057,301.4641346829336,1.0253847333012098,106
2515000,10160.000000234866,-516731.2467484588,300.2633388005232,1.0254923220096763,106
2520000,10180.00000023894,-516944.24816816184,300.8978124041396,1.023645690679836,106
2525000,10200.000000243015,-518323.0443766683,299.861013414765,1.0265749742688548,106
2530000,10220.00000024709,-516962.8461166043,299.9563501554015,1.0264735933277294,106
2535000,10240.000000251164,-517721.1943004364,301.0852947294428,1.0250440499548197,106
2540000,10260.000000255239,-518204.70261808485,300.18350247812316,1.0304874279516836,106
2545000,10280.000000259313,-516582.1256847265,299.37842945963814,1.0251883379595794,106
2550000,10300.000000263388,-517934.47316312697,299.69694376374696,1.0267964928899396,106
2555000,10320.000000267462,-517622.81267629913,302.5540631033157,1.0269509279516347,106
2560000,10340.000000271537,-518373.35077223624,300.8837544734735,1.0296533663579708,106
2565000,10360.000000275611,-515476.87032686407,299.3636893426379,1.0227402899782507,106
2570000,10380.000000279686,-516017.57546728896,303.11956894224426,1.0215166876487638,106
2575000,10400.00000028376,-518478.26178730675,302.62730856376436,1.0272234444141193,106
2580000,10420.000000287835,-516364.36112274905,302.02808359588687,1.025508019908737,106
2585000,10440.00000029191,-517923.27173334965,301.2010982464856,1.0262084459217478,106
2590000,10460.000000295984,-516925.90833187336,303.07376567599476,1.0229968059299914,106
2595000,10480.000000300059,-516785.398359091,299.9161493646748,1.0218063318100006,106
2600000,10500.000000304133,-518500.6715743854,301.6395651141034,1.02112422702014,106
2605000,10520.000000308208,-517761.815059379,298.9331609966264,1.0278898748660277,106
2610000,10540.000000312282,-517215.05312215304,299.91621478522933,1.0268052414071815,106
2615000,10560.000000316357,-518353.1229770349,300.59071243187515,1.026746618069777,106
2620000,10580.000000320431,-516516.28311699815,302.28469810309474,1.0252059304382057,106
2625000,10600.000000324506,-516623.90023483103,300.78603416585486,1.0268365045469203,106
2630000,10620.00000032858,-516862.38136563334,301.2724510116409,1.0253688827455814,106
2635000,10640.000000332655,-517262.6449415691,298.02815091223437,1.0283099451927753,106
2640000,10660.00000033673,-517647.0685880813,299.44916051616417,1.0249370770774269,106
2645000,10680.000000340804,-516821.0619590462,304.1382364152721,1.0278116996484494,106
2650000,10700.000000344879,-516663.0942251547,299.6514774853157,1.0255670463623157,106
2655000,10720.000000348953,-518898.01497219736,300.44739012929733,1.0314898988002665,106
2660000,10740.000000353028,-516779.5355912342,301.13230369308394,1.023373814981046,106
2665000,10760.000000357102,-517769.196515152,301.92563213857585,1.0231708367298666,106
2670000,10780.000000361177,-517395.81632557395,298.9016791844481,1.0234669527998799,106
2675000,10800.000000365251,-517772.5472639513,302.23827050815,1.0280514509050729,106
2680000,10820.000000369326,-517584.8200793485,300.8501224198164,1.027743298081998,106
2685000,10840.0000003734,-517174.493986391,298.50834620109475,1.0220872767157125,106
2690000,10860.000000377475,-515641.9187891651,298.39104827185594,1.0245102269225734,106
2695000,10880.00000038155,-516991.4377716577,299.7766320714127,1.022519061730865,106
2700000,10900.000000385624,-517488.29799811915,302.42989925360393,1.0301551460864056,106
2705000,10920.000000389698,-517473.730097248,298.27380756429636,1.02901076951294,106
2710000,10940.000000393773,-517366.1792664323,298.2125857069562,1.0246996227565697,106
2715000,10960.000000397848,-516452.9352475684,302.69355480752085,1.0251094616397056,106
2720000,10980.000000401922,-518302.9632379145,300.574640238429,1.0281160160173903,106
2725000,11000.000000405997,-518413.94999668,301.62949857680803,1.0247946890077262,106
2730000,11020.000000410071,-517635.7335724388,303.4887474079578,1.0272947491056312,106
2735000,11040.000000414146,-518784.9771710648,301.30061193452514,1.0268811939338713,106
2740000,11060.00000041822,-515744.0301657445,300.3057558873285,1.0237920349430427,106
2745000,11080.000000422295,-517067.86184124066,300.18161733993884,1.0275271928227336,106
2750000,11100.00000042637,-516727.70638709236,300.01856347502917,1.0232790934750158,106
2755000,11120.000000430444,-518517.9105489142,302.57834373348373,1.0293532631747007,106
2760000,11140.000000434518,-517767.7188918744,298.20375221151636,1.0258791516476653,106
2765000,11160.000000438593,-517452.0902499724,300.4163177321388,1.0256755480020692,106
2770000,11180.000000442667,-517587.25106244744,300.4852556551984,1.024689061790781,106
2775000,11200.000000446742,-517638.46873404086,299.2991835006756,1.0263755868445086,106
2780000,11220.000000450817,-516683.1046800872,303.452568595432,1.0262769474277222,106
2785000,11240.000000454891,-518248.00632323464,302.6130048992685,1.0292623572290658,106
2790000,11260.000000458966,-517710.8520360091,301.831805277579,1.023646378149965,106
2795000,11280.00000046304,-517977.4155033885,298.87637282272465,1.0291178261773521,106
2800000,11300.000000467115,-518014.17204621295,300.38034882329043,1.0276940607246496,106
2805000,11320.00000047119,-517875.2462182669,300.5191107211288,1.0243627266213,106
2810000,11340.000000475264,-515932.65297363163,300.3752904845894,1.029158406083243,106
2815000,11360.000000479338,-517510.9377869803,303.15907582925644,1.0301905609059612,106
2820000,11380.000000483413,-517108.5111598035,302.645459605352,1.0256950606887691,106
2825000,11400.000000487487,-517835.61517094844,302.50623554462607,1.0257098953968564,106
2830000,11420.000000491562,-516817.801263392,303.0754637196754,1.0238591599043385,106
2835000,11440.000000495636,-516965.5066998759,300.8689449768862,1.0260037004238856,106
2840000,11460.000000499711,-518611.51909536775,302.1810625335959,1.0251610707643948,106
2845000,11480.000000503785,-516775.5211124674,301.569308108278,1.0241923090805933,106
2850000,11500.00000050786,-517867.4289086398,300.0452911212747,1.026727502994647,106
2855000,11520.000000511935,-517592.6021168453,300.1489108264576,1.023362648406518,106
2860000,11540.00000051601,-516410.0107182823,299.12581644792044,1.0253320979051155,106
2865000,11560.000000520084,-518440.7438794079,299.45282721688466,1.0265565198218234,106
2870000,11580.000000524158,-517867.241670026,299.11738808178774,1.029739947331006,106
2875000,11600.000000528233,-517573.33785925386,302.4155599940063,1.0268442913042697,106
2880000,11620.000000532307,-518707.922319185,300.32278564140495,1.0291956902703097,106
2885000,11640.000000536382,-518521.378659033,299.7229636285949,1.0300224366387651,106
2890000,11660.000000540456,-517512.671898552,301.26050583199344,1.022066619856127,106
2895000,11680.00000054453,-517011.87685405347,302.2995535289001,1.025833779103825,106
2900000,11700.000000548605,-516248.36333217425,297.7905552774077,1.0268536195173665,106
2905000,11720.00000055268,-517458.3832117126,301.4686858666572,1.0273169747548387,106
2910000,11740.000000556754,-518357.6113269343,301.0916426341021,1.0273708786159268,106
2915000,11760.000000560829,-517140.3319774631,299.3156911392482,1.025517065350462,106
2920000,11780.000000564904,-518222.7437466276,298.93069081165805,1.0268481914271383,106
2925000,11800.000000568978,-518229.36863217386,300.5747616522923,1.0269954975786435,106
2930000,11820.000000573053,-517427.6773762179,300.4562737675617,1.027209895844095,106
2935000,11840.000000577127,-517555.3137061894,302.13459925509864,1.0287323828529316,106
2940000,11860.000000581202,-516908.78661538917,299.41277825846134,1.0242515811242512,106
2945000,11880.000000585276,-517098.28614291316,301.1043967250998,1.0267803183732989,106
2950000,11900.00000058935,-516612.2623033663,300.727301131125,1.0278916983083886,106
2955000,11920.000000593425,-516501.94248996046,301.02575302195015,1.0270481184615008,106
2960000,11940.0000005975,-517730.2189821084,301.21235440552,1.028567728299847,106
2965000,11960.000000601574,-519044.8875226956,302.99057349503227,1.0312525476879815,106
2970000,11980.000000605649,-516553.51769691193,301.45016046305005,1.0232088367643992,106
2975000,12000.000000609723,-516855.7423485578,300.64550416006125,1.0256432593212257,106
2980000,12020.000000613798,-516405.97953606676,300.0883686014672,1.0227919456008294,106
2985000,12040.000000617873,-516578.7133150352,300.4168100395335,1.026620883363177,106
2990000,12060.000000621947,-518303.3790285031,303.0899372653563,1.0289366959246227,106
2995000,12080.000000626022,-516924.5817410168,300.90344645638726,1.02569194648941,106
3000000,12100.000000630096,-516952.4378024831,300.19278137638094,1.0256684110324525,106
3005000,12120.00000063417,-517049.8074499015,300.7765117131895,1.0226459665763425,106
3010000,12140.000000638245,-516102.52152117155,299.97582107944925,1.023796654140779,106
3015000,12160.00000064232,-516624.93633431103,301.9854820095797,1.0235121537003713,106
3020000,12180.000000646394,-517576.257459437,300.19236738345757,1.0272588962027374,106
3025000,12200.000000650469,-516060.2435568797,298.20251105471067,1.0256361016067799,106
3030000,12220.000000654543,-517760.0418720781,300.5344149506866,1.0285336071976,106
3035000,12240.000000658618,-518295.4998863321,300.98620630097554,1.0292221125365968,106
3040000,12260.000000662692,-517018.1628783515,302.198423018197,1.023366549791661,106
3045000,12280.000000666767,-517915.9094697358,301.5635644519078,1.023930490475706,106
3050000,12300.000000670841,-519283.842668999,297.31517004056275,1.0269243520372522,106
3055000,12320.000000674916,-516135.4299939261,300.30072753216683,1.0260450595503752,107
3060000,12340.00000067899,-515657.54012306314,299.21925425068,1.020851463943338,107
3065000,12360.000000683065,-517579.91008321405,298.3121250831887,1.0265464658100056,107
3070000,12380.00000068714,-515841.06749409134,301.98206103853397,1.0246678890057903,107
3075000,12400.000000691214,-518630.9373400919,299.6130962066925,1.0238919562941815,107
3080000,12420.000000695289,-518254.9528708344,303.3746345120931,1.0232337499480553,107
3085000,12440.000000699363,-517099.7814411181,303.51382761114604,1.0285299616629542,107
3090000,12460.000000703438,-516664.5596282184,297.7856851355485,1.0231114091451095,107
3095000,12480.000000707512,-516573.984027399,299.21416871858827,1.0255348172018408,107
3100000,12500.000000711587,-516344.4103939305,302.5223785427073,1.0275613263233971,107
3105000,12520.000000715661,-517838.59591658204,300.2802095839036,1.0238631098433957,107
3110000,12540.000000719736,-517204.64076838805,302.0088869563007,1.0253747164435871,107
3115000,12560.00000072381,-518039.07092965045,300.41933426607886,1.025002220335811,107
3120000,12580.000000727885,-518183.812113744,302.22131001791024,1.026845404302823,107
3125000,12600.00000073196,-516780.18705415586,302.47465844151816,1.0270456249869582,107
3130000,12620.000000736034,-517107.77557551116,300.09303635018244,1.0241569323975654,107
3135000,12640.000000740109,-516861.84007112193,300.02678356499496,1.0267116683819446,107
3140000,12660.000000744183,-520044.77548728534,300.15949983935326,1.026158715323145,107
3145000,12680.000000748258,-517934.74740333366,301.45718439048835,1.027580115066099,107
3150000,12700.000000752332,-516651.10322629893,300.4443144373546,1.0280435796205734,107
3155000,12720.000000756407,-518343.4952185424,299.82970996124277,1.029625746684723,107
3160000,12740.000000760481,-516962.7359412075,301.7884749996575,1.0244686590238963,107
3165000,12760.000000764556,-517482.69846860296,301.27564974976076,1.025176515258063,107
3170000,12780.00000076863,-517520.25714775315,301.23720945451066,1.0267838558756115,107
3175000,12800.000000772705,-517913.67553261924,299.44931193801716,1.0270108842340775,107
3180000,12820.00000077678,-517693.67709974665,300.4065275636446,1.0277405655581533,107
3185000,12840.000000780854,-517303.787059844,302.2112837883886,1.0269855704180326,107
3190000,12860.000000784928,-517817.1550057954,301.508563057973,1.0271897965024248,107
3195000,12880.000000789003,-517330.962580357,301.8838074112559,1.0264744122494978,107
3200000,12900.000000793078,-516716.47256278386,301.6266421101445,1.023821705794927,107
3205000,12920.000000797152,-518519.35144242295,301.2228491167677,1.0276334113765901,107
3210000,12940.000000801227,-516706.2658656279,300.73119840676804,1.0247231866758297,107
3215000,12960.000000805301,-517200.34116833867,300.33956261654,1.022181184440663,107
3220000,12980.000000809376,-519033.7489604873,297.2678125943074,1.0297467410525898,107
3190000,12860.000000784928,-517439.6980273742,300.5295609049223,1.0281187982369444,--
3195000,12880.000000789003,-516368.9923638734,303.73019277708465,1.0198440573025445,108
3200000,12900.000000793078,-517333.90890193963,303.2396382688723,1.0220003426555961,108
3205000,12920.000000797152,-516326.55769494176,301.46396989862325,1.0247952840496977,108
3210000,12940.000000801227,-516531.75921107084,300.6910552515846,1.0235853802621626,108
3215000,12960.000000805301,-516296.21981320414,298.1482988646286,1.0245256186816687,107
3220000,12980.000000809376,-517857.0407059428,300.8908918932777,1.0239697124719604,107
3225000,13000.00000081345,-517641.65469684824,300.81850190485284,1.0244223517076845,107
3230000,13020.000000817525,-516941.3874084612,300.0108331476376,1.0255764107710101,107
3235000,13040.0000008216,-517181.78638338856,302.07539078044607,1.0251451541172603,107
3240000,13060.000000825674,-517409.7148019201,301.7275042668594,1.0268766810048926,107
3245000,13080.000000829748,-517230.12195861805,298.91134882185065,1.0248213936671087,107
3250000,13100.000000833823,-515825.9483659237,300.22025941806163,1.0283567403265488,107
3255000,13120.000000837897,-517628.19253766024,302.0942331102068,1.025868971531692,107
3260000,13140.000000841972,-516623.8466350036,301.0811930860496,1.0281609658876825,107
3265000,13160.000000846047,-518247.1566595915,301.29580568710605,1.022922900738019,107
3270000,13180.000000850121,-516122.71806165064,299.2475856512774,1.0247978022546953,107
3275000,13200.000000854196,-517367.0366228225,300.27236021438387,1.0280508736581382,107
3280000,13220.00000085827,-518016.27341540135,301.3835030658043,1.0247178739207445,107
3285000,13240.000000862345,-517068.7059737863,302.06820243145387,1.0263246137892148,107
3290000,13260.00000086642,-516554.8026681312,299.8743248545566,1.0232164131433088,107
3295000,13280.000000870494,-516915.06521962653,298.9546937623194,1.0258779211424032,107
3300000,13300.000000874568,-517100.26876445883,300.1367049247578,1.028234609204144,107
3305000,13320.000000878643,-516082.8818248189,298.31881161472995,1.0194250681713302,107
3310000,13340.000000882717,-517278.48475712887,301.54835394477647,1.0267728266059124,107
3315000,13360.000000886792,-518302.2705047657,298.85467563114145,1.0288364140674373,107
3320000,13380.000000890866,-518185.12717823754,304.4613597403515,1.0260756214787683,107
3325000,13400.000000894941,-518347.92724477476,298.39335612044283,1.0275585067018784,107
3330000,13420.000000899016,-518149.220232625,300.3461031914963,1.0261280913227557,107
3335000,13440.00000090309,-516950.01052083145,301.59010261720823,1.02364707666335,107
3340000,13460.000000907165,-517158.065472648,301.6209915794603,1.0274581782427923,107
3345000,13480.00000091124,-517822.54797477904,301.9130812181054,1.0256269401202927,107
3350000,13500.000000915314,-518009.9307451269,299.85656373327123,1.0266489023990846,107
3355000,13520.000000919388,-517324.2954159791,299.3167859318947,1.0250418129161294,107
3360000,13540.000000923463,-518383.185367621,297.6619706622073,1.0226324020214501,107
3365000,13560.000000927537,-518104.3690388773,303.3164330846043,1.0283547158393807,107
3370000,13580.000000931612,-517312.7891693711,299.5929184510798,1.0277987576792436,107
3375000,13600.000000935686,-517520.06320311246,302.49469590281933,1.0288243567307103,107
3380000,13620.00000093976,-517582.02553604124,300.31194483171186,1.02538521574175,107
3385000,13640.000000943835,-517335.58110618056,301.52264706771854,1.0271205470878289,107
3390000,13660.00000094791,-518084.6731813138,303.06369643032144,1.0276453558847654,107
3395000,13680.000000951984,-517182.6769608832,302.30372649216275,1.0275447204481805,107
3400000,13700.000000956059,-516695.96134065907,298.4328495645428,1.0274392558037952,107
3405000,13720.000000960134,-517078.24123525666,301.35818689554594,1.0289830164452838,107
3410000,13740.000000964208,-517983.62386364536,301.3943833684976,1.0264306668406489,107
3415000,13760.000000968283,-517471.07634031307,302.73364836154326,1.0261631744027384,107
3420000,13780.000000972357,-517875.5447069276,303.0468087794009,1.0248387282558815,107
3425000,13800.000000976432,-516298.16180311074,299.887506700075,1.0233714878708977,107
3430000,13820.000000980506,-515792.07232483895,299.2060521056952,1.0256708860203516,107
3435000,13840.00000098458,-517322.96719197044,303.102243300036,1.0264968116210333,107
3440000,13860.000000988655,-517759.3009519086,302.89932308925773,1.025988643267399,107
3445000,13880.00000099273,-517441.2179237092,300.01417052978917,1.0253315173132411,107
3450000,13900.000000996804,-516208.9699849973,301.3969919738927,1.0308360333608584,107
3455000,13920.000001000879,-517646.2123044424,301.86424474150505,1.0253623803961194,107
3460000,13940.000001004953,-516748.2077546618,299.61783236093,1.023694025234194,107
3465000,13960.000001009028,-517602.6002438888,301.9314961966048,1.023974237490761,107
3470000,13980.000001013103,-517308.8368283631,298.9391382121861,1.0270082984585014,107
3475000,14000.000001017177,-517697.2468535106,303.23778553620144,1.025610526077596,107
3480000,14020.000001021252,-517475.0882283463,300.90191443599366,1.0272364079925258,107
3485000,14040.000001025326,-517379.10520928795,300.5106397014162,1.0244250422547845,107
3490000,14060.0000010294,-517972.251999415,298.8117586625367,1.0286932694032762,107
3495000,14080.000001033475,-517566.2864818196,300.9304524291599,1.0247908080518209,107
3500000,14100.00000103755,-516488.01529408013,302.0258291884009,1.0290169249817456,107
3505000,14120.000001041624,-517198.38757792464,300.7916197121464,1.0277932662504918,107
3510000,14140.000001045699,-517493.21876757126,298.570519562754,1.0267964867685309,107
3515000,14160.000001049773,-518307.93167758593,300.2579503456494,1.0262903502197804,107
3520000,14180.000001053848,-516554.34911244386,300.5870271586316,1.0257690391160963,107
3525000,14200.000001057922,-517018.4119795519,300.1215634353817,1.0201128290085173,107
3530000,14220.000001061997,-518232.67359175486,300.54011990143306,1.0281802719691364,107
3535000,14240.000001066071,-517689.46083007706,301.6795662167182,1.0255278723837882,107
3540000,14260.000001070146,-517534.5887391404,302.46203236979426,1.0305845385508499,107
3545000,14280.00000107422,-516832.99367614416,298.86079292050465,1.0231161052590718,107
3550000,14300.000001078295,-516085.3290805686,299.3545607110873,1.029018164709455,107
3555000,14320.00000108237,-516383.02860124107,300.30465142346026,1.0252310668859956,107
3560000,14340.000001086444,-516858.19607323664,301.1612446040251,1.0270764587943848,107
3565000,14360.000001090519,-517695.86231696024,300.3169732626083,1.0265954402417459,107
3570000,14380.000001094593,-517734.69445997546,298.57478800287083,1.025455629116309,107
3575000,14400.000001098668,-518575.23657548917,299.75048585728985,1.0257126119063904,107
3580000,14420.000001102742,-518010.6383798551,300.5854716844353,1.0263756551700183,107
3585000,14440.000001106817,-517963.85035562585,301.51624650331286,1.0301755973372098,107
3590000,14460.000001110891,-516865.63650102704,301.65377289630214,1.025294633995757,107
3595000,14480.000001114966,-516208.0133836835,299.38958651414237,1.0255797330319776,107
3600000,14500.00000111904,-516788.6129489748,301.4834403477878,1.0250203292259032,107
3605000,14520.000001123115,-518495.9154957994,297.92090947971354,1.0275766707806766,107
3610000,14540.00000112719,-516617.883835803,302.83219107780053,1.0247550406169423,107
3615000,14560.000001131264,-517219.6801240137,297.91871877449523,1.0275729976970993,107
3620000,14580.000001135339,-517382.9807118857,301.60756617329207,1.0244446713153532,107
3625000,14600.000001139413,-517346.8448539395,297.7479650452438,1.0255217003245478,107
3630000,14620.000001143488,-517791.310001896,302.1393450711242,1.0241956400710057,107
3635000,14640.000001147562,-517915.58103906526,301.2317657685371,1.0256350210709093,107
3640000,14660.000001151637,-516930.62686438556,301.8331901787422,1.026746495848888,107
3645000,14680.000001155711,-516238.2625384929,302.9197777647586,1.0296820363951504,107
3650000,14700.000001159786,-517755.4146586184,300.4175069510176,1.0270190668462438,107
3655000,14720.00000116386,-518035.84666727507,300.92075859734626,1.0265019322650486,107
3660000,14740.000001167935,-518224.4964590443,302.97438256656227,1.0277647835732646,107
3665000,14760.00000117201,-517335.61210821755,301.3086372924029,1.0261473896793112,107
3670000,14780.000001176084,-516518.53557222337,300.7763964268944,1.0264000658789818,107
3675000,14800.000001180159,-517070.74676285125,299.9235798009884,1.0263747927496807,107
3680000,14820.000001184233,-518370.52429054934,300.66746454067135,1.0272429475284217,107
3685000,14840.000001188308,-516245.1438914486,302.02635965816893,1.0276350689356364,107
3690000,14860.000001192382,-516020.9257575085,303.55250671044496,1.0238227446957338,107
3695000,14880.000001196457,-517261.816078451,300.33695752307926,1.0246100856743243,107
3700000,14900.000001200531,-518318.27148842276,300.83373399469656,1.024813549625638,107
3705000,14920.000001204606,-517428.02953555435,300.45830526807583,1.0219831240384856,107
3710000,14940.00000120868,-516847.1174121443,300.99784484416256,1.0244036794898363,107
3715000,14960.000001212755,-516975.78441504785,302.0959320725771,1.0233037471127056,107
3720000,14980.00000121683,-516337.3813790926,302.57182339026065,1.0241301559214853,107
3725000,15000.000001220904,-516918.5047300458,301.044756549947,1.0278843031226756,107
3730000,15020.000001224978,-517148.7165373955,300.6094391863417,1.0252827452060027,107
3735000,15040.000001229053,-518536.9092607412,300.04022230119756,1.027945124993832,107
3740000,15060.000001233127,-518168.7165275912,303.23189573388163,1.0249853890206937,107
3745000,15080.000001237202,-517138.2205736486,300.3600094988965,1.0270344564876088,107
3750000,15100.000001241277,-517133.75886210566,301.2240950618452,1.0274902316892363,107
3755000,15120.000001245351,-517503.519718301,298.7876514425542,1.027557134694657,107
3760000,15140.000001249426,-517856.09601896117,299.4160336877233,1.027539128954317,107
3765000,15160.0000012535,-518182.9922772562,301.0424765314537,1.0310321252312011,107
3770000,15180.000001257575,-517486.2404410406,301.33632337498494,1.0294982357809712,107
3775000,15200.00000126165,-518322.2615573327,301.6157645553258,1.0271168151682266,107
3780000,15220.000001265724,-518145.6353777519,301.16927739429576,1.028005845339668,107
3785000,15240.000001269798,-516409.0258008286,302.903177499048,1.0261372625647787,107
3790000,15260.000001273873,-516675.5292929802,301.00956476902394,1.0302934963907664,107
3795000,15280.000001277947,-516068.2689058988,300.3807802367966,1.0208006170651227,107
3800000,15300.000001282022,-517325.0724918626,304.3650109281205,1.0286748166311965,107
3805000,15320.000001286096,-516019.13165838225,299.8874138852176,1.019758545345315,107
3810000,15340.000001290171,-517587.8105570292,300.71549224405925,1.0245126989847844,107
3815000,15360.000001294246,-516797.9904562093,300.50796771007015,1.0255827267664508,107
3820000,15380.00000129832,-518633.4179837366,300.31715147058117,1.0247836414962277,107
3825000,15400.000001302395,-516811.0915275791,301.32119682470136,1.026965779978106,107
3830000,15420.00000130647,-516065.1664114329,299.9875417497019,1.022451240428805,107
3835000,15440.000001310544,-517368.4984656847,301.2345375063012,1.0279927229519878,107
3840000,15460.000001314618,-516710.01111551723,299.0355320882801,1.0303265019430903,107
3845000,15480.000001318693,-517016.3247894717,300.0844096633923,1.0253924370093301,107
3850000,15500.000001322767,-518862.83972608764,300.47263062295957,1.0281473079676793,107
3855000,15520.000001326842,-517090.87462358596,302.2909802509123,1.0249397002168996,107
3860000,15540.000001330916,-517248.12569202855,300.9786552746653,1.0245945530308627,107
3865000,15560.00000133499,-518396.9220174332,301.2883030211814,1.0273817212711986,107
3870000,15580.000001339065,-516945.06058723805,299.4896934621808,1.023427877874104,107
3875000,15600.00000134314,-516954.8160822743,304.38073987123914,1.028464715403172,107
3880000,15620.000001347214,-518283.3578712989,301.2168061397761,1.0276814461743635,107
3885000,15640.000001351289,-517260.534816809,301.7237095155906,1.0246786638376488,107
3890000,15660.000001355364,-517854.5616568173,303.18949001350956,1.0223275883777299,107
3895000,15680.000001359438,-516305.5019769189,301.6197121951786,1.0239048019464232,107
3900000,15700.000001363513,-517565.7342432779,302.1675546540578,1.025964773899775,107
3905000,15720.000001367587,-517276.6425211197,302.0966198932362,1.0314204263114948,107
3910000,15740.000001371662,-517831.70099611883,299.84835810018853,1.0302625153885974,107
3915000,15760.000001375736,-517478.05123493215,301.4262057387058,1.0223023737854826,107
3920000,15780.00000137981,-516505.7440970901,300.32472082569,1.026052072988722,107
3925000,15800.000001383885,-516785.68852904555,301.44965414054786,1.030970921625585,107
3930000,15820.00000138796,-516768.00258951285,299.0837194267006,1.0196813764428005,107
3935000,15840.000001392034,-518401.21006017574,301.0966864627285,1.0300961102808555,107
3940000,15860.000001396109,-517877.1982798225,300.2260073197284,1.0280245918150117,107
3945000,15880.000001400183,-515096.6337366251,300.36249338883664,1.0189254098011011,107
3950000,15900.000001404258,-516778.03131225286,299.86344247226765,1.0241837544031178,107
3955000,15920.000001408333,-517786.5400090283,298.2942283830916,1.0276761574160982,107
3960000,15940.000001412407,-517497.35078143794,303.9867191458336,1.029468312535836,107
3965000,15960.000001416482,-517374.74421492335,301.2268675651425,1.0236587748810042,107
3970000,15980.000001420556,-517207.39411301864,302.64218124255706,1.0262895000830923,107
3975000,16000.00000142463,-517113.5445383326,301.45709917287627,1.0250193357490598,107
3980000,16020.000001428705,-516537.5181817806,302.35374036859963,1.0270974872594463,107
3985000,16040.00000143278,-516873.23758354364,300.41697513324124,1.0205612488434554,107
3990000,16060.000001436854,-516963.91083277063,301.12320495510403,1.0258992009545405,107
3995000,16080.000001440929,-517267.2073576702,300.386076731914,1.026690570968506,107
4000000,16100.000001445003,-518118.765315193,299.38669306965403,1.0294595231034642,107
4005000,16120.000001449078,-517532.01663120044,300.7509025875287,1.0264759162294572,107
4010000,16140.000001453152,-517250.96827364294,303.6208679754159,1.027254306467917,107
4015000,16160.000001457227,-517409.9849323414,303.1292154197036,1.0280321023463093,107
4020000,16180.000001461302,-518245.62622787664,299.24718287191735,1.029746530200546,107
4025000,16200.000001465376,-517436.34230690636,300.18377598621026,1.0250225884459037,107
4030000,16220.00000146945,-516983.9052428142,299.1033245313006,1.0270597279648674,107
4035000,16240.000001473525,-516486.30740635423,301.627525277304,1.0270233369219028,107
4040000,16260.0000014776,-517340.0935994794,299.098764900509,1.027567099132873,107
4045000,16280.000001481674,-517115.72228204645,300.53338872826873,1.024873826434849,107
4050000,16300.000001485749,-517471.36741801933,297.96009769593644,1.026123244061371,107
4055000,16320.000001489823,-517924.4955626896,301.71268366314337,1.028138059034667,107
4060000,16340.000001493898,-516421.0301557486,303.6869102115869,1.0278643515288501,107
4065000,16360.000001497972,-516707.8958000627,302.8254496256785,1.0225691748619845,107
4070000,16380.000001502047,-518066.9384052155,302.9658549957131,1.0306149164692253,107
4075000,16400.00000150612,-517659.1571359895,302.84741340462676,1.0266562897768987,107
4080000,16420.000001510194,-515745.44838531036,301.8209001113293,1.02375448194759,107
4085000,16440.00000151427,-515442.4839640362,300.82790927873305,1.024498178689379,107
4090000,16460.000001518343,-517125.54542466486,300.7060851095686,1.0252555996576624,107
4095000,16480.000001522418,-517258.38874048996,299.9069918439542,1.0236268986418275,107
4100000,16500.000001526492,-516972.02633498353,303.0408940491326,1.0283234919017326,107
4105000,16520.000001530567,-516650.8802919283,301.40988918811865,1.0255942260824542,107
4110000,16540.00000153464,-516776.7650439688,298.83057524825625,1.0217135442018088,107
4115000,16560.000001538716,-517238.12206977536,298.1484282783381,1.0227737517548698,107
4120000,16580.00000154279,-516289.8572729165,301.88352084750005,1.024236333072742,107
4125000,16600.000001546865,-516400.8307617237,299.325696603092,1.025485011983587,107
4130000,16620.00000155094,-517355.78144908627,300.8600429802458,1.0251284515388555,107
4135000,16640.000001555014,-516093.92215104843,301.81726652391916,1.023192490088721,107
4140000,16660.00000155909,-516658.71106977644,301.2132673652548,1.027054179461884,107
4145000,16680.000001563163,-516664.641822153,303.7160645644651,1.0270863640428793,107
4150000,16700.000001567238,-516947.6881864979,300.83915461946833,1.0238003293546143,107
4155000,16720.000001571312,-517306.0824074852,302.2532230574233,1.0238552331387583,107
4160000,16740.000001575387,-516761.21400480135,298.7601078225187,1.0255805393550377,107
4165000,16760.00000157946,-517776.5653589503,298.9910296615373,1.0274258567829657,107
4170000,16780.000001583536,-517460.1267025729,299.8183505596131,1.029373343252799,107
4175000,16800.00000158761,-518538.4552795633,299.36180959225123,1.027115111740784,107
4180000,16820.000001591685,-516802.6258636932,302.4573467971571,1.0254581035451,107
4185000,16840.00000159576,-517633.67541576433,302.46605473704733,1.0276384706220698,107
4190000,16860.000001599834,-517679.81478430633,300.46391316878436,1.0279887282788274,107
4195000,16880.00000160391,-516585.1246527573,301.50355327243375,1.022789048750942,107
4200000,16900.000001607983,-516702.7432779956,304.1292128204001,1.0279973129073676,107
4205000,16920.000001612058,-517667.41957487236,301.22114163248136,1.0248492222809098,107
4210000,16940.000001616132,-517046.839609046,300.5910713937591,1.0236554835117928,107
4215000,16960.000001620207,-518457.02457075845,300.3083033854808,1.0271246471768885,107
4220000,16980.00000162428,-516703.66540723713,299.00334889894566,1.0260772163535048,107
4225000,17000.000001628356,-516697.34892417677,299.43075661435466,1.0247254949667957,107
4230000,17020.00000163243,-517771.6528035989,301.3679583542595,1.0250676615092682,107
4235000,17040.000001636505,-517891.14029952604,303.3593809479382,1.0285664754682335,107
4240000,17060.00000164058,-516815.807035655,300.14746064084295,1.0248135959636318,107
4245000,17080.000001644654,-517766.48868403817,303.01680606382087,1.0266397383784305,107
4250000,17100.00000164873,-518320.6195422576,299.4283528264342,1.0263927702666487,107
4255000,17120.000001652803,-517594.35317078326,300.29514711329807,1.0271610913398121,107
4260000,17140.000001656877,-515847.1531584617,299.21779608559734,1.0276524744320346,107
4265000,17160.000001660952,-518856.4045407921,297.77176547786905,1.030036535679299,107
4270000,17180.000001665027,-517332.2339374132,300.24009247739326,1.0238837936239122,107
4275000,17200.0000016691,-517214.19445444434,301.17564181269614,1.0258121930529522,107
4280000,17220.000001673176,-518179.8510815343,303.79827106014574,1.0252451592557916,107
4285000,17240.00000167725,-517224.68995510344,298.9617371208336,1.0268500142037267,107
4290000,17260.000001681325,-516290.2697545476,298.54224043453445,1.022874985403559,107
4295000,17280.0000016854,-517499.88402125007,301.2683272541851,1.0257897243358038,107
4300000,17300.000001689474,-517990.9059120291,302.3693210841346,1.0276016517890707,107
4305000,17320.00000169355,-516996.99713802664,301.90953840792326,1.028040925130445,107
4310000,17340.000001697623,-517341.16876983247,302.63331316316714,1.0273761140051143,107
4315000,17360.000001701697,-516100.65054067085,301.91364088466236,1.0221708472053506,107
4320000,17380.000001705772,-516318.1741585436,303.25509443733785,1.0263908582277224,107
4325000,17400.000001709846,-515570.11233597016,303.3406337421738,1.026597035220703,107
4330000,17420.00000171392,-515532.0528537256,301.5419307310847,1.02413139825114,107
4335000,17440.000001717995,-515299.33636426507,301.9035477808746,1.0279364756999798,107
4340000,17460.00000172207,-514912.017174185,299.9778188157125,1.0216860526881155,107
4345000,17480.000001726145,-516867.8026652548,299.3010595527129,1.0243894084975775,107
4350000,17500.00000173022,-516884.12579971156,299.08101836074866,1.0289333289194127,107
4355000,17520.000001734294,-517734.90550054796,298.76456324910845,1.0257077409774369,107
4360000,17540.000001738368,-517328.1722499456,301.319573807071,1.0251858544473225,107
4365000,17560.000001742443,-516727.66883912706,297.08895256227237,1.0226994007615844,107
4370000,17580.000001746517,-516789.58091502753,301.36758550605884,1.0269564210518325,107
4375000,17600.00000175059,-517434.08598815906,298.56614195796965,1.0255688753151986,107
4380000,17620.000001754666,-517711.3338889957,301.1440550937443,1.0269011063091593,107
4385000,17640.00000175874,-516594.39083062997,299.44076271821694,1.0240649609046688,107
4390000,17660.000001762815,-516503.82939895545,302.5081466050517,1.0272954470873639,107
4395000,17680.00000176689,-518214.2578166709,300.92015286670136,1.0262636702580983,107
4400000,17700.000001770964,-516731.23861763,301.4912076217808,1.0287212192409736,107
4405000,17720.00000177504,-517235.6132923744,301.3974122268294,1.024370467337821,107
4410000,17740.000001779114,-516844.6431321625,301.0544668897939,1.02525162578298,107
4415000,17760.000001783188,-517040.65615400346,299.2967091131503,1.0242381204097428,107
4420000,17780.000001787263,-515409.3899416197,298.31674200013657,1.0187560791057997,107
4425000,17800.000001791337,-516512.3132516539,301.2568043284308,1.0248673984738572,107
4430000,17820.00000179541,-516844.9866022421,300.82593465194674,1.02864105739735,107
4435000,17840.000001799486,-517430.860459886,302.391010452412,1.0276595423200332,107
4440000,17860.00000180356,-517403.13696220913,301.5635527268209,1.0262002342428154,107
4445000,17880.000001807635,-516886.570181031,299.4887975866024,1.0247460891267817,107
4450000,17900.00000181171,-517138.607377555,298.71029537894907,1.0280460724791032,107
4455000,17920.000001815784,-516600.1514554592,300.39613167082234,1.0202502392910788,107
4460000,17940.00000181986,-516665.77829193,301.6358794760302,1.0218433310634012,107
4465000,17960.000001823933,-517644.19181888876,303.0273397785011,1.0307982169520575,107
4470000,17980.000001828008,-517489.38759095734,300.83242072307,1.0271611223898,107
4475000,18000.000001832082,-518628.6978594728,298.53564124725335,1.0283439600014874,107
4480000,18020.000001836157,-516575.77699077735,299.4188458081039,1.0244359268569778,107
4485000,18040.00000184023,-516459.79554252303,300.4837346549189,1.0231988904998321,107
4490000,18060.000001844306,-518415.2439432901,301.4187403509469,1.0250502587267232,107
4495000,18080.00000184838,-516657.250178681,301.9447496313083,1.0237742298155235,107
4500000,18100.000001852455,-517258.2182072699,298.7962651347585,1.0263308002066909,107
4505000,18120.00000185653,-516996.81219969224,300.7300013957827,1.025229276682749,107
4510000,18140.000001860604,-517305.2965757558,302.4185472817012,1.0242595542629613,107
4515000,18160.00000186468,-517214.4180852887,300.36959764101965,1.0226859780585043,107
4520000,18180.000001868753,-515585.12106821616,303.1077015163989,1.0206618738750528,107
4525000,18200.000001872828,-516200.8736998397,302.9421591601695,1.0227734861522133,107
4530000,18220.000001876902,-517784.6691062518,299.58525542025126,1.0261688025017273,107
4535000,18240.000001880977,-517681.2703458301,301.99154709558167,1.0290441270445558,107
4540000,18260.00000188505,-516991.4528495013,300.75462968789395,1.0282915098048597,107
4545000,18280.000001889126,-516440.639046845,300.75014391058704,1.0233139527465487,107
4550000,18300.0000018932,-516537.18102935376,299.04931656646045,1.0196341384001926,107
4555000,18320.000001897275,-516925.47364303493,299.61040073521093,1.0250046344899193,107
4560000,18340.00000190135,-518089.54089240474,302.80247589597576,1.0229801783646533,107
4565000,18360.000001905424,-517227.73354629846,300.49173032207165,1.028508362906721,107
4570000,18380.0000019095,-516339.71954252454,300.91028966748445,1.0236635996879049,107
4575000,18400.000001913573,-517712.9617914823,299.5895555588808,1.02557125647341,107
4580000,18420.000001917648,-517878.25390617247,299.88707863479567,1.0284661296529427,107
4585000,18440.000001921722,-516537.0869505701,301.5605804474252,1.0260162305196616,107
4590000,18460.000001925797,-517506.4669790198,299.7770970440293,1.0270761844213234,107
4595000,18480.00000192987,-516813.2084769746,297.62334586813677,1.0278320473205258,107
4600000,18500.000001933946,-517872.5551775617,301.734934279728,1.0282980060438682,107
4605000,18520.00000193802,-517812.85761822807,301.20188072421905,1.0233401181694843,107
4610000,18540.000001942095,-516868.3707159385,298.5763243450397,1.0263366000618306,107
4615000,18560.00000194617,-517470.7239924236,297.0138472230602,1.0253997359426823,107
4620000,18580.000001950244,-517323.9357538249,300.54552382501447,1.0253633875224897,107
4625000,18600.00000195432,-518447.6742552167,302.6992758824135,1.0252977682826638,107
4630000,18620.000001958393,-516647.96053106943,298.3675660786015,1.0233594398830343,107
4635000,18640.000001962468,-516246.9472943852,300.97449594172076,1.0213161359399177,107
4640000,18660.000001966542,-517316.3886180946,303.4498167839327,1.024682010472515,107
4645000,18680.000001970617,-518047.6604110289,301.6012536462432,1.0246756553392424,107
4650000,18700.00000197469,-517682.9513832899,304.1873056880649,1.0268223708835973,107
4655000,18720.000001978766,-517802.2370284507,300.7558621348679,1.0262227667350439,107
4660000,18740.00000198284,-517638.77594293794,298.35828495676606,1.0240856209625817,107
4665000,18760.000001986915,-517726.147709623,300.3112113858085,1.0310297487015545,107
4670000,18780.00000199099,-516798.65162346186,302.9008503506932,1.0286769060524887,107
4675000,18800.000001995064,-516764.8698463687,300.76699175028426,1.0222555443781423,107
4680000,18820.00000199914,-516668.71931230556,299.9190411971562,1.0249967947660565,107
4685000,18840.000002003213,-517320.14997894526,301.80498492337057,1.020585264809993,107
4690000,18860.000002007288,-516390.8154634696,301.25156831147603,1.0261248523487683,107
4695000,18880.000002011362,-517000.89564217883,302.65125072281586,1.0268880867515517,107
4700000,18900.000002015437,-517005.60840737517,298.66335783741926,1.0272842489831253,107
4705000,18920.00000201951,-516453.8383226134,299.53037682600495,1.0229351253632675,107
4710000,18940.000002023586,-517178.29294669256,301.04824407592935,1.027607487647381,107
4715000,18960.00000202766,-516930.1318202426,301.3931785390343,1.0267821041501093,107
4720000,18980.000002031735,-517272.78643529234,301.6927226125455,1.0285275664820457,107
4725000,19000.00000203581,-518659.9795476855,300.73686139750447,1.0301374542262796,107
4730000,19020.000002039884,-517690.7940842763,302.72703450156496,1.0283942143020943,107
4735000,19040.00000204396,-517532.4839244613,300.2025026800626,1.0248777402869056,107
4740000,19060.000002048033,-516959.5856264888,300.789600213015,1.0257923954529475,107
4745000,19080.000002052107,-518129.9310270862,299.6183869385358,1.0269060982564764,107
4750000,19100.000002056182,-517871.8262776665,301.89654615842596,1.0308008242639355,107
4755000,19120.000002060257,-517109.07661753264,302.51449375852604,1.024116558528343,107
4760000,19140.00000206433,-518466.17618786823,299.16824112034004,1.0262809420513124,107
4765000,19160.000002068406,-517705.96207885025,301.8216261818332,1.0296965322097826,107
4770000,19180.00000207248,-518481.69967809203,298.03306930790023,1.025919410835328,107
4775000,19200.000002076555,-516662.59696226614,301.87794295047695,1.0225077429430478,107
4780000,19220.00000208063,-517562.27458127355,301.5360200029801,1.024693139022408,107
4785000,19240.000002084704,-517417.7345070194,303.0426516670536,1.0276872777832795,107
4790000,19260.00000208878,-518069.9995390533,300.3639369508422,1.0252553618655005,107
4795000,19280.000002092853,-518021.97432010924,301.2011919793116,1.0273089613078026,107
4800000,19300.000002096927,-516314.6408954973,298.9131666228903,1.0242704676305505,107
4805000,19320.000002101002,-516994.1329390544,301.2205392108638,1.0248232576560683,107
4810000,19340.000002105076,-517706.02857865347,300.9539649237202,1.0335626171105368,107
4815000,19360.00000210915,-518796.83001276664,301.5816700473809,1.0256811699863373,107
4820000,19380.000002113225,-517003.48873724556,301.0955330560812,1.024860205410926,107
4825000,19400.0000021173,-517152.3955487779,299.19942950264016,1.0270953303277208,107
4830000,19420.000002121375,-516722.48414299823,304.43782035444855,1.0204744582136163,107
4835000,19440.00000212545,-516969.6258407191,303.2973833935504,1.0225428257522282,107
4840000,19460.000002129524,-516925.8057769083,302.3556412949965,1.0270354997928268,107
4845000,19480.000002133598,-517833.0121120764,300.29503502587363,1.024582926762368,107
4850000,19500.000002137673,-517698.0166293066,301.74104865243015,1.0254330309311104,107
4815000,19360.00000210915,-517881.0904458659,302.9010915017159,1.0260735045366065,--
4820000,19380.000002113225,-516601.6148937694,296.29972964308155,1.024754276444361,109
4825000,19400.0000021173,-519185.38650331274,300.2787143387273,1.0294582838226043,109
4830000,19420.000002121375,-517502.37138896924,299.29474891335843,1.0234203270985478,108
4835000,19440.00000212545,-518017.8971840928,301.57403500093415,1.0249638013415252,108
4840000,19460.000002129524,-516752.93527492974,299.7686870644648,1.022579445877485,108
4845000,19480.000002133598,-517292.41210735706,300.5020233112807,1.0295902607773628,108
4850000,19500.000002137673,-518434.547315313,301.7680797991054,1.0258303400857545,108
4855000,19520.000002141747,-517976.91466425173,301.42306374019086,1.026678806211852,108
4860000,19540.00000214582,-516993.60941607435,300.50925040807255,1.0269380427198878,108
4865000,19560.000002149896,-516288.7528898434,301.2792239796198,1.0259245387897011,108
4870000,19580.00000215397,-516731.51231803023,301.8785133587617,1.0270415698915578,108
4875000,19600.000002158045,-517245.380469667,300.898621891851,1.0259589471079162,108
4880000,19620.00000216212,-518454.1640540261,299.74703574498767,1.033878543205062,108
4885000,19640.000002166194,-518459.40437423903,298.5883905445003,1.026130422917612,108
4890000,19660.00000217027,-516522.29844432813,303.1487416368119,1.0278878387430093,108
4895000,19680.000002174344,-517367.7959683263,301.0061314982182,1.0257255322554235,108
4900000,19700.000002178418,-517441.06061905995,300.76649666922555,1.0277933097628424,108
4905000,19720.000002182493,-517117.0840118008,302.3018752269143,1.0244012244999192,108
4910000,19740.000002186567,-517017.26739422115,301.2430474246192,1.0238509397435147,108
4915000,19760.00000219064,-517233.62174426834,300.52508492750434,1.0272349038492155,108
4920000,19780.000002194716,-517720.4266567335,301.49239675025467,1.0279943781986376,108
4925000,19800.00000219879,-518393.36927129584,300.4490063232571,1.0215022695482476,108
4930000,19820.000002202865,-518134.6835519851,300.9474830567436,1.026017323665137,108
4935000,19840.00000220694,-517149.99401336466,299.5030903664732,1.0257583108656174,108
4940000,19860.000002211014,-518278.31363867316,299.51613986251806,1.0252883223297429,108
4945000,19880.00000221509,-518482.01758242655,300.9779210010516,1.0253248446535337,108
4950000,19900.000002219163,-516324.9565875551,299.4338137086564,1.0224434141305443,108
4955000,19920.000002223238,-516282.13113866607,298.81546405556315,1.0278544271399384,108
4960000,19940.000002227313,-517084.8600318511,302.9338760700342,1.027580365379934,108
4965000,19960.000002231387,-518041.93531663856,300.50630885293765,1.0252310460772116,108
4970000,19980.00000223546,-517065.6938941553,301.3791301528851,1.0253155010509607,108
4975000,20000.000002239536,-517190.4627769713,298.6353790733792,1.0254873769885544,108
4980000,20020.00000224361,-516982.758805864,302.98591308853474,1.0252428810496423,108
4985000,20040.000002247685,-517675.7763737291,300.1667106683605,1.0273922019313722,108
4990000,20060.00000225176,-516348.9945560724,298.90818426905855,1.0235111085231092,108
4995000,20080.000002255834,-515623.06474819616,301.6900310796008,1.0233763324750316,108
5000000,20100.00000225991,-516652.4181601112,301.39509599562814,1.0286200585796303,108
5005000,20120.000002263983,-517202.8420106622,299.5745366440714,1.0261332439940902,108
5010000,20140.000002268058,-517384.3805737586,299.8290588465762,1.030605952740011,108
5015000,20160.000002272132,-516903.57957751094,301.74547379149715,1.0256929014500102,108
5020000,20180.000002276207,-516483.4660674471,300.15344192830935,1.0236275572793598,108
5025000,20200.00000228028,-517220.02341293264,298.91781962430036,1.0279105587404727,108
5030000,20220.000002284356,-517924.83304246096,301.70990907895805,1.0281289460563767,108
5035000,20240.00000228843,-517576.6991146023,299.3418581903035,1.0277655257583076,108
5040000,20260.000002292505,-516914.0984353621,301.12471510623016,1.0259239253717558,108
5045000,20280.00000229658,-516913.7298455045,300.0250585393296,1.0230431310550847,108
5050000,20300.000002300654,-518196.39142533275,300.35318917566326,1.0306811766771826,108
5055000,20320.00000230473,-516427.8389283379,300.27855387563665,1.0254945574351777,108
5060000,20340.000002308803,-516630.1347877234,301.70265947156804,1.0239571424557876,108
5065000,20360.000002312878,-517626.8001984961,299.4924014165094,1.0260106194779193,108
5070000,20380.000002316952,-517658.732799134,298.6592388479289,1.027084453303231,108
5075000,20400.000002321027,-517472.32289691176,300.0732207432299,1.0223870896727139,108
5080000,20420.0000023251,-516314.7318634945,297.7558728481914,1.0298866282211938,108
5085000,20440.000002329176,-517107.93950346555,302.6619626340408,1.0254163714449065,108
5090000,20460.00000233325,-516756.6358566133,298.4768708385261,1.0279153966787067,108
5095000,20480.000002337325,-518793.52533586556,301.0861795005352,1.0281831172788858,108
5100000,20500.0000023414,-516751.1284959838,300.09111998228235,1.0254675867219138,108
5105000,20520.000002345474,-516026.4401529571,302.2046763563155,1.0258659227522149,108
5110000,20540.00000234955,-516776.72133042477,300.69830941766196,1.0227377155247848,108
5115000,20560.000002353623,-517008.28461089334,299.43195611394924,1.0255386441344483,108
5120000,20580.000002357698,-516401.59932536725,303.5394088577703,1.0260457109870504,107
5125000,20600.000002361772,-518531.0103998103,300.6674277963532,1.0223858429837394,107
5130000,20620.000002365847,-516628.4191803767,300.47236893269144,1.0254167449139515,107
5135000,20640.00000236992,-516766.16897092643,302.8932487880839,1.024938578407278,107
5140000,20660.000002373996,-517137.2911570491,298.6485071879915,1.0222796795999904,107
5145000,20680.00000237807,-519251.0435703201,300.65945526718446,1.0269367411252746,107
5150000,20700.000002382145,-516564.3246985581,301.59458211706504,1.0257651318904086,107
5155000,20720.00000238622,-517306.34047293826,303.5193405967775,1.0255756949167207,107
5160000,20740.000002390294,-518423.5300504742,301.08029467306517,1.029534431860748,107
5165000,20760.00000239437,-516251.85417080927,302.79624331815876,1.0228639783917037,107
5170000,20780.000002398443,-516888.63188611344,300.7006160190009,1.0273075688286586,107
5175000,20800.000002402518,-516829.95222598617,301.1890430177366,1.0225024754175958,107
5180000,20820.000002406592,-516786.429609861,297.558180709164,1.026052918874211,107
5185000,20840.000002410667,-517712.20230231597,302.43191492597526,1.022803822569701,107
5190000,20860.00000241474,-516906.6563068314,300.30463856632946,1.024372884418068,107
5195000,20880.000002418816,-517103.4248805882,300.6724843152146,1.0290853538925349,107
5200000,20900.00000242289,-516726.0778513672,304.2028899169174,1.0243227102410906,107
5205000,20920.000002426965,-516735.8084631753,299.15736346066103,1.0287790825621204,107
5210000,20940.00000243104,-516955.66944221826,298.3429538057294,1.0273000733809732,107
5215000,20960.000002435114,-517290.645726325,301.5001748269744,1.027216608570353,107
5220000,20980.00000243919,-517686.47718150076,299.6224103370759,1.0249765550299652,107
5225000,21000.000002443263,-518678.34608868463,302.23725483557257,1.028611026932425,107
5230000,21020.000002447337,-518064.83551280526,300.7703723697533,1.0285003793216918,107
5235000,21040.000002451412,-517044.49850878003,300.9046912991388,1.0219902679392618,107
5240000,21060.000002455487,-518488.5207823687,302.28165380661227,1.0235888676907634,107
5245000,21080.00000245956,-516678.0634069245,300.25811652421754,1.0247719365190724,107
5250000,21100.000002463636,-516812.4550833299,300.54547353711035,1.0282978561155305,107
5255000,21120.00000246771,-517456.0220779367,298.44785575580045,1.028028935153661,107
5260000,21140.000002471785,-517485.1977123751,298.7544128367913,1.0247358747636113,107
5265000,21160.00000247586,-518856.8511803779,301.2323559536866,1.025922519800342,107
5270000,21180.000002479934,-518145.7864869146,299.32603926165433,1.0272315336411928,107
5275000,21200.00000248401,-517149.94364834647,300.5801796986585,1.024364832235984,107
5280000,21220.000002488083,-517739.51290831086,299.2227801854069,1.0233508821149977,107
5285000,21240.000002492157,-518575.6447370171,300.4260161889554,1.027574940530849,107
5290000,21260.000002496232,-517815.69591428875,300.14238658592586,1.0295256285374352,107
5295000,21280.000002500306,-517253.32719775755,299.0247507064462,1.0276484250640898,107
5300000,21300.00000250438,-516636.97378820856,303.0786099402146,1.0227476589326878,107
5305000,21320.000002508456,-518030.1619468073,299.7719980152964,1.0271863882223475,107
5310000,21340.00000251253,-516804.2735334779,301.9485021849564,1.0241330691365926,107
5315000,21360.000002516605,-519057.17211233266,300.44428862627854,1.0310219974519017,106
5320000,21380.00000252068,-516831.4402860035,301.3922212537381,1.0272345212913392,106
5325000,21400.000002524754,-516374.19018032565,302.24387063196826,1.0225775926652736,106
5330000,21420.00000252883,-516363.55349072744,301.98189987999507,1.0239813413064374,106
5335000,21440.000002532903,-517836.50906780735,300.5866031560356,1.0342582139559644,106
5340000,21460.000002536977,-517697.6327362659,298.4093822941022,1.0255437948414035,106
5345000,21480.00000254105,-516533.75200384576,301.38571470372665,1.0235969327879804,106
5350000,21500.000002545126,-517539.8925710297,300.27559006719173,1.025886421468464,106
5355000,21520.0000025492,-518238.3850314056,300.6141509839265,1.0224173734556965,106
5360000,21540.000002553275,-517840.9741270412,299.58387060785367,1.0269163440315747,106
5365000,21560.00000255735,-518040.487509205,302.9926047148059,1.0263205035220806,106
5370000,21580.000002561424,-517296.46794423903,300.48705713146614,1.029687668033815,106
5375000,21600.0000025655,-517991.9615459414,302.78798817281324,1.0249072346655241,106
5380000,21620.000002569574,-517114.1917720074,302.26152286518436,1.0235431759706517,106
5385000,21640.000002573648,-517923.62212090916,300.44809285787437,1.0270295074412532,106
5390000,21660.000002577723,-517483.43474844494,301.9043264876306,1.0258857745279306,106
5395000,21680.000002581797,-518807.943460708,300.0192400204889,1.0280890437962367,106
5400000,21700.00000258587,-518283.55630848184,301.778531686545,1.026529919676132,106
5405000,21720.000002589946,-516957.6475123877,300.1311471371284,1.0261723543711714,106
5410000,21740.00000259402,-516947.43264338607,301.6149296574943,1.0240688664152549,106
5415000,21760.000002598095,-517314.3407613698,300.91275830205745,1.020482747468048,106
5420000,21780.00000260217,-517250.1256650046,300.7835892258774,1.0279489318922763,106
5425000,21800.000002606244,-518183.97270808415,300.62006979010584,1.0270596293299128,106
5430000,21820.00000261032,-517499.4136078318,300.96306063607716,1.026280095695984,106
5435000,21840.000002614393,-517214.8127318723,300.6066638147427,1.0242493019907901,106
5440000,21860.000002618468,-516663.85106953094,301.3670597955003,1.0254162486365022,106
5445000,21880.000002622543,-517902.3910217574,300.5604121218846,1.0238823544028803,106
5450000,21900.000002626617,-516911.4487265204,299.3717363793687,1.0243485858616703,106
5455000,21920.00000263069,-517649.002238733,302.9689165340109,1.0260713542712767,106
5460000,21940.000002634766,-516275.5296963486,300.80909512326565,1.0228163958894267,106
5465000,21960.00000263884,-516473.4291494542,301.4636886170168,1.026147832555645,106
5470000,21980.000002642915,-517150.4981553368,301.27469897656687,1.0232884267735651,106
5475000,22000.00000264699,-518167.81808792544,300.3685039995177,1.0246704618932205,106
5480000,22020.000002651064,-516156.54142872524,301.1456376901789,1.0269372971951787,106
5485000,22040.00000265514,-517422.34401945444,301.0893399274512,1.0254966616879164,106
5490000,22060.000002659213,-518159.30818079575,299.6786692950133,1.0287312810069247,106
5495000,22080.000002663288,-516723.30094263935,299.792808678352,1.0207184927490773,106
5500000,22100.000002667362,-517638.34060570505,300.95493957184794,1.0272677902537388,106
5505000,22120.000002671437,-519240.36361306463,301.79854570254975,1.028093113797387,106
5510000,22140.00000267551,-517436.1555840422,300.39429018639333,1.027033323201508,106
5515000,22160.000002679586,-517354.4056456571,301.38942415972696,1.0269124615806016,106
5520000,22180.00000268366,-516309.56574220234,299.8243310839541,1.0249342423647276,106
5525000,22200.000002687735,-516566.38165815687,300.3928814291107,1.0236782690652797,106
5530000,22220.00000269181,-517769.4663726855,301.86234197097053,1.0205753757604483,106
5535000,22240.000002695884,-517494.4299375857,298.888197505835,1.0227632423829398,106
5540000,22260.00000269996,-516677.81616687705,300.78379413770153,1.0261717770311178,106
5545000,22280.000002704033,-518588.63299377053,301.9292363663426,1.0275467718853857,106
5550000,22300.000002708108,-517678.20730052167,299.14210884270295,1.0252981827321264,106
5555000,22320.000002712182,-518075.3322209099,300.24447121549343,1.0272871966047536,106
5560000,22340.000002716257,-518102.6559454531,301.6784685019795,1.027177516606271,106
5565000,22360.00000272033,-516986.8148577167,303.8394141598902,1.0249629347001517,106
5570000,22380.000002724406,-516467.6812546605,300.2746284225225,1.0267062176350297,106
5575000,22400.00000272848,-517308.6164637937,301.00261391102987,1.0257918994385005,106
5580000,22420.000002732555,-516320.9047541213,299.59906582975856,1.0256783777389347,106
5585000,22440.00000273663,-515867.8446315478,301.5872291517271,1.0260740204642878,106
5590000,22460.000002740704,-516609.98277428537,300.7740871263755,1.024797823859584,106
5595000,22480.00000274478,-518264.4456076885,301.69853236630837,1.027347204384056,106
5600000,22500.000002748853,-516543.7579484836,303.6203969322412,1.0243265908077954,106
5605000,22520.000002752928,-516886.31273671123,299.54519600732823,1.0244029165411104,106
5610000,22540.000002757002,-517212.219674319,298.6649209608929,1.025925304752892,106
5615000,22560.000002761077,-516517.021783686,301.84451854719026,1.02544307646149,106
5620000,22580.00000276515,-517981.2451166827,302.49251292947525,1.0236683635909862,106
5625000,22600.000002769226,-516784.83909872966,302.2751592681454,1.0262317770424119,106
5630000,22620.0000027733,-518374.49915333604,300.3563562736376,1.0315346949173032,106
5635000,22640.000002777375,-517900.10116011323,299.0315652084755,1.0242435026991734,106
5640000,22660.00000278145,-516953.92655511945,300.53933649387074,1.0256858199368828,106
5645000,22680.000002785524,-517806.97650604625,299.0821739940525,1.0233094762420791,106
5650000,22700.0000027896,-517749.7841397028,300.60368439558226,1.0283953825926753,106
5655000,22720.000002793673,-516803.461595217,300.7357268984719,1.027480114078255,106
5660000,22740.000002797748,-517250.058821192,300.2185700704827,1.0230530984274764,106
5665000,22760.000002801822,-515843.0456956099,299.89930657716775,1.0235635135765189,106
5670000,22780.000002805897,-516407.9069271351,301.83429562916626,1.0266044663777898,106
5675000,22800.00000280997,-517214.7702679336,298.85416554961466,1.0236252474716974,106
5680000,22820.000002814046,-517923.74978486006,303.39719484262133,1.0243352198215805,106
5685000,22840.00000281812,-518144.8575827407,300.7611136756438,1.027040103029217,106
5690000,22860.000002822195,-518166.52071137214,300.24572062709757,1.0288203891362875,106
5695000,22880.00000282627,-517739.52928749565,300.5490577216801,1.02911794789785,106
5700000,22900.000002830344,-516851.5606653874,300.1862228108199,1.023675281967238,106
5705000,22920.00000283442,-516221.51969087217,303.172477064134,1.0235964462092582,106
5710000,22940.000002838493,-517664.28667081846,302.04562049174405,1.0238367174405114,106
5715000,22960.000002842567,-517332.53943569073,299.2391680792624,1.0211113173266977,106
5720000,22980.000002846642,-516903.44425780023,300.4466027813543,1.023984378337202,106
5725000,23000.000002850717,-517174.22772130463,301.8595115380023,1.0260634792508347,106
5730000,23020.00000285479,-515892.2034899532,298.82053770834705,1.028326135218944,106
5735000,23040.000002858866,-516271.9406919156,301.45943040330457,1.022925613978955,106
5740000,23060.00000286294,-516933.2213346772,299.2381946544425,1.0271087478049612,106
5745000,23080.000002867015,-516873.0830102691,299.0661743955164,1.0265159466209424,106
5750000,23100.00000287109,-517773.40584682464,302.51914774801037,1.026820344682546,106
5755000,23120.000002875164,-517444.79457935784,299.7033554226056,1.0289012373469435,106
5760000,23140.00000287924,-518175.67383145005,302.2756532026122,1.0249468360445229,106
5765000,23160.000002883313,-517787.3419294404,299.28622196652174,1.0260689278022337,106
5770000,23180.000002887387,-518106.3959166496,301.83363175907465,1.0294468200507432,106
5775000,23200.000002891462,-517299.809198583,300.1170397855258,1.025473666535431,106
5780000,23220.000002895536,-516063.6843917989,298.16519870025866,1.0223633222347337,106
5785000,23240.00000289961,-517652.6418080458,298.49019037480815,1.023425576133024,106
5790000,23260.000002903686,-518250.00943661784,302.0365558394294,1.0253126872093263,106
5795000,23280.00000290776,-517781.3078714146,301.95742126632723,1.024727958473117,106
5800000,23300.000002911835,-517413.1857522556,300.4352848849512,1.022614935440469,106
5805000,23320.00000291591,-517531.4498326315,302.7742185624843,1.0252713972924057,106
5810000,23340.000002919984,-519319.65421024826,299.711882417592,1.026379319631317,106
5815000,23360.00000292406,-519372.1181470698,302.03844649604065,1.0270195263016837,106
5820000,23380.000002928133,-518295.6964418129,302.15948475174855,1.0270067117615498,106
5825000,23400.000002932207,-517568.3041663787,301.9483622222429,1.0294361085512702,106
5830000,23420.00000293628,-517509.42436778266,300.91696605249945,1.0259784577875386,106
5835000,23440.000002940356,-518808.8636435806,300.30173443971614,1.0271079925309246,106
5840000,23460.00000294443,-516070.0159116937,301.90614503138175,1.0242924683295342,106
5845000,23480.000002948505,-516948.8169212504,301.4807079124578,1.0261009857424757,106
5850000,23500.00000295258,-518675.3560125374,299.85107549709073,1.0304621898258184,106
5855000,23520.000002956654,-517539.69124428066,298.2644750203794,1.0271324059165288,106
5860000,23540.00000296073,-517604.49457726465,300.94853028036727,1.0316523237170019,106
5865000,23560.000002964804,-516144.6825697799,299.6262818981653,1.025289124666033,106
5870000,23580.000002968878,-516000.1404859293,300.99995612086997,1.0221010989013926,106
5875000,23600.000002972953,-516757.9807286565,302.14720468884775,1.0237783928519062,106
5880000,23620.000002977027,-516599.7734212342,301.904456161837,1.0269422084990902,105
5885000,23640.0000029811,-518074.0133333914,305.0368909699504,1.0290490646837596,105
5890000,23660.000002985176,-516821.86321130325,302.449847379464,1.0239243299143432,105
5895000,23680.00000298925,-518299.85095858853,301.02273197572237,1.029142652087815,105
5900000,23700.000002993325,-516446.7845384702,300.79704521289597,1.0256387416353419,105
5905000,23720.0000029974,-516855.74313902133,302.55724105203797,1.0301598319893919,105
5910000,23740.000003001474,-518155.82877438585,298.43045310111273,1.0278361806673402,105
5915000,23760.00000300555,-517433.8027398726,300.85074100174046,1.0277067976795053,105
5920000,23780.000003009623,-517674.7641791487,301.0509289397151,1.0280272519978775,105
5925000,23800.000003013698,-516936.9169377205,299.93121200382586,1.022799093935747,105
5930000,23820.000003017773,-517043.04727301956,297.94638560441894,1.028546069547307,105
5935000,23840.000003021847,-517788.8198615671,300.6985139421045,1.027479635982554,105
5940000,23860.00000302592,-516217.1983606147,301.01176088659315,1.0259905279981707,105
5945000,23880.000003029996,-517650.9828239684,301.9112111503736,1.0255575132623684,105
5950000,23900.00000303407,-517627.56440093997,301.5148443344942,1.0231116215917244,105
5955000,23920.000003038145,-518653.8747983193,300.44749178877856,1.0269507531233355,105
5960000,23940.00000304222,-517698.64472635766,299.9391003394791,1.025368628315299,105
5965000,23960.000003046294,-516931.51358334115,299.3334749760212,1.0211195880006174,105
5970000,23980.00000305037,-517043.8694627404,301.2843009655034,1.0227784387616963,105
5975000,24000.000003054443,-516417.5925009975,304.200120791427,1.0278335743070954,105
5980000,24020.000003058518,-517645.3618790747,299.67995785635895,1.0270045970875208,105
5985000,24040.000003062592,-516682.3860487647,301.69136422475526,1.02806225823451,105
5990000,24060.000003066667,-516879.93797654426,301.6973001992899,1.0250567094322585,105
5995000,24080.00000307074,-516394.07889256394,303.337077998418,1.0268891996992553,105
6000000,24100.000003074816,-517762.9435572745,301.3469752048371,1.030812685516731,105
6005000,24120.00000307889,-518246.7878184614,300.67015928906176,1.0272048393523554,105
6010000,24140.000003082965,-517405.680642955,300.480271065978,1.0245501973866582,105
6015000,24160.00000308704,-517551.15393956704,301.8523084212537,1.027324828094506,105
6020000,24180.000003091114,-517063.66069101915,298.6911006139251,1.0281610436346804,105
6025000,24200.00000309519,-516719.7091776859,301.8465280158467,1.0251155499032132,105
6030000,24220.000003099263,-517976.5614567078,300.91951931961137,1.02549989343878,105
6035000,24240.000003103338,-515948.85713582137,301.91359962228233,1.0278213028552552,105
6040000,24260.000003107412,-518006.47421415476,299.59334843435136,1.029376469597215,105
6045000,24280.000003111487,-516524.23168862984,298.40712733306145,1.0216004998200592,105
6050000,24300.00000311556,-517383.6084772248,301.64474756147825,1.028451782294337,105
6055000,24320.000003119636,-517568.7359129477,303.3619972561379,1.026458144165277,105
6060000,24340.00000312371,-517862.4843369513,303.828325406031,1.02711262741025,105
6065000,24360.000003127785,-516945.9365064793,301.1322850972761,1.0196307520649321,105
6070000,24380.00000313186,-518291.5587614379,300.35264156237685,1.0250619979364808,105
6075000,24400.000003135934,-517251.0138559914,301.64911003526845,1.024807807624841,105
6080000,24420.00000314001,-517783.96637816075,300.7284183091121,1.0275141198479791,105
6085000,24440.000003144083,-517597.7631829898,302.24770567008795,1.0247405239593388,105
6090000,24460.000003148158,-517346.66170646483,301.661764689731,1.0268770062628347,105
6095000,24480.000003152232,-517695.4238958261,302.85788180844764,1.0266296243510666,105
6100000,24500.000003156307,-516851.73688058276,300.4077702848901,1.025517035169111,105
6105000,24520.00000316038,-518646.7914281809,302.3015900093461,1.0251258175979634,105
6110000,24540.000003164456,-516173.93817922845,300.0221859703798,1.0228006993354668,105
6115000,24560.00000316853,-517138.4193349907,302.1960224807974,1.0284874995112454,105
6120000,24580.000003172605,-516690.52156653535,301.86375634539087,1.0245189060950406,105
6125000,24600.00000317668,-517295.00408432516,302.16017151355055,1.0246332580891082,105
6130000,24620.000003180754,-517025.1349546043,302.0609257830295,1.0255831231260413,105
6135000,24640.00000318483,-516216.13020475116,303.38934752490786,1.023053428735538,105
6140000,24660.000003188903,-517376.37600825913,301.10676984337937,1.0255330945068732,105
6145000,24680.000003192978,-516574.9724053738,299.7702975552257,1.0253069937590684,105
6150000,24700.000003197052,-518556.52407259773,302.7907717819992,1.0269081617749687,105
6155000,24720.000003201127,-517251.4883815043,301.6113617970185,1.0267178619555775,105
6160000,24740.0000032052,-517404.85355936014,302.79893407348055,1.0246578716916515,105
6165000,24760.000003209276,-516319.9432336851,300.5066380576658,1.0238670520290003,105
6170000,24780.00000321335,-516677.0834887866,302.83264268501466,1.023470555863643,105
6175000,24800.000003217425,-517049.8154524844,302.11142449148747,1.0251025356338384,105
6180000,24820.0000032215,-518402.0461071762,299.9116477284134,1.0253162604532957,105
6185000,24840.000003225574,-516920.1172169456,297.7818951758767,1.0245947179326287,105
6190000,24860.00000322965,-515843.543702228,302.8026613090777,1.0260150727225195,105
6195000,24880.000003233723,-517424.19413309265,299.08154622891794,1.0226920052833846,105
6200000,24900.000003237798,-517653.88428155705,300.09909583003815,1.028228216084866,105
6205000,24920.000003241872,-519099.2621789209,300.4621686221355,1.0295655839024278,105
6210000,24940.000003245947,-516154.7182218132,298.7749452125833,1.0260500375517176,105
6215000,24960.00000325002,-517529.52722692373,302.927609083911,1.0217890284427849,105
6220000,24980.000003254096,-517853.287739435,300.8132762964174,1.02516459005449,105
6225000,25000.00000325817,-515476.6991599621,301.5012738705659,1.0222166969887145,105
6230000,25020.000003262245,-516775.78713793866,300.7213231566115,1.025975793175329,105
6235000,25040.00000326632,-517323.4792984857,299.9888061311931,1.0272710599256316,105
6240000,25060.000003270394,-517162.52954922896,300.75353418431746,1.022129888488395,105
6245000,25080.00000327447,-518008.83308154996,297.3577089361767,1.0239054991124943,105
6250000,25100.000003278543,-517722.5400897823,301.50133958917104,1.0282745216870244,105
6255000,25120.000003282617,-517801.1726844085,301.5737234940441,1.0259510686431441,105
6260000,25140.000003286692,-517768.31804820197,301.1933580531024,1.0288216903705627,105
6265000,25160.000003290766,-518423.1092336036,303.5705888113081,1.0312576594896925,105
6270000,25180.00000329484,-516664.55856439495,298.4202432544516,1.02725090147202,105
6275000,25200.000003298916,-517250.54490195424,302.0293709606357,1.025942485056107,105
6280000,25220.00000330299,-518046.15248129424,301.19775594160114,1.0296380340943176,105
6285000,25240.000003307065,-517282.7453401524,302.28841588178494,1.0260791631608526,105
6290000,25260.00000331114,-518305.5058357818,300.0656699148255,1.0271508758357817,105
6295000,25280.000003315214,-517781.14466177044,300.21975455721457,1.0266596556738807,105
6300000,25300.00000331929,-516984.28290204075,302.05311258052967,1.0241380969429559,105
6305000,25320.000003323363,-517026.78969766945,302.920507020677,1.0249935260086316,105
6310000,25340.000003327437,-517807.9423540025,300.7229364311739,1.0240626208921206,105
6315000,25360.000003331512,-517137.69412717177,302.3559312747967,1.0228244386180387,105
6320000,25380.000003335586,-516640.30401703995,300.91224114457685,1.026186452324117,105
6325000,25400.00000333966,-517249.4482680068,299.6259820044365,1.0226890439251404,105
6330000,25420.000003343735,-518424.0119141841,300.9023820164354,1.0260668768202517,105
6335000,25440.00000334781,-517798.4073563642,301.14961184620165,1.028081168438031,105
6340000,25460.000003351885,-517519.2811205252,300.8883677312641,1.024776062147087,105
6345000,25480.00000335596,-518250.90840299544,301.0082490076762,1.0254712004013153,105
6350000,25500.000003360034,-518079.4130525533,299.2531943420423,1.0282270896818477,105
6355000,25520.000003364108,-517140.3139092969,301.5011510007535,1.0229481706923247,105
6360000,25540.000003368183,-517332.3463663587,299.0145137601368,1.027096443610619,105
6365000,25560.000003372257,-517783.040403906,299.3431504517276,1.0290334510236379,105
6370000,25580.00000337633,-516654.24413785595,300.53539553792393,1.0233244212083519,105
6375000,25600.000003380406,-517826.5413235207,302.9715495481243,1.0247350863742515,105
6380000,25620.00000338448,-518225.96156376135,302.6702196576132,1.026850164661848,105
6385000,25640.000003388555,-518064.50334179285,298.83463188945456,1.0281112064783364,105
6390000,25660.00000339263,-517660.032535485,300.52071777419485,1.0239143621960167,105
6395000,25680.000003396704,-517976.09866299527,301.4023624992407,1.0274125090334223,105
6400000,25700.00000340078,-519166.8228598002,304.26308284662974,1.02648565984395,105
6405000,25720.000003404853,-518425.73925674474,295.7620361667318,1.0259424897039737,105
6410000,25740.000003408928,-518603.21251551155,301.82830718573155,1.0320352694594197,105
6415000,25760.000003413003,-517369.99214173574,298.9305243570929,1.027887699185277,105
6420000,25780.000003417077,-516885.8554381635,299.7511669615372,1.0258779908937712,105
6425000,25800.00000342115,-517492.95774218277,304.4514599546886,1.0307489057346209,105
6430000,25820.000003425226,-516983.94885527925,298.32317521838024,1.0292922374094597,105
6435000,25840.0000034293,-518212.1562168591,301.7210771002226,1.0241583912792744,105
6440000,25860.000003433375,-516807.117382084,299.9699677178602,1.028855695126396,105
6445000,25880.00000343745,-517675.3105211796,300.9036981266071,1.0288542526266538,105
6450000,25900.000003441524,-517327.48995432956,301.28956173398973,1.0207044991167384,105
6440000,25860.000003433375,-517191.4298236545,302.48043913822056,1.0239827143096982,--
6445000,25880.00000343745,-517686.5917406739,302.2675020260705,1.0265810478306383,106
6450000,25900.000003441524,-517816.29123751796,299.666022385063,1.0264743383041994,106
6455000,25920.0000034456,-517659.43732942594,302.520260236782,1.0246872403976452,106
6460000,25940.000003449673,-517560.4105780104,300.1042015370162,1.0266427752730407,106
6465000,25960.000003453748,-517944.6466068842,299.3266688804734,1.0298702008288945,105
6470000,25980.000003457822,-517893.16479106713,299.8737949195332,1.0215104829890105,105
6475000,26000.000003461897,-517458.2356239895,301.93630087042123,1.026048504200819,105
6480000,26020.00000346597,-517263.3325394497,302.02271695384746,1.0257611513912184,105
6485000,26040.000003470046,-516721.2304719731,298.6871123030155,1.021292922205496,105
6490000,26060.00000347412,-516568.8156362858,300.991407606087,1.0262756531791666,105
6495000,26080.000003478195,-517435.8810159967,302.56483429941613,1.024368006266035,105
6500000,26100.00000348227,-517561.2359864379,302.96746062781983,1.0261986061104489,105
6505000,26120.000003486344,-517862.4176271127,301.9981534160015,1.0278300774696283,105
6510000,26140.00000349042,-516849.9484939473,301.47348139425486,1.0227466935471332,105
6515000,26160.000003494493,-517640.14950744715,299.28755643507327,1.0293224247345503,105
6520000,26180.000003498568,-516876.6762098733,299.0405181935786,1.0246990649306773,105
6525000,26200.000003502642,-516511.2522850535,301.90640825915796,1.0267361718730763,105
6530000,26220.000003506717,-515562.1840641431,299.7234116422561,1.026728081690623,105
6535000,26240.00000351079,-517068.82745362096,300.9705243463231,1.0315895256877323,104
6540000,26260.000003514866,-517218.06371006626,301.13299372509266,1.024854548065868,104
6545000,26280.00000351894,-517755.5397000578,302.57356427877187,1.024371189588254,104
6550000,26300.000003523015,-518017.7256215117,300.42104760600125,1.0252454335462482,104
6555000,26320.00000352709,-517549.1523148129,301.339084495857,1.0286818315972421,104
6560000,26340.000003531164,-518438.03355948767,301.2368602346491,1.0246253907072986,104
6565000,26360.00000353524,-517374.7903392769,300.54680963481434,1.029422763398916,104
6570000,26380.000003539313,-516290.4644433488,302.14898757826165,1.0228529521596266,104
6575000,26400.000003543388,-518065.4142294808,303.5127957427579,1.0292442288167867,104
6580000,26420.000003547462,-516918.33799405117,302.0567946726031,1.023706771327833,104
6585000,26440.000003551537,-517771.8084288456,300.2624180942461,1.0289815666573723,104
6590000,26460.00000355561,-516856.37289596023,301.18828168944054,1.0260616387283987,104
6595000,26480.000003559686,-517426.4281964924,301.157198114228,1.0248727189347902,104
6600000,26500.00000356376,-516376.04691080237,301.9418227762692,1.0247481042976931,104
6605000,26520.000003567835,-518243.2760052064,302.43842415891464,1.0285592968500423,104
6610000,26540.00000357191,-518943.4517325398,300.12559993234476,1.0298353201339732,104
6615000,26560.000003575984,-517772.8000252638,301.5502453104459,1.0249594733461656,104
6620000,26580.00000358006,-517728.7434995128,298.35819065911045,1.030498130409525,104
6625000,26600.000003584133,-517663.77092684805,301.6778486445055,1.0263705293125263,104
6630000,26620.000003588208,-516768.12658889615,300.51872500746225,1.0282934686294873,104
6635000,26640.000003592282,-518210.4290027525,299.71541209952454,1.0280475797963107,104
6640000,26660.000003596357,-516488.4759790143,301.67259521827714,1.0246031511858065,104
6645000,26680.00000360043,-517423.63822274935,300.6941281129962,1.0257976291614457,104
6650000,26700.000003604506,-517321.1968831937,301.71823882553696,1.0273786763600905,104
6655000,26720.00000360858,-516930.62589015835,299.4183354154384,1.02090001654204,104
6660000,26740.000003612655,-517758.7375454202,302.99727970599054,1.0264700440191308,104
6665000,26760.00000361673,-517007.32831537747,302.33532374772443,1.0278173498600935,104
6670000,26780.000003620804,-517771.18834437756,298.0365866955726,1.0255734388481983,104
6675000,26800.00000362488,-518013.9783232217,298.4573171600295,1.0274634863842378,104
6680000,26820.000003628953,-517093.57482108986,302.6590450630973,1.0262564572120183,104
6685000,26840.000003633028,-518089.40832953993,301.08327724296254,1.0287808434558863,104
6690000,26860.000003637102,-517011.5919542627,299.40224087798526,1.0230509804476515,104
6695000,26880.000003641177,-517408.7014985604,298.8093739310364,1.029748063204331,104
6700000,26900.00000364525,-516191.7914720634,301.5843036050164,1.0250851079969103,104
6705000,26920.000003649326,-517079.071022813,302.37256225493246,1.028031304558666,104
6710000,26940.0000036534,-517797.96601035306,300.50578045524253,1.0322308241424563,104
6715000,26960.000003657475,-517372.66574770305,301.6891602564604,1.0278276802530766,104
6720000,26980.00000366155,-517082.02296120045,300.1126699269741,1.024512075267811,104
6725000,27000.000003665624,-517270.2789747447,301.5603215840052,1.02550890169332,104
6730000,27020.0000036697,-517297.28150745505,299.9710279397723,1.028842851914685,104
6735000,27040.000003673773,-516424.95516536036,302.2552516294626,1.0266865029179353,104
6740000,27060.000003677847,-518214.89820517646,301.6093274282516,1.0297515752547632,104
6745000,27080.000003681922,-518800.1809907898,299.0195939260463,1.0240943171811538,104
6750000,27100.000003685996,-517336.17840265157,299.2303293732049,1.0249311147926914,104
6755000,27120.00000369007,-516985.99660995556,301.3207883019883,1.0266379583593728,104
6760000,27140.000003694146,-517616.3110806891,302.6600294808087,1.023467039262712,104
6765000,27160.00000369822,-516786.96550979745,298.71342710022833,1.0285294526862416,104
6770000,27180.000003702295,-518349.27077323454,299.66153752744566,1.0305993662068074,104
6775000,27200.00000370637,-517428.9899521251,300.45619764733686,1.0266049803173654,104
6780000,27220.000003710444,-517831.1091369025,301.5633901839588,1.027717834846686,104
6785000,27240.00000371452,-517606.9321279258,301.95836358469285,1.0243176165610177,104
6790000,27260.000003718593,-517982.38810144155,298.95443611550513,1.026847916821553,104
6795000,27280.000003722667,-518090.4335659831,301.55874334586133,1.0282740894465376,104
6800000,27300.000003726742,-516941.0950812497,300.2517474166637,1.0251439679188865,104
6805000,27320.000003730816,-517694.75527611934,302.8512498907773,1.0235789578730254,104
6810000,27340.00000373489,-518202.4608086129,301.151811058282,1.0275340887147888,104
6815000,27360.000003738965,-516903.5391434252,302.0535393652144,1.0292972623964745,104
6820000,27380.00000374304,-517683.03041239455,299.8213202237099,1.0227145394461519,104
6825000,27400.000003747115,-517833.31663803826,301.39106393383406,1.0289700636159627,104
6830000,27420.00000375119,-517821.15996736125,304.5362253593606,1.0275861568558906,104
6835000,27440.000003755264,-517113.297212756,301.2467545200534,1.0296498260079638,104
6840000,27460.000003759338,-516614.0596226435,302.03103997590887,1.0263870785239966,104
6845000,27480.000003763413,-517293.9827720232,302.665108375392,1.0287776114622222,104
6850000,27500.000003767487,-516732.9637030817,301.0633670569641,1.0245592465595152,104
6855000,27520.00000377156,-515746.5441820498,299.02680359431076,1.0261774345548846,104
6860000,27540.000003775636,-518489.1602654937,300.47195027018927,1.0277462105651514,104
6865000,27560.00000377971,-517651.52944226353,303.9351544102678,1.0284173581528007,104
6870000,27580.000003783785,-516658.5745209865,299.60702160489876,1.0249260875514419,104
6875000,27600.00000378786,-516633.32308690134,300.8816292971662,1.024899843442981,104
6880000,27620.000003791934,-516956.15339268534,299.8618893345175,1.02724733342566,104
6885000,27640.00000379601,-516990.6621296122,300.17377977699687,1.0233434483214252,104
6890000,27660.000003800084,-516945.6892939592,301.2415840632404,1.0303647795171795,104
6895000,27680.000003804158,-517092.53658064455,302.0934180828828,1.0265226454553709,104
6900000,27700.000003808233,-516160.878511664,301.2290036188141,1.025810226494791,104
6905000,27720.000003812307,-517174.03692796687,301.2970587797032,1.0239355291049594,104
6910000,27740.00000381638,-517484.1081785811,300.4272282123962,1.0317059066615553,104
6915000,27760.000003820456,-518439.68445231393,300.92662651685043,1.0300313486731254,104
6920000,27780.00000382453,-516925.3099281085,300.6805347099596,1.0251596436209112,104
6925000,27800.000003828605,-516401.0461458531,302.6750421698294,1.0256464634898785,104
6930000,27820.00000383268,-516737.97381224507,302.1947584263005,1.0295510470170124,104
6935000,27840.000003836754,-516890.1036771445,301.30168802134426,1.024461360813373,104
6940000,27860.00000384083,-517710.93153594085,300.67008199297027,1.0258487918165098,104
6945000,27880.000003844903,-518064.5660363389,300.73566660639403,1.0298251642071083,104
6950000,27900.000003848978,-516123.4000019494,301.2834875646122,1.0280097519475473,104
6955000,27920.000003853052,-516917.1872375109,302.193321815083,1.0247187485917135,104
6960000,27940.000003857127,-517182.01240966027,299.45559648594383,1.02230839798069,104
6965000,27960.0000038612,-517034.2198772747,302.7778204575575,1.0263815517065673,104
6970000,27980.000003865276,-517266.4377278662,300.6115965301023,1.030194345943505,104
6975000,28000.00000386935,-517269.9625877782,300.30085786342124,1.0276317980017386,104
6980000,28020.000003873425,-518281.8473143787,302.44846701553035,1.027686995709088,104
6985000,28040.0000038775,-516774.9256589473,299.4763966724729,1.0273089759596714,104
6990000,28060.000003881574,-517234.92548769154,298.179076718423,1.024706178534468,104
6995000,28080.00000388565,-516950.18273345777,301.3322519812208,1.0255840882706346,104
7000000,28100.000003889723,-516784.7148784152,298.0897054582078,1.0257176320367989,104
7005000,28120.000003893798,-517378.5603645344,302.15697635495445,1.020887641435031,104
7010000,28140.000003897872,-518473.4296746077,298.35335229672387,1.028725979361536,104
7015000,28160.000003901947,-516657.22837791033,299.81218645948127,1.0243280652480045,104
7020000,28180.00000390602,-516462.61200257484,300.32217562974506,1.026869164793999,104
7025000,28200.000003910096,-516634.5481414944,302.33816500060965,1.0234889568882843,104
7030000,28220.00000391417,-517325.35487778205,301.3373803513706,1.0270559779245592,104
7035000,28240.000003918245,-517737.1286271624,299.85213478128765,1.0259455971041902,104
7040000,28260.00000392232,-516744.4671025784,303.2876514346599,1.0281932537477942,104
7045000,28280.000003926394,-517305.51562439743,300.9684631620891,1.024990852057498,104
7050000,28300.00000393047,-516591.13888318534,298.4269171314958,1.0243784412959007,104
7055000,28320.000003934543,-519160.1488259195,301.118279910359,1.0261648703130357,104
7060000,28340.000003938618,-518135.0432218113,304.10090321555646,1.0275144152565165,104
7065000,28360.000003942692,-516816.1969959361,302.01869462425935,1.0256707619279914,104
7070000,28380.000003946767,-516921.33966381475,299.6488458840534,1.0254604320699874,104
7075000,28400.00000395084,-516333.8055926936,300.3618905446597,1.0233258018829943,104
7080000,28420.000003954916,-517364.2481841701,300.4695208492839,1.02874443373728,104
7085000,28440.00000395899,-518843.7361653445,304.3271289617704,1.0278772358871482,104
7090000,28460.000003963065,-517424.3642670638,301.21581094436897,1.023205756648285,104
7095000,28480.00000396714,-518373.7190680946,299.7933947495722,1.0283588650123723,104
7100000,28500.000003971214,-515007.78602424357,302.89183751094083,1.0234234961143516,104
7105000,28520.00000397529,-517967.5543243191,301.9537614730627,1.0281087677022032,104
7110000,28540.000003979363,-518611.7993355973,301.0727876344434,1.031442941836292,104
7115000,28560.000003983438,-517125.097181652,300.2238851123463,1.025118590781093,104
7120000,28580.000003987512,-516882.40074575157,302.4090829712607,1.0246523413625366,104
7125000,28600.000003991587,-516092.4746331645,300.8001215052092,1.0238726574649535,104
7130000,28620.00000399566,-517442.3412548427,299.8689995292327,1.0246114256190666,104
7135000,28640.000003999736,-517091.00876205275,303.2737732580489,1.0247988794269363,104
7140000,28660.00000400381,-516833.38707200857,301.8866902270872,1.032704565259971,104
7145000,28680.000004007885,-516669.6829771693,301.5815403599212,1.0301724346101904,104
7150000,28700.00000401196,-517179.32232018374,300.5438774205634,1.0262851989703565,104
7155000,28720.000004016034,-516665.0203323085,298.8531984189128,1.0210726540488464,104
7160000,28740.00000402011,-517786.56837937026,301.6845469805846,1.0314955612061758,104
7165000,28760.000004024183,-517388.6288201262,301.5664425063052,1.02512218762047,104
7170000,28780.000004028258,-517062.86504936847,301.5119164653478,1.0237406629770185,104
7175000,28800.000004032332,-518254.79059288744,301.9583508753029,1.0272216663573184,104
7180000,28820.000004036407,-516988.0241005155,299.8546572032276,1.0252162481144895,104
7185000,28840.00000404048,-515725.8818494773,301.6639669225752,1.0249318261379408,104
7190000,28860.000004044556,-516306.3863310935,303.6176466314046,1.0266053820524497,104
7195000,28880.00000404863,-517641.42344611045,303.2371925051665,1.029643445975055,104
7200000,28900.000004052705,-517570.18177736853,302.9850795506696,1.02408993256002,104
7205000,28920.00000405678,-517854.5421680843,298.2143641116552,1.0292742833741058,104
7210000,28940.000004060854,-518097.8917908319,302.38073644673545,1.0283550832344772,104
7215000,28960.00000406493,-516433.03673395026,300.8792240233696,1.0269740343385991,104
7220000,28980.000004069003,-517071.79311471176,299.26653927352584,1.0261864263267382,104
7225000,29000.000004073077,-517532.865471822,302.08536205240046,1.0240398383626967,104
7230000,29020.000004077152,-516467.6216529629,299.7683338250682,1.025072865599916,104
7235000,29040.000004081227,-516822.587142481,299.53281246208724,1.025263569764903,104
7240000,29060.0000040853,-516532.8488909162,302.313404843994,1.0213491597777393,104
7245000,29080.000004089376,-517461.31880741264,301.3976863789181,1.0257847305066983,104
7250000,29100.00000409345,-517558.16423317394,301.1028651751253,1.0221824037689455,104
7255000,29120.000004097525,-516720.3501817952,303.2246272819946,1.0249219248601549,104
7260000,29140.0000041016,-516292.420720984,302.6193521025628,1.0263295585271057,104
7265000,29160.000004105674,-518545.513406435,298.1992392336367,1.0272151169645365,104
7270000,29180.00000410975,-518534.4495086358,300.83226416206736,1.030821695090342,104
7275000,29200.000004113823,-517516.0098415159,301.3475419098587,1.0231688177317744,104
7280000,29220.000004117897,-516089.132561574,303.55737649333884,1.0253972708449206,104
7285000,29240.000004121972,-517958.9732260057,299.3545048347778,1.0280699738219383,104
7290000,29260.000004126046,-516996.9466834129,303.0863391638653,1.02749643050326,104
7295000,29280.00000413012,-516639.24912298424,303.9105541667282,1.0242290132088763,104
7300000,29300.000004134195,-516809.4800191568,302.30991147696307,1.0277982080797146,104
7305000,29320.00000413827,-518555.2173249582,300.10981411730427,1.0302090610941854,104
7310000,29340.000004142345,-517914.40747526265,299.77082814185184,1.0266394003224693,104
7315000,29360.00000414642,-518389.4754009247,299.8284396968244,1.0271542192220005,104
7320000,29380.000004150494,-516863.1739989568,299.8760104918453,1.023308322893728,104
7325000,29400.000004154568,-516513.5363233627,302.79887807562284,1.0244970990025044,104
7330000,29420.000004158643,-517124.2934624122,300.2318359673429,1.0277211986641936,104
7335000,29440.000004162717,-516773.15533272293,302.82221151014005,1.0275350458593338,104
7340000,29460.00000416679,-517582.41546131065,299.728638464447,1.0232543296745398,104
7345000,29480.000004170866,-516668.21976359934,302.0609966070471,1.0269914447920703,104
7350000,29500.00000417494,-516580.740303186,300.84150078167664,1.0246080412434964,104
7355000,29520.000004179015,-517125.58999603544,301.8594613090167,1.028438278500855,104
7360000,29540.00000418309,-517160.42542817607,299.37789371517175,1.0220731744009535,104
7365000,29560.000004187164,-517412.8338330174,300.6473668571818,1.0224576414231754,104
7370000,29580.00000419124,-518378.75482174894,300.4038822490807,1.0306775290018928,104
7375000,29600.000004195314,-517541.6545921131,301.23293879350405,1.025898008831773,104
7380000,29620.000004199388,-517377.8107767075,302.9781513031496,1.0233042302894946,104
7385000,29640.000004203463,-515799.9781243764,299.1219886812266,1.0240769239788068,104
7390000,29660.000004207537,-517577.2787183225,304.23085452631346,1.0263981357010037,104
7395000,29680.00000421161,-517643.768517907,301.0311612088825,1.026200739337537,104
7400000,29700.000004215686,-518342.0742659413,300.36425282826053,1.0234328996503226,104
7405000,29720.00000421976,-517080.670974748,303.7636097705032,1.0246715714954404,104
7410000,29740.000004223835,-517968.77682707924,299.5204540410305,1.0274280073221378,104
7415000,29760.00000422791,-518202.8666907216,302.09584213920596,1.0232100356223461,104
7420000,29780.000004231984,-517041.75654986245,302.73442138591383,1.0254487720742855,104
7425000,29800.00000423606,-516349.66981647327,301.6193626484338,1.0246369975706493,104
7430000,29820.000004240133,-518077.9624673412,302.1070071371179,1.0238169296764936,104
7435000,29840.000004244208,-518211.1576801825,300.2186949204873,1.0299055813301248,104
7440000,29860.000004248282,-516749.13895581174,300.6950962736451,1.0225399258730603,104
7445000,29880.000004252357,-515849.72659634496,302.7961676707606,1.0246155279150835,104
7450000,29900.00000425643,-518345.10953377583,303.7472723286294,1.029767797370563,104
7455000,29920.000004260506,-517329.00564903603,300.25595000467473,1.025102574211406,104
7460000,29940.00000426458,-517470.4501101277,301.612365685588,1.0261000937842413,104
7465000,29960.000004268655,-517247.8869792244,300.2254806977838,1.0275475155551568,104
7470000,29980.00000427273,-518083.46157203615,300.4008944845621,1.026858135729436,104
7475000,30000.000004276804,-516501.1878994552,300.60009974281115,1.0227653356734432,104
7480000,30020.00000428088,-516867.19091837807,300.8992268054815,1.0243717019077445,104
7485000,30040.000004284953,-517468.2284006851,300.6515539834779,1.0264132964681223,104
7490000,30060.000004289028,-518479.29714782,300.0642112277509,1.0282798951312637,104
7495000,30080.000004293102,-518030.2458548958,300.135601191199,1.0267142725823504,104
7500000,30100.000004297177,-518728.15858210856,301.7317369185239,1.0262217731189889,104
7505000,30120.00000430125,-517355.8926055173,302.5631840371775,1.0237491351837649,104
7510000,30140.000004305326,-517770.04402898834,300.76077505338213,1.025949354615748,104
7515000,30160.0000043094,-518941.5086589346,301.628849238096,1.0251264162366012,104
7520000,30180.000004313475,-516887.09445292107,299.9884914313086,1.025419623969725,104
7525000,30200.00000431755,-517466.92871419317,300.63019483682285,1.020030395042976,104
7530000,30220.000004321624,-516556.94869109406,302.65883363050125,1.0255680633466366,104
7535000,30240.0000043257,-516981.1644398491,301.5362045508026,1.027518067844995,104
7540000,30260.000004329773,-516061.94408566854,301.25949546946015,1.0216078067812835,104
7545000,30280.000004333848,-517417.72034861916,301.2745850964039,1.030794469297907,104
7550000,30300.000004337922,-516504.9249300761,301.61048762524734,1.027130641146881,104
7555000,30320.000004341997,-517445.55550662265,302.0164872854304,1.0254989540194634,104
7560000,30340.00000434607,-517199.47055397555,300.2522309980603,1.02709342392102,104
7565000,30360.000004350146,-518776.5813540777,299.6411073941784,1.0286656197221145,104
7570000,30380.00000435422,-517777.92514686263,300.5338319732495,1.027669978944667,104
7575000,30400.000004358295,-516488.13859807095,302.3567558674446,1.0263397701444594,104
7580000,30420.00000436237,-516722.2783454717,300.97282189757044,1.02059427533518,104
7585000,30440.000004366444,-517523.57948793354,302.28949580438484,1.0238820226096128,104
7590000,30460.00000437052,-517391.7745695042,299.7417436484174,1.0218355290866463,104
7595000,30480.000004374593,-517251.62339152466,298.23453422667944,1.025995569941536,104
7600000,30500.000004378668,-518845.22240306623,298.97741007209316,1.031359866318029,104
7605000,30520.000004382742,-517403.7673934407,300.7352035339349,1.0268342268856745,104
7610000,30540.000004386817,-517635.52004418103,299.6646052679124,1.0282105116819857,104
7615000,30560.00000439089,-517656.2139642248,302.8459675512332,1.0276606505790775,104
7620000,30580.000004394966,-518561.816790082,298.42661810268226,1.0267228090661116,104
7625000,30600.00000439904,-516912.2094487981,300.6207237633864,1.025266667958026,104
7630000,30620.000004403115,-517828.8196841234,300.547699560062,1.0251977395324603,104
7635000,30640.00000440719,-516636.96713074297,300.55058232172826,1.0242531567977353,104
7640000,30660.000004411264,-516751.1088762034,302.2663872210454,1.0229567891416407,104
7645000,30680.00000441534,-517093.52978758095,302.43615774311775,1.0245263419206343,104
7650000,30700.000004419413,-515246.2694952991,301.59969407873695,1.0236076884034955,104
7655000,30720.000004423488,-517477.914641537,299.2410374546087,1.0241074539674635,104
7660000,30740.000004427562,-516943.32218602905,299.0250372961537,1.0215464828995011,104
7665000,30760.000004431637,-516205.8999333882,300.06169074003566,1.0253094153438174,104
7670000,30780.00000443571,-516632.78190495307,301.97149356706007,1.0249560908233648,104
7675000,30800.000004439786,-517454.24883098505,301.36701406438544,1.025938388242254,104
7680000,30820.00000444386,-517666.29597563227,302.0728596700168,1.0323348268767758,104
7685000,30840.000004447935,-516657.73439913685,302.57998775975193,1.0261917515706032,104
7690000,30860.00000445201,-517563.2509998486,301.49104260884553,1.0246049086943465,104
7695000,30880.000004456084,-518188.48843578016,299.2537430229484,1.0278605691003295,104
7700000,30900.00000446016,-516033.1981494406,302.17700001224665,1.0259665408380092,104
7705000,30920.000004464233,-518545.4305886079,299.89120705171814,1.026175204869941,104
7710000,30940.000004468307,-516322.8926258271,302.16841281012296,1.0246464228207883,104
7715000,30960.000004472382,-518058.21467144997,303.1682413060616,1.0287244140371516,104
7720000,30980.000004476457,-517520.0113956297,300.3775726501278,1.0267118999714695,104
7725000,31000.00000448053,-516639.93680469366,300.71916813304193,1.026146129177152,104
7730000,31020.000004484606,-515950.93772263685,303.39478557795803,1.0250121190235468,104
7735000,31040.00000448868,-517421.2949595107,299.2567165873365,1.0226621554181805,104
7740000,31060.000004492755,-517327.45839542034,302.20389627898294,1.0256525569339812,104
7745000,31080.00000449683,-517948.6704675392,303.639893989218,1.0257655046270433,104
7750000,31100.000004500904,-516622.02535456256,301.1926832502665,1.0230869861174852,104
7755000,31120.00000450498,-517274.13258479256,301.01154446846004,1.0231261021217635,104
7760000,31140.000004509053,-517655.7521354931,301.29754327187686,1.026041242899773,104
7765000,31160.000004513127,-517014.26470309147,299.5985791821124,1.025502650503147,104
7770000,31180.000004517202,-517006.3049432719,300.5991937783559,1.0248138123680146,104
7775000,31200.000004521276,-516757.7023239136,299.6208929528081,1.024656079039166,104
7780000,31220.00000452535,-517257.2377564572,301.5417940424124,1.0220883671730978,104
7785000,31240.000004529425,-518117.4632552508,303.87508118711094,1.024706725964805,104
7790000,31260.0000045335,-517073.92290962767,303.9331413681122,1.025720615513506,104
7795000,31280.000004537575,-516776.6342610398,301.4748912826478,1.0255736916913123,104
7800000,31300.00000454165,-516391.61590931215,299.51321512067267,1.0229835006555605,104
7805000,31320.000004545724,-517337.17989713,300.41028485151895,1.0211075692341074,104
7810000,31340.000004549798,-516243.9209366124,298.8267676164478,1.0224895199748467,104
7815000,31360.000004553873,-516968.9816573912,300.6525780016614,1.0254750237634667,104
7820000,31380.000004557947,-517197.0994959071,300.69374862896217,1.0252883802777129,104
7825000,31400.00000456202,-517681.5007418294,302.2435198452412,1.0245131116986184,104
7830000,31420.000004566096,-516971.11456965003,300.48737093355174,1.0247378231669027,104
7835000,31440.00000457017,-516954.483727769,300.7652671010786,1.0237715195578008,104
7840000,31460.000004574245,-516372.6294767114,299.50421210999826,1.0216284038983983,104
7845000,31480.00000457832,-516364.139941877,299.3290612644075,1.021698273652654,104
7850000,31500.000004582394,-517121.8200883735,301.0326643931114,1.0212228019315195,104
7855000,31520.00000458647,-517748.5538898413,302.0158554658311,1.0259413285407535,104
7860000,31540.000004590544,-518266.75255944184,303.166720511217,1.0257635952654987,104
7865000,31560.000004594618,-517016.51620556763,301.34574173772444,1.0236969914435194,104
7870000,31580.000004598693,-517092.0063890689,301.91418453400087,1.0301362530546665,104
7875000,31600.000004602767,-516432.0942099581,301.85273269890115,1.0230685521581842,104
7880000,31620.00000460684,-517505.14538422786,302.3624150973243,1.023665300889677,104
7885000,31640.000004610916,-518372.38859878667,298.4057898328232,1.0269153573298326,104
7890000,31660.00000461499,-517327.34823280387,302.4444033428522,1.0221726380658085,104
7895000,31680.000004619065,-516753.0700158549,301.38116607077245,1.0210613844147545,104
7900000,31700.00000462314,-517893.0475746549,300.589901517588,1.0275202217216604,104
7905000,31720.000004627214,-517230.92824752606,302.7832372337104,1.0245094573113551,104
7910000,31740.00000463129,-517248.9838014301,300.828253674961,1.0269025226645005,104
7915000,31760.000004635363,-516979.00688923895,301.7997972430698,1.02590702465437,104
7920000,31780.000004639438,-517486.161022085,302.0107283645977,1.022951456485262,104
7925000,31800.000004643513,-516463.7328090973,299.76647460662167,1.0242622796154872,104
7930000,31820.000004647587,-515223.6726019487,301.1067664096335,1.0239077949372588,104
7935000,31840.00000465166,-517357.15245627356,302.2356885029554,1.0295420322377662,104
7940000,31860.000004655736,-518112.0735790096,300.7733357682665,1.0253818555004788,104
7945000,31880.00000465981,-517498.4046454653,300.95562650349046,1.0256759108793194,104
7950000,31900.000004663885,-516502.89879776235,300.52990903788276,1.0273291020301705,104
7955000,31920.00000466796,-518150.9138985097,301.12621836546566,1.024778831916589,104
7960000,31940.000004672034,-516953.9657283046,299.01886275101765,1.024232574723516,104
7965000,31960.00000467611,-517246.251333514,300.8870039542009,1.027164971503308,104
7970000,31980.000004680183,-517759.2832019641,300.58521701514724,1.0284297431066374,104
7975000,32000.000004684258,-516196.6632327754,300.0870681811933,1.0227269288064282,104
7980000,32020.000004688332,-518248.1649230316,299.9029238085933,1.0250046252646352,104
7985000,32040.000004692407,-517765.89256307995,300.7498246799073,1.028930879127359,104
7990000,32060.00000469648,-517523.5185023553,301.0136478145018,1.0247295974687058,104
7995000,32080.000004700556,-517080.11405596277,298.77610366368253,1.0216708670791173,104
8000000,32100.00000470463,-517404.8167245113,303.9749124081091,1.02146937820426,104
8005000,32120.000004708705,-518243.0638271398,302.7389074351656,1.0335953018631137,104
8010000,32140.00000471278,-517094.6250000354,301.3924089570754,1.0252372629950113,104
8015000,32160.000004716854,-516794.39233300113,303.8477314775486,1.0234584923573866,104
8020000,32180.00000472093,-517899.23515135143,299.198246906418,1.0215319954217208,104
8025000,32200.000004725003,-517607.5832995798,301.86816511253414,1.0281118487162255,104
8030000,32220.000004729078,-517270.59925658954,298.838045819702,1.0283389026118772,104
8035000,32240.000004733152,-518375.9223583541,300.96098688715256,1.0262651479260447,104
8040000,32260.000004737227,-517304.10377877485,300.47598696545833,1.0270349962176566,104
8045000,32280.0000047413,-517609.0337099724,301.6956562014242,1.0284663616419514,104
8050000,32300.000004745376,-516733.305846873,303.9020321172655,1.0275447948363863,104
8055000,32320.00000474945,-518062.1465047519,298.47099902211386,1.0233442064108424,104
8060000,32340.000004753525,-517933.22293447074,299.83297000833505,1.023622971845465,104
8005000,32120.000004708705,-518442.43423997215,298.74179554343766,1.0276845944124964,--
8010000,32140.00000471278,-518177.9783044532,299.25196956667816,1.0234177328725815,105
8015000,32160.000004716854,-516317.90883945907,299.6418306165614,1.0209104405697942,105
8020000,32180.00000472093,-516510.02298629074,300.3892153845041,1.0268908179399654,104
8025000,32200.000004725003,-517012.22729023173,299.460381642307,1.027695155030467,104
8030000,32220.000004729078,-516535.908845881,300.55145357164093,1.0251042584496268,104
8035000,32240.000004733152,-517542.9084284289,302.0684204651362,1.0222723089740349,104
8040000,32260.000004737227,-516578.92077038274,300.0154232290391,1.027694218078947,104
8045000,32280.0000047413,-518159.33690656745,300.48247260190425,1.0288433578745741,104
8050000,32300.000004745376,-518720.4636583652,301.99580170640513,1.0237753623246486,104
8055000,32320.00000474945,-518138.34040540876,302.4185672379551,1.0306658801223219,104
8060000,32340.000004753525,-516871.56334835035,298.91882079757096,1.0301956555449912,104
8065000,32360.0000047576,-515683.07722231676,301.05878069398796,1.0217165079541608,104
8070000,32380.000004761674,-516474.36747078784,305.0390287883883,1.0261167128917417,104
8075000,32400.00000476575,-517642.26802941924,301.03019395138546,1.026132480197268,104
8080000,32420.000004769823,-518789.83730120235,303.160804238016,1.0279790718688424,104
8085000,32440.000004773898,-516491.3382283384,303.79213130566933,1.0276247490359276,104
8090000,32460.000004777972,-518593.1835691042,302.1212676804153,1.0258620790139248,104
8095000,32480.000004782047,-519215.5581127277,297.34612114087537,1.0285491223591081,104
8100000,32500.00000478612,-518025.9920149988,298.3742866402155,1.025677958087048,104
8105000,32520.000004790196,-517545.40324236057,298.9525424276002,1.021660729641597,104
8110000,32540.00000479427,-517430.0952858976,301.3849147823241,1.0265348583959308,104
8115000,32560.000004798345,-517436.3676827422,300.15937121992846,1.0289952510353748,104
8120000,32580.00000480242,-517791.0133156171,302.4557685368024,1.023681168183039,104
8125000,32600.000004806494,-517558.5301263174,300.6145017993403,1.027376410573612,104
8130000,32620.00000481057,-517345.90648183064,303.8844294069638,1.0285810962915294,104
8135000,32640.000004814643,-517744.94671604596,300.1648168599172,1.0262559585901299,104
8140000,32660.000004818718,-515905.07179704076,301.70500708381206,1.0203915880413772,104
8145000,32680.000004822792,-517496.6297932344,300.7476236357675,1.027559144122612,104
8150000,32700.000004826867,-517696.91374959913,301.0618325617346,1.0263137196035315,104
8155000,32720.00000483094,-517765.23021173803,301.72645172312633,1.0270735277928245,104
8160000,32740.000004835016,-516759.20339138014,303.1564719526282,1.0288965664326775,104
8165000,32760.00000483909,-518564.4450717843,298.60204535895707,1.0255977126134141,104
8170000,32780.00000484316,-515818.11848606216,300.1767613415871,1.0250802033034905,104
8175000,32800.000004847236,-516998.52371939225,303.5734975795954,1.0247480504813198,104
8180000,32820.00000485131,-516987.10441546934,298.6338474365421,1.0267906733935848,104
8185000,32840.000004855385,-517502.85254519247,297.77494978883306,1.0265034347937632,104
8190000,32860.00000485946,-518467.12159604696,302.090933648422,1.025194446428692,104
8195000,32880.000004863534,-516019.9512774134,297.87385978600014,1.024713614801325,104
8200000,32900.00000486761,-516982.98852358153,300.50834545334317,1.0230709724712768,104
8205000,32920.00000487168,-517350.9551008318,300.1203493267369,1.0289891681733347,104
8210000,32940.00000487576,-516424.4412203361,302.2934184669462,1.0245644918333705,104
8215000,32960.00000487983,-517553.0062264409,302.32527020656437,1.024218457187605,104
8220000,32980.00000488391,-516790.552057798,301.75244193989573,1.0236684162164145,104
8225000,33000.00000488798,-517821.05967678153,301.24466542343515,1.025243342192696,104
8230000,33020.000004892056,-516165.9862925976,301.8590346778934,1.0255477789453245,104
8235000,33040.00000489613,-516940.80687854765,303.71016327632026,1.0316137109929706,104
8240000,33060.000004900205,-517669.34635564266,302.46632573625504,1.0261175772173596,104
8245000,33080.00000490428,-516965.01766959834,301.2676897446858,1.0257445892582209,104
8250000,33100.000004908354,-518159.655758722,301.1445607212656,1.0286465574739037,104
8255000,33120.00000491243,-516770.3754949251,302.16703757861484,1.0263145883611493,104
8260000,33140.0000049165,-516260.87590844184,300.00824134221625,1.0229918361322101,104
8265000,33160.00000492058,-517014.419030105,302.45350693296484,1.0277234487775022,104
8270000,33180.00000492465,-517517.1502481899,301.31272761436986,1.0249866137348969,104
8275000,33200.00000492873,-518422.28521674266,300.42763151135284,1.0286879945142073,104
8280000,33220.0000049328,-517415.44462317345,303.04029345847164,1.0251923650090682,104
8285000,33240.000004936875,-516959.2188393427,300.86773057159996,1.0255265600130603,104
8290000,33260.00000494095,-517427.9867080669,301.88714319924134,1.0286116584041998,104
8295000,33280.000004945025,-517204.02103390335,301.1372192317556,1.026697252216227,104
8300000,33300.0000049491,-518303.18332064664,301.73667959282596,1.0283242634697192,104
8305000,33320.00000495317,-517367.1920166195,304.468308023277,1.0265475874642962,104
8310000,33340.00000495725,-516122.5721403947,302.8350280640065,1.0247854383464052,104
8315000,33360.00000496132,-516736.2299588218,302.36436633277026,1.0268675678581827,104
8320000,33380.0000049654,-518316.145936755,301.1564432257784,1.0245901141711005,104
8325000,33400.00000496947,-517586.4922459102,298.1195030989595,1.0274838739850767,104
8330000,33420.000004973546,-516973.6256838159,302.0114782987947,1.0195886932798106,104
8335000,33440.00000497762,-517616.3474784496,300.68633679134757,1.0262966910381413,104
8340000,33460.000004981695,-517119.7132928085,302.7354068836246,1.0288232488841105,104
8345000,33480.00000498577,-518435.4126968966,299.4605438988414,1.023592185290541,104
8350000,33500.000004989844,-516988.78580708406,300.5374509647666,1.024996074595631,104
8355000,33520.00000499392,-518079.22331993724,299.318998812101,1.0241227060552627,104
8360000,33540.00000499799,-517284.34843657515,300.42932343324827,1.0313445148733713,104
8365000,33560.00000500207,-518411.5342111883,300.51661396830633,1.0310753097110876,104
8370000,33580.00000500614,-517134.09583857935,303.10368936901,1.026330200203625,104
8375000,33600.00000501022,-517712.8570604073,300.44596251946507,1.0281985063428596,104
8380000,33620.00000501429,-517028.1394014233,299.76722153393126,1.0260858274008564,104
8385000,33640.000005018366,-517327.909099523,303.45179351194446,1.0269603102963674,104
8390000,33660.00000502244,-517234.7630098774,298.38781013063567,1.025848332843475,104
8395000,33680.000005026515,-517324.02091737604,301.72045843715006,1.0263086341444356,104
8400000,33700.00000503059,-516666.61268516374,301.87511674840766,1.026793706768894,104
8405000,33720.000005034664,-516466.6993146632,300.8202664223884,1.0228646743530256,104
8410000,33740.00000503874,-518017.1439020296,302.6218206490447,1.0270900837680266,104
8415000,33760.00000504281,-517202.34447908704,301.4514446482781,1.026597468334357,104
8420000,33780.00000504689,-517532.93203440355,302.0890798571406,1.0252256491745757,104
8425000,33800.00000505096,-517781.9224482253,297.62538817794496,1.0226065557558008,105
8430000,33820.00000505504,-517193.89326596865,300.861168536978,1.0289543088333453,105
8435000,33840.00000505911,-517448.4032490819,302.6253035382742,1.0241254313018524,105
8440000,33860.000005063186,-517115.89357393025,302.06604966900164,1.0257418568683767,105
8445000,33880.00000506726,-516820.121443372,299.937571989599,1.0240300134892066,105
8450000,33900.000005071335,-518555.8347566393,304.5167921116673,1.0253953454380007,105
8455000,33920.00000507541,-516203.95605270145,301.1827071650426,1.0239754707109818,105
8460000,33940.000005079484,-517182.77453521267,299.3624398728873,1.0248596512142047,105
8465000,33960.00000508356,-516531.21641272795,302.0459808892245,1.0263413948871738,105
8470000,33980.00000508763,-517695.1951469467,299.0765757341964,1.0272941150078694,105
8475000,34000.00000509171,-517863.15138115827,299.77120275305316,1.0241919953405096,105
8480000,34020.00000509578,-517479.52294486295,298.91569658783595,1.0235353271655685,105
8485000,34040.00000509986,-517822.39256934077,300.68099541896333,1.0268116773662337,105
8490000,34060.00000510393,-518969.70985510084,301.93409169725834,1.0298234672018196,105
8495000,34080.000005108006,-517041.8678218017,301.3357104783969,1.0303117246351425,105
8500000,34100.00000511208,-516730.019709656,301.42387376572697,1.0300377280343616,105
8505000,34120.000005116155,-517794.42613907857,301.56855151354233,1.0281448010795695,105
8510000,34140.00000512023,-515456.22354806936,302.84373226494426,1.0269238528797098,105
8515000,34160.000005124304,-516983.395371289,301.5576932182131,1.0238206504546001,105
8520000,34180.00000512838,-516973.3342988163,301.2078186157453,1.0287390751135448,105
8525000,34200.00000513245,-517848.79031548044,301.3539476639851,1.0238972212504458,105
8530000,34220.00000513653,-516459.7895657988,301.8487412377328,1.0263042300465337,105
8535000,34240.0000051406,-518503.480549393,298.0543139344667,1.0287042864165001,105
8540000,34260.00000514468,-516904.52787046204,302.1442858924011,1.0272303682003265,105
8545000,34280.00000514875,-517423.86767367576,301.28440483966,1.0236916795581874,105
8550000,34300.000005152826,-518677.8526924299,300.4331794018904,1.025255046947558,105
8555000,34320.0000051569,-517830.83110955823,302.6252335951146,1.0283832910059867,105
8560000,34340.000005160975,-517911.595534428,299.15485057250714,1.0279460251570456,105
8565000,34360.00000516505,-516906.3184209482,297.6700882246063,1.0281975186675658,105
8570000,34380.000005169124,-516776.22153907944,301.46135688821636,1.0278241591502242,105
8575000,34400.0000051732,-516806.81871156907,301.6735833962504,1.0237523078175315,105
8580000,34420.00000517727,-517488.40400710097,302.2881148239278,1.024407892542206,105
8585000,34440.00000518135,-517222.9898277584,303.55070480974746,1.0262557184891525,105
8590000,34460.00000518542,-517634.39464689256,300.3236882471778,1.025175839750942,105
8595000,34480.0000051895,-517206.78241580655,300.55330499893086,1.0316817659700648,105
8600000,34500.00000519357,-518425.4141526099,299.2922883406157,1.0252951334193605,105
8605000,34520.000005197646,-517755.8191837431,301.4665895117443,1.0296349476184234,105
8610000,34540.00000520172,-516988.2637149701,300.244660778267,1.0236189775761935,105
8615000,34560.000005205795,-517686.8212257277,300.69475039818747,1.0279000003343388,105
8620000,34580.00000520987,-517738.44700061413,302.5923893301606,1.0288942839394164,105
8625000,34600.000005213944,-517365.5760341177,300.48677400236875,1.0253245650954181,105
8630000,34620.00000521802,-518331.72156627895,302.46611031104555,1.0297027990276866,105
8635000,34640.00000522209,-517126.5325862989,301.42262565123906,1.02662960199623,105
8640000,34660.00000522617,-517785.5999629947,301.82113482626715,1.0274230163350442,105
8645000,34680.00000523024,-518059.02493092185,300.00816673454335,1.025215757337796,105
8650000,34700.00000523432,-517486.9222246178,304.6420809011081,1.0254234988559612,105
8655000,34720.00000523839,-516553.617301397,299.16140192570896,1.024036046092919,105
8660000,34740.000005242466,-516540.0003854083,299.4852427106403,1.025986707487659,105
8665000,34760.00000524654,-516419.32409510436,301.63230878244957,1.0260274445542428,105
8670000,34780.000005250615,-517409.77378151426,302.89070742321127,1.024457540116729,105
8675000,34800.00000525469,-518012.47938903,300.6471246918469,1.0271262785382298,105
8680000,34820.000005258764,-518999.6252846522,301.44103627523924,1.0282555335411203,105
8685000,34840.00000526284,-517941.5258024768,303.59926458629445,1.0258651432706525,105
8690000,34860.00000526691,-516914.0778337363,300.05828480731805,1.0273811016931513,105
8695000,34880.00000527099,-518433.97346913116,302.837483189879,1.0312080158519168,105
8700000,34900.00000527506,-517282.3167890543,301.3782098712552,1.0268518503886797,105
8705000,34920.00000527914,-518299.7760486407,296.94998750656947,1.0270878944882234,105
8710000,34940.00000528321,-517912.2001694762,299.7757852726983,1.0277645967781586,105
8715000,34960.000005287286,-518418.5261129262,300.7062287862714,1.0295504040565635,105
8720000,34980.00000529136,-517581.5373093216,301.8487469072822,1.0281218726920058,105
8725000,35000.000005295435,-516397.2983164899,303.39391353586404,1.0284895647628618,105
8730000,35020.00000529951,-517116.15803017374,303.44088433105884,1.027666506382772,105
8735000,35040.000005303584,-517247.6165600079,301.6967722203531,1.022196194490572,105
8740000,35060.00000530766,-517287.5498159183,298.0343252006999,1.0267484398194247,105
8745000,35080.00000531173,-517133.96553248377,302.8480315953553,1.0207897432863322,105
8750000,35100.00000531581,-518472.4678714005,301.5224120186894,1.0280515186136354,105
8755000,35120.00000531988,-516402.70559499133,301.32394069716327,1.0218561308270258,105
8760000,35140.00000532396,-517634.45604114677,300.5216999052443,1.0294841308914209,105
8765000,35160.00000532803,-517349.41821324104,302.0913355642688,1.0241443920152868,105
8770000,35180.000005332106,-517886.09209275246,298.873298998235,1.0289995240029586,105
8775000,35200.00000533618,-516559.77936766646,299.19133831688333,1.024825312509774,105
8780000,35220.000005340255,-517540.5303682047,299.8525880181658,1.0240397848097167,105
8785000,35240.00000534433,-518202.55866558524,301.2465913607989,1.0276851589593299,105
8790000,35260.000005348404,-517947.62270044675,300.3577351395799,1.0266490890700402,105
8795000,35280.00000535248,-517372.1729186969,300.928756716195,1.0279027391747961,105
8800000,35300.00000535655,-518242.1566902199,299.77292198820203,1.0298384899487802,105
8805000,35320.00000536063,-518095.23535721865,303.19427607307784,1.0273506379513493,105
8810000,35340.0000053647,-518519.5607545206,299.17925282447766,1.0259553697167212,105
8815000,35360.000005368776,-517216.767080114,300.49093103618816,1.025422319281971,105
8820000,35380.00000537285,-517691.08800568525,302.3747570209214,1.0276869366773886,105
8825000,35400.000005376925,-516884.33812107006,298.55658488779125,1.0248755766223643,105
8830000,35420.000005381,-518543.0772449672,303.88124856651365,1.0263802238177513,105
8835000,35440.000005385074,-516621.2485878477,304.53216818343816,1.0257354513113561,105
8840000,35460.00000538915,-518774.8537201707,302.0534217421704,1.0276426608026623,105
8845000,35480.00000539322,-517440.31008665427,300.4752340395513,1.0295025591570373,105
8850000,35500.0000053973,-516322.5982529372,302.13230294041574,1.0280361064048054,105
8855000,35520.00000540137,-517527.5123840573,299.4550283514193,1.0240337550902112,105
8860000,35540.00000540545,-517560.1792671813,305.0612859078085,1.0267278017544346,105
8865000,35560.00000540952,-518610.32403325127,300.8973744950995,1.0260050894487982,105
8870000,35580.000005413596,-518586.56626754324,297.3577081635959,1.024813471336005,105
8875000,35600.00000541767,-516558.7294268203,302.528626262864,1.027040683033499,105
8880000,35620.000005421745,-518027.985474051,303.9263898425021,1.028533036889079,105
8885000,35640.00000542582,-517917.7470729903,303.2040473612894,1.0281364306785117,105
8890000,35660.000005429894,-517312.04266649624,301.76187125359525,1.0229577076259866,105
8895000,35680.00000543397,-517559.72136107576,300.74811502902327,1.028702927125231,105
8900000,35700.00000543804,-517766.42826348264,300.0536119721813,1.0258554288780557,105
8905000,35720.00000544212,-517268.22336259275,300.2894251025289,1.0271074745960789,105
8910000,35740.00000544619,-516566.59356844286,302.99475176612356,1.0226257007285995,105
8915000,35760.00000545027,-515996.1605592249,299.9604466386916,1.0247081846972115,105
8920000,35780.00000545434,-515853.4065303593,301.16674318603737,1.0246778685974423,105
8925000,35800.000005458416,-518105.95617304905,300.9085305385793,1.0250511611521405,105
8930000,35820.00000546249,-516914.8565339607,298.8404362384963,1.0269886526878274,105
8935000,35840.000005466565,-517645.05595308286,301.84052068416946,1.026636795791377,105
8940000,35860.00000547064,-516966.9382492574,302.84865965713067,1.0235818659451155,105
8945000,35880.000005474714,-517226.10673710355,299.636438497939,1.0212913860385775,105
8950000,35900.00000547879,-518476.3835485552,300.02044274792746,1.0281353759152365,105
8955000,35920.00000548286,-518691.05788452155,299.16187358072716,1.0309215638099547,105
8960000,35940.00000548694,-517684.591628795,298.7045917253945,1.0264696176456125,105
8965000,35960.00000549101,-517480.4936498734,300.4452335000272,1.0274532807538679,105
8970000,35980.00000549509,-517819.9889583059,300.8523005184698,1.028017761704152,105
8975000,36000.00000549916,-517434.39458376355,300.7388754066672,1.0291526762551353,105
8980000,36020.000005503236,-518008.73547744355,299.2399385698475,1.0299906223346176,105
8985000,36040.00000550731,-518455.3854005113,301.477536457218,1.0316832500073514,105
8990000,36060.000005511385,-518151.22435556166,299.431466777218,1.0276839639709416,105
8995000,36080.00000551546,-516387.3738428708,299.83905603931584,1.0261808687555556,105
9000000,36100.000005519534,-516078.34729011194,302.1947733978981,1.025882115613057,105
9005000,36120.00000552361,-516173.21342561813,302.5833648026937,1.023793009186406,105
9010000,36140.00000552768,-517779.92215169617,299.88976371655,1.028685161405885,105
9015000,36160.00000553176,-516854.87639475684,300.31075091318075,1.0278717502175814,105
9020000,36180.00000553583,-516197.03471626784,300.03181734226035,1.0244278253738675,105
9025000,36200.00000553991,-517922.4660237406,301.694729211835,1.0292447519988182,105
9030000,36220.00000554398,-517007.81324924435,303.06230014678073,1.0255563152265916,105
9035000,36240.000005548056,-517663.4958812699,302.7096896987742,1.0276103295045258,106
9040000,36260.00000555213,-517997.2135700972,300.14272672531285,1.0252222716611095,106
9045000,36280.000005556205,-517853.7398808496,302.9741175983206,1.0293354790027678,106
9050000,36300.00000556028,-517923.85932381265,298.0176595477823,1.0271571011123064,106
9055000,36320.000005564354,-517278.72042300506,301.634278005904,1.024341427794175,106
9060000,36340.00000556843,-517384.86768130097,299.3066611614292,1.0244531707045936,106
9065000,36360.0000055725,-517001.6648089853,300.0638598147411,1.024720198893266,106
9070000,36380.00000557658,-516325.28971318295,301.5888736292482,1.0238086467915528,106
9075000,36400.00000558065,-518032.50921590393,300.4262321037276,1.028128864141901,106
9080000,36420.00000558473,-519618.18093811255,298.74273169825955,1.026018398008441,106
9085000,36440.0000055888,-517403.3790470958,302.4500277040027,1.0254291713551904,106
9090000,36460.000005592876,-517032.866084161,301.6779978555549,1.022285879547304,106
9095000,36480.00000559695,-518293.0524912772,302.9482144711854,1.0275681040680182,106
9100000,36500.000005601025,-517650.49652524083,300.17518639516135,1.0229749754118538,106
9105000,36520.0000056051,-517845.5092945087,300.674605607553,1.0259840960031652,106
9110000,36540.000005609174,-517290.7057133231,302.19377421291193,1.0257864834961647,106
9115000,36560.00000561325,-517663.4023769833,299.3335020598859,1.0255541689895253,106
9120000,36580.00000561732,-517268.096572984,300.99064069680156,1.0263252499875197,106
9125000,36600.0000056214,-517907.80832493585,301.04277023118726,1.0256802733452846,106
9130000,36620.00000562547,-517568.2743889976,302.63408058247245,1.0272140593989303,106
9135000,36640.00000562955,-518761.1163171057,300.5120866525108,1.0352163855158172,106
9140000,36660.00000563362,-518129.8073454746,298.36413775019986,1.022485174894763,106
9145000,36680.000005637696,-517100.7468446372,300.69753719064505,1.023852460891167,106
9150000,36700.00000564177,-516173.4662161337,300.57799639143127,1.0287701837883165,106
9155000,36720.000005645845,-518766.7804617882,301.97824075081644,1.0280650232670603,106
9160000,36740.00000564992,-518051.38793423073,300.3846756242657,1.0234829543328858,106
9165000,36760.000005653994,-517735.5281373281,301.13789663134816,1.024084991046903,106
9170000,36780.00000565807,-517913.1349803102,299.71611092041576,1.0284213214328837,106
9175000,36800.00000566214,-518579.5047783111,302.02303528766527,1.0270351604475678,106
9180000,36820.00000566622,-517895.23274405487,300.2129828003476,1.0270878654576798,106
9185000,36840.00000567029,-517972.49289029744,302.14369501724946,1.0307792045201678,106
9190000,36860.00000567437,-517714.42329499475,299.1724734022883,1.0263223738703227,106
9195000,36880.00000567844,-517156.12295965455,300.1189560481455,1.0228260558726197,106
9200000,36900.000005682516,-517009.9526198143,301.59265848085835,1.026954336455122,106
9205000,36920.00000568659,-518087.752872108,298.710131759305,1.0268640464631236,106
9210000,36940.000005690665,-517147.5919165611,300.124284998191,1.0239395320284155,106
9215000,36960.00000569474,-517536.05239919317,302.22558117462444,1.0271119797840094,106
9220000,36980.000005698814,-517796.401822787,301.58624237848977,1.027190581182369,106
9225000,37000.00000570289,-517940.00193276466,302.7096043222954,1.0257619919560252,106
9230000,37020.00000570696,-517933.28289797227,299.2874586155022,1.0267500679528128,106
9235000,37040.00000571104,-516324.86489089974,302.6388583679869,1.0231804193012586,106
9240000,37060.00000571511,-517492.7216790961,300.63024977829593,1.0254271529963077,106
9245000,37080.00000571919,-516023.5673637772,302.5709932463804,1.0241245370961862,106
9250000,37100.00000572326,-517165.0013439413,300.9366957399048,1.026628454382517,106
9255000,37120.000005727336,-517167.5986646451,300.7804543349299,1.026747750695533,106
9260000,37140.00000573141,-518919.05888884165,301.18869417296327,1.0284181642202308,106
9265000,37160.000005735485,-517507.35352198314,300.0543781200359,1.0255132988236173,106
9270000,37180.00000573956,-517444.6772397689,302.44044106968965,1.0276601669404977,106
9275000,37200.000005743634,-515803.14770131186,302.39217507849605,1.0241722872714463,106
9280000,37220.00000574771,-517054.5549684544,298.56014250065135,1.0217512131604538,106
9285000,37240.00000575178,-516220.9544920905,299.16371720084373,1.0233014371261655,106
9290000,37260.00000575586,-518271.7486575742,303.23681211966897,1.0263339141594705,106
9295000,37280.00000575993,-517807.1984907421,300.4234861832608,1.0240429322869338,106
9300000,37300.000005764006,-516119.18029994424,301.2913515578035,1.0262721292184716,106
9305000,37320.00000576808,-518354.3134491069,300.39841725665326,1.0248453590994635,106
9310000,37340.000005772155,-517095.88890809775,297.18198645456874,1.0280205349515121,106
9315000,37360.00000577623,-517372.9568381517,299.5686571052531,1.027205110182734,106
9320000,37380.000005780304,-517187.4214238704,302.94455545449716,1.0224786899534473,106
9325000,37400.00000578438,-516942.5324563456,299.8978247129471,1.02748024555544,106
9330000,37420.00000578845,-516691.14985470334,300.70415897945486,1.0277990842051528,106
9335000,37440.00000579253,-516790.4459649117,302.4879487629265,1.0248720773701916,106
9340000,37460.0000057966,-517762.7872704398,300.7165456212908,1.024560264806937,106
9345000,37480.00000580068,-516710.35715838894,300.0764418505356,1.0231591126748876,106
9350000,37500.00000580475,-517147.11340911617,302.18992659007176,1.0246491665858173,106
9355000,37520.000005808826,-517110.3091701071,299.42919893618847,1.0235321335080825,106
9360000,37540.0000058129,-518278.19570312067,300.3603531499775,1.0225087394635208,106
9365000,37560.000005816975,-516468.03645816096,300.9592836933885,1.024236849269804,106
9370000,37580.00000582105,-516403.92052806774,298.93635115572994,1.0250475771646588,106
9375000,37600.000005825124,-515687.268501766,299.2593499561855,1.022616168594864,106
9380000,37620.0000058292,-518300.09092800063,299.60285596005184,1.0275396459024617,106
9385000,37640.00000583327,-518731.54725340893,300.2302569310666,1.0255369475934712,106
9390000,37660.00000583735,-517674.48293928476,301.66709280570416,1.0315158067753425,106
9395000,37680.00000584142,-516776.1135929285,301.3900799983592,1.023613526020591,106
9400000,37700.0000058455,-516934.5174599881,302.8321470315989,1.022354221833207,106
9405000,37720.00000584957,-516134.3816194944,302.94940814415025,1.0211159557797642,106
9410000,37740.000005853646,-516826.1082716114,303.25388995329195,1.0282548812937775,106
9415000,37760.00000585772,-516477.80151210027,299.2049566805243,1.029056904134158,106
9420000,37780.000005861795,-517561.3629452598,301.78905998735786,1.0254302120107286,106
9425000,37800.00000586587,-517454.3026086595,301.6769915249981,1.0308345164139114,106
9430000,37820.000005869944,-517807.5906647034,300.055809227636,1.0253422781985846,106
9435000,37840.00000587402,-516274.344391773,301.6583208552499,1.0244547956245114,106
9440000,37860.00000587809,-517374.6479236076,301.3589290503393,1.0279024290288743,106
9445000,37880.00000588217,-517501.0071058681,300.29026729606835,1.0261173519393076,106
9450000,37900.00000588624,-517031.9604717237,300.8607587471671,1.021718595147144,106
9455000,37920.00000589032,-518419.57526322035,303.2854172921182,1.0240076514478782,106
9460000,37940.00000589439,-517784.6068340624,301.77224571370687,1.0228998539773737,106
9465000,37960.000005898466,-517311.2424361685,301.1830967907502,1.026828203850082,106
9470000,37980.00000590254,-517042.0493516838,301.08484070912283,1.0243046999130596,106
9475000,38000.000005906615,-518038.501819805,298.48620288778335,1.0239053139445669,106
9480000,38020.00000591069,-517963.1685214846,300.8981326169957,1.0274258974037054,106
9485000,38040.000005914764,-518018.5199780769,297.20438532355666,1.0244393706150463,106
9490000,38060.00000591884,-517161.90213584504,298.18997951231285,1.0248729704191482,106
9495000,38080.00000592291,-517568.20139157167,300.18634929576507,1.0265136364080722,106
9500000,38100.00000592699,-518061.66155194957,300.5156653094259,1.0295153132394328,106
9505000,38120.00000593106,-518826.90186779783,302.51178147302727,1.0291644788733871,106
9510000,38140.00000593514,-516078.5601599589,301.14955085948134,1.0223221438909638,106
9515000,38160.00000593921,-517468.95717308833,303.616288844269,1.0293699199164112,106
9520000,38180.000005943286,-517034.47092365054,300.05222017029706,1.0265247777340991,106
9525000,38200.00000594736,-516174.15918492083,302.4636136530664,1.0232772554063192,106
9530000,38220.000005951435,-518152.626613325,300.5642049097096,1.0279814188133078,106
9535000,38240.00000595551,-517256.2337509878,302.04578622054885,1.0251108160302378,106
9540000,38260.000005959584,-516656.21424838575,299.90345838331945,1.0255255780221566,106
9545000,38280.00000596366,-518897.75374290557,301.4587703064497,1.0281620137241843,106
9550000,38300.00000596773,-516704.5925262887,301.2111342302807,1.023534405609683,106
9555000,38320.00000597181,-517324.1909456984,298.3163016062786,1.0218794720526148,106
9560000,38340.00000597588,-517600.0315055973,298.15874760161245,1.025295838286422,106
9565000,38360.00000597996,-518487.02981615975,302.55405703263983,1.0263332767451432,106
9570000,38380.00000598403,-516651.82774638943,302.59977411650095,1.0273771069111894,106
9575000,38400.000005988106,-517508.82620912464,299.08686957701116,1.031528418507425,106
9580000,38420.00000599218,-517719.2366952142,299.4441924369145,1.0269358192518772,106
9585000,38440.000005996255,-517701.591834642,300.8379574094774,1.025822768308862,106
9590000,38460.00000600033,-518005.23101206124,300.26027521575264,1.027155863094176,106
9595000,38480.000006004404,-517591.068684343,301.7549491101043,1.0322405893642732,106
9600000,38500.00000600848,-516938.00055496837,301.42472582755573,1.0272369476493761,106
9605000,38520.00000601255,-516925.44211966055,302.3199589081164,1.0275841794089657,106
9610000,38540.00000601663,-517376.3372918905,301.3052138418759,1.0263558760935805,106
9615000,38560.0000060207,-518597.18170023314,299.5535663649878,1.0287975220901102,106
9620000,38580.00000602478,-516413.3414865481,302.20004156387165,1.0291967115822351,106
9625000,38600.00000602885,-517012.39185976516,300.59522895606756,1.0232462329950034,106
9630000,38620.000006032926,-516871.54658464855,300.598811160318,1.0247003211362047,106
9635000,38640.000006037,-517988.60360753257,300.43247732913653,1.023590392357113,106
9640000,38660.000006041075,-517939.7720312944,300.35300483902535,1.0242997308205655,106
9645000,38680.00000604515,-516058.7919015235,299.94293047726995,1.028322971867313,106
9650000,38700.000006049224,-517767.66461291537,300.24292280363557,1.0274770579133607,106
9630000,38620.000006032926,-516529.6420738448,299.07917603640146,1.025843332463983,--
9635000,38640.000006037,-518220.0296826684,304.13119610380875,1.0236845481372248,104
9640000,38660.000006041075,-517527.2809299575,300.4596259360105,1.0293429378755412,103
9645000,38680.00000604515,-517430.25869516796,300.7405837442707,1.0268424642355867,103
9650000,38700.000006049224,-517893.74688043003,300.5394622778631,1.0232416895571828,103
9655000,38720.0000060533,-517574.36386572104,298.1657555035012,1.024806710214247,103
9660000,38740.00000605737,-518728.56814504624,302.00842793886454,1.0250766062848975,103
9665000,38760.00000606145,-517609.306325495,302.21465258719456,1.0229415070445647,103
9670000,38780.00000606552,-517522.3419943892,302.69955590382887,1.023458888634417,103
9675000,38800.0000060696,-517842.01974145626,300.7801980240544,1.0256732365307462,103
9680000,38820.00000607367,-516238.68316749856,301.44294596103384,1.0233640283195524,103
9685000,38840.000006077746,-517900.60468514194,299.8979176398026,1.0278339304885145,102
9690000,38860.00000608182,-517537.1722205626,301.05001415480746,1.0270658406442528,102
9695000,38880.000006085895,-517855.89144439064,299.19108955427293,1.0251121315349674,102
9700000,38900.00000608997,-516311.2875717161,297.8545116272057,1.027982597801901,102
9705000,38920.000006094044,-517668.3188906498,299.0686771288706,1.0269144906516816,102
9710000,38940.00000609812,-518323.186967965,299.2614557208097,1.0229507885625002,102
9715000,38960.00000610219,-515681.15528446715,300.7756149114008,1.0238567674012127,102
9720000,38980.00000610627,-516971.3427474925,299.0641585810397,1.0259186075628204,102
9725000,39000.00000611034,-516131.37055118615,302.4809787155355,1.0279933734027207,102
9730000,39020.00000611442,-518633.70767173264,299.7191656279179,1.029009571528387,102
9735000,39040.00000611849,-518188.00808173674,300.71679439635403,1.0255265861507699,102
9740000,39060.000006122566,-517540.8373135892,300.30866660107523,1.0238151457838993,102
9745000,39080.00000612664,-517045.87348665646,298.73130277923303,1.0232441053624635,102
9750000,39100.000006130715,-517504.86741837766,302.4218009798904,1.0262748868987124,102
9755000,39120.00000613479,-518009.8975832425,303.72158436809053,1.0291736679302734,102
9760000,39140.000006138864,-517374.21129377326,300.4136582922894,1.0266099706148972,102
9765000,39160.00000614294,-517690.8406288135,301.8383176995619,1.0279126549925808,102
9770000,39180.00000614701,-517946.70947069745,300.57484950803257,1.023848416995175,102
9775000,39200.00000615109,-517598.8359604557,301.94883367467435,1.0303586244766902,102
9780000,39220.00000615516,-518417.97418045765,304.7850201829776,1.0284510209097388,102
9785000,39240.00000615924,-518029.3248680029,299.5008705606746,1.0277255809551733,102
9790000,39260.00000616331,-517834.5289265313,298.66934901647164,1.026362078504507,102
9795000,39280.000006167385,-517781.3843414269,299.9302424462043,1.0284464542662406,102
9800000,39300.00000617146,-517538.11315851705,302.7322216657608,1.0242314106197838,102
9805000,39320.000006175535,-516978.37888405705,298.9690751082156,1.0259875532249239,102
9810000,39340.00000617961,-517462.50770719233,301.113058830107,1.0283913596492673,102
9815000,39360.00000618368,-518667.7242413163,301.61588641994814,1.025979679545896,102
9820000,39380.00000618776,-517107.7412514698,301.3184675598209,1.026010020608698,102
9825000,39400.00000619183,-516868.47256892733,302.38944914844734,1.0267014880103136,102
9830000,39420.00000619591,-516693.84930801694,302.62973896730443,1.0268800379653662,102
9835000,39440.00000619998,-517634.4737874842,298.8839890846598,1.0303115207235758,102
9840000,39460.000006204056,-517910.9125060912,298.3495563783271,1.0246899563192085,102
9845000,39480.00000620813,-517508.7327740146,299.0993875397146,1.0297362751757904,102
9850000,39500.000006212205,-516998.3844815814,298.48182787452015,1.0291347945056075,102
9855000,39520.00000621628,-518057.5135205004,299.9493232842872,1.0282944388151614,102
9860000,39540.000006220354,-518356.4961502035,300.40049645278674,1.0254961656616548,102
9865000,39560.00000622443,-517861.13949146145,300.30483159890434,1.0273476471645313,102
9870000,39580.0000062285,-518123.6435162476,301.9529552507836,1.0237811549948175,102
9875000,39600.00000623258,-517431.10485501983,299.83691731429514,1.025548566607142,102
9880000,39620.00000623665,-517451.5483183672,299.8023560773581,1.0273910738762062,102
9885000,39640.00000624073,-518120.26908669947,301.39510765470334,1.0295280578179384,102
9890000,39660.0000062448,-518300.8207655505,298.2163676491547,1.0320234448556367,102
9895000,39680.000006248876,-518265.494442204,300.47640034605405,1.022370109815186,102
9900000,39700.00000625295,-517506.65981151676,301.2991474935646,1.0289031589308197,102
9905000,39720.000006257025,-515737.36279250425,300.1575697932504,1.0227793871814541,102
9910000,39740.0000062611,-517324.52013154025,304.2028957698193,1.0286960079108198,102
9915000,39760.000006265174,-517183.7954519454,302.141802928108,1.0305359081770733,102
9920000,39780.00000626925,-517631.87866445165,298.93565802345756,1.0265143256983664,102
9925000,39800.00000627332,-517984.60165424086,301.5006837370007,1.0279969579091497,102
9930000,39820.0000062774,-517077.80969012086,300.43900381416864,1.0257706247204608,102
9935000,39840.00000628147,-516806.1373952145,300.7762763874964,1.0214857215537636,102
9940000,39860.00000628555,-517977.9311120836,302.5962123103065,1.027488905528871,102
9945000,39880.00000628962,-516815.06510822545,300.65138262916395,1.0249271085650904,102
9950000,39900.000006293696,-517741.095531248,297.9996675419162,1.0263576466846163,102
9955000,39920.00000629777,-516106.6832185949,299.6121587784928,1.0236783994778413,102
9960000,39940.000006301845,-516491.8865624289,301.24922806190796,1.0243577369400747,102
9965000,39960.00000630592,-519397.37943290663,300.07957107370635,1.0279656553677263,102
9970000,39980.000006309994,-516418.8897863638,297.6770246226921,1.0266492805790135,102
9975000,40000.00000631407,-517451.9252785987,301.34100623712516,1.026666863234086,102
9980000,40020.00000631814,-516691.8292986711,300.18744872420933,1.025752742203745,102
9985000,40040.00000632222,-517152.95887075225,303.172869919438,1.0230771237036151,102
9990000,40060.00000632629,-518609.1762358849,299.2333198125237,1.0264082737447273,102
9995000,40080.00000633037,-518085.9544527207,303.9369500567589,1.0236679409326654,102
10000000,40100.00000633444,-517721.16696771304,302.80785551675126,1.0284247460948008,102
10005000,40120.000006338516,-516282.4675654874,301.41066997578923,1.0256339826190621,102
10010000,40140.00000634259,-516811.95828662417,302.6160357177076,1.0268421992235301,102
10015000,40160.000006346665,-517616.0290421059,300.6425944972489,1.0282060025492816,102
10020000,40180.00000635074,-516993.72993113124,300.68486348757307,1.0251976511009868,102
10025000,40200.000006354814,-518936.8143527752,297.8588519419526,1.028566726704032,102
10030000,40220.00000635889,-516745.1566123916,299.5378744735715,1.027818246975828,102
10035000,40240.00000636296,-517113.33489419776,302.99116903360044,1.0281682492572686,102
10040000,40260.00000636704,-518478.5921549164,302.89039623770924,1.0274097919481127,102
10045000,40280.00000637111,-516739.93942519394,299.61766382781474,1.0256184036241336,102
10050000,40300.00000637519,-517356.0768017126,301.07400888549824,1.0240129570756569,102
10055000,40320.00000637926,-516642.3619601205,300.68229591607576,1.0245112523060433,102
10060000,40340.000006383336,-517948.6466914464,298.91194144256445,1.026887895563219,102
10065000,40360.00000638741,-517906.0676320144,299.3236203378888,1.030229880306561,102
10070000,40380.000006391485,-517955.99678564654,302.7003568340974,1.0243443116304156,102
10075000,40400.00000639556,-518711.7111801212,300.9830215324759,1.0254547963114802,102
10080000,40420.000006399634,-518759.81499265553,303.664217383308,1.028081332627667,102
10085000,40440.00000640371,-517790.7804366583,300.0769600071328,1.0322814193687266,102
10090000,40460.00000640778,-518416.4161413873,300.1557259918765,1.0293158557889386,102
10095000,40480.00000641186,-516862.20865362557,302.39121259732093,1.02468785340708,102
10100000,40500.00000641593,-518245.7120923563,302.15729752138276,1.027884644907037,102
10105000,40520.00000642001,-518908.39638072974,299.69027300051334,1.0295204292509337,102
10110000,40540.00000642408,-517202.3840611505,302.10894547649525,1.0291055860651,102
10115000,40560.000006428156,-517870.2175508507,301.16176437594163,1.0271229135091156,102
10120000,40580.00000643223,-517245.8710994087,298.9793056861842,1.0242306669974783,102
10125000,40600.000006436305,-517954.0671817488,301.31170015278536,1.0291247921137145,102
10130000,40620.00000644038,-518691.84429173777,303.30041704784776,1.0275856665639134,102
10135000,40640.000006444454,-517938.6145448375,304.45462830539583,1.0274621682927993,102
10140000,40660.00000644853,-516964.37956120726,301.80012528604095,1.021903038345524,102
10145000,40680.0000064526,-517500.7433998387,300.51280266491085,1.0311516795747053,102
10150000,40700.00000645668,-517454.30963089294,300.89562596975475,1.0248529822586117,102
10155000,40720.00000646075,-518093.5481911737,301.261854032614,1.0241241401057597,102
10160000,40740.00000646483,-517103.3596905435,299.6874973626899,1.0237934395828199,102
10165000,40760.0000064689,-517390.2576696358,300.75238657935915,1.0245802762411194,102
10170000,40780.000006472976,-517872.8428453789,302.77039583435885,1.026278993265929,102
10175000,40800.00000647705,-517058.74166548694,299.6352315486236,1.023591522105257,102
10180000,40820.000006481125,-516149.7627385752,299.5903478746069,1.0285886108051707,102
10185000,40840.0000064852,-517193.29438424413,300.60421649911723,1.0238728320788404,102
10190000,40860.000006489274,-516733.6534700184,300.8553048104559,1.0259915413410363,102
10195000,40880.00000649335,-516968.2566988787,301.30134278493455,1.027806337529526,102
10200000,40900.00000649742,-516703.9858408789,301.74504739038986,1.024775384595954,102
10205000,40920.0000065015,-517778.1116904435,300.97523807065323,1.0247357364001972,102
10210000,40940.00000650557,-516852.9812916359,302.1576724590434,1.028844291424442,102
10215000,40960.00000650965,-516763.0117030714,300.1594872017492,1.0229313842406722,102
10220000,40980.00000651372,-517713.70587131777,301.1573370607652,1.025411370110966,102
10225000,41000.000006517796,-515549.4144446368,299.53900115632183,1.0249524810370902,102
10230000,41020.00000652187,-516295.4357585225,300.44064197671514,1.0234176696433888,102
10235000,41040.000006525945,-518091.9316028117,300.6128436321523,1.0291697729274136,102
10240000,41060.00000653002,-518114.6120990927,301.98187389625843,1.022600060778975,102
10245000,41080.000006534094,-518083.1152754042,301.200162361331,1.027792108736086,102
10250000,41100.00000653817,-516647.58448351664,299.8084015321723,1.0258637266104873,102
10255000,41120.00000654224,-518000.1265948245,300.6863370707318,1.0271074943172205,102
10260000,41140.00000654632,-518289.64335120376,298.0837600095046,1.0236153612326242,102
10265000,41160.00000655039,-516329.2437515948,300.0263011063908,1.0180303687285104,102
10270000,41180.00000655447,-516977.41259917896,299.1120563852598,1.0269415217461006,102
10275000,41200.00000655854,-516697.4441101765,301.3777079290329,1.0264495536038574,102
10280000,41220.000006562615,-518711.48985956586,300.03565508548394,1.0291437030140982,102
10285000,41240.00000656669,-517377.0183152375,299.8118484763865,1.0260942263269273,102
10290000,41260.000006570765,-516561.64956745226,297.9333699449402,1.0255362011888254,102
10295000,41280.00000657484,-518465.33492810046,300.6207142909734,1.028563558273014,102
10300000,41300.00000657891,-517493.0857832397,303.18823279591925,1.0252625861396791,102
10305000,41320.00000658299,-517496.6197939785,300.74379831212616,1.0260411679135863,102
10310000,41340.00000658706,-517116.81593563873,300.8923657996682,1.0279940889402104,102
10315000,41360.00000659114,-517670.9546823902,301.82454936157103,1.025983896826037,102
10320000,41380.00000659521,-519059.95841527265,304.0351482466886,1.0274054324450717,102
10325000,41400.000006599286,-517477.7536511875,297.7217001602681,1.0258663918626985,102
10330000,41420.00000660336,-518142.0443227994,301.7386060826319,1.0247780439653373,102
10335000,41440.000006607435,-519074.2989965845,300.8506609850207,1.028351200874916,102
10340000,41460.00000661151,-517433.0165949282,300.3454374157481,1.0285591916127843,102
10345000,41480.000006615584,-516008.86393040325,300.08629878836456,1.0246214805512277,102
10350000,41500.00000661966,-517625.90590341995,299.87375401632784,1.02286673966759,102
10355000,41520.00000662373,-517175.631988358,300.5192377739181,1.0241091510536209,102
10360000,41540.00000662781,-517145.52905806294,301.2496770667754,1.0268734065959195,102
10365000,41560.00000663188,-516069.3064392577,304.0917397326251,1.0220254266392106,102
10370000,41580.00000663596,-518389.9966030712,298.2436143171483,1.0255922239460347,102
10375000,41600.00000664003,-516946.8067922604,302.7290115603939,1.0287639633290997,102
10380000,41620.000006644106,-517357.0538940772,296.5260190729402,1.0302833920149475,102
10385000,41640.00000664818,-518667.8302281527,300.0311521468272,1.0257926686338814,102
10390000,41660.000006652255,-517208.5726661682,301.50021102888115,1.0269026853392502,102
10395000,41680.00000665633,-517366.64139609574,298.86304127151834,1.0298208284693433,102
10400000,41700.000006660404,-517760.1673795192,299.63651543137223,1.0238164680583937,102
10405000,41720.00000666448,-516859.21158607304,302.70158564834117,1.0264676206280905,102
10410000,41740.00000666855,-517035.548034169,301.9468694294315,1.026135863919698,102
10415000,41760.00000667263,-518448.57919919956,302.0817068497559,1.0280857951957458,102
10420000,41780.0000066767,-519228.187504099,300.84121063391916,1.0304089151471694,102
10425000,41800.00000668078,-517473.59153975546,301.31718558724344,1.0233914378161588,102
10430000,41820.00000668485,-517493.5432904896,299.9829121248737,1.0268843254031006,102
10435000,41840.000006688926,-518198.3821996858,300.8007291603387,1.0249179671747002,102
10440000,41860.000006693,-518322.21889771917,299.1482204398739,1.0281736488891133,102
10445000,41880.000006697075,-516705.2103862392,301.9390053016539,1.0273892963849625,102
10450000,41900.00000670115,-518745.1965190605,297.9338804605344,1.0308551641419696,102
10455000,41920.000006705224,-517765.3954513613,300.85275084722116,1.0283157863804822,102
10460000,41940.0000067093,-516948.74423421524,301.045366046329,1.026916184142255,102
10465000,41960.00000671337,-518442.91050463286,301.49590414602164,1.0295294812693243,102
10470000,41980.00000671745,-518263.640601296,300.2991685563,1.0299465977456468,102
10475000,42000.00000672152,-517136.46177323465,300.5710397554824,1.0269397071245314,102
10480000,42020.0000067256,-517443.74197165435,299.97108743403555,1.0269034067952116,102
10485000,42040.00000672967,-517564.30564995063,297.3132358377992,1.0268492633891562,102
10490000,42060.000006733746,-516432.116051367,300.72206519872725,1.0231939555966796,102
10495000,42080.00000673782,-516892.50507891853,302.30190316299536,1.0263178516078129,102
10500000,42100.000006741895,-517255.1511520634,301.6118995338021,1.028336758357445,102
10505000,42120.00000674597,-516679.43897300283,301.7011790841606,1.0251538906234459,102
10510000,42140.000006750044,-517318.1288298748,300.54327655285476,1.0292416417404346,102
10515000,42160.00000675412,-516840.72191619175,298.60743083856704,1.0264469412726887,102
10520000,42180.00000675819,-516412.19705269346,299.7986496850849,1.0243603208959373,102
10525000,42200.00000676227,-517185.8338752538,300.56647793489253,1.0274011789262398,102
10530000,42220.00000676634,-516558.789654305,302.33987005271445,1.0224094921819529,102
10535000,42240.00000677042,-516771.25881907484,300.3774317620413,1.0260814331013435,102
10540000,42260.00000677449,-517011.57278498984,299.16256798579036,1.0260164572188688,102
10545000,42280.000006778566,-517821.5636953551,298.3331226812201,1.0255202831480956,102
10550000,42300.00000678264,-517532.43459159834,301.83720883789545,1.0256521335102406,102
10555000,42320.000006786715,-517362.9383904929,300.54147897271315,1.028660935319005,102
10560000,42340.00000679079,-517798.3595990008,300.3561717250313,1.0276485845794823,102
10565000,42360.000006794864,-519057.2452546898,301.9517563746727,1.0271883562384492,102
10570000,42380.00000679894,-517702.3667098421,301.77164358103306,1.0244042135012457,102
10575000,42400.00000680301,-516641.17792308726,299.6163299048323,1.026734326350313,102
10580000,42420.00000680709,-517791.2350901705,301.1839201221773,1.025749514356001,102
10585000,42440.00000681116,-517748.57320627733,302.9607044451467,1.0299305945021398,102
10590000,42460.00000681524,-517240.1162619272,297.49001395762326,1.0280474739077832,102
10595000,42480.00000681931,-518410.2307908642,301.6621200484278,1.026487655098576,102
10600000,42500.000006823386,-516653.4182371434,301.8966872310638,1.0260066924215394,102
10605000,42520.00000682746,-518927.66755130654,299.1686376607713,1.0238268272449753,102
10610000,42540.000006831535,-516038.8301875673,301.3740837097476,1.0272750561706123,102
10615000,42560.00000683561,-516671.51951284474,300.95726266956217,1.0277058939878576,102
10620000,42580.000006839684,-517281.57178717735,300.83181539939244,1.027684650584164,102
10625000,42600.00000684376,-518209.1768165601,299.6138307430622,1.025563876540654,102
10630000,42620.00000684783,-517097.28813984385,301.87389771318635,1.026943412830964,102
10635000,42640.00000685191,-516547.4905006108,301.1091624537953,1.0255915273806622,102
10640000,42660.00000685598,-518214.8105834522,300.5413492042528,1.0274771881214584,102
10645000,42680.00000686006,-516429.74676301656,303.5515037057321,1.0294413993736502,102
10650000,42700.00000686413,-518117.90058711055,301.5874144657941,1.0261404926428768,102
10655000,42720.000006868206,-518062.3649762531,300.56457736247,1.026516974392645,102
10660000,42740.00000687228,-517090.6689680901,301.9193952867079,1.0205060612361891,102
10665000,42760.000006876355,-518497.59308731416,301.03248400863305,1.0314225968290973,102
10670000,42780.00000688043,-518417.1210725063,300.5755568362951,1.0283777232184144,102
10675000,42800.000006884504,-517753.8481734453,300.8464422764009,1.0289677259320669,102
10680000,42820.00000688858,-516841.68544539856,301.10773785972225,1.0273211386292675,102
10685000,42840.00000689265,-516070.9209072769,303.1906312506406,1.0228093222300945,102
10690000,42860.00000689673,-517138.104072487,301.571506774968,1.0250637870041535,102
10695000,42880.0000069008,-517458.41295489715,299.966050437773,1.026574100849981,102
10700000,42900.00000690488,-516406.9845678727,301.4985918072008,1.0245990757971952,102
10705000,42920.00000690895,-517182.821569314,300.5824541083055,1.0270537277185572,102
10710000,42940.000006913026,-517881.7315480106,301.8501519257337,1.0306350656073355,102
10715000,42960.0000069171,-516332.11399096786,301.20670943863496,1.021908393989803,102
10720000,42980.000006921175,-517282.27678234363,300.85769646539563,1.0266764312144039,102
10725000,43000.00000692525,-516777.0131633193,300.5371229368885,1.025458461416146,102
10730000,43020.000006929324,-517675.10150760715,301.43485974406116,1.0262075781362243,102
10735000,43040.0000069334,-516364.8843107058,300.9807341492757,1.0252078333174561,102
10740000,43060.00000693747,-516822.0929085673,301.9157235301114,1.028397431277267,102
10745000,43080.00000694155,-517778.0505792585,299.8617893211327,1.0302096816249138,102
10750000,43100.00000694562,-516606.0147132126,300.75293813341915,1.0293436902376834,102
10755000,43120.0000069497,-518140.1784060057,301.8387117621126,1.024139428286059,102
10760000,43140.00000695377,-516777.5888570086,301.64505638820435,1.0269957119678483,102
10765000,43160.000006957845,-516567.08853396703,300.58653585216854,1.025426689048461,102
10770000,43180.00000696192,-518430.11616198695,301.5860474538878,1.0273321818570862,102
10775000,43200.000006965995,-516342.3876370124,299.89665315573546,1.025598468063498,102
10780000,43220.00000697007,-516653.13897211826,303.3470481135814,1.0256103754179202,102
10785000,43240.00000697414,-517081.8167918958,301.9856988394703,1.0277396689232272,102
10790000,43260.00000697822,-517744.4904917157,299.11190577287164,1.0296729688898358,102
10795000,43280.00000698229,-517748.9925576276,300.83202102866863,1.027169457967112,102
10800000,43300.00000698637,-516776.15559924254,300.0874171964381,1.0264676052865183,102
10805000,43320.00000699044,-518123.98565351684,301.8255559412113,1.0305532498362164,102
10810000,43340.000006994516,-518036.9187843753,301.4627579003407,1.0281899796400358,102
10815000,43360.00000699859,-515339.31960798893,300.19484932776135,1.024633611494362,102
10820000,43380.000007002665,-518192.1014489124,303.1355288326676,1.0255526791314502,102
10825000,43400.00000700674,-515916.94415698433,299.9984806616025,1.0225382579696303,102
10830000,43420.000007010814,-518320.5253533581,299.9661146081062,1.0245713322086387,102
10835000,43440.00000701489,-517304.5339136864,301.2396750428324,1.027359743290388,102
10840000,43460.00000701896,-519093.9492087569,302.06642408912364,1.0300453050664877,102
10845000,43480.00000702304,-517587.3632166905,297.9790708779174,1.0292723941639512,102
10850000,43500.00000702711,-517745.5273586605,301.7942552419323,1.0295093042293078,102
10855000,43520.00000703119,-517223.83156244736,302.5303052442187,1.0351280172637447,102
10860000,43540.00000703526,-516763.1361080471,302.4212223487757,1.0231372759537314,102
10865000,43560.000007039336,-517752.1505317618,301.37492001266963,1.0282143163808821,102
10870000,43580.00000704341,-517818.00611796416,300.6608876761274,1.0284848677172802,102
10875000,43600.000007047485,-519128.7028481148,302.5821365248799,1.026818288984196,102
10880000,43620.00000705156,-517317.3299988699,300.46716303188435,1.0259717469305216,102
10885000,43640.000007055634,-517407.07333027036,303.65007507402936,1.028795099654282,102
10890000,43660.00000705971,-516240.99925100384,302.0790272536608,1.0290006615341498,102
10895000,43680.00000706378,-518004.2419308962,300.83121252903914,1.0275991386239458,102
10900000,43700.00000706786,-517187.1507816843,301.8612140513076,1.0240574849941635,102
10905000,43720.00000707193,-518247.77132704156,297.7275645186362,1.0265376317316792,102
10910000,43740.00000707601,-517754.5146695599,298.66680056609937,1.027991502377156,102
10915000,43760.00000708008,-517766.60213311645,301.0258943945956,1.029816296325043,102
10920000,43780.000007084156,-518207.9367240113,301.25896834673574,1.0273868020351766,102
10925000,43800.00000708823,-517131.96527418564,299.86967520833736,1.0262101352743072,102
10930000,43820.000007092305,-518134.2639446228,302.72806039246314,1.0249670712332823,102
10935000,43840.00000709638,-518218.8840849602,301.16961344830503,1.0262344812370436,102
10940000,43860.000007100454,-516354.65217908775,303.2929916576556,1.0215124754600915,102
10945000,43880.00000710453,-516951.9818532048,297.7911103739051,1.0236442086611919,102
10950000,43900.0000071086,-517201.8740934371,301.20817937095865,1.0256190361291921,102
10955000,43920.00000711268,-517826.9598068276,301.38525766822386,1.0248820125738791,102
10960000,43940.00000711675,-517406.7827985552,302.5688174103456,1.0251929865883243,102
10965000,43960.00000712083,-516885.37296590395,301.37732043056104,1.0229863878993077,102
10970000,43980.0000071249,-517187.7668660397,302.96032579580424,1.0248881810443136,102
10975000,44000.000007128976,-516862.8584206253,298.4981877689551,1.0237809345215128,102
10980000,44020.00000713305,-518496.9239693233,304.37445859157435,1.0285269944506648,102
10985000,44040.000007137125,-517427.06068869797,301.17392162614175,1.027598748032095,102
10990000,44060.0000071412,-517986.446174419,302.74425865310997,1.0305563777179036,102
10995000,44080.000007145274,-516983.55103807384,298.65461194315736,1.0239701392474332,102
11000000,44100.00000714935,-518626.24302319065,298.8505803983027,1.0274574941713182,102
11005000,44120.00000715342,-517664.55972042144,302.22186018257804,1.0267304111329703,102
11010000,44140.0000071575,-516849.84593892726,300.4232462234114,1.0258695628558074,102
11015000,44160.00000716157,-517935.9257426965,299.0759260674119,1.0251618743938684,102
11020000,44180.00000716565,-517627.98728450947,299.48584232850436,1.027375610401597,102
11025000,44200.00000716972,-516615.0226441305,301.9578044217376,1.027243578676439,102
11030000,44220.000007173796,-517328.87540962454,300.75950544075323,1.0280645096965761,102
11035000,44240.00000717787,-519423.5476915499,299.96299476538826,1.032709855678467,102
11040000,44260.000007181945,-517475.12624643324,300.35933815420503,1.0312384067914435,102
11045000,44280.00000718602,-517587.21767213126,300.18919813091964,1.0255815649857527,102
11050000,44300.000007190094,-516557.5457354421,303.6044559976433,1.0251423421394725,102
11055000,44320.00000719417,-516390.817377731,302.6172750662005,1.0239918382721929,102
11060000,44340.00000719824,-517038.8333463357,299.2565427451482,1.023709894760112,102
11065000,44360.00000720232,-517886.1430487088,298.7377854909113,1.0269299383431656,102
11070000,44380.00000720639,-517649.9809120551,299.09929026352717,1.0287700269886628,102
11075000,44400.00000721047,-518558.22045704536,302.5890684072991,1.0277012953961508,102
11080000,44420.00000721454,-516917.68198802834,303.47018750660413,1.0264148342129875,102
11085000,44440.000007218616,-517999.9129243528,301.5423223208333,1.0284862570107633,102
11090000,44460.00000722269,-516282.04144865926,300.9897575232384,1.0259234608805188,102
11095000,44480.000007226765,-516672.250785202,302.91599103349284,1.0232884538709655,102
11100000,44500.00000723084,-517385.7250135564,300.2272982672359,1.0286856618771523,102
11105000,44520.000007234914,-516615.8596741783,300.4944905497051,1.0239622733191796,102
11110000,44540.00000723899,-517385.17532973667,299.6912154488657,1.0284681065381132,102
11115000,44560.00000724306,-518168.48645744636,304.2039639523962,1.0267165512409984,102
11120000,44580.00000724714,-516837.64509161934,300.40686630277435,1.0267476421491595,102
11125000,44600.00000725121,-517838.5399082389,302.0220960728989,1.0286195576889618,102
11130000,44620.00000725529,-517391.39834977034,298.14875832812623,1.025988478690047,102
11135000,44640.00000725936,-518476.70130432723,299.9400018578669,1.0257469480151415,102
11140000,44660.000007263436,-517780.8138793248,299.2365660226133,1.0289171221072504,102
11145000,44680.00000726751,-517469.5776571345,301.9115741330769,1.0245899491173323,102
11150000,44700.000007271585,-516877.66576660355,300.19521663661874,1.0249497073709042,102
11155000,44720.00000727566,-516471.50141926296,302.98207659434655,1.024035689916528,102
11160000,44740.000007279734,-517263.50096268253,299.5448341665636,1.0252155150749311,102
11165000,44760.00000728381,-517246.54288334073,302.516076339854,1.0278027535193575,102
11170000,44780.00000728788,-517666.275108143,300.9266605976272,1.0240586218781471,102
11175000,44800.00000729196,-517308.0166198644,303.26856509550083,1.024404079452372,102
11180000,44820.00000729603,-516295.5246424882,301.5973074266672,1.0258301015932827,102
11185000,44840.00000730011,-517393.89141112356,297.77346461699335,1.0301623512384535,102
11190000,44860.00000730418,-518321.8862050588,302.35165253896196,1.0290762436368204,102
11195000,44880.000007308256,-517237.0061497083,298.7010286811437,1.0223082732499378,102
11200000,44900.00000731233,-516752.96858305414,300.1325799696326,1.0258731796612264,102
11205000,44920.000007316405,-517565.11514696595,301.11112284981533,1.0246090688875538,102
11210000,44940.00000732048,-516663.34870638535,299.37971728362913,1.026192400332236,102
11215000,44960.000007324554,-517999.2065212475,299.3642943087338,1.0228028966500196,102
11190000,44860.00000730418,-518320.14086737274,302.1108976238099,1.0255051306749863,--
11195000,44880.000007308256,-517814.0037570067,298.0044833503861,1.0285725824843888,107
11200000,44900.00000731233,-517641.86281351326,299.5754918513118,1.0280447366063867,107
11205000,44920.000007316405,-518395.2228847302,298.9835388064548,1.027190345807686,107
11210000,44940.00000732048,-519107.39824679494,300.57659038824227,1.0300377773557388,107
11215000,44960.000007324554,-515899.6641639243,301.13833913246515,1.0255353455502552,107
11220000,44980.00000732863,-518205.5640449764,298.8212556734384,1.0248327041457372,107
11225000,45000.0000073327,-516429.24932797067,301.24560858815335,1.0228924937194757,107
11230000,45020.00000733678,-517109.43633268937,301.3745302019753,1.0266305683687633,107
11235000,45040.00000734085,-517829.43907284644,302.38316304182575,1.0230445837031246,107
11240000,45060.00000734493,-518066.1288679249,301.93674196629814,1.025782494402754,107
11245000,45080.000007349,-516315.4275907008,302.9491336166558,1.0271762496051613,107
11250000,45100.000007353075,-516770.95790894167,298.9094834360104,1.0284656123216194,106
11255000,45120.00000735715,-516523.42937122635,301.2317369877947,1.0278431653893911,106
11260000,45140.000007361225,-516913.12238282454,302.68293530732217,1.0245925421439712,106
11265000,45160.0000073653,-516405.99367376347,300.3612134577796,1.0232290024198485,106
11270000,45180.00000736937,-517179.75551046757,301.45599954384375,1.0295263630284506,106
11275000,45200.00000737345,-516725.52439033845,300.7227295945947,1.0233648624739666,106
11280000,45220.00000737752,-517346.3414452481,302.81345621261437,1.025755769955807,106
11285000,45240.0000073816,-517450.5701885668,301.11598017334893,1.0253391397671003,106
11290000,45260.00000738567,-519226.8579813589,300.58503950810746,1.0300595253039755,106
11295000,45280.000007389746,-518882.44626021734,298.8255323713669,1.027456506619904,106
11300000,45300.00000739382,-517375.90478201676,299.67538235858603,1.0223578590161555,106
11305000,45320.000007397895,-516940.7207351248,301.7567000285984,1.0254323292467311,106
11310000,45340.00000740197,-517042.63222645083,299.6590863944052,1.0284565832758132,106
11315000,45360.000007406044,-517488.2567370683,299.8553133600765,1.0243209609949935,106
11320000,45380.00000741012,-517205.5995066138,298.31112697424527,1.0289155181574947,106
11325000,45400.00000741419,-517833.0884914701,303.5000371672403,1.02979813236949,106
11330000,45420.00000741827,-517719.15494447993,299.86593691176444,1.0245795732106295,106
11335000,45440.00000742234,-517566.70733638457,301.4414302323583,1.024957452245757,106
11340000,45460.00000742642,-517684.2312436267,299.630121546749,1.0256840977487574,106
11345000,45480.00000743049,-518829.55084027164,300.13684744837315,1.0268112744555227,106
11350000,45500.000007434566,-516254.10676731565,301.90039283607814,1.0270140931698815,105
11355000,45520.00000743864,-518220.96426021075,300.3199464826824,1.0237108813465863,105
11360000,45540.000007442715,-516806.2309899754,299.5101751329028,1.0261845581154916,105
11365000,45560.00000744679,-516860.40340835345,302.0442617053088,1.0232491060068432,105
11370000,45580.000007450864,-517153.3652436349,299.9591015963017,1.0252077770997998,105
11375000,45600.00000745494,-518149.3355469471,300.85469335555547,1.024263072038746,105
11380000,45620.00000745901,-517029.29840732133,302.75898164023187,1.0279106470363617,105
11385000,45640.00000746309,-517244.4629073234,300.80466919767804,1.02987445929686,105
11390000,45660.00000746716,-517451.6706088255,300.50846698044074,1.0261741244977303,105
11395000,45680.00000747124,-517201.17561349086,301.8093305657636,1.0289995693860816,105
11400000,45700.00000747531,-517093.5546372477,299.2954627996303,1.026627178574594,105
11405000,45720.000007479386,-516883.62649503467,301.4947330399488,1.025845919458968,105
11410000,45740.00000748346,-517592.1533996926,301.30349297195164,1.0271956992639735,105
11415000,45760.000007487535,-516944.50846434175,302.5195256848692,1.0296887633147416,105
11420000,45780.00000749161,-518567.07760170824,300.70085119696694,1.0279537500866034,105
11425000,45800.000007495684,-517413.7176945207,304.74831391972475,1.027246041955477,105
11430000,45820.00000749976,-516859.0335734701,298.77512701762174,1.025276622216653,105
11435000,45840.00000750383,-517586.00046725664,303.03429687583184,1.0311363772715336,105
11440000,45860.00000750791,-517407.5945237428,301.2185078769861,1.0241990926906641,105
11445000,45880.00000751198,-518240.28058200167,300.31655596764847,1.0214864269223056,105
11450000,45900.00000751606,-517248.2288143614,302.2174239357238,1.0305637515758015,105
11455000,45920.00000752013,-517443.43855060707,300.4778330815681,1.0282839995532533,105
11460000,45940.000007524206,-516246.5684333334,304.2614146766622,1.0232789495259653,105
11465000,45960.00000752828,-519561.2591092435,304.4229307119444,1.034310526596859,105
11470000,45980.000007532355,-517595.24431299185,299.9201340388672,1.0228600526244116,105
11475000,46000.00000753643,-517563.5790123064,301.55016895893084,1.0254556934930115,105
11480000,46020.000007540504,-517235.1046589825,298.2229202652234,1.0244777272817949,105
11485000,46040.00000754458,-517079.4953578552,300.32658713667576,1.0236409053271933,105
11490000,46060.00000754865,-517107.47582474723,302.84877210148426,1.019012154393113,105
11495000,46080.00000755273,-516670.9463201822,299.74785629735004,1.0259371352271274,105
11500000,46100.0000075568,-518879.6447280026,302.9512979596768,1.0276997621011421,105
11505000,46120.00000756088,-516463.4899003373,300.5596319370103,1.0246017187139405,105
11510000,46140.00000756495,-517400.9819566712,302.1292828554728,1.0263681713589987,105
11515000,46160.000007569026,-518565.42905345396,301.35952004267,1.030160700207964,105
11520000,46180.0000075731,-517943.9531862233,305.28212070019134,1.0289418900691607,105
11525000,46200.000007577175,-516914.2813484457,300.6907566487368,1.02529208840683,105
11530000,46220.00000758125,-517546.7207724652,300.7521388682617,1.0271253368858753,105
11535000,46240.000007585324,-517644.4978793387,300.3431108318771,1.0261220351130738,105
11540000,46260.0000075894,-517759.6982264037,301.3208038923143,1.0239866164797982,105
11545000,46280.00000759347,-517838.9563280032,301.90519303319815,1.0230218658740844,105
11550000,46300.00000759755,-518299.0701843288,301.14789712423647,1.0296632833990418,105
11555000,46320.00000760162,-516642.7373758622,300.6440723460791,1.0192610920374072,105
11560000,46340.0000076057,-516782.8190110035,303.5912462463104,1.0264115562434004,105
11565000,46360.00000760977,-518407.7883437048,301.34744318938897,1.0277727769978957,105
11570000,46380.000007613846,-517015.1957049407,299.70079848035704,1.029671106507345,105
11575000,46400.00000761792,-517518.6916803317,300.20694951196185,1.0245240063247927,105
11580000,46420.000007621995,-519070.49004209787,301.8099523987635,1.0247525099853476,105
11585000,46440.00000762607,-517131.92968146014,300.1874024381674,1.0265721718707852,105
11590000,46460.000007630144,-517798.823059533,300.9995471256948,1.0278770913153183,105
11595000,46480.00000763422,-517338.0829158996,303.7616890898641,1.028363539715133,105
11600000,46500.00000763829,-516080.6714074232,301.7518043698681,1.0241554534884056,105
11605000,46520.00000764237,-516827.5104468975,304.7643571560957,1.0251638515135266,105
11610000,46540.00000764644,-519113.8468064107,302.28569014173763,1.0277575335633655,105
11615000,46560.00000765052,-516949.9174832457,300.3116784800487,1.028196699061038,105
11620000,46580.00000765459,-518046.72855303367,303.11391392730957,1.02838449754095,105
11625000,46600.000007658666,-517052.07814940624,298.46520792434995,1.0253131551033903,105
11630000,46620.00000766274,-518569.39172982285,299.5444320311974,1.0308584868408728,105
11635000,46640.000007666815,-518010.40697927936,300.9356313847868,1.0282270327870289,105
11640000,46660.00000767089,-517816.608952763,299.0987186401306,1.0244664133721204,105
11645000,46680.000007674964,-516794.1945596214,300.9604229157972,1.0278729847079429,105
11650000,46700.00000767904,-517262.6149402836,301.6477495592185,1.025102536400466,105
11655000,46720.00000768311,-517601.44455563254,301.1902269686243,1.0275292168036074,105
11660000,46740.00000768719,-517225.1984215004,301.7357125640562,1.0224532792082506,105
11665000,46760.00000769126,-516677.396572605,299.3065737682199,1.0239693296531587,105
11670000,46780.00000769534,-516590.32995662023,302.9401331199091,1.0264843845383276,105
11675000,46800.00000769941,-517161.3045491602,300.56482801649514,1.0326063408727408,105
11680000,46820.000007703486,-517337.05655030627,301.71237174238513,1.0243922578101161,105
11685000,46840.00000770756,-516099.7291736305,298.4890629203445,1.0256662167086181,105
11690000,46860.000007711635,-516569.5903834461,300.5145075348178,1.0245704126025739,105
11695000,46880.00000771571,-518436.8788102905,299.76686814783835,1.0276378855366795,105
11700000,46900.000007719784,-517179.0648859679,300.70418104356577,1.0231401767276662,105
11705000,46920.00000772386,-517448.8933388344,299.65698273017426,1.024117458842377,105
11710000,46940.00000772793,-517254.79837264656,303.37138907719265,1.0261602713466513,105
11715000,46960.00000773201,-517307.8838300803,298.541803322734,1.024697646700667,105
11720000,46980.00000773608,-517097.9866717665,300.4470672267553,1.026479554776489,105
11725000,47000.00000774016,-517020.90984629025,299.297937695563,1.0257670253728395,105
11730000,47020.00000774423,-518205.31346288277,303.08796755101383,1.0288439719468954,105
11735000,47040.000007748306,-517269.234151562,301.3138911355861,1.026153287634576,105
11740000,47060.00000775238,-518110.8565049181,299.76750678464737,1.0261667281301536,105
11745000,47080.000007756455,-516454.284994825,302.0177454846854,1.0249913195117808,105
11750000,47100.00000776053,-518102.0002490224,297.2078850481458,1.0208586676374949,105
11755000,47120.000007764604,-516516.5826499788,300.9129510710113,1.025072945796912,105
11760000,47140.00000776868,-518298.50204173825,302.7490557541262,1.0269807285178008,105
11765000,47160.00000777275,-516383.8442459409,301.7104813168521,1.0245473098572186,105
11770000,47180.00000777683,-516894.5889208012,299.6685915488541,1.0261741875529353,105
11775000,47200.0000077809,-518050.99075287045,298.9180879783747,1.0279103114037613,105
11780000,47220.000007784976,-517597.66400391026,301.2792087886148,1.025977966589439,105
11785000,47240.00000778905,-517659.1851332262,302.4043129037393,1.0274181339588766,105
11790000,47260.000007793125,-517447.80609126715,301.0246449124147,1.0243071333398082,105
11795000,47280.0000077972,-517806.48141541076,299.9963394288446,1.0258737295239244,105
11800000,47300.000007801274,-517673.87316944846,301.91957991826354,1.0258594697627155,105
11805000,47320.00000780535,-518058.1525827339,299.36878901938337,1.025086524122492,105
11810000,47340.00000780942,-517887.18600116717,297.8088407485278,1.025715133001993,105
11815000,47360.0000078135,-517084.7429406834,301.1294920309076,1.0266664855884544,104
11820000,47380.00000781757,-516442.19102910743,299.04026432054343,1.024640342010277,104
11825000,47400.00000782165,-517512.63634123956,300.82588104186,1.02584294718886,104
11830000,47420.00000782572,-517269.09519499214,300.94485877679847,1.0293220669614198,104
11835000,47440.000007829796,-518463.98996400065,300.38748243449515,1.025800103942698,104
11840000,47460.00000783387,-516676.16666994547,300.58438032970963,1.0258465335629086,104
11845000,47480.000007837945,-517520.360051421,303.37099281690286,1.023564496636565,104
11850000,47500.00000784202,-517866.93733091746,302.55100440591247,1.0286440558074081,105
11855000,47520.000007846094,-517494.4959946873,301.19803740125167,1.024198817754262,105
11860000,47540.00000785017,-518019.76542453934,299.68706952226796,1.0264403667820907,105
11865000,47560.00000785424,-517435.44957269495,298.4829414731721,1.024864918746957,105
11870000,47580.00000785832,-516593.27677613264,301.49498330810167,1.027836879495744,105
11875000,47600.00000786239,-517697.5853465735,301.51591051114445,1.0250522545589376,105
11880000,47620.00000786647,-516745.25489601446,300.0987271338814,1.028668628650958,105
11885000,47640.00000787054,-516163.1021064981,303.6082485269942,1.0238887141605717,105
11890000,47660.000007874616,-516547.3264655282,300.452067876981,1.0260192919658795,105
11895000,47680.00000787869,-518567.64107413683,299.4238382951675,1.0250552341393102,105
11900000,47700.000007882765,-517678.591567134,300.9368945169631,1.029371748056389,105
11905000,47720.00000788684,-518848.76856592624,301.3101202045909,1.0226658035624732,105
11910000,47740.000007890914,-517103.11789278314,304.311068105669,1.0259359068891518,105
11915000,47760.00000789499,-518028.53882625024,299.7208029935825,1.028981845611913,105
11920000,47780.00000789906,-516359.0391659548,299.6298564923879,1.0282845260463214,105
11925000,47800.00000790314,-518199.36482549366,299.6568923905121,1.0285395916174256,105
11930000,47820.00000790721,-517165.8690015944,299.87614512211314,1.0230956328400374,105
11935000,47840.00000791129,-516384.72826315276,301.12750974716914,1.0257502564692176,105
11940000,47860.00000791536,-516626.1860779559,301.7032019828526,1.028068775427329,105
11945000,47880.000007919436,-518412.4696587119,302.2467924494487,1.025515356760858,105
11950000,47900.00000792351,-518420.5301992013,299.0249886464332,1.0254921081721664,105
11955000,47920.000007927585,-517170.70842641476,301.1681296011428,1.0254085548971332,105
11960000,47940.00000793166,-517882.678456526,302.86371253036754,1.0271983361154366,105
11965000,47960.000007935734,-515643.139363592,300.2895601685635,1.0175204747624675,105
11970000,47980.00000793981,-517163.70628675027,299.90931486445464,1.0260400411445125,105
11975000,48000.00000794388,-517805.7687569689,301.77045507836937,1.0230600789751803,105
11980000,48020.00000794796,-518044.0004247981,302.5437446163142,1.0283849561375948,105
11985000,48040.00000795203,-517159.21474648104,301.1826612977577,1.0279340906915484,105
11990000,48060.00000795611,-517927.17510084365,301.38990822631297,1.0260073767912978,105
11995000,48080.00000796018,-517322.3307882338,300.7828482187607,1.0248283379594127,105
12000000,48100.000007964256,-518362.3463853339,299.0182773266717,1.0303446833379775,105
12005000,48120.00000796833,-517079.62481568824,300.29340282296033,1.0233275000150965,105
12010000,48140.000007972405,-517778.79530715174,300.185705164412,1.027377140447282,105
12015000,48160.00000797648,-516990.26009918074,301.84631235209173,1.0243825285478079,105
12020000,48180.000007980554,-517002.3006450066,300.0361371413419,1.0281527435582063,105
12025000,48200.00000798463,-516205.08034212934,299.00755705040837,1.0258655512253982,105
12030000,48220.0000079887,-516705.52305131964,301.17724906441,1.0243130161917418,105
12035000,48240.00000799278,-516982.54665683606,301.95102252127464,1.0284045387483642,105
12040000,48260.00000799685,-518688.2631774717,299.8466714699212,1.0280516935820634,105
12045000,48280.00000800093,-518365.25172300986,300.6029548202757,1.027701945922937,105
12050000,48300.000008005,-518315.9078978917,301.6424254573852,1.026153102533007,105
12055000,48320.000008009076,-516694.1554069661,302.8460500819384,1.0270177482042901,105
12060000,48340.00000801315,-517924.7847893995,301.02629222827693,1.0278857701694,105
12065000,48360.000008017225,-517846.3472793696,301.0199354404806,1.0293219345272158,105
12070000,48380.0000080213,-518388.0948274357,300.29339913886923,1.0251056991314578,105
12075000,48400.000008025374,-518210.883847513,299.0667715334524,1.0250800996247451,105
12080000,48420.00000802945,-516062.6589530781,299.2198028144207,1.0237072930881859,105
12085000,48440.00000803352,-518407.4648182874,302.5716040767924,1.024818814948649,105
12090000,48460.0000080376,-517967.5399888905,301.42268778891025,1.023380180383313,105
12095000,48480.00000804167,-518054.69726649416,299.2502287918408,1.025798425577433,105
12100000,48500.00000804575,-518359.9190738648,298.6726327798362,1.0308110238222288,105
12105000,48520.00000804982,-517367.1985143486,297.77510699017483,1.0284433045008865,105
12110000,48540.000008053896,-517794.00171652064,302.5284774496252,1.0269353120608768,105
12115000,48560.00000805797,-517147.80436421605,301.18001912441923,1.0237774543390417,105
12120000,48580.000008062045,-518139.84506194363,300.1620580323931,1.0235818987713727,105
12125000,48600.00000806612,-519076.7013059349,302.11719184105374,1.0263802668151032,105
12130000,48620.000008070194,-517529.2068108602,300.2960149194282,1.0272469904821753,105
12135000,48640.00000807427,-518163.61780304345,300.9948876551065,1.0268251554448757,105
12140000,48660.00000807834,-518092.73813656904,299.0621452066142,1.0267952996842753,105
12145000,48680.00000808242,-517922.2706780096,302.69389730582344,1.0278993658162436,105
12150000,48700.00000808649,-517599.21198264486,301.344175904979,1.0272871843647566,105
12155000,48720.00000809057,-516377.56326921005,300.6818200255176,1.022958124550006,105
12160000,48740.00000809464,-517594.02453648625,299.9104113851147,1.0244771844377782,105
12165000,48760.000008098716,-516086.70324663655,303.02939518549744,1.0221116026547643,105
12170000,48780.00000810279,-516966.391130297,302.58295993746964,1.022917476511869,105
12175000,48800.000008106865,-516515.38530564145,301.1160872449072,1.0263347285898403,105
12180000,48820.00000811094,-517693.85067036934,302.6802043361533,1.0264756267636213,105
12185000,48840.000008115014,-516818.3035109963,299.8080299603023,1.0261021984235748,105
12190000,48860.00000811909,-517968.58204738516,300.5089986248092,1.0282895716740046,105
12195000,48880.00000812316,-517899.45715651684,302.23160187558597,1.0294818937976187,105
12200000,48900.00000812724,-516534.3442104524,301.3260622801402,1.0272123155524773,105
12205000,48920.00000813131,-518013.69946339657,301.15797583559004,1.02818977861865,105
12210000,48940.00000813539,-518356.07690180046,301.6822916891363,1.0272645759661772,105
12215000,48960.00000813946,-517826.9173194014,300.580187886244,1.0247025507716263,105
12220000,48980.000008143536,-516349.70587304374,297.73052085347854,1.025527810731976,105
12225000,49000.00000814761,-515927.65712392656,299.78244336018054,1.0217102753155534,105
12230000,49020.000008151685,-517378.33252168307,299.3099999091219,1.0262211588235117,105
12235000,49040.00000815576,-516831.28180017765,300.4906076750963,1.024753895251637,105
12240000,49060.000008159834,-517744.55803225935,301.2176954232975,1.0275994321472326,105
12245000,49080.00000816391,-517149.2023617672,301.718423155837,1.0243562793576442,105
12250000,49100.00000816798,-517154.4712164297,300.3041076127668,1.0241632776884884,105
12255000,49120.00000817206,-517641.65232720086,301.9694091301655,1.0280098815248093,105
12260000,49140.00000817613,-517613.9653324606,301.5110670151389,1.029986041177272,105
12265000,49160.000008180206,-517481.4494120022,299.6270805200167,1.0270446633908745,105
12270000,49180.00000818428,-516492.3637697925,301.9696348353726,1.0267672446584817,105
12275000,49200.000008188355,-518047.6397286041,302.39776967822587,1.0267460206912025,105
12280000,49220.00000819243,-518052.875662789,300.7133048233527,1.0264616533347193,105
12285000,49240.000008196504,-518741.508571954,299.3721767145985,1.0285649943341832,105
12290000,49260.00000820058,-517687.0392298936,302.0453339808257,1.0286728246518329,105
12295000,49280.00000820465,-518149.86219080514,300.5671538464256,1.0282908074199697,105
12300000,49300.00000820873,-517483.6671084105,299.9861351363452,1.0256771001715257,105
12305000,49320.0000082128,-517190.1441290213,301.31387140562174,1.026510121253824,105
12310000,49340.00000821688,-516972.2065329496,300.43088404313716,1.0218682405952284,105
12315000,49360.00000822095,-516585.8441430079,301.4623653398631,1.0269297266142876,105
12320000,49380.000008225026,-518048.3955853728,300.47725348161225,1.0263086121776241,105
12325000,49400.0000082291,-517782.04862316395,303.10801994470245,1.0250811763781333,105
12330000,49420.000008233175,-517630.06601548544,297.33739400450054,1.0317892223845586,105
12335000,49440.00000823725,-516703.0109697692,301.40128090044607,1.0250876146137842,105
12340000,49460.000008241324,-517461.5450003508,300.5384538575753,1.0243744175282592,105
12315000,49360.00000822095,-517892.90901416657,301.54462441360454,1.027773236115302,0
12320000,49380.000008225026,-517216.9321153539,300.95604093314444,1.022190509950448,108
12325000,49400.0000082291,-517384.2626672499,299.22316136285747,1.0255351045535674,108
12330000,49420.000008233175,-517517.5728909592,304.8676014198315,1.0228475702666675,108
12335000,49440.00000823725,-517313.72877350985,299.9010875825186,1.024040516505933,108
12340000,49460.000008241324,-517939.98482463486,299.11114813456436,1.0284844101238646,108
12345000,49480.0000082454,-517217.520499557,300.66299800905153,1.02790411894451,108
12350000,49500.00000824947,-516000.96868104814,300.31549860086005,1.0236784827150864,108
12355000,49520.00000825355,-516665.64800860616,300.2924224765216,1.021156932719823,108
12360000,49540.00000825762,-517288.33204056113,299.0956348617588,1.024731144225043,108
12365000,49560.0000082617,-517849.76203816826,300.29556576148434,1.0247022275054196,108
12370000,49580.00000826577,-516115.52922195825,301.3377851884065,1.0235840775090745,108
12375000,49600.000008269846,-517564.72860819753,300.2125676962019,1.0265884234894138,107
12380000,49620.00000827392,-516154.3286913526,301.96664413524746,1.0299582397083573,107
12385000,49640.000008277995,-517050.00939092203,298.69339027324065,1.0236308146139848,107
12390000,49660.00000828207,-516928.5944790563,301.2236136885018,1.0256852268899452,107
12395000,49680.000008286144,-515921.20775503805,303.53426431530886,1.0226039571669288,107
12400000,49700.00000829022,-517240.7066286998,300.4540683510982,1.0267514485148181,107
12405000,49720.00000829429,-517380.40002796147,299.33161354888284,1.0329611213094563,107
12410000,49740.00000829837,-516202.93046079064,299.44330765656065,1.0282630098257104,107
12415000,49760.00000830244,-515837.0108343675,299.15552647292486,1.0264497258666048,107
12420000,49780.00000830652,-517293.1262571532,300.4957670146395,1.0263244661235806,107
12425000,49800.00000831059,-517081.9635101212,301.4265421359604,1.0211429398757963,107
12430000,49820.000008314666,-515922.03886512737,300.46390245320373,1.0238249033294207,107
12435000,49840.00000831874,-516810.0278724807,302.0502231507911,1.0258832151039543,106
12440000,49860.000008322815,-517570.19737059786,301.1571137050305,1.027391638324818,106
12445000,49880.00000832689,-516672.4327011972,299.87306482000633,1.0234048082519338,106
12450000,49900.000008330964,-517063.7704297325,300.4081675597747,1.0252785319002398,106
12455000,49920.00000833504,-516287.47066298337,300.5046958680186,1.0264303016754197,106
12460000,49940.00000833911,-517266.15058291145,302.10103509637315,1.026891645979158,106
12465000,49960.00000834319,-518424.85460322024,302.75141561668187,1.0276024192448316,106
12470000,49980.00000834726,-516338.7164366131,300.00219840545185,1.0212823036174064,106
12475000,50000.00000835134,-516564.5779721765,300.7797139039235,1.019598959497827,106
12480000,50020.00000835541,-517366.88891130476,300.1391024940502,1.0305599817190216,106
12485000,50040.000008359486,-516731.066529823,301.5343570958882,1.0285820840657314,106
12490000,50060.00000836356,-517967.6071426568,303.6452523751387,1.022725289209948,106
12495000,50080.000008367635,-516966.89547010045,299.5762483823789,1.0267476834401832,106
12500000,50100.00000837171,-518261.6815373795,300.0315970548296,1.028916379962086,106
