#"Step","Time (ps)","Potential Energy (kJ/mole)","Temperature (K)","Density (g/mL)","Speed (ns/day)"
5000,120.00000000005473,-514587.26624531695,300.4420978449019,1.0239720227475444,--
10000,140.00000000003652,-516258.5902092727,301.0308703557657,1.0277519305058438,107
15000,159.9999999999899,-516251.7871086374,299.14276595350145,1.0270973571140072,107
20000,179.9999999999433,-517359.28303808,302.3268076786169,1.0274542740521337,107
25000,199.9999999998967,-516597.5366959323,301.95779336880895,1.0249652281482318,107
30000,219.99999999985008,-514145.2101903171,300.7497193073949,1.0247741999357416,107
35000,239.99999999980346,-515945.60171905323,302.7424982228049,1.0255012483729822,107
40000,259.99999999978525,-515338.7442161767,302.67965342901977,1.024484572794413,107
45000,279.99999999988074,-516112.98808937636,302.9087534037003,1.0243617491662833,107
50000,299.99999999997624,-515772.81660662824,299.9589401353788,1.0281130632630595,107
55000,320.00000000007174,-514528.72878971766,302.21341912596097,1.024210577543367,107
60000,340.00000000016723,-515430.7873655178,302.2518406015301,1.0243037716135777,107
65000,360.00000000026273,-515957.5577420194,300.57905939197354,1.0315297751920929,107
70000,380.0000000003582,-516062.59041318577,300.43479001534706,1.0219767724353188,107
75000,400.0000000004537,-515830.08008552087,300.8240161951791,1.021983641183358,107
80000,420.0000000005492,-514588.4804174246,300.6915664917751,1.0265454356885513,107
85000,440.0000000006447,-514702.7743457407,300.2857769649967,1.028617000554623,107
90000,460.0000000007402,-516009.370000046,298.31943599360585,1.0252023823812237,107
95000,480.0000000008357,-517055.60387600726,299.76041893218616,1.0233830507694748,107
100000,500.0000000009312,-514917.75471497746,301.1362126456126,1.0247372580515475,107
105000,520.0000000010267,-515978.78510952415,300.54741619004926,1.025498789860562,107
110000,540.0000000011222,-516787.3222330853,300.17988329974463,1.0295642998450782,107
115000,560.0000000012177,-514822.41904877685,302.8829150823962,1.022579643146275,107
120000,580.0000000013132,-514746.2603605669,303.7721761007401,1.0228287179671454,107
125000,600.0000000014087,-514319.63324624114,301.09651103614044,1.0265887518765078,107
130000,620.0000000015042,-515523.8277304908,303.52773866795366,1.027696267480592,107
135000,640.0000000015997,-514837.17822525254,301.99650508070164,1.026187162601189,107
140000,660.0000000016952,-515503.60229887767,300.14203758877653,1.0257849235892642,107
145000,680.0000000017907,-515659.8371161809,302.7701660078106,1.0257363298466324,107
150000,700.0000000018862,-514819.31435995456,301.9702723969358,1.0234203682587752,107
155000,720.0000000019817,-515175.8491525706,300.1966869971159,1.0273254747694271,107
160000,740.0000000020772,-516780.1203054418,302.91873309518064,1.0297467160586304,107
165000,760.0000000021727,-515039.8125439477,299.6824930437389,1.0280743170055107,107
170000,780.0000000022682,-516508.591529144,300.1345109191429,1.0266621572993038,107
175000,800.0000000023637,-515444.3822031908,300.4788203143648,1.0233913231885463,107
180000,820.0000000024592,-516854.270655083,299.5310751681339,1.0245292004299014,107
185000,840.0000000025547,-516448.18062523403,299.66674833385883,1.027175084882516,107
190000,860.0000000026502,-515877.9127621348,302.60345680007595,1.0267804714036468,107
195000,880.0000000027457,-515296.08033732837,299.8630370649286,1.022350617594051,107
200000,900.0000000028411,-515170.69194736215,302.50485585729024,1.0288464827760198,107
205000,920.0000000029366,-515938.08542820974,300.80476720618657,1.028173359912832,107
210000,940.0000000030321,-515780.3707886466,300.0642104904177,1.0282386655362914,107
215000,960.0000000031276,-515015.3422776088,301.82063376898617,1.0209703708897933,107
220000,980.0000000032231,-517415.5362042426,300.843027533011,1.0287725739330182,107
225000,1000.0000000033186,-516211.858175464,300.47582256406054,1.0258618117107998,107
230000,1020.0000000034141,-514688.91537173605,298.25175024884766,1.0268880469671464,107
235000,1040.0000000030548,-516356.66084142774,301.6626074034231,1.0297898638514784,107
240000,1060.0000000025818,-517253.5187102952,302.550779750755,1.028917208309065,107
245000,1080.000000002109,-516874.61562385433,301.8207421548054,1.0261310727769866,107
250000,1100.000000001636,-516174.9270075492,301.9878072828891,1.0277487611890106,107
255000,1120.000000001163,-515314.03631429747,301.70819122791596,1.0252321445272738,107
260000,1140.00000000069,-515570.1986687195,301.43338854838066,1.023737615234559,107
265000,1160.0000000002171,-515937.82889011316,300.16251862969085,1.0257393811164406,107
270000,1179.9999999997442,-515644.0186024299,300.9094350429406,1.0270533667680546,107
275000,1199.9999999992713,-515252.9477031729,300.89710948471634,1.0250857972820953,107
280000,1219.9999999987983,-516272.36802929617,299.5878362086888,1.0225868104798712,107
285000,1239.9999999983254,-516047.0120541265,303.4078416915662,1.0302936517486811,107
290000,1259.9999999978525,-515275.01265943167,301.2042066748558,1.023152763164477,107
295000,1279.9999999973795,-515553.3392868866,301.5131132427115,1.026553082585041,107
300000,1299.9999999969066,-516723.7555947297,300.1890982008508,1.022556399400374,107
305000,1319.9999999964336,-515661.8128186555,300.7450959840499,1.0264764540503022,107
310000,1339.9999999959607,-515446.5485430523,303.9347793516859,1.0261058541563388,107
315000,1359.9999999954878,-514641.96686427784,301.15260113522237,1.0247500247006371,107
320000,1379.9999999950148,-514758.57127925707,300.8041142877111,1.0213023882251049,107
325000,1399.999999994542,-516226.98766962904,301.0889894111664,1.0266817110054713,107
330000,1419.999999994069,-515304.7963409582,302.35850261614536,1.0242769661351587,107
335000,1439.999999993596,-515032.7889105638,300.9680934682549,1.0253474437052357,107
340000,1459.999999993123,-516393.53628849005,302.60678314211054,1.02855431886386,107
345000,1479.9999999926501,-517464.46362981596,300.6376889278655,1.0292572663134878,107
350000,1499.9999999921772,-515666.10738227586,301.728313559516,1.0242501553912677,107
355000,1519.9999999917043,-515964.94197673607,301.1136510502601,1.0254029912596265,107
360000,1539.9999999912313,-515971.9451204648,299.3701572823687,1.0255996506369107,107
365000,1559.9999999907584,-514986.5084652675,305.043106501744,1.0252645288106923,107
370000,1579.9999999902855,-515384.1284027614,302.088173999605,1.026583876024917,107
375000,1599.9999999898125,-514717.635627449,300.912331082554,1.0204335053571312,107
380000,1619.9999999893396,-516470.22820307966,301.6276437288366,1.0277350095921545,107
385000,1639.9999999888666,-516210.9429830082,300.59957884540955,1.0270571374662767,107
390000,1659.9999999883937,-516500.2501092893,301.52283834986855,1.0228903832370242,107
395000,1679.9999999879208,-515976.6495647691,302.6080984442024,1.0244791026722164,107
400000,1699.9999999874478,-516898.61916174577,303.370439157251,1.0264521456763578,107
405000,1719.999999986975,-516356.0171335621,301.4179251925513,1.0249507301018557,107
410000,1739.999999986502,-516111.1483771568,302.9689888227798,1.0200683802215842,107
415000,1759.999999986029,-513704.45128007396,303.3639450626681,1.0252968197684909,107
420000,1779.999999985556,-516817.4721223619,300.82390041121124,1.0257632656075262,107
425000,1799.9999999850832,-517161.9519052296,300.5396185186962,1.0321507358362207,107
430000,1819.9999999846102,-515469.73298606277,301.7752385943344,1.0241525637449358,107
435000,1839.9999999841373,-515409.9554289449,300.9204543250296,1.023061349773789,107
440000,1859.9999999836643,-515599.3264319063,300.3907996896135,1.0285916106111233,107
445000,1879.9999999831914,-515296.0820344412,297.4782080450508,1.0271219167411,107
450000,1899.9999999827185,-516355.7823411394,298.4558773293708,1.0269459029222283,107
455000,1919.9999999822455,-515332.8481480463,302.75261720681726,1.024674447054102,107
460000,1939.9999999817726,-515417.9756872358,299.8685973674006,1.0236721212784898,107
465000,1959.9999999812997,-515006.3279066477,302.0223501426036,1.0249969007665636,107
470000,1979.9999999808267,-515513.7210385599,300.7856854460919,1.0231155008082768,107
475000,1999.9999999803538,-516047.4290687295,301.2883225032855,1.0279819638366476,107
480000,2019.9999999798808,-514795.80558336084,302.466059694568,1.0261193382698939,107
485000,2039.999999979408,-516031.2703914789,301.2306718989513,1.0230011694194032,107
490000,2059.999999978935,-515219.2631805851,301.0487018206835,1.0274381707530096,107
495000,2079.9999999784623,-514947.54749758565,303.1009961423102,1.0247520333285793,107
500000,2099.9999999779893,-515873.658193724,301.7297605465393,1.0273014074307076,107
505000,2119.9999999775164,-514138.27151999087,301.00065757730073,1.0239795978099377,107
510000,2139.9999999770434,-515546.44106240524,301.2259007051611,1.023332212856258,107
515000,2159.9999999765705,-516149.38306043064,300.879558303707,1.0254519787303038,107
520000,2179.9999999760976,-514759.6158668732,301.0943107508326,1.02321898612255,107
525000,2199.9999999756246,-517096.0278146572,299.3150506985467,1.0295451353095901,107
530000,2219.9999999751517,-515264.61174379336,299.9153299665559,1.0232230051397675,107
535000,2239.9999999746788,-516456.3602710704,301.91250213051245,1.027547430941997,107
540000,2259.999999974206,-515812.49522874714,300.3708414587233,1.0244502898671248,107
545000,2279.999999973733,-515649.2111434832,302.94640393213405,1.027205194643652,107
550000,2299.99999997326,-515472.6232131538,302.10626166523065,1.0246903869292174,107
555000,2319.999999972787,-515198.6283073006,302.41069487094336,1.0236815811208078,107
560000,2339.999999972314,-516569.22668006714,301.17995228635107,1.0300333931461434,107
565000,2359.999999971841,-515756.17678529327,301.1157437745394,1.0201070336782818,107
570000,2379.999999971368,-515375.15357494284,299.3209630914816,1.0265663516820764,107
575000,2399.9999999708953,-517215.66757802153,299.76333674775395,1.0280499298628956,107
580000,2419.9999999704223,-515022.2740734883,300.81983574675564,1.0216439298265707,107
585000,2439.9999999699494,-515419.1558880042,301.44693643065386,1.0245122213873323,107
590000,2459.9999999694764,-514749.749763872,299.6238189047571,1.023718594682671,107
595000,2479.9999999690035,-516393.83242730726,302.1006859206921,1.0274150671682092,107
600000,2499.9999999685306,-515435.6589601175,299.03799604294727,1.0263367560313224,107
605000,2519.9999999680576,-516337.6171668996,298.568123458306,1.0285186481634316,107
610000,2539.9999999675847,-515027.2566582593,301.040972729309,1.0263350191996454,107
615000,2559.9999999671118,-515629.9150397412,301.1824295043781,1.0225316860293392,107
620000,2579.999999966639,-515225.10599548556,303.12439623888514,1.0235693967436859,107
625000,2599.999999966166,-516840.66499910876,301.30314520596534,1.0254358673686872,107
630000,2619.999999965693,-516628.04638342815,299.95911891287426,1.0264291619285681,107
635000,2639.99999996522,-515901.1224742974,300.038176657324,1.0248453853858122,107
640000,2659.999999964747,-516631.2611004673,301.6244058276758,1.0262625211628953,107
645000,2679.999999964274,-516096.75482456596,299.90309527666926,1.0257176681347169,107
650000,2699.999999963801,-515258.4698512193,302.4645327971361,1.0201031984216358,107
655000,2719.9999999633283,-517092.7337896798,301.35576541092985,1.025294763692776,107
660000,2739.9999999628553,-516238.9757931356,299.97769492976266,1.025844725975438,107
665000,2759.9999999623824,-515302.2774581162,299.9833837894959,1.0214070873089829,107
670000,2779.9999999619095,-517149.0510953923,299.1023118244718,1.028426123192095,107
675000,2799.9999999614365,-516759.21434862027,302.1932488969997,1.022776129678778,107
680000,2819.9999999609636,-515269.5440613292,300.5250863802867,1.024276972190528,107
685000,2839.9999999604906,-515425.96071838075,299.17797142227244,1.0264724266082426,107
690000,2859.9999999600177,-517007.77660951903,302.8910527698788,1.026447741318947,107
695000,2879.9999999595448,-514689.3987532933,300.29942789326793,1.022851997059728,107
700000,2899.999999959072,-516239.7912567789,302.748921922918,1.0291014023572918,107
705000,2919.999999958599,-516611.439716134,299.00139179027224,1.0273183261083492,107
710000,2939.999999958126,-516167.90188353835,300.9441572902218,1.025609275336583,107
715000,2959.999999957653,-516603.11694580596,299.5588010805983,1.0291632586331443,107
720000,2979.99999995718,-515960.3427169041,302.4616433238878,1.0312415933269012,107
725000,2999.999999956707,-516534.98995212093,301.2510612731267,1.0242503199974007,107
730000,3019.999999956234,-515167.9408440795,299.5347995837004,1.0213290588263038,107
735000,3039.9999999557613,-515894.15768083604,299.82599012936583,1.0254375764844703,107
740000,3059.9999999552883,-514972.01606310206,299.7624493116422,1.0283736735706503,107
745000,3079.9999999548154,-516273.4862179109,302.4522576088825,1.0296243272148005,107
750000,3099.9999999543425,-514791.81242659595,301.1082782079725,1.0261797178445904,107
755000,3119.9999999538695,-515429.1804810418,302.6621335233211,1.0265816873424887,107
760000,3139.9999999533966,-516508.716688243,301.286826986207,1.024410595840625,107
765000,3159.9999999529236,-515965.39429318206,298.6928862051663,1.0230226083352107,107
770000,3179.9999999524507,-515214.4855194979,302.2902561363914,1.0256265795539117,107
775000,3199.9999999519778,-515729.94279959425,299.65153012068043,1.0249920474835454,107
780000,3219.999999951505,-516117.6169005751,297.8671171510509,1.0259279233073295,107
785000,3239.999999951032,-515862.54611316463,303.39422418994485,1.0242052303776652,107
790000,3259.999999950559,-514196.88603256154,303.22563094248096,1.0280038228239494,107
795000,3279.999999950086,-516351.1804180315,300.4947104820007,1.0275480681443059,107
800000,3299.999999949613,-516242.2395689264,299.6427700251083,1.0261094138557496,107
805000,3319.99999994914,-514927.1707539668,299.7416033662826,1.0234456811761676,107
810000,3339.999999948667,-515915.9685480525,300.0931868324571,1.025650092633643,107
815000,3359.9999999481943,-516543.73957499675,302.0355009589203,1.0306150518482742,107
820000,3379.9999999477213,-516661.8930846541,299.7508113846396,1.0241339232573685,107
825000,3399.9999999472484,-516123.8628395966,299.8005711773892,1.0286001161103833,107
830000,3419.9999999467755,-515602.3230837011,300.72010720775876,1.0228416840944357,107
835000,3439.9999999463025,-515410.480304857,298.95598778466217,1.0257257099273072,107
840000,3459.9999999458296,-516355.08449680405,300.8144419645134,1.0215345711521062,107
845000,3479.9999999453566,-515034.75657039974,303.7913610143778,1.02585468982215,107
850000,3499.9999999448837,-514996.4285152415,300.4440079099861,1.0290929038893335,107
855000,3519.999999944411,-517730.61738263676,300.8000409059406,1.025743005558752,107
860000,3539.999999943938,-516972.65354565205,302.1343604207968,1.0259945633734993,107
865000,3559.999999943465,-517503.46537152585,301.09605154215893,1.028702638167245,107
870000,3579.999999942992,-515655.62748878263,300.1064286679345,1.0247824848335825,107
875000,3599.999999942519,-515535.1141533186,300.86046655939856,1.0232803485972568,107
880000,3619.999999942046,-516736.23729793937,300.7777579186346,1.024596184071058,107
885000,3639.999999941573,-516138.55864736484,301.5981802740826,1.0282264811302202,107
890000,3659.9999999411,-516348.6053840702,301.4014790353028,1.028517536082741,107
895000,3679.9999999406273,-515641.7637068953,299.4649793197325,1.0263435024544227,107
900000,3699.9999999401543,-513605.25248057954,299.8651274916936,1.0246579237448072,107
905000,3719.9999999396814,-515989.40520272497,301.5416892813375,1.0264810322199065,107
910000,3739.9999999392085,-516025.88049288304,304.99435389165626,1.0263346291896018,107
915000,3759.9999999387355,-515602.2553842203,303.7176138979763,1.0232420549998975,107
920000,3779.9999999382626,-516340.60467482917,299.15194109543745,1.0267523685040996,107
925000,3799.9999999377897,-516767.682753511,301.66900851615424,1.0314842109440667,107
930000,3819.9999999373167,-516254.0594566602,303.57336080592165,1.0289354548335579,107
935000,3839.999999936844,-516281.2938556336,303.1019828804105,1.0299182251442,107
940000,3859.999999936371,-514872.0475316113,302.6702681345431,1.0264563208993125,107
945000,3879.999999935898,-516857.2017512487,300.72674863163616,1.0272715401937016,107
950000,3899.999999935425,-515919.67761667096,301.79318745203176,1.0278847938020643,107
955000,3919.999999934952,-515696.21924219816,301.11111202324946,1.0221002754265802,107
960000,3939.999999934479,-516526.7458391106,298.91198334667035,1.0237395910289595,107
965000,3959.999999934006,-516529.8810132572,300.19805057930176,1.0252988926720947,107
970000,3979.999999933533,-516844.69480714365,301.2158949407036,1.0258077318560601,107
975000,3999.9999999330603,-515975.7373065308,302.2004375290108,1.0244176806007168,107
980000,4019.9999999325873,-517071.99582153326,301.0980669980082,1.0220685105647045,107
985000,4039.9999999321144,-515686.74033558764,301.0884776714605,1.02518678168331,107
990000,4059.9999999316415,-515656.08851642534,298.75530489233836,1.0264560472961592,107
995000,4079.9999999311685,-515898.4234104161,299.82750783578996,1.031027357246899,107
1000000,4099.999999930696,-515720.5329446478,298.9103777262214,1.0262447496031568,107
1005000,4119.999999930223,-516652.856335999,300.80672184744105,1.0286634996648418,107
1010000,4139.99999992975,-517576.7023041756,299.33652673020333,1.0305385698756286,107
1015000,4159.999999929277,-515908.48761808197,301.66455270588705,1.025548487804397,107
1020000,4179.999999928804,-516218.3251008841,301.54371381089004,1.0298534602250102,107
1025000,4199.999999928331,-515175.744426687,298.56348954773665,1.023394032784917,107
1030000,4219.999999927858,-516286.9541082452,299.77800364189244,1.0238684339985624,107
1035000,4239.999999927385,-515356.5317848255,298.7056639508011,1.0249851681558775,107
1040000,4259.999999926912,-516073.5764495628,301.48363835987874,1.025895804036754,107
1045000,4279.999999926439,-514891.0968148613,301.3512549599254,1.0208219711905193,107
1050000,4299.999999925966,-515527.56900414824,303.2046238691154,1.024279281980221,107
1055000,4319.999999925493,-515877.1169084427,301.3572412743018,1.025750715471299,107
1060000,4339.99999992502,-514754.481077668,299.96419455412354,1.0261916299843794,107
1065000,4359.999999924547,-515112.88202758273,300.10533465428307,1.0214229400686226,107
1070000,4379.9999999240745,-517094.94507878623,298.97303439471546,1.024835036530035,107
1075000,4399.9999999236015,-515495.91145907575,300.1919905967208,1.0224974570736076,107
1080000,4419.999999923129,-515813.2537702557,301.41602351910336,1.0263286115853145,107
1085000,4439.999999922656,-517394.0112611451,300.8892143352103,1.030551007048665,107
1090000,4459.999999922183,-515998.93894086685,301.23913996056217,1.0216245646600746,107
1095000,4479.99999992171,-516165.0307559017,300.0789057069042,1.027146376045823,107
1100000,4499.999999921237,-516439.52579738223,301.24024825663054,1.0296770359910234,107
1105000,4519.999999920764,-517262.3399257781,302.4325790740922,1.0297683009437673,107
1110000,4539.999999920291,-515807.2348557648,299.2107886576364,1.0250555156642926,107
1115000,4559.999999919818,-515444.8683506991,303.5920749393892,1.023107114670046,107
1120000,4579.999999919345,-514810.10464665224,300.2411315721065,1.0253403903765796,107
1125000,4599.999999918872,-515597.8842145463,302.49323122858317,1.0254570548163269,107
1130000,4619.999999918399,-515695.23538313014,303.40089011185717,1.0254904412317771,107
1135000,4639.999999917926,-515508.76074549207,300.1928141930619,1.024046205631989,107
1140000,4659.999999917453,-515495.983959473,302.05002008481483,1.0247116299151493,107
1145000,4679.99999991698,-516480.8047237685,301.4931898624424,1.0281877994017146,107
1150000,4699.9999999165075,-515618.70448298426,301.2457300113992,1.0255517776422518,107
1155000,4719.9999999160345,-515215.13167835446,299.51224476283187,1.0265438952341956,107
1160000,4739.999999915562,-515395.13407601067,303.01817228791293,1.0262526636561553,107
1165000,4759.999999915089,-515658.61938322615,299.61243209838244,1.025866953517059,107
1170000,4779.999999914616,-516388.4072715256,300.627927466928,1.0281188086970068,107
1175000,4799.999999914143,-516415.0464723082,299.6246639523445,1.0280739915912427,107
1180000,4819.99999991367,-515939.16667854437,302.2701790297808,1.0256286197591284,107
1185000,4839.999999913197,-516237.704577151,301.7222551831725,1.0288575736298937,107
1190000,4859.999999912724,-516915.2604043442,300.581342314077,1.030364311114598,107
1195000,4879.999999912251,-516150.9932234124,300.6527155075326,1.0240798376816043,107
1200000,4899.999999911778,-516224.3900364132,301.8117509614771,1.0255581752291998,107
1205000,4919.999999911305,-516486.05802358896,301.95745769976827,1.029439980767039,107
1210000,4939.999999910832,-515952.3756385981,301.4874562912555,1.0264389697423777,107
1215000,4959.999999910359,-515941.3295378885,297.38135957042294,1.0256870371785136,107
1220000,4979.999999909886,-515514.03633557656,301.6546375023788,1.0301815461615287,107
1225000,4999.999999909413,-515847.06172729353,300.96657045784616,1.0252569657635042,107
1230000,5019.9999999089405,-514907.78625929076,302.9341560281873,1.0210267292150867,107
1235000,5039.9999999084675,-516289.17055254686,300.22356690771846,1.0247796816190913,107
1240000,5059.999999907995,-516676.00265181414,300.7152452704432,1.0237079775056417,107
1245000,5079.999999907522,-514421.1480126055,297.997022220755,1.0223865759896393,107
1250000,5099.999999907049,-515341.4706596518,302.2499167658927,1.0271451817834978,107
1255000,5119.999999906576,-515186.76255856315,301.26589808228937,1.0280382314077479,107
1260000,5139.999999906103,-516111.7914735668,300.6427051320254,1.028004004189883,107
1265000,5159.99999990563,-515348.2451404133,302.6969261806969,1.0282453500429474,107
1270000,5179.999999905157,-516988.10295546567,301.56901974313223,1.0313541162199664,107
1275000,5199.999999904684,-517138.4093531817,301.2923030070407,1.024746059423855,107
1280000,5219.999999904211,-516331.0873986408,300.7540020839362,1.0261166392966214,107
1285000,5239.999999903738,-516233.33665939816,298.907599396061,1.0296153960282586,107
1290000,5259.999999903265,-515826.3398220255,301.4881450306381,1.0249705295821352,107
1295000,5279.999999902792,-516990.2826076993,299.16327522888304,1.0277050231490574,107
1300000,5299.999999902319,-516049.79382690624,300.40946553987317,1.0276750979902964,107
1305000,5319.999999901846,-516454.0036323152,303.6754930182247,1.0299971528626253,107
1310000,5339.9999999013735,-514692.7482696958,300.05264060390243,1.027357504055357,107
1315000,5359.999999900901,-516388.6930737735,301.81382965201436,1.0264638237439407,107
1320000,5379.999999900428,-516937.7594606909,304.04657473690537,1.023525548008741,107
1325000,5399.999999899955,-516434.6412903464,299.7261643536063,1.0262423947394657,107
1330000,5419.999999899482,-515006.51317880535,299.23678773491974,1.023850525608781,107
1335000,5439.999999899009,-517192.3288120865,301.36009148532577,1.0256247382445574,107
1340000,5459.999999898536,-514986.49310352025,302.75150311943634,1.0254354561459558,107
1345000,5479.999999898063,-515563.3486893156,302.3943418617166,1.026722084969824,107
1350000,5499.99999989759,-515947.39928511647,301.19954225801723,1.0217786328676746,107
1355000,5519.999999897117,-515019.2928696,302.7772264433307,1.0238957686831667,107
1360000,5539.999999896644,-516362.62977253716,298.74949593661137,1.0232615446680922,107
1365000,5559.999999896171,-515570.33917701687,300.0174024103317,1.0257313436797937,107
1370000,5579.999999895698,-515651.5033985521,300.5368337313014,1.026897474414247,107
1375000,5599.999999895225,-515905.1289566716,298.989072357745,1.0240803192784897,107
1380000,5619.999999894752,-515921.6722779118,300.0003856771583,1.0277571952369653,107
1385000,5639.999999894279,-516711.5797443001,300.51682084367894,1.025189826591575,107
1390000,5659.9999998938065,-517507.92624457343,301.9427447074895,1.0266304263492219,107
1395000,5679.999999893334,-515533.9619006929,300.4793607542565,1.0262081870704882,107
1400000,5699.999999892861,-516568.72843587724,301.0443448698593,1.0279289394710138,107
1405000,5719.999999892388,-515209.1120207433,300.71738151956066,1.0267431020359066,107
1410000,5739.999999891915,-516249.14281212725,304.60777091441713,1.02543260469193,107
1415000,5759.999999891442,-513752.10574636096,300.6927500699924,1.0239759441470275,107
1420000,5779.999999890969,-516595.3494861112,299.4747352260645,1.026927219082698,107
1425000,5799.999999890496,-515762.9373329377,302.56447899638255,1.0233259006488844,107
1430000,5819.999999890023,-515968.3986303918,300.17796053556793,1.029608469324286,107
1435000,5839.99999988955,-515852.6898248629,303.2288441360474,1.0237976176892458,107
1440000,5859.999999889077,-515187.7858544146,299.5690743539893,1.0205217143598053,107
1445000,5879.999999888604,-517057.97359496565,300.80705512100747,1.029053197074649,107
1450000,5899.999999888131,-515633.2693174002,298.7061524313286,1.0306858032266337,107
1455000,5919.999999887658,-515577.4807001122,300.8433598703803,1.0264900616598431,107
1460000,5939.999999887185,-517280.7336585778,301.89523766129,1.028134576434607,107
1465000,5959.999999886712,-516642.2568917407,300.1848264798232,1.0268976645455916,107
1470000,5979.9999998862395,-516846.4140159397,300.97647952732393,1.0301427672350016,107
1475000,5999.999999885767,-514963.4143910352,301.280818734314,1.0244160247934757,107
1480000,6019.999999885294,-515602.52946078964,302.7272720865632,1.024350992054202,107
1485000,6039.999999884821,-515489.8211005116,302.38860571941507,1.0254308490057429,107
1490000,6059.999999884348,-516992.78414163203,300.1309639869769,1.0264420129060305,107
1495000,6079.999999883875,-515432.78293787036,299.7126996452499,1.0273716756655205,107
1500000,6099.999999883402,-515430.2955687968,302.27418591733823,1.0282288393730736,107
1505000,6119.999999882929,-517197.7385351211,303.84213446693553,1.0313060283445787,107
1510000,6139.999999882456,-515127.0193348783,299.5839196213157,1.0240893737270027,107
1515000,6159.999999881983,-516893.4619304389,301.6139787940083,1.0257678927994864,107
1520000,6179.99999988151,-514710.27504238486,300.4485822580128,1.021942450639456,107
1525000,6199.999999881037,-516465.54950890737,301.1213660902359,1.0302129799869753,107
1530000,6219.999999880564,-517312.8994424625,300.98489471302634,1.0285534022264116,107
1535000,6239.999999880091,-515334.7546574448,302.96499892633085,1.0231180777848172,107
1540000,6259.999999879618,-515425.7541188481,301.98233878794383,1.022526200902209,107
1545000,6279.999999879145,-515392.4414734219,299.73403047901877,1.0230633695867686,107
1550000,6299.9999998786725,-516317.28697298607,300.87663846056853,1.0304579860524676,107
1555000,6319.9999998782,-515953.5046061934,301.6941912929419,1.0258559929405,107
1560000,6339.999999877727,-516943.7104008477,301.00252114345,1.0267561732846715,107
1565000,6359.999999877254,-514606.5733224165,302.13929350176323,1.0260699948037,107
1570000,6379.999999876781,-517283.5958653402,299.12939995638646,1.027265013071935,107
1575000,6399.999999876308,-515805.06232588016,301.8746916209791,1.0274045568558565,107
1580000,6419.999999875835,-516955.6704494655,302.13879179830684,1.0298374414915403,107
1585000,6439.999999875362,-514864.89783150004,303.5006357835326,1.0242663799015,107
1590000,6459.999999874889,-516184.31336385873,298.85658289236454,1.0242850287173442,107
1595000,6479.999999874416,-515975.410566848,300.4680878666079,1.0243589690647295,107
1600000,6499.999999873943,-515379.67912030965,301.3623504845687,1.0246817022438883,107
1605000,6519.99999987347,-515778.14817163814,302.4929673974883,1.0293361219087571,107
1610000,6539.999999872997,-514131.4768965689,300.592903652672,1.024137657585183,107
1615000,6559.999999872524,-514279.86593826185,300.6953252252121,1.0239170872826284,107
1620000,6579.999999872051,-516670.0181773456,298.7228459849822,1.0231778151614748,107
1565000,6359.999999877254,-516023.85771839716,299.931449766373,1.030608524587973,--
1570000,6379.999999876781,-514858.1468088082,299.2658797783157,1.0254301019838763,106
1575000,6399.999999876308,-514332.92155562784,300.9076519927908,1.0232267342133983,106
1580000,6419.999999875835,-515511.5980902035,300.1187091258162,1.028534704571743,106
1585000,6439.999999875362,-516479.09261910757,299.52024249087685,1.0275747294820998,106
1590000,6459.999999874889,-516154.7606666337,300.4621624412291,1.0252253486934633,106
1595000,6479.999999874416,-515363.9674563331,299.32080944051626,1.0268278524305965,107
1600000,6499.999999873943,-516717.7347069199,298.36632436432257,1.0292234633177777,107
1605000,6519.99999987347,-516848.6918483111,298.7707107577958,1.0216590845284816,107
1610000,6539.999999872997,-515863.63887298224,301.7178661533573,1.027027188043164,106
1615000,6559.999999872524,-515311.18766014185,302.75273767972897,1.023862950346349,106
1620000,6579.999999872051,-517031.6706166847,302.97203193988844,1.0273462200422476,106
1625000,6599.999999871578,-515642.43236809317,300.56941753768376,1.027007901343387,106
1630000,6619.9999998711055,-515660.1180524519,299.1003839099395,1.0275838038621803,106
1635000,6639.999999870633,-516536.90604716283,301.42842652033454,1.0269957698863614,106
1640000,6659.99999987016,-515808.09589388734,301.86845126994547,1.0222135778486685,106
1645000,6679.999999869687,-515992.7278802255,300.5453179606893,1.0274310622161416,106
1650000,6699.999999869214,-515724.5959318613,299.33847823087046,1.0245844748225545,106
1655000,6719.999999868741,-515245.9625445388,301.1086206747123,1.0260422133189637,106
1660000,6739.999999868268,-515855.4165543094,301.0039527336689,1.0233650293866734,106
1665000,6759.999999867795,-515794.3800638609,299.0995585136141,1.024197360556634,106
1670000,6779.999999867322,-515481.53705760324,301.75736546774334,1.0267886118755283,106
1675000,6799.999999866849,-515708.6308597708,300.14007896903945,1.0254982575524052,106
1680000,6819.999999866376,-515948.71253945655,300.0398416560281,1.0270254947313366,106
1685000,6839.999999865903,-515341.8219714146,300.48149155418423,1.0241682111409294,106
1690000,6859.99999986543,-515739.19131108746,300.45511661081895,1.0248515117940735,106
1695000,6879.999999864957,-516532.6711745835,300.28156554100184,1.0306713583150986,106
1700000,6899.999999864484,-516114.9423176979,301.01002597729024,1.0260388721544094,106
1705000,6919.999999864011,-515292.2875581682,303.01094631197077,1.0216840683035815,106
1710000,6939.9999998635385,-515868.97569271876,303.94674147134407,1.0251660478313822,106
1715000,6959.999999863066,-515250.81140335905,303.3256572705819,1.023963018444124,106
1720000,6979.999999862593,-516118.07663155603,300.28947003793775,1.027594534965534,106
1725000,6999.99999986212,-516103.3589215162,301.524542325652,1.0269437738189615,106
1730000,7019.999999861647,-516139.6437485649,301.3326999145532,1.0220143075673007,106
1735000,7039.999999861174,-515899.8774889421,300.5717766686644,1.0274744836506764,106
1740000,7059.999999860701,-515504.6209102941,300.7667709426173,1.027199041568909,106
1745000,7079.999999860228,-516656.4867846742,301.7076511253855,1.0257663712920897,106
1750000,7099.999999859755,-514846.2935313084,298.765096051442,1.0252977803349352,106
1755000,7119.999999859282,-517198.1055518938,298.98166491030656,1.025543090282329,106
1760000,7139.999999858809,-516133.02629965986,302.5899791587556,1.029766868724859,106
1765000,7159.999999858336,-515832.8889198331,299.97611423576416,1.024732116399728,106
1770000,7179.999999857863,-515833.53991365014,300.01616835340457,1.028155238662991,106
1775000,7199.99999985739,-515157.81035558693,304.90086091144383,1.0244303138640727,106
1780000,7219.999999856917,-516270.2407593869,300.30816288421613,1.0292893285223306,106
1785000,7239.999999856444,-516611.6385774459,300.4745273525453,1.0311775170853443,106
1790000,7259.9999998559715,-514325.57023938023,298.60413743856407,1.0276898901332474,106
1795000,7279.999999855499,-515447.178778877,300.40207632543706,1.0318982192005417,106
1800000,7299.999999855026,-516067.61962693115,301.0828146222996,1.0219082396340404,106
1805000,7319.999999854553,-515343.1207735231,301.70910331858846,1.0270397389617925,106
1810000,7339.99999985408,-515955.9807399262,301.55527343635805,1.0266533928131552,106
1815000,7359.999999853607,-516468.9083227776,301.6260732091816,1.0260513597783296,106
1820000,7379.999999853134,-515136.5914272652,302.02732543971007,1.0215540560392797,106
1825000,7399.999999852661,-516867.1053508166,300.40404853383205,1.0237219093240515,106
1830000,7419.999999852188,-514441.5535249987,300.0493623731047,1.0249774070907216,106
1835000,7439.999999851715,-516556.0015609104,299.6470251799294,1.0293261704343957,106
1840000,7459.999999851242,-516113.4348041287,300.9380841581646,1.0249937606744004,106
1845000,7479.999999850769,-515513.9002171715,299.4168573244547,1.0254457155140735,106
1850000,7499.999999850296,-515312.3125921157,301.20398197647233,1.0223113138980842,106
1855000,7519.999999849823,-516254.64459084836,300.6240723739057,1.0280893896590388,106
1860000,7539.99999984935,-515638.3125473086,299.2525178381583,1.0206313799123041,106
1865000,7559.999999848877,-515749.43778321147,303.77960573108334,1.0279141912573613,106
1870000,7579.9999998484045,-515900.67003278434,304.3138823402489,1.0202746376036305,106
1875000,7599.999999847932,-515431.13311443245,300.9334816809344,1.0228955545654006,106
1880000,7619.999999847459,-514823.6718631999,300.6742648950535,1.0275091322632655,106
1885000,7639.999999846986,-515671.06075394363,299.209766448244,1.0253727275388105,106
1890000,7659.999999846513,-515035.2747541992,300.2092863814958,1.022432813896803,106
1895000,7679.99999984604,-516335.69355501654,302.8048593526717,1.0255862596296619,106
1900000,7699.999999845567,-518233.3706495357,300.7502176247436,1.0340897329510725,106
1905000,7719.999999845094,-515788.45437078946,301.1582731763383,1.0207146380757843,106
1910000,7739.999999844621,-517102.90487377835,299.51621468402135,1.0291470371575577,106
1915000,7759.999999844148,-516873.6610747948,300.7431709878607,1.0281599573473053,106
1920000,7779.999999843675,-515945.0875479784,301.16501593837086,1.0283082978507079,106
1925000,7799.999999843202,-514932.82997513725,303.0689736300377,1.0218239290885869,106
1930000,7819.999999842729,-515654.454501939,302.0469289276961,1.0263984128585697,106
1935000,7839.999999842256,-515360.2154850289,300.4086313869474,1.0243892068801508,106
1940000,7859.999999841783,-515597.45986334863,300.47976121274695,1.0242027698713585,106
1945000,7879.9999998413105,-516107.44453028846,301.3098488826942,1.0270411942834017,106
1950000,7899.9999998408375,-515780.50559779536,302.29797542058816,1.0263560830131915,106
1955000,7919.999999840365,-516311.23242054344,302.3093689706419,1.0288237519837242,106
1960000,7939.999999839892,-515843.8566794321,300.54976356451044,1.0235952999258267,106
1965000,7959.999999839419,-515224.7841513441,300.02176534632304,1.0262883803051701,106
1970000,7979.999999838946,-515395.24492322584,302.62125781059433,1.0288766137723626,106
1975000,7999.999999838473,-516802.5011267648,301.66986811489295,1.0297962940952452,106
1980000,8019.999999838,-517625.989357057,300.944623746539,1.02569670315387,106
1985000,8039.999999837527,-515157.5822980744,302.51144688592103,1.0293016434662685,106
1990000,8059.999999837054,-514902.5171581961,300.47089482559954,1.0270778892171748,106
1995000,8079.999999836581,-515560.5243704631,300.16974106692766,1.0210851390466336,106
2000000,8099.999999836108,-515510.36485027685,301.89585409637715,1.0258559071043163,106
2005000,8119.999999835635,-515981.42517999676,299.2577818046582,1.027904062773597,106
2010000,8139.999999835162,-516511.7033469917,299.21867619362627,1.0260791379871672,106
2015000,8159.999999834689,-516973.3026897833,301.1082100962874,1.0266814934768618,106
2020000,8179.999999834216,-515335.8835815978,298.7030578151983,1.0235959101464494,106
2025000,8199.999999835562,-516760.8721017898,303.7935744948547,1.0275284636208808,106
2030000,8219.999999839636,-517173.6468530663,301.9696898982067,1.0269782571136483,106
2035000,8239.99999984371,-516036.50846397784,302.48512153708657,1.0304631588110689,106
2040000,8259.999999847785,-516237.19193711877,301.59230748810285,1.0257518074516343,106
2045000,8279.99999985186,-515669.3552614453,300.5234274068661,1.0283137927200618,106
2050000,8299.999999855934,-516947.5945758859,299.863399572188,1.0263030948098348,106
2055000,8319.999999860009,-516682.29209676245,302.489871836964,1.0285187275884984,106
2060000,8339.999999864083,-515268.8958773981,301.22552024263575,1.0249246368885028,106
2065000,8359.999999868158,-516828.2383918518,299.612996652884,1.0274038626039887,106
2070000,8379.999999872232,-515769.12348454073,301.3913067608863,1.0289572089235408,106
2075000,8399.999999876307,-516448.4127738087,301.2045497043236,1.026420053092311,106
2080000,8419.999999880381,-515999.9599040013,299.70354475271165,1.0222866471362608,106
2085000,8439.999999884456,-517561.4930867064,303.78040437030427,1.0269770152753945,106
2090000,8459.99999988853,-516952.3875767512,298.2475656271885,1.0261686060652804,106
2095000,8479.999999892605,-515307.37487363373,301.2085848517957,1.0268506824704098,106
2100000,8499.99999989668,-516274.57959603705,299.8642804077766,1.0298182902552921,106
2105000,8519.999999900754,-515839.4181286427,302.2721899474659,1.0238268261454613,106
2110000,8539.999999904829,-515958.2595577773,298.9362072137025,1.028503518736908,106
2115000,8559.999999908903,-515712.7390605279,305.00830471938895,1.0222253455565284,106
2120000,8579.999999912978,-516179.1187185524,300.99359429139287,1.0276532549870365,106
2125000,8599.999999917052,-515087.1622102023,300.15695685712694,1.0220742080104306,106
2130000,8619.999999921127,-516241.3831700478,297.5006495851078,1.0256061560956484,106
2135000,8639.999999925201,-517070.89112492325,300.1953496258037,1.024804580741477,106
2140000,8659.999999929276,-516488.0180093299,302.380791024001,1.0194367959985555,106
2145000,8679.99999993335,-515784.300912502,299.6359196299413,1.0239415513041092,106
2150000,8699.999999937425,-515325.56667539454,302.4680807249849,1.0261353541374596,106
2155000,8719.9999999415,-516632.0540051274,301.4057462555364,1.0271349235284104,106
2160000,8739.999999945574,-516287.7174087758,301.28113462960516,1.0264716764568718,106
2165000,8759.999999949649,-516436.19913727883,302.1162395714955,1.0273483315505616,106
2170000,8779.999999953723,-515857.7899704976,301.14189945831436,1.0287070601869563,106
2175000,8799.999999957798,-516265.55409950763,300.94851526478834,1.0239554121454633,106
2180000,8819.999999961872,-516218.53584201005,303.44635851333226,1.023621930720396,106
2185000,8839.999999965947,-516941.04152570735,302.7186878689215,1.0276745846772577,106
2190000,8859.999999970021,-514712.1739122295,301.64213092447056,1.0262613093903996,106
2195000,8879.999999974096,-515216.0250205735,297.7073654591044,1.0245697126824473,106
2200000,8899.99999997817,-516458.3131945678,300.46763533730933,1.0266226407666095,106
2205000,8919.999999982245,-515805.79663619446,299.9466798993703,1.0219424326031163,106
2210000,8939.99999998632,-515742.3347336026,299.17685248141083,1.0283139194600397,106
2215000,8959.999999990394,-516028.05178310745,298.56873645473553,1.024688968535951,106
2220000,8979.999999994468,-515430.4587718181,301.05555984206325,1.0260782931468393,106
2225000,8999.999999998543,-515224.0857069981,298.30158738906863,1.026259795065177,106
2230000,9020.000000002618,-516455.16826609476,302.2223264039705,1.0260438650212371,106
2235000,9040.000000006692,-515217.3436950911,301.0590582460336,1.0231296980848685,106
2240000,9060.000000010767,-515084.17309158645,301.7843902664921,1.0206909157344486,106
2245000,9080.000000014841,-515888.5657451602,300.07400400625215,1.0298069355649693,106
2250000,9100.000000018916,-516871.4425443928,299.25545769879494,1.0261947600729184,106
2255000,9120.00000002299,-516119.4636687997,302.80752087693054,1.0267125487665947,106
2260000,9140.000000027065,-515610.8266981307,302.97006218310565,1.027756366629558,106
2265000,9160.00000003114,-517623.7272766009,303.8691621503359,1.0267517289034103,106
2270000,9180.000000035214,-516355.620669598,300.4797724754924,1.0252246307847959,106
2275000,9200.000000039288,-514943.31081181066,302.1822289154799,1.0268039657665182,106
2280000,9220.000000043363,-516476.2620677608,300.44996920568354,1.0253795473939982,106
2285000,9240.000000047437,-515903.9366605079,300.5979698784204,1.0234130564012283,106
2290000,9260.000000051512,-515342.8002168746,298.99498346035887,1.0226513209462644,106
2295000,9280.000000055586,-515740.51906647836,301.1941346424661,1.025414272672388,106
2300000,9300.000000059661,-516004.01413694886,302.6685356766439,1.0236453991721897,106
2305000,9320.000000063736,-516031.12081340724,301.40838914232666,1.0257398651639555,106
2310000,9340.00000006781,-514642.9506358693,300.2336486218823,1.0215035024724886,106
2315000,9360.000000071885,-516244.16238711774,299.7747097355087,1.024153770040045,106
2320000,9380.00000007596,-516234.4328830531,302.4831014147597,1.026649598564744,106
2325000,9400.000000080034,-515184.74597815704,302.94971214693595,1.0258757438652581,106
2330000,9420.000000084108,-517106.54512006766,301.58379014455124,1.0309019100216326,106
2335000,9440.000000088183,-516979.8836630469,299.3381486420644,1.0284381815301034,106
2340000,9460.000000092257,-515845.8527131828,300.9152649317363,1.0238196705637772,106
2345000,9480.000000096332,-515444.9752953814,300.4307111756091,1.0272877558109246,106
2350000,9500.000000100406,-515191.91341994284,300.4701741699763,1.0216692133475904,106
2355000,9520.000000104481,-516375.06662600045,302.74917936866404,1.0263036095621878,106
2360000,9540.000000108555,-515330.3653280875,299.1570374590476,1.0247157633074095,106
2365000,9560.00000011263,-515831.9582276067,301.0557711010102,1.0269620046776142,106
2370000,9580.000000116705,-516741.85564839887,302.3063717859531,1.028974641511098,106
2375000,9600.000000120779,-515371.5798945117,301.5627304340102,1.0248523887498973,106
2380000,9620.000000124854,-516106.4522574658,301.40786242523325,1.025525218135714,106
2385000,9640.000000128928,-515535.4728055047,301.35118798936406,1.0258064425220816,106
2390000,9660.000000133003,-516529.9303212862,297.83894283332114,1.027760811289024,106
2395000,9680.000000137077,-515134.94293896365,302.78662225495657,1.0275633653018754,106
2400000,9700.000000141152,-517588.9306205192,302.53500175037664,1.029704412315727,106
2405000,9720.000000145226,-516400.11997876526,304.09465370147404,1.0303506099643576,106
2410000,9740.0000001493,-516403.4870664496,301.5324207585351,1.025754677776775,106
2415000,9760.000000153375,-515383.6051120511,301.52459082965464,1.023754470343572,106
2420000,9780.00000015745,-515973.0808987743,298.402144402944,1.0242746325813172,106
2425000,9800.000000161524,-516581.01670875866,302.2449561861332,1.027084983475603,106
2430000,9820.000000165599,-516672.508612419,302.820587663028,1.0247085839387013,106
2435000,9840.000000169674,-515878.5641899407,302.7453211155684,1.0289200462981516,106
2440000,9860.000000173748,-516096.86388524086,298.78189775533104,1.0242624931213162,106
2445000,9880.000000177823,-516188.11450026534,302.9019290168344,1.0286697425501072,106
2450000,9900.000000181897,-515629.3937843598,299.1234465957866,1.026016234904804,106
2455000,9920.000000185972,-514323.22707099235,302.1743328923174,1.0259160302658503,106
2460000,9940.000000190046,-516690.7326271096,300.73221207932016,1.0261801782864934,106
2465000,9960.00000019412,-517653.2230955623,303.09867902989043,1.0302290303165436,106
2470000,9980.000000198195,-516745.5946786816,301.03137157801444,1.0217481304784652,106
2475000,10000.00000020227,-515775.2661889172,298.72318411656244,1.022459296213925,106
2480000,10020.000000206344,-516331.7537794898,302.8357043341645,1.0281786268614392,106
2485000,10040.000000210419,-514941.16383779864,301.762967897418,1.0258758155716001,106
2490000,10060.000000214493,-515503.0029390156,300.9572321435649,1.0267339666517585,106
2495000,10080.000000218568,-515893.64652688033,301.1151353465741,1.028364871155327,106
2500000,10100.000000222642,-516286.1235069074,299.76739537043426,1.0247099209203951,106
2505000,10120.000000226717,-515873.23057794734,300.0020711546894,1.0248042907791926,106
2510000,10140.000000230792,-516033.4156106396,301.8554678424788,1.0272153839362559,106
2515000,10160.000000234866,-516350.18389864266,302.9013275128769,1.0241221635191502,106
2520000,10180.00000023894,-516217.19528304297,301.9422261651927,1.028065581903476,106
2525000,10200.000000243015,-515535.5027411508,301.65372799792823,1.0237092395250096,106
2530000,10220.00000024709,-515136.2857628148,302.06526447965376,1.0261510110490097,106
2535000,10240.000000251164,-515817.6743570536,300.12800489945164,1.0247288859929764,106
2540000,10260.000000255239,-516465.74153072294,301.9447925672796,1.0274014084411005,106
2545000,10280.000000259313,-516716.1212688619,299.4920720878612,1.0266424412759305,106
2550000,10300.000000263388,-516105.9377931331,301.9830688876034,1.0275686422415398,106
2555000,10320.000000267462,-516501.6577784321,301.9748284287157,1.0276425243566916,106
2560000,10340.000000271537,-516818.31617020816,299.2197022284425,1.026620199737065,106
2565000,10360.000000275611,-516434.6522973855,300.4857132678009,1.0212282532299213,106
2570000,10380.000000279686,-516778.281114287,299.83791047435676,1.028483150056836,106
2575000,10400.00000028376,-515948.6367701241,299.37104735110915,1.0241639462963668,106
2580000,10420.000000287835,-515545.7438935023,302.06228022991036,1.0276837649436457,106
2585000,10440.00000029191,-516445.15703320503,302.08416607087565,1.028362438564333,106
2590000,10460.000000295984,-515994.88794841664,299.907817170329,1.0260261490837252,106
2595000,10480.000000300059,-515487.9368137808,301.5655516745117,1.024944962606128,106
2600000,10500.000000304133,-516210.83248494146,301.0529397993261,1.0244240023862596,106
2605000,10520.000000308208,-516211.9599065182,301.2302113269517,1.0247645212233127,106
2610000,10540.000000312282,-515057.1773234331,301.3353407770769,1.0256446169318194,106
2615000,10560.000000316357,-515235.93458726397,297.9158676644268,1.01982623460146,106
2620000,10580.000000320431,-515135.65811564284,300.01470362672836,1.0244645529031149,106
2625000,10600.000000324506,-515077.75063512474,302.4610213140454,1.0219864404871273,106
2630000,10620.00000032858,-515296.50915524387,302.14028392910797,1.0271484518737277,106
2635000,10640.000000332655,-515891.9413260226,300.41672166564337,1.0232352292011548,106
2640000,10660.00000033673,-516217.8474186107,300.55410546174346,1.0276729408844563,106
2645000,10680.000000340804,-515426.63028901885,302.7170630517007,1.0258603596728324,106
2650000,10700.000000344879,-517133.98578169313,300.69198356696603,1.0239989508738025,106
2655000,10720.000000348953,-515922.4617511921,299.32551778789497,1.0247633981414395,106
2660000,10740.000000353028,-516392.0030026445,300.0655630872569,1.0254150743235622,106
2665000,10760.000000357102,-515736.79901156994,300.89939077730025,1.025399733509003,106
2670000,10780.000000361177,-516872.8220815342,300.7897709892389,1.0250282114696443,106
2675000,10800.000000365251,-515782.9642062667,298.03975190550557,1.0260101274850084,106
2680000,10820.000000369326,-515903.98976249667,302.0952045900332,1.0267461246613592,106
2685000,10840.0000003734,-516222.5166631767,300.45510064093116,1.024045393733939,106
2690000,10860.000000377475,-515029.1077322811,300.1153202456499,1.024242850933203,106
2695000,10880.00000038155,-516931.6243754283,301.79695115299467,1.0228650543733873,106
2700000,10900.000000385624,-515531.7168993312,299.0781153846058,1.0241073984165905,106
2705000,10920.000000389698,-517035.8844082642,300.58700337669546,1.0261079634203734,106
2710000,10940.000000393773,-515327.54671373894,302.81594941590885,1.028524112046025,106
2715000,10960.000000397848,-516485.2060018978,303.0693032020655,1.0247746787786325,106
2720000,10980.000000401922,-515448.6667621555,299.07142302540313,1.0226103871007373,106
2725000,11000.000000405997,-515869.7051308276,299.8849367406599,1.027648607044433,106
2730000,11020.000000410071,-515884.3502475044,301.8285208898766,1.0281496612564238,106
2735000,11040.000000414146,-515824.8163977908,300.80555247685055,1.02491862437894,106
2740000,11060.00000041822,-516343.31537894905,302.4825793639124,1.025352577285428,106
2745000,11080.000000422295,-514986.96137226303,299.718726358074,1.027101770643205,106
2750000,11100.00000042637,-517228.60052136634,300.0929752503194,1.0277992195703078,106
2755000,11120.000000430444,-514941.5689756472,301.38656944663836,1.0238579138710149,106
2760000,11140.000000434518,-517066.1429509036,301.12840848538485,1.026913472048454,106
2765000,11160.000000438593,-515414.24497239874,303.5653702261673,1.0258904772047757,106
2770000,11180.000000442667,-517192.49049758306,301.1599557912939,1.0271763122238728,106
2775000,11200.000000446742,-515924.4723438604,299.46429024180804,1.0276225682898104,106
2780000,11220.000000450817,-516182.0576748913,301.72954235400124,1.0281272749635912,106
2785000,11240.000000454891,-515363.8127126831,299.2976915686187,1.0279130731816097,106
2790000,11260.000000458966,-515953.2953516906,301.9871664328091,1.0283852466570051,106
2795000,11280.00000046304,-515591.0595850735,300.58146693832185,1.0265013635447928,106
2800000,11300.000000467115,-515974.8445290765,300.87220675267855,1.0225605088382592,106
2805000,11320.00000047119,-516777.0714900703,302.8930344557213,1.0303779304885117,106
2810000,11340.000000475264,-516122.07731277123,301.17182158410105,1.0245996570672735,106
2815000,11360.000000479338,-516374.8019598981,297.90730627846307,1.0259174607583346,106
2820000,11380.000000483413,-516337.95546833565,301.72862622763,1.0265357493610365,106
2825000,11400.000000487487,-515601.4061626522,301.7077676944125,1.0250001791616907,106
2830000,11420.000000491562,-516331.10005418374,302.34911979294367,1.0238357218462335,106
2835000,11440.000000495636,-516790.9313917598,301.5093079063151,1.0247612754855657,106
2840000,11460.000000499711,-516439.04998866166,301.15524673431025,1.026303211810953,106
2845000,11480.000000503785,-516582.17606487893,301.9373774010732,1.0285476808184781,106
2850000,11500.00000050786,-515099.92689724616,301.36366734492225,1.024848398905083,106
2855000,11520.000000511935,-516114.39051499846,301.0139270782723,1.0216768717136289,106
2860000,11540.00000051601,-516201.3149498147,300.65139078242163,1.0206202156205373,106
2865000,11560.000000520084,-515416.44494642806,298.2940232828426,1.025154475837094,106
2870000,11580.000000524158,-515942.92358354153,303.7121450464134,1.0280325027733834,106
2875000,11600.000000528233,-515800.1154674217,300.6558179461444,1.0242601494960166,106
2880000,11620.000000532307,-515885.3458671905,301.5628390316161,1.0300364695391282,106
2885000,11640.000000536382,-515647.4109227811,301.1318304121106,1.0266444448346819,106
2890000,11660.000000540456,-515572.458316348,302.0263529507817,1.0260769245346113,106
2895000,11680.00000054453,-515999.4947760089,301.15056418874843,1.022001795562277,106
2900000,11700.000000548605,-517121.48024351755,301.78462013628024,1.027706731844679,106
2905000,11720.00000055268,-516007.67289491114,304.8035037225298,1.0224663383238672,106
2910000,11740.000000556754,-515949.04211284104,299.27996520904,1.0259613041047324,106
2915000,11760.000000560829,-515739.56441308814,301.9060694848167,1.0286833296920117,106
2920000,11780.000000564904,-515992.0300603544,301.3475007973666,1.0259756384975962,106
2925000,11800.000000568978,-516128.67223675665,300.5227738200273,1.0293741999774157,106
2930000,11820.000000573053,-515211.98425044795,301.7178795516002,1.023911645462373,106
2935000,11840.000000577127,-515733.2233470832,303.0411755946964,1.023228901079786,106
2940000,11860.000000581202,-515148.2150676253,300.78691323643847,1.0252420771296258,106
2945000,11880.000000585276,-515923.5448607183,300.6744347504728,1.0285699284977112,106
2950000,11900.00000058935,-514923.7438226298,299.8303746529986,1.023580461732485,106
2955000,11920.000000593425,-514651.64116983116,301.14105619340387,1.0255319468450557,106
2960000,11940.0000005975,-516448.1553752208,299.5949883456671,1.0253294840726923,106
2965000,11960.000000601574,-515976.99001446343,303.0437623133909,1.028131889880423,106
2970000,11980.000000605649,-515507.06890406436,297.7447036475322,1.0228519410124501,106
2975000,12000.000000609723,-515142.5526165778,300.48224417893164,1.026299152642024,106
2980000,12020.000000613798,-515537.95644548675,298.8339373236933,1.0259296325413956,106
2985000,12040.000000617873,-517399.62854957674,301.8729234169984,1.0277462541912428,106
2990000,12060.000000621947,-516867.4561426481,302.02526438786396,1.0278904342953366,106
2995000,12080.000000626022,-516023.3449940835,303.3947929805969,1.0308705747728875,106
3000000,12100.000000630096,-514706.8792951035,299.3404339980743,1.0259089748922796,106
3005000,12120.00000063417,-516211.3394296563,301.6928447917078,1.024369532398173,106
3010000,12140.000000638245,-515393.8637980358,304.061748117715,1.0298419293893064,106
3015000,12160.00000064232,-514106.44917143043,302.4173108097251,1.025450174043499,106
3020000,12180.000000646394,-516127.9182820525,300.27376239447966,1.0278916877025264,106
3025000,12200.000000650469,-515406.22809809353,301.59839704185566,1.0292802519151911,106
3030000,12220.000000654543,-514373.6795185921,299.5135964917426,1.0225603545722062,106
3035000,12240.000000658618,-515743.42354606604,300.386046787794,1.030780625548282,106
3040000,12260.000000662692,-515305.68423330295,302.049616264633,1.0234589216074161,106
3045000,12280.000000666767,-516695.0238475031,299.49248428162645,1.0265874943124167,106
3050000,12300.000000670841,-516426.4112389982,298.6765357895298,1.0287102502304193,106
3055000,12320.000000674916,-516425.6051702772,302.92845015149345,1.0299395491891323,106
3060000,12340.00000067899,-516472.30100269965,300.9470486127221,1.0293580547964793,106
3065000,12360.000000683065,-515853.6062374455,299.15603812016604,1.0285646084046423,106
3070000,12380.00000068714,-515373.89410755853,300.1799643988903,1.0265252606854298,106
3075000,12400.000000691214,-516934.27235496603,301.0843303536203,1.0240598745011273,106
3080000,12420.000000695289,-516291.8507830079,302.0116460542076,1.0274793037420944,106
3085000,12440.000000699363,-516118.9792344484,301.49480261727473,1.0264536374450501,106
3090000,12460.000000703438,-516009.61824072804,299.6541692417473,1.0253098165124082,106
3095000,12480.000000707512,-517397.18650771957,304.06395817660035,1.025857785573347,106
3100000,12500.000000711587,-514950.86421243986,300.52889310604905,1.0265742607513952,106
3105000,12520.000000715661,-516839.41175397276,301.4273434160867,1.024534387140193,106
3110000,12540.000000719736,-516674.53352969047,300.6325055577471,1.0282848552125894,106
3115000,12560.00000072381,-515627.88091791025,301.41321146759526,1.024071037135077,106
3120000,12580.000000727885,-516232.7038605381,301.4046643318363,1.0283756197800147,106
3125000,12600.00000073196,-516178.6117955381,302.1266491261193,1.0275410148825606,106
3130000,12620.000000736034,-516067.89423498185,302.649567183295,1.0245826109941412,106
3135000,12640.000000740109,-516191.85716528096,301.92743760061444,1.030133363662559,106
3140000,12660.000000744183,-516783.5490850387,304.87370926918976,1.0229853539891576,106
3145000,12680.000000748258,-517424.8560251896,300.0988808218469,1.024611512567442,106
3150000,12700.000000752332,-515818.35886678076,301.7214203820485,1.024755361541112,106
3155000,12720.000000756407,-516918.1235005718,301.71467959323667,1.0286361768794223,106
3160000,12740.000000760481,-515927.3198440762,297.6904164582125,1.0251844911952428,106
3165000,12760.000000764556,-516308.928621436,301.6317562838273,1.026555584606442,106
3170000,12780.00000076863,-516851.58424304496,302.20345261565075,1.027653657308461,106
3175000,12800.000000772705,-516758.2360093838,298.3123875282511,1.0258744912487388,106
3180000,12820.00000077678,-515607.17685861373,302.82806504309264,1.0265201917644193,106
3185000,12840.000000780854,-515465.7689223108,298.3694640344841,1.026848904574453,106
3190000,12860.000000784928,-515616.40082306764,300.0403858603647,1.0272323596230788,106
3195000,12880.000000789003,-515253.2205852852,300.4995697697851,1.028081725735393,106
3200000,12900.000000793078,-514475.7565997946,301.6537731637794,1.0244851132897073,106
3205000,12920.000000797152,-515375.7720843465,301.3356537011534,1.029760610278877,106
3190000,12860.000000784928,-516125.13141120505,299.91276289097243,1.0279184529046224,--
3195000,12880.000000789003,-516360.7230508444,302.90144035593124,1.0228684873332117,107
3200000,12900.000000793078,-516114.2510616239,300.8212183909714,1.0270539091566186,107
3205000,12920.000000797152,-515771.3983181685,300.4287181207716,1.0273920897509123,107
3210000,12940.000000801227,-516916.9864454039,299.0842525545491,1.0320044964551067,107
3215000,12960.000000805301,-517311.6242476327,301.8422955491298,1.0294310920485528,106
3220000,12980.000000809376,-516520.5864696149,300.9698227999763,1.024024570854917,106
3225000,13000.00000081345,-515460.74153738096,302.65398770924475,1.0257892828548343,106
3230000,13020.000000817525,-515831.1569914655,301.17972664838885,1.0247481421442082,106
3235000,13040.0000008216,-515751.8677719536,304.959898575868,1.0229285030145199,106
3240000,13060.000000825674,-516387.63632688904,302.3219228421627,1.0277879404256296,106
3245000,13080.000000829748,-516490.6468496204,300.73643287078977,1.0265371741055789,106
3250000,13100.000000833823,-516257.96969726123,302.0626386262345,1.0260542460387327,106
3255000,13120.000000837897,-514438.00539779663,302.47773112473794,1.0212879574619742,106
3260000,13140.000000841972,-516177.5317998398,301.936553215669,1.0263547907049924,106
3265000,13160.000000846047,-516202.2332896036,301.8366234202122,1.0302337100942942,106
3270000,13180.000000850121,-515926.5612887945,302.48356827977716,1.0275551484675864,106
3275000,13200.000000854196,-515914.3467604944,301.4707420709599,1.0276306602319094,106
3280000,13220.00000085827,-516686.415413284,301.2966708075226,1.027971624365096,106
3285000,13240.000000862345,-516210.9816881099,301.0189125758912,1.0244903033386312,106
3290000,13260.00000086642,-516262.4357155189,300.64676381946566,1.0268022913236374,106
3295000,13280.000000870494,-516365.779521412,301.3481366084416,1.024234287998478,106
3300000,13300.000000874568,-515858.3939059351,303.08486560230966,1.0226544370850552,106
3305000,13320.000000878643,-516408.58481564885,299.2387548524313,1.0264416817185413,106
3310000,13340.000000882717,-516776.7611073132,302.06128684050617,1.0261892123672482,106
3315000,13360.000000886792,-516527.00009745243,299.62031636374184,1.0286129395484664,106
3320000,13380.000000890866,-516777.8847765217,298.64682442292457,1.0277819630943728,106
3325000,13400.000000894941,-516912.8050931555,302.1973788260916,1.0299289791468158,106
3330000,13420.000000899016,-515554.1264999679,302.3769765724635,1.0227365717827281,106
3335000,13440.00000090309,-515976.6649669192,301.1913737885436,1.0280901091316825,106
3340000,13460.000000907165,-516715.4585430948,302.30483443358185,1.0289868274136387,106
3345000,13480.00000091124,-516366.3095439407,297.3981729035385,1.0285958995636562,106
3350000,13500.000000915314,-515913.43356633116,298.86156125388607,1.0302357760232186,106
3355000,13520.000000919388,-517350.9601006177,301.7689020096301,1.0279670051627232,105
3360000,13540.000000923463,-516087.8912368426,302.3975146081578,1.0256841719391128,105
3365000,13560.000000927537,-514251.3547091803,300.2727535974843,1.0250545231039596,105
3370000,13580.000000931612,-517377.07909178594,301.6257900606668,1.029835562033198,105
3375000,13600.000000935686,-515357.1475563152,300.6124780917313,1.0207027832311018,105
3380000,13620.00000093976,-514896.93505639816,300.845900840489,1.026261934519817,105
3385000,13640.000000943835,-516638.90128689073,297.7510622488261,1.0235336513414532,105
3390000,13660.00000094791,-516647.48048411147,302.5697211131922,1.0321293100610343,105
3395000,13680.000000951984,-516569.6414393075,299.3158595885897,1.0253044960437843,105
3400000,13700.000000956059,-516126.61161495605,300.44635523249826,1.0287079066723506,105
3405000,13720.000000960134,-515860.4967923723,299.94906816443944,1.032815036148301,105
3410000,13740.000000964208,-515660.487323493,300.55439081129515,1.0276342883325362,105
3415000,13760.000000968283,-516059.606853744,300.8135685958091,1.0252051162801574,105
3420000,13780.000000972357,-516447.6511073017,300.88417617519065,1.0245584570438975,105
3425000,13800.000000976432,-517412.4907639851,302.98446832314204,1.0285504110433281,105
3430000,13820.000000980506,-515481.63687672536,301.08234749051763,1.0231400684660719,105
3435000,13840.00000098458,-516179.7125249058,300.1169586257627,1.030404325460423,105
3440000,13860.000000988655,-517326.5161393904,301.2866005989188,1.0275980995471778,105
3445000,13880.00000099273,-516323.3465366836,302.5191403881611,1.0308403117492755,105
3450000,13900.000000996804,-515766.04736615624,302.42143891623726,1.0253666151686764,105
3455000,13920.000001000879,-516028.48884837446,300.91405708963134,1.0248110978952518,105
3460000,13940.000001004953,-515828.0129153761,301.7155147396538,1.0256907204064327,105
3465000,13960.000001009028,-517227.7193019246,300.8199019675432,1.02972370262285,105
3470000,13980.000001013103,-516230.8405498932,300.78910258378306,1.0253974319626857,105
3475000,14000.000001017177,-515859.7957273135,301.79287606851847,1.0243566407420188,105
3480000,14020.000001021252,-515957.87939642114,297.25124842968364,1.028240157318624,105
3485000,14040.000001025326,-516067.51019232,303.0044740378462,1.0267921697104063,105
3490000,14060.0000010294,-516668.57024987345,302.3708923438951,1.02756961987791,105
3495000,14080.000001033475,-517082.69860717794,301.61489960660407,1.0270805443416002,105
3500000,14100.00000103755,-516271.3186913929,299.2225293246325,1.0272831415572707,105
3505000,14120.000001041624,-515365.88891093084,303.2489019821534,1.0247678886212965,105
3510000,14140.000001045699,-516279.9059155795,299.38989009097713,1.0250083546604336,105
3515000,14160.000001049773,-517051.88413256174,303.01379488793117,1.0261666085189474,105
3520000,14180.000001053848,-516071.795690228,297.97679242633427,1.0274516602439598,105
3525000,14200.000001057922,-516437.54509252124,299.4477585444367,1.0267102382719657,105
3530000,14220.000001061997,-516751.75839160685,301.54114182679245,1.026003541997155,105
3535000,14240.000001066071,-516135.2444851028,299.12126806843776,1.0243884153491687,105
3540000,14260.000001070146,-515219.5938354442,301.76437044825957,1.0246091951207859,105
3545000,14280.00000107422,-514249.77490863414,302.02924324363624,1.023916247937974,105
3550000,14300.000001078295,-516423.38037982746,302.2891901786523,1.0251584701060834,105
3555000,14320.00000108237,-515847.63681297866,302.3355020755317,1.0257031743734077,105
3560000,14340.000001086444,-515898.4108350845,301.42702581039197,1.0261883159651606,105
3565000,14360.000001090519,-515015.7784756066,301.58158248634544,1.0222602941327101,105
3570000,14380.000001094593,-516880.29202933237,299.10668007414,1.0264377412529548,105
3575000,14400.000001098668,-516073.7531023533,301.1087210903183,1.0251214179957693,105
3580000,14420.000001102742,-517091.3700138689,299.87631692578833,1.028062916196926,105
3585000,14440.000001106817,-515715.8752290723,299.6266327970095,1.0235224184768357,105
3590000,14460.000001110891,-515719.0236665625,300.5491258634877,1.0249921438098766,105
3595000,14480.000001114966,-515207.39969125576,303.9994951969203,1.029470353335351,105
3600000,14500.00000111904,-516272.9421734002,300.5698264540447,1.0223866919359021,105
3605000,14520.000001123115,-517336.54776354856,297.7751310736137,1.0279295329029314,105
3610000,14540.00000112719,-516513.02870835946,301.3999705761133,1.0235001203820833,105
3615000,14560.000001131264,-516560.77993769804,299.78327307078746,1.0306831773084881,105
3620000,14580.000001135339,-515692.13552279444,304.09728661176683,1.028236962281963,105
3625000,14600.000001139413,-516659.21504886285,302.68347363039493,1.026710996074988,105
3630000,14620.000001143488,-514834.88942970545,300.302419136148,1.0257179120687145,105
3635000,14640.000001147562,-516872.15107631823,300.1401027870745,1.0284795688171195,105
3640000,14660.000001151637,-515083.92140704906,301.2976389200592,1.0255514387423372,105
3645000,14680.000001155711,-514886.7810966391,301.6257244636641,1.028206575739508,105
3650000,14700.000001159786,-515618.9889112448,298.60447247737955,1.0238841096797737,105
3655000,14720.00000116386,-515035.13522612234,301.38771247193307,1.0238369535173713,105
3660000,14740.000001167935,-514964.56890887464,299.7881781055206,1.0215876259102146,105
3665000,14760.00000117201,-515507.3223639347,302.04474974179925,1.0279597999128312,105
3670000,14780.000001176084,-514859.92497094534,301.8003267595165,1.0259186788441672,105
3675000,14800.000001180159,-515594.3778146934,302.6422527447066,1.0291616057451334,105
3680000,14820.000001184233,-516860.969484305,299.5220696286439,1.0302352797895,105
3685000,14840.000001188308,-517431.78134011244,299.7267295613554,1.0228201248088213,105
3690000,14860.000001192382,-515068.150271747,301.1816870657905,1.024051145306428,105
3695000,14880.000001196457,-515153.2014346968,300.514429707964,1.0273872190570283,105
3700000,14900.000001200531,-516538.003132985,301.8307187714149,1.0272533103653736,105
3705000,14920.000001204606,-514618.5184967485,302.86572405421254,1.0243988145128764,105
3710000,14940.00000120868,-514774.7239406982,300.5359888094259,1.022108096738594,105
3715000,14960.000001212755,-514460.2084448156,301.0630623482674,1.0265813409139743,105
3720000,14980.00000121683,-515554.2765450871,306.3800182852427,1.0264911992280457,105
3725000,15000.000001220904,-516744.15510781994,300.33749555351636,1.0266570173865628,105
3730000,15020.000001224978,-516734.5990115381,300.5844304293095,1.0247938229472535,105
3735000,15040.000001229053,-514233.7589383228,299.4033077478833,1.0228782436405783,105
3740000,15060.000001233127,-515999.00641833013,300.8348103884727,1.0233961547470558,105
3745000,15080.000001237202,-515861.4902329587,303.4990951530196,1.0254903743358899,105
3750000,15100.000001241277,-516176.74459610647,302.3118320416091,1.024269443912746,105
3755000,15120.000001245351,-515054.09867141745,301.913790103795,1.0256789381432871,105
3760000,15140.000001249426,-516228.1831575236,302.92668248221264,1.0246657738490157,105
3765000,15160.0000012535,-515546.3860220441,303.62378041490126,1.0295639945278543,105
3770000,15180.000001257575,-516444.2367221068,300.38068420833747,1.0262816446839598,105
3775000,15200.00000126165,-516195.19441784313,299.9320961970136,1.0254395795583218,105
3780000,15220.000001265724,-517176.1080047423,300.12899104531897,1.0250910388358772,105
3785000,15240.000001269798,-517495.2510902989,300.4431407592442,1.0285691647249604,105
3790000,15260.000001273873,-515863.7564604727,302.5241083897522,1.0244320617155125,105
3795000,15280.000001277947,-516653.10710393894,299.67394971053244,1.0280273872994294,105
3800000,15300.000001282022,-515095.47315669083,300.72625641315045,1.0264002590681243,105
3805000,15320.000001286096,-516397.8254291315,300.3868922665642,1.0229815600167977,105
3810000,15340.000001290171,-515267.03767234413,300.61092007777887,1.0259591670959085,105
3815000,15360.000001294246,-515841.2903020878,301.5683509448145,1.0275926817457632,105
3820000,15380.00000129832,-515513.4909891109,302.8375033042574,1.0225245965886833,105
3825000,15400.000001302395,-515773.4754069811,301.54577005117494,1.0257406246839669,105
3830000,15420.00000130647,-517780.5849651366,301.72446799546935,1.029952934062436,105
3835000,15440.000001310544,-515278.672718904,301.3707987644369,1.0252422012937947,105
3840000,15460.000001314618,-515605.05931752035,300.2206908571845,1.0267686882211464,105
3845000,15480.000001318693,-515961.5592935432,301.7999934131099,1.0279278022039726,105
3850000,15500.000001322767,-515811.4175932652,301.56939467635374,1.0277007496526953,105
3855000,15520.000001326842,-516853.5548631465,296.11943625540505,1.0314312121873979,105
3860000,15540.000001330916,-515811.5950568663,299.3989531527995,1.0268714011142985,105
3865000,15560.00000133499,-514937.2106350479,302.7422933794706,1.0248324040932206,105
3870000,15580.000001339065,-517140.13969893893,302.06060078422263,1.0276064570036987,105
3875000,15600.00000134314,-516730.1586402918,298.15567173836445,1.0261479353789045,105
3880000,15620.000001347214,-516411.56522578374,300.78833698810473,1.0278343732263635,105
3885000,15640.000001351289,-516937.2810903024,299.61730225961986,1.025572556206227,105
3890000,15660.000001355364,-517086.0195567175,302.0763679703494,1.0264585424022348,105
3895000,15680.000001359438,-517426.877062985,300.5758050121726,1.0263214269466798,105
3900000,15700.000001363513,-514253.4403191856,299.2591722657054,1.0269164148309926,105
3905000,15720.000001367587,-516535.0604270329,301.1810404142893,1.025282567688782,105
3910000,15740.000001371662,-516370.8102710196,299.91583575934567,1.0234750101769243,105
3915000,15760.000001375736,-516283.66200889996,304.24727727184785,1.0243620285937378,105
3920000,15780.00000137981,-516032.48756575095,299.9671838102025,1.0276738010248399,105
3925000,15800.000001383885,-515437.9239594748,302.04808231149326,1.0296057982679692,105
3930000,15820.00000138796,-515005.52945421543,300.41232293742814,1.0262456745265967,105
3935000,15840.000001392034,-514442.1999202373,301.52918518555015,1.0235268901667482,105
3940000,15860.000001396109,-515839.3421914468,303.7096155461046,1.0236739706315214,105
3945000,15880.000001400183,-515977.32662951224,302.3034106937488,1.026539514695363,105
3950000,15900.000001404258,-515657.4707854397,303.0471469685229,1.0270330447833895,105
3955000,15920.000001408333,-516034.890716115,299.8712735092162,1.025089110002876,105
3960000,15940.000001412407,-515853.3932702206,299.09386253266695,1.0261416032424517,105
3965000,15960.000001416482,-516961.0709712035,298.3494194376384,1.0259292756158493,105
3970000,15980.000001420556,-515283.7393702259,301.0671780929897,1.0237180746678125,105
3975000,16000.00000142463,-516382.6257981169,299.0224762349877,1.024711665219316,105
3980000,16020.000001428705,-516928.41710151616,303.71641615631444,1.024629411665936,105
3985000,16040.00000143278,-515348.3505926728,299.8034999472823,1.025405832904191,105
3990000,16060.000001436854,-515613.5960988244,299.8988962099183,1.0247507841555616,105
3995000,16080.000001440929,-515512.6439495033,300.58172652797083,1.0239892197170304,105
4000000,16100.000001445003,-515118.02616007417,299.291990991158,1.0250135752925307,105
4005000,16120.000001449078,-515844.1801636764,300.39152362580484,1.028332498852934,105
4010000,16140.000001453152,-517754.2432448722,301.44685972870354,1.0257459364354993,105
4015000,16160.000001457227,-516396.9507189067,300.0145496445882,1.0255302089587064,105
4020000,16180.000001461302,-515456.1003785122,299.55315811868417,1.022164597312403,105
4025000,16200.000001465376,-515896.3240657998,304.0944553977772,1.0275282492057736,105
4030000,16220.00000146945,-515350.21764671686,300.3021442487763,1.0250925596694134,105
4035000,16240.000001473525,-515766.8900784317,300.46474743615096,1.0243316052312779,105
4040000,16260.0000014776,-517343.69357286976,300.2048282990953,1.0288982302158163,105
4045000,16280.000001481674,-517637.3890413509,300.5208172447673,1.0282780874421504,105
4050000,16300.000001485749,-515826.6974562553,299.55699714144924,1.0254063631681392,105
4055000,16320.000001489823,-515984.3368852977,300.6337729735835,1.0247684042696923,105
4060000,16340.000001493898,-516000.62508710567,301.17146319820483,1.0248113194415394,105
4065000,16360.000001497972,-516118.79319782276,300.2353140390945,1.0247413124507811,105
4070000,16380.000001502047,-517286.2215793007,303.1750189056541,1.0267990801423987,105
4075000,16400.00000150612,-515645.66438441025,300.03474526202984,1.0203822865098848,105
4080000,16420.000001510194,-514310.5342033473,304.0379451301692,1.028026132605613,105
4085000,16440.00000151427,-516728.13587920694,302.2122131923125,1.0291935559537402,105
4090000,16460.000001518343,-516749.2807985374,297.8484263984871,1.0257839776111741,105
4095000,16480.000001522418,-515589.20211922354,302.73238965133055,1.0284184926995834,105
4100000,16500.000001526492,-516499.1565911919,299.4106481733967,1.023589171912853,105
4105000,16520.000001530567,-516332.41212597257,302.07192299942307,1.0254922841335994,105
4110000,16540.00000153464,-515730.0210336209,301.11386544479575,1.026581998411663,105
4115000,16560.000001538716,-514943.90783111844,301.7754615409035,1.0280655930240261,105
4120000,16580.00000154279,-516070.60417868756,300.81061076611013,1.0294799191384023,105
4125000,16600.000001546865,-516054.1700548767,297.75641884386255,1.0226092232572424,105
4130000,16620.00000155094,-515632.1086150089,299.00062401074274,1.0265993520030152,105
4135000,16640.000001555014,-516542.6759889724,305.41392631933104,1.0280006967865474,105
4140000,16660.00000155909,-516759.800154523,301.1294345603333,1.0269413632968445,105
4145000,16680.000001563163,-515494.8070284885,301.52585190566475,1.0227508331447908,105
4150000,16700.000001567238,-514967.0894173158,298.7650054857938,1.0233328278905283,105
4155000,16720.000001571312,-514991.79624429834,297.8709717868862,1.022324668955485,105
4160000,16740.000001575387,-515354.62400403223,300.1106572822636,1.0265049066502037,105
4165000,16760.00000157946,-517267.3218260363,302.5506550822131,1.0264073327418521,105
4170000,16780.000001583536,-515168.0037906929,299.3803795372216,1.021784355717032,105
4175000,16800.00000158761,-516181.8683784697,302.0992571632172,1.0256708209327097,105
4180000,16820.000001591685,-516662.192282286,301.2113182357416,1.023176973193231,105
4185000,16840.00000159576,-516164.1626097644,300.687645415116,1.0252078828828919,105
4190000,16860.000001599834,-516277.2590950115,300.1242545323683,1.0243901974270289,105
4195000,16880.00000160391,-516506.1280521101,302.93202193226847,1.0219958126264361,105
4200000,16900.000001607983,-515523.1978757002,300.38371717124767,1.0235634992081153,105
4205000,16920.000001612058,-515724.1167703164,299.80618395217516,1.0252469049922677,105
4210000,16940.000001616132,-515146.9241355618,301.1161324437211,1.0254409111335363,105
4215000,16960.000001620207,-515559.62453658134,299.74509360393904,1.0241388017423227,105
4220000,16980.00000162428,-516032.1948454811,301.13919004981864,1.026808033461826,105
4225000,17000.000001628356,-516134.6475192972,301.8269806302748,1.0263012578433222,105
4230000,17020.00000163243,-515672.31280871807,298.55049973404016,1.0258297608627436,105
4235000,17040.000001636505,-516016.8243391651,300.2593724238892,1.0247853441654118,105
4240000,17060.00000164058,-516239.74071282335,300.20680388745006,1.0239583178707101,105
4245000,17080.000001644654,-517091.1498559627,301.0531069445719,1.0289664363941406,105
4250000,17100.00000164873,-516014.75929902215,301.05697106632306,1.0268382172467887,105
4255000,17120.000001652803,-516026.24421097944,298.0514868836478,1.0282093076189736,105
4260000,17140.000001656877,-514655.08748285286,302.41209587222164,1.0253502442241045,105
4265000,17160.000001660952,-517052.8294657571,302.4521458509353,1.0298521533490292,105
4270000,17180.000001665027,-515968.63257002155,300.0317541678609,1.022299670210722,105
4275000,17200.0000016691,-516407.0055459852,302.28159918857324,1.0266592633550253,105
4280000,17220.000001673176,-516305.14455664833,300.4678189645843,1.02116260769524,105
4285000,17240.00000167725,-515591.0316226599,300.0178978596786,1.0266824871238995,105
4290000,17260.000001681325,-517052.29510019976,301.5366427624561,1.0278819058874489,105
4295000,17280.0000016854,-516667.9769742652,298.97508101024897,1.0308451637287328,105
4300000,17300.000001689474,-515605.6884443173,303.18668365757344,1.0313151898154973,105
4305000,17320.00000169355,-515017.87560631917,298.9060857154399,1.0266032526099977,105
4310000,17340.000001697623,-516373.2625661639,303.22081036605584,1.0247168343778603,105
4315000,17360.000001701697,-515587.47306836187,300.51662106893184,1.025323889754135,105
4320000,17380.000001705772,-515558.1656000791,300.6146703187204,1.0283037307203642,105
4325000,17400.000001709846,-514295.3638350256,303.0578064874158,1.0230367508590603,105
4330000,17420.00000171392,-516768.84469970013,302.89341590048355,1.0299032914001225,105
4335000,17440.000001717995,-516070.90933337994,301.48925793087403,1.025646488535176,105
4340000,17460.00000172207,-516538.4131648722,302.5049688189808,1.0259397749725618,105
4345000,17480.000001726145,-514556.1691337633,301.1331590498382,1.0207638654920506,105
4350000,17500.00000173022,-517179.65434184857,303.1584834311507,1.0307888350466201,105
4355000,17520.000001734294,-516425.91380946385,298.3618773409752,1.024872894870794,105
4360000,17540.000001738368,-514613.13021460664,304.80801861851404,1.0197259985154714,105
4365000,17560.000001742443,-516519.3928307304,302.58886468234067,1.0272328325877886,105
4370000,17580.000001746517,-515319.7990851721,302.53279150748335,1.0278334861328204,105
4375000,17600.00000175059,-517364.15366109135,302.45925733164836,1.0258492566204103,105
4380000,17620.000001754666,-515502.5242810317,298.204787491903,1.0260554227259178,105
4385000,17640.00000175874,-516275.2176087969,300.2541354898469,1.0269015809913815,105
4390000,17660.000001762815,-515665.6110934566,298.99059303321826,1.027705426021874,105
4395000,17680.00000176689,-516270.53244102234,301.68273562991965,1.0276292812907868,105
4400000,17700.000001770964,-515552.71597276116,301.8362860761291,1.02172544645558,105
4405000,17720.00000177504,-515992.5008531434,299.9457125202146,1.0257516060526457,105
4410000,17740.000001779114,-516153.85143160727,301.5811310934104,1.0244184541734593,105
4415000,17760.000001783188,-516440.33907179907,301.18952625554147,1.0254759872299657,105
4420000,17780.000001787263,-516766.13127131015,300.3434433507817,1.0242747217401613,105
4425000,17800.000001791337,-516994.34749601944,302.1807389398896,1.0247266363015737,105
4430000,17820.00000179541,-516000.9973796101,297.4080464041532,1.0234209511153518,105
4435000,17840.000001799486,-515390.98856501956,304.6958668564244,1.0203286840110177,105
4440000,17860.00000180356,-515203.45275908825,300.51306333732197,1.02405331963769,105
4445000,17880.000001807635,-516655.5942334605,302.4240921475879,1.0301018267004591,105
4450000,17900.00000181171,-515317.3733920886,299.0436074239461,1.022730604933798,105
4455000,17920.000001815784,-515755.0100081344,303.18249362006287,1.023674347152604,105
4460000,17940.00000181986,-515714.59687871556,300.89056450435044,1.0234850434587968,105
4465000,17960.000001823933,-517031.0532129125,303.5132823682494,1.02524655096214,105
4470000,17980.000001828008,-516619.8627608209,301.49721460399223,1.0271982333007772,105
4475000,18000.000001832082,-514403.5564099874,300.1149091113979,1.0251127949393621,105
4480000,18020.000001836157,-516173.9449715824,300.6777670124377,1.0223817378459228,105
4485000,18040.00000184023,-517926.1948948696,299.3729862300037,1.02750944207521,105
4490000,18060.000001844306,-516419.7843375937,300.6527304640347,1.0288948593767806,105
4495000,18080.00000184838,-515467.00061377184,298.4029529590066,1.0240522411205366,105
4500000,18100.000001852455,-515493.5521092294,301.5124568258846,1.0282797664424557,105
4505000,18120.00000185653,-515566.03746498143,299.96691215906037,1.0255599107015698,105
4510000,18140.000001860604,-514750.439593368,300.3742669581105,1.0233418064310982,105
4515000,18160.00000186468,-515675.7233587506,300.31170169798526,1.027803669032464,105
4520000,18180.000001868753,-516253.257311224,299.1749650627497,1.0255188622770504,105
4525000,18200.000001872828,-515937.76044626534,302.5075739399058,1.0241227533660573,105
4530000,18220.000001876902,-516972.59301694646,301.7413506417411,1.0237943383176185,105
4535000,18240.000001880977,-516547.7485442336,300.2350037175802,1.0268555435144822,105
4540000,18260.00000188505,-516341.9382733619,300.69642291322623,1.0282976451536958,105
4545000,18280.000001889126,-515787.65485764947,301.89812154965733,1.0271664064591426,105
4550000,18300.0000018932,-515348.75089676445,303.1739041233294,1.0250670881510813,105
4555000,18320.000001897275,-516433.0262420976,301.625402066059,1.0313140934449327,105
4560000,18340.00000190135,-516273.9981843929,299.5569905475599,1.0267687285608031,105
4565000,18360.000001905424,-518044.95361071127,300.7694906337347,1.028830374779219,105
4570000,18380.0000019095,-514955.5040977199,301.6270556906137,1.0265168102209765,105
4575000,18400.000001913573,-515743.85178019176,300.87747830003167,1.0248441764010796,105
4580000,18420.000001917648,-516045.93740403187,301.70795628495995,1.0266051506518896,105
4585000,18440.000001921722,-515818.3816561452,299.71943619147265,1.0241867435538,105
4590000,18460.000001925797,-515103.7964963836,301.05773335202196,1.023617445959652,105
4595000,18480.00000192987,-516489.7697159895,299.5038176089606,1.0254540962250032,105
4600000,18500.000001933946,-517318.5689665305,303.5330913177973,1.032194127144299,105
4605000,18520.00000193802,-515851.562247708,301.64764822160294,1.0274077374776294,105
4610000,18540.000001942095,-515800.50732160825,301.1479869717212,1.029506686665419,105
4615000,18560.00000194617,-515547.38377307216,300.2260329338282,1.0269409703898515,105
4620000,18580.000001950244,-516430.5328200483,301.6300883332315,1.025914330645971,105
4625000,18600.00000195432,-514981.19842051086,300.6079940600753,1.0267819374627425,105
4630000,18620.000001958393,-517194.2287344008,299.14769809577734,1.0300665112232006,105
4635000,18640.000001962468,-514843.5898448799,299.8419159234584,1.0271479268242805,105
4640000,18660.000001966542,-516562.8688871085,302.4409966691496,1.0273746118486708,105
4645000,18680.000001970617,-515039.57762157195,298.60718288447515,1.0228894102520376,105
4650000,18700.00000197469,-516197.92786448915,302.44752879059854,1.0264200213189696,105
4655000,18720.000001978766,-516320.53560554935,300.01956128180944,1.0257455233828414,105
4660000,18740.00000198284,-516601.7890556068,300.9242461271484,1.022422143138074,105
4665000,18760.000001986915,-516188.213936819,301.1325798911552,1.020161658030101,105
4670000,18780.00000199099,-515223.4926259944,300.52927462919155,1.020844575657915,105
4675000,18800.000001995064,-515383.0846381881,303.3500899692589,1.023675366029763,105
4680000,18820.00000199914,-516082.01795573835,305.23660061255083,1.021767610440632,105
4685000,18840.000002003213,-517527.69495524303,300.2458801811136,1.0266215217787062,105
4690000,18860.000002007288,-515620.6298631644,301.20029490236067,1.0246587284490631,105
4695000,18880.000002011362,-515938.3127316113,300.96962337044243,1.0265561769043805,105
4700000,18900.000002015437,-516911.1804580998,300.3350853154798,1.0286276894655213,105
4705000,18920.00000201951,-515972.2092416687,297.0965549261585,1.026480693449565,105
4710000,18940.000002023586,-515691.7405543607,302.5125768664145,1.02470978120602,105
4715000,18960.00000202766,-516108.9219192073,301.43759313452136,1.0227465952703019,105
4720000,18980.000002031735,-516172.32409880473,301.3592503401961,1.0298334491596988,105
4725000,19000.00000203581,-516345.99588003894,303.82848024013555,1.0244895319667506,105
4730000,19020.000002039884,-516234.32833494246,303.85131780675306,1.0243894714802015,105
4735000,19040.00000204396,-516534.70882521174,303.8904172448972,1.0244394778797095,105
4740000,19060.000002048033,-515799.69798364374,300.7774037662047,1.0258254140904797,105
4745000,19080.000002052107,-515802.6151195965,302.71421252897363,1.0252426715153247,105
4750000,19100.000002056182,-515814.4248104866,299.62646603540753,1.0243691784568092,105
4755000,19120.000002060257,-516906.01070555835,305.9415045805943,1.0263938980186926,105
4760000,19140.00000206433,-515700.38378517097,298.7375021005866,1.0271984443776851,105
4765000,19160.000002068406,-515866.2319621451,301.0885030821783,1.0222706646182553,105
4770000,19180.00000207248,-515871.06652588863,298.94874871327403,1.0229966968749653,105
4775000,19200.000002076555,-516057.0033553499,301.64462471547694,1.025693878693919,105
4780000,19220.00000208063,-516514.20892325835,299.980365663716,1.0292821083625066,105
4785000,19240.000002084704,-516441.74078033795,302.1103908295769,1.023979366780634,105
4790000,19260.00000208878,-515610.2368570189,299.6488011609371,1.0271232976984828,105
4795000,19280.000002092853,-516468.1074859763,299.65247875371756,1.0234456975514898,105
4800000,19300.000002096927,-517369.3311952604,299.63093447391975,1.0304879918259604,105
4805000,19320.000002101002,-517325.911343182,300.3871991196541,1.0338208284311066,105
4810000,19340.000002105076,-515609.0518454022,303.0895498284565,1.0283155722175084,105
4815000,19360.00000210915,-515649.78385813255,300.0556715985538,1.0239692368963453,105
4820000,19380.000002113225,-516202.18446657644,302.8225129174465,1.0282443790601887,105
4825000,19400.0000021173,-514973.1622614763,300.334311530923,1.0244142817291293,105
4815000,19360.00000210915,-516548.30443493254,300.7624419343143,1.0246191609018993,--
4820000,19380.000002113225,-515511.78661302896,300.7293447251912,1.0255975894594285,107
4825000,19400.0000021173,-516017.0605636046,297.82843270292216,1.0270616602455276,107
4830000,19420.000002121375,-517452.2130424932,298.0967694757049,1.0274976189909824,107
4835000,19440.00000212545,-516205.90882051876,301.784372427726,1.0246335639889532,107
4840000,19460.000002129524,-515494.74070952577,302.6727438762968,1.0251618746782707,106
4845000,19480.000002133598,-517212.9786796728,299.4918407003821,1.0272576456458553,106
4850000,19500.000002137673,-514221.6437157085,298.8626605757554,1.0222189140570521,106
4855000,19520.000002141747,-517145.68768180604,302.9686541883734,1.0285115829927318,106
4860000,19540.00000214582,-516550.34918846306,303.917415887766,1.024552262363736,106
4865000,19560.000002149896,-516443.23327868804,301.3404381962722,1.0258269623748213,106
4870000,19580.00000215397,-517365.57401749585,301.4793955193173,1.0277328089876319,106
4875000,19600.000002158045,-516845.35854550335,300.31187623483623,1.027593213230886,106
4880000,19620.00000216212,-515618.8234181567,300.03069462325595,1.0250177369173135,106
4885000,19640.000002166194,-516600.54865861475,302.31163898028734,1.0264947930092603,106
4890000,19660.00000217027,-517037.6444292378,299.9082764984711,1.0278026790689712,106
4895000,19680.000002174344,-515712.73401768226,299.55744046915953,1.0262817197387575,106
4900000,19700.000002178418,-515691.0309594516,301.91396673397236,1.0265080702518725,106
4905000,19720.000002182493,-515597.14493149193,301.55485568496823,1.0261339742901352,105
4910000,19740.000002186567,-516355.0816411772,302.55483109582855,1.0294840322320027,105
4915000,19760.00000219064,-515953.6654748176,302.3452561379527,1.0272268647630376,105
4920000,19780.000002194716,-516547.291760965,299.5737367065917,1.0256389176879877,105
4925000,19800.00000219879,-516045.66724631493,302.3711462098546,1.0262188667485785,105
4930000,19820.000002202865,-515516.1140119794,299.0390300176479,1.0280082854864445,105
4935000,19840.00000220694,-516867.2481806488,302.2909272347092,1.0235244256723142,105
4940000,19860.000002211014,-515680.1567236546,302.7548776297054,1.0266634760905042,105
4945000,19880.00000221509,-515878.448780196,303.53263864589627,1.0281661203202828,105
4950000,19900.000002219163,-515413.6667403446,305.2974887868388,1.0242957109395054,105
4955000,19920.000002223238,-516159.66329747834,298.84371931053903,1.0277264334219174,105
4960000,19940.000002227313,-515927.26514344546,300.7556963886443,1.0239211854789203,105
4965000,19960.000002231387,-516742.9384667913,304.0313577103082,1.022293102059996,105
4970000,19980.00000223546,-516737.6763968987,300.15282733271465,1.026489545647399,105
4975000,20000.000002239536,-516300.3810924303,299.7097202956925,1.0238700430819783,105
4980000,20020.00000224361,-515039.439413497,300.52130836200274,1.0234465633234333,105
4985000,20040.000002247685,-514725.3775799691,301.56772173058965,1.0265011094480736,105
4990000,20060.00000225176,-516205.7548209629,297.3688515006552,1.0288950291934231,105
4995000,20080.000002255834,-516149.1765774926,301.2741125485081,1.025292862482522,105
5000000,20100.00000225991,-514758.5164091387,302.5576625217778,1.024330907459518,105
5005000,20120.000002263983,-515735.7963680539,298.9503523818201,1.0235674130949166,105
5010000,20140.000002268058,-515775.0527123499,302.13883673367576,1.0283030857224793,105
5015000,20160.000002272132,-515164.6195049046,300.7738420500757,1.0265042677324612,105
5020000,20180.000002276207,-516131.8529598571,303.66769315212014,1.024035349082768,105
5025000,20200.00000228028,-514743.9083859527,300.0047820043115,1.0224989930352923,105
5030000,20220.000002284356,-516146.21633090475,300.3309233985138,1.025226720642685,105
5035000,20240.00000228843,-516002.40684812074,298.26904936514575,1.0260142717101444,105
5040000,20260.000002292505,-515073.94468181604,301.04239767747634,1.0262920463783398,105
5045000,20280.00000229658,-515827.1331910179,302.0969793853423,1.0288341812865267,105
5050000,20300.000002300654,-515601.66130943527,298.28843682508244,1.026153711275731,105
5055000,20320.00000230473,-516678.8389463376,301.7477518725898,1.0266111664044004,105
5060000,20340.000002308803,-515291.7990115604,300.6473869161832,1.028400951761719,105
5065000,20360.000002312878,-516872.02327744244,300.31160969967704,1.0280604706064271,105
5070000,20380.000002316952,-516646.0445020376,301.6387813503916,1.0246984754366688,105
5075000,20400.000002321027,-516584.5433496875,300.95708100366596,1.0289720996737635,105
5080000,20420.0000023251,-517804.0403988268,298.4956244726908,1.0288916728159219,105
5085000,20440.000002329176,-516489.6874034209,299.5472462286168,1.0220487523227004,105
5090000,20460.00000233325,-516149.5655674087,300.3715433378374,1.026438739502245,105
5095000,20480.000002337325,-515990.6183372361,301.4903318403766,1.024100890992708,105
5100000,20500.0000023414,-516251.1246888563,301.071001059207,1.0259798313038142,105
5105000,20520.000002345474,-516178.35052033,302.3176387927645,1.0217182801811535,105
5110000,20540.00000234955,-517292.69073875505,305.2046960841454,1.0270368829809158,105
5115000,20560.000002353623,-515685.54631054285,302.17736694793734,1.025074535793582,105
5120000,20580.000002357698,-516198.0085103237,301.0269640817785,1.0272710458731182,105
5125000,20600.000002361772,-515725.90284734056,299.1628411159854,1.0266855736590603,105
5130000,20620.000002365847,-515710.13823502,300.87603719403324,1.0265836055256599,105
5135000,20640.00000236992,-516277.5107806064,301.79608605125935,1.0280836563030604,105
5140000,20660.000002373996,-515676.74028360774,299.40049947831943,1.0277762529185763,105
5145000,20680.00000237807,-516162.64675618755,298.48483272230675,1.024803388103502,105
5150000,20700.000002382145,-515335.05395275773,300.62268387980356,1.0234657809538918,105
5155000,20720.00000238622,-517030.2273956144,301.38823612944253,1.0229825410563618,105
5160000,20740.000002390294,-515808.629944667,300.163953969752,1.021526682355086,105
5165000,20760.00000239437,-516118.2173519847,301.64072084549855,1.0263720714852547,105
5170000,20780.000002398443,-515683.23469791096,299.4046442493595,1.0236477905379489,105
5175000,20800.000002402518,-516217.4512693547,302.6859215940682,1.0245978844166013,105
5180000,20820.000002406592,-516719.3261409993,299.99600390518475,1.0265332330241412,105
5185000,20840.000002410667,-516287.78887694865,302.2539144339515,1.0277121722322144,105
5190000,20860.00000241474,-516762.391525117,302.38314940515926,1.0232856622432587,105
5195000,20880.000002418816,-516195.67947541946,300.2811349112378,1.0257894964071135,105
5200000,20900.00000242289,-515632.9204549943,302.8985360563683,1.02747258961486,105
5205000,20920.000002426965,-516013.58232869883,299.1067759483302,1.0297529427554346,105
5210000,20940.00000243104,-515669.59521512757,300.5019159587218,1.0285163753858333,105
5215000,20960.000002435114,-515981.87180988723,300.511752227019,1.027436068179957,105
5220000,20980.00000243919,-515839.1219476145,300.6589733503092,1.0255079476338143,105
5225000,21000.000002443263,-515717.288798223,298.5387075073517,1.0289523664880873,105
5230000,21020.000002447337,-517527.8194691059,302.0909278288762,1.0274138726759574,105
5235000,21040.000002451412,-516226.57857332705,304.3293698078566,1.0260963520792177,105
5240000,21060.000002455487,-515495.75008504256,300.466046156008,1.0224347502382518,105
5245000,21080.00000245956,-516801.30399265536,301.16033044822467,1.0268682023732896,105
5250000,21100.000002463636,-516159.69393783575,297.8414557303489,1.0275280558566506,105
5255000,21120.00000246771,-516064.85618553916,301.25744408663803,1.0283518855699993,105
5260000,21140.000002471785,-516003.8552240606,301.19272512445264,1.0275668353979575,105
5265000,21160.00000247586,-515737.12732149917,301.5401265096847,1.0234680483413214,105
5270000,21180.000002479934,-515609.4729259976,301.83601502314605,1.0233906474723762,105
5275000,21200.00000248401,-516185.2557253025,302.33635080757915,1.020722648927491,105
5280000,21220.000002488083,-516973.5115558838,299.19311720460075,1.025442220061868,105
5285000,21240.000002492157,-516819.27900663065,300.64944218716363,1.0277302318507444,105
5290000,21260.000002496232,-515025.3006372398,301.2266041672676,1.025588719439314,105
5295000,21280.000002500306,-515837.3955191276,299.5362581082528,1.025008636588018,105
5300000,21300.00000250438,-516530.3313501261,300.4573884577254,1.0270495038023633,105
5305000,21320.000002508456,-517810.64929975336,300.17922646200185,1.0294863988540341,105
5310000,21340.00000251253,-515400.2292959073,301.7040671101681,1.0271782402798784,105
5315000,21360.000002516605,-516546.9433273715,301.3946429014996,1.0226682112315453,105
5320000,21380.00000252068,-516553.61740716617,300.84508293625873,1.025514939220009,105
5325000,21400.000002524754,-516380.29158975254,299.22040809803025,1.0236977079065817,105
5330000,21420.00000252883,-516369.8716514814,298.921140837162,1.026487498800366,105
5335000,21440.000002532903,-516516.4392643068,299.5323328638988,1.0303922193532096,105
5340000,21460.000002536977,-516797.90377147566,299.957669281483,1.0276978685015394,105
5345000,21480.00000254105,-515538.6581490985,302.7385795738903,1.027364380972656,105
5350000,21500.000002545126,-516119.5183273845,298.91303613912964,1.0276847436878025,105
5355000,21520.0000025492,-515632.2573464608,300.8344388617411,1.0266535699878332,105
5360000,21540.000002553275,-516003.56199472933,302.788943114091,1.029276570607782,105
5365000,21560.00000255735,-516049.57816842524,301.8241622882874,1.0270201264819128,105
5370000,21580.000002561424,-517085.3594035073,300.48922290259856,1.027220939019915,105
5375000,21600.0000025655,-515953.75964237563,300.45273719225406,1.0269052378889652,105
5380000,21620.000002569574,-515780.54202683317,301.16551054333337,1.028552304743904,105
5385000,21640.000002573648,-515857.5516340898,300.2001991362472,1.0311385270783504,105
5390000,21660.000002577723,-516218.11743683624,301.14578292601493,1.0290423320106639,105
5395000,21680.000002581797,-515238.944383878,304.02403791101113,1.0212890840820608,105
5400000,21700.00000258587,-516701.3111676425,299.74689293197576,1.0290299206824853,105
5405000,21720.000002589946,-515252.77225164,302.0145524369516,1.0213938251299548,105
5410000,21740.00000259402,-515885.04447504366,302.0609514085132,1.0182799531594227,105
5415000,21760.000002598095,-514940.49708701065,298.9653686309186,1.0234501297676997,105
5420000,21780.00000260217,-515252.4453245753,302.5489085809961,1.0235416582849404,105
5425000,21800.000002606244,-515970.4346946527,300.65166366556315,1.0261257520238067,105
5430000,21820.00000261032,-515427.88513464923,301.26577874164514,1.0265016540841763,105
5435000,21840.000002614393,-517826.63952477206,301.88975239418,1.025091208829342,105
5440000,21860.000002618468,-515634.44768350245,298.8216946460951,1.0258977589926612,105
5445000,21880.000002622543,-515647.9336622313,301.7433093347902,1.0282941712427345,105
5450000,21900.000002626617,-515574.4487773776,302.50074777574355,1.0274482003821253,105
5455000,21920.00000263069,-515540.79943235265,301.94353922168034,1.0239220467235417,105
5460000,21940.000002634766,-515752.6427739267,300.8768927697312,1.0240167237183466,105
5465000,21960.00000263884,-516893.2214494832,303.1557968614149,1.0272453667856403,105
5470000,21980.000002642915,-515763.1035395637,301.47470188063255,1.026053329661375,105
5475000,22000.00000264699,-516828.3858403438,299.0494209289446,1.0249205292026795,105
5480000,22020.000002651064,-516114.23405923345,301.61140446241404,1.02719127572315,105
5485000,22040.00000265514,-516618.0591276777,300.47948474563066,1.0273293241234305,105
5490000,22060.000002659213,-515853.2884093651,300.4592202603829,1.025867721831069,105
5495000,22080.000002663288,-517145.2175656338,301.4116051825902,1.030064944101704,105
5500000,22100.000002667362,-514458.94117786526,300.58808633273935,1.0251427069373966,105
5505000,22120.000002671437,-514330.0240676317,297.5004029095713,1.0248631452592691,105
5510000,22140.00000267551,-515494.5186972236,301.30717431210536,1.0230701913745472,105
5515000,22160.000002679586,-515552.94536582194,303.2885544803469,1.0254090264402014,105
5520000,22180.00000268366,-515899.38196150074,300.0314071198688,1.0280772836120287,105
5525000,22200.000002687735,-518032.43066008925,300.5877228110107,1.0286009536550729,105
5530000,22220.00000269181,-515233.7560689894,300.91465471491955,1.0243665324173505,105
5535000,22240.000002695884,-516787.43096637423,300.2670164198539,1.0278826429983439,105
5540000,22260.00000269996,-515388.4031259676,303.6000343471041,1.0272267092978384,105
5545000,22280.000002704033,-516083.8647952494,302.7876980898621,1.02726460539071,105
5550000,22300.000002708108,-517144.99584176927,300.0203069767827,1.0275666327074588,105
5555000,22320.000002712182,-516884.9951268416,301.103361337114,1.02767752096661,105
5560000,22340.000002716257,-515831.63994838274,299.56355036481403,1.027553430669917,105
5565000,22360.00000272033,-515833.87208283716,302.62607690410675,1.0269702276605077,105
5570000,22380.000002724406,-514706.7445868708,303.3291796527769,1.024949818011134,105
5575000,22400.00000272848,-515583.023195551,300.8994516531806,1.0251608797906395,105
5580000,22420.000002732555,-516142.06892194017,297.9099065505899,1.0247072552327379,105
5585000,22440.00000273663,-514901.7115911129,301.7934699273477,1.0224987739142068,105
5590000,22460.000002740704,-515890.2985405992,301.7033423540355,1.0247466393676283,105
5595000,22480.00000274478,-515261.78744782205,301.72591546985456,1.0248835501844296,105
5600000,22500.000002748853,-516586.7386163075,300.8738133665824,1.0274053801348033,105
5605000,22520.000002752928,-516429.54725849046,299.4051771367254,1.0252198094035174,105
5610000,22540.000002757002,-515148.29083721037,300.8660085348371,1.02557954855221,105
5615000,22560.000002761077,-515291.60466926335,298.78366026769373,1.0264791103707713,105
5620000,22580.00000276515,-515036.2233414934,299.08647374141555,1.027818299847975,105
5625000,22600.000002769226,-517108.1869487087,299.43176205984435,1.0271585306361135,105
5630000,22620.0000027733,-516296.14487333875,301.0858310384148,1.0290344534611577,105
5635000,22640.000002777375,-515788.285681488,300.12989181631843,1.0246311996553616,105
5640000,22660.00000278145,-516424.8654209599,300.538864258377,1.029325820664287,105
5645000,22680.000002785524,-515728.0041633167,298.7338048434726,1.0280687402888558,105
5650000,22700.0000027896,-517197.3360430945,300.94065317770264,1.0278279396860572,105
5655000,22720.000002793673,-516401.3737791779,299.82427825836413,1.0279803820681988,105
5660000,22740.000002797748,-516325.38026271504,300.168754917891,1.0262220002697675,105
5665000,22760.000002801822,-515580.68533623824,299.18640974439114,1.0266400006218392,105
5670000,22780.000002805897,-514782.84202237125,301.1117856001896,1.0250201961977448,105
5675000,22800.00000280997,-516065.77215035586,298.01627107505385,1.0266110203177519,105
5680000,22820.000002814046,-516720.0645701173,300.4991729080124,1.0251840738918154,105
5685000,22840.00000281812,-515960.9317490305,300.10330118404465,1.024033926555902,105
5690000,22860.000002822195,-516285.0229883981,296.79746606029966,1.0260630746515949,105
5695000,22880.00000282627,-516626.13074853225,298.4447209708019,1.0251441353927135,105
5700000,22900.000002830344,-517345.9161047421,299.2962854191287,1.025621941272476,105
5705000,22920.00000283442,-516041.52157984,302.8987487103308,1.0223869984493585,105
5710000,22940.000002838493,-516054.4023549026,301.4324256294169,1.0249804111759304,105
5715000,22960.000002842567,-516165.5609261901,301.44929417776956,1.0273207711019565,105
5720000,22980.000002846642,-516297.2451554055,300.574319076673,1.026806963462629,105
5725000,23000.000002850717,-515774.5564324632,301.7891415009984,1.027452180802468,105
5730000,23020.00000285479,-515728.7801409145,305.8287289856657,1.0238555703745456,105
5735000,23040.000002858866,-516274.85868169274,301.6343303701499,1.0294113875640354,105
5740000,23060.00000286294,-514901.7978137031,302.9582667874793,1.0260068459908571,105
5745000,23080.000002867015,-517050.9101096876,300.6639384644996,1.027866460148055,105
5750000,23100.00000287109,-515631.2065771576,303.7470442099534,1.0255077528934091,105
5755000,23120.000002875164,-515913.2053449226,300.48621373694544,1.0283345761262612,105
5760000,23140.00000287924,-515227.5776873033,302.55963652425226,1.025809699237384,105
5765000,23160.000002883313,-516752.383919958,303.02546747666366,1.0290529496892562,105
5770000,23180.000002887387,-515323.37574812304,303.3795131569669,1.0224556189144371,105
5775000,23200.000002891462,-515866.1284818668,301.5817322654284,1.0263931722100441,105
5780000,23220.000002895536,-515288.6726139644,298.85620246024314,1.0220351437600463,105
5785000,23240.00000289961,-516071.87340261065,300.5440861719493,1.0302762120250784,105
5790000,23260.000002903686,-515250.0962426127,303.4771674226324,1.029549171923604,105
5795000,23280.00000290776,-515703.9821613766,298.72517520013224,1.0294872332777374,105
5800000,23300.000002911835,-514517.9724020206,299.76687612326947,1.0216882259647766,105
5805000,23320.00000291591,-516542.19495269144,300.5042572513753,1.0221871706860624,105
5810000,23340.000002919984,-516091.2038300121,303.7333248882173,1.0247487647501643,105
5815000,23360.00000292406,-515713.52551412047,300.8574773561843,1.0245989536232323,105
5820000,23380.000002928133,-516496.90640485706,301.4431475802641,1.0271458067420587,105
5825000,23400.000002932207,-516614.3520684133,299.84226753900987,1.0264528391828307,105
5830000,23420.00000293628,-516220.8402434725,300.7919760807982,1.0240119612092713,105
5835000,23440.000002940356,-517107.964046784,301.5122604255256,1.0280010427377744,105
5840000,23460.00000294443,-515956.61991686095,300.2170358827189,1.0239508500877021,105
5845000,23480.000002948505,-515486.4537799696,297.90277485774567,1.0275331461320243,105
5850000,23500.00000295258,-516706.202779582,300.1240135473245,1.031185980205836,105
5855000,23520.000002956654,-515701.88412048575,302.771304584895,1.025848645591039,105
5860000,23540.00000296073,-516412.40630061086,301.43065345263585,1.0262335437896106,105
5865000,23560.000002964804,-516388.8493814806,303.07602062972774,1.0330295893211086,105
5870000,23580.000002968878,-515185.1347904233,302.0633040180057,1.024194607916384,105
5875000,23600.000002972953,-516140.9761152724,300.2510792622975,1.0219349057104905,105
5880000,23620.000002977027,-516040.482648941,304.48076801305234,1.0271210549964367,105
5885000,23640.0000029811,-515520.75618647365,299.2240555486236,1.0262427707826314,105
5890000,23660.000002985176,-515135.744737193,300.07591194144584,1.0224282724695133,105
5895000,23680.00000298925,-516429.5674521399,301.23593197255104,1.0260777173335598,105
5900000,23700.000002993325,-516507.0393524831,300.1564905925163,1.027011860637719,105
5905000,23720.0000029974,-516613.6846437829,302.6243806130292,1.0250213193861766,105
5910000,23740.000003001474,-515089.0262609122,299.544968253974,1.0263377700033738,105
5915000,23760.00000300555,-517209.2656159331,301.60747864564223,1.0270946424596201,105
5920000,23780.000003009623,-514725.04789272486,300.2694229989605,1.0239140927482095,105
5925000,23800.000003013698,-514955.5101998092,300.39290105305827,1.030664739866199,105
5930000,23820.000003017773,-516075.35227593314,303.33293000107835,1.0312573829393799,105
5935000,23840.000003021847,-515784.7493306992,301.47452678565054,1.0269159746151801,105
5940000,23860.00000302592,-516783.61547183176,299.63941905945074,1.0246107214896663,105
5945000,23880.000003029996,-515520.49489354854,303.488639842715,1.0266747283940663,105
5950000,23900.00000303407,-514751.1154023907,303.6327261327044,1.0290829034791795,105
5955000,23920.000003038145,-516348.0127284981,298.9679254515217,1.025230402947003,105
5960000,23940.00000304222,-514789.26347529166,301.211403318799,1.0257265066332841,105
5965000,23960.000003046294,-516991.4768435799,298.7140788160578,1.029395635323504,105
5970000,23980.00000305037,-514559.8999164526,299.15220006532843,1.026328633264852,105
5975000,24000.000003054443,-515315.64316200395,304.7298216378437,1.0263261134519164,105
5980000,24020.000003058518,-516359.6809569199,300.5512305429575,1.0283880329576143,105
5985000,24040.000003062592,-515662.5665852835,300.51549177471213,1.030779166186768,105
5990000,24060.000003066667,-516018.6121596801,302.70058166347843,1.026582936280982,105
5995000,24080.00000307074,-516501.0000966543,304.1664817697113,1.0279342135057024,105
6000000,24100.000003074816,-516178.6882115402,301.1679542388223,1.030634139028174,105
6005000,24120.00000307889,-515860.7885295653,299.75700560113626,1.0220706490210745,105
6010000,24140.000003082965,-515808.1825866946,301.2775626704543,1.0260153293767906,105
6015000,24160.00000308704,-516619.2487311964,300.71674697100326,1.0289215993393848,105
6020000,24180.000003091114,-516349.5283095639,297.7093116430841,1.0260182769260233,105
6025000,24200.00000309519,-517038.52344838786,305.7216712609418,1.0286621336440913,105
6030000,24220.000003099263,-515961.72236551554,301.1599984976042,1.027048669643682,105
6035000,24240.000003103338,-516003.0494833351,299.1590979734539,1.0280103511866008,105
6040000,24260.000003107412,-516766.91017550626,303.6645923099628,1.023026703675456,105
6045000,24280.000003111487,-516467.0590597219,301.1765310149592,1.0318770142968376,105
6050000,24300.00000311556,-516500.39060656936,300.4019951494278,1.0289069098077015,105
6055000,24320.000003119636,-515208.9442234882,302.3178285411326,1.0248719338154424,105
6060000,24340.00000312371,-516306.1433757846,299.1400316502189,1.0268465821810417,105
6065000,24360.000003127785,-516030.4702549337,299.96710906447197,1.0266546336297377,105
6070000,24380.00000313186,-515589.23217568523,299.2991043409694,1.0261973711317687,105
6075000,24400.000003135934,-515430.17394363927,301.1539298745706,1.0245977697757842,105
6080000,24420.00000314001,-515719.08730355743,302.0027550143413,1.0257178778396034,105
6085000,24440.000003144083,-516155.0932641311,300.8139627667757,1.0307939010736438,105
6090000,24460.000003148158,-515688.389850097,301.90808920762225,1.0230976846814903,105
6095000,24480.000003152232,-516460.0653253007,302.0597570861815,1.0275763369245154,105
6100000,24500.000003156307,-515373.6947254073,300.50076469227344,1.0267569954767046,105
6105000,24520.00000316038,-515427.017497574,301.9257287351178,1.0254803920099078,105
6110000,24540.000003164456,-515346.18985695555,302.1041101123817,1.0276744419583372,105
6115000,24560.00000316853,-514591.00710559683,302.9156609841016,1.0225899440254214,105
6120000,24580.000003172605,-516331.93636238365,300.0348027166573,1.0265796640715454,105
6125000,24600.00000317668,-516150.5626134032,302.7315337074678,1.026094059546653,105
6130000,24620.000003180754,-515542.4972026809,302.26313279108587,1.0297833485784644,105
6135000,24640.00000318483,-515307.46576728043,303.039441265599,1.026325207153413,105
6140000,24660.000003188903,-516699.2070225093,301.3474800317831,1.027722158844164,105
6145000,24680.000003192978,-516456.4903121984,298.841197055807,1.0262307781988718,105
6150000,24700.000003197052,-516919.2744694557,299.32672012126034,1.0256613056853419,105
6155000,24720.000003201127,-516820.25872355653,299.6902948383947,1.0304487047157356,105
6160000,24740.0000032052,-515917.9543029675,304.33394212193537,1.0238253196237252,105
6165000,24760.000003209276,-516127.09540682705,299.04454637138485,1.0241342771792017,105
6170000,24780.00000321335,-515270.482893053,302.3824961057706,1.0244590597019392,105
6175000,24800.000003217425,-515554.12039292464,299.9121346746685,1.0242577307460068,105
6180000,24820.0000032215,-515699.8298163668,299.2644656027681,1.0255020105422148,105
6185000,24840.000003225574,-515605.6845771265,299.85644831546074,1.025678236677455,105
6190000,24860.00000322965,-516958.07032781583,301.22402084572235,1.02523227453409,105
6195000,24880.000003233723,-516345.44803508464,300.22781830936157,1.027709508249055,105
6200000,24900.000003237798,-516724.7806088899,299.2379716383697,1.0252358311624066,105
6205000,24920.000003241872,-517178.2377522867,299.26730005804654,1.0283880561175498,105
6210000,24940.000003245947,-516243.33949829685,298.3983403721207,1.0306557453383687,105
6215000,24960.00000325002,-516014.18627663725,298.0200161691106,1.024720178548341,105
6220000,24980.000003254096,-516393.4851694603,300.29259226615557,1.0247851788646585,105
6225000,25000.00000325817,-516240.4124603111,301.5249997688319,1.0306296888415512,105
6230000,25020.000003262245,-517265.4850179218,300.2068051077543,1.0269254878584078,105
6235000,25040.00000326632,-515325.90728583955,301.5884139286404,1.028331033339482,105
6240000,25060.000003270394,-517195.4078062512,300.27256209131804,1.0285675480878855,105
6245000,25080.00000327447,-515922.1969477921,304.02146277360305,1.0266143925535076,105
6250000,25100.000003278543,-515337.33346754406,300.4457975297233,1.0281394304519809,105
6255000,25120.000003282617,-516300.1187750539,300.2526615457279,1.0242370556113116,105
6260000,25140.000003286692,-515953.4574230863,298.766066932645,1.0241356753882154,105
6265000,25160.000003290766,-515443.28723413334,301.8866790798566,1.0234476262294387,105
6270000,25180.00000329484,-517229.0873706811,302.4865335838213,1.0307372636554384,105
6275000,25200.000003298916,-517009.44349086983,301.23084567357404,1.028472000648237,105
6280000,25220.00000330299,-516980.9251979012,300.53788244964227,1.0277934623048526,105
6285000,25240.000003307065,-515047.4042658985,302.21113755698144,1.0196877300732696,105
6290000,25260.00000331114,-516077.99251826014,300.5189891261639,1.0251290073428292,105
6295000,25280.000003315214,-516865.0152289225,298.33147861407116,1.0309001731542735,105
6300000,25300.00000331929,-515520.8111099163,300.3315687711663,1.0255240333551847,105
6305000,25320.000003323363,-516149.40303529473,300.81586772706277,1.0257149737952194,105
6310000,25340.000003327437,-517263.39227617765,302.6236177142855,1.0306219027744392,105
6315000,25360.000003331512,-515688.7570194695,300.7169366131363,1.0227398139163746,105
6320000,25380.000003335586,-516213.6540170207,301.431156985318,1.025990752576123,105
6325000,25400.00000333966,-516367.63119735615,301.7738191582544,1.0263066586212288,105
6330000,25420.000003343735,-516604.4782462099,300.03154789283707,1.0266331350188278,105
6335000,25440.00000334781,-516500.5580641732,304.65971475377205,1.0251353775328242,105
6340000,25460.000003351885,-515537.78837999795,302.5851635967901,1.0259521811804577,105
6345000,25480.00000335596,-515835.52056824253,300.7950501219391,1.0286712724369014,105
6350000,25500.000003360034,-516230.249939302,303.1685197519076,1.0277539866381005,105
6355000,25520.000003364108,-516768.9996329285,301.2306467483466,1.0243056462829456,105
6360000,25540.000003368183,-515717.6215501637,301.5498487239025,1.0236712116861655,105
6365000,25560.000003372257,-516740.0587720799,300.26278563025824,1.0287547572389886,105
6370000,25580.00000337633,-517751.9901917344,303.3200657868588,1.0303419474607498,105
6375000,25600.000003380406,-515324.7317329878,298.93894941709374,1.022563914907788,105
6380000,25620.00000338448,-516932.7651183102,301.3707683791344,1.0281573477904364,105
6385000,25640.000003388555,-517084.5393565104,298.6977385156484,1.028668463084522,105
6390000,25660.00000339263,-516249.3950237138,300.0235862829495,1.0231433993951458,105
6395000,25680.000003396704,-516628.50173250586,298.87397174386746,1.0256778463583172,105
6400000,25700.00000340078,-516562.5880924354,300.27150242441087,1.0303463087443923,105
6405000,25720.000003404853,-516073.80666981754,299.95656265375703,1.0259874383330652,105
6410000,25740.000003408928,-515593.21461220505,300.4456960063928,1.0246149336076351,105
6415000,25760.000003413003,-516200.4739838985,300.36092247415615,1.0258004287394948,105
6420000,25780.000003417077,-517449.6270508256,301.23092135866335,1.0292287441037262,105
6425000,25800.00000342115,-516151.3236384331,301.2167724576076,1.0290687862883374,105
6430000,25820.000003425226,-516943.5538190461,301.10902109058253,1.0306995501576945,105
6435000,25840.0000034293,-517139.40661969106,299.45479211092334,1.0309924303276097,105
6440000,25860.000003433375,-516385.84274166846,299.4087430657949,1.0244818881267999,105
6445000,25880.00000343745,-514932.8244056802,302.11282852789634,1.0303577191200581,105
6450000,25900.000003441524,-515349.30626671785,297.25256152692606,1.0256191182845287,105
6440000,25860.000003433375,-516590.05042153783,300.70243730463187,1.0273434838260356,0
6445000,25880.00000343745,-515823.73788304115,300.8523680768719,1.029102547198959,107
6450000,25900.000003441524,-515506.9716682893,302.03551362823407,1.0267477540904577,107
6455000,25920.0000034456,-516165.50668587815,300.5297823532934,1.0292663659390713,106
6460000,25940.000003449673,-515648.9654350821,301.6755777301621,1.0257250201384418,106
6465000,25960.000003453748,-516253.0711392078,302.57600243426026,1.0288330560684564,106
6470000,25980.000003457822,-517070.8551649847,300.87627494462015,1.0265899226117443,106
6475000,26000.000003461897,-516536.50612051645,300.9174150890176,1.027871557854505,106
6480000,26020.00000346597,-515918.38681636285,298.6717507207205,1.0236229067114337,106
6485000,26040.000003470046,-516594.6046582591,300.09543026972887,1.027529425034138,106
6490000,26060.00000347412,-518068.23767210566,303.24106543635963,1.029148829178,106
6495000,26080.000003478195,-516405.543717196,301.2928356015195,1.0276118614728826,106
6500000,26100.00000348227,-515462.7528352409,300.2338744789632,1.0233765321045603,106
6505000,26120.000003486344,-515484.16054552584,300.3554741628463,1.027900243752656,106
6510000,26140.00000349042,-515951.6472305169,301.71380543886613,1.022937474544552,106
6515000,26160.000003494493,-516385.93719529524,295.9825527976126,1.0248469257953223,106
6520000,26180.000003498568,-515167.3379442808,299.99888928394444,1.026342399779114,106
6525000,26200.000003502642,-515403.20640935306,299.8428497946629,1.0262657991215727,106
6530000,26220.000003506717,-515403.34849446686,300.9236316182243,1.0253491329334246,106
6535000,26240.00000351079,-516622.8928757305,302.2734441312556,1.0287233378173708,106
6540000,26260.000003514866,-515491.91718885116,300.0353983389889,1.0242872186427348,106
6545000,26280.00000351894,-516607.350503813,300.8072161510538,1.024469363267197,106
6550000,26300.000003523015,-515243.339005586,300.38692501605516,1.0240531212611796,106
6555000,26320.00000352709,-516564.1134323743,300.932541109021,1.0250280816708834,106
6560000,26340.000003531164,-516656.953321059,299.8334344654173,1.0272183144956826,106
6565000,26360.00000353524,-516028.0895387959,299.60956239263453,1.0270892643705034,105
6570000,26380.000003539313,-516026.8042561007,302.18870411637414,1.0248475312578231,105
6575000,26400.000003543388,-516027.1616451936,303.77000441249686,1.0225589353886924,105
6580000,26420.000003547462,-516355.7614774585,304.43810683895634,1.025201450801311,105
6585000,26440.000003551537,-517255.5144679544,302.3440114754515,1.030879136157959,105
6590000,26460.00000355561,-516819.178813318,300.3038974392769,1.0284597787934624,105
6595000,26480.000003559686,-515771.94878357113,303.96082606905804,1.0285357503358044,105
6600000,26500.00000356376,-515282.52628750633,302.9778635172568,1.0253421524044914,105
6605000,26520.000003567835,-516088.19826311176,298.5734491427799,1.0238512741455146,105
6610000,26540.00000357191,-516930.7142849534,301.1391178300061,1.0289384615686983,105
6615000,26560.000003575984,-515913.52891349094,304.220219259124,1.0238299955772157,105
6620000,26580.00000358006,-515489.8024069632,301.4405807206019,1.0242370495705673,105
6625000,26600.000003584133,-516071.4344978465,299.2421055878032,1.0258982521552582,105
6630000,26620.000003588208,-516185.9309345337,305.19772181074325,1.028071683619734,105
6635000,26640.000003592282,-515162.9769496659,300.4089179090519,1.0240839967602449,105
6640000,26660.000003596357,-515625.0873397193,301.36208710332613,1.0270094695942618,105
6645000,26680.00000360043,-517594.8150627441,303.0910024760308,1.0263519325618207,105
6650000,26700.000003604506,-515965.69521619845,302.4548062421001,1.0247666249853309,105
6655000,26720.00000360858,-516423.4799478955,299.8274054029655,1.024202715644048,105
6660000,26740.000003612655,-516403.49556224723,299.34933304624656,1.0273216802416376,105
6665000,26760.00000361673,-516124.68286577566,298.37834706236686,1.0245403066461996,105
6670000,26780.000003620804,-516748.31562036416,301.9529050759095,1.0298177443807188,105
6675000,26800.00000362488,-516210.76025223895,299.5294579206953,1.028951523113873,105
6680000,26820.000003628953,-515884.88683170476,302.37188645648854,1.0271912739842093,105
6685000,26840.000003633028,-515791.83926953236,302.07774854407137,1.0254015551314004,105
6690000,26860.000003637102,-517171.66191956867,301.19766857343967,1.0307525154240096,105
6695000,26880.000003641177,-515233.2516369228,301.4438582913145,1.0215479224511594,105
6700000,26900.00000364525,-516184.6050729372,301.08187472734085,1.0284502183920043,105
6705000,26920.000003649326,-515317.30287006404,301.2459580669487,1.026719643263112,105
6710000,26940.0000036534,-516148.8035795493,301.0037479816928,1.0235581479044795,105
6715000,26960.000003657475,-515447.1186503279,301.9096400760829,1.0247703843578735,105
6720000,26980.00000366155,-515153.389964683,301.5791847118823,1.026919590902868,105
6725000,27000.000003665624,-516625.197201018,303.3345388783554,1.026643230180129,105
6730000,27020.0000036697,-515448.51057297713,301.00829624208893,1.024499597894231,105
6735000,27040.000003673773,-514506.14072198747,302.35729274748877,1.0215701573598621,105
6740000,27060.000003677847,-516152.27121637505,302.3147075601078,1.0310935328769164,105
6745000,27080.000003681922,-516213.7976839789,300.19576097440256,1.0258658670108443,105
6750000,27100.000003685996,-516936.41389119835,299.91140050376544,1.0241068374180158,105
6755000,27120.00000369007,-514946.3672174355,298.68624244321694,1.0247512014239497,105
6760000,27140.000003694146,-515825.0244034156,301.08318522133897,1.0291913481450221,105
6765000,27160.00000369822,-516268.8544910096,301.03903958456675,1.0270119265193103,105
6770000,27180.000003702295,-515718.2757794417,301.1946393447384,1.0241317772834662,105
6775000,27200.00000370637,-516713.6074779914,299.33219706305823,1.0280343483639547,105
6780000,27220.000003710444,-517032.89919370296,302.61986707050755,1.0249387003314057,105
6785000,27240.00000371452,-516435.46829086076,302.486928353847,1.0286235475585017,105
6790000,27260.000003718593,-515899.2652508402,300.74822752713317,1.0276851178632778,105
6795000,27280.000003722667,-515872.82481073774,301.5442733853703,1.0255933200660825,105
6800000,27300.000003726742,-516885.504267792,300.3239887753485,1.0276482063339605,105
6805000,27320.000003730816,-515062.5568452701,301.35663092059866,1.0275297650075683,105
6810000,27340.00000373489,-515269.4839281442,302.91674210779564,1.0228875809746987,105
6815000,27360.000003738965,-516554.8403658618,301.5011497704793,1.0270532632439158,105
6820000,27380.00000374304,-515368.7178589734,300.2765470297767,1.02403043399722,105
6825000,27400.000003747115,-515942.3997712906,300.57047357159206,1.0266701955997042,105
6830000,27420.00000375119,-516085.1172355078,300.75526658585784,1.0282504775301753,105
6835000,27440.000003755264,-514786.5517675418,300.5502675351525,1.0247471538106896,105
6840000,27460.000003759338,-515245.3968375246,298.3355768071757,1.0225107371103488,105
6845000,27480.000003763413,-515338.5672082715,299.19337074225706,1.024313412118761,105
6850000,27500.000003767487,-516996.4155958274,298.0268623416203,1.0276785258421042,105
6855000,27520.00000377156,-515779.1312522318,300.584138927655,1.0307480381526613,105
6860000,27540.000003775636,-516432.96525602485,302.2557049887281,1.0275002262475603,105
6865000,27560.00000377971,-515359.5098687289,301.3460523905912,1.0253252130174506,105
6870000,27580.000003783785,-515629.89311231533,302.17955821777156,1.0279110411979484,105
6875000,27600.00000378786,-516781.0907854291,301.6900188706749,1.0307909147086887,105
6880000,27620.000003791934,-515998.7798568944,301.82637221515853,1.0232612809431503,105
6885000,27640.00000379601,-515670.2402121774,299.2646986092656,1.026429331010445,105
6890000,27660.000003800084,-517227.9021729573,301.03284073569796,1.0289280202133624,105
6895000,27680.000003804158,-516183.9313034245,299.6476125786442,1.0266715834105071,105
6900000,27700.000003808233,-516117.609535347,299.5820012920956,1.0284643368673383,105
6905000,27720.000003812307,-516829.6620209282,301.6286700900932,1.024968671694702,105
6910000,27740.00000381638,-515394.31487052445,299.83969387818894,1.0268785057351948,105
6915000,27760.000003820456,-514474.2919520212,299.7419858634813,1.024039245767396,105
6920000,27780.00000382453,-516685.3287726906,300.9651349762457,1.028986117446778,105
6925000,27800.000003828605,-514629.646764799,303.1691669790618,1.0248965922994406,105
6930000,27820.00000383268,-517294.59871812444,303.6169916288172,1.0259342606039288,105
6935000,27840.000003836754,-517473.86935921037,302.1373553087742,1.0297562019304562,105
6940000,27860.00000384083,-515997.1831711156,297.4991034594174,1.0254334215296894,105
6945000,27880.000003844903,-516650.6790208509,299.281744516932,1.0287834570805083,105
6950000,27900.000003848978,-516876.1892611373,300.20586356349827,1.0299151133829028,105
6955000,27920.000003853052,-516520.61177197634,299.2162191187192,1.0286696535032218,105
6960000,27940.000003857127,-515639.7456093922,301.828989314735,1.0250856092512364,105
6965000,27960.0000038612,-516059.2264826724,301.42012942360253,1.0273479756168338,105
6970000,27980.000003865276,-515960.53544756514,299.70746538733306,1.0217134180608638,105
6975000,28000.00000386935,-515805.18935935106,301.92313968242576,1.0258231535104831,105
6980000,28020.000003873425,-514268.246525293,301.5027236696093,1.0236501099184008,105
6985000,28040.0000038775,-516354.61305939103,301.97388000374735,1.0233785214031461,105
6990000,28060.000003881574,-515890.0611301381,299.01877998553977,1.027321318349586,105
6995000,28080.00000388565,-517060.06834557676,298.4063495494657,1.0245300157906456,105
7000000,28100.000003889723,-515263.3994170611,299.98687187491987,1.0245304540647353,105
7005000,28120.000003893798,-515263.92786426144,301.29037749586763,1.0262128945857958,105
7010000,28140.000003897872,-515971.11230772175,300.03762182067,1.0245395930737837,105
7015000,28160.000003901947,-515468.5872008139,304.83103302470516,1.0282808546691515,105
7020000,28180.00000390602,-516101.2598193055,299.6874185554456,1.024081379300826,105
7025000,28200.000003910096,-514486.8505763451,299.90887667199644,1.0255140658138757,105
7030000,28220.00000391417,-514666.79049471486,300.437201497426,1.0281018469803878,105
7035000,28240.000003918245,-516287.1980355892,302.6163442779154,1.0281328034575947,105
7040000,28260.00000392232,-515840.06784804375,299.89148610520954,1.0284069860961957,105
7045000,28280.000003926394,-516514.7155774522,299.3619002085412,1.0255603184490516,105
7050000,28300.00000393047,-514309.84437877825,301.5385719623428,1.0224896448699623,105
7055000,28320.000003934543,-515388.9359242455,302.8104409637896,1.0258296130164457,105
7060000,28340.000003938618,-517062.4651902877,300.8126933915434,1.0296036111412583,105
7065000,28360.000003942692,-515362.9267998114,298.934536865336,1.0262033866160143,105
7070000,28380.000003946767,-516854.6876079787,298.6711598639035,1.0272092380843447,105
7075000,28400.00000395084,-515438.21096315654,300.34486624271875,1.0247139385888588,105
7080000,28420.000003954916,-515760.8289358907,302.0582361547501,1.0271094419770044,105
7085000,28440.00000395899,-515962.56067594327,300.3974874255624,1.0250732999308563,105
7090000,28460.000003963065,-516846.3098994624,302.9658892326673,1.0263048001189166,105
7095000,28480.00000396714,-516507.3265814213,301.3762249675227,1.0288275857565616,105
7100000,28500.000003971214,-515065.77288231347,304.0535280048117,1.0215654484137937,105
7105000,28520.00000397529,-516116.17376988335,299.7968348498339,1.023746182078151,105
7110000,28540.000003979363,-516319.12567539234,301.4536709661469,1.0262064485713045,105
7115000,28560.000003983438,-516743.7810770313,304.60581724825965,1.0260182440571164,105
7120000,28580.000003987512,-514741.856072322,301.1638808406218,1.026780899661178,105
7125000,28600.000003991587,-516332.6325481802,301.6445782558505,1.0297034493729078,105
7130000,28620.00000399566,-516179.0132170103,301.0892967827986,1.0253295445259742,105
7135000,28640.000003999736,-516844.4977143465,303.60673696018216,1.025552127493193,105
7140000,28660.00000400381,-516800.3853352135,300.0830463086324,1.0284627366654138,105
7145000,28680.000004007885,-517842.4605130949,299.94880424424673,1.0291113337001354,105
7150000,28700.00000401196,-515416.5907713948,299.2150229772234,1.0224477737307764,105
7155000,28720.000004016034,-516337.5998596379,301.1567537724868,1.026512046660174,105
7160000,28740.00000402011,-515888.88628808665,300.46402266255484,1.0259689681135078,105
7165000,28760.000004024183,-515980.2518162769,301.28702477635096,1.0289190626736704,105
7170000,28780.000004028258,-515142.376523077,302.3018817051706,1.0227743496030701,105
7175000,28800.000004032332,-515641.91636576224,298.2168526145389,1.0273928915254336,105
7180000,28820.000004036407,-517905.9350084956,301.25486201973524,1.028338510804436,105
7185000,28840.00000404048,-515591.6123781591,300.50421452327123,1.0247906666421083,105
7190000,28860.000004044556,-516234.0479348283,301.8473543902006,1.028270911589909,105
7195000,28880.00000404863,-518158.3750736264,302.0579565902744,1.0270539284618652,105
7200000,28900.000004052705,-516176.4552711451,301.6419842215995,1.0239750186309937,105
7205000,28920.00000405678,-514972.72705464275,301.64079501769436,1.0277232625378525,105
7210000,28940.000004060854,-516906.2563729582,303.0181002116316,1.0230531817856896,105
7215000,28960.00000406493,-516160.68050839053,300.836905580821,1.0249017388349617,105
7220000,28980.000004069003,-516094.931814658,300.28498800694655,1.0266888260791454,105
7225000,29000.000004073077,-515234.21172145545,301.78826597832864,1.0265297012625538,105
7230000,29020.000004077152,-516825.6329703138,299.93588492579926,1.030734716116307,105
7235000,29040.000004081227,-513503.42659660545,298.48259774688677,1.0245666001664226,105
7240000,29060.0000040853,-515542.546596088,298.6278415186528,1.0272869162008613,105
7245000,29080.000004089376,-515525.97961687646,298.78236122528466,1.02558650005348,105
7250000,29100.00000409345,-516736.1841249,301.96673548022983,1.0251750800441823,105
7255000,29120.000004097525,-515006.1909555758,303.393543769448,1.0237942345516822,105
7260000,29140.0000041016,-515855.20077391225,301.7638072539984,1.0267346072242816,105
7265000,29160.000004105674,-515493.5098920702,297.8829607682183,1.0246906313462631,105
7270000,29180.00000410975,-515119.3533849681,299.82058716507225,1.0264155342728165,105
7275000,29200.000004113823,-516361.6104696789,300.59321647137205,1.0268939607429366,105
7280000,29220.000004117897,-516701.27315377165,301.1634712186739,1.027609648425604,105
7285000,29240.000004121972,-516980.6957743205,301.5254127883824,1.0288605704835787,105
7290000,29260.000004126046,-515028.8388346378,299.5865260896123,1.025925946259448,105
7295000,29280.00000413012,-514660.1501758655,301.41035027470434,1.0242425285740613,105
7300000,29300.000004134195,-516988.0265181286,301.14190422375333,1.0235067425696385,105
7305000,29320.00000413827,-517493.1538324498,302.54758243405905,1.031760690651143,105
7310000,29340.000004142345,-515736.06426228536,298.8643591073075,1.027273623506676,105
7315000,29360.00000414642,-515557.14807233866,299.69209990734583,1.0263160198605767,105
7320000,29380.000004150494,-516295.7693538198,300.778243649575,1.0228282228345595,105
7325000,29400.000004154568,-517134.08168763085,302.3663176583995,1.0331944727013982,105
7330000,29420.000004158643,-516538.2305374041,299.8961570937934,1.028077840551181,105
7335000,29440.000004162717,-515601.3650684031,300.5019786298078,1.0247600375408232,105
7340000,29460.00000416679,-515287.90042800223,303.65961494584263,1.0203186181957287,105
7345000,29480.000004170866,-517036.85702148825,302.79853680605703,1.0276794840834518,105
7350000,29500.00000417494,-516018.8240853525,299.94754145888703,1.025867637669622,105
7355000,29520.000004179015,-515304.95267997123,301.96546677058933,1.0246900523227047,105
7360000,29540.00000418309,-515547.322739189,302.786222272179,1.0276071604881813,105
7365000,29560.000004187164,-515493.1079757104,301.78883423018914,1.0246296805500197,105
7370000,29580.00000419124,-516368.1648801048,301.93369375338676,1.0263606027859797,105
7375000,29600.000004195314,-516887.6309551613,302.59614808272437,1.0259589073161137,105
7380000,29620.000004199388,-515278.5659240063,303.09198437173904,1.0242192684079179,105
7385000,29640.000004203463,-514596.99654387473,302.1816716371153,1.023942137398184,105
7390000,29660.000004207537,-515881.7319440325,301.96523815319097,1.024934239825089,105
7395000,29680.00000421161,-516476.2326436599,302.883869909516,1.0258715152659872,105
7400000,29700.000004215686,-516026.7743401937,300.9931649260387,1.0272587570829723,105
7405000,29720.00000421976,-516365.8296427019,300.9503014630055,1.027727618634629,105
7410000,29740.000004223835,-515719.75078924326,300.3386249230446,1.0281009314894285,105
7415000,29760.00000422791,-515423.1371248178,300.2913276852292,1.0250478268379044,105
7420000,29780.000004231984,-516017.12166960957,298.5370637793556,1.0244568698979462,105
7425000,29800.00000423606,-516354.59157216456,301.35267701489556,1.028647995449241,105
7430000,29820.000004240133,-516079.4563176809,300.1274454704519,1.025168671481969,105
7435000,29840.000004244208,-514764.1835125403,301.223695766851,1.0234799664514957,105
7440000,29860.000004248282,-515448.5046351303,301.0826163160728,1.0265336088282966,105
7445000,29880.000004252357,-515997.8490842895,300.9171661149151,1.0243889772777748,105
7450000,29900.00000425643,-517048.1732190058,300.90448545093386,1.0262634120280212,105
7455000,29920.000004260506,-515942.7181248085,298.62254734336966,1.0276555816526969,105
7460000,29940.00000426458,-516798.2915490973,300.44547233463885,1.0247923844064073,105
7465000,29960.000004268655,-517610.8324390738,299.46333848938133,1.0301960207183551,105
7470000,29980.00000427273,-515772.8435079991,301.69125125517047,1.0238948454693957,105
7475000,30000.000004276804,-517699.27797219134,301.78778039881877,1.0287740215203827,105
7480000,30020.00000428088,-515974.0060501527,301.610497887418,1.0246193826948502,105
7485000,30040.000004284953,-515644.2049384981,300.4616438230204,1.0245390295465087,105
7490000,30060.000004289028,-516298.1197533363,300.9372869445564,1.0256819945412021,105
7495000,30080.000004293102,-515654.73038258613,301.743951757088,1.026678756039111,105
7500000,30100.000004297177,-515811.05250073667,298.4816096886053,1.0276517728708774,105
7505000,30120.00000430125,-515631.19317125785,301.2288222645526,1.0249521324618722,105
7510000,30140.000004305326,-514655.1666503609,302.5204772075132,1.0231361742448075,105
7515000,30160.0000043094,-516417.3834611939,301.05052321500233,1.0281505679940477,105
7520000,30180.000004313475,-516821.21254893555,301.5401478380285,1.027897777170697,105
7525000,30200.00000431755,-515607.39696403756,304.6051716185349,1.0233726996381596,105
7530000,30220.000004321624,-515198.4600171102,298.45718803246376,1.025707887509943,105
7535000,30240.0000043257,-516613.27737310226,302.2183528722249,1.0267575790324215,105
7540000,30260.000004329773,-516326.81758465734,299.18692875666693,1.02164084488625,105
7545000,30280.000004333848,-515526.96795883356,300.7951178325932,1.0224276809547326,105
7550000,30300.000004337922,-515880.22087619314,301.52398072896085,1.0253210964275552,105
7555000,30320.000004341997,-515097.1407500764,300.1832379657865,1.024842749779435,105
7560000,30340.00000434607,-516681.3642464266,301.3727821548578,1.025908973789672,105
7565000,30360.000004350146,-516395.04428921756,302.3478612122273,1.0287852547073664,105
7570000,30380.00000435422,-513532.89779547136,301.1956503420608,1.0230100168296323,105
7575000,30400.000004358295,-515831.22530156374,299.39248012058556,1.0232421274502053,105
7580000,30420.00000436237,-516030.3802186982,300.87462904869847,1.0260923583201578,105
7585000,30440.000004366444,-515613.9579948166,299.4611545554699,1.0259777524927234,105
7590000,30460.00000437052,-517693.08683326934,302.73344641204216,1.0290395688627678,105
7595000,30480.000004374593,-515371.5650000712,301.32603094797685,1.0267631568083888,105
7600000,30500.000004378668,-515693.2811049409,300.96325615637903,1.026218337765894,105
7605000,30520.000004382742,-515970.7565805367,299.435541811038,1.025096508200837,105
7610000,30540.000004386817,-515985.6349353825,300.2544057563799,1.0240708571451262,105
7615000,30560.00000439089,-516728.68350161845,300.10347725690383,1.0286215916601187,105
7620000,30580.000004394966,-516406.4711969043,299.62950244575893,1.0273876742300267,105
7625000,30600.00000439904,-515266.9481999157,300.6171067427419,1.0279333664409804,105
7630000,30620.000004403115,-516875.20895580156,300.3966077457968,1.0344759273848037,105
7635000,30640.00000440719,-515601.41807455756,302.10600181742666,1.0286101568478787,105
7640000,30660.000004411264,-515312.4451650039,303.00039762234877,1.0255899719100492,105
7645000,30680.00000441534,-515491.88539421395,300.62358291543075,1.0273403546180286,105
7650000,30700.000004419413,-516636.55523368507,300.6714697323294,1.0278506197433646,105
7655000,30720.000004423488,-516827.0986291603,298.173560132854,1.0296612224795039,105
7660000,30740.000004427562,-515612.35548260435,300.9476939957577,1.0259512055467954,105
7665000,30760.000004431637,-517247.86905699247,301.8843335548485,1.0291951562115051,105
7670000,30780.00000443571,-516109.5205874506,299.0143539713737,1.023356736564027,105
7675000,30800.000004439786,-516143.55933304806,302.7227120804435,1.0271575313067254,105
7680000,30820.00000444386,-516597.8485237239,298.56436429329295,1.0301249699233226,105
7685000,30840.000004447935,-515259.3390908332,300.18381795710644,1.0271022274475772,105
7690000,30860.00000445201,-516496.4928076784,298.24400858506914,1.0261122404763101,105
7695000,30880.000004456084,-515302.95748865325,298.871004577633,1.023960533392798,105
7700000,30900.00000446016,-516520.2042948941,301.0396092978742,1.0259213365201671,105
7705000,30920.000004464233,-516814.3878251673,302.3663731990094,1.0312971367450035,105
7710000,30940.000004468307,-516607.84844096913,299.9740473032959,1.0240966310933037,105
7715000,30960.000004472382,-516390.35176822566,301.2436588238963,1.026088015872885,105
7720000,30980.000004476457,-516140.89027634775,302.33693078914075,1.0274980897231936,105
7725000,31000.00000448053,-516250.79066642467,300.5952574607709,1.0247580073158165,105
7730000,31020.000004484606,-516355.31881354447,301.0305662403777,1.0258601304212351,105
7735000,31040.00000448868,-517308.9350981787,303.1999302776417,1.0293875654246019,105
7740000,31060.000004492755,-515949.07028532773,302.6903565874457,1.0284453573229793,105
7745000,31080.00000449683,-515756.80850778567,300.1899653834798,1.0269822482805344,105
7750000,31100.000004500904,-515926.5891936298,298.15529100252843,1.0307159642805253,105
7755000,31120.00000450498,-517048.52224345505,299.7812148017151,1.0284451688338276,105
7760000,31140.000004509053,-516491.606255661,301.1978141760007,1.027254946326601,105
7765000,31160.000004513127,-516122.33234995813,298.0510471482602,1.026635234095773,105
7770000,31180.000004517202,-516355.60277832113,301.77871968866117,1.0264541227578001,105
7775000,31200.000004521276,-516415.4138080047,300.2173079269304,1.0275813896773374,105
7780000,31220.00000452535,-516568.3207265455,302.0801574246633,1.0303101189771586,105
7785000,31240.000004529425,-516295.5213225961,301.0522894612732,1.027137898407866,105
7790000,31260.0000045335,-515874.4679756963,304.4040599246546,1.0243598732252275,105
7795000,31280.000004537575,-516031.2132681201,300.31347397085875,1.0242183043830642,105
7800000,31300.00000454165,-517411.88917995756,302.7749577892459,1.0251872754701084,105
7805000,31320.000004545724,-515596.12033096165,300.08102714606053,1.0264001696040932,105
7810000,31340.000004549798,-515792.07683846727,299.9282947990182,1.0258391278097614,105
7815000,31360.000004553873,-516932.1211498736,298.87714126964426,1.0273343339309484,105
7820000,31380.000004557947,-516242.58887923206,300.42061247734557,1.024687556872907,105
7825000,31400.00000456202,-514624.5506285941,299.8230181841459,1.022819653068668,105
7830000,31420.000004566096,-516201.60520827933,300.88411970000817,1.0256885009920242,105
7835000,31440.00000457017,-516298.83218465955,300.4682730699033,1.024240779676453,105
7840000,31460.000004574245,-514772.70949071134,302.79337912385057,1.02370403958369,105
7845000,31480.00000457832,-515724.1828905635,301.94254397168334,1.025700809707307,105
7850000,31500.000004582394,-515207.7081475947,301.14174333907675,1.0269569755932642,105
7855000,31520.00000458647,-515818.3593925154,298.04753158303697,1.0268117622431172,105
7860000,31540.000004590544,-516993.87865139986,299.20688332661996,1.033769025562043,105
7865000,31560.000004594618,-516551.99817756657,299.20755596390524,1.022701733103178,105
7870000,31580.000004598693,-515380.4800393414,300.52421216639095,1.0236809327841,105
7875000,31600.000004602767,-516505.4735355056,300.47143554609016,1.0294135521497765,105
7880000,31620.00000460684,-515097.6218144358,301.567889760855,1.0241355492493787,105
7885000,31640.000004610916,-516838.2434466919,300.5425536928736,1.0269213339503371,105
7890000,31660.00000461499,-515813.82496380876,301.4017253684259,1.024985695190196,105
7895000,31680.000004619065,-516334.6773450521,301.6552403544195,1.026232015552945,105
7900000,31700.00000462314,-516067.4585768783,300.59226448601487,1.0249003977249767,105
7905000,31720.000004627214,-516741.46398455277,301.8663207826447,1.0269527940213223,105
7910000,31740.00000463129,-516135.299587216,298.99379568934,1.0236680223358563,105
7915000,31760.000004635363,-516514.24580706516,300.66757855405297,1.0276856867282431,105
7920000,31780.000004639438,-516055.1185981089,299.0442108471343,1.0237320313081169,105
7925000,31800.000004643513,-516599.4432524226,300.53086810459655,1.0286963199963182,105
7930000,31820.000004647587,-516187.0924569797,300.8741656989444,1.0241229604181035,105
7935000,31840.00000465166,-516318.6713692313,299.9797586371688,1.024131129506662,105
7940000,31860.000004655736,-516258.5760256876,298.8812418115339,1.0309313712750798,105
7945000,31880.00000465981,-516035.4079609518,299.8115620295877,1.0229759643125425,105
7950000,31900.000004663885,-515288.2302416244,301.00924890061765,1.0244725761017641,105
7955000,31920.00000466796,-516116.569270496,299.1299482067318,1.0243281127548494,105
7960000,31940.000004672034,-515695.7769033781,299.69602428590883,1.0274813158963119,105
7965000,31960.00000467611,-514935.4405304827,299.9993109435338,1.024402949252921,105
7970000,31980.000004680183,-515869.1770613361,300.22732135540406,1.0241275652849384,105
7975000,32000.000004684258,-515305.1237835267,301.9412647514615,1.023315873429817,105
7980000,32020.000004688332,-516115.8263352914,301.1265749054758,1.02737226707717,105
7985000,32040.000004692407,-516812.8262501545,298.827233145476,1.0290368820070992,105
7990000,32060.00000469648,-516104.6013688117,304.87127535556954,1.0255313041758287,105
7995000,32080.000004700556,-516220.0962193713,300.1454562429407,1.0276850023694635,105
8000000,32100.00000470463,-516158.7790747001,299.8874928361459,1.0266558810559685,105
8005000,32120.000004708705,-516227.9034583438,299.50808708178437,1.0219236607713034,105
8010000,32140.00000471278,-515416.720238731,299.4282997880475,1.025472428931869,105
8015000,32160.000004716854,-516024.975516343,302.79526371558154,1.0294105060798002,105
8020000,32180.00000472093,-515986.08879587613,304.9005682299592,1.0265742555234547,105
8025000,32200.000004725003,-516939.5085891194,300.42506943427793,1.0265091369557742,105
8030000,32220.000004729078,-515377.9096152198,303.9022892717513,1.0239392637085598,105
8035000,32240.000004733152,-516256.50215350976,302.7779975343166,1.0248180232908715,105
8040000,32260.000004737227,-515075.25711921207,298.48246350043394,1.0239637810638513,105
8045000,32280.0000047413,-515383.7253264419,300.05338364324115,1.0233247284286773,105
8050000,32300.000004745376,-515750.7323757822,301.5702609620514,1.0290078747029334,105
8055000,32320.00000474945,-516740.6543118176,303.0562485321326,1.0236976728444402,105
8060000,32340.000004753525,-515242.5105231025,298.822445713487,1.0250582101603456,105
8065000,32360.0000047576,-516825.69155697594,301.67664861536144,1.0272934118950199,105
8065000,32360.0000047576,-515450.76157102943,299.62869483043147,1.02398429053342,--
8070000,32380.000004761674,-516495.63022523466,298.26599026171033,1.0280374679092263,108
8075000,32400.00000476575,-516421.30205316236,300.5915605012823,1.0282620266400544,108
8080000,32420.000004769823,-516157.3523741171,300.028377111495,1.0251129261969552,107
8085000,32440.000004773898,-516000.378677438,299.85030786041597,1.0258382820714496,107
8090000,32460.000004777972,-515347.72720151255,300.63720490955683,1.0266514424559132,107
8095000,32480.000004782047,-515252.0765558374,300.6243343015981,1.0287684712702807,107
8100000,32500.00000478612,-515860.6527974908,302.4467057054841,1.0258360580668882,107
8105000,32520.000004790196,-515530.94235955435,301.6913855025781,1.0271447365899333,107
8110000,32540.00000479427,-516956.8464222569,299.77100639739257,1.0256842736124965,107
8115000,32560.000004798345,-517097.4630267492,301.93926109667433,1.024408800828538,107
8120000,32580.00000480242,-516288.07135889074,298.30046076527634,1.0235195280995295,107
8125000,32600.000004806494,-514777.6830056305,299.3353052938345,1.0212867911652317,107
8130000,32620.00000481057,-516516.63601820776,298.81492241170304,1.028621641558559,106
8135000,32640.000004814643,-516296.7983700747,300.44621599618125,1.0245404923060313,106
8140000,32660.000004818718,-514775.06648470997,300.49388216869204,1.0230820608019497,106
8145000,32680.000004822792,-514466.05013711494,301.74845524476723,1.0189229917857152,106
8150000,32700.000004826867,-515336.7645492486,299.6909033526363,1.024141760293325,106
8155000,32720.00000483094,-516365.7694071636,301.517762358529,1.0272052414944803,106
8160000,32740.000004835016,-516294.79103828035,304.5081383790501,1.0282300133122173,106
8165000,32760.00000483909,-516575.66901640105,301.24552206059985,1.0240953283571674,106
8170000,32780.00000484316,-517066.02870380203,299.1887667977748,1.0283667652997404,106
8175000,32800.000004847236,-515332.12083643465,301.329771783482,1.0241380386579038,106
8180000,32820.00000485131,-516943.7236346307,301.0274477631719,1.0257241891916609,106
8185000,32840.000004855385,-516193.23580613174,302.70461650306737,1.0216360633992116,106
8190000,32860.00000485946,-514969.7865560821,298.67709171698016,1.0250752694890208,106
8195000,32880.000004863534,-517463.6162116644,300.2965406198509,1.027213829293572,106
8200000,32900.00000486761,-515666.6240621649,301.97596641947183,1.0256549767541665,106
8205000,32920.00000487168,-515958.0701279072,302.34594144647934,1.0261095677926426,106
8210000,32940.00000487576,-516747.1575500737,300.65286423855565,1.0263268798783673,106
8215000,32960.00000487983,-515756.33051740006,300.4651953608477,1.0266496211855414,106
8220000,32980.00000488391,-515905.0638298036,300.4223493443067,1.026687349871654,106
8225000,33000.00000488798,-514927.1122790114,301.9678742540549,1.027623417823777,106
8230000,33020.000004892056,-516280.3089806705,297.728087870248,1.0262582000437823,106
8235000,33040.00000489613,-515220.41577869863,301.7518805532474,1.0235587134445205,106
8240000,33060.000004900205,-517130.5778796794,301.9005942874319,1.0314098212310987,106
8245000,33080.00000490428,-515838.4413493059,298.6863525406508,1.0261339212339446,106
8250000,33100.000004908354,-515222.0600924366,300.44885844266173,1.0237856527841251,106
8255000,33120.00000491243,-515615.91375450813,301.6054802053774,1.0256931148871269,106
8260000,33140.0000049165,-515725.0926182964,299.9188678216593,1.0263057228974632,106
8265000,33160.00000492058,-516401.9930127056,303.2099538842663,1.027520856294415,106
8270000,33180.00000492465,-516408.8890666005,298.4913848923126,1.026722518618876,106
8275000,33200.00000492873,-517077.7806475423,299.67961714556304,1.0275930288175525,106
8280000,33220.0000049328,-514709.06236734963,298.3521164882656,1.0231708839005034,106
8285000,33240.000004936875,-516489.5320276648,302.24994574368725,1.027017364285167,106
8290000,33260.00000494095,-516319.55958841206,301.8104241320245,1.0267279208189586,106
8295000,33280.000004945025,-516341.4111568562,301.2211926035022,1.0253553354701774,106
8300000,33300.0000049491,-515345.38074254687,302.1098978572846,1.0232224317564107,106
8305000,33320.00000495317,-516560.9044603999,301.8418429252394,1.0266279958899007,106
8310000,33340.00000495725,-515664.9336146696,299.1120748659268,1.0224086498178433,106
8315000,33360.00000496132,-516171.4042811403,302.8358609180559,1.0292559741274332,106
8320000,33380.0000049654,-517029.70331807225,303.4063918314823,1.0257406905723923,106
8325000,33400.00000496947,-516545.3850744183,299.1869567601053,1.026197534160829,106
8330000,33420.000004973546,-515854.0569346696,301.87221905356495,1.02301997535464,106
8335000,33440.00000497762,-516214.3267503611,301.0477910429992,1.0304927782210025,106
8340000,33460.000004981695,-516204.9027398471,302.9841667391753,1.0277383303431686,106
8345000,33480.00000498577,-517262.5328946407,299.82854136916063,1.0273195969785052,106
8350000,33500.000004989844,-516739.1144188929,299.13991492740485,1.0273203341401314,106
8355000,33520.00000499392,-516920.3831175179,301.45177560635426,1.0254777631688805,106
8360000,33540.00000499799,-515518.6862757853,300.4641571174578,1.0246742770133157,106
8365000,33560.00000500207,-516535.4643120989,301.0553154047989,1.0267064493336358,106
8370000,33580.00000500614,-516061.3387734317,301.1195047967035,1.0266355077411633,106
8375000,33600.00000501022,-515313.3636410383,300.68732414768414,1.02379547039527,106
8380000,33620.00000501429,-515316.93724456825,301.93925558876396,1.02474484986324,106
8385000,33640.000005018366,-515692.29336651275,300.6983230935824,1.0253697211089887,106
8390000,33660.00000502244,-515301.8053730952,299.38333014721627,1.0237990270015664,106
8395000,33680.000005026515,-515857.51125790714,299.3972775210527,1.0288443604092279,106
8400000,33700.00000503059,-515903.52986821905,300.5271635653565,1.025297269632071,106
8405000,33720.000005034664,-516650.52178454073,297.52259827398,1.0249735120833692,106
8410000,33740.00000503874,-516245.1210531709,300.33331432493037,1.0274238039588657,106
8415000,33760.00000504281,-516325.0020518794,298.65897314455736,1.0252719796508005,106
8420000,33780.00000504689,-515597.4398725268,301.30725038392467,1.0256853198664528,106
8425000,33800.00000505096,-516867.22422395437,300.6131431154159,1.024725612237951,106
8430000,33820.00000505504,-516958.798600666,302.88195780107213,1.0310783809024509,106
8435000,33840.00000505911,-517159.5216192226,302.3336307952371,1.0283641284392133,106
8440000,33860.000005063186,-516147.02105498384,302.86568318812897,1.0323127293760004,106
8445000,33880.00000506726,-515606.20221742196,302.09705195172364,1.027403914291498,106
8450000,33900.000005071335,-516364.3599000687,298.569891982118,1.0273913043269653,106
8455000,33920.00000507541,-515339.04872778687,299.2534649412312,1.023465003074721,106
8460000,33940.000005079484,-516342.8190129502,299.8977053078379,1.0250901928809215,106
8465000,33960.00000508356,-515397.97193251504,299.96791456135605,1.0249907773307294,106
8470000,33980.00000508763,-516348.28971800883,299.8040882580011,1.0234237817063099,106
8475000,34000.00000509171,-515876.8556833118,301.14561662752925,1.026952563796001,106
8480000,34020.00000509578,-514960.4306613582,299.92635036949565,1.0263858378966244,106
8485000,34040.00000509986,-515691.11350706173,302.11624743193084,1.0258933467354132,106
8490000,34060.00000510393,-514927.5372875242,301.41571248071057,1.0283392060362062,106
8495000,34080.000005108006,-516601.96207547025,302.6045102415137,1.02541434976355,106
8500000,34100.00000511208,-516490.0168041745,300.6627077249403,1.0273555189054966,106
8505000,34120.000005116155,-516486.03666343377,301.14034198531783,1.0288788517917506,106
8510000,34140.00000512023,-515119.69578210334,299.08778229834917,1.0307646650381372,106
8515000,34160.000005124304,-516548.7020010508,302.61883175494563,1.030348000382366,106
8520000,34180.00000512838,-516914.05281807506,300.3010820117864,1.029865907996737,106
8525000,34200.00000513245,-515951.41740181297,300.25068118522773,1.0250732816916024,106
8530000,34220.00000513653,-515940.20749725844,302.55848260587805,1.024404358428761,106
8535000,34240.0000051406,-516246.17089921376,299.3687250168847,1.0296437340227742,106
8540000,34260.00000514468,-517380.1520975982,300.86262026334515,1.0271804381554932,106
8545000,34280.00000514875,-516522.0068256357,299.8085417967328,1.0224525980119497,106
8550000,34300.000005152826,-514797.04037632234,298.91832924634895,1.0233495938089836,106
8555000,34320.0000051569,-515684.1670247272,300.07524842395657,1.0273923745910964,106
8560000,34340.000005160975,-517093.68391600624,301.35745006849413,1.0306755618387782,106
8565000,34360.00000516505,-515632.4501267127,300.53865505835444,1.0287701572823855,106
8570000,34380.000005169124,-516782.6123194939,302.19504483116407,1.028370286239297,106
8575000,34400.0000051732,-516361.1505693868,299.7881231354524,1.0244971076758074,106
8580000,34420.00000517727,-516343.5143501153,300.05093280040984,1.023451944476318,106
8585000,34440.00000518135,-515357.89166215505,302.07805571088306,1.0252687032898953,106
8590000,34460.00000518542,-515610.80926381587,300.8638326805034,1.0254134226812186,106
8595000,34480.0000051895,-515231.89856373565,303.16841828961464,1.022754258679883,106
8600000,34500.00000519357,-515575.87530151545,301.954760464594,1.0242260562426422,106
8605000,34520.000005197646,-516412.82310004556,300.59832022859734,1.0283495852287046,106
8610000,34540.00000520172,-515194.30199362664,303.29408561477874,1.0259676927219548,106
8615000,34560.000005205795,-515967.66303275805,297.53918977723526,1.0246929393681177,106
8620000,34580.00000520987,-515576.5010918223,298.36274424985874,1.0245045529541856,106
8625000,34600.000005213944,-515882.8195525969,301.1409901235207,1.0263842129246754,106
8630000,34620.00000521802,-516492.5825091966,301.4711263873184,1.0257516291165696,106
8635000,34640.00000522209,-516536.9686343353,300.4842725453091,1.027812369007942,106
8640000,34660.00000522617,-516556.49154140474,303.279183158801,1.0289486324775448,106
8645000,34680.00000523024,-515256.5409506906,302.95857163173395,1.0225061488468596,106
8650000,34700.00000523432,-514799.95819117106,299.5727829907564,1.0287142841365131,106
8655000,34720.00000523839,-516916.05173337646,301.53980799468087,1.0266757624873388,106
8660000,34740.000005242466,-515552.400259224,301.71170084167426,1.0251374474758312,106
8665000,34760.00000524654,-515574.4020734045,301.85766730620026,1.0269606383992682,106
8670000,34780.000005250615,-516900.65360854426,301.6826130346719,1.0243373230839494,106
8675000,34800.00000525469,-515483.7116534503,300.15368668126985,1.0229711403990382,106
8680000,34820.000005258764,-515493.1457873618,300.3140935956056,1.0276564809944422,106
8685000,34840.00000526284,-516039.40104630473,301.1558087654455,1.0264007569154632,106
8690000,34860.00000526691,-517095.38806364895,301.53543618250706,1.0281067341842975,106
8695000,34880.00000527099,-516106.7355203328,301.3735055598108,1.0305366176006892,106
8700000,34900.00000527506,-518051.0072128719,301.78383236512127,1.0284908976864056,106
8705000,34920.00000527914,-516792.0524393432,300.1776495349194,1.024064383262784,106
8710000,34940.00000528321,-516510.8340993407,300.6348823146487,1.0299493711031151,106
8715000,34960.000005287286,-515756.76942932233,300.8426603821385,1.0269784913492028,106
8720000,34980.00000529136,-517274.9842334748,301.29249212241825,1.0269533592497193,106
8725000,35000.000005295435,-516066.82909435686,301.18090305086395,1.0262153960113922,106
8730000,35020.00000529951,-517125.89085791446,298.0682635499564,1.0271070280306642,106
8735000,35040.000005303584,-515158.572476221,299.2196151636217,1.0251454142655485,106
8740000,35060.00000530766,-516901.272895379,299.59216964359575,1.0321111323960679,106
8745000,35080.00000531173,-515724.69368156977,300.21229437430173,1.0262996261560435,106
8750000,35100.00000531581,-516530.8656539391,300.7894811474298,1.0304690389830393,106
8755000,35120.00000531988,-516640.01053615846,302.7974953028706,1.0291064175529814,106
8760000,35140.00000532396,-516182.4483114276,298.5064718114398,1.021868322650611,106
8765000,35160.00000532803,-515124.51419443125,302.88204307728654,1.0223216198537135,106
8770000,35180.000005332106,-516067.7530332564,298.90283194018497,1.0291593123394065,106
8775000,35200.00000533618,-516117.4989709018,299.4987466948943,1.0261556573981605,106
8780000,35220.000005340255,-514883.28867100505,301.00671592062974,1.026614405745423,106
8785000,35240.00000534433,-516766.2199948998,299.54685358755523,1.0271536067121079,106
8790000,35260.000005348404,-514987.43364958186,302.99790356842544,1.028580084389901,106
8795000,35280.00000535248,-515746.9633445046,300.9162225971545,1.0271911479851326,106
8800000,35300.00000535655,-516151.5318713656,298.70867832941167,1.025206721168934,106
8805000,35320.00000536063,-516237.49345809035,299.6049744762239,1.0252919372195897,107
8810000,35340.0000053647,-515802.20705924043,299.4770437159949,1.026958424836006,107
8815000,35360.000005368776,-515654.01907796226,300.880147875994,1.0246797152225762,107
8820000,35380.00000537285,-517113.6561712641,300.7368675231376,1.0286104670004308,107
8825000,35400.000005376925,-516107.7405545057,302.8261439775328,1.0273137169808846,107
8830000,35420.000005381,-516278.7809966167,299.8868982037382,1.0283874052841497,107
8835000,35440.000005385074,-515280.0380441069,299.67895414715747,1.0232165318149993,107
8840000,35460.00000538915,-516778.57775773783,299.9195973044371,1.0252678791835823,107
8845000,35480.00000539322,-515354.7990182459,300.12681540575284,1.0253098703909875,107
8850000,35500.0000053973,-516591.6991582231,301.2439878950818,1.0264452456637896,107
8855000,35520.00000540137,-517519.26596248965,302.7945861084129,1.0246795069542438,107
8860000,35540.00000540545,-515386.29188380926,303.0143896332028,1.0257991429801838,107
8865000,35560.00000540952,-516567.1915993334,301.07937161870024,1.0259560980427427,107
8870000,35580.000005413596,-515869.43475538376,300.2965808509531,1.0244170466497582,107
8875000,35600.00000541767,-516318.3773976646,302.23569445219556,1.0270014667037328,107
8880000,35620.000005421745,-514854.50246786466,301.3569517422086,1.027212925599065,107
8885000,35640.00000542582,-516356.2412485096,301.2451996820875,1.0229615571525323,107
8890000,35660.000005429894,-516573.84271932486,301.9099813289861,1.027365803395575,107
8895000,35680.00000543397,-514976.78827592265,300.0833176427803,1.0269088772712531,107
8900000,35700.00000543804,-516266.91872785194,301.21603335973157,1.0265677834110478,107
8905000,35720.00000544212,-514763.5316838112,303.6763151358692,1.0249171385875175,107
8910000,35740.00000544619,-515931.569039891,298.83331774838354,1.0289603233197877,107
8915000,35760.00000545027,-515455.1119569135,302.6589728567145,1.0264200481992045,107
8920000,35780.00000545434,-515347.2396571513,302.3766871651393,1.028382334485412,107
8925000,35800.000005458416,-515917.58530471916,300.49631956760703,1.026214175171021,107
8930000,35820.00000546249,-515946.0250130964,301.29161318761334,1.0253572972088665,107
8935000,35840.000005466565,-515825.730313187,299.1210996590323,1.0225489872869924,107
8940000,35860.00000547064,-516182.3317441386,300.6264668943786,1.023807836921571,107
8945000,35880.000005474714,-515433.7910100522,297.94761626965453,1.022608565376542,107
8950000,35900.00000547879,-515307.1016145386,297.1061135660787,1.0226486005390738,107
8955000,35920.00000548286,-515627.3443387267,300.6129263027271,1.022529381673268,107
8960000,35940.00000548694,-515765.17702208785,301.02300417544615,1.0252730710326368,107
8965000,35960.00000549101,-515701.5029046624,302.45924677638277,1.0251155284284532,107
8970000,35980.00000549509,-515244.2660042336,300.51403114332,1.0295618817578442,107
8975000,36000.00000549916,-515352.53809246956,301.54901101777534,1.023451720290907,107
8980000,36020.000005503236,-516712.5814289977,302.7347839157816,1.0287417368490002,107
8985000,36040.00000550731,-515939.2616692586,302.97797932412755,1.0256689399115229,107
8990000,36060.000005511385,-515825.0329507331,297.7374463689884,1.025201474475429,107
8995000,36080.00000551546,-516022.018247409,305.15852443574806,1.0270727686785872,107
9000000,36100.000005519534,-515878.8079851812,301.48138532497074,1.026330967035682,107
9005000,36120.00000552361,-516472.3696395557,298.9856151598411,1.025891093314273,107
9010000,36140.00000552768,-515538.4494817043,303.8259357100182,1.0266448721467558,107
9015000,36160.00000553176,-516081.84486428625,301.1191889483165,1.0237311216850276,107
9020000,36180.00000553583,-515405.5912652726,301.9542225106686,1.0273274340120468,107
9025000,36200.00000553991,-515870.3626093175,301.7837174083047,1.0256368811696182,107
9030000,36220.00000554398,-517077.0292299334,300.24203401909756,1.0270341352289498,107
9035000,36240.000005548056,-516899.01193794,301.21153120352847,1.0263185426381558,107
9040000,36260.00000555213,-516191.05755298864,302.26165831831156,1.0245519155076508,107
9045000,36280.000005556205,-516269.93075030297,302.8294976888842,1.0247277463892954,107
9050000,36300.00000556028,-515700.0157654367,302.6718608308942,1.0255858328454452,107
9055000,36320.000005564354,-516788.87030300964,300.22498087107044,1.027021831860419,107
9060000,36340.00000556843,-517044.23488975293,300.5920416600017,1.0293578033125008,107
9065000,36360.0000055725,-516297.75675851735,299.0597714246534,1.0227803108314266,107
9070000,36380.00000557658,-515654.3083546744,303.8470100879078,1.0241330175895693,107
9075000,36400.00000558065,-516134.86920506717,301.19960185352886,1.0248358968570752,107
9080000,36420.00000558473,-515606.5597425208,303.2286389677988,1.023909015592911,107
9085000,36440.0000055888,-516435.54515889566,302.01728523143856,1.028326941286822,107
9090000,36460.000005592876,-516706.3253009729,303.31545075822305,1.0247463087557211,107
9095000,36480.00000559695,-515519.32539379527,303.6371710977328,1.022099461846647,107
9100000,36500.000005601025,-516150.35896584066,302.23542711802264,1.0212790290640381,107
9105000,36520.0000056051,-516771.6569255793,300.51803219909107,1.0279022098115604,107
9110000,36540.000005609174,-516048.37611414446,300.13610831149253,1.0260422836350682,107
9115000,36560.00000561325,-517285.6391921146,302.34856405739094,1.0262468654818324,107
9120000,36580.00000561732,-516403.19409205066,303.29366395812974,1.0254962355965547,107
9125000,36600.0000056214,-516808.4980048991,300.62709420514165,1.0248125233403091,107
9130000,36620.00000562547,-515934.9303783793,300.01124321614515,1.0272335787660496,107
9135000,36640.00000562955,-515579.9784670153,301.2772753236597,1.0280389786244233,107
9140000,36660.00000563362,-515649.25005693967,301.09818168983884,1.0268394763042854,107
9145000,36680.000005637696,-517256.952577092,300.5391635505563,1.029306556051492,107
9150000,36700.00000564177,-517044.9750457995,299.759104333825,1.02457213157354,107
9155000,36720.000005645845,-516335.2662000789,302.84401712859545,1.0268553985482105,107
9160000,36740.00000564992,-515457.5261875822,302.8173856023982,1.0244938284704594,107
9165000,36760.000005653994,-514711.3343521098,302.6053895457665,1.0247208603443103,107
9170000,36780.00000565807,-515512.74459874886,300.95443198570706,1.0253982094544356,107
9175000,36800.00000566214,-515539.927314152,301.1121101405612,1.0264823691694729,107
9180000,36820.00000566622,-516284.42655846034,300.3070423230096,1.0261860206778177,107
9185000,36840.00000567029,-516898.7567130802,300.8683944859327,1.0286879949713585,107
9190000,36860.00000567437,-515810.81118467846,304.3403815962588,1.02658402079275,107
9195000,36880.00000567844,-516220.68848266685,303.26022307033685,1.0254907559329751,107
9200000,36900.000005682516,-516063.3527504741,302.80267950495323,1.026280921971424,107
9205000,36920.00000568659,-515455.8748553619,300.5273118607007,1.0244028342522897,107
9210000,36940.000005690665,-516319.3275774126,301.75270929764747,1.0301783789909265,107
9215000,36960.00000569474,-515927.4153644184,298.5672720170326,1.0225497355292488,107
9220000,36980.000005698814,-516568.9090707414,302.58928559541783,1.0247619405252328,107
9225000,37000.00000570289,-515643.51928636944,300.78673038919305,1.0275727002247743,107
9230000,37020.00000570696,-516429.7012722192,301.1299114992203,1.025987610718156,107
9235000,37040.00000571104,-515432.89133225987,300.94042722073755,1.0281413031740438,107
9240000,37060.00000571511,-517229.7812427962,301.82389292989876,1.02942410083871,107
9245000,37080.00000571919,-516037.70954569266,299.1933170642401,1.0263009503563507,107
9250000,37100.00000572326,-516331.7896545597,300.68984037968266,1.0248542508090823,107
9255000,37120.000005727336,-516299.9798581558,300.99960104453055,1.029714217738973,107
9260000,37140.00000573141,-515689.2862805049,302.8607565296649,1.0241606595486192,107
9265000,37160.000005735485,-517696.0797381969,299.5759168715971,1.0259968179227403,107
9270000,37180.00000573956,-516930.2084123986,301.0522777073354,1.0250115453455795,107
9275000,37200.000005743634,-516779.509641567,300.1289286999263,1.0264006823963814,107
9280000,37220.00000574771,-515914.95303845196,300.911183768867,1.0285831389180122,107
9285000,37240.00000575178,-515664.30055699125,300.1396582040656,1.0250437988134915,107
9290000,37260.00000575586,-516368.91757105035,301.6620529626366,1.0263815247682122,107
9295000,37280.00000575993,-517312.1742360119,299.3891287022711,1.0267065295412419,107
9300000,37300.000005764006,-515263.5910543497,301.84888316556226,1.024789150387881,107
9305000,37320.00000576808,-516306.2673638221,297.7902086053577,1.0238238542945188,107
9310000,37340.000005772155,-515639.282755557,301.46135573877723,1.0262424535760937,107
9315000,37360.00000577623,-516514.7941500831,302.66951324656793,1.027637300633993,107
9320000,37380.000005780304,-516172.1456596998,299.71532371048517,1.0217031988887235,107
9325000,37400.00000578438,-516312.20735440194,298.86045096583973,1.029178622621253,107
9330000,37420.00000578845,-516759.3904952053,300.8098250127027,1.0287603328173733,107
9335000,37440.00000579253,-515176.39138513687,301.78303021010254,1.024552646531426,107
9340000,37460.0000057966,-516054.6092307274,300.8548504639305,1.0245646482214277,107
9345000,37480.00000580068,-515220.6234583114,300.60062193953104,1.0259061349938887,107
9350000,37500.00000580475,-516848.25958020706,301.2639006526222,1.0261560011568376,107
9355000,37520.000005808826,-515789.6270735392,300.91262854120185,1.0246600011009412,107
9360000,37540.0000058129,-516561.79445918486,301.5691847098323,1.026797143206899,107
9365000,37560.000005816975,-515993.2452583136,301.20600293746037,1.0262555825834685,107
9370000,37580.00000582105,-516565.7100737712,300.5041638539608,1.0248131755699608,107
9375000,37600.000005825124,-515595.64842914883,302.20387787765924,1.0270049689755296,107
9380000,37620.0000058292,-516800.9898475995,299.1649873017271,1.0275798453985214,107
9385000,37640.00000583327,-515020.9408800397,299.44137403387083,1.0246706706204132,107
9390000,37660.00000583735,-516503.8197040823,302.8083272584625,1.0245399229213246,107
9395000,37680.00000584142,-516106.43359931954,301.3112217918673,1.0256428089981342,107
9400000,37700.0000058455,-515497.299970821,302.3654777445286,1.0277904457002047,107
9405000,37720.00000584957,-515709.28010231256,300.7969977691228,1.025150913064283,107
9410000,37740.000005853646,-517096.8505928733,299.3406628773115,1.026455194355331,107
9415000,37760.00000585772,-516513.9267847007,300.95810256588015,1.026357171588266,107
9420000,37780.000005861795,-516303.50111985416,302.1677559915122,1.0246640102416344,107
9425000,37800.00000586587,-515421.97829637537,299.8515486932328,1.0255286342716656,107
9430000,37820.000005869944,-516126.9725117567,300.8146746420337,1.0258624469171185,107
9435000,37840.00000587402,-515640.46241871524,298.8999631809212,1.0242004173215984,107
9440000,37860.00000587809,-515833.9498855339,300.18276741953446,1.029739053223069,107
9445000,37880.00000588217,-515863.96254048636,301.4564213439163,1.0289698625204917,107
9450000,37900.00000588624,-516910.5333863874,299.971663112624,1.0284862531570935,107
9455000,37920.00000589032,-515166.97429878474,301.16800783937447,1.024082099713546,107
9460000,37940.00000589439,-516277.86869664956,302.01500446237327,1.0276461984701053,107
9465000,37960.000005898466,-515385.2722475389,303.6640503264334,1.0217365008248622,107
9470000,37980.00000590254,-515696.86481504445,301.0513975081444,1.0257823728978337,107
9475000,38000.000005906615,-515823.8316460103,298.65010554138104,1.0251013791701753,107
9480000,38020.00000591069,-516367.01096453634,300.6345432877587,1.0283172858893654,107
9485000,38040.000005914764,-515456.4613786049,301.20972233783226,1.0264141099656585,107
9490000,38060.00000591884,-516046.9036058213,296.53311245414534,1.024197715143582,107
9495000,38080.00000592291,-515557.35393037857,304.013583607168,1.028923814336842,107
9500000,38100.00000592699,-515541.64483107417,300.2336326949879,1.0280860854724068,107
9505000,38120.00000593106,-515617.32427215297,301.4049183715634,1.0250742163345326,107
9510000,38140.00000593514,-515602.7192531682,300.17393169403664,1.0267674916518483,107
9515000,38160.00000593921,-515663.6298771638,301.08395973773094,1.025831694151995,107
9520000,38180.000005943286,-514534.8757910081,301.87012157740446,1.0243923564743238,107
9525000,38200.00000594736,-516610.63717640797,303.46551189923326,1.0258732283765513,107
9530000,38220.000005951435,-514906.68582327897,302.75101945036283,1.0235777903632737,107
9535000,38240.00000595551,-516007.1513220798,301.0706028888708,1.0272403140602473,107
9540000,38260.000005959584,-515872.1929849109,300.71784487950845,1.028222569560708,107
9545000,38280.00000596366,-514887.12655225047,298.75407913779554,1.0260517814037209,107
9550000,38300.00000596773,-516425.53164723143,300.12167130522454,1.0253981862273016,107
9555000,38320.00000597181,-516315.57311946084,304.40631769409913,1.0273445017172702,107
9560000,38340.00000597588,-517420.37111420115,299.7854996564147,1.0313108518247402,107
9565000,38360.00000597996,-515922.13047661865,301.69520688502354,1.0241401598728757,107
9570000,38380.00000598403,-515109.8777302194,301.83163191406095,1.0250752012234916,107
9575000,38400.000005988106,-516023.1490133384,302.3412985460912,1.0240077515612056,107
9580000,38420.00000599218,-516698.05300664064,302.27866953183485,1.028836218829875,107
9585000,38440.000005996255,-516257.6553803568,299.1083387036611,1.0293505466747923,107
9590000,38460.00000600033,-517530.57866796525,298.8546420821667,1.026420382940612,107
9595000,38480.000006004404,-516713.6337151835,300.37350613719923,1.0265584905753087,107
9600000,38500.00000600848,-516649.8204102032,299.17372819388686,1.0244268498471947,107
9605000,38520.00000601255,-515931.4243590813,301.4411614579354,1.023914607802013,107
9610000,38540.00000601663,-515123.0113570527,300.39177883177155,1.025144859087463,107
9615000,38560.0000060207,-515537.89942586375,299.97292916554204,1.0251046764498628,107
9620000,38580.00000602478,-516130.3340245092,299.4007370832429,1.0269261755214358,107
9625000,38600.00000602885,-516238.29730168404,299.6690529192202,1.0317263267314,107
9630000,38620.000006032926,-514440.05143722123,300.49582737529965,1.0219012565062802,107
9635000,38640.000006037,-515652.0898312791,300.50732917112344,1.0260119691730905,107
9640000,38660.000006041075,-515906.39745810814,304.0417373499337,1.0319028522748486,107
9645000,38680.00000604515,-516736.7637981721,302.6806259742659,1.0238183540318349,107
9650000,38700.000006049224,-515251.1740810552,300.16232068639636,1.0246308690690558,107
9655000,38720.0000060533,-516454.5346618958,301.52074175913134,1.0226023099572004,107
9660000,38740.00000605737,-516117.4794268196,300.2145057561832,1.0249397565620122,107
9665000,38760.00000606145,-515798.06552705565,303.5032792765136,1.0250230149609516,107
9670000,38780.00000606552,-513811.5476085306,301.21545464564036,1.019971918453532,107
9675000,38800.0000060696,-516520.62693090294,297.08384452812567,1.0280555599640564,107
9680000,38820.00000607367,-514800.832414943,301.4094615690265,1.0254733561175273,107
9685000,38840.000006077746,-516050.8651547504,301.5196039489399,1.0222750010314463,107
9690000,38860.00000608182,-516392.8683235361,300.79972982144193,1.0249888045409705,107
9695000,38880.000006085895,-515650.258200197,301.62824900996526,1.0276311982602928,107
9700000,38900.00000608997,-516315.46920862305,301.4126329944595,1.0223518724636698,107
9705000,38920.000006094044,-516446.4154858913,302.00781116304444,1.0222864405577783,107
9710000,38940.00000609812,-516831.1216032235,301.2350254121901,1.0307452666214094,107
9715000,38960.00000610219,-515969.2863111682,299.99638336825655,1.0261974345996943,107
9720000,38980.00000610627,-515130.6805037372,301.86413314036935,1.026769494113598,107
9725000,39000.00000611034,-515834.6030989329,300.7155449123435,1.0258567027343317,107
9690000,38860.00000608182,-515885.10897591757,299.11980453492225,1.0262206905437945,--
9695000,38880.000006085895,-515601.1591970974,300.44765174685847,1.0301827733453865,106
9700000,38900.00000608997,-514726.21127246553,300.4884056854419,1.023173422103015,106
9705000,38920.000006094044,-514990.3957650417,299.85458684242275,1.0212998844610481,106
9710000,38940.00000609812,-516173.8693447879,301.8264156822952,1.0276145411392321,106
9715000,38960.00000610219,-514818.593506749,301.540637488103,1.0235291378104394,106
9720000,38980.00000610627,-514931.010146135,300.92629083243446,1.0250360746885487,106
9725000,39000.00000611034,-515085.91350049037,302.3861845530933,1.0213361531008744,106
9730000,39020.00000611442,-516018.6806379687,302.00765622013625,1.0270869323456084,106
9735000,39040.00000611849,-516958.6911991993,298.7995658053416,1.0300413461188336,106
9740000,39060.000006122566,-515646.8564072249,298.8146229163747,1.0248798872575826,106
9745000,39080.00000612664,-514547.14419859834,301.5277697761226,1.0228853354603902,106
9750000,39100.000006130715,-515371.2287378358,300.44744819631177,1.022687368621133,106
9755000,39120.00000613479,-515305.53397189686,299.74570602116745,1.021294440437615,106
9760000,39140.000006138864,-516157.4067609473,301.1658288789245,1.0264838840647514,106
9765000,39160.00000614294,-516512.3235886097,301.75583224032124,1.0237687028748446,106
9770000,39180.00000614701,-515621.04218619876,301.63689947277635,1.0232613217147366,105
9775000,39200.00000615109,-517770.1140028583,300.3995633187973,1.0270056175654898,105
9780000,39220.00000615516,-514173.58243152895,302.4553360692496,1.0236472976855178,105
9785000,39240.00000615924,-516063.5051921597,303.10339737758807,1.0261717400261723,106
9790000,39260.00000616331,-515073.2371993528,298.9415710552706,1.0174247413671076,106
9795000,39280.000006167385,-515582.37573336693,304.12605539298994,1.0255288365197022,106
9800000,39300.00000617146,-515581.1908287101,302.549668958915,1.0233998982093837,106
9805000,39320.000006175535,-515954.8569793864,301.3196258749478,1.0290031341670534,105
9810000,39340.00000617961,-515109.4416255187,302.2068814458728,1.0229841307546081,106
9815000,39360.00000618368,-516321.9523496111,300.7536852966447,1.0297750884621548,105
9820000,39380.00000618776,-515756.1749187133,301.7666886537494,1.027700064295682,105
9825000,39400.00000619183,-516043.6940977634,301.84533844335084,1.0257927680782446,105
9830000,39420.00000619591,-516029.60343370144,300.91690078418503,1.0277486966630427,105
9835000,39440.00000619998,-515067.24392151204,301.1912834911596,1.024586243765512,105
9840000,39460.000006204056,-515276.324787654,300.4270591564714,1.0247339407636258,105
9845000,39480.00000620813,-515603.4758384002,299.5769987983031,1.0239856181217883,105
9850000,39500.000006212205,-515743.8878764715,301.51329018769457,1.0259399434829588,105
9855000,39520.00000621628,-515395.75822181045,298.7694959042571,1.0250273750365126,105
9860000,39540.000006220354,-515637.88176369644,300.16013853243237,1.0240866805525488,105
9865000,39560.00000622443,-515653.69461750425,301.3184966230674,1.0295822346634718,105
9870000,39580.0000062285,-515233.58419008437,300.5152638194167,1.0317549770604217,105
9875000,39600.00000623258,-515913.35232109507,302.76151777147976,1.0274562612118723,105
9880000,39620.00000623665,-515383.91441887664,299.52173147871304,1.0262905976179824,105
9885000,39640.00000624073,-516023.2140522024,301.06231314937435,1.0324091692915076,105
9890000,39660.0000062448,-516539.3209927352,301.2467460044072,1.029127357992288,105
9895000,39680.000006248876,-516442.4354851376,302.6138407419715,1.0299618693622865,105
9900000,39700.00000625295,-515470.2290794472,302.1670234910629,1.0234187574419635,105
9905000,39720.000006257025,-515957.1004507758,301.4303986587809,1.0292591882950277,105
9910000,39740.0000062611,-516748.34294115053,301.50167589827,1.0263659923828814,105
9915000,39760.000006265174,-516269.9620846403,302.33267118577277,1.0244605618799787,105
9920000,39780.00000626925,-516490.94490488153,301.1473603964279,1.02665083902028,105
9925000,39800.00000627332,-515793.8154233834,300.50471286862063,1.027491994219777,105
9930000,39820.0000062774,-516550.2670771056,301.2932613499403,1.0290117281016717,105
9935000,39840.00000628147,-515046.86107060267,300.52451437980517,1.0286105648033637,105
9940000,39860.00000628555,-515450.7158077706,304.00758913287996,1.027497833067053,105
9945000,39880.00000628962,-514593.4899870502,300.5941302799618,1.0234810859907653,105
9950000,39900.000006293696,-516044.84215179784,300.0949793968146,1.0225181372419818,105
9955000,39920.00000629777,-515316.303214916,302.26948282185083,1.0256075573173433,105
9960000,39940.000006301845,-516622.19079825724,301.37308706633746,1.023590733030607,105
9965000,39960.00000630592,-515572.6818657371,301.6165504857156,1.024712320641355,105
9970000,39980.000006309994,-515429.92481170315,303.45926121347725,1.0241505802347166,105
9975000,40000.00000631407,-516612.5119268622,302.19177220186214,1.028317965401084,105
9980000,40020.00000631814,-515420.27554014185,301.19453879345434,1.0262607385049858,105
9985000,40040.00000632222,-515921.2939258001,300.42355830485985,1.028216078830881,105
9990000,40060.00000632629,-516626.7011935846,301.53610211277424,1.028359137074173,105
9995000,40080.00000633037,-517412.5465201838,299.88987261249883,1.025493859771125,105
10000000,40100.00000633444,-514916.0420327452,299.84602353899334,1.0268129105840695,105
10005000,40120.000006338516,-515672.4201348624,303.4976524096421,1.0228819582932132,105
10010000,40140.00000634259,-516413.8881107373,300.2764846720626,1.0239495539146164,105
10015000,40160.000006346665,-516648.59531685617,301.51570152225986,1.0269868386934267,105
10020000,40180.00000635074,-515689.52065046714,299.6207026212039,1.024105508787648,105
10025000,40200.000006354814,-515573.90154819866,300.841947278019,1.0267325679488706,105
10030000,40220.00000635889,-515194.1881778501,300.4778520312075,1.0257801872549215,105
10035000,40240.00000636296,-516946.5806639625,300.75863485044164,1.0246817695288775,105
10040000,40260.00000636704,-515770.2722924941,302.4334985527427,1.021996642290339,105
10045000,40280.00000637111,-515082.44178834744,301.4409099199391,1.025630962730355,105
10050000,40300.00000637519,-516267.62747245305,302.7533053331349,1.022586119000207,105
10055000,40320.00000637926,-516436.68116712477,301.2169126813562,1.0273191910315496,105
10060000,40340.000006383336,-515216.02755902335,299.90453807309956,1.0212642707026556,105
10065000,40360.00000638741,-516150.1168891478,301.30120104754104,1.0242809448933101,105
10070000,40380.000006391485,-515718.30696632876,304.39467914409084,1.025899247728756,105
10075000,40400.00000639556,-516135.6976968325,299.21236739667944,1.025801831141024,105
10080000,40420.000006399634,-517173.64489271375,299.62890284905643,1.0294430792750788,105
10085000,40440.00000640371,-515317.96629839484,299.5866866764865,1.0240127111063755,105
10090000,40460.00000640778,-515540.2779342204,300.61149889913054,1.0295330115873116,105
10095000,40480.00000641186,-516085.8043145328,300.6723786592689,1.0264295065781692,105
10100000,40500.00000641593,-516541.87118729297,301.46410184571306,1.0276167789642985,105
10105000,40520.00000642001,-515735.6104543258,301.3437853646906,1.0295272539025524,105
10110000,40540.00000642408,-515551.10168775637,303.3920955766778,1.026868278970892,105
10115000,40560.000006428156,-516225.34335674206,299.6674821343784,1.0279972237712351,105
10120000,40580.00000643223,-516101.47396904323,302.1546182955306,1.0275455373523783,105
10125000,40600.000006436305,-516704.0812899554,299.3506311607976,1.0253807739013634,105
10130000,40620.00000644038,-517447.1609964217,300.6913168363311,1.0282110250266023,105
10135000,40640.000006444454,-516078.0369862118,304.05093168128093,1.0287861601290733,105
10140000,40660.00000644853,-515388.4037419767,300.4923547905284,1.02357439088622,105
10145000,40680.0000064526,-516222.2278445775,304.52096268318587,1.0308420112348426,105
10150000,40700.00000645668,-516046.6382202334,301.9003973927613,1.02686670416087,105
10155000,40720.00000646075,-516087.0108411452,300.72553234966824,1.0297840154461944,105
10160000,40740.00000646483,-516224.6895770924,302.38907354520705,1.022154350877246,105
10165000,40760.0000064689,-515776.8618228275,298.6780083815682,1.025478253267686,105
10170000,40780.000006472976,-517348.06672397396,301.70431595599774,1.0300534470400693,105
10175000,40800.00000647705,-515780.03613488516,301.3551942389101,1.022945968555619,105
10180000,40820.000006481125,-516552.95100896223,302.8715322856791,1.026267272228191,105
10185000,40840.0000064852,-516015.1470669543,297.86363747514355,1.0230635148077316,105
10190000,40860.000006489274,-516368.37417391594,299.6955018183312,1.0242738209402433,105
10195000,40880.00000649335,-516215.67250396125,300.1846040909749,1.0260884126156329,105
10200000,40900.00000649742,-516748.71043426846,304.30613309366856,1.0240990380804889,105
10205000,40920.0000065015,-516165.91032029316,300.1858818841229,1.0276734288580105,105
10210000,40940.00000650557,-516549.3152839504,299.1896909015218,1.025153831905951,105
10215000,40960.00000650965,-515565.69048491004,300.98674969763,1.029220020494041,105
10220000,40980.00000651372,-515946.5356789897,299.6756104710248,1.0214864661645007,105
10225000,41000.000006517796,-516855.84157699347,302.08720262757106,1.0234770488528262,105
10230000,41020.00000652187,-516346.46239895956,300.2699671581518,1.0240256528611411,105
10235000,41040.000006525945,-517620.57557902974,299.9296311641956,1.0225169975308392,105
10240000,41060.00000653002,-515159.34491341026,300.167279310976,1.0226320175391037,105
10245000,41080.000006534094,-514859.00669446285,303.284925950144,1.025418786238879,105
10250000,41100.00000653817,-516293.14985131985,300.27306966511725,1.0216693005361939,105
10255000,41120.00000654224,-516494.8230666211,298.0986247056599,1.0247505683484899,105
10260000,41140.00000654632,-516497.6837698908,300.256700416763,1.0287678377677851,105
10265000,41160.00000655039,-517039.9156011881,303.1533450537426,1.0259095139710797,105
10270000,41180.00000655447,-516985.34600462136,299.80988139577147,1.0236249655254486,105
10275000,41200.00000655854,-517147.61814899,300.3813479902766,1.0282346333090124,105
10280000,41220.000006562615,-516210.30652546394,303.51701607165927,1.025476917856874,105
10285000,41240.00000656669,-515452.4114194468,302.7115321394905,1.0232058254278529,105
10290000,41260.000006570765,-515701.64964937954,300.853280777363,1.0200250897959875,105
10295000,41280.00000657484,-516955.3730766035,300.15612386880196,1.0274806814369788,105
10300000,41300.00000657891,-516422.6692149774,300.66446342390543,1.0253436519113106,105
10305000,41320.00000658299,-515990.0607027211,304.3171228427784,1.0275033107190807,105
10310000,41340.00000658706,-517162.6222695394,301.7023227052203,1.0318830983771663,105
10315000,41360.00000659114,-516122.0064775599,299.2826896194679,1.0253833049741248,105
10320000,41380.00000659521,-515624.67074011546,298.98655591573885,1.0278215958751278,105
10325000,41400.000006599286,-516160.828847595,301.3623216327314,1.0223515195812354,105
10330000,41420.00000660336,-515654.81122314814,303.06861922492914,1.0239143884695578,105
10335000,41440.000006607435,-516343.40167417936,302.18983592211697,1.0273701748067896,105
10340000,41460.00000661151,-516559.31910192175,300.83168071208036,1.0285753479705755,105
10345000,41480.000006615584,-516048.0001133885,298.8134056870974,1.027342863471297,105
10350000,41500.00000661966,-516426.04289243487,298.9906690349046,1.0240766029902346,105
10355000,41520.00000662373,-515228.18709141714,297.88329485071824,1.024572326091614,105
10360000,41540.00000662781,-516430.87312522926,301.61845869891357,1.0248292203778426,105
10365000,41560.00000663188,-515783.7627780533,302.4891348538347,1.0268671617650533,105
10370000,41580.00000663596,-517189.38239199505,298.80537968914257,1.0308469183139128,105
10375000,41600.00000664003,-515716.14435799164,302.88556948297725,1.0235839037624,105
10380000,41620.000006644106,-515090.46860692976,302.541987065078,1.0270282621756448,105
10385000,41640.00000664818,-516367.364211184,301.5955505385276,1.026866262819153,105
10390000,41660.000006652255,-517252.2370328433,298.5609052076342,1.0285407399581,105
10395000,41680.00000665633,-515977.8944594171,302.1040544852864,1.023469060899811,105
10400000,41700.000006660404,-516497.3519496238,300.01682541480847,1.0241362157194884,105
10405000,41720.00000666448,-516586.543906939,301.36115184098054,1.024624069379284,105
10410000,41740.00000666855,-516582.29400000046,300.8731682860201,1.0255157831184971,105
10415000,41760.00000667263,-515391.57266017864,301.4444694775637,1.024783457660916,105
10420000,41780.0000066767,-514569.45117932046,302.6141240021976,1.026339346428905,105
10425000,41800.00000668078,-515796.36353152595,301.0367985869636,1.0249015480527717,105
10430000,41820.00000668485,-515508.846506475,302.5305928439993,1.0239269721779636,105
10435000,41840.000006688926,-515862.77990186913,302.30910230765437,1.02362864132859,105
10440000,41860.000006693,-516139.2514800553,298.04592925414164,1.0222186582931823,105
10445000,41880.000006697075,-517158.729924154,299.8103360483292,1.0288901938256374,105
10450000,41900.00000670115,-516657.50492392946,301.93786833117895,1.0242212080409818,105
10455000,41920.000006705224,-515154.82519724197,299.24521882414325,1.0210980284425835,105
10460000,41940.0000067093,-517104.6045481886,298.6436680734311,1.0274239688198434,105
10465000,41960.00000671337,-516604.14256283524,304.0169743825213,1.0258037133231608,105
10470000,41980.00000671745,-516059.6073634075,300.43124785914927,1.0263176133747272,105
10475000,42000.00000672152,-515810.8353673152,300.24921625043504,1.0260345711485435,105
10480000,42020.0000067256,-516422.3527711455,300.639710847609,1.0337047480126744,105
10485000,42040.00000672967,-516522.06808895594,300.87944377697886,1.0292417183592677,105
10490000,42060.000006733746,-515967.28004291886,298.9353502958521,1.0250614986031872,105
10495000,42080.00000673782,-515920.2937207776,301.59404241448493,1.0284930269007748,105
10500000,42100.000006741895,-514546.0023666157,301.22597198266953,1.0284700221596035,105
10505000,42120.00000674597,-517585.1572812451,299.9377853237589,1.0280802700309046,105
10510000,42140.000006750044,-516462.5556090097,298.6275775190189,1.0279033009060337,105
10515000,42160.00000675412,-515284.76929602097,302.11957288825715,1.0272937587031368,105
10520000,42180.00000675819,-515491.3871832867,302.9472465244556,1.0238256548084805,105
10525000,42200.00000676227,-516719.80587542756,299.58404999530393,1.0280360626677048,105
10530000,42220.00000676634,-515526.1641301657,302.79025511912124,1.0245340758675159,105
10535000,42240.00000677042,-516360.2343926651,302.89251732444086,1.0267365299740214,105
10540000,42260.00000677449,-515783.795634588,300.85154896820694,1.0264553742825793,105
10545000,42280.000006778566,-516911.8142924735,297.91836227930986,1.0274577106345053,105
10550000,42300.00000678264,-516118.50246415567,299.7552317396607,1.0239778165125584,105
10555000,42320.000006786715,-516393.760947597,303.6974738642554,1.0264247797748323,105
10560000,42340.00000679079,-516865.56391213415,302.66871576602455,1.02437144176363,105
10565000,42360.000006794864,-515849.67784038116,300.64903806001354,1.0246517418521341,105
10570000,42380.00000679894,-516152.88440070045,301.9788061954108,1.0251609081278659,105
10575000,42400.00000680301,-514894.1118481653,301.12511999664855,1.022396013324315,105
10580000,42420.00000680709,-515682.1977492331,300.2878418304692,1.0317200573861571,105
10585000,42440.00000681116,-515157.76072333753,297.5870498067311,1.0216518032520492,105
10590000,42460.00000681524,-515412.3730421434,300.1234923910277,1.0240179968292125,105
10595000,42480.00000681931,-516501.4624094947,300.65873443270715,1.0255619659085253,105
10600000,42500.000006823386,-517206.01029628585,299.2069384937214,1.0234992670774694,105
10605000,42520.00000682746,-517075.7816964162,302.49568047920746,1.0296622351308136,105
10610000,42540.000006831535,-515925.69523887965,301.4625795909209,1.024615792094356,105
10615000,42560.00000683561,-514609.7061025351,299.04375737197927,1.0228548710483278,105
10620000,42580.000006839684,-517385.83610837674,298.61065237729395,1.0271062479979958,105
10625000,42600.00000684376,-517122.2505033391,299.2540041504061,1.030665882106123,105
10630000,42620.00000684783,-516412.87594015873,296.9977909537945,1.0261285774792699,105
10635000,42640.00000685191,-516118.0958039311,301.11209844450184,1.0265197909528547,105
10640000,42660.00000685598,-516220.40431037336,301.7397225613608,1.0291675088417331,105
10645000,42680.00000686006,-515136.72718859767,300.9846151496916,1.0266489335002997,105
10650000,42700.00000686413,-516704.109060792,301.42570536943583,1.0246768899707652,105
10655000,42720.000006868206,-515724.94518604875,300.1111081933295,1.0253714539754417,105
10660000,42740.00000687228,-515004.7611650855,301.63603287890277,1.025186761464572,105
10665000,42760.000006876355,-515157.3075355005,298.5398707801146,1.0271734018792058,105
10670000,42780.00000688043,-515333.757974833,302.06534420461867,1.0257761431913992,105
10675000,42800.000006884504,-515776.69622422126,302.73604526364977,1.02774809541832,105
10680000,42820.00000688858,-517622.58352568885,301.9956928053353,1.0306459054006334,105
10685000,42840.00000689265,-515972.0425143733,301.49170693101445,1.0296730555041207,105
10690000,42860.00000689673,-517439.5909613664,299.1410975557656,1.029262395931556,105
10695000,42880.0000069008,-515531.87679476617,299.9428003200527,1.0261949402811867,105
10700000,42900.00000690488,-515275.6482584791,302.2430060286467,1.0274868204595269,105
10705000,42920.00000690895,-516702.54319233145,303.02982931149296,1.0261147052109696,105
10710000,42940.000006913026,-514713.11647560075,300.56752412554613,1.0263806413603103,105
10715000,42960.0000069171,-516123.0450379357,301.2060764901211,1.0244966746543043,105
10720000,42980.000006921175,-515548.96438118466,300.9969147310454,1.0231251242493995,105
10725000,43000.00000692525,-516088.6299017593,299.1775847428976,1.0254096595884006,105
10730000,43020.000006929324,-517222.29278083774,301.4925797287735,1.0310746986616428,105
10735000,43040.0000069334,-516083.022551683,299.90524858210966,1.0241452325958562,105
10740000,43060.00000693747,-515470.72782353987,300.93904494979006,1.0243439295454242,105
10745000,43080.00000694155,-515831.06066120346,301.7065557200899,1.0254182314909144,105
10750000,43100.00000694562,-515742.33943044255,300.88016518339634,1.0267736322677383,105
10755000,43120.0000069497,-515038.0064342392,301.91192518339636,1.026806785399334,105
10760000,43140.00000695377,-517106.55414866516,301.1188993291267,1.026441669353196,105
10765000,43160.000006957845,-515525.8962241041,298.52332456208705,1.02377932920369,105
10770000,43180.00000696192,-515981.27699989104,301.4656793712009,1.0277765434596662,105
10775000,43200.000006965995,-516694.3697782806,300.92848565491516,1.02832340874627,105
10780000,43220.00000697007,-515931.8211104607,300.0686526177049,1.0251544644800574,105
10785000,43240.00000697414,-515068.6834183757,300.4527458767552,1.0225017749613345,105
10790000,43260.00000697822,-516665.51985194045,302.2769888455898,1.024963592403551,105
10795000,43280.00000698229,-517107.58946663165,299.48105473599037,1.029818226757216,105
10800000,43300.00000698637,-517824.97982660076,301.4699888627066,1.0287118716848693,105
10805000,43320.00000699044,-517471.7198259132,299.21748538712654,1.0320720611333793,105
10810000,43340.000006994516,-516472.67813389865,302.2490857476554,1.02931811391895,105
10815000,43360.00000699859,-515342.2791319792,301.145854013703,1.027835921169427,105
10820000,43380.000007002665,-515628.9791450922,302.4095319270156,1.0284310668219088,105
10825000,43400.00000700674,-516419.01384801883,300.9848474428251,1.0269007366372154,105
10830000,43420.000007010814,-516987.619770291,298.7404330465452,1.0302116146641163,105
10835000,43440.00000701489,-516219.08118340955,303.9933398796621,1.0259205505863414,105
10840000,43460.00000701896,-516033.6860625271,300.77888692362916,1.0221877604938405,105
10845000,43480.00000702304,-517502.87351934914,299.7973664023529,1.0277169451470074,105
10850000,43500.00000702711,-515166.3849666179,301.6937461319753,1.0255457165809534,105
10855000,43520.00000703119,-515643.1937582281,300.65681622563676,1.0264844380176479,105
10860000,43540.00000703526,-515735.88771884283,302.45689808403625,1.026918900053037,105
10865000,43560.000007039336,-514558.85606542183,303.0100792271023,1.022343431347663,105
10870000,43580.00000704341,-515533.7206997189,300.47275573840597,1.0243132855558523,105
10875000,43600.000007047485,-516160.8562811755,301.41750942317276,1.0238391050491003,105
10880000,43620.00000705156,-516060.7190488395,302.31767651093816,1.0245405292702536,105
10885000,43640.000007055634,-516988.56028410373,302.10927365660274,1.0294519581736237,105
10890000,43660.00000705971,-516403.36237748526,299.26599217132286,1.0291746293761435,105
10895000,43680.00000706378,-516178.4382377239,303.1107448401393,1.026754221893401,105
10900000,43700.00000706786,-515122.2941773266,301.755701248965,1.0238206174726765,105
10905000,43720.00000707193,-516375.7384497272,299.88789796579726,1.02949306108558,105
10910000,43740.00000707601,-518319.5188720119,301.9524222734386,1.0303167212931021,105
10915000,43760.00000708008,-516347.20358049124,298.92800625181064,1.0260568850538219,105
10920000,43780.000007084156,-515350.99896181724,301.58697777370827,1.0246509002111828,105
10925000,43800.00000708823,-515026.4983191509,299.92461442327556,1.0213094483626333,105
10930000,43820.000007092305,-517680.25677547767,302.7790242139743,1.0282267095575794,106
10935000,43840.00000709638,-515814.7804435452,301.1395248331816,1.0285023710165508,106
10940000,43860.000007100454,-516155.42959130905,301.7527056984733,1.0275565012568664,106
10945000,43880.00000710453,-516151.62693024124,301.51910133983,1.0244739631211486,106
10950000,43900.0000071086,-515932.8085843439,299.30973862611535,1.0248399751746995,106
10955000,43920.00000711268,-515761.2581814735,299.8680649803819,1.0263641958518823,106
10960000,43940.00000711675,-515927.47350390325,301.0401614811483,1.0270102808855028,106
10965000,43960.00000712083,-516405.6856011355,301.5473389952529,1.0276692735169541,106
10970000,43980.0000071249,-514716.07351154555,303.7501622332594,1.0239128365710457,106
10975000,44000.000007128976,-516171.54752938356,301.9649497291587,1.0303365590542002,106
10980000,44020.00000713305,-515204.38740913966,301.7402747646309,1.0248678819762949,106
10985000,44040.000007137125,-516428.3041448456,301.08598235610106,1.0285758495295059,106
10990000,44060.0000071412,-517013.85493125743,302.67705232818156,1.0269445357919829,106
10995000,44080.000007145274,-515073.8103731503,299.42701457852127,1.0224978846300514,106
11000000,44100.00000714935,-515825.0594139502,300.11669482128434,1.0304452751760307,106
11005000,44120.00000715342,-515900.0731486366,301.70595083457573,1.0251593650601327,106
11010000,44140.0000071575,-516319.24634587765,299.0601533331847,1.0283343199475863,106
11015000,44160.00000716157,-516469.176882291,303.0901101891986,1.0244858204389442,106
11020000,44180.00000716565,-515114.0027337512,296.3687217991315,1.025912485999454,106
11025000,44200.00000716972,-515340.0924506276,299.7121223878141,1.0255573158811468,106
11030000,44220.000007173796,-516073.27491733385,300.1886713264566,1.0273604420438336,106
11035000,44240.00000717787,-516038.6111441967,301.0996372428015,1.0250246932892022,106
11040000,44260.000007181945,-514855.31444405345,300.121133136243,1.0233809723694673,106
11045000,44280.00000718602,-516375.80772099644,304.0863890722469,1.0255380386587791,106
11050000,44300.000007190094,-515663.11888992786,300.9171555653451,1.0257468397325782,106
11055000,44320.00000719417,-516358.46437676647,301.18423772208274,1.0259180523154805,106
11060000,44340.00000719824,-517026.57402842003,300.40146054473485,1.0287096512365235,106
11065000,44360.00000720232,-514254.27149120625,302.0192902152681,1.0286650937614112,106
11070000,44380.00000720639,-515672.59692624095,300.7312150634466,1.0230870458808516,106
11075000,44400.00000721047,-516218.0996248943,299.9297290237702,1.0275472663312035,106
11080000,44420.00000721454,-516188.3213562863,304.0597000875027,1.0255623706048733,106
11085000,44440.000007218616,-516085.7339817814,298.3998497060838,1.0221570681597743,106
11090000,44460.00000722269,-515889.1397412671,300.80752329728244,1.0261169729611468,106
11095000,44480.000007226765,-516629.27334890584,301.9824030917071,1.0285340512311805,106
11100000,44500.00000723084,-516535.9083797585,300.41760727575024,1.0294950704410035,106
11105000,44520.000007234914,-515180.8812059874,299.76366561733994,1.0292467238567828,106
11110000,44540.00000723899,-516824.2354573009,299.3882884856213,1.0268497596687194,106
11115000,44560.00000724306,-515582.1160090454,301.5530013060029,1.0231298926525216,106
11120000,44580.00000724714,-514879.0032461302,301.71745530271824,1.0241423785842905,106
11125000,44600.00000725121,-516655.3874686586,304.7101451614095,1.0254446275300182,106
11130000,44620.00000725529,-515017.029020841,300.71607396729087,1.0244570769507222,106
11135000,44640.00000725936,-515083.97764999466,298.3639804255434,1.0236544925343054,106
11140000,44660.000007263436,-517326.02441315865,299.1140454521728,1.02808307579296,106
11145000,44680.00000726751,-515290.68742682296,304.3521556612395,1.0261627993127245,106
11150000,44700.000007271585,-516714.67848471436,303.5950075916227,1.0233886926099198,106
11155000,44720.00000727566,-517456.7912008532,301.1351566329636,1.0311821102974827,106
11160000,44740.000007279734,-516250.1098026878,301.3478914316917,1.0292037675180479,106
11165000,44760.00000728381,-515929.4909016562,303.7242831550638,1.0280732924019331,106
11170000,44780.00000728788,-515065.229775521,301.7101814284024,1.0293386631597112,106
11175000,44800.00000729196,-516597.04487875313,298.6343714001567,1.0264967477628781,106
11180000,44820.00000729603,-516988.84861281305,302.2352989476884,1.0268241297726264,106
11185000,44840.00000730011,-516233.385225435,301.12796218746115,1.0257156758221846,106
11190000,44860.00000730418,-515012.7948869618,297.73203592597986,1.026412519734734,106
11195000,44880.000007308256,-516633.4059664558,299.66588696946576,1.0283773172200024,106
11200000,44900.00000731233,-516134.2183382341,298.33384695458165,1.0229314494533333,106
11205000,44920.000007316405,-516185.94091434544,300.91443286368093,1.026661985147857,106
11210000,44940.00000732048,-515620.31319933245,299.49556989518373,1.025459252482409,106
11215000,44960.000007324554,-516413.14992485614,300.493314281777,1.0309471501859,106
11220000,44980.00000732863,-516937.8988341787,303.07979026978586,1.0286866728116737,106
11225000,45000.0000073327,-516876.64582836046,301.85558086387084,1.0265876670554286,106
11230000,45020.00000733678,-516127.7412815527,301.7521213390728,1.0294644244391749,106
11235000,45040.00000734085,-516881.33209088584,303.66960058371,1.0251646486742636,106
11240000,45060.00000734493,-514510.84143768623,300.70241987743526,1.0239132362466674,106
11245000,45080.000007349,-516608.48898080504,301.9476337647207,1.0251317113707041,106
11250000,45100.000007353075,-518015.42641983717,301.33303920486316,1.027221496667185,106
11255000,45120.00000735715,-516312.956354748,301.7126998491722,1.0289486949699493,106
11260000,45140.000007361225,-516812.4014846382,300.50730580167544,1.028198280811571,106
11265000,45160.0000073653,-516637.31374487723,302.25898616925923,1.026054584534267,106
11270000,45180.00000736937,-516130.9232818682,299.9706842265991,1.0283401723964842,106
11275000,45200.00000737345,-517121.9288172105,300.0731880331659,1.0284008090701637,106
11280000,45220.00000737752,-515954.4435654213,298.872274314251,1.021970764379034,106
11285000,45240.0000073816,-515591.23645060696,301.10853756000245,1.028242907573681,106
11290000,45260.00000738567,-516769.92370395386,299.17557969669235,1.0301475598596337,106
11295000,45280.000007389746,-515406.3138057301,302.3858420380241,1.0256385537211086,106
11300000,45300.00000739382,-515842.42833009246,299.2436268144413,1.0251035090660803,106
11305000,45320.000007397895,-515377.1453318922,299.93821085574996,1.0305746104663005,106
11310000,45340.00000740197,-515761.15662567946,299.69906483001193,1.0269826348230415,106
11315000,45360.000007406044,-515977.0751956254,300.40734278535683,1.028066563115189,106
11320000,45380.00000741012,-515942.73999081133,301.21875262745647,1.024477189497147,106
11325000,45400.00000741419,-518066.322906069,300.74045054849233,1.026394901389993,106
11330000,45420.00000741827,-515027.71535907243,302.1964492095636,1.0244906460324208,106
11315000,45360.000007406044,-515884.2152370766,301.6389901233609,1.0260821611804831,--
11320000,45380.00000741012,-516488.76257980964,301.75318830116794,1.029115661949189,106
11325000,45400.00000741419,-516246.39828674844,298.8926383341983,1.0255273551274655,106
11330000,45420.00000741827,-516682.2645266901,302.5415337523631,1.0288569845631284,105
11335000,45440.00000742234,-515701.2334908438,301.6505620969243,1.0255361495983146,105
11340000,45460.00000742642,-516215.22949020425,300.5301022974415,1.0253171247662969,105
11345000,45480.00000743049,-516570.3478704435,301.7489584747598,1.0270907867828165,105
11350000,45500.000007434566,-515874.76108522946,300.3279254945416,1.02758560530944,105
11355000,45520.00000743864,-515362.216493418,301.29889050772965,1.0252432756547913,105
11360000,45540.000007442715,-515172.0038745238,301.15190875398076,1.0248981634032717,105
11365000,45560.00000744679,-517248.7192198436,299.6777435413113,1.033762174802975,105
11370000,45580.000007450864,-515439.1254961232,301.3174706308004,1.0259916317432236,105
11375000,45600.00000745494,-516418.6228590086,303.495715770356,1.0222587664745582,105
11380000,45620.00000745901,-516055.639293181,301.9435537284278,1.0289476361038106,105
11385000,45640.00000746309,-515730.0902581143,302.30543611378687,1.0245824430574764,105
11390000,45660.00000746716,-515384.07954669464,305.63721000771045,1.025826777220293,105
11395000,45680.00000747124,-515647.6566316886,301.10730318864955,1.025420900844075,105
11400000,45700.00000747531,-516268.5443087346,302.7114170676728,1.0205759755082124,105
11405000,45720.000007479386,-515712.85248543415,302.40678678167734,1.0282169082010961,105
11410000,45740.00000748346,-514465.7774992185,301.5577552285345,1.0263498954154529,105
11415000,45760.000007487535,-516963.3393656807,300.61087329908054,1.0279660968721553,105
11420000,45780.00000749161,-516634.64478538046,301.26012471652905,1.027176236831058,105
11425000,45800.000007495684,-516119.2206970139,300.6151994489299,1.0266195385248007,105
11430000,45820.00000749976,-515618.00459532626,300.8961339002152,1.0294424134961087,105
11435000,45840.00000750383,-516723.2296764131,299.1828564918254,1.023753477902779,105
11440000,45860.00000750791,-516556.9945721468,299.81837226404537,1.0252134700075028,105
11445000,45880.00000751198,-517992.8146787407,300.46198952524946,1.030447693260244,105
11450000,45900.00000751606,-516324.40957183996,304.25182061445014,1.027376697945555,105
11455000,45920.00000752013,-516334.8007314948,301.44858185823847,1.0231895334953631,105
11460000,45940.000007524206,-516225.53400958865,303.08860960074895,1.0258781361588112,105
11465000,45960.00000752828,-517072.4212278782,300.51435025404754,1.0275628844822784,105
11470000,45980.000007532355,-516704.6336161089,302.65850402610175,1.0246862419889013,105
11475000,46000.00000753643,-517079.28102806956,299.10044662245514,1.0280806497971577,105
11480000,46020.000007540504,-515568.7041205247,301.1894362352998,1.0256692435937416,105
11485000,46040.00000754458,-516993.07977015036,301.3853732830267,1.0308056868332383,105
11490000,46060.00000754865,-516300.4157679372,301.354718616219,1.0261588057746867,105
11495000,46080.00000755273,-516867.5477932994,301.980162731573,1.0289256192094718,105
11500000,46100.0000075568,-516346.6371814038,302.7159814712871,1.026496478934146,105
11505000,46120.00000756088,-516325.79978746944,297.9470656612174,1.0272728724850504,105
11510000,46140.00000756495,-516974.3072982088,300.82429611670455,1.0281639518202768,105
11515000,46160.000007569026,-515717.30530636176,301.4189696863513,1.0280976864148712,105
11520000,46180.0000075731,-516303.6130667364,299.060870788697,1.0298793602381422,105
11525000,46200.000007577175,-517258.0409041927,302.33386687259315,1.028675959735617,105
11530000,46220.00000758125,-516793.5063818495,301.65121918487915,1.0279964262184969,105
11535000,46240.000007585324,-516904.4999455286,302.7617246619469,1.0286897842945009,105
11540000,46260.0000075894,-516036.56417241343,300.44205766502756,1.0263612051703166,105
11545000,46280.00000759347,-515536.15364233195,300.91052446149166,1.025340482186632,105
11550000,46300.00000759755,-516605.6230654614,304.90341767102683,1.0239200827908375,105
11555000,46320.00000760162,-515677.7371106518,300.2689316457861,1.022001037602094,105
11560000,46340.0000076057,-514641.8772599895,300.3496397245078,1.0267997147683436,105
11565000,46360.00000760977,-514910.8279331899,300.76490890791274,1.0270914443252743,105
11570000,46380.000007613846,-516393.533719226,300.3875871645668,1.0281503001802155,105
11575000,46400.00000761792,-514777.3069152788,303.68162839045704,1.0246989707355292,105
11580000,46420.000007621995,-515234.4860616387,305.11346030124224,1.0264703739592498,105
11585000,46440.00000762607,-516994.0917691812,298.44426221131835,1.0273712253223208,105
11590000,46460.000007630144,-515752.5078061996,299.37572730634076,1.022452608332305,105
11595000,46480.00000763422,-516220.19042658946,301.5715982675566,1.0257646013720232,105
11600000,46500.00000763829,-515035.5870934236,300.70552723291695,1.0247868953118646,105
11605000,46520.00000764237,-515763.1576533774,299.71185388319617,1.0223443866676691,105
11610000,46540.00000764644,-515366.5429193701,299.4822647395691,1.0256075609287718,105
11615000,46560.00000765052,-516153.44494449627,302.90080183298664,1.0229668240120713,105
11620000,46580.00000765459,-516482.43260416086,300.81854345670865,1.0284269235634589,105
11625000,46600.000007658666,-515912.1686457249,301.5164026812077,1.0229813228110531,105
11630000,46620.00000766274,-516266.6885911005,303.09151650001206,1.0251020549104533,105
11635000,46640.000007666815,-515767.1246692154,301.02830352223623,1.0247827688910986,105
11640000,46660.00000767089,-516096.318221631,303.41308684449814,1.0258539523875014,105
11645000,46680.000007674964,-515666.7838987354,303.6067844082315,1.0295519516110254,105
11650000,46700.00000767904,-516104.52232883684,301.6324490158457,1.0225372438340838,105
11655000,46720.00000768311,-515239.17181562004,299.40472155248466,1.0260270748033076,105
11660000,46740.00000768719,-516351.7985354813,300.53766830495664,1.030485261002214,105
11665000,46760.00000769126,-516963.3492746814,301.1775332932681,1.025288076715824,105
11670000,46780.00000769534,-516457.20286847325,300.6863392542356,1.022977041343882,105
11675000,46800.00000769941,-517260.4011420419,301.12787434842113,1.0262993989835925,105
11680000,46820.000007703486,-515381.3052930357,301.76745771688064,1.0284179148734869,105
11685000,46840.00000770756,-515423.58173913835,303.18373019414116,1.0226452020601418,105
11690000,46860.000007711635,-516038.447581124,302.7239848064099,1.0260656038172182,105
11695000,46880.00000771571,-514957.8978978072,301.92132947420083,1.0268150060708217,105
11700000,46900.000007719784,-515749.8479644528,298.77026460089024,1.0189978612119108,105
11705000,46920.00000772386,-515118.0826394919,300.83343020486876,1.0251536989632561,105
11710000,46940.00000772793,-515340.73175389064,300.8396731266282,1.0267855971060695,105
11715000,46960.00000773201,-515126.5089716795,303.2676908733927,1.0249136011108995,105
11720000,46980.00000773608,-515823.8737877947,300.7157490311874,1.0217415824671252,105
11725000,47000.00000774016,-516568.88463643077,300.71654599379326,1.026760127576973,105
11730000,47020.00000774423,-514874.61500739213,301.80006190870137,1.0219272830515598,105
11735000,47040.000007748306,-515690.32213328546,299.5886003148554,1.025906521825295,105
11740000,47060.00000775238,-516838.49689084967,303.3024366144307,1.0263639245154454,105
11745000,47080.000007756455,-515550.31357729854,307.41947538646684,1.0278360719948367,105
11750000,47100.00000776053,-516530.37737422343,303.1105738026782,1.0268909248758469,105
11755000,47120.000007764604,-516627.0888753012,303.1113679397203,1.0270192933706368,105
11760000,47140.00000776868,-514563.8463725513,297.6086514309905,1.0238531232912185,105
11765000,47160.00000777275,-516334.88204243453,299.0674554037942,1.0260969007734215,105
11770000,47180.00000777683,-515636.2639392023,302.72529219322445,1.02291595763074,105
11775000,47200.0000077809,-515273.6724119184,303.498598867637,1.0255066170034126,105
11780000,47220.000007784976,-516300.83941619494,298.7739029902853,1.027238635115889,105
11785000,47240.00000778905,-516229.97433217335,299.3831994942202,1.0285617114439072,105
11790000,47260.000007793125,-515592.98135084193,303.3988637433298,1.0252761778506378,105
11795000,47280.0000077972,-516201.0333232328,300.55852893517374,1.0281989235212152,105
11800000,47300.000007801274,-515946.85464050365,299.7973228175813,1.0305930803371393,105
11805000,47320.00000780535,-515797.27529108967,301.5218651979055,1.0263857606064484,105
11810000,47340.00000780942,-516051.2621324756,300.62358912790046,1.0227025414022495,105
11815000,47360.0000078135,-514231.28348127846,300.5969125252803,1.0239264571918592,105
11820000,47380.00000781757,-516784.30494557973,299.5724411295793,1.0272269183955656,105
11825000,47400.00000782165,-516886.167587904,299.32990481422115,1.0278392827821317,105
11830000,47420.00000782572,-515216.02839041175,298.9738472281674,1.0271007362238365,105
11835000,47440.000007829796,-516941.0438038092,305.2112679123617,1.0290025016713422,105
11840000,47460.00000783387,-515332.09979331424,301.10922003313965,1.0274391330723573,105
11845000,47480.000007837945,-515084.65716644283,300.33170199258905,1.0228828587971717,105
11850000,47500.00000784202,-515529.59720944264,299.6936995686273,1.0283838883197,105
11855000,47520.000007846094,-515842.3814553232,301.5471929009892,1.0282994174772353,105
11860000,47540.00000785017,-515973.05394038674,299.3646003432951,1.0229741605216405,105
11865000,47560.00000785424,-515415.0698319436,301.5376182034679,1.0254574197218496,105
11870000,47580.00000785832,-515109.0516832487,302.1624256096949,1.0251918705617953,105
11875000,47600.00000786239,-516300.78629382607,300.3941205473463,1.0247696008651526,105
11880000,47620.00000786647,-516192.66969853966,300.81355443294217,1.0277945047605066,105
11885000,47640.00000787054,-516165.41465450963,300.8548046860757,1.0244705057165768,105
11890000,47660.000007874616,-514404.14580683433,301.7750661760432,1.020348144221405,105
11895000,47680.00000787869,-515380.6479944661,303.21685741991786,1.0228627439633817,105
11900000,47700.000007882765,-515519.84000071115,299.39584698864627,1.0249921271572362,105
11905000,47720.00000788684,-515290.5127515206,300.10104304354354,1.025506188468444,105
11910000,47740.000007890914,-516364.04572011693,299.93051839364546,1.025236683614778,105
11915000,47760.00000789499,-515930.50920193153,300.8042993841324,1.021265378123415,105
11920000,47780.00000789906,-517079.57393955905,302.53615941005745,1.0258817947165462,105
11925000,47800.00000790314,-515497.3327766133,303.09700987976424,1.0227793420630433,105
11930000,47820.00000790721,-516930.6814808904,300.6732183093011,1.0286309666873323,105
11935000,47840.00000791129,-516158.2358760284,300.4700042655778,1.0260565820706948,105
11940000,47860.00000791536,-515152.715192548,302.7154131027928,1.0264803278449515,105
11945000,47880.000007919436,-515658.325056287,299.36739944081535,1.027168746048843,105
11950000,47900.00000792351,-516343.9476408195,300.69290051853545,1.026196869346812,105
11955000,47920.000007927585,-516483.187556732,301.75895699503076,1.0274531451393785,105
11960000,47940.00000793166,-515289.81701260316,301.19247265943307,1.0255803801442622,105
11965000,47960.000007935734,-516314.8858103659,302.64603779971566,1.0273086200556951,105
11970000,47980.00000793981,-517125.14808682655,299.06118424746296,1.0281434902865831,105
11975000,48000.00000794388,-515655.37865524157,299.36538931807866,1.0277253604816974,105
11980000,48020.00000794796,-517080.6677105231,299.2913182036827,1.0304052084699444,105
11985000,48040.00000795203,-517006.56839542184,302.5650229375996,1.0269456652674656,105
11990000,48060.00000795611,-516867.0039078144,298.3735529173805,1.0229472071452705,105
11995000,48080.00000796018,-516288.9496116049,299.392124878496,1.0267767877333123,105
12000000,48100.000007964256,-516500.3939490558,300.4223242043968,1.0237102105838505,105
12005000,48120.00000796833,-515843.9151793767,300.8297941325853,1.0243205247264067,105
12010000,48140.000007972405,-515856.28483456094,301.9075313220971,1.025125016620952,105
12015000,48160.00000797648,-517346.23475540127,299.56985505495146,1.0288150435945205,105
12020000,48180.000007980554,-515777.53546440974,300.61250301421893,1.025313879055225,105
12025000,48200.00000798463,-515574.57007760764,300.1965555477098,1.0262086623121656,105
12030000,48220.0000079887,-516416.6506810768,300.4858997504594,1.0258113572170715,105
12035000,48240.00000799278,-514686.2600400031,304.46594216526125,1.0227875138034992,105
12040000,48260.00000799685,-516174.3676079784,299.64538746812553,1.0257026150312272,105
12045000,48280.00000800093,-516693.0770998681,299.19802886818104,1.0304786672054203,105
12050000,48300.000008005,-516706.74029658735,304.8872004293913,1.0301783724605469,105
12055000,48320.000008009076,-514602.4864261837,299.5280007525453,1.0226672882073191,105
12060000,48340.00000801315,-517068.3555621649,301.87933145538204,1.0285782380323079,105
12065000,48360.000008017225,-516546.07136617275,302.6832530827962,1.0290941106105262,105
12070000,48380.0000080213,-515197.39991948404,300.559437799878,1.0250927546658057,105
12075000,48400.000008025374,-516664.1637188771,298.043936734595,1.0275231448283468,105
12080000,48420.00000802945,-515612.5364637752,301.765019718737,1.0288769445073254,105
12085000,48440.00000803352,-515754.36388986115,302.0240132397687,1.0254073386097418,105
12090000,48460.0000080376,-515364.12744548335,299.8980801034079,1.0234194790027416,105
12095000,48480.00000804167,-515752.3191539068,300.80082857980176,1.0268798140513047,105
12100000,48500.00000804575,-516352.2915564971,299.98837677313776,1.0280222144340663,105
12105000,48520.00000804982,-516433.48172330274,300.61500086957324,1.0257183592198913,105
12110000,48540.000008053896,-516258.8685770903,304.627522930029,1.0267064735931888,105
12115000,48560.00000805797,-517124.7372067822,299.9951812599837,1.0246511612032039,105
12120000,48580.000008062045,-517811.3508947254,302.1479741242836,1.0260609222624248,105
12125000,48600.00000806612,-515659.5405242117,301.48791889335934,1.0253852321108357,105
12130000,48620.000008070194,-514892.0765614002,301.4627725323105,1.0252760733329054,105
12135000,48640.00000807427,-515899.0928903157,300.7324831851535,1.0264594002594176,105
12140000,48660.00000807834,-514593.41703996924,299.496728185791,1.0222658170323196,105
12145000,48680.00000808242,-515505.04453313677,299.1187068506432,1.0221846990955403,105
12150000,48700.00000808649,-517508.58467415255,299.17602165957277,1.0312933364529706,105
12155000,48720.00000809057,-517304.13984764623,301.10850336637355,1.028801913214203,105
12160000,48740.00000809464,-516670.45561294165,302.5812979548563,1.0238831716123404,105
12165000,48760.000008098716,-516133.3971915031,303.362153602511,1.0278665762190518,105
12170000,48780.00000810279,-516525.5031905412,299.4234757060574,1.0250384085255189,105
12175000,48800.000008106865,-516504.40869463934,302.2662357706817,1.0285675016571358,105
12180000,48820.00000811094,-516872.59200208867,300.2806016830457,1.0290278643286912,105
12185000,48840.000008115014,-516316.9342980357,297.5359074268558,1.0244290350721157,105
12190000,48860.00000811909,-516104.89466379886,304.77963076681766,1.0227158165477954,105
12195000,48880.00000812316,-516349.83438297454,303.37007177595126,1.0287552425422966,105
12200000,48900.00000812724,-515830.1363262837,300.35069782112066,1.0240737304470586,105
12205000,48920.00000813131,-515312.3823019741,303.7726572036824,1.0255543619886458,106
12210000,48940.00000813539,-516965.28521473357,301.3580348819423,1.0255585288493763,106
12215000,48960.00000813946,-516035.9220243201,299.432057499295,1.0239189884661797,106
12220000,48980.000008143536,-514784.5846943129,300.5588186522886,1.0248293776016053,106
12225000,49000.00000814761,-514682.7083558382,299.652561791317,1.0250890544500344,106
12230000,49020.000008151685,-516607.7493668115,300.18618349205116,1.0234139969591212,106
12235000,49040.00000815576,-516732.7706549065,301.52130023627006,1.0297649273348015,106
12240000,49060.000008159834,-516362.74425235577,300.04661127589065,1.0265410374311212,106
12245000,49080.00000816391,-515807.01986262575,302.12540450599187,1.023259155016123,106
12250000,49100.00000816798,-517131.7472561735,300.37505215645064,1.0270765702186893,106
12255000,49120.00000817206,-516463.42577621434,299.00031527038453,1.028477276807713,106
12260000,49140.00000817613,-516748.43954835134,301.80593680903206,1.0290605717697585,106
12265000,49160.000008180206,-517918.63583786855,303.42369699820614,1.0257562748993365,106
12270000,49180.00000818428,-516091.92786862,301.06324829259387,1.0250177502683335,106
12275000,49200.000008188355,-515392.4215723565,299.52183416355217,1.0249083363228149,106
12280000,49220.00000819243,-515861.092283329,298.11216112440644,1.0292713868486851,106
12285000,49240.000008196504,-516110.3056057119,301.7092370373736,1.0270139596272885,106
12290000,49260.00000820058,-515908.359648227,300.4060710335678,1.0241130483694323,106
12295000,49280.00000820465,-516692.3357000819,302.66800312501266,1.0300084876071693,106
12300000,49300.00000820873,-515790.5337850116,299.58292003488395,1.0233606949248981,106
12305000,49320.0000082128,-515927.1116616975,299.2650642156244,1.0261396528747724,106
12310000,49340.00000821688,-516049.692582591,301.57410792264284,1.0257723767108544,106
12315000,49360.00000822095,-515538.4873203528,300.69937772104174,1.0224719888195442,106
12320000,49380.000008225026,-516684.68938923604,299.38305571989457,1.0266536629720449,106
12325000,49400.0000082291,-515369.5450059008,300.7144464256479,1.0269562891925508,106
12330000,49420.000008233175,-516099.2314405851,299.7891258901556,1.0243870502031045,106
12335000,49440.00000823725,-515815.6881841526,298.2107823892694,1.027479064058054,106
12340000,49460.000008241324,-516925.9652443521,301.43960025128825,1.0235421855172948,106
12345000,49480.0000082454,-515871.4359081602,301.20860962986364,1.026153611962298,106
12350000,49500.00000824947,-514619.14220694127,302.39054223753044,1.0239889042615373,106
12355000,49520.00000825355,-515596.6100014313,301.32033983673153,1.0260968653889837,106
12360000,49540.00000825762,-514344.1756242707,300.60813975426856,1.024396433238322,106
12365000,49560.0000082617,-516305.3904585864,299.88325203874626,1.0288019845857117,106
12370000,49580.00000826577,-515442.95583959157,303.44351274495756,1.0246104544568748,106
12375000,49600.000008269846,-517036.76281492994,300.9137626921697,1.0228308610251708,106
12380000,49620.00000827392,-514822.9050416525,301.7442811586318,1.0229924051128698,106
12385000,49640.000008277995,-517180.48514094856,302.0551744804711,1.0268187465129506,106
12390000,49660.00000828207,-516110.92008935404,301.13991512602655,1.025809951359224,106
12395000,49680.000008286144,-515339.9647984656,301.0821780358607,1.0220164296063983,106
12400000,49700.00000829022,-515624.20776319504,299.27504331661004,1.0261937390248834,106
12405000,49720.00000829429,-518179.201926528,303.5167992650849,1.0319583388337947,106
12410000,49740.00000829837,-515363.6333635589,299.1113831213024,1.023128422013647,106
12415000,49760.00000830244,-516644.11601247266,301.5423878192383,1.0270134192770162,106
12420000,49780.00000830652,-517291.76236979314,303.1682751763063,1.030036034036795,106
12425000,49800.00000831059,-516691.79882437945,300.10931552287826,1.023248150005052,106
12430000,49820.000008314666,-517490.7965562057,299.49549387664183,1.0278173744492447,106
12435000,49840.00000831874,-517121.7935727965,303.02706732277903,1.02619055291553,106
12440000,49860.000008322815,-516193.28069191054,301.2039222569591,1.0268629221766985,106
12445000,49880.00000832689,-516583.1858635051,299.65670676815876,1.0272656744232063,106
12450000,49900.000008330964,-516633.8733783846,301.28745346979974,1.024502022614889,106
12455000,49920.00000833504,-515808.206175908,301.46238702158325,1.024241012403161,106
12460000,49940.00000833911,-515067.1651233323,300.36829443216754,1.024272814086859,106
12465000,49960.00000834319,-516699.00312760915,300.0839489704662,1.026465227406624,106
12470000,49980.00000834726,-515596.989132002,301.1748393055091,1.0259575641520218,106
12475000,50000.00000835134,-516086.143754289,302.2036745710673,1.0270542249200239,106
12480000,50020.00000835541,-515994.59524236247,300.9421549979856,1.0268279344055564,106
12485000,50040.000008359486,-517295.3224221079,296.9614693012704,1.0294728481218505,106
12490000,50060.00000836356,-516220.6980450596,299.56110112998675,1.0245903298513641,106
12495000,50080.000008367635,-516815.90467063896,302.56786582281734,1.0305420198012305,106
12500000,50100.00000837171,-516136.3939631048,299.1877356922501,1.0243866790038227,106
