#"Step","Time (ps)","Potential Energy (kJ/mole)","Temperature (K)","Density (g/mL)","Speed (ns/day)"
5000,120.00000000005473,-513766.8678761481,301.28620063127494,1.0263159585869701,--
10000,140.00000000003652,-512883.05516482797,301.2313329101214,1.0257798997816243,106
15000,159.9999999999899,-513298.2137516532,302.9811080052107,1.0251828140794395,105
20000,179.9999999999433,-514211.2512371342,300.8810021391667,1.0228199780162082,105
25000,199.9999999998967,-514390.248742698,300.20523572984223,1.0279956187225254,105
30000,219.99999999985008,-513010.2172936762,300.6423126496022,1.0239516788447132,105
35000,239.99999999980346,-514442.18743351055,302.510335243033,1.0249026134688046,105
40000,259.99999999978525,-514912.4765640551,301.203455593223,1.025395816697784,105
45000,279.99999999988074,-514780.4895866632,300.1401632480668,1.0294541186315411,105
50000,299.99999999997624,-514532.3774616886,301.31073968370475,1.02649377376312,105
55000,320.00000000007174,-515128.0310308342,302.44606546032253,1.0256889883869351,105
60000,340.00000000016723,-513628.4754368714,299.73677107488214,1.0229591999990164,105
65000,360.00000000026273,-513655.89647724247,301.832186396927,1.0286210170773529,105
70000,380.0000000003582,-515335.851641424,301.8534269537765,1.0238280467662153,105
75000,400.0000000004537,-513276.5460813497,302.1416570505944,1.020265047842816,105
80000,420.0000000005492,-513461.9076535739,301.82431911223443,1.0222459816689142,105
85000,440.0000000006447,-514202.84403898683,301.2198929369992,1.0293457043632877,105
90000,460.0000000007402,-513315.0998560975,303.475920736522,1.030728735532018,105
95000,480.0000000008357,-513999.593238055,299.0412940678711,1.025113066616774,105
100000,500.0000000009312,-514610.9317722174,300.30023067698244,1.0270185460927992,105
105000,520.0000000010267,-513953.97468658444,305.3818416790667,1.026307225233103,105
110000,540.0000000011222,-514930.4510987131,301.96118801656695,1.0279838181722614,105
115000,560.0000000012177,-515037.5425991579,301.1501181134731,1.0273084047531023,105
120000,580.0000000013132,-515215.382551349,300.553157073925,1.0266447195309378,105
125000,600.0000000014087,-515419.07064942154,301.9063866444273,1.0235888279937961,105
130000,620.0000000015042,-513769.1180237648,299.89581249177854,1.0228900241754888,105
135000,640.0000000015997,-514937.36295193224,297.1138324015701,1.0254575913708148,105
140000,660.0000000016952,-515827.77473616996,301.81993944085104,1.0285565958092255,105
145000,680.0000000017907,-515873.6914844853,299.27140017310325,1.0303119320165097,105
150000,700.0000000018862,-515286.5007578451,299.1331892228991,1.0246802864704996,105
155000,720.0000000019817,-515246.81909090886,297.8650528949017,1.03008664235766,105
160000,740.0000000020772,-514527.7838624567,300.49929568152356,1.0262728010870448,105
165000,760.0000000021727,-514308.09908516123,302.67587715096124,1.0259817396440898,105
170000,780.0000000022682,-513549.97254127543,303.8304505370537,1.0237280405043112,105
175000,800.0000000023637,-515030.0169205582,302.1516465206057,1.0301786181839903,105
180000,820.0000000024592,-514931.95017220033,299.7401426172571,1.0252747107491835,105
185000,840.0000000025547,-514629.1386786122,300.3125311648795,1.0253320958273975,105
190000,860.0000000026502,-513476.9733639746,305.35085624109644,1.0264516414850264,105
195000,880.0000000027457,-514402.66888492554,304.2806336159371,1.0223179354493876,105
200000,900.0000000028411,-514739.85468193004,299.9100608990779,1.028500342261271,105
205000,920.0000000029366,-514810.46317217825,300.4341653092882,1.0276627802387654,105
210000,940.0000000030321,-515729.7827619591,301.8048161971576,1.0272153836336364,105
215000,960.0000000031276,-514072.6939188591,299.34347022731345,1.0254361432910055,105
220000,980.0000000032231,-516366.7573947804,298.84259627075096,1.0314883432875095,105
225000,1000.0000000033186,-513576.20807974506,299.0219729583117,1.0264082322310986,105
230000,1020.0000000034141,-513936.0847747503,301.8289309822631,1.0283083175038101,105
235000,1040.0000000030548,-515701.74307083664,299.128548437385,1.0304039985392355,105
240000,1060.0000000025818,-513823.7862045849,299.58046635143427,1.0259916136324474,105
245000,1080.000000002109,-514164.3057317422,301.79881596647886,1.024377609627747,105
250000,1100.000000001636,-515436.28842675965,303.01727342687207,1.023715155069517,105
255000,1120.000000001163,-514483.2926647456,296.51184881672526,1.0246957906238385,105
260000,1140.00000000069,-514420.1397529519,299.3415974539935,1.028126448345717,105
265000,1160.0000000002171,-513886.3153136147,302.39942623370314,1.0263246530252463,105
270000,1179.9999999997442,-514717.25000979844,298.5102530603415,1.0277524980088595,105
275000,1199.9999999992713,-514964.848170914,299.2311850938469,1.0267477352004069,105
280000,1219.9999999987983,-514318.1774201323,299.82476048133685,1.0259364035219363,105
285000,1239.9999999983254,-514525.791676559,301.9442798545996,1.029830658766843,105
290000,1259.9999999978525,-514015.66295453906,302.8777584673755,1.0276286149409097,105
295000,1279.9999999973795,-513868.1012936735,301.4436815763991,1.0254126463021693,105
300000,1299.9999999969066,-513997.6938752725,299.4039627246099,1.0232354610842629,105
305000,1319.9999999964336,-515159.37818368943,300.36862979573857,1.0277515958219674,105
310000,1339.9999999959607,-514946.0651982003,299.52342773309437,1.0250529508040125,105
315000,1359.9999999954878,-513733.8627197866,301.51131376479276,1.0235550424497146,105
320000,1379.9999999950148,-514702.5190673971,298.9221012011079,1.0274594026031558,105
325000,1399.999999994542,-514548.73332081875,302.41173145251156,1.0319200924860386,105
330000,1419.999999994069,-515249.54175393167,302.37902952965527,1.0263800438643327,105
335000,1439.999999993596,-514902.7638613952,300.4725373448834,1.0271318043019084,105
340000,1459.999999993123,-514678.2019845396,299.90240012160154,1.0244404538903917,105
345000,1479.9999999926501,-514271.84224727866,304.598920472813,1.0246255376172806,105
350000,1499.9999999921772,-514470.67995328736,300.325668085389,1.0262621819842843,105
355000,1519.9999999917043,-514872.14789363695,301.18588854625534,1.0251930644396023,105
360000,1539.9999999912313,-515089.9315989583,302.4328996215174,1.0306763716530303,105
365000,1559.9999999907584,-514567.45338457404,298.6301322799817,1.0273094616241414,105
370000,1579.9999999902855,-514680.40084822173,304.73511164004174,1.027958580621079,105
375000,1599.9999999898125,-515198.60525247897,304.8217900154149,1.0248044693618295,105
380000,1619.9999999893396,-515111.7057063705,300.2182079274717,1.0297731753280506,105
385000,1639.9999999888666,-514787.0426652066,299.0232575471833,1.0277756349768838,105
390000,1659.9999999883937,-514999.36313705775,301.01226610444564,1.0254565404272458,105
395000,1679.9999999879208,-513525.8137568245,303.12444008640756,1.024037877668921,105
400000,1699.9999999874478,-515137.8729814335,301.580821653047,1.0239399282371948,105
405000,1719.999999986975,-514200.21162542794,300.87079464163577,1.0241635529370778,105
410000,1739.999999986502,-514288.03385132155,302.448649981152,1.0265058324086933,105
415000,1759.999999986029,-515397.179931229,300.43560944663346,1.0302121398809994,105
420000,1779.999999985556,-514362.6631621844,299.32914601828304,1.0232101323153395,105
425000,1799.9999999850832,-514639.65147667076,298.86654267753227,1.0258753555354092,105
430000,1819.9999999846102,-514539.47628678544,298.6403517958121,1.027454179189823,105
435000,1839.9999999841373,-514977.01861266,300.98825853655677,1.0285639582748447,105
440000,1859.9999999836643,-515161.6607494708,301.95388182567797,1.027503129113631,105
445000,1879.9999999831914,-514063.3128456415,302.1575930654226,1.0281617040893085,105
450000,1899.9999999827185,-513799.26987340394,302.0334090983118,1.0264225508301545,105
455000,1919.9999999822455,-515648.3982724291,299.2521621980618,1.030223859432096,105
460000,1939.9999999817726,-515261.2927405827,301.66531606603246,1.029214661905262,105
465000,1959.9999999812997,-516126.371068995,302.1847033081964,1.028938947905389,105
470000,1979.9999999808267,-514257.6979276899,303.22009245049423,1.0270055548524641,105
475000,1999.9999999803538,-515231.5517344079,297.7327457791631,1.0245550970416377,105
480000,2019.9999999798808,-513088.41063087876,300.7636296019708,1.0265308367041048,105
485000,2039.999999979408,-513253.0783917296,302.3947832667371,1.0206201871539182,105
490000,2059.999999978935,-514585.3893455069,299.62746204283127,1.0231066491326768,105
495000,2079.9999999784623,-513420.1032968387,298.4951321648201,1.0243900161863733,105
500000,2099.9999999779893,-515470.7890007859,302.33521014523535,1.0303682981491857,105
505000,2119.9999999775164,-514736.7035218675,302.17155569985135,1.024014982644646,105
510000,2139.9999999770434,-514900.5019082939,300.2074346958611,1.0289750288456407,105
515000,2159.9999999765705,-515345.8766722195,298.2661366958882,1.0282012782464882,105
520000,2179.9999999760976,-513882.34913331317,302.2231346082836,1.0202257250361133,105
525000,2199.9999999756246,-513661.0529214712,302.1345159967075,1.025144590626251,105
530000,2219.9999999751517,-513836.22584579093,302.3114424480128,1.0274584935383053,105
535000,2239.9999999746788,-513090.0309205763,298.498986127278,1.0269853372008673,105
540000,2259.999999974206,-514218.0520179891,302.19703590037165,1.0284388490298295,105
545000,2279.999999973733,-515140.74133769353,298.7873846161629,1.0241520366547494,105
550000,2299.99999997326,-515123.0535832851,301.85190356426824,1.0244216802285473,105
555000,2319.999999972787,-514888.3361696345,298.7858497683206,1.0282314737105485,105
560000,2339.999999972314,-515217.5219250163,299.8610194081393,1.0269072261238021,105
565000,2359.999999971841,-514610.1895111264,300.44358933849634,1.0283228043638557,105
570000,2379.999999971368,-514360.42280260543,300.72292494934413,1.0226582455264805,105
575000,2399.9999999708953,-514472.1972762763,299.9723939543959,1.0261641017739362,105
580000,2419.9999999704223,-515028.35431305063,300.018078401935,1.0239957692741555,105
585000,2439.9999999699494,-514042.4910371413,302.59384768121424,1.0235704048190961,105
590000,2459.9999999694764,-514312.17586736474,298.9324775824007,1.026258657289392,105
595000,2479.9999999690035,-514480.20176247624,299.228641881925,1.027155338120196,105
600000,2499.9999999685306,-513932.5989250671,299.4258183715584,1.0294596025458014,105
605000,2519.9999999680576,-515292.6090331322,301.81844436134577,1.0291140519252262,105
610000,2539.9999999675847,-514370.46621485543,301.2697855778815,1.0268670640108128,105
615000,2559.9999999671118,-514818.29725646926,300.02082751868886,1.0246653520852005,105
620000,2579.999999966639,-514331.9430127498,303.53489048340856,1.0225854583589709,105
625000,2599.999999966166,-514717.5712005615,302.2641475359365,1.0250738810201434,105
630000,2619.999999965693,-514213.20101188985,301.1066148296528,1.028590058889213,105
635000,2639.99999996522,-514177.53518620925,302.32845434148703,1.0233003225530868,105
640000,2659.999999964747,-514110.4928231784,300.7385757842241,1.0269317639698743,105
645000,2679.999999964274,-514076.89188464684,298.83246036026264,1.0250003140938184,105
650000,2699.999999963801,-512781.1458256815,301.07137692604374,1.028159979507766,105
655000,2719.9999999633283,-514260.19651425094,300.8509428311257,1.0265044060711437,105
660000,2739.9999999628553,-514386.92924489407,300.35947151826116,1.0303962687398054,105
665000,2759.9999999623824,-513999.5284874055,301.2487504495743,1.0265860631131627,105
670000,2779.9999999619095,-512263.6847947263,303.3584299971764,1.0255502334044382,105
675000,2799.9999999614365,-515161.87243024935,300.54706948147526,1.027254446138356,105
680000,2819.9999999609636,-513071.47692525317,298.64251193494135,1.024104251261737,105
685000,2839.9999999604906,-514542.0422216947,299.0419098835569,1.024548129377833,105
690000,2859.9999999600177,-514385.6427663204,301.4090219200796,1.0228507362477401,105
695000,2879.9999999595448,-513946.5393717466,300.9346187309995,1.0262555881693476,105
700000,2899.999999959072,-513445.5953765982,302.14715480128,1.029796091159008,105
705000,2919.999999958599,-514576.1094859671,303.25964148186904,1.023610543376159,105
710000,2939.999999958126,-514922.11246836465,301.1590007118713,1.0229943411085374,105
715000,2959.999999957653,-514209.7616850978,302.6640039751874,1.0234745239809455,105
720000,2979.99999995718,-514587.26970612095,300.1707595993542,1.0306626258524911,105
725000,2999.999999956707,-514422.12049740995,302.6089657930639,1.0236231014877488,105
730000,3019.999999956234,-515306.8574849174,301.0542151747396,1.0254033283302275,105
735000,3039.9999999557613,-515091.07402437064,301.1471047858617,1.0269349307139224,105
740000,3059.9999999552883,-512305.3355227369,302.3535069527395,1.0230124697203449,105
745000,3079.9999999548154,-515571.45713406056,303.11712235280874,1.028880607270966,105
750000,3099.9999999543425,-512844.6794861143,299.2485269582234,1.0239668214161481,105
755000,3119.9999999538695,-514197.0442476489,302.39670125351944,1.0274945252075367,105
760000,3139.9999999533966,-515242.161614859,299.3414794324624,1.0260238694168409,105
765000,3159.9999999529236,-513647.98593676905,302.3753184450749,1.0250232969480146,105
770000,3179.9999999524507,-514839.16314346064,300.43639009018955,1.030153672142873,105
775000,3199.9999999519778,-514468.40713138087,301.70627823307154,1.029962784236263,105
780000,3219.999999951505,-514718.0042818198,302.07201515252484,1.025434191886969,105
785000,3239.999999951032,-515472.69265225716,300.08320519086277,1.0272776473903202,105
790000,3259.999999950559,-515303.42350764945,299.818953038701,1.0272000440440254,105
795000,3279.999999950086,-514669.0644307402,300.8904805808837,1.0255988837188756,105
800000,3299.999999949613,-515838.3986631222,301.650264613211,1.0264026322217614,105
805000,3319.99999994914,-516168.87029614067,299.41085158967473,1.0331266003068114,105
810000,3339.999999948667,-512716.89547139243,301.39878130141557,1.0213613558219667,105
815000,3359.9999999481943,-515225.1057532546,300.9614853819347,1.0233451285620019,105
820000,3379.9999999477213,-513952.6465097496,301.1264041151601,1.027602809439913,105
825000,3399.9999999472484,-514145.16903223353,301.3957202513621,1.0282329187395676,105
830000,3419.9999999467755,-515171.87858166546,300.370076509262,1.0294923988681395,105
835000,3439.9999999463025,-515126.3601476725,300.7151006179533,1.0256949349144264,105
840000,3459.9999999458296,-515027.0950838013,301.38315717839777,1.0239541008108073,105
845000,3479.9999999453566,-514529.66774593596,303.17229415709306,1.0241807572443342,105
850000,3499.9999999448837,-514548.78338567587,299.7907294633446,1.0271763453831595,105
855000,3519.999999944411,-515123.96892439574,300.8001951926766,1.0274777919936653,105
860000,3539.999999943938,-515061.4326218369,300.0330864733131,1.0243704746482403,105
865000,3559.999999943465,-516037.5947413589,303.7570409575857,1.0310334474093763,105
870000,3579.999999942992,-514777.5405514322,301.85238533122447,1.0259982523370275,105
875000,3599.999999942519,-513233.96917432663,300.8116617668334,1.024197108420254,105
880000,3619.999999942046,-513658.94978470844,299.71093714258564,1.02472296215697,105
885000,3639.999999941573,-514812.61878569494,301.2983837696696,1.0294843420871005,105
890000,3659.9999999411,-514823.2738458831,302.27673037919817,1.0259558925830072,105
895000,3679.9999999406273,-515014.10872237803,300.8481400681873,1.0220211266782337,105
900000,3699.9999999401543,-515452.3274846887,301.8743773725684,1.0253291627407266,105
905000,3719.9999999396814,-515666.66098063905,299.1847931990572,1.0297471895495365,105
910000,3739.9999999392085,-514725.6945469959,301.1930990128582,1.028328993241537,105
915000,3759.9999999387355,-514739.3121794197,301.566088695886,1.0277561915011,105
920000,3779.9999999382626,-515402.33007514966,301.6503757850969,1.026853484221387,105
925000,3799.9999999377897,-514257.7672748654,301.741039170436,1.028272844211352,105
930000,3819.9999999373167,-514820.4086125002,300.57364683846976,1.0261860891411019,105
935000,3839.999999936844,-514195.0113286234,300.88757335082454,1.0321558933970723,105
940000,3859.999999936371,-515106.24853039393,301.84182026990715,1.0259892341919972,105
945000,3879.999999935898,-513685.51666032476,304.7614561204212,1.0265691514730317,105
950000,3899.999999935425,-515489.62223912124,301.0529775715129,1.030528623452038,105
955000,3919.999999934952,-514270.61632091366,299.904380287172,1.0296888542981257,105
960000,3939.999999934479,-514337.8703706763,300.23171048761594,1.0244933645568592,105
965000,3959.999999934006,-514402.8361452259,300.5977205948186,1.0283429345264092,105
970000,3979.999999933533,-516061.9627670867,299.0653760811249,1.0267913969903557,105
975000,3999.9999999330603,-513706.1323873927,296.6962590748651,1.0240533476636864,105
980000,4019.9999999325873,-515086.83029138576,301.6630968088979,1.0274924882002514,105
985000,4039.9999999321144,-514359.49675017665,300.69853636815714,1.0312173894371734,105
990000,4059.9999999316415,-514743.8163162321,303.0283709185526,1.0246116184667762,105
995000,4079.9999999311685,-514686.46859283955,298.8671225722623,1.0240113569114104,105
1000000,4099.999999930696,-514246.96460859035,298.3777669386364,1.0267188419275162,105
1005000,4119.999999930223,-514708.8147352922,302.46991773219673,1.0264300385146585,105
1010000,4139.99999992975,-514964.4947964393,301.8012328377643,1.0329452026603916,105
1015000,4159.999999929277,-514792.8199249585,301.3640802729058,1.022915145383724,105
1020000,4179.999999928804,-513335.39919999964,302.87541609124804,1.029099691641706,105
1025000,4199.999999928331,-513409.48637400987,298.3376851710375,1.0183808782116248,105
1030000,4219.999999927858,-515102.68156789546,298.79183856499657,1.0264085146290238,104
1035000,4239.999999927385,-513362.67836774956,299.86715337882185,1.023279952411529,104
1040000,4259.999999926912,-515788.06551783043,302.4108258665276,1.0287181139283006,104
1045000,4279.999999926439,-515127.901566718,302.3152441956588,1.0289744298702448,104
1050000,4299.999999925966,-513976.9394922808,300.34120891270356,1.0226626120724491,104
1055000,4319.999999925493,-515641.8247302107,301.14869270118953,1.029347580222313,104
1060000,4339.99999992502,-515089.70645670546,303.77272211407893,1.0219989134492335,104
1065000,4359.999999924547,-515153.32903404324,301.5204332378366,1.026653849774365,104
1070000,4379.9999999240745,-515335.78601116454,301.60539795258626,1.0307815950605166,104
1075000,4399.9999999236015,-514128.19244295335,302.8394789755316,1.0267357616027022,104
1080000,4419.999999923129,-514316.74615359283,301.27949951306766,1.0266392567269582,104
1085000,4439.999999922656,-513917.99539707135,298.5504070943988,1.0249411248497096,105
1090000,4459.999999922183,-513472.9182159712,299.426226930442,1.0256463157138085,105
1095000,4479.99999992171,-514625.43969560694,301.4796542025643,1.0266558455960113,105
1100000,4499.999999921237,-514955.6870144566,301.46500718374614,1.024574875937354,105
1105000,4519.999999920764,-515236.4086260542,302.97981335758124,1.0262269741400472,105
1110000,4539.999999920291,-514137.43837130535,301.31333053894497,1.024977399216881,105
1115000,4559.999999919818,-513858.2418150094,301.7601577680255,1.0230906552150087,105
1120000,4579.999999919345,-514818.0856920497,303.4380309011923,1.025466942522658,105
1125000,4599.999999918872,-513868.2681222926,299.50022197014016,1.0207243853899732,105
1130000,4619.999999918399,-514989.0380761947,299.94883284292365,1.0289192515141152,105
1135000,4639.999999917926,-515251.29663496953,302.07712379215747,1.0313008411636462,105
1140000,4659.999999917453,-514857.8422635463,303.35017169570597,1.0282428486836714,105
1145000,4679.99999991698,-515537.2933623032,299.5884456624465,1.027048915936007,105
1150000,4699.9999999165075,-513774.94887474715,299.2921036589643,1.0279229308195077,105
1155000,4719.9999999160345,-514917.36740407115,300.67217120791497,1.0229084654542542,105
1160000,4739.999999915562,-514977.1398260656,298.65066376181096,1.0244630731756998,105
1165000,4759.999999915089,-514691.35211935383,298.2445274959219,1.0235471276891777,105
1170000,4779.999999914616,-514517.3313510532,299.25512420392795,1.024840290401502,105
1175000,4799.999999914143,-514549.1365273504,301.31019086729896,1.0272279984261397,105
1180000,4819.99999991367,-514315.26523637515,300.8827719148298,1.0298561613173172,105
1185000,4839.999999913197,-515290.8556421378,302.47157501674354,1.0254963196212037,105
1190000,4859.999999912724,-514887.67685019295,301.9436234493716,1.02242916764265,105
1195000,4879.999999912251,-513546.7023248635,298.3027916062012,1.0249839862544647,105
1200000,4899.999999911778,-514749.43646543124,300.1940065178604,1.0256650321669527,105
1205000,4919.999999911305,-515382.09968122724,301.87225172636755,1.027881884328922,105
1210000,4939.999999910832,-514957.4954939878,302.310509706548,1.0313826411609206,105
1215000,4959.999999910359,-513334.1741335024,299.9149100674953,1.0252134716715608,105
1220000,4979.999999909886,-513721.85204786924,301.05998682209326,1.023614431180196,105
1225000,4999.999999909413,-515073.88194056624,301.4525589078377,1.028184392985487,105
1230000,5019.9999999089405,-514939.6294358724,302.17773158935483,1.0299392304674457,105
1235000,5039.9999999084675,-514871.8506949926,303.35620823143466,1.0283579979169528,105
1240000,5059.999999907995,-514938.402179684,299.5817843526318,1.0296682003158704,105
1245000,5079.999999907522,-514417.5405212955,301.29512759823683,1.0274620492838862,105
1250000,5099.999999907049,-514435.6866868008,303.17484011466274,1.0251354002867943,105
1255000,5119.999999906576,-514762.5926919973,302.65310540027707,1.0276547937642615,105
1260000,5139.999999906103,-513909.60175288585,298.2613336580282,1.0217485877575485,105
1265000,5159.99999990563,-513689.0908240909,298.62476531247825,1.025504015757306,105
1270000,5179.999999905157,-515477.22724590544,300.0287406764516,1.028602907158979,105
1275000,5199.999999904684,-515703.9743630511,302.80818673318817,1.0304765460669665,105
1280000,5219.999999904211,-514703.30851255683,303.0860125229008,1.0284511965301673,105
1285000,5239.999999903738,-515630.1414916201,301.0325139507908,1.026852744338089,105
1290000,5259.999999903265,-514759.42424308043,297.8517370660637,1.023257352634398,105
1295000,5279.999999902792,-513634.7585298228,301.6786872517743,1.0254202923199227,105
1300000,5299.999999902319,-514119.5873345528,298.7134878582371,1.028732671688979,105
1305000,5319.999999901846,-514907.8160926502,301.01849089534556,1.028979560022974,105
1310000,5339.9999999013735,-514709.6348201877,302.82584117947937,1.0250891524199737,105
1315000,5359.999999900901,-514182.34099951526,301.11059596443164,1.0268769218105929,105
1320000,5379.999999900428,-516132.54432444973,302.81072937217016,1.0295672604336819,105
1325000,5399.999999899955,-515165.69075333513,300.32071549764106,1.0274222630458978,105
1330000,5419.999999899482,-514630.0157392968,298.61472138846216,1.0240879771653013,105
1335000,5439.999999899009,-515998.48785840557,300.7713555329223,1.0256470547548284,105
1340000,5459.999999898536,-513858.30808983464,303.3083285457515,1.027696115893747,105
1345000,5479.999999898063,-514590.28109019133,299.22227652792765,1.0291394428808875,105
1350000,5499.99999989759,-514027.6425773918,300.30297781328704,1.0300084572896908,105
1355000,5519.999999897117,-514243.66727805836,301.66109264136503,1.025043327178324,105
1360000,5539.999999896644,-514866.6115616937,301.9066081540545,1.0239915763060428,105
1365000,5559.999999896171,-514785.4537082822,299.86930254991057,1.0235105018720485,105
1370000,5579.999999895698,-514578.6840501393,298.90189741549597,1.0245041170796567,105
1375000,5599.999999895225,-516040.89657341037,299.2195200648253,1.0250559709460738,105
1380000,5619.999999894752,-514271.60303934617,303.19338250363796,1.026709256953464,105
1385000,5639.999999894279,-514998.3852642372,302.57560791687115,1.028680436242309,105
1390000,5659.9999998938065,-515192.4419239424,300.1332602440848,1.0238900052033855,105
1395000,5679.999999893334,-515162.0678999552,304.34128859671745,1.0272170868648602,105
1400000,5699.999999892861,-515673.6154318133,301.20763377832225,1.02246354637318,105
1405000,5719.999999892388,-514468.8996512799,301.03622072811754,1.0300842842987832,105
1410000,5739.999999891915,-514489.28949014423,301.26178505873037,1.029705586527926,105
1415000,5759.999999891442,-514904.9670860206,303.8416548595045,1.0299019800799154,105
1420000,5779.999999890969,-515886.7186646473,299.46142356306643,1.0255618556888186,105
1425000,5799.999999890496,-514751.3561211296,301.26689251341554,1.0252215220937535,105
1430000,5819.999999890023,-514343.11298342585,301.275487984134,1.0276050916449024,105
1435000,5839.99999988955,-516095.5425511582,301.38212492303717,1.0288179199323626,105
1440000,5859.999999889077,-514168.59620243683,301.84101067023965,1.0254983701835247,105
1445000,5879.999999888604,-515913.14825939527,303.10497892224356,1.0254853251890514,105
1450000,5899.999999888131,-515242.6074091834,300.51992926389653,1.0282865382594433,105
1455000,5919.999999887658,-514271.31447282666,301.34696518115857,1.024906181906875,105
1460000,5939.999999887185,-513959.2826325791,302.87175413410085,1.0271878534911179,105
1465000,5959.999999886712,-514372.85696962127,299.9076240908215,1.021619439505445,105
1470000,5979.9999998862395,-515645.39587172284,301.73988239383453,1.023938087891646,105
1475000,5999.999999885767,-514925.3614873355,301.3475706609843,1.0234884750300755,105
1480000,6019.999999885294,-514869.44576711557,299.35812257625156,1.0294938192056782,105
1485000,6039.999999884821,-514008.41057037725,297.6645376753088,1.0291724806478244,105
1490000,6059.999999884348,-514519.85353927454,299.13807093047996,1.0219949488197253,105
1495000,6079.999999883875,-513518.56906967517,300.2411895962874,1.0221638425011739,105
1500000,6099.999999883402,-514567.0579975606,300.3711958856065,1.0312379392652873,105
1505000,6119.999999882929,-514844.69931809395,303.7363732296605,1.0260040282034537,105
1510000,6139.999999882456,-514939.6338049779,299.94067001947695,1.0277907017353838,105
1515000,6159.999999881983,-514265.11774454406,299.2205719331859,1.0262820706621434,105
1520000,6179.99999988151,-513892.2513699448,300.944938537259,1.0231855191248693,105
1525000,6199.999999881037,-514438.11689154105,301.4199188445678,1.0282316030094676,105
1530000,6219.999999880564,-515020.1354253853,300.53305886963614,1.0251305047685144,105
1535000,6239.999999880091,-514251.11766649014,299.5826649054083,1.0251993072388608,105
1540000,6259.999999879618,-513187.73021655856,302.82497070862814,1.0233003717158198,105
1545000,6279.999999879145,-515031.3926831025,299.73091639611056,1.028611182678794,105
1550000,6299.9999998786725,-514372.0078219429,299.37391427708076,1.0231139969614986,105
1555000,6319.9999998782,-514564.0155808781,301.8541086352672,1.0283766960190361,105
1560000,6339.999999877727,-515712.79064603173,299.2556254782527,1.025639017072981,105
1565000,6359.999999877254,-515809.28828517,296.8899047394299,1.029124604723377,105
1570000,6379.999999876781,-513998.28184390813,300.11999552393104,1.021188015222893,105
1575000,6399.999999876308,-515935.48533154884,302.474422193351,1.0284489990287393,105
1580000,6419.999999875835,-514850.14236511406,304.129143026429,1.0285938133289785,105
1585000,6439.999999875362,-514754.7861016677,300.66287763006125,1.0274328448262116,105
1565000,6359.999999877254,-515806.6440706155,300.4493002408527,1.0262760685380308,--
1570000,6379.999999876781,-514624.35296307807,300.8707065207118,1.0275144222706205,107
1575000,6399.999999876308,-514901.72425112943,302.0146056776031,1.0263336141901973,107
1580000,6419.999999875835,-514636.8081881772,300.07021224716806,1.0219041501625543,107
1585000,6439.999999875362,-514295.9124139778,298.649923706441,1.0253528417328277,107
1590000,6459.999999874889,-514069.90621642116,302.26296265189507,1.0254478684124626,107
1595000,6479.999999874416,-514661.2277973539,301.24851130554663,1.0289131032248304,107
1600000,6499.999999873943,-514507.3544643938,301.8487571712103,1.028278997601055,107
1605000,6519.99999987347,-515003.7513180929,302.59826914629264,1.027573462996208,107
1610000,6539.999999872997,-515950.0563111529,303.5712958787335,1.0328370569074614,107
1615000,6559.999999872524,-514348.18659004197,302.74832398802914,1.0252102964408487,107
1620000,6579.999999872051,-514467.3142563689,303.66182372647614,1.0285809356068247,107
1625000,6599.999999871578,-514172.97299212194,300.4448516422521,1.028029016209201,107
1630000,6619.9999998711055,-514981.52605283237,301.22956923823597,1.024953165147893,107
1635000,6639.999999870633,-515358.0507134786,298.82739186527016,1.0325510478945699,107
1640000,6659.99999987016,-515235.5070519836,297.8683777299403,1.028169669054443,106
1645000,6679.999999869687,-514998.4687805816,302.05162422289936,1.029463777218215,106
1650000,6699.999999869214,-514329.2402292546,302.7767890756069,1.0230735132603388,106
1655000,6719.999999868741,-515313.288817154,302.956704941458,1.0283138867815147,106
1660000,6739.999999868268,-515517.61293667485,301.1162895417174,1.0253690310376051,106
1665000,6759.999999867795,-514498.41380532226,300.9445129956229,1.0240317696640306,106
1670000,6779.999999867322,-515736.4051130598,303.793004647499,1.0265096675883474,106
1675000,6799.999999866849,-514987.2987486813,304.59159879061934,1.0304061408646346,106
1680000,6819.999999866376,-514472.63474809285,302.11822692804594,1.0275951900694418,106
1685000,6839.999999865903,-514464.5303115486,300.5528156204456,1.0292346367783107,106
1690000,6859.99999986543,-514900.1241006511,300.8739700785108,1.0304796540176682,106
1695000,6879.999999864957,-512946.81173445936,299.14278721890776,1.024047835188896,106
1700000,6899.999999864484,-515258.22898220294,301.07082476288184,1.0243100221617794,106
1705000,6919.999999864011,-513433.52975589107,301.6980717229811,1.0269941290788374,106
1710000,6939.9999998635385,-516245.7834861488,297.44995048266827,1.0278021061814901,106
1715000,6959.999999863066,-514570.5666482593,303.2070801472839,1.026362216840466,106
1720000,6979.999999862593,-513433.20997263957,302.1401556002621,1.025213950638461,106
1725000,6999.99999986212,-514047.4221909866,300.1336479794787,1.026939005629976,106
1730000,7019.999999861647,-514508.548279373,299.22570334084276,1.0262359392247022,106
1735000,7039.999999861174,-515303.30421796744,300.9097275241286,1.0312421147945343,106
1740000,7059.999999860701,-514709.428774121,301.7055602985771,1.024726427572111,106
1745000,7079.999999860228,-514128.2177547121,301.18935572968576,1.02457728065151,106
1750000,7099.999999859755,-516349.0449430004,299.05773060670225,1.0305959793823622,106
1755000,7119.999999859282,-515556.30147164594,301.892159837274,1.029626663010635,106
1760000,7139.999999858809,-515098.91204770724,300.855314540414,1.0299413721203765,106
1765000,7159.999999858336,-514791.2082031383,300.6409898031562,1.0294355588509545,106
1770000,7179.999999857863,-515365.5765032894,299.48820542087293,1.0305716637990296,106
1775000,7199.99999985739,-514901.2081527589,301.17082196223737,1.031466896370673,106
1780000,7219.999999856917,-514862.88398739626,301.4647621094003,1.029366233369716,106
1785000,7239.999999856444,-514026.22627430037,300.7229902797041,1.0294170682458985,106
1790000,7259.9999998559715,-514102.52943471004,301.0044726830158,1.0235735855253876,106
1795000,7279.999999855499,-514698.80166912405,300.664707615515,1.026561153463752,106
1800000,7299.999999855026,-514956.8671985362,298.2940704058411,1.0272480324969175,106
1805000,7319.999999854553,-513928.84245257336,299.9348610998473,1.026470382379841,106
1810000,7339.99999985408,-514717.4765715527,299.5407033725466,1.0237637503104153,106
1815000,7359.999999853607,-515765.8225301886,297.9378685808378,1.0278895140652535,106
1820000,7379.999999853134,-514752.8724980152,301.16822745983444,1.0274218651860214,106
1825000,7399.999999852661,-514749.57994015,301.9898487468128,1.029452466394609,106
1830000,7419.999999852188,-513950.3893607396,302.4792097508979,1.0248744100415577,106
1835000,7439.999999851715,-514855.0352178782,301.61043058439105,1.0249461327231808,106
1840000,7459.999999851242,-515271.24192714854,302.25448859351434,1.029719899821483,106
1845000,7479.999999850769,-514139.38822807744,301.57661652123375,1.0246586908616526,106
1850000,7499.999999850296,-514684.5811260184,301.8632547663529,1.0239115172242532,106
1855000,7519.999999849823,-513626.71137078106,300.4291788002525,1.0259210692706076,106
1860000,7539.99999984935,-514367.1451288541,302.68524496545626,1.0273008210412933,106
1865000,7559.999999848877,-513442.34322544327,297.98931020522605,1.0257901989460652,106
1870000,7579.9999998484045,-514354.16547538224,299.9121939527438,1.0256987551322412,106
1875000,7599.999999847932,-514235.53768951213,303.3885386413033,1.0283248723666008,106
1880000,7619.999999847459,-513981.04410614027,303.6303555592987,1.0204567650986993,106
1885000,7639.999999846986,-514801.2097759908,301.991794078858,1.0265801211594756,106
1890000,7659.999999846513,-515606.11104407045,300.9415430713319,1.029885724724329,106
1895000,7679.99999984604,-514835.8337492149,301.7450360008517,1.0302922340930143,106
1900000,7699.999999845567,-514830.12684175465,300.59617525467445,1.0253533102631522,106
1905000,7719.999999845094,-514707.11746516475,301.185168709086,1.0292726926981406,106
1910000,7739.999999844621,-513976.5842897848,302.3674680142925,1.0232990261082016,106
1915000,7759.999999844148,-513826.2596716455,299.1053351161665,1.0242783227698242,106
1920000,7779.999999843675,-515247.8069864076,301.7742533293864,1.0270435400032385,106
1925000,7799.999999843202,-514270.6128231103,298.79382629294196,1.023058185049232,106
1930000,7819.999999842729,-515731.95291214995,302.2135894550767,1.0303752914596098,106
1935000,7839.999999842256,-515205.1231377423,300.1258388095428,1.027218930195941,106
1940000,7859.999999841783,-513662.24515248346,301.24320268587473,1.0313711352553359,106
1945000,7879.9999998413105,-514946.2539345394,303.0169718890409,1.022117492034869,106
1950000,7899.9999998408375,-513961.4661480407,299.48930906789917,1.027822355712537,106
1955000,7919.999999840365,-515622.14099689806,298.5793615479094,1.0268787196975642,106
1960000,7939.999999839892,-513756.36552778305,302.3082967605095,1.0270751705701484,106
1965000,7959.999999839419,-515073.78976835473,301.10831085699925,1.0244559143079224,106
1970000,7979.999999838946,-513813.12685385905,301.6655713288239,1.0219887480922136,106
1975000,7999.999999838473,-514953.3430357482,302.00872519251214,1.0239853461847273,106
1980000,8019.999999838,-514306.3072844348,301.573228522807,1.0263542830676042,106
1985000,8039.999999837527,-515793.7007275801,299.21256409988825,1.0300228611552986,106
1990000,8059.999999837054,-514309.9790281961,301.2312567437918,1.0267613242831322,106
1995000,8079.999999836581,-514393.1501686836,302.8325092450806,1.0243087320175686,106
2000000,8099.999999836108,-514835.9492957259,300.34458736279447,1.0242011037613619,106
2005000,8119.999999835635,-514589.8439525482,301.248910075391,1.0253419779771347,106
2010000,8139.999999835162,-515596.24455373967,302.7594431223167,1.0208346741952754,106
2015000,8159.999999834689,-514067.62067427905,298.441074870002,1.0252521581166507,106
2020000,8179.999999834216,-513161.41755401366,301.44006086827534,1.024516548781633,106
2025000,8199.999999835562,-515510.536840498,300.2268398564306,1.026072429882058,106
2030000,8219.999999839636,-514330.8409366191,300.4799054821209,1.0257334566355631,106
2035000,8239.99999984371,-514381.57622435805,302.79450529105407,1.025013566295562,106
2040000,8259.999999847785,-513636.1740618574,302.3591064024298,1.0162554226837006,105
2045000,8279.99999985186,-514053.8617378108,301.9926743611491,1.0233272837121428,105
2050000,8299.999999855934,-515463.34822897357,302.79260844144216,1.0287251166216227,105
2055000,8319.999999860009,-515281.5802226786,300.27797610371925,1.0265748501600702,105
2060000,8339.999999864083,-514682.1359829211,300.54164613171605,1.024671722063945,105
2065000,8359.999999868158,-514759.8378458137,299.9143929288748,1.028891094664546,105
2070000,8379.999999872232,-514024.6406244312,301.8836235116043,1.024389434944976,105
2075000,8399.999999876307,-515830.79262733436,302.20855155067756,1.0272109322251295,105
2080000,8419.999999880381,-513948.830659427,299.7611048283724,1.0226310248878216,105
2085000,8439.999999884456,-514734.0636057509,300.57668943185314,1.0185770790009594,105
2090000,8459.99999988853,-514314.9911911634,302.0537354960609,1.0236431818745706,105
2095000,8479.999999892605,-515529.5221100091,298.8051951988909,1.027970315309365,105
2100000,8499.99999989668,-513791.1723323455,300.0454975716878,1.0211508188288982,105
2105000,8519.999999900754,-515663.35570919607,299.7229073446572,1.0320501137976477,105
2110000,8539.999999904829,-512840.7563819324,299.8658997460105,1.0230144662001202,105
2115000,8559.999999908903,-514176.00462689204,300.9600751090466,1.0243901978943393,105
2120000,8579.999999912978,-514290.13648247416,304.08660492191564,1.0276636997527084,105
2125000,8599.999999917052,-514831.5597941447,300.26054736670505,1.022863501937875,105
2130000,8619.999999921127,-514411.4012407034,299.595500832616,1.0238756969664276,105
2135000,8639.999999925201,-514246.64212855115,300.07161815430527,1.0265117865318076,105
2140000,8659.999999929276,-514880.1605875564,302.5499277194939,1.0272375553153617,105
2145000,8679.99999993335,-513504.59834426595,304.96714277839317,1.024635252545504,105
2150000,8699.999999937425,-515892.29633262474,297.75831807490346,1.0288257305737722,105
2155000,8719.9999999415,-514385.7735753674,299.87909662128993,1.0257993265113554,105
2160000,8739.999999945574,-513230.7631684579,301.4351013097547,1.023504035436428,105
2165000,8759.999999949649,-515128.61241993983,300.1981734263152,1.0284486007123694,105
2170000,8779.999999953723,-515505.7873850907,301.8380470676416,1.0284873651853725,105
2175000,8799.999999957798,-514547.5588852016,298.30794980885355,1.0259805612286281,105
2180000,8819.999999961872,-515225.33660156676,298.0574508600523,1.023783047025602,105
2185000,8839.999999965947,-514148.9461598268,299.1464685873273,1.0275327515101786,105
2190000,8859.999999970021,-514521.78345558094,302.56499798799655,1.0288931993896835,105
2195000,8879.999999974096,-514657.1942668881,304.23796524944675,1.0232667085437055,105
2200000,8899.99999997817,-515513.9611251878,302.4755678789211,1.0298015234844955,105
2205000,8919.999999982245,-514790.7661567023,301.6992315591989,1.0327190787354286,105
2210000,8939.99999998632,-514400.23883061856,299.76941346310537,1.0287155392565128,105
2215000,8959.999999990394,-514375.2839711774,301.8366772609719,1.0245829265658994,105
2220000,8979.999999994468,-514787.0448201448,301.11608982098517,1.0216657795876107,105
2225000,8999.999999998543,-514648.6834733484,300.5888559511677,1.0252054094215672,105
2230000,9020.000000002618,-515308.9246175806,297.60046209482283,1.026529339411476,105
2235000,9040.000000006692,-514620.1749337644,301.0543183531425,1.0269850182321572,105
2240000,9060.000000010767,-514889.6320445023,301.5133375596362,1.0274853208021903,105
2245000,9080.000000014841,-514774.96154766576,300.4273122193887,1.0244102050483883,105
2250000,9100.000000018916,-514399.36925369455,300.92039256121734,1.0296798115242347,105
2255000,9120.00000002299,-513413.93483290216,301.1999868163295,1.0227418042906689,105
2260000,9140.000000027065,-514521.3867858611,298.39457863607095,1.0250724743528248,105
2265000,9160.00000003114,-515141.23271930055,301.03484064471905,1.0305502456591218,105
2270000,9180.000000035214,-514237.8792023733,302.8117190695953,1.0214029500958575,105
2275000,9200.000000039288,-514817.7240088752,299.9829352026527,1.026893389319132,105
2280000,9220.000000043363,-514565.610404707,301.1287272912375,1.0239769171559225,104
2285000,9240.000000047437,-514360.02036786196,300.981767762153,1.027882800711196,104
2290000,9260.000000051512,-513237.84963860107,298.861364196931,1.0242653558477388,104
2295000,9280.000000055586,-515203.59314680356,301.6649459644972,1.025560817321586,104
2300000,9300.000000059661,-514781.0350439707,300.9868344850911,1.0231300250962587,104
2305000,9320.000000063736,-514849.3388946736,302.6095768656952,1.0265150648880867,104
2310000,9340.00000006781,-514345.7382209827,303.7884671450931,1.025272803674935,104
2315000,9360.000000071885,-513243.1314489078,301.77612262579476,1.027688325735446,104
2320000,9380.00000007596,-514479.99714804,301.3726041155893,1.0239200738087018,104
2325000,9400.000000080034,-513897.9625730836,300.20627643852964,1.0226571310325248,104
2330000,9420.000000084108,-513198.1508400645,301.1805171811029,1.0265870795118996,104
2335000,9440.000000088183,-515484.58265180513,302.1833075346878,1.0272553065225938,104
2340000,9460.000000092257,-512960.23263558093,302.0792376247963,1.0242310915321498,104
2345000,9480.000000096332,-515370.68416298996,302.4699740668995,1.0229624502481518,104
2350000,9500.000000100406,-515309.52378309076,302.6626330492053,1.024633068844936,104
2355000,9520.000000104481,-516079.30077941576,298.6276141623905,1.0252443126331359,104
2360000,9540.000000108555,-514619.5059049397,301.0544249968391,1.0231501497022302,104
2365000,9560.00000011263,-514751.19334213994,301.55304973545424,1.0270150018352973,104
2370000,9580.000000116705,-513526.154271743,300.53344858884907,1.023601186649659,104
2375000,9600.000000120779,-514761.08412165334,300.7288588420128,1.026995376354273,104
2380000,9620.000000124854,-513716.5080732666,300.68537955006667,1.0251782069751723,104
2385000,9640.000000128928,-513653.1006889497,300.8375190281398,1.0225649423575371,104
2390000,9660.000000133003,-515340.6440368518,300.2692676059077,1.0257208457646498,104
2395000,9680.000000137077,-514336.4507712666,299.80371346509986,1.0267644571748238,104
2400000,9700.000000141152,-514540.9130418021,298.2399787313982,1.030054595839021,104
2405000,9720.000000145226,-515574.04421244725,299.13988743629466,1.0263549239712026,104
2410000,9740.0000001493,-514259.28478119057,300.5833503451007,1.0253363174470411,104
2415000,9760.000000153375,-515709.14960047393,302.3966705654812,1.0293062262598092,104
2420000,9780.00000015745,-514294.21218067897,301.8394698381366,1.0230964575510346,104
2425000,9800.000000161524,-514151.13951543113,300.29074144436066,1.0312056335198305,104
2430000,9820.000000165599,-515168.4971939223,301.22308155238574,1.0290711073055498,104
2435000,9840.000000169674,-514597.2085409332,297.71467972646906,1.0248378295146072,104
2440000,9860.000000173748,-515100.527906199,303.03405509701355,1.0234254676285053,104
2445000,9880.000000177823,-514030.8660238299,300.67565110000896,1.024563504454706,104
2450000,9900.000000181897,-514532.69451623503,302.7173440554667,1.0292751891777494,104
2455000,9920.000000185972,-514844.14314406365,303.94318110928634,1.0271137954844831,104
2460000,9940.000000190046,-514428.2492679837,298.3236375556848,1.0305485629458748,104
2465000,9960.00000019412,-514453.3916759845,301.30979755856083,1.0268175052332023,104
2470000,9980.000000198195,-515374.4065606629,301.9946193272832,1.0279131271035964,104
2475000,10000.00000020227,-513502.7714191172,300.47150602573396,1.0246083601784375,104
2480000,10020.000000206344,-515336.10362919164,297.91048707844794,1.0305369046778179,104
2485000,10040.000000210419,-515132.3277735887,301.91908676129486,1.024319740275157,104
2490000,10060.000000214493,-513329.56650132546,301.3953937051348,1.0281897731259275,104
2495000,10080.000000218568,-515637.8863623643,301.6323868878381,1.0250974563933042,104
2500000,10100.000000222642,-515449.0526465953,300.7734699016921,1.0253563511642627,104
2505000,10120.000000226717,-515476.4462353303,301.22333535865283,1.0277171571001482,104
2510000,10140.000000230792,-515457.86757364706,298.13700851023117,1.0258629316798216,104
2515000,10160.000000234866,-514530.6324869725,297.90411630501325,1.0304456942697924,104
2520000,10180.00000023894,-514488.3125161221,299.2656270962314,1.0249421203607636,104
2525000,10200.000000243015,-514375.8763343147,298.39243972506426,1.0225990865751118,104
2530000,10220.00000024709,-513772.7560288524,301.09757157628655,1.0256389642101134,104
2535000,10240.000000251164,-514854.70079809753,301.8820174966485,1.024532368823887,104
2540000,10260.000000255239,-514892.6760430252,300.5383829997742,1.0258169182153614,104
2545000,10280.000000259313,-513899.71961246734,302.4329700644548,1.0301130532066851,104
2550000,10300.000000263388,-514804.37255693343,300.52168691045415,1.0258635174328603,104
2555000,10320.000000267462,-514203.5374012082,301.03926407654205,1.0249387126053486,104
2560000,10340.000000271537,-514345.60282029,300.47962929875854,1.0261837662716145,104
2565000,10360.000000275611,-514246.4532072835,301.3564701832488,1.0293130209987278,104
2570000,10380.000000279686,-513710.83832926047,301.1114439521425,1.0233883839030689,104
2575000,10400.00000028376,-514668.638159744,299.58290097271095,1.02347680566975,104
2580000,10420.000000287835,-514741.93103419687,300.68219864256923,1.0257923717388138,104
2585000,10440.00000029191,-516414.48615711695,300.52087969498075,1.0263864368768763,104
2590000,10460.000000295984,-514045.27653917973,300.1694124776528,1.0230483862389164,104
2595000,10480.000000300059,-514316.9236409017,302.0218199256275,1.0249105474642857,104
2600000,10500.000000304133,-514423.28132231813,300.6624782147408,1.0211701101568298,104
2605000,10520.000000308208,-515191.7072307826,301.04265156543096,1.0294735244415203,104
2610000,10540.000000312282,-514805.83097262005,301.2560727812631,1.025856581057633,104
2615000,10560.000000316357,-515999.9598215935,299.17494228209256,1.028051517609089,104
2620000,10580.000000320431,-514813.29559692787,301.7598866224505,1.0254275021576256,104
2625000,10600.000000324506,-515635.5582619752,300.80605129090026,1.026413522087384,104
2630000,10620.00000032858,-514904.9253071849,303.99359972259896,1.0269469102358648,104
2635000,10640.000000332655,-515609.4402988916,299.33172392092104,1.026698438818695,104
2640000,10660.00000033673,-514969.8720905753,300.4953075177622,1.0257134625448974,104
2645000,10680.000000340804,-515949.384199803,302.14157438072084,1.0296276481250395,104
2650000,10700.000000344879,-515200.1415350414,300.7403872686491,1.0271997887630313,104
2655000,10720.000000348953,-514705.0643154837,302.88984555483853,1.0264854646289243,104
2660000,10740.000000353028,-515631.19935103273,302.88503281486396,1.0272140209978793,104
2665000,10760.000000357102,-516370.8423236208,303.4998649703222,1.0259870185222604,104
2670000,10780.000000361177,-514744.5389231355,301.9942542815659,1.0265691566342776,104
2675000,10800.000000365251,-514884.01130515756,301.90363066431496,1.0289655419041845,104
2680000,10820.000000369326,-513788.2709553379,304.58479366155007,1.0213882014635993,104
2685000,10840.0000003734,-514519.18308428046,298.8225338016231,1.0262982966103156,104
2690000,10860.000000377475,-514477.79292266513,301.17896381065214,1.0278676787329635,104
2695000,10880.00000038155,-514709.09219168616,300.86429771017333,1.0281411538715708,104
2700000,10900.000000385624,-514575.22723345994,302.0391020034949,1.0256514849668823,104
2705000,10920.000000389698,-514406.3559315312,301.17671138526975,1.0290194268263753,104
2710000,10940.000000393773,-515015.6387455405,297.8053537047247,1.024802142004919,104
2715000,10960.000000397848,-515488.3007794216,302.55002061405025,1.0293064760730966,104
2720000,10980.000000401922,-514472.0595507822,300.3123184651869,1.021864377602576,104
2725000,11000.000000405997,-512951.9109501629,301.9067520380473,1.0283170332520373,104
2730000,11020.000000410071,-513961.6875776611,299.57231796761835,1.0270505722103922,104
2735000,11040.000000414146,-513539.8178528487,300.0479283168946,1.0207005884169629,104
2740000,11060.00000041822,-514257.8845527661,299.751544878461,1.026785752190545,104
2745000,11080.000000422295,-515355.1793499687,298.31777307373477,1.028950755730967,104
2750000,11100.00000042637,-514646.61832061247,302.97472843412123,1.0283358262541364,104
2755000,11120.000000430444,-514961.137555053,299.11060498612466,1.0246599019278457,104
2760000,11140.000000434518,-515005.11373663833,300.11975600269756,1.0246383405628392,104
2765000,11160.000000438593,-513595.1394620219,301.603909081277,1.02602899680759,104
2770000,11180.000000442667,-515696.97347514937,299.42929648054894,1.0295086698496208,104
2775000,11200.000000446742,-514828.4232963382,302.62568600326864,1.0261876254811204,104
2780000,11220.000000450817,-513549.21680118167,301.9771400375795,1.0218493040826504,104
2785000,11240.000000454891,-516621.7653963312,302.2666809803241,1.0308578168034148,104
2790000,11260.000000458966,-513881.6969726817,300.133004566188,1.0274878310907667,104
2795000,11280.00000046304,-514570.01603480754,297.9130987752829,1.028456219262867,104
2800000,11300.000000467115,-514939.31573630916,300.7002135683323,1.0266334888276984,104
2805000,11320.00000047119,-514914.3915378875,299.8252340694983,1.0265558246183328,104
2810000,11340.000000475264,-515698.21217328473,301.32021403190606,1.0285134165527101,104
2815000,11360.000000479338,-514782.13013802515,301.912281603972,1.026857096909171,104
2820000,11380.000000483413,-515190.56680270843,300.49932035736083,1.0280086130140758,104
2825000,11400.000000487487,-513749.74134500045,300.46863338685597,1.023649449879314,104
2830000,11420.000000491562,-515371.12472714856,301.0560696154456,1.0262639777146965,104
2835000,11440.000000495636,-514991.47232714714,302.06986507167187,1.0310433789384046,104
2840000,11460.000000499711,-514029.00317215617,303.07698569081543,1.0220429653489786,104
2845000,11480.000000503785,-514745.676527021,298.93660830468264,1.025613774374397,104
2850000,11500.00000050786,-515541.1953085528,302.4248610330506,1.02673060120668,104
2855000,11520.000000511935,-515291.8647665286,301.72920645531383,1.0277731080833523,104
2860000,11540.00000051601,-514360.9579167082,300.02541536319455,1.028750271448069,104
2865000,11560.000000520084,-514926.4205300303,300.4997738936429,1.024063840243043,104
2870000,11580.000000524158,-514369.9927445466,300.05492287423243,1.0262494325828733,104
2875000,11600.000000528233,-514754.69564542733,300.78894566906877,1.0287149900725203,104
2880000,11620.000000532307,-514500.06009177584,299.8787932868741,1.0226878258638519,104
2885000,11640.000000536382,-514305.7425924409,300.0379791990242,1.0268394856833345,104
2890000,11660.000000540456,-514426.3899402055,300.4457280118777,1.0255705528114372,104
2895000,11680.00000054453,-514936.5850574183,301.8304133727281,1.0259059617006934,104
2900000,11700.000000548605,-516119.8198980242,300.97113360152406,1.0286954205093128,104
2905000,11720.00000055268,-514717.18351958226,301.1323832285038,1.0266802492390545,104
2910000,11740.000000556754,-514720.62253895774,300.7365652453162,1.027624375634573,104
2915000,11760.000000560829,-515252.1821409762,304.65929275135875,1.0275097478566164,104
2920000,11780.000000564904,-514498.6846301374,298.3384564441001,1.0261443195932554,104
2925000,11800.000000568978,-515618.1705383307,300.96451780396336,1.0270315579285987,104
2930000,11820.000000573053,-513994.3964154376,299.79890273510347,1.027221878008028,104
2935000,11840.000000577127,-515262.6411685895,302.3929540625247,1.0285238351615704,104
2940000,11860.000000581202,-514436.81082207314,300.4583612762831,1.0271261202288449,104
2945000,11880.000000585276,-515927.87837796425,299.40821124536853,1.0242444599969627,104
2950000,11900.00000058935,-514003.6601729733,302.70117476291153,1.02470920963267,104
2955000,11920.000000593425,-515515.5744773436,300.3626109478763,1.0304177346544288,104
2960000,11940.0000005975,-514386.2587034579,301.861513829179,1.0277668356236571,104
2965000,11960.000000601574,-514606.5653457015,298.96841763737007,1.026638999264255,104
2970000,11980.000000605649,-514922.0135346486,300.8877852057922,1.026472451612102,104
2975000,12000.000000609723,-514023.13232012885,301.78238187012516,1.0211178205562803,104
2980000,12020.000000613798,-514091.67657776247,301.0515479136846,1.0239038226548058,104
2985000,12040.000000617873,-514808.7103752196,302.176454842527,1.0276784050597636,104
2990000,12060.000000621947,-515163.6578730121,298.4603318640657,1.0237567326402646,104
2995000,12080.000000626022,-514620.77735574497,300.80359455100665,1.0284871032876595,104
3000000,12100.000000630096,-515151.24561820715,300.87378892833107,1.030854874077314,104
3005000,12120.00000063417,-515364.2436161868,302.7004551712759,1.02836560330917,104
3010000,12140.000000638245,-514232.49678028096,300.3291770298398,1.025604624665471,104
3015000,12160.00000064232,-516218.64281940483,298.1236016947524,1.0267653331823323,104
3020000,12180.000000646394,-513656.3610646839,300.4504902279025,1.0256942719213071,104
3025000,12200.000000650469,-515148.9911665479,301.29680188257385,1.0243782460628474,104
3030000,12220.000000654543,-514434.60691347206,299.6338430981055,1.0257999032049654,104
3035000,12240.000000658618,-514221.8769179627,300.6973548419453,1.0259837275673014,104
3040000,12260.000000662692,-513967.9153427165,302.8152145601948,1.0254294509949962,104
3045000,12280.000000666767,-513417.2991096049,300.6792244241394,1.023228842626232,104
3050000,12300.000000670841,-515265.0019029516,298.4894158674157,1.021423957983078,104
3055000,12320.000000674916,-514202.07096822746,300.7331111158344,1.021043365891999,104
3060000,12340.00000067899,-514968.04388837726,303.97548343349007,1.0278132509306819,104
3065000,12360.000000683065,-514970.688252622,301.64150119423226,1.0261731819294284,104
3070000,12380.00000068714,-514948.3486453921,300.9570278216185,1.0243249364288782,104
3075000,12400.000000691214,-515166.44413659023,301.39949045974663,1.023616171282583,104
3080000,12420.000000695289,-513610.7971714444,302.6266647086566,1.025736779659947,104
3085000,12440.000000699363,-513603.9438568854,300.6289231136093,1.0268659115489427,104
3090000,12460.000000703438,-513792.2585400087,302.70376866551607,1.0214339717938434,104
3095000,12480.000000707512,-514668.67480607936,298.98923089577187,1.028029873422654,103
3100000,12500.000000711587,-515573.60256871185,298.82654219897586,1.0257161785699644,103
3105000,12520.000000715661,-516805.89283803734,299.85421367044876,1.0245433224291103,103
3110000,12540.000000719736,-515641.73809915246,302.4231970472696,1.0260949615241235,103
3115000,12560.00000072381,-515276.4361310769,302.3594041882367,1.0273595666185553,103
3120000,12580.000000727885,-514185.3707494058,302.23599194373406,1.0212114842347344,103
3125000,12600.00000073196,-514967.4654094076,303.5916247931833,1.0258822666365948,103
3130000,12620.000000736034,-513589.01471879124,299.11688128166253,1.022532785650363,103
3135000,12640.000000740109,-514956.6412750685,304.18856918795194,1.0262555239184652,103
3140000,12660.000000744183,-514600.84724357,300.66914386525525,1.0243984033958797,103
3145000,12680.000000748258,-513735.9040081687,299.7364399352419,1.0254790025713099,103
3150000,12700.000000752332,-514620.82023706846,300.08009976657405,1.0275373707016362,103
3155000,12720.000000756407,-514646.3883874791,300.46639541760135,1.0261802693695607,103
3160000,12740.000000760481,-514491.08058957243,301.7647407713906,1.027376370196446,103
3130000,12620.000000736034,-514953.1547444791,300.7587204664152,1.0260837777531633,--
3135000,12640.000000740109,-513989.3736269388,299.30076810538674,1.0265703176596546,87
3140000,12660.000000744183,-515542.91249727225,298.62562969611406,1.0291798789165019,86.8
3145000,12680.000000748258,-515581.35632910463,300.2440343844967,1.0286475851822798,86.6
3150000,12700.000000752332,-514524.7307859473,300.74997154944714,1.0282436723902455,86.5
3155000,12720.000000756407,-513040.5929375291,302.98257178102887,1.0229914757289211,86.5
3160000,12740.000000760481,-514252.01920213643,302.563981319773,1.0289986597480716,86.5
3165000,12760.000000764556,-514787.8734394256,301.7448324792458,1.0277970031871473,86.5
3170000,12780.00000076863,-513351.3016043175,301.58627127998426,1.023397142856847,86.5
3175000,12800.000000772705,-515225.7806051965,299.65123448885066,1.0256838173859246,86.6
3180000,12820.00000077678,-514699.0690721618,300.4654958371423,1.0258944754841086,86.6
3185000,12840.000000780854,-514100.9658020828,300.7545864506597,1.0252490041232072,86.6
3190000,12860.000000784928,-514510.8103749389,301.4885124181929,1.0288468668963577,86.6
3195000,12880.000000789003,-514663.0162231568,300.1923769210436,1.028073526664984,86.6
3200000,12900.000000793078,-513330.78300006804,298.72890714161804,1.0240101792694962,86.6
3205000,12920.000000797152,-515060.64868513774,302.05512083955324,1.0259104313394554,86.7
3210000,12940.000000801227,-514697.49901759136,302.021360505264,1.0251164701064588,86.7
3215000,12960.000000805301,-514483.2297778055,302.55793794883556,1.0239612454345988,86.8
3220000,12980.000000809376,-515085.1663317748,301.8824245317669,1.0249925665336939,86.8
3225000,13000.00000081345,-513664.3633257726,303.479166343939,1.026061287084651,86.8
3230000,13020.000000817525,-514873.2495217491,301.8499493915761,1.0257365997513141,87.5
3235000,13040.0000008216,-514329.06489270413,299.626419403674,1.0209212540678132,88.3
3240000,13060.000000825674,-513833.29350976273,302.3601986009905,1.02266601027401,88.9
3245000,13080.000000829748,-515398.9702335219,300.49652473645733,1.0254802093242497,89.6
3250000,13100.000000833823,-515102.34469704656,300.97022049549156,1.025595264966318,90.1
3255000,13120.000000837897,-514213.9784584234,299.7955520371383,1.0281758230579767,90.7
3260000,13140.000000841972,-514755.1785985397,297.78065870178085,1.0304343965372693,91.1
3265000,13160.000000846047,-514696.6322420328,302.41982791791264,1.0283295914675472,91.6
3270000,13180.000000850121,-514584.68254657625,300.1018162823083,1.025329553079573,92
3275000,13200.000000854196,-514165.5127775022,302.92581211183114,1.0261306584113428,92.4
3280000,13220.00000085827,-514727.40594054526,301.4212663849339,1.0290360241157475,92.8
3285000,13240.000000862345,-514213.902321324,297.5443116293938,1.0196228058412606,93.1
3290000,13260.00000086642,-515455.0705499507,299.98626366306326,1.0240823930785157,93.5
3295000,13280.000000870494,-514797.3413646987,299.31497605324853,1.0251054444594614,93.8
3300000,13300.000000874568,-514785.2357324851,300.41198052144415,1.0262607980469525,94.1
3305000,13320.000000878643,-515899.57308280794,300.19588859026544,1.0248284610726246,94.4
3310000,13340.000000882717,-515400.4289456133,301.6529773178534,1.0278191736166744,94.6
3315000,13360.000000886792,-514028.0628986934,300.269265278698,1.026012345080384,94.9
3320000,13380.000000890866,-514706.1758728747,304.5475986966023,1.0260014723449642,95.1
3325000,13400.000000894941,-515562.45878400374,302.35208494237617,1.0288574590437711,95.4
3330000,13420.000000899016,-515156.1497541219,300.35970942658327,1.0258539331009753,95.6
3335000,13440.00000090309,-514597.5776560642,298.6120435466991,1.0259312894348065,95.7
3340000,13460.000000907165,-514616.7494991063,302.8693055158383,1.0242081661177658,95.9
3345000,13480.00000091124,-513958.16684830724,299.09219544546795,1.0287875145637182,96.1
3350000,13500.000000915314,-516069.9772122111,300.2317727742627,1.028493421122445,96.3
3355000,13520.000000919388,-513995.6569009337,303.27314620758375,1.0243808757484407,96.5
3360000,13540.000000923463,-514200.34533931175,301.28083624559787,1.020518648490459,96.7
3365000,13560.000000927537,-514622.49426894495,300.4658952437479,1.028216627287674,96.8
3370000,13580.000000931612,-514178.07793850894,302.5077520511837,1.0276726332799786,97
3375000,13600.000000935686,-515277.7462092545,302.80261625977454,1.0236801216179925,97.1
3380000,13620.00000093976,-513197.66975553986,298.9795826233932,1.0230576939524754,97.3
3385000,13640.000000943835,-514585.64262718055,300.78679169420207,1.0239692812827799,97.4
3390000,13660.00000094791,-514537.10839063604,298.34253679866686,1.030021721086167,97.6
3395000,13680.000000951984,-514924.1124121088,303.6735121580017,1.0262418041771362,97.7
3400000,13700.000000956059,-515056.1031034256,302.914886344587,1.0274714130531117,97.8
3405000,13720.000000960134,-515290.21455245186,303.7855362361784,1.0236629746674657,97.9
3410000,13740.000000964208,-516203.3580469724,299.97678867227813,1.0296053701581531,98
3415000,13760.000000968283,-515182.9919853164,301.26367998652074,1.0287714086570408,98.1
3420000,13780.000000972357,-514726.4255211493,299.83871940964883,1.02932149212995,98.3
3425000,13800.000000976432,-514653.2536153281,300.7228675171526,1.0260844005971703,98.4
3430000,13820.000000980506,-514812.5889755648,301.36615513754964,1.031768319227881,98.5
3435000,13840.00000098458,-514709.78589005326,301.8288690912476,1.0283510685967994,98.5
3440000,13860.000000988655,-514330.8890863075,302.70707358749763,1.0293239787376551,98.6
3445000,13880.00000099273,-514242.83219977305,300.4680138285248,1.0257567443528322,98.7
3450000,13900.000000996804,-515056.6368315588,301.11251106224546,1.0313486424190208,98.8
3455000,13920.000001000879,-514218.07603224367,301.95658484265414,1.0289453404596351,98.9
3460000,13940.000001004953,-514471.9990776428,302.2995511079616,1.0316446994978625,98.9
3465000,13960.000001009028,-514125.8202029974,301.215951791227,1.0269812697368301,99
3470000,13980.000001013103,-514830.62262757914,302.63812711873464,1.0274530810883666,99.1
3475000,14000.000001017177,-515115.97062625014,301.81511118748375,1.0262006593792898,99.2
3480000,14020.000001021252,-514903.2708213227,302.7832821848735,1.0247733372183165,99.2
3485000,14040.000001025326,-515836.82238332205,300.1880424217011,1.0278943546516721,99.3
3490000,14060.0000010294,-515191.3686386084,300.9754304391427,1.0248626767171616,99.4
3495000,14080.000001033475,-514830.878026434,300.4362176405414,1.0288989777398063,99.4
3500000,14100.00000103755,-514775.383541615,299.79573104931535,1.0276355142194933,99.5
3505000,14120.000001041624,-513230.14487357927,300.6943862128754,1.0247464345537396,99.5
3510000,14140.000001045699,-514577.3562861271,298.0301808980682,1.025527441446525,99.6
3515000,14160.000001049773,-514540.81997809815,301.4030644862726,1.0251749874721945,99.7
3520000,14180.000001053848,-513333.4911605667,303.42713157274136,1.0274193522069783,99.7
3525000,14200.000001057922,-515621.32606614614,297.73236892855334,1.027675378653688,99.8
3530000,14220.000001061997,-514537.2331916429,300.2920634484998,1.0210120874994042,99.8
3535000,14240.000001066071,-514244.8430018411,302.62098911729925,1.0259867584578086,99.9
3540000,14260.000001070146,-514112.6906381927,301.8599325061239,1.0230126827330326,100
3545000,14280.00000107422,-513696.077077443,303.1947840579214,1.0309305980206718,100
3550000,14300.000001078295,-513850.06834697025,300.82254514261984,1.0219845809551646,100
3555000,14320.00000108237,-516816.7914740434,300.0203363692477,1.0298323563456036,100
3560000,14340.000001086444,-513127.34486796474,298.4946137498119,1.0254136640341118,100
3565000,14360.000001090519,-514590.71544480347,300.32651109427957,1.0282419476874853,100
3570000,14380.000001094593,-514552.0300683889,302.9492799033212,1.0239966563851257,100
3575000,14400.000001098668,-515123.71368824365,301.1287424913582,1.028828453175403,100
3580000,14420.000001102742,-513726.24889745726,302.3672868034241,1.0265218708235335,100
3585000,14440.000001106817,-514751.25939283194,301.01575450696544,1.0257763625574199,100
3590000,14460.000001110891,-514593.41661786777,299.6549059898109,1.0245671819387518,100
3595000,14480.000001114966,-513940.95377261704,301.77285510324486,1.025523084645969,100
3600000,14500.00000111904,-514751.7957454007,299.6803098665728,1.0261073781070704,101
3605000,14520.000001123115,-513057.006633925,300.56886611834415,1.0272329793328796,101
3610000,14540.00000112719,-513880.6828545355,300.93733370946654,1.0261941920894566,101
3615000,14560.000001131264,-513379.95418520086,301.6125111497673,1.0221453861942207,101
3620000,14580.000001135339,-515698.2917735507,301.4588139025144,1.0297180765852911,101
3625000,14600.000001139413,-516154.4262679985,299.0605925209869,1.0273115968493274,101
3630000,14620.000001143488,-515450.07359269913,303.61633044765205,1.0251203903684403,101
3635000,14640.000001147562,-514273.77963977284,298.54999603718016,1.026252801497268,101
3640000,14660.000001151637,-514697.9491864429,299.47770930553514,1.0285657289339203,101
3645000,14680.000001155711,-514965.312985105,300.5555086754647,1.0301877604330878,101
3650000,14700.000001159786,-514344.7651788916,302.80541400671837,1.0241472691283495,101
3655000,14720.00000116386,-514918.2500926638,302.82304359917157,1.0268181667927645,101
3660000,14740.000001167935,-514338.38892254746,301.95916964880337,1.026247147249102,101
3665000,14760.00000117201,-513757.9208863564,302.6659062927499,1.025233079470909,101
3670000,14780.000001176084,-514549.42204445554,300.9112157124053,1.0304267105247331,101
3675000,14800.000001180159,-514598.8572911194,301.76101387864566,1.0262260500259115,101
3680000,14820.000001184233,-514029.3080270849,298.5779678746632,1.028363547378343,101
3685000,14840.000001188308,-513278.737982593,302.18531256197355,1.0241777717180656,101
3690000,14860.000001192382,-514237.7662520127,299.02970450484605,1.026794946643948,101
3695000,14880.000001196457,-513643.42662914004,298.6229424209557,1.0253905265677106,101
3700000,14900.000001200531,-513704.8665390841,301.28679212592135,1.0255608701408774,101
3705000,14920.000001204606,-513814.3339361388,301.3637438449162,1.026358044268628,101
3710000,14940.00000120868,-515146.0025487903,299.7804028107893,1.0288716801690336,101
3715000,14960.000001212755,-514559.4351842832,302.8021497798353,1.0250669554741234,101
3720000,14980.00000121683,-514293.98814047524,302.0285703013863,1.0263297968996312,101
3725000,15000.000001220904,-513328.7053487189,300.28701374536985,1.0238151137133449,101
3730000,15020.000001224978,-514727.15150608146,301.0548871762615,1.0266922876767373,101
3735000,15040.000001229053,-514500.19534818525,301.54582383236493,1.0264286115681722,101
3740000,15060.000001233127,-515470.1930964927,300.54268735538403,1.0282552600449257,101
3745000,15080.000001237202,-514957.63938578544,301.26408937309117,1.0261103778270841,101
3750000,15100.000001241277,-515894.94626480155,302.0497849759398,1.029122907356804,101
3755000,15120.000001245351,-514251.7960964856,304.0101788129862,1.0209064165172126,101
3760000,15140.000001249426,-513808.2796701167,299.5305668482283,1.0204229579752573,101
3765000,15160.0000012535,-515830.9034174585,298.6296372076217,1.0280580760632105,101
3770000,15180.000001257575,-514958.9026474585,299.66956716989927,1.021486183872283,101
3775000,15200.00000126165,-515532.33090826124,300.2922240190194,1.0314384833201542,101
3780000,15220.000001265724,-514287.3506229473,303.4432013554236,1.024683742459463,101
3785000,15240.000001269798,-515276.53983644396,301.1208478101699,1.0264025053857464,101
3790000,15260.000001273873,-514944.19833775447,300.27818046786786,1.0315981943481611,101
3795000,15280.000001277947,-515105.59992098203,299.4430817481847,1.024310092391166,101
3800000,15300.000001282022,-513697.73062388063,299.6735212354075,1.0264292677400293,101
3805000,15320.000001286096,-513947.19642605307,297.2521893921448,1.0295952942045754,101
3810000,15340.000001290171,-514801.02265853574,302.4153105696151,1.0285908842972593,101
3815000,15360.000001294246,-513856.8232208751,300.00356251797893,1.0237627009383243,101
3820000,15380.00000129832,-513924.67457859195,302.07241175644134,1.0238803483324672,101
3825000,15400.000001302395,-514346.77204917604,301.7378949153029,1.0250078022401985,101
3830000,15420.00000130647,-514703.0081291229,302.15880132438497,1.0271046327435902,101
3835000,15440.000001310544,-515173.7341387365,301.18129024375077,1.0303346110947609,101
3840000,15460.000001314618,-514267.1829005957,302.28649916896006,1.0273892104189,101
3845000,15480.000001318693,-515240.53065162525,301.1745226097096,1.0280471365969448,101
3850000,15500.000001322767,-515044.16651521274,302.3597480482177,1.0277843176544412,101
3855000,15520.000001326842,-515548.06990146684,303.3032156662212,1.027058041685088,101
3860000,15540.000001330916,-513311.50276110275,299.88398051156753,1.0242353120129166,102
3865000,15560.00000133499,-514931.17231094884,301.40319620155947,1.0268794631868539,102
3870000,15580.000001339065,-512585.0520313224,303.9009748413501,1.0168274620839728,102
3875000,15600.00000134314,-514936.89611142804,299.4848656198051,1.0284740626558562,102
3880000,15620.000001347214,-514394.77731774095,300.6878425925692,1.0281154185900492,102
3885000,15640.000001351289,-513894.68867090275,301.58882216087017,1.0220299112203461,102
3890000,15660.000001355364,-514061.50944415503,302.2049376506826,1.0233022751094085,102
3895000,15680.000001359438,-514925.00844854093,302.50849921205514,1.0282647214857328,102
3900000,15700.000001363513,-513718.78716249694,300.9087873089371,1.020024551714141,102
3905000,15720.000001367587,-514715.57544941665,301.59304638194004,1.023734904143277,102
3910000,15740.000001371662,-515443.4117943903,300.75023555364123,1.0251042461715576,102
3915000,15760.000001375736,-514738.2120433282,302.2926915793262,1.0245338982337218,102
3920000,15780.00000137981,-515085.02846632455,298.267070632138,1.0269550977521333,102
3925000,15800.000001383885,-514546.31396867475,301.0101453073385,1.0239729501216206,102
3930000,15820.00000138796,-515319.52624146896,300.2364585891609,1.02475794500758,102
3935000,15840.000001392034,-513789.8626961042,302.5034759121636,1.0263445526411896,102
3940000,15860.000001396109,-513809.89000819717,299.599331599154,1.0253318017446924,102
3945000,15880.000001400183,-514236.8409237594,302.5640488995222,1.0270947089258744,102
3950000,15900.000001404258,-515249.07525454136,301.3926765216427,1.0288655708981673,102
3955000,15920.000001408333,-513725.3222726437,298.02147975041316,1.0260037435982108,102
3960000,15940.000001412407,-514952.2077362479,300.74616404493497,1.0238256963081522,102
3965000,15960.000001416482,-513922.8554279865,301.9960426893922,1.0244026069469383,102
3970000,15980.000001420556,-515438.8313708205,299.9861822368136,1.0254607923641066,102
3975000,16000.00000142463,-513512.67507034447,301.00112369955554,1.0252184713226746,102
3980000,16020.000001428705,-516466.21720149415,301.9278023018225,1.0283011195481835,102
3985000,16040.00000143278,-512597.5165427509,298.6166155240133,1.0239705375828738,102
3990000,16060.000001436854,-514155.4210027773,300.28170114662043,1.0240236766614457,102
3995000,16080.000001440929,-514588.87875950267,300.27073937162334,1.0260856946891024,102
4000000,16100.000001445003,-514519.5541093629,300.1800966953906,1.030540290281546,102
4005000,16120.000001449078,-514587.6690147198,300.91752816029253,1.0246676472495189,102
4010000,16140.000001453152,-514605.5699555648,305.0546701160908,1.0264252954324544,102
4015000,16160.000001457227,-514714.9235585255,301.2552823383775,1.0272135852173097,102
4020000,16180.000001461302,-514650.9351687585,301.28491150263443,1.0255717089915353,102
4025000,16200.000001465376,-514746.0057109627,299.18968587384626,1.0257947314726135,102
4030000,16220.00000146945,-514517.1183989772,301.0187782698158,1.0239236646689065,102
4035000,16240.000001473525,-515444.3373658357,300.8589766555347,1.030545396920679,102
4040000,16260.0000014776,-513413.9945943323,299.81241925082304,1.0250269076106677,102
4045000,16280.000001481674,-514221.89703732706,302.7788461526704,1.0253596809243546,102
4050000,16300.000001485749,-515041.5955508989,298.0246045116212,1.0260100286682265,102
4055000,16320.000001489823,-515198.2209587472,300.0737650081326,1.0282981292960187,102
4060000,16340.000001493898,-514812.00702708843,300.14515574266056,1.0196384730965042,102
4065000,16360.000001497972,-513023.0832272172,300.92806694412167,1.024813279974041,102
4070000,16380.000001502047,-514713.32081697346,300.31946266093445,1.025618348822093,102
4075000,16400.00000150612,-515201.2087087671,304.13448432355847,1.0263557346196146,102
4080000,16420.000001510194,-514368.85137587925,299.20680083460456,1.02490633633734,102
4085000,16440.00000151427,-514834.7226932491,301.95252539946443,1.02692808246262,102
4090000,16460.000001518343,-514198.4037844264,299.6021356455797,1.023016024201832,102
4095000,16480.000001522418,-514246.7694364616,302.7607453169666,1.0243331139414735,102
4100000,16500.000001526492,-515850.5787247142,301.9217773087535,1.0213812586244515,102
4105000,16520.000001530567,-514464.38484517904,300.14258917674584,1.027414676890005,102
4110000,16540.00000153464,-514015.55734647345,299.9484464287508,1.022698656470745,102
4115000,16560.000001538716,-514720.97150425543,299.37433771669697,1.0251862714023585,102
4120000,16580.00000154279,-514747.60405141674,300.5236621104718,1.0261031678394328,102
4125000,16600.000001546865,-515604.22507886123,301.5779835566241,1.0296073259739567,102
4130000,16620.00000155094,-514304.06980602164,301.36506504592717,1.0214362816049838,102
4135000,16640.000001555014,-514103.2573174664,300.6732269954939,1.02480232841306,102
4140000,16660.00000155909,-514704.1468986883,301.2630480009825,1.0294569664621753,102
4145000,16680.000001563163,-515058.25329040457,299.6795782264887,1.0262505436429796,102
4150000,16700.000001567238,-514301.34613673366,300.5659048979423,1.0236053542355823,102
4155000,16720.000001571312,-514743.5115843641,303.4279017284806,1.0266307396630292,102
4160000,16740.000001575387,-514215.08717765706,299.9486461552838,1.02604001879571,102
4165000,16760.00000157946,-515086.63396561425,302.39564127130444,1.0248975194953212,102
4170000,16780.000001583536,-514687.5587548886,301.01790261157083,1.0288748619943515,102
4175000,16800.00000158761,-514011.3904716298,300.946383787578,1.0247310259556488,102
4180000,16820.000001591685,-514300.0890130927,302.1849128090489,1.0216649249406842,102
4185000,16840.00000159576,-514116.26594101544,301.24948226497173,1.0244453599829026,102
4190000,16860.000001599834,-514893.9448601336,301.321406381023,1.0231372177937992,102
4195000,16880.00000160391,-514354.2990646376,300.94727706204,1.0285725469484714,102
4200000,16900.000001607983,-514404.9942989354,301.8128805572008,1.023200462119778,102
4205000,16920.000001612058,-515203.4168094201,300.2279874369071,1.0260058496993467,102
4210000,16940.000001616132,-513640.41537086223,300.0899288680385,1.0291385039806966,102
4215000,16960.000001620207,-514523.6985227824,298.93974452414426,1.0246840314025984,102
4220000,16980.00000162428,-514459.7342496237,301.30118891417993,1.0258825473687592,102
4225000,17000.000001628356,-515438.90551070776,302.2356072799172,1.0290956650177312,102
4230000,17020.00000163243,-516583.9382976629,301.8232808126166,1.027374911172854,102
4235000,17040.000001636505,-513049.30777432304,300.9438436912841,1.0242713056679504,102
4240000,17060.00000164058,-515205.39261625125,300.0225281791303,1.02628147607259,102
4245000,17080.000001644654,-513312.31031033443,301.402427038288,1.023373877644251,102
4250000,17100.00000164873,-514405.3321101412,301.288893782246,1.028137139354313,102
4255000,17120.000001652803,-514927.2065702288,301.5201280972938,1.0313583027837658,102
4260000,17140.000001656877,-514900.3226530205,302.65223471703797,1.0266478552877343,102
4265000,17160.000001660952,-514378.3390143018,304.5340902187378,1.0242206628427604,102
4270000,17180.000001665027,-514079.2200652552,301.4698508696703,1.0231129434795956,102
4275000,17200.0000016691,-515498.5153994539,301.99898571950337,1.0247042711905934,102
4280000,17220.000001673176,-513970.61476870487,300.9622100671584,1.0316662486227464,102
4285000,17240.00000167725,-513920.9345607902,299.40951336433517,1.024873358402059,102
4290000,17260.000001681325,-514436.07935287687,297.88929227594446,1.0312166124470987,102
4295000,17280.0000016854,-515822.1391610338,300.79119823446223,1.0333828961450464,102
4300000,17300.000001689474,-515147.8807456854,302.18471554585716,1.0258349381414755,102
4305000,17320.00000169355,-514225.27794532245,304.465344049267,1.0281521604711241,102
4310000,17340.000001697623,-514381.57373947254,302.0961949102779,1.0301597064470724,102
4315000,17360.000001701697,-514778.08599215513,299.56621745784906,1.0248808599977126,102
4320000,17380.000001705772,-514446.5501808659,300.41514090187314,1.0263110147799108,102
4325000,17400.000001709846,-515151.4154247001,302.85260665509446,1.0293833461438517,102
4330000,17420.00000171392,-514201.92493645847,300.38239951073496,1.0239603300639222,102
4335000,17440.000001717995,-514561.3710826852,301.82913031538664,1.0256631292227159,102
4340000,17460.00000172207,-513799.0553173828,299.1823986785136,1.0275278343331016,102
4345000,17480.000001726145,-515142.1747872371,299.77496788590133,1.022487876980712,102
4350000,17500.00000173022,-513028.31941399956,300.8654931635537,1.02674236175605,102
4355000,17520.000001734294,-514735.5004862901,300.9187973459644,1.0309774074493308,102
4360000,17540.000001738368,-513533.88553807745,301.16888537139346,1.0251659977805363,102
4365000,17560.000001742443,-513575.35607140674,301.51763119313307,1.0248729071273048,102
4370000,17580.000001746517,-515128.38632572885,300.89680181581843,1.027532861615759,102
4375000,17600.00000175059,-515439.71197487344,300.9084691462395,1.0281032869883242,102
4380000,17620.000001754666,-514705.6125316755,301.47385565677735,1.0276768431893286,102
4385000,17640.00000175874,-514981.5180892907,300.3113912012308,1.0257283341993166,102
4390000,17660.000001762815,-516543.56946178456,300.69107130758374,1.02922327402763,102
4395000,17680.00000176689,-514106.3382804061,298.0131766989257,1.0269458420964432,102
4400000,17700.000001770964,-514206.2122576963,301.70978900996516,1.023822604058781,102
4405000,17720.00000177504,-513755.3477701575,302.48782919821497,1.0271541394407961,102
4410000,17740.000001779114,-514868.2754994435,299.3048682449095,1.0320878539651444,102
4415000,17760.000001783188,-514500.3063828978,298.70142879628344,1.02657658508041,102
4420000,17780.000001787263,-515084.72043921263,301.41610476466815,1.0248522180536546,102
4425000,17800.000001791337,-514636.82621368766,299.88175000142564,1.0259344103062615,102
4430000,17820.00000179541,-514501.82076934515,302.74751607002526,1.0252659474043078,102
4435000,17840.000001799486,-515432.1724143117,299.84550549289935,1.0232125144289508,102
4440000,17860.00000180356,-513538.01161831873,301.2238180455661,1.0244071367420482,102
4445000,17880.000001807635,-514889.75737976236,299.9560138783552,1.025149343820514,102
4450000,17900.00000181171,-515002.75154660386,301.6420921177357,1.0254240253765274,102
4455000,17920.000001815784,-514520.0392485969,301.0375408701883,1.0289760325902924,102
4460000,17940.00000181986,-515201.57386178663,300.9395292473589,1.0284682592370173,102
4465000,17960.000001823933,-513889.96739370516,298.7230872553296,1.0254288281660753,102
4470000,17980.000001828008,-514144.17475442355,300.2689884921606,1.028794511259005,102
4475000,18000.000001832082,-514820.11468879296,301.05937086910507,1.0283000414145784,102
4480000,18020.000001836157,-515375.8125914803,300.2382362334307,1.0287957856112189,102
4485000,18040.00000184023,-515031.9143835134,301.3015929397564,1.023721866176252,102
4490000,18060.000001844306,-514396.65717007685,299.66805888075913,1.0283626167729973,102
4495000,18080.00000184838,-514004.0653212883,300.72098402114074,1.0284174126605845,102
4500000,18100.000001852455,-514251.34739505243,302.32945938522624,1.0274476136371704,102
4505000,18120.00000185653,-513917.7537872717,298.43607110798706,1.0299706490803575,102
4510000,18140.000001860604,-514526.9038525333,302.4290827624281,1.0249767612632164,102
4515000,18160.00000186468,-514483.63022018806,301.055743499577,1.026495432630439,102
4520000,18180.000001868753,-514474.4120379046,300.8803770407343,1.0256768257254567,102
4525000,18200.000001872828,-513873.9954523486,302.6333280819617,1.0251845134748865,102
4530000,18220.000001876902,-513984.3058006121,301.6343592731276,1.0294692931792497,102
4535000,18240.000001880977,-514283.6377828249,300.79960404431046,1.0270627702716715,102
4540000,18260.00000188505,-514822.22588003404,300.1348054127258,1.0298963136643702,102
4545000,18280.000001889126,-514980.3148229725,302.0441537812363,1.028470749654506,102
4550000,18300.0000018932,-515457.39525608113,302.5273362181559,1.0285446481034453,102
4555000,18320.000001897275,-514832.41247914475,302.09632259811514,1.0281396832124579,102
4560000,18340.00000190135,-517667.94390349113,299.28011284472115,1.02631790695699,102
4565000,18360.000001905424,-515883.8225452844,301.09816013073544,1.0261207871258065,102
4570000,18380.0000019095,-513126.39806694584,301.55855899669723,1.022539775697827,102
4575000,18400.000001913573,-515478.91329149343,300.39799024863385,1.0277732524496506,102
4580000,18420.000001917648,-514978.63772674184,302.99073166179375,1.0243932230861026,102
4585000,18440.000001921722,-512877.8012006995,301.5925351217968,1.021250504130117,102
4590000,18460.000001925797,-514459.9363069867,299.39356272692186,1.0232676896951036,102
4595000,18480.00000192987,-514587.1264324987,301.4482066384998,1.025360072505068,102
4600000,18500.000001933946,-514138.4040475767,303.4657107703037,1.0298638047074105,102
4605000,18520.00000193802,-515453.74675823515,300.9212757846274,1.0260392718808953,102
4610000,18540.000001942095,-514858.08076045755,302.04288236313795,1.0275299414704924,102
4615000,18560.00000194617,-513970.92757989,301.11218488489396,1.0247564814331627,102
4620000,18580.000001950244,-514724.5941635268,299.8500938094229,1.0254327143824526,102
4625000,18600.00000195432,-513851.00060098944,304.32456884542097,1.0275363484300508,102
4630000,18620.000001958393,-514965.08021766297,300.7535633894809,1.031767486534492,102
4635000,18640.000001962468,-515761.42632107297,301.51754312924766,1.0287113138940378,102
4640000,18660.000001966542,-514076.7254139646,301.16212468983855,1.023085949367679,102
4645000,18680.000001970617,-514679.22756774817,300.9025966479529,1.0311708397965422,102
4650000,18700.00000197469,-515251.85857226,300.68517610642664,1.0282121111589533,102
4655000,18720.000001978766,-515603.3175463597,298.8255967075672,1.0247960822557385,102
4660000,18740.00000198284,-514736.3981930679,302.5062892861834,1.0250475824430687,102
4665000,18760.000001986915,-515372.7129353727,301.03789764566284,1.030688484619729,102
4670000,18780.00000199099,-514308.79300558614,300.7070310875919,1.0246939171056444,102
4675000,18800.000001995064,-514200.52693401766,301.3290206836437,1.0247924702505053,102
4680000,18820.00000199914,-515905.02514843503,301.70839289821686,1.0195689144925932,102
4685000,18840.000002003213,-514019.3253692717,302.50928268422956,1.0272020275378393,102
4690000,18860.000002007288,-514444.18219317007,300.4373661350922,1.0282954552582402,102
4695000,18880.000002011362,-515298.6891177816,304.1530158508703,1.0277497173783172,102
4700000,18900.000002015437,-515140.94785146066,302.4377571428935,1.0291914085204075,102
4705000,18920.00000201951,-515131.0826232082,300.77805236863605,1.0299088433689962,102
4710000,18940.000002023586,-515265.60503003513,303.5442892541653,1.0298288116793066,102
4715000,18960.00000202766,-513363.65163372876,298.73229119293484,1.0227060576994038,102
4690000,18860.000002007288,-514526.573492585,301.48600771492517,1.0250378027081655,--
4695000,18880.000002011362,-515161.4371127703,303.5973908061235,1.0260057726306087,108
4700000,18900.000002015437,-515677.11819343106,303.1060666311004,1.0250056776067036,107
4705000,18920.00000201951,-513911.3413398175,300.76395806435124,1.0263700444885797,107
4710000,18940.000002023586,-514343.4122141111,301.3623080365684,1.02674118885706,107
4715000,18960.00000202766,-514657.3999084991,304.199345996293,1.0259763464906184,107
4720000,18980.000002031735,-513906.54118928034,302.0635287589065,1.0246341387195743,107
4725000,19000.00000203581,-513242.4825967101,299.6719076799872,1.0227565937619394,106
4730000,19020.000002039884,-514131.406613535,298.677782412123,1.0213078592375162,106
4735000,19040.00000204396,-514442.94785367534,302.0396553040564,1.0281325815741622,106
4740000,19060.000002048033,-514524.9256092482,300.75480741351527,1.0290931272426715,106
4745000,19080.000002052107,-514263.57439957117,298.0836191680459,1.0250378279450223,106
4750000,19100.000002056182,-514292.69895731495,301.7497443068547,1.0223711952934933,106
4755000,19120.000002060257,-514499.33623995516,302.06073273137565,1.0273354159761203,106
4760000,19140.00000206433,-514188.6705353558,299.92390076132926,1.0269818149331347,106
4765000,19160.000002068406,-513935.35163578857,301.36634721789443,1.0225857463498729,106
4770000,19180.00000207248,-514346.8301389825,299.6533994189047,1.0263269197938594,106
4775000,19200.000002076555,-514920.80797336367,300.86968097636094,1.0246548036923604,106
4780000,19220.00000208063,-514092.2628662274,301.5316790636711,1.0278354702547958,106
4785000,19240.000002084704,-514583.94694277993,300.5272471973454,1.0272070435876017,106
4790000,19260.00000208878,-514835.0359006566,302.4381248151712,1.027360803313886,106
4795000,19280.000002092853,-514914.1709991074,301.6667766423517,1.0226829739619927,106
4800000,19300.000002096927,-513908.6549951022,303.05002030762694,1.021139297783801,106
4805000,19320.000002101002,-515586.1895495469,299.9257478956227,1.0280354866041477,106
4810000,19340.000002105076,-514318.5805374696,301.9159922668939,1.0251361821185137,106
4815000,19360.00000210915,-515521.1859334137,303.36165063600794,1.0286264940418408,106
4820000,19380.000002113225,-515633.2509974409,299.86294851037445,1.0307171385152667,106
4825000,19400.0000021173,-515692.3476922435,302.4633833393967,1.028351035036613,106
4830000,19420.000002121375,-514682.1254300135,300.8610251280662,1.023164392539435,106
4835000,19440.00000212545,-516325.05561299296,301.39950642615446,1.0273404229024865,106
4840000,19460.000002129524,-514823.821090535,301.1201009885957,1.0277768848340902,106
4845000,19480.000002133598,-514491.39899883606,301.6981781297871,1.0262810030260714,106
4850000,19500.000002137673,-514211.3593499339,303.7448959033739,1.021946658954806,106
4855000,19520.000002141747,-514994.0274582873,301.6524709507337,1.0249843665794174,106
4860000,19540.00000214582,-513953.45133052045,301.25369523869404,1.0240202132347336,106
4865000,19560.000002149896,-514274.11031102133,300.3615828754897,1.027609026226108,106
4870000,19580.00000215397,-513243.3165385402,299.8582544458722,1.0222390800626613,106
4875000,19600.000002158045,-514838.747842571,302.498940756336,1.0295595812438854,106
4880000,19620.00000216212,-514888.2259701954,299.8717071387429,1.0246248501803166,106
4885000,19640.000002166194,-514050.2258163849,300.6034373223567,1.0274912306164263,106
4890000,19660.00000217027,-514584.3737029396,304.81097581998296,1.0249486229328038,106
4895000,19680.000002174344,-513581.4970280281,298.8825525051668,1.0267600898061484,106
4900000,19700.000002178418,-514764.1591674951,301.0295329969406,1.0233092699427118,106
4905000,19720.000002182493,-513968.39820081973,301.8589438474941,1.0232643585994723,106
4910000,19740.000002186567,-514406.6360424429,301.36910430436035,1.024794438067245,106
4915000,19760.00000219064,-514289.4426015916,301.99661180497367,1.0284734385017613,106
4920000,19780.000002194716,-512180.1386277124,299.92447956823383,1.02245735872651,106
4925000,19800.00000219879,-514878.63942403905,301.68534088297406,1.0263864544341395,106
4930000,19820.000002202865,-516266.0738673406,298.7543456167301,1.0282809687678844,106
4935000,19840.00000220694,-514339.33185939025,300.51259241901386,1.0287843165025368,105
4940000,19860.000002211014,-516309.8883934233,302.3608916123958,1.0278833142976316,105
4945000,19880.00000221509,-515198.35137627507,299.2849834270867,1.027239449227013,105
4950000,19900.000002219163,-515057.7185123374,301.0076029834265,1.0283349986324952,105
4955000,19920.000002223238,-515724.4634231038,301.70635451898033,1.0297009316183912,105
4960000,19940.000002227313,-514635.1693928414,303.311404604785,1.0241846777820864,105
4965000,19960.000002231387,-513918.72171385563,303.4040476290939,1.0273120941031395,105
4970000,19980.00000223546,-513140.01058659516,301.9411830617389,1.0220063112010564,105
4975000,20000.000002239536,-514380.198371195,299.7187518570221,1.0236352330729805,105
4980000,20020.00000224361,-514942.635111785,302.47761482941013,1.0250809814325825,105
4985000,20040.000002247685,-514648.7413832003,302.98204053194974,1.026981405613861,105
4990000,20060.00000225176,-514490.4611003974,301.52357816316425,1.0258111222516673,105
4995000,20080.000002255834,-514712.70723717567,301.3028288948122,1.0242941605584108,105
5000000,20100.00000225991,-514702.0066270679,304.40902848265875,1.0274505861048495,105
5005000,20120.000002263983,-515008.88058365206,298.90383509780247,1.0264608936277109,105
5010000,20140.000002268058,-516149.19137197314,301.16830715933213,1.0247897962982748,105
5015000,20160.000002272132,-514484.7438643933,302.16920787406775,1.0246835740291484,105
5020000,20180.000002276207,-514817.6562946264,300.787731054738,1.02825630218537,105
5025000,20200.00000228028,-514262.18659634516,299.2709469142996,1.0246855139458926,105
5030000,20220.000002284356,-514623.09195690695,301.83994259573865,1.0246808691813785,105
5035000,20240.00000228843,-514278.2417253149,302.4253725987069,1.0287083953685394,105
5040000,20260.000002292505,-514452.3156191434,299.66803498950304,1.025606022094061,105
5045000,20280.00000229658,-515416.07587272115,299.7482856162199,1.0234871567585169,105
5050000,20300.000002300654,-514679.2462591294,303.42768251949735,1.0256189628898826,105
5055000,20320.00000230473,-514946.2285218197,302.19220638278796,1.0259851704900278,105
5060000,20340.000002308803,-514514.2282104625,300.52504807698574,1.0268838408168541,105
5065000,20360.000002312878,-514789.5506527836,298.6061058255296,1.0243352346777344,105
5070000,20380.000002316952,-513702.6551867444,302.42895127006886,1.0256755488047353,105
5075000,20400.000002321027,-514401.6456711865,302.46317530391025,1.0253893990670142,105
5080000,20420.0000023251,-515747.94693092117,298.572708220599,1.029866102384071,105
5085000,20440.000002329176,-514539.397715542,302.4611292615524,1.0283335126652762,105
5090000,20460.00000233325,-514386.00820796145,300.5709819227509,1.0278973721926892,105
5095000,20480.000002337325,-514444.62037006347,302.1256455558855,1.0245748951202218,105
5100000,20500.0000023414,-514619.74677287997,299.83212447303,1.025328843312734,105
5105000,20520.000002345474,-515561.4247866897,300.9730678407544,1.0256555151231124,105
5110000,20540.00000234955,-514583.91267704405,300.78965328464375,1.0288121218900985,105
5115000,20560.000002353623,-515273.01531155733,302.3633898602573,1.0290948520366625,105
5120000,20580.000002357698,-514053.6077028923,303.6896786176981,1.023799162661455,105
5125000,20600.000002361772,-514074.32059428096,303.5231667706812,1.0264566008903946,105
5130000,20620.000002365847,-514577.63527356763,300.37125969053926,1.0266706447574816,105
5135000,20640.00000236992,-515060.95940717147,297.749251751602,1.0249986006206728,105
5140000,20660.000002373996,-515034.21603573137,301.6388036507078,1.0258109796976478,105
5145000,20680.00000237807,-515533.3994801699,302.05521014822386,1.0301892206236247,105
5150000,20700.000002382145,-514730.7280631792,299.24005621091237,1.0293448225892967,105
5155000,20720.00000238622,-514140.74393817224,302.7364840366927,1.0253088087232838,105
5160000,20740.000002390294,-515450.1505912137,303.1275775323679,1.0305728983409086,105
5165000,20760.00000239437,-514994.64914759784,300.7604520776562,1.0280467480506628,105
5170000,20780.000002398443,-514288.3027639012,302.9966267659937,1.0278554358767835,105
5175000,20800.000002402518,-515138.4923231106,302.08809272662256,1.0294196685338477,105
5180000,20820.000002406592,-514969.6156965005,301.83525996922435,1.02592547902155,105
5185000,20840.000002410667,-516143.9014205837,302.1776085436067,1.029613589524387,105
5190000,20860.00000241474,-514994.328422762,300.2859321283332,1.029581202674342,105
5195000,20880.000002418816,-514902.5778973936,302.09794590768905,1.028117515099867,105
5200000,20900.00000242289,-515199.0001054087,302.57232958119863,1.0294800467700795,105
5205000,20920.000002426965,-514982.3326543423,299.26630103212267,1.0257391527053599,105
5210000,20940.00000243104,-515072.0630230906,300.6641357060704,1.0268056824508554,105
5215000,20960.000002435114,-515259.71996924584,300.28435188433826,1.0286084329294043,105
5220000,20980.00000243919,-515201.1118618224,299.1254201652445,1.022873363871562,105
5225000,21000.000002443263,-513905.7432343976,302.3574536270783,1.0275249977226293,105
5230000,21020.000002447337,-513827.5663043889,301.0523338039299,1.0229958155537149,105
5235000,21040.000002451412,-514522.9023743367,299.430801733044,1.0242804408589443,105
5240000,21060.000002455487,-514683.73758401326,300.0487048745743,1.025388216056989,105
5245000,21080.00000245956,-514637.49434676045,301.46314238624177,1.030002584454484,105
5250000,21100.000002463636,-514152.3912402571,302.8241811921381,1.0234347511418134,105
5255000,21120.00000246771,-514240.24377236865,298.7151577955933,1.0275444272311556,105
5260000,21140.000002471785,-513500.6132059307,299.1945570000792,1.0236919895944814,105
5265000,21160.00000247586,-516457.1948338412,300.5628217106572,1.0257006494887668,105
5270000,21180.000002479934,-515864.78900588164,301.9082113353975,1.0252466457672325,105
5275000,21200.00000248401,-514132.69883941184,301.90921576139243,1.027664205520796,105
5280000,21220.000002488083,-513992.7578619332,300.1195262142845,1.0256980913839695,105
5285000,21240.000002492157,-514617.0722983135,302.4488414295211,1.0302714766536905,105
5290000,21260.000002496232,-514151.54558448074,302.5135997827198,1.0262156980653754,105
5295000,21280.000002500306,-514935.8276366724,300.7473481687535,1.0285876212821443,105
5300000,21300.00000250438,-515194.4380537595,302.1879479077405,1.025771299624122,105
5305000,21320.000002508456,-515470.3369998159,301.2989107408925,1.0241882638881452,105
5310000,21340.00000251253,-515198.50519446237,303.33748139155165,1.025907395825602,105
5315000,21360.000002516605,-513984.430707433,301.2706818568717,1.0287980646954689,105
5320000,21380.00000252068,-515484.09886401566,301.1714644505779,1.0277297620656427,105
5325000,21400.000002524754,-512814.1290430669,300.8752924489614,1.025954606723292,105
5330000,21420.00000252883,-515400.7513601945,300.57303853691377,1.0230961303672728,105
5335000,21440.000002532903,-514153.32164321747,300.1229047767171,1.0238041936584525,105
5340000,21460.000002536977,-515807.9556070999,302.78452954946636,1.0292692327523796,105
5345000,21480.00000254105,-514468.20649391855,299.87405944419834,1.028611795691532,105
5350000,21500.000002545126,-513937.3314254647,299.3724842720978,1.0232560306173344,105
5355000,21520.0000025492,-515884.1518337042,299.33239973836334,1.029565639170875,105
5360000,21540.000002553275,-512038.2619789513,300.4999018445416,1.026415371347036,105
5365000,21560.00000255735,-512919.2770455512,302.49652554222354,1.0260539648282603,105
5370000,21580.000002561424,-514006.82000084734,299.593611720624,1.028588875596748,105
5375000,21600.0000025655,-514793.0431071811,302.18925678105956,1.0295218209159989,105
5380000,21620.000002569574,-514674.4997765722,301.07937972883667,1.028504211589422,105
5385000,21640.000002573648,-515212.2175073421,301.0859185571253,1.0259343204506834,105
5390000,21660.000002577723,-513897.7735852655,300.6761249660523,1.028078510451669,105
5395000,21680.000002581797,-513968.06053551007,301.6358150281443,1.0252294776253033,105
5400000,21700.00000258587,-515323.85722033517,302.4824194416883,1.02538595325554,105
5405000,21720.000002589946,-514299.60067670303,299.44746115188383,1.0264429338661585,105
5410000,21740.00000259402,-514536.27193234325,305.1216457580034,1.0269443110591234,105
5415000,21760.000002598095,-513390.61692244955,299.1634318672514,1.0261020034826285,105
5420000,21780.00000260217,-514969.1892405071,303.1463552917802,1.0304707911495854,105
5425000,21800.000002606244,-514524.4097370289,301.89802408120806,1.0269346231212868,105
5430000,21820.00000261032,-515122.57886838587,302.0690306738341,1.032375305683428,105
5435000,21840.000002614393,-513343.4351462361,301.88113181963655,1.0263158602549163,105
5440000,21860.000002618468,-514261.29282834777,301.0071138039469,1.0246549143004673,105
5445000,21880.000002622543,-514024.32500797557,300.7814531799198,1.024078113095945,105
5450000,21900.000002626617,-514864.62257930054,301.5206169745582,1.0267855697786363,105
5455000,21920.00000263069,-514138.86879320303,298.3623805828044,1.0223390044257288,105
5460000,21940.000002634766,-515711.1996697588,301.77403219072335,1.0260832795662735,105
5465000,21960.00000263884,-515508.1974924451,300.64300033470215,1.027810137341786,105
5470000,21980.000002642915,-515732.3956643094,299.4432064590013,1.028507802805978,105
5475000,22000.00000264699,-514253.7494680863,301.39199853048916,1.0266996793734595,105
5480000,22020.000002651064,-514021.5311447894,302.06220345549883,1.0246124758302007,105
5485000,22040.00000265514,-514962.7441021567,299.11328888159136,1.0229120499326556,105
5490000,22060.000002659213,-514546.8394445863,302.41561370882624,1.0266632434882548,105
5495000,22080.000002663288,-513913.41655287356,297.70022430278095,1.0242556763629727,105
5500000,22100.000002667362,-514749.3167810901,302.0699949080202,1.0253934288989441,105
5505000,22120.000002671437,-516317.4394861844,300.35918569712106,1.0269076288294754,105
5510000,22140.00000267551,-515240.61022442323,299.52468619589956,1.0237679396565522,105
5515000,22160.000002679586,-515112.2133268814,301.79302635816845,1.027026817150075,105
5520000,22180.00000268366,-514892.9670143847,299.7665963638176,1.0253121155929097,105
5525000,22200.000002687735,-514912.8368090475,299.0643295349141,1.024779122413443,105
5530000,22220.00000269181,-514894.6015613163,300.6308652204784,1.0220572572425384,105
5535000,22240.000002695884,-513058.2176035857,300.87932608487426,1.0242807189217475,105
5540000,22260.00000269996,-515247.57975336653,301.1043343941575,1.0295832067788153,105
5545000,22280.000002704033,-514588.70097846864,300.5128852651105,1.027404967700722,105
5550000,22300.000002708108,-516383.07852012105,301.307386880224,1.0287684912425583,105
5555000,22320.000002712182,-514679.78265932854,302.25183910919606,1.0256174520980383,105
5560000,22340.000002716257,-513586.21046739025,303.9306868624023,1.0247134201872734,105
5565000,22360.00000272033,-515275.46801723796,298.32716810338064,1.0283339692461695,105
5570000,22380.000002724406,-514591.15381466947,300.8946141356862,1.0281546366871683,105
5575000,22400.00000272848,-514922.44579651556,300.47799224452723,1.0263749640210724,105
5580000,22420.000002732555,-514061.25807922543,301.91730926611706,1.0277055309213985,105
5585000,22440.00000273663,-514268.7845342939,300.38706298950825,1.025317030502965,105
5590000,22460.000002740704,-513895.77637376124,302.11049369703403,1.0263502564583715,105
5595000,22480.00000274478,-514565.31875560735,302.14272527623496,1.0211644850980577,105
5600000,22500.000002748853,-514236.5866367507,300.5633305685826,1.0258091682975394,105
5605000,22520.000002752928,-514764.2190083144,299.34475656150045,1.0270790920221349,105
5610000,22540.000002757002,-514973.16059601284,300.3572098828971,1.0251832374299523,105
5615000,22560.000002761077,-515587.03584008873,303.65198471902465,1.023476892780261,105
5620000,22580.00000276515,-514518.29858585657,300.46025613083367,1.025409512979769,105
5625000,22600.000002769226,-515054.25084225414,300.8992261181647,1.0234644749243467,105
5630000,22620.0000027733,-513710.4115014842,300.3396645381534,1.024566266179461,105
5635000,22640.000002777375,-514226.1960786162,299.13465727706165,1.024268658773923,105
5640000,22660.00000278145,-516166.9365702423,301.06396237502224,1.027349516030371,105
5645000,22680.000002785524,-514866.8417631136,300.48740671763704,1.024754890265393,105
5650000,22700.0000027896,-514953.3093971927,302.37478701336363,1.0254261812496024,105
5655000,22720.000002793673,-514895.1653327574,300.8374678370148,1.0294019119584326,105
5660000,22740.000002797748,-514630.9545291113,301.7568497017656,1.0232324946365219,105
5665000,22760.000002801822,-515732.57209298154,300.7966880210164,1.0247212442993312,105
5670000,22780.000002805897,-514861.6711457148,301.50571329594754,1.0198814141856867,105
5675000,22800.00000280997,-514100.7773480357,302.37859740200645,1.0247390690828724,105
5680000,22820.000002814046,-513545.6876568927,301.0864735534686,1.024677235710575,105
5685000,22840.00000281812,-514183.9541636468,302.1116194900615,1.0259676611346857,105
5690000,22860.000002822195,-514053.98939751834,299.93199247974223,1.0249246496331363,105
5695000,22880.00000282627,-514348.96157721267,301.4116846243996,1.0273425544321475,105
5700000,22900.000002830344,-514664.2811372543,301.5321319794691,1.0261300943503138,105
5705000,22920.00000283442,-514835.31550364033,303.0593537504448,1.029566542471529,105
5710000,22940.000002838493,-514482.46983969864,302.5532402479784,1.0264236620583507,105
5715000,22960.000002842567,-515434.34671517555,302.72600255507894,1.0266404392480035,105
5720000,22980.000002846642,-515470.516809179,300.82910680593096,1.0275646988791098,105
5725000,23000.000002850717,-514422.58979677455,299.6849069047128,1.0261931582125816,105
5730000,23020.00000285479,-513692.12932113814,300.3820087022239,1.0234989745073586,105
5735000,23040.000002858866,-513775.0127208433,303.65414674190026,1.0264115138532452,105
5740000,23060.00000286294,-513922.54044820927,300.58774716836444,1.0222703550601429,105
5745000,23080.000002867015,-515023.63684198237,300.26549399375784,1.0310535565111087,105
5750000,23100.00000287109,-513492.69212569343,300.70920104309704,1.0266300019911505,105
5755000,23120.000002875164,-515680.35628042254,299.92714353695453,1.0253331843686195,105
5760000,23140.00000287924,-515015.9600169575,300.1836333369003,1.028245970746064,105
5765000,23160.000002883313,-515332.97233495396,301.08170245966664,1.0267119752745395,105
5770000,23180.000002887387,-515142.81847763015,301.8932004504477,1.0232750364457375,105
5775000,23200.000002891462,-514641.8914154512,300.7051920851442,1.0303378509271497,105
5780000,23220.000002895536,-514626.5237836756,300.9888669467627,1.0269039610688075,105
5785000,23240.00000289961,-515031.0453538047,301.26668870368667,1.0266276879276135,105
5790000,23260.000002903686,-515418.2299526334,300.9474156491857,1.0300646150017718,105
5795000,23280.00000290776,-514976.83208979014,300.90977144271494,1.0284638281661913,105
5800000,23300.000002911835,-515043.157769324,302.0688591140103,1.0279312387408237,105
5805000,23320.00000291591,-514685.3991733084,301.1771725863149,1.0261925241519634,105
5810000,23340.000002919984,-514832.3671179509,302.9136679318352,1.0227586066368441,105
5815000,23360.00000292406,-513514.58230765513,303.59038881663196,1.02414175976298,105
5820000,23380.000002928133,-513692.5308209427,299.9471002770132,1.027245978917133,105
5825000,23400.000002932207,-514104.6040777229,301.0086571187242,1.0247103501683792,105
5830000,23420.00000293628,-515660.4053950901,301.38990225247863,1.0259443078338237,105
5835000,23440.000002940356,-514841.92306492594,298.98545949778725,1.0293597227778208,105
5840000,23460.00000294443,-514569.3084041651,300.70078673583896,1.0298345899361225,105
5845000,23480.000002948505,-515228.3025019122,301.5183368179452,1.0278745688263433,105
5850000,23500.00000295258,-513858.7701545197,302.8873318829986,1.0242194453075446,105
5855000,23520.000002956654,-514627.48329613777,300.06239693413784,1.026522095725241,105
5860000,23540.00000296073,-515802.27457157476,299.21787806829605,1.025971033538469,105
5865000,23560.000002964804,-516142.3608782552,299.04675034325686,1.0289712744163386,105
5870000,23580.000002968878,-513869.26406802726,298.03612849485876,1.0241275433483845,105
5875000,23600.000002972953,-514057.82358437264,301.08876313213614,1.0270854439836021,105
5880000,23620.000002977027,-514267.095637636,300.9665315477699,1.0229715813240723,105
5885000,23640.0000029811,-515431.97757704416,303.041199188616,1.0282716891591916,105
5890000,23660.000002985176,-514075.06383526,299.92550728108984,1.02645159691261,105
5895000,23680.00000298925,-515180.3857511964,301.1007105145443,1.0294548477159966,105
5900000,23700.000002993325,-514957.0283141022,300.7225051254517,1.0253091193777757,105
5905000,23720.0000029974,-515781.1110069433,302.8947460025403,1.027812335180802,105
5910000,23740.000003001474,-514169.30563610164,303.1349188855298,1.0247464877517272,105
5915000,23760.00000300555,-514421.7841219234,301.44215857728005,1.0292029622423275,105
5920000,23780.000003009623,-514467.778901262,301.4306477851053,1.026904531788754,105
5925000,23800.000003013698,-513759.9874645744,299.84941821502593,1.0270378155474484,105
5930000,23820.000003017773,-515240.736194551,300.8415609125622,1.0276872506698014,105
5935000,23840.000003021847,-514629.9199049971,300.887750887648,1.0254912627831931,105
5940000,23860.00000302592,-514944.1030362563,300.20796177104796,1.0234894254173037,105
5945000,23880.000003029996,-515064.37376233144,298.836444249743,1.026736255040812,105
5950000,23900.00000303407,-514343.83239900717,303.0934256370326,1.0338389382344493,105
5955000,23920.000003038145,-514567.26418745937,299.73425642023653,1.0267297160152913,105
5960000,23940.00000304222,-514316.3127845917,299.7830768933888,1.0251831919896213,105
5965000,23960.000003046294,-514714.5460788349,301.4738075384864,1.0269587198278884,105
5970000,23980.00000305037,-514461.5105715825,302.92872106866105,1.0292863971087816,105
5975000,24000.000003054443,-515024.0171883949,301.9165191449983,1.0296491250674167,105
5980000,24020.000003058518,-514583.95046862937,300.52127996530817,1.0284308671302167,105
5985000,24040.000003062592,-513940.1505525401,301.17785552116146,1.0262616451108435,105
5990000,24060.000003066667,-515420.89732436556,300.0006238875006,1.028184840102167,105
5995000,24080.00000307074,-515127.2079859448,301.38832737848304,1.027241940309172,105
6000000,24100.000003074816,-514374.4411316721,302.50818655205444,1.0314912460957504,105
6005000,24120.00000307889,-513787.8709934349,300.9489174812557,1.023895960089183,105
6010000,24140.000003082965,-514057.83163363603,302.82601201073675,1.0262445272896696,105
6015000,24160.00000308704,-516033.00235981867,299.8842594712188,1.0267828544431836,105
6020000,24180.000003091114,-514687.0311074103,303.18714532079474,1.0251240232818761,105
6025000,24200.00000309519,-514335.4731759445,302.1621398005066,1.025600056837082,105
6030000,24220.000003099263,-514328.656013153,301.2578217685813,1.0281360440859477,105
6035000,24240.000003103338,-515830.16634605615,300.5712385271847,1.027476474924734,105
6040000,24260.000003107412,-514181.68560402934,299.2256144216704,1.0258792054655268,105
6045000,24280.000003111487,-515564.8941657024,298.6721125014574,1.0286001596543461,105
6050000,24300.00000311556,-515271.66057135793,300.87156464448486,1.0240758258017475,105
6055000,24320.000003119636,-514887.39849491697,300.46899382390006,1.0240270427100429,105
6060000,24340.00000312371,-513652.0013023361,301.0045563711613,1.0243807071328261,105
6065000,24360.000003127785,-515148.133687299,300.06354095283285,1.0270119290911657,105
6070000,24380.00000313186,-514143.89631765545,299.60892627847335,1.0275707194471768,105
6075000,24400.000003135934,-514506.716751124,299.3193822482886,1.027169333732798,105
6080000,24420.00000314001,-513400.4768742991,299.7874628479446,1.0242813207219887,105
6085000,24440.000003144083,-514925.8562144069,299.54252492293136,1.0273175454636099,105
6090000,24460.000003148158,-513518.6436864792,302.29273890947917,1.02601404387855,105
6095000,24480.000003152232,-515011.2832816746,303.28254475172554,1.0259344718180956,105
6100000,24500.000003156307,-514676.2732135635,299.73493296751155,1.0248861448133724,105
6105000,24520.00000316038,-513937.04841215536,299.7683493055556,1.0213037179617035,105
6110000,24540.000003164456,-514344.64886501594,299.61069072256487,1.025145207121149,105
6115000,24560.00000316853,-516220.06352721434,300.45591650266687,1.026822333717095,105
6120000,24580.000003172605,-516562.35877228505,303.1314954372505,1.0307707747211132,105
6125000,24600.00000317668,-515593.3175923254,304.02850667900776,1.0291550906245275,105
6130000,24620.000003180754,-514992.922144301,299.99566157219516,1.0315212508917793,105
6135000,24640.00000318483,-515711.4601785098,300.9030486376719,1.028334224012109,105
6140000,24660.000003188903,-514662.57447089767,301.271604457243,1.0308023552918577,105
6145000,24680.000003192978,-515715.39550861553,301.12551100164706,1.0284673331864282,105
6150000,24700.000003197052,-515193.76015032944,299.16194871396203,1.0262919519968072,105
6155000,24720.000003201127,-513769.1822323003,301.65689270552025,1.0252302911691478,105
6160000,24740.0000032052,-514697.97718493664,301.4767254894735,1.029174596592042,105
6165000,24760.000003209276,-514914.8987565888,301.9381320304616,1.0299403111648004,105
6170000,24780.00000321335,-515315.1474871463,299.66689105978855,1.0255405716322987,105
6175000,24800.000003217425,-515304.585691025,301.98000859789374,1.0262085932600493,105
6180000,24820.0000032215,-513881.0309885007,300.2732889567532,1.0235116670293802,105
6185000,24840.000003225574,-513917.4533341946,299.48903657225503,1.0251658368839576,105
6190000,24860.00000322965,-514565.1398244146,302.72025335978674,1.0250567454914639,105
6195000,24880.000003233723,-515361.23320285743,301.2172513367241,1.0254229012926752,105
6200000,24900.000003237798,-516106.78857812285,302.0301923507557,1.0283217993141045,105
6205000,24920.000003241872,-515822.3684817103,301.1122501461778,1.0273229068630323,105
6210000,24940.000003245947,-514815.7562544369,301.02458055415826,1.028407381635795,105
6215000,24960.00000325002,-514737.50707647484,300.3188782341576,1.0292835918567889,105
6220000,24980.000003254096,-513964.9660341381,301.5780324520461,1.0249108258388884,105
6225000,25000.00000325817,-513455.75641481765,299.4454383591824,1.027191271233016,105
6230000,25020.000003262245,-513928.28017988754,302.13634940467807,1.026673765891858,105
6235000,25040.00000326632,-514824.81666466524,303.49198739221526,1.0258924374348108,105
6240000,25060.000003270394,-514303.8609882912,302.8270498139999,1.0241235929991048,105
6245000,25080.00000327447,-514392.5043639755,303.08644265892275,1.0203325780307497,105
6250000,25100.000003278543,-513981.196921895,303.0828800121634,1.0247217071990153,105
6255000,25120.000003282617,-515452.92736925604,300.502602845836,1.0273282623190496,105
6260000,25140.000003286692,-514287.9771995351,298.40182054012126,1.0269366027625155,105
6265000,25160.000003290766,-514526.1371034677,303.7528263726936,1.0308111841438237,105
6270000,25180.00000329484,-516017.96162636066,301.1524158024043,1.0241761051546159,105
6275000,25200.000003298916,-514492.85305965645,300.8564436674029,1.0288304581616874,105
6280000,25220.00000330299,-514734.09931671876,300.570143209391,1.0254276758614347,105
6285000,25240.000003307065,-515371.79805881646,300.3181667949541,1.0278428182419643,105
6290000,25260.00000331114,-514721.7719609777,299.9635216543469,1.0262071316764911,105
6295000,25280.000003315214,-514267.6404072507,298.09397330432176,1.0215655089866553,105
6300000,25300.00000331929,-514934.85656216904,298.9683156584455,1.024563441302468,105
6305000,25320.000003323363,-515468.5433532458,303.1310437588527,1.0241580377891488,105
6310000,25340.000003327437,-515694.55192123237,300.15287411633597,1.0291814936029118,105
6315000,25360.000003331512,-514392.7397020664,301.3470832047596,1.0215183550163676,105
6320000,25380.000003335586,-514844.38176499004,298.9005115658165,1.0244225747788163,105
6315000,25360.000003331512,-514544.8468292251,298.8733533147059,1.0230153567981983,--
6320000,25380.000003335586,-513615.2098685014,302.0107695945427,1.02414435600159,107
6325000,25400.00000333966,-514696.29104341986,300.3233794254533,1.0288276111493961,106
6330000,25420.000003343735,-514867.21449878556,303.13914391453903,1.0242630756522433,106
6335000,25440.00000334781,-513946.2824037194,299.5202026190448,1.0242869806429713,106
6340000,25460.000003351885,-514445.3112810524,300.3642210329842,1.0261952550083056,106
6345000,25480.00000335596,-513934.3034546452,300.270066583085,1.0250532053081542,106
6350000,25500.000003360034,-514634.67468812084,303.3122793186613,1.024932325086738,106
6355000,25520.000003364108,-513998.4850282166,301.52632564469155,1.0282861709799587,106
6360000,25540.000003368183,-516137.5562569371,299.245048796729,1.028879057611395,106
6365000,25560.000003372257,-514410.86878980324,297.0174396992331,1.0283623985197847,105
6370000,25580.00000337633,-514854.48141700635,299.61792851642207,1.0241055549053213,105
6375000,25600.000003380406,-514054.1260584735,300.9401348531425,1.0233421186400322,105
6380000,25620.00000338448,-514963.9166491879,301.5316132100533,1.0264352798050629,105
6385000,25640.000003388555,-515171.98577478435,300.58117314540334,1.0266576278167818,105
6390000,25660.00000339263,-514032.47890223726,301.4473569907358,1.0279064601509245,105
6395000,25680.000003396704,-514539.48689471465,300.3457708431717,1.0234481747516373,105
6400000,25700.00000340078,-515282.9384615363,302.37128601942277,1.028205732607056,105
6405000,25720.000003404853,-515020.82902066316,298.40711696682024,1.0231727716493437,105
6410000,25740.000003408928,-515471.2478988401,303.3427391896274,1.0269658542581677,105
6415000,25760.000003413003,-514798.39880097844,298.6092155228025,1.0255373846618459,105
6420000,25780.000003417077,-513532.8598777284,300.20618377410307,1.0246125656984042,105
6425000,25800.00000342115,-514444.0000191813,300.81298424807284,1.0266035368008022,105
6430000,25820.000003425226,-515380.3137537155,301.9160457025824,1.030983931218169,105
6435000,25840.0000034293,-514992.11675475724,304.16674319937187,1.0283271022283023,105
6440000,25860.000003433375,-513667.51513262815,301.01477654402146,1.026756066476387,105
6445000,25880.00000343745,-515442.0197520256,301.8062558482566,1.029684083237361,105
6450000,25900.000003441524,-514579.44596158573,301.51846819061336,1.0263274744117612,105
6455000,25920.0000034456,-514324.2159912535,301.54784329176647,1.0274155273732786,105
6460000,25940.000003449673,-514744.7358746282,300.5767763412253,1.0293830151499996,105
6465000,25960.000003453748,-515147.94072304154,301.97429816858005,1.029399578102746,105
6470000,25980.000003457822,-516208.6878128133,301.91375638310524,1.0287817961313601,105
6475000,26000.000003461897,-513681.21478811395,302.14658206937247,1.0246742750967122,105
6480000,26020.00000346597,-513691.06791479816,300.0473087857273,1.0245384579506198,105
6485000,26040.000003470046,-514482.95796475396,300.0324396168317,1.0270652040357218,105
6490000,26060.00000347412,-514489.37054450787,301.9047274701843,1.0231485131361562,105
6495000,26080.000003478195,-514020.4975285672,297.1830272004832,1.0200821313021458,105
6500000,26100.00000348227,-514713.71947884606,299.4185589831669,1.02363596118168,105
6505000,26120.000003486344,-514783.2285349313,300.26774876594567,1.0228213844906966,105
6510000,26140.00000349042,-514296.6677161618,302.58312240620364,1.0274897197875903,105
6515000,26160.000003494493,-514677.37110677036,300.8542766115815,1.0241850970522424,105
6520000,26180.000003498568,-515915.4134782688,299.8313084488054,1.027148002986209,105
6525000,26200.000003502642,-514404.2289337425,300.88715352348436,1.0258791081529792,105
6530000,26220.000003506717,-514253.4674509524,301.0645826269632,1.0263979560535184,105
6535000,26240.00000351079,-515148.3482244888,300.9938996187698,1.028555797771106,105
6540000,26260.000003514866,-514676.6104228918,301.2981852491627,1.0244912223488853,105
6545000,26280.00000351894,-514392.0352716972,298.4907250166307,1.026351931041549,105
6550000,26300.000003523015,-515697.4423559753,300.95993244099833,1.027831425214447,105
6555000,26320.00000352709,-514341.7671273756,300.7265056527098,1.0287490082570212,105
6560000,26340.000003531164,-514922.9507973832,301.05482448273966,1.0264418022030777,105
6565000,26360.00000353524,-515259.93063600105,301.9832997714749,1.0252210438301248,105
6570000,26380.000003539313,-514800.78597689467,300.56894160849896,1.023754901873595,105
6575000,26400.000003543388,-515030.14105434506,302.9811588061039,1.024328074547836,105
6580000,26420.000003547462,-515546.1138705709,298.6993666055836,1.0282304796595645,105
6585000,26440.000003551537,-514344.8071730712,300.8265816162832,1.0274663159473445,105
6590000,26460.00000355561,-514698.5360708807,301.7488090459977,1.0268275691781472,105
6595000,26480.000003559686,-514795.1659108382,302.16655440757825,1.029245012629687,105
6600000,26500.00000356376,-513838.29569178005,300.4582436913156,1.0251745460272659,105
6605000,26520.000003567835,-514261.33663001563,301.8371188026727,1.0270824631950124,105
6610000,26540.00000357191,-514817.9579849085,302.4521770377708,1.0295933407806286,105
6615000,26560.000003575984,-515804.46620886424,303.65797009838013,1.0270982567621703,105
6620000,26580.00000358006,-514710.58544470696,300.9556510440348,1.0310170950799302,105
6625000,26600.000003584133,-515428.76354875066,301.07080477216846,1.0271055917102538,105
6630000,26620.000003588208,-515225.91014931095,302.58181429429504,1.0247927530425,105
6635000,26640.000003592282,-515283.165796618,299.7504989359602,1.0306519027927608,105
6640000,26660.000003596357,-513950.220229381,297.00356265003825,1.0244262383891702,105
6645000,26680.00000360043,-514616.49274102063,298.2557745711187,1.0275577532270344,105
6650000,26700.000003604506,-514588.0929081377,301.8401735757693,1.0265470766577822,105
6655000,26720.00000360858,-515377.99845415517,300.9857521716847,1.02989918138713,105
6660000,26740.000003612655,-514384.0058979541,302.66500685477274,1.0241017047901266,105
6665000,26760.00000361673,-512419.01026771497,299.98071857550264,1.0184095046878192,105
6670000,26780.000003620804,-514756.4723134246,303.53185287264915,1.0292002452438054,105
6675000,26800.00000362488,-514253.3384188262,300.40555472772786,1.027927860263658,105
6680000,26820.000003628953,-514736.92554723704,299.5154432672439,1.021596911384688,105
6685000,26840.000003633028,-516260.34016560507,299.55674651871743,1.0286965917504702,105
6690000,26860.000003637102,-514167.8071296171,299.72051905974234,1.0295051782709321,105
6695000,26880.000003641177,-515140.67168473266,296.0358274396293,1.0283463003886109,105
6700000,26900.00000364525,-515423.3536806132,297.6938529673596,1.0296292741245021,105
6705000,26920.000003649326,-514985.1144618159,302.08127141769654,1.0275844893794723,105
6710000,26940.0000036534,-515319.54347976856,301.75106012382054,1.0244964533812175,105
6715000,26960.000003657475,-515097.63958926057,301.43315063478656,1.0258103926351678,105
6720000,26980.00000366155,-515001.5828891604,300.35473486116695,1.027421024230141,105
6725000,27000.000003665624,-514487.20703167794,301.5408414166852,1.0276434508914876,105
6730000,27020.0000036697,-514064.3024284558,300.8074868486675,1.0235882755894417,105
6735000,27040.000003673773,-514136.17978040385,300.06807567385675,1.0265536432029791,105
6740000,27060.000003677847,-514227.50718256645,300.81713371433904,1.026049803515213,105
6745000,27080.000003681922,-515392.1503096258,302.31945347160615,1.0243571173279957,105
6750000,27100.000003685996,-515584.49934402364,302.6595376369849,1.02709715666121,105
6755000,27120.00000369007,-513720.30045615765,303.0221971897271,1.025197073685606,105
6760000,27140.000003694146,-513559.2320450891,301.10582678067635,1.024088826309662,105
6765000,27160.00000369822,-514307.8473444078,301.4001114118636,1.024068471794443,105
6770000,27180.000003702295,-514741.87100014626,300.8487055629601,1.0286273271572852,105
6775000,27200.00000370637,-514813.32947161095,302.44514427583533,1.0289554958551446,105
6780000,27220.000003710444,-515084.0404431487,299.3015073602594,1.029681958636981,105
6785000,27240.00000371452,-513191.4474898337,301.8317350291187,1.0248425667239593,105
6790000,27260.000003718593,-515132.9279916908,300.3473454126678,1.025376488821112,105
6795000,27280.000003722667,-514850.5062862213,299.55397793881644,1.022989465666516,105
6800000,27300.000003726742,-515264.7585450462,300.95879169417304,1.0287477078672673,105
6805000,27320.000003730816,-514161.14002062567,303.10757046808413,1.0250207813734624,105
6810000,27340.00000373489,-514177.40622896655,303.29956724978126,1.0277977127018305,105
6815000,27360.000003738965,-515715.18598259194,303.291264133615,1.027937357533539,105
6820000,27380.00000374304,-514405.7359628959,302.62011904581556,1.0226037014865654,105
6825000,27400.000003747115,-515050.8235022065,302.7816621202054,1.0230351828315039,105
6830000,27420.00000375119,-514490.07731483993,300.7904632980581,1.0241379728414746,105
6835000,27440.000003755264,-514807.16464140057,301.6239160462524,1.0259765071018812,105
6840000,27460.000003759338,-513742.9624368106,305.1387123067462,1.0231216854449703,105
6845000,27480.000003763413,-513948.8705570707,298.9704556244384,1.024693268871245,105
6850000,27500.000003767487,-512358.9901808335,300.7429921715998,1.0247392940911566,105
6855000,27520.00000377156,-515260.4072541394,301.3438641207753,1.0295293808931194,105
6860000,27540.000003775636,-514934.0694357713,301.68631068930307,1.0294263081568409,105
6865000,27560.00000377971,-512805.08351309504,303.08421213794065,1.021808577742596,105
6870000,27580.000003783785,-515761.09230951243,300.30719578427227,1.029277633649319,105
6875000,27600.00000378786,-514614.48588708905,301.9235632003789,1.0270940730966502,105
6880000,27620.000003791934,-514734.37170152436,298.8647481726468,1.0267162080118049,105
6885000,27640.00000379601,-514133.8392324385,303.4244387430545,1.0245948493369719,105
6890000,27660.000003800084,-515044.52644551615,301.6133060172909,1.0288566245193231,105
6895000,27680.000003804158,-514155.8087299315,302.59018324870556,1.0234067982219517,105
6900000,27700.000003808233,-514393.45973664545,297.8759891400978,1.0294596814937607,105
6905000,27720.000003812307,-514383.8883067563,298.86221497592186,1.0258441381058436,105
6910000,27740.00000381638,-514472.219653988,300.4349492665632,1.023021292188539,105
6915000,27760.000003820456,-514649.40579002816,300.4582587643556,1.0250069666962724,105
6920000,27780.00000382453,-513864.09945846023,298.8572800347425,1.0240583070585985,105
6925000,27800.000003828605,-514773.04558351194,301.0140403467226,1.0235946246539667,105
6930000,27820.00000383268,-513591.0171772216,300.77493028696483,1.0265565678960504,105
6935000,27840.000003836754,-514206.8755481725,299.40637079702276,1.0260491306288422,105
6940000,27860.00000384083,-513977.07376911165,302.5679352324986,1.0240393758509794,105
6945000,27880.000003844903,-513383.472456441,300.80587589934436,1.0253500582951318,105
6950000,27900.000003848978,-513799.80291636265,299.3217853384625,1.0246818555108763,105
6955000,27920.000003853052,-513439.5175323249,300.3960186315153,1.0258154293430686,105
6960000,27940.000003857127,-514699.3310848065,299.32786715768555,1.028018904442509,105
6965000,27960.0000038612,-513485.61669055047,301.5623083911813,1.0281250377642397,105
6970000,27980.000003865276,-514804.6213011723,301.25235580997753,1.0274041125295428,105
6975000,28000.00000386935,-514524.4189493363,299.90812702408783,1.0263825820002201,105
6980000,28020.000003873425,-515308.0801767856,300.4415006195109,1.0265558176044964,105
6985000,28040.0000038775,-515182.1530236674,300.60412164960644,1.026589998241631,105
6990000,28060.000003881574,-514292.5658725337,302.867069952162,1.026125744023609,105
6995000,28080.00000388565,-514791.11726459744,303.3706779656959,1.025336569177985,105
7000000,28100.000003889723,-515834.67288378975,300.31082183564985,1.029574835715309,105
7005000,28120.000003893798,-514940.5964944549,299.5070756335716,1.028396546117864,105
7010000,28140.000003897872,-513709.3582590234,301.63073666504016,1.0267082525927749,105
7015000,28160.000003901947,-514236.8035277878,299.41131030824147,1.0250449827386563,105
7020000,28180.00000390602,-513674.64490147633,299.8014385564885,1.0243630763710918,105
7025000,28200.000003910096,-514650.0181320431,302.7762972076151,1.0237640193592092,105
7030000,28220.00000391417,-513335.0029865822,298.0162416815934,1.0253224329204518,105
7035000,28240.000003918245,-514832.343311402,300.1231112369227,1.0270383327240398,105
7040000,28260.00000392232,-513326.76995418407,303.4037446586352,1.0273557715217478,105
7045000,28280.000003926394,-515621.6981660528,299.9536544579804,1.0280086826061279,105
7050000,28300.00000393047,-515475.3824292745,301.27904504991005,1.0281890816330554,105
7055000,28320.000003934543,-515424.1630223354,298.49034166971273,1.023251119159738,105
7060000,28340.000003938618,-514845.157478329,302.60665351958465,1.0300362481541705,105
7065000,28360.000003942692,-515041.6384488337,298.64575994182627,1.0238977442987984,105
7070000,28380.000003946767,-514250.5577305211,300.0781509954206,1.0295364094559178,105
7075000,28400.00000395084,-514771.27947597764,300.55265420044645,1.025780262413805,105
7080000,28420.000003954916,-513889.64809812116,298.65311815426827,1.0268370910889415,105
7085000,28440.00000395899,-513859.35971113737,300.07346422402725,1.0228744963789949,105
7090000,28460.000003963065,-513549.1146776539,303.7371983746046,1.0204528443934708,105
7095000,28480.00000396714,-514720.1135049118,300.2832858400777,1.0269186839225273,105
7100000,28500.000003971214,-513584.22445896897,302.70459431309894,1.0213223298695875,105
7105000,28520.00000397529,-514089.3142245156,303.97048808076005,1.0253518502295538,105
7110000,28540.000003979363,-515411.3103928091,298.92759555455746,1.0279960314940508,105
7115000,28560.000003983438,-514804.4954739716,302.25621663654016,1.0278294762807199,105
7120000,28580.000003987512,-514411.609921149,299.0530140043447,1.027630702727429,105
7125000,28600.000003991587,-514290.7315703796,300.77490337055025,1.0277447799598876,105
7130000,28620.00000399566,-513325.42410298786,301.79901374851784,1.019659861966355,105
7135000,28640.000003999736,-515439.8607363347,302.6379630368307,1.0308672282779852,105
7140000,28660.00000400381,-516191.7967836482,301.0539323447812,1.030659456743489,105
7145000,28680.000004007885,-513083.12638302636,301.3948788275824,1.0275943989344969,105
7150000,28700.00000401196,-515393.4954843237,301.7009560213171,1.0267868327644778,105
7155000,28720.000004016034,-514661.5925159459,302.64043537093227,1.0251248115767089,105
7160000,28740.00000402011,-515306.3339584193,300.06852273596246,1.0298612301522925,105
7165000,28760.000004024183,-515022.8562294035,301.6141304477727,1.0294766726821216,105
7170000,28780.000004028258,-514744.46777606616,302.0022354469536,1.0249676784901602,105
7175000,28800.000004032332,-514909.3692072462,299.4394586413386,1.0262839989633394,105
7180000,28820.000004036407,-514583.1150480767,300.1434548668606,1.0290573158453507,105
7185000,28840.00000404048,-514603.0374772155,300.86519588813906,1.024025586122576,105
7190000,28860.000004044556,-514565.89934652695,300.537515122279,1.0272921326290967,105
7195000,28880.00000404863,-515559.84061858477,301.2180276310197,1.031749712562894,105
7200000,28900.000004052705,-514915.88292146963,299.8878876349664,1.029066865146335,105
7205000,28920.00000405678,-514808.33825256396,299.4659378093427,1.0264240849992616,105
7210000,28940.000004060854,-514392.83865322475,303.60264123531107,1.025110129648705,105
7215000,28960.00000406493,-516412.5980455135,300.7184796383439,1.0306948017212336,105
7220000,28980.000004069003,-514043.82983686496,298.65288511194547,1.0203769894762629,105
7225000,29000.000004073077,-515332.68436914496,296.8012534385988,1.0237592363406307,105
7230000,29020.000004077152,-514497.9818864621,305.1843298333948,1.0254518448169418,105
7235000,29040.000004081227,-514167.02862852206,302.57702049377707,1.0268679528041276,105
7240000,29060.0000040853,-514659.86394428834,299.80071649046425,1.0254638186511151,105
7245000,29080.000004089376,-515541.69338969793,299.59635842334956,1.0308097559763891,105
7250000,29100.00000409345,-515148.6340031575,300.6659663668098,1.0251994843880246,105
7255000,29120.000004097525,-514082.34585809894,301.47926159044374,1.0276781849475198,105
7260000,29140.0000041016,-514790.36945290794,300.0128563537081,1.0240846816451956,105
7265000,29160.000004105674,-513185.84549726476,299.750141537466,1.0203091711673715,105
7270000,29180.00000410975,-514576.257876087,300.6701281492992,1.0270146669380829,105
7275000,29200.000004113823,-514112.5755329374,300.21845513937274,1.0301677181299633,105
7280000,29220.000004117897,-513876.3400977887,300.3899211570225,1.0253944191017936,105
7285000,29240.000004121972,-513504.07340286113,300.42903845891186,1.0268636090781122,105
7290000,29260.000004126046,-513630.737589258,301.8604229850298,1.0283430313559456,105
7295000,29280.00000413012,-515088.0488836169,304.0568877917649,1.0272641175334754,105
7300000,29300.000004134195,-515826.38320682454,303.6582316547356,1.0282201833783158,105
7305000,29320.00000413827,-516291.8745924821,300.8942753850383,1.0248304554007097,105
7310000,29340.000004142345,-514043.1932787725,299.31626796951053,1.0233805528131477,105
7315000,29360.00000414642,-515812.8467700414,299.3295649939516,1.0295077624404576,105
7320000,29380.000004150494,-514307.23921098793,296.45752773242845,1.0255865045838537,105
7325000,29400.000004154568,-513700.09605888044,296.79330355429505,1.0279288347960869,105
7330000,29420.000004158643,-513267.0316170247,300.9596612418582,1.0268871167372455,105
7335000,29440.000004162717,-513222.6907646181,304.7694667547634,1.0213083703873418,105
7340000,29460.00000416679,-514480.6436101163,298.8111275201748,1.0205990920249772,105
7345000,29480.000004170866,-515065.9008249608,299.1690670466755,1.0269153592577098,105
7350000,29500.00000417494,-514593.58394444524,303.0064129284657,1.029324396342284,105
7355000,29520.000004179015,-514382.6940473104,301.62730331101426,1.02606261617386,105
7360000,29540.00000418309,-514884.5883166203,299.8692488127439,1.028106022185427,105
7365000,29560.000004187164,-514781.7532883899,301.17334909462215,1.0231543833205254,105
7370000,29580.00000419124,-514480.15817989106,299.8673764710818,1.0253872504373875,105
7375000,29600.000004195314,-515868.7170068959,301.0235703528879,1.0250813788098718,105
7380000,29620.000004199388,-514747.68450403237,302.2205966727716,1.0258780183993363,105
7385000,29640.000004203463,-514822.22663286235,300.68662912181406,1.0261548943014487,105
7390000,29660.000004207537,-514893.9238307744,298.53917232422685,1.0277269884310747,105
7395000,29680.00000421161,-514060.72175483266,302.47954392022865,1.0261583199408197,105
7400000,29700.000004215686,-515738.88194472506,301.0872844092163,1.026409600321229,105
7405000,29720.00000421976,-514874.17538895947,299.19761292921453,1.0270058897933507,105
7410000,29740.000004223835,-515179.1241363867,299.81022902568463,1.026732872708195,105
7415000,29760.00000422791,-515765.68645014963,300.4607611371959,1.0296908367133053,105
7420000,29780.000004231984,-514947.0813367856,302.07666640607084,1.027443493524753,105
7425000,29800.00000423606,-513948.46985978656,300.3869115314349,1.0255035756128479,105
7430000,29820.000004240133,-514652.589870587,300.20303932218513,1.0279020078283492,105
7435000,29840.000004244208,-513498.90649663797,300.7279288700095,1.026942535802274,105
7440000,29860.000004248282,-514356.5588541515,302.21531362220367,1.0268314395965075,105
7445000,29880.000004252357,-514142.9280615477,299.20661006013165,1.029174298148476,105
7450000,29900.00000425643,-515085.9532119504,303.151104558889,1.0259613229074669,105
7455000,29920.000004260506,-515019.0294093895,301.43893159110587,1.027734331292613,105
7460000,29940.00000426458,-514665.05637798854,303.894408614829,1.026151847570109,105
7465000,29960.000004268655,-514616.80590145313,300.5923260580683,1.0260671627892584,105
7470000,29980.00000427273,-514991.9697249904,304.6738010866683,1.0290543113134736,105
7475000,30000.000004276804,-514162.8627181479,298.84023221744434,1.02552503974944,105
7480000,30020.00000428088,-516107.62947016396,302.02812077186826,1.027242850499468,105
7485000,30040.000004284953,-514356.58463546936,300.29589916517426,1.0285203166796875,105
7490000,30060.000004289028,-514408.1895951426,298.41413792863506,1.023583363068194,105
7495000,30080.000004293102,-513840.5081162434,302.25641794327754,1.0271498731549393,105
7500000,30100.000004297177,-514111.1227494604,298.6200991093616,1.0240041915848341,105
7505000,30120.00000430125,-514590.8553108822,301.75085908732683,1.024638900513458,105
7510000,30140.000004305326,-513289.56324209995,302.6619265571936,1.0237679706671112,105
7515000,30160.0000043094,-514023.2732319082,300.09440058138085,1.0234514663581413,105
7520000,30180.000004313475,-515629.8235652477,300.7776691282445,1.0262117067255023,105
7525000,30200.00000431755,-514878.512415037,300.5882642891489,1.0269953992237506,105
7530000,30220.000004321624,-515167.00592323043,301.88159511926233,1.0281263165149805,105
7535000,30240.0000043257,-514289.42439855495,298.1129965856655,1.0267120297839396,105
7540000,30260.000004329773,-514020.6835315847,301.96111535685634,1.0215092585215249,105
7545000,30280.000004333848,-515673.0230580729,302.1969069506533,1.0304613625534382,105
7550000,30300.000004337922,-514991.9504650417,302.4253339217431,1.0316712955431842,105
7555000,30320.000004341997,-514174.99002187117,301.08213191849745,1.0250128349172878,105
7560000,30340.00000434607,-515850.040638888,300.36139566158516,1.0275280182094941,105
7565000,30360.000004350146,-513213.4022409136,300.1373166487667,1.0269594334408767,105
7570000,30380.00000435422,-514239.44780520233,298.69172972486155,1.0310735041791255,105
7575000,30400.000004358295,-514831.88643431105,300.89325544657214,1.0280565577349519,105
7580000,30420.00000436237,-513993.44629354053,300.3821006317856,1.022831810524891,105
7585000,30440.000004366444,-514358.6991936839,303.0928645556743,1.02493488954839,105
7590000,30460.00000437052,-514426.0724872616,302.1891173883468,1.0231326137312784,105
7595000,30480.000004374593,-512613.6885532958,299.5942000421439,1.0224976192602009,105
7600000,30500.000004378668,-514633.76977993106,300.86342547356116,1.0206544193940903,105
7605000,30520.000004382742,-515199.0005994113,301.29182058594614,1.025190715014779,105
7610000,30540.000004386817,-514760.94482242456,301.499154088095,1.024788794935146,105
7615000,30560.00000439089,-515039.74319940596,302.4241623679106,1.0277611605561878,105
7620000,30580.000004394966,-514782.35759482905,303.1524398526755,1.0268799656049707,105
7625000,30600.00000439904,-515200.26342677395,301.3731730105535,1.0256679619206142,105
7630000,30620.000004403115,-514522.86124181724,300.52780693312053,1.0276626536087765,105
7635000,30640.00000440719,-515632.78993367404,302.3222751556494,1.0304643776898132,105
7640000,30660.000004411264,-514152.4674124711,298.71194067841907,1.0251934379838257,105
7645000,30680.00000441534,-514199.8457795223,299.6953323435871,1.0277165028480744,105
7650000,30700.000004419413,-514621.14285616786,297.5882052374135,1.0235297641380376,105
7655000,30720.000004423488,-513663.2926006811,298.24173416635904,1.0272080935794254,105
7660000,30740.000004427562,-514455.05650904845,301.1680800122092,1.027119262550443,105
7665000,30760.000004431637,-515192.015227264,297.8701630786568,1.0262485976502855,105
7670000,30780.00000443571,-514758.06228381,299.6198372777488,1.0241835927340632,105
7675000,30800.000004439786,-514984.0101347398,302.742650869527,1.026243531591235,105
7680000,30820.00000444386,-514607.17850478087,300.0707986152192,1.0244367573909579,105
7685000,30840.000004447935,-515861.7330272675,299.43066676156985,1.0295817398727216,105
7690000,30860.00000445201,-514330.8852575959,303.2067388948816,1.0267976127530962,105
7695000,30880.000004456084,-514423.11239475897,300.7823921605892,1.0274079140616945,105
7700000,30900.00000446016,-514851.91451466945,303.18936656945135,1.032024728423566,105
7705000,30920.000004464233,-514890.30061312835,302.4713104466039,1.032863944367468,105
7710000,30940.000004468307,-513723.5971603878,303.39434836753384,1.0276727714862726,105
7715000,30960.000004472382,-514130.4771400052,303.91149567998394,1.0239336455418326,105
7720000,30980.000004476457,-514252.2293665584,298.51615042502397,1.0249547482555927,105
7725000,31000.00000448053,-513870.733688063,298.3263659674929,1.0259757426714524,105
7730000,31020.000004484606,-515289.82556602615,302.1398375757068,1.0274383039739927,105
7735000,31040.00000448868,-515693.5474986159,298.66014007230854,1.0291622163703356,105
7740000,31060.000004492755,-514230.1682225601,299.4211192324177,1.0250465211162396,105
7745000,31080.00000449683,-513608.13601639424,301.5677048400677,1.0222625900621212,105
7750000,31100.000004500904,-514331.2021162936,299.5032861891432,1.027758045509244,105
7755000,31120.00000450498,-515021.5942858348,305.3260952238957,1.0257730449890303,105
7760000,31140.000004509053,-513954.50713686785,300.7094143343374,1.0253395212782306,105
7765000,31160.000004513127,-515177.9456937327,301.9170638301085,1.026027853556613,105
7770000,31180.000004517202,-514977.3041918441,303.9874113057235,1.0250552111698776,105
7775000,31200.000004521276,-513224.96782907913,301.990684097799,1.0269028936275921,105
7780000,31220.00000452535,-514368.09897921793,299.0447954360248,1.026535396223167,105
7785000,31240.000004529425,-514116.89667015267,299.6642301966412,1.0237573989197166,105
7790000,31260.0000045335,-514797.3233847462,299.5265502190567,1.022507524413516,105
7795000,31280.000004537575,-514001.8193023689,300.89069648236244,1.0236996145180355,105
7800000,31300.00000454165,-514394.141002869,300.13529578593125,1.022997929032033,105
7805000,31320.000004545724,-515014.194364873,303.8105713273719,1.0259789756088744,105
7810000,31340.000004549798,-515646.32961323834,299.8240831375695,1.028280933467945,105
7815000,31360.000004553873,-513759.9519478127,298.53497345950683,1.0266482134855077,105
7820000,31380.000004557947,-515687.3347988406,302.5385817158356,1.030238731904875,105
7825000,31400.00000456202,-513465.55514495913,300.31999379390055,1.0256848946770194,105
7830000,31420.000004566096,-514820.0766169252,302.33408095195955,1.0271803622588707,105
7835000,31440.00000457017,-515606.48759020725,301.57620644727297,1.0294540093224183,105
7840000,31460.000004574245,-514094.69525214634,302.9731696522383,1.0250385925844177,105
7845000,31480.00000457832,-515245.03958002664,302.3171254872846,1.0280885126680084,105
7850000,31500.000004582394,-514664.2542663866,301.2485926728892,1.0254682947866607,105
7855000,31520.00000458647,-514324.44405981945,300.6032903652088,1.025890059784382,105
7860000,31540.000004590544,-514760.29058544687,302.07272201080644,1.0283136161602784,105
7865000,31560.000004594618,-515481.8181586119,300.83508215884495,1.0267795331895322,105
7870000,31580.000004598693,-514922.3909563136,303.3877599783351,1.0293226996647848,105
7875000,31600.000004602767,-515285.6227431025,300.54589076069846,1.0289276295494139,105
7880000,31620.00000460684,-514490.268309867,302.1143259850338,1.0248559555153165,105
7885000,31640.000004610916,-515179.7395768359,300.4029088573676,1.0276167884857068,105
7890000,31660.00000461499,-513898.70922445017,300.37868325103733,1.0241826587323821,105
7895000,31680.000004619065,-514676.13115020003,299.96081557580555,1.0267291400335838,105
7900000,31700.00000462314,-515668.9860996511,303.0248275282243,1.0276780397642182,105
7905000,31720.000004627214,-514959.08347129286,301.625679406493,1.0266534790201585,105
7910000,31740.00000463129,-514071.1199782542,301.84148582006947,1.0276481939085598,105
7915000,31760.000004635363,-514749.4131074655,304.9289580290349,1.0273629271488804,105
7920000,31780.000004639438,-515311.17243871884,299.28880008842276,1.023837195635455,105
7925000,31800.000004643513,-514050.7810944542,299.8289342321861,1.026261255592535,105
7930000,31820.000004647587,-512919.06361379963,301.362756040692,1.0233762664245252,105
7935000,31840.00000465166,-515217.3898281483,300.6689002894281,1.0314108136912816,105
7940000,31860.000004655736,-514968.9137273254,298.7708599585594,1.0269140047545122,105
7945000,31880.00000465981,-514007.6050463321,303.0073917634644,1.0263735370509022,105
7940000,31860.000004655736,-514437.5833071305,298.72498835821045,1.0256308145407023,--
7945000,31880.00000465981,-513809.13155100984,301.8522844571772,1.024318271496791,107
7950000,31900.000004663885,-515132.949537175,302.94024269150015,1.0257299976452927,107
7955000,31920.00000466796,-515875.4082563652,304.3162046328085,1.0253425795860613,106
7960000,31940.000004672034,-513589.44154555025,302.2503408105487,1.025569363223037,106
7965000,31960.00000467611,-515803.1895049345,299.4619752171637,1.028964296815697,106
7970000,31980.000004680183,-515196.9069892166,303.3546231542891,1.0262275739274003,106
7975000,32000.000004684258,-515314.12147462927,301.06850565131623,1.0297684752298173,106
7980000,32020.000004688332,-515763.3952504804,300.7607087485927,1.0304685743413533,106
7985000,32040.000004692407,-513701.7937063214,301.01926994468766,1.0252201855277605,106
7990000,32060.00000469648,-514059.13802506775,301.77207458370003,1.0261548413291401,106
7995000,32080.000004700556,-514784.72732555354,300.53998986433277,1.025903653062384,106
8000000,32100.00000470463,-514604.36192214675,298.8444837097516,1.021258127187097,106
8005000,32120.000004708705,-515572.2230665777,300.32432442898096,1.028884472542175,106
8010000,32140.00000471278,-513922.2691963946,301.2859458602913,1.027722382281169,106
8015000,32160.000004716854,-513672.3560194622,299.37326815981623,1.0263871555517088,106
8020000,32180.00000472093,-514836.0860247053,302.1242673919612,1.0242931723979622,106
8025000,32200.000004725003,-514312.42804394034,300.00410455688234,1.0231180027172828,106
8030000,32220.000004729078,-514143.6110598922,301.7880163418371,1.0241128329000317,106
8035000,32240.000004733152,-514255.1798982599,302.3555166042751,1.0290085447090933,106
8040000,32260.000004737227,-515231.95855538663,302.1963681938789,1.029857633782076,106
8045000,32280.0000047413,-513801.7053647742,300.6856785459876,1.0248742118818823,105
8050000,32300.000004745376,-514774.2946322961,301.851802940526,1.0275027924412652,105
8055000,32320.00000474945,-514539.2642423257,301.7753263019749,1.0291524834498187,105
8060000,32340.000004753525,-515568.95981672965,302.4595552954872,1.030359841453814,105
8065000,32360.0000047576,-514586.9348187945,296.85344288973533,1.025864841595019,105
8070000,32380.000004761674,-515691.5386979459,302.88068928294393,1.025390494681435,105
8075000,32400.00000476575,-513175.1867790229,301.5501682416763,1.0284477947096304,105
8080000,32420.000004769823,-514500.81218018825,303.40679463728213,1.0290093598407397,105
8085000,32440.000004773898,-514406.8484386625,301.5918408642139,1.026225144613902,105
8090000,32460.000004777972,-515665.3539759172,298.73251734472046,1.0282764664181474,105
8095000,32480.000004782047,-514142.5748425466,303.2578823208391,1.0262338584710908,105
8100000,32500.00000478612,-514036.98604419385,301.50169061610126,1.025447083002239,105
8105000,32520.000004790196,-514840.05535478937,300.1983847479873,1.0255401267417994,105
8110000,32540.00000479427,-514478.6433070493,300.9693193916976,1.027254530347547,105
8115000,32560.000004798345,-515897.3512813933,300.5528384274156,1.029933626067966,105
8120000,32580.00000480242,-514732.0995142204,300.08951545192684,1.0260906112206905,105
8125000,32600.000004806494,-514670.40343729476,301.683603555865,1.0207714912526733,105
8130000,32620.00000481057,-514393.342085124,299.58399522363186,1.025955924944425,105
8135000,32640.000004814643,-514944.6422875775,300.15278771083024,1.0267580686166446,105
8140000,32660.000004818718,-515065.9459738578,301.07850189773114,1.0220679747322157,105
8145000,32680.000004822792,-514744.45632607094,301.05028006820703,1.027413526084589,105
8150000,32700.000004826867,-514196.91143491725,300.6866187860618,1.0238630668640583,105
8155000,32720.00000483094,-514995.75061506126,302.13131256075854,1.0298979346482398,105
8160000,32740.000004835016,-514817.2934191115,300.48986484366475,1.0314318171422572,105
8165000,32760.00000483909,-515290.3211229758,300.26553718689775,1.0306780622978582,105
8170000,32780.00000484316,-515536.89342468884,302.5731257303256,1.0257462283128442,105
8175000,32800.000004847236,-514798.15724237706,299.6908288890477,1.0272007895203317,105
8180000,32820.00000485131,-514332.84243398486,300.4241637377746,1.0303074264488186,105
8185000,32840.000004855385,-514880.8794849473,300.9425478302504,1.027719246598147,105
8190000,32860.00000485946,-514054.8389878222,299.3145284984343,1.0254477098079087,105
8195000,32880.000004863534,-514876.30487170815,300.8638974019927,1.024782684204706,105
8200000,32900.00000486761,-514920.2666344205,303.59390671327503,1.0259938849040253,105
8205000,32920.00000487168,-515149.576182917,299.0438718008676,1.0262775314912906,105
8210000,32940.00000487576,-513857.2373675364,300.6682458490228,1.0242585975705774,105
8215000,32960.00000487983,-514357.06517219474,299.6278386285003,1.0234124330952747,105
8220000,32980.00000488391,-515153.8439833233,303.9253456773026,1.0255198205023828,105
8225000,33000.00000488798,-514359.81564497855,300.1977821569226,1.0244977556582378,105
8230000,33020.000004892056,-514816.7724936928,301.1260311506099,1.0264065926788857,105
8235000,33040.00000489613,-515606.1826980065,300.15894013155184,1.0277532163793954,105
8240000,33060.000004900205,-513953.4080570373,300.6016078121316,1.0246119706401082,105
8245000,33080.00000490428,-513347.0476957923,300.5376828529401,1.0247956046799638,105
8250000,33100.000004908354,-514283.73139376077,302.81210247607424,1.024993542180668,105
8255000,33120.00000491243,-514372.5571047338,303.9905940973143,1.0272101372245492,105
8260000,33140.0000049165,-515169.5620405697,297.0281084657901,1.0287550900404765,105
8265000,33160.00000492058,-515411.8770312865,301.4920064299533,1.0255999257079822,105
8270000,33180.00000492465,-513805.5962210046,302.6767270323443,1.024990698206731,105
8275000,33200.00000492873,-514772.2579624716,301.3058640543274,1.035851808026051,105
8280000,33220.0000049328,-514099.1426442526,302.23039459561,1.027270304308086,105
8285000,33240.000004936875,-515089.3509009951,301.63477454879524,1.0249145294416606,105
8290000,33260.00000494095,-514919.746280181,299.0348764549468,1.0272012720058548,105
8295000,33280.000004945025,-514467.38224189193,299.9992026910259,1.0299922048414407,105
8300000,33300.0000049491,-514686.4008217652,300.99549272885884,1.0314721734334815,105
8305000,33320.00000495317,-513928.0683073136,300.85194840029305,1.0282014829784256,105
8310000,33340.00000495725,-515031.5858255266,300.9884527694311,1.0229660670290004,105
8315000,33360.00000496132,-513962.73621715815,299.3201555695267,1.025721825154532,105
8320000,33380.0000049654,-515395.03960727993,302.5532205385829,1.0305637544406978,105
8325000,33400.00000496947,-514671.4300026358,301.2308799516702,1.027226830940009,105
8330000,33420.000004973546,-514672.4573411483,302.5167033927158,1.0268676302343502,105
8335000,33440.00000497762,-514544.04236305854,303.08822447390844,1.027732749960745,105
8340000,33460.000004981695,-514800.22217641,301.6537800950671,1.0276696045856417,105
8345000,33480.00000498577,-514504.768879568,301.36074311689174,1.0250632027012243,105
8350000,33500.000004989844,-514575.4475979337,298.74689908438637,1.0236020519824418,105
8355000,33520.00000499392,-513972.96434363746,298.8831140467394,1.0283653829820023,105
8360000,33540.00000499799,-515593.34393982403,300.91498288938607,1.0268855387703648,105
8365000,33560.00000500207,-515276.0797963913,301.5739349055119,1.030688147671111,105
8370000,33580.00000500614,-513447.2544581536,299.7465892732396,1.0195886184293477,105
8375000,33600.00000501022,-514905.14018919645,301.0533611177385,1.0228728022529405,105
8380000,33620.00000501429,-514101.5541644825,302.10957721183155,1.0272537162398616,105
8385000,33640.000005018366,-515420.2805987722,303.68875568471566,1.0239147117421714,105
8390000,33660.00000502244,-514393.2285894011,297.70168257395676,1.0280521157390132,105
8395000,33680.000005026515,-514581.67004981753,301.8748681032896,1.0277015140588848,105
8400000,33700.00000503059,-514362.4541607688,302.806461093714,1.029397117331798,105
8405000,33720.000005034664,-514879.91665980755,301.67966872547106,1.0304767835176212,105
8410000,33740.00000503874,-513716.0588559122,299.88386621995187,1.0242249748617853,105
8415000,33760.00000504281,-514313.92872702517,302.86766951701054,1.026944845449481,105
8420000,33780.00000504689,-515092.7625819077,298.37544256863237,1.028733244959695,105
8425000,33800.00000505096,-514769.3658299453,299.7068580824232,1.0262452289456268,105
8430000,33820.00000505504,-514377.7848806293,302.4890399911124,1.024009051249987,105
8435000,33840.00000505911,-514618.84292085445,300.3313222186145,1.0285312140975946,105
8440000,33860.000005063186,-514344.92895179265,301.6205348078575,1.0247309002875442,105
8445000,33880.00000506726,-514664.31309327064,303.39798286730456,1.0289798486930497,105
8450000,33900.000005071335,-513735.5630639815,298.8236106450181,1.0275191028592996,105
8455000,33920.00000507541,-513941.64502154686,301.2517997566127,1.027360918877599,105
8460000,33940.000005079484,-514909.78552394453,301.7648396213735,1.0280253108629744,105
8465000,33960.00000508356,-514607.1877957282,303.51874484773543,1.0272378062608063,105
8470000,33980.00000508763,-515244.51818618807,301.7137503214928,1.0296166959185362,105
8475000,34000.00000509171,-515498.5004534414,301.22187145510406,1.0278990630383125,105
8480000,34020.00000509578,-514587.2048797861,302.47450369160833,1.028231616210131,105
8485000,34040.00000509986,-514043.85714309243,299.6826258963232,1.0246172023138247,105
8490000,34060.00000510393,-515525.1038097616,301.06417274991145,1.0307737972821451,105
8495000,34080.000005108006,-514384.2607449079,299.22230302019767,1.0272819256324048,105
8500000,34100.00000511208,-514781.18969333987,302.1833709679976,1.0245932513161664,105
8505000,34120.000005116155,-514681.3898257434,303.4139188087881,1.024795823442444,105
8510000,34140.00000512023,-515241.5826497725,301.5287568905974,1.0255418101721725,105
8515000,34160.000005124304,-516546.89146270114,304.7790088500643,1.0245477331037773,105
8520000,34180.00000512838,-515525.07428283454,302.9290796907399,1.025211235441459,105
8525000,34200.00000513245,-514135.7745303493,303.0824113905106,1.0237541469029683,105
8530000,34220.00000513653,-514846.63874992914,299.918035876749,1.0332869688053576,105
8535000,34240.0000051406,-514759.4031394429,299.882385041717,1.02680741524084,105
8540000,34260.00000514468,-514032.42437395244,302.154195303044,1.0238941325539042,105
8545000,34280.00000514875,-514959.60311891534,302.4674023001492,1.0251477662211996,105
8550000,34300.000005152826,-515237.17067780625,300.135987249466,1.0271390213796936,105
8555000,34320.0000051569,-514156.3155500123,299.9643444833517,1.028263220702487,105
8560000,34340.000005160975,-515059.1511326013,298.5130996091752,1.0251543633832705,105
8565000,34360.00000516505,-514922.86941477354,299.0642850488191,1.027333944312449,105
8570000,34380.000005169124,-515742.1653036084,298.3933824347115,1.0261374774325214,105
8575000,34400.0000051732,-516021.3837582208,300.7881721891105,1.0314973363392643,105
8580000,34420.00000517727,-513805.87709903717,300.7427967720506,1.028019611192067,105
8585000,34440.00000518135,-514046.7626764248,300.33750884832835,1.0219680253251442,105
8590000,34460.00000518542,-513398.6071224662,302.42213873371446,1.0257578738120467,105
8595000,34480.0000051895,-516034.05757142324,300.7935961249266,1.0243465054909753,105
8600000,34500.00000519357,-515026.4241452741,302.21772865868377,1.0294964859148703,105
8605000,34520.000005197646,-515045.08573120227,301.1871443601505,1.0283429677005118,105
8610000,34540.00000520172,-514657.5484710566,303.50036261211176,1.023621203022156,105
8615000,34560.000005205795,-514658.53587597446,300.2352439640387,1.0241556608605766,105
8620000,34580.00000520987,-514365.7590018958,302.4345716053874,1.0269370141270426,105
8625000,34600.000005213944,-515036.1573412274,300.53865066674337,1.029059869263075,105
8630000,34620.00000521802,-515961.2403487258,303.48583562948335,1.0232149008766787,105
8635000,34640.00000522209,-514453.3544174866,302.986272461641,1.0283306505586554,105
8640000,34660.00000522617,-513446.38163300604,301.69432604400134,1.023434489029255,105
8645000,34680.00000523024,-514040.8034365189,300.8356746988421,1.0292905597719584,105
8650000,34700.00000523432,-515475.03170955065,300.41625768482663,1.0256273234122637,105
8655000,34720.00000523839,-514456.04181684554,305.2239891819488,1.0264729536399766,105
8660000,34740.000005242466,-514549.5736871974,299.4083375702879,1.0262942475300518,105
8665000,34760.00000524654,-514249.06046566507,303.48185938641296,1.026269476965044,105
8670000,34780.000005250615,-514202.4408722732,301.8777033750237,1.0256121023526652,105
8675000,34800.00000525469,-515503.1507489397,302.80043827627435,1.0295711944753003,105
8680000,34820.000005258764,-513780.64821453555,300.7738234837812,1.0246033938912815,105
8685000,34840.00000526284,-514877.7491512655,299.7475800809853,1.0290073480604267,105
8690000,34860.00000526691,-513753.57270613406,300.75746706836304,1.023455372893976,105
8695000,34880.00000527099,-514846.3622944616,304.1671689180735,1.02405211333287,105
8700000,34900.00000527506,-514846.0009241954,301.9082213439603,1.0263080153909967,105
8705000,34920.00000527914,-514942.5610429561,301.25326219807965,1.0228088949959193,105
8710000,34940.00000528321,-514603.11043201946,300.9537280318457,1.0245468296192755,104
8715000,34960.000005287286,-515232.5486529793,299.90167213155206,1.025112998491409,104
8720000,34980.00000529136,-513978.2152437116,300.3544847988948,1.0259558102383775,104
8725000,35000.000005295435,-515423.79111148533,301.2573915011524,1.0279524058561291,104
8730000,35020.00000529951,-514332.3758481324,302.7264500813692,1.0283896181725998,104
8735000,35040.000005303584,-516092.1272897108,301.9604462939598,1.0307917865755327,104
8740000,35060.00000530766,-513333.66314639803,302.4262000712532,1.0290975853547242,104
8745000,35080.00000531173,-515353.2035956369,303.4080578184191,1.0262736068846166,104
8750000,35100.00000531581,-513950.37316425005,302.85971829056155,1.024408236664441,104
8755000,35120.00000531988,-515211.2189373409,302.336034639134,1.0257843951580805,104
8760000,35140.00000532396,-514292.51131027634,300.1500506043803,1.0270310009797576,104
8765000,35160.00000532803,-513606.3483275792,301.0279464297565,1.0230500744092335,104
8770000,35180.000005332106,-514747.7646740654,300.68635816292965,1.0280830454008312,104
8775000,35200.00000533618,-513803.62935047643,302.61749145536413,1.0261111331333905,104
8780000,35220.000005340255,-514936.4521974337,300.69576816690676,1.0300292741420396,104
8785000,35240.00000534433,-515523.15720409225,303.9210279839249,1.0258000614946121,104
8790000,35260.000005348404,-514695.753555347,299.07296058325676,1.0264478457283683,104
8795000,35280.00000535248,-514604.0121813137,302.80489827223926,1.0261524306431966,104
8800000,35300.00000535655,-514573.4054582862,297.58922050009517,1.0295839786501155,104
8805000,35320.00000536063,-515286.4400217077,302.3097056398149,1.028072778895546,104
8810000,35340.0000053647,-514475.1225471918,302.62676775653824,1.0261056771134787,104
8815000,35360.000005368776,-515329.14973562444,301.14442327725936,1.0249501130995804,104
8820000,35380.00000537285,-514727.3432235648,304.10716360897237,1.021189972648867,104
8825000,35400.000005376925,-514955.4143449906,301.4651569297065,1.0228325639778004,104
8830000,35420.000005381,-514817.9714070712,301.8085467576057,1.026237283450581,104
8835000,35440.000005385074,-514529.45167967444,303.86983427819206,1.0249774752282512,104
8840000,35460.00000538915,-513817.73762878333,303.84218049060746,1.0253163768250793,104
8845000,35480.00000539322,-515813.85052469745,301.9306341222145,1.02696686649874,104
8850000,35500.0000053973,-514570.05169346044,304.52866790541714,1.0270203502407622,104
8855000,35520.00000540137,-514908.04554820666,301.4660687887704,1.020459307858731,104
8860000,35540.00000540545,-516120.9717487744,301.01112528884175,1.0238894299440635,104
8865000,35560.00000540952,-514861.8318775238,301.1959735678825,1.0235329393951722,104
8870000,35580.000005413596,-514186.86592807155,301.92163332724556,1.024276108348525,104
8875000,35600.00000541767,-514212.9518966358,301.3706758899958,1.0271049750785104,104
8880000,35620.000005421745,-514638.1983460856,304.18455104419905,1.02887901421945,104
8885000,35640.00000542582,-513289.87833350804,303.25400600122384,1.0240475125281467,104
8890000,35660.000005429894,-513624.3363839283,300.2152855083469,1.0240879575996333,104
8895000,35680.00000543397,-515206.63127585547,301.6159237250671,1.025909294984366,104
8900000,35700.00000543804,-513953.90648924164,299.64001925983695,1.0275904826302524,104
8905000,35720.00000544212,-514858.8700774866,303.2632450271293,1.023683550386103,104
8910000,35740.00000544619,-513406.1205727989,301.13524280018805,1.0266513124409717,104
8915000,35760.00000545027,-514601.98170117405,301.7977496942595,1.0279483877072644,104
8920000,35780.00000545434,-515585.9739833134,299.3600351174961,1.0255659317513148,104
8925000,35800.000005458416,-512911.07416551816,301.9898799296819,1.0259796142450675,104
8930000,35820.00000546249,-513811.8421569972,300.3534541693433,1.0243289732739462,104
8935000,35840.000005466565,-514494.7410745064,300.13651239562927,1.0279298353350856,104
8940000,35860.00000547064,-515674.64480893384,303.2558096983887,1.0277880137325242,104
8945000,35880.000005474714,-514497.8928790635,301.39691047454596,1.0282322772370398,104
8950000,35900.00000547879,-513975.102861542,301.26390226182036,1.025530940278425,104
8955000,35920.00000548286,-515756.53356921,299.5566231933825,1.029908532378094,104
8960000,35940.00000548694,-515427.1559887172,300.5145664195278,1.0229677807179498,104
8965000,35960.00000549101,-514873.46599714924,300.79480344391084,1.0317261844761672,104
8970000,35980.00000549509,-515297.2160208705,299.1534134078139,1.0263103537158145,104
8975000,36000.00000549916,-514442.254547989,300.13306288497307,1.0314718084472894,104
8980000,36020.000005503236,-514321.92580627184,300.0960166163412,1.0261119887427859,104
8985000,36040.00000550731,-514134.9752235864,302.1920673884504,1.02151397102162,104
8990000,36060.000005511385,-515359.53380345926,298.53387590458146,1.0291585156931287,104
8995000,36080.00000551546,-514329.0272551556,299.9871987083067,1.0282217375378095,104
9000000,36100.000005519534,-514408.3628717754,301.77468076314597,1.0237188313959311,104
9005000,36120.00000552361,-514431.5787342009,299.3599100493671,1.029218270763783,104
9010000,36140.00000552768,-515430.23124524695,300.6811370372103,1.0304068219863132,104
9015000,36160.00000553176,-514915.3870095217,300.5356381260773,1.0265561286196052,104
9020000,36180.00000553583,-514995.5648668986,301.6422109888645,1.0311898222524944,104
9025000,36200.00000553991,-515375.30311277974,301.23425465524576,1.0273573392960866,104
9030000,36220.00000554398,-512850.90152347856,300.97515840205244,1.0253601659837657,104
9035000,36240.000005548056,-513573.9146358913,297.849742247647,1.024463196228405,104
9040000,36260.00000555213,-514406.8371790645,303.1279822963998,1.0253068749011525,104
9045000,36280.000005556205,-515036.7017475725,301.44884797347356,1.0261689067808117,104
9050000,36300.00000556028,-513057.07535501104,302.9302520682014,1.027882597421841,104
9055000,36320.000005564354,-516379.25007906253,301.02896831758704,1.0257970257868905,104
9060000,36340.00000556843,-513243.1691672851,299.09518514828994,1.0261413987367043,104
9065000,36360.0000055725,-514406.13894920796,300.29236203803583,1.0260601617199843,104
9070000,36380.00000557658,-515103.37316685193,303.32362915105426,1.026735261489969,104
9075000,36400.00000558065,-514877.6812622922,299.97131699204107,1.0254972125744606,104
9080000,36420.00000558473,-514743.97448839457,300.4672230791633,1.0249939364014276,104
9085000,36440.0000055888,-513831.8253617389,299.29157088947863,1.022297957361127,104
9090000,36460.000005592876,-514230.540835049,302.6225177283748,1.0290350876525627,104
9095000,36480.00000559695,-514283.2127997773,301.25028582446714,1.0253357666114644,104
9100000,36500.000005601025,-514048.8104081601,300.5503926233425,1.0229670590144775,104
9105000,36520.0000056051,-515183.64858033997,299.92392539893456,1.027640459305751,104
9110000,36540.000005609174,-514449.05885079247,302.26453184943193,1.027965349889618,104
9115000,36560.00000561325,-514957.20450113504,298.6596065875051,1.0312006094763844,104
9120000,36580.00000561732,-515485.0985529602,300.43930453482585,1.027149497903567,104
9125000,36600.0000056214,-512875.7542924036,299.90766203410385,1.0249100959704247,104
9130000,36620.00000562547,-516351.9832660109,301.0067964511576,1.0251241764839008,104
9135000,36640.00000562955,-514677.85845412104,302.14416336060157,1.0270753033470914,104
9140000,36660.00000563362,-514953.88108980376,299.48223284640085,1.025411212631481,104
9145000,36680.000005637696,-513955.7577843643,301.3241657850648,1.0257340979091905,104
9150000,36700.00000564177,-514892.6795767136,300.7384577335543,1.026675582811782,104
9155000,36720.000005645845,-514838.029637309,301.1051862804941,1.024890019917638,104
9160000,36740.00000564992,-514422.5601364607,301.1770987938698,1.0305638432862165,104
9165000,36760.000005653994,-514352.1311843798,302.23252275083496,1.0259768504153595,104
9170000,36780.00000565807,-515061.66253633914,299.63708438145466,1.0278142010949596,104
9175000,36800.00000566214,-515028.04430156294,299.29185855455637,1.0261512309946577,104
9180000,36820.00000566622,-514597.66266897996,298.5231911423911,1.020645786831424,104
9185000,36840.00000567029,-514591.97569493693,301.63577358021524,1.0261769793260571,104
9190000,36860.00000567437,-514216.55828219885,299.23768895950866,1.0269498162712642,104
9195000,36880.00000567844,-515349.07606077613,299.77303272268796,1.0285025556801408,104
9200000,36900.000005682516,-516053.7507633455,300.46118535475284,1.0241860231969977,104
9205000,36920.00000568659,-514793.905211854,303.93121395106766,1.025038280682063,104
9210000,36940.000005690665,-513975.37490358856,300.6390022880217,1.0235707956060385,104
9215000,36960.00000569474,-514387.97290323046,300.60037253326504,1.0216392248072519,104
9220000,36980.000005698814,-514163.00845538266,301.0779462514832,1.0280521485058745,104
9225000,37000.00000570289,-514487.47365370975,300.30796956176795,1.028780821074864,104
9230000,37020.00000570696,-514338.61196638946,301.1632198486096,1.023298833591265,104
9235000,37040.00000571104,-514039.8850532181,301.1478314993882,1.0226841217388414,103
9240000,37060.00000571511,-515630.6360235757,301.2657988946462,1.0286401531502147,103
9245000,37080.00000571919,-513623.56899258844,301.2409905210415,1.02234450906311,103
9250000,37100.00000572326,-515657.4301823084,299.38559452990944,1.0253521081566392,103
9255000,37120.000005727336,-514486.0175912208,301.54103160407004,1.0299059515585294,103
9260000,37140.00000573141,-515504.59655304323,298.5829879405336,1.0289012833165059,103
9265000,37160.000005735485,-514435.2351258681,301.95110135461783,1.024718019240483,103
9270000,37180.00000573956,-514461.4855136585,298.62216462263876,1.0275268679995766,103
9275000,37200.000005743634,-513909.6514107252,301.4424755392208,1.0256439355642764,103
9280000,37220.00000574771,-515316.0382666001,300.5212868451111,1.0272353176813191,103
9285000,37240.00000575178,-515295.9562997788,300.6727332827384,1.0270625031627867,103
9290000,37260.00000575586,-515341.5842867512,303.06721372626987,1.0292026173158557,103
9295000,37280.00000575993,-515039.58958408865,299.91947890541127,1.022862404948835,103
9300000,37300.000005764006,-512791.27635239204,302.7072807003307,1.0242381937709926,103
9305000,37320.00000576808,-515683.0675111003,302.14818884139356,1.0260998804381416,103
9310000,37340.000005772155,-514711.54974607495,300.880644687577,1.0250012921027936,103
9315000,37360.00000577623,-514063.17998760217,301.94717237747295,1.0297402670557074,103
9320000,37380.000005780304,-513867.7320103792,302.7265116557639,1.0224834857066611,103
9325000,37400.00000578438,-514402.5085452704,302.4990056083229,1.0221650572965306,103
9330000,37420.00000578845,-513939.0752309498,298.27324937745215,1.0297686007138542,103
9335000,37440.00000579253,-515416.37256493955,297.73145878111296,1.0286302646590308,103
9340000,37460.0000057966,-515369.41798545537,301.7854555718486,1.0277694377970599,103
9345000,37480.00000580068,-515065.60951983323,299.5628975941957,1.023427126498731,103
9350000,37500.00000580475,-515319.8635505312,301.9665735003331,1.026351460174282,103
9355000,37520.000005808826,-515106.79088595207,302.0196036071655,1.0275451716291215,103
9360000,37540.0000058129,-513893.60171872494,298.5466611761986,1.0212420422556467,103
9365000,37560.000005816975,-515098.299733107,300.19992003106626,1.0251932150299898,103
9370000,37580.00000582105,-514186.983958262,300.9729993263153,1.027514956763019,103
9375000,37600.000005825124,-514408.57563083875,301.1844194727359,1.022929925240888,103
9380000,37620.0000058292,-515425.03417578293,299.53974665391576,1.029659234221295,103
9385000,37640.00000583327,-515457.78486227547,300.2610864481182,1.029179736097537,103
9390000,37660.00000583735,-516293.8129787608,298.91409811483834,1.0250273780660781,103
9395000,37680.00000584142,-514993.75209627626,301.4330887975797,1.0276678338802414,103
9400000,37700.0000058455,-514391.17617671704,302.6817836522312,1.027516104556202,103
9405000,37720.00000584957,-513597.147063351,300.7330827199024,1.0265128357053546,103
9410000,37740.000005853646,-514450.87184925284,302.6951270676889,1.0284263472655664,103
9415000,37760.00000585772,-513896.41322050244,304.3774997203254,1.031695954291286,103
9420000,37780.000005861795,-514664.7285780115,301.31427593277414,1.0253623336904132,103
9425000,37800.00000586587,-515101.07133801,301.3684970256293,1.0300125126412987,103
9430000,37820.000005869944,-515451.9599796089,299.3709840033922,1.026555715390934,103
9435000,37840.00000587402,-514518.66775366757,302.61739570821413,1.0258797761436258,103
9440000,37860.00000587809,-514013.39194063307,300.1170256190971,1.0235148177301487,103
9445000,37880.00000588217,-513508.0969562554,301.12745476823653,1.0233975471667216,103
9450000,37900.00000588624,-515021.75036538765,300.48199135174576,1.026682560530581,103
9455000,37920.00000589032,-513527.6709895048,301.44574361038923,1.0307119903894977,103
9460000,37940.00000589439,-515274.4978178055,302.3448953433923,1.0217054687096216,103
9465000,37960.000005898466,-514836.95345011447,299.6425164866621,1.0202894926364736,103
9470000,37980.00000590254,-516381.21480753296,300.2685948748651,1.028573581595279,103
9475000,38000.000005906615,-515432.4066974332,300.6686561563683,1.0245090690078096,103
9480000,38020.00000591069,-514242.49804505263,302.9479795767821,1.0247614354321855,103
9485000,38040.000005914764,-515264.32763011847,300.3587339019581,1.0256859847612891,103
9490000,38060.00000591884,-514121.9591745131,301.83019283216623,1.0271664533614402,103
9495000,38080.00000592291,-515219.6590955148,299.1523304430104,1.0316317235954808,103
9500000,38100.00000592699,-514073.68603641563,299.34083828743655,1.0294213061282749,103
9505000,38120.00000593106,-514600.0850316647,302.8045840540792,1.024945603717806,103
9510000,38140.00000593514,-515493.78159115673,300.99241739994955,1.028769290521575,103
9515000,38160.00000593921,-515195.06617803103,302.2767482449137,1.0224316431732057,103
9520000,38180.000005943286,-515118.62203215226,300.11356934423196,1.0306557236424385,103
9525000,38200.00000594736,-515779.55930361245,300.6983757115992,1.0271834625529865,103
9530000,38220.000005951435,-513811.0090797264,302.46643935486287,1.0261977766869776,103
9535000,38240.00000595551,-514915.7160436397,299.19822501201725,1.0233331565129569,103
9540000,38260.000005959584,-515436.91864595446,301.9269669685739,1.0269479793760719,103
9545000,38280.00000596366,-515438.83513768483,299.94709619247726,1.0275897272946561,103
9550000,38300.00000596773,-515664.6279315965,301.37494100735074,1.0239030919090035,104
9505000,38120.00000593106,-514453.9213822705,303.17557512434496,1.0244857207968563,0
9510000,38140.00000593514,-514840.57284869184,300.20099517803686,1.0238706851150532,106
9515000,38160.00000593921,-515306.4495377373,300.59972455596477,1.0259238350746922,106
9520000,38180.000005943286,-514514.8160258974,301.6962856045543,1.0283159904590844,105
9525000,38200.00000594736,-514572.8391517154,299.46342229355474,1.0252633695956068,105
9530000,38220.000005951435,-514347.56627659174,300.41547195154254,1.027545243917397,105
9535000,38240.00000595551,-514204.4585094026,305.3446292292086,1.0253921915710509,105
9540000,38260.000005959584,-514784.0632996843,301.97891541482113,1.0263566641578612,105
9545000,38280.00000596366,-514847.9782074229,301.7260093181852,1.0261230183589396,104
9550000,38300.00000596773,-514408.75422425615,300.54553888093767,1.0286974948170984,104
9555000,38320.00000597181,-513274.71006940515,301.43521283511984,1.0256810700415775,104
9560000,38340.00000597588,-515669.241052859,299.431337717789,1.0297742823571592,104
9565000,38360.00000597996,-514018.412195774,300.14639093560254,1.0253910091332934,104
9570000,38380.00000598403,-514472.2933393519,302.9756153306931,1.0241187027613945,104
9575000,38400.000005988106,-515745.313985192,300.92519114741646,1.0250320538128932,104
9580000,38420.00000599218,-514503.01527677244,302.6677600489916,1.0231414908973635,105
9585000,38440.000005996255,-514397.78016405203,300.3866648331174,1.0260852376657066,105
9590000,38460.00000600033,-515515.27063377807,301.7313563302953,1.0258087087986536,105
9595000,38480.000006004404,-513257.6348514992,303.54757767617355,1.0235575206107743,105
9600000,38500.00000600848,-516541.60663486086,300.93768972062486,1.0285545136783427,105
9605000,38520.00000601255,-514588.1247161261,299.46329182693046,1.027136481088439,105
9610000,38540.00000601663,-513427.9685217673,298.54847760532516,1.0225074250779014,105
9615000,38560.0000060207,-514028.0271120379,298.5928498780076,1.026640676068294,105
9620000,38580.00000602478,-514513.8518104104,298.59528161616225,1.0303431535621135,105
9625000,38600.00000602885,-514438.5135194543,303.99271734194986,1.0278428513544955,105
9630000,38620.000006032926,-514638.320271645,301.5036848297283,1.0282528627435543,105
9635000,38640.000006037,-513382.75867790775,301.5580687088026,1.0261250409596219,105
9640000,38660.000006041075,-514207.0817851038,301.0314913786897,1.0276461824567855,105
9645000,38680.00000604515,-515150.8224753726,300.3890558964495,1.0271673114032693,105
9650000,38700.000006049224,-514494.96216901974,302.07594031027696,1.0237028128270151,105
9655000,38720.0000060533,-514757.6145757842,303.53087852252946,1.025735372919973,105
9660000,38740.00000605737,-513776.151895107,302.46877524064087,1.022125970444303,105
9665000,38760.00000606145,-514306.9169526147,298.8498219710273,1.022604762454967,105
9670000,38780.00000606552,-514607.7853046134,299.5888459831044,1.0265004334036576,105
9675000,38800.0000060696,-514917.1815996934,300.80851690830485,1.0304690747738716,105
9680000,38820.00000607367,-513745.5014278055,297.5635749866828,1.0256760398305471,105
9685000,38840.000006077746,-515857.6425564755,299.0916014747186,1.029444980221863,105
9690000,38860.00000608182,-514840.4166210389,300.07214223961046,1.0255596244028107,105
9695000,38880.000006085895,-512694.25574370474,299.9086188495051,1.0263130186698044,105
9700000,38900.00000608997,-514365.56973006995,299.86217916182886,1.0290484800196185,105
9705000,38920.000006094044,-514920.553366933,300.29618406882395,1.0250919092460062,105
9710000,38940.00000609812,-513588.6913613647,298.80674106251934,1.0248968133488574,105
9715000,38960.00000610219,-515452.46838438814,301.25292650116955,1.0298676209367095,105
9720000,38980.00000610627,-513689.3209981378,301.2621001185135,1.0233684254654274,105
9725000,39000.00000611034,-513802.25584759284,302.62149242794646,1.02787141128357,105
9730000,39020.00000611442,-515551.5606567331,301.4638358272804,1.026967551989373,105
9735000,39040.00000611849,-514259.66116208956,300.4715684829054,1.026363053952575,105
9740000,39060.000006122566,-515079.039683708,303.5468251817403,1.0258575145808135,105
9745000,39080.00000612664,-515537.28327696654,301.194059831163,1.0274935256418667,105
9750000,39100.000006130715,-514943.09757188964,300.8768637959876,1.0258593559659435,105
9755000,39120.00000613479,-513909.7217178466,302.3202458281603,1.0263419837136627,105
9760000,39140.000006138864,-515039.6304206634,300.30135738886764,1.0269321999433234,105
9765000,39160.00000614294,-515395.96428473527,301.12743631193115,1.0270047662270032,105
9770000,39180.00000614701,-514013.337976363,299.8770494503098,1.0286013266178002,105
9775000,39200.00000615109,-514362.7414882211,299.8560170330404,1.0254491149166236,105
9780000,39220.00000615516,-515083.6015787998,302.86984592837734,1.0264439170986168,105
9785000,39240.00000615924,-515382.6691711198,302.2820374038015,1.0299079060863232,105
9790000,39260.00000616331,-514767.64905302715,300.4594259526539,1.0233272656052608,105
9795000,39280.000006167385,-516046.5520194103,300.90106359256833,1.0315603670583855,105
9800000,39300.00000617146,-514669.2472842077,301.32150842254936,1.0269240161434285,105
9805000,39320.000006175535,-513966.37763582356,300.28220579651514,1.0231591092172112,105
9810000,39340.00000617961,-513647.87127446267,299.6533782033696,1.0211506888419934,105
9815000,39360.00000618368,-515944.18982153526,303.1744321681058,1.0274501333181367,105
9820000,39380.00000618776,-515159.7053858647,299.83651980614127,1.0290067237847502,105
9825000,39400.00000619183,-514808.3815786734,298.9201848440325,1.0257048049277782,105
9830000,39420.00000619591,-514177.95773544395,301.3322533617985,1.0252555814045519,105
9835000,39440.00000619998,-514064.435580204,302.1122584849519,1.0275935148275275,105
9840000,39460.000006204056,-515555.9020915285,301.2515745173284,1.026703408200644,105
9845000,39480.00000620813,-516070.7780487691,301.3361849044489,1.0266296263825334,105
9850000,39500.000006212205,-514543.0601636339,299.8798428692784,1.0249492318540654,105
9855000,39520.00000621628,-515240.1233521933,300.960011319387,1.029543409667742,105
9860000,39540.000006220354,-514005.82370786695,302.6128922048379,1.0215466187779634,105
9865000,39560.00000622443,-513820.2588977148,300.9919332122846,1.025476365951066,105
9870000,39580.0000062285,-514842.8161543107,299.8475172684862,1.0270864728891267,105
9875000,39600.00000623258,-514915.0894497603,300.4136735343993,1.0294664625132053,105
9880000,39620.00000623665,-515586.78946043365,298.7791715767739,1.0236717377446793,105
9885000,39640.00000624073,-513453.1828263821,299.93666856725105,1.0198555351462244,105
9890000,39660.0000062448,-515936.36525712465,302.2630068848075,1.029623853684335,105
9895000,39680.000006248876,-513856.6861836517,300.88440802337914,1.02157469360325,105
9900000,39700.00000625295,-514919.1044845409,300.13653428772045,1.0250352159070588,105
9905000,39720.000006257025,-513805.90031843237,301.0157477808103,1.0288772068188183,105
9910000,39740.0000062611,-514855.5088417374,302.51956743700913,1.026773786544848,105
9915000,39760.000006265174,-513940.815173605,302.8674713030435,1.0274510455300703,105
9920000,39780.00000626925,-515147.5160196286,303.17593032851295,1.025006630086861,105
9925000,39800.00000627332,-515180.82098691375,299.4795341104743,1.027970246744922,105
9930000,39820.0000062774,-513917.4847611147,300.0542764240476,1.0218010535231368,105
9935000,39840.00000628147,-515379.32041270356,303.7909967931694,1.0266093687288558,105
9940000,39860.00000628555,-513698.6767331308,300.43110808015433,1.0240763690965924,105
9945000,39880.00000628962,-513826.6308321336,302.33762268859533,1.0274372824659885,105
9950000,39900.000006293696,-514282.91554076644,299.58583662967095,1.0298107599048218,105
9955000,39920.00000629777,-514701.7566410091,302.74674582794415,1.0303260513311245,105
9960000,39940.000006301845,-517155.25323431543,302.4654401717368,1.030357076577284,105
9965000,39960.00000630592,-514665.81775354664,300.64350289557615,1.026204239452314,105
9970000,39980.000006309994,-515748.45437172847,303.8342724427861,1.02895327717153,105
9975000,40000.00000631407,-513458.1089594234,299.4404340145809,1.0253608139043504,105
9980000,40020.00000631814,-514410.6201781207,300.96857932059226,1.025850929449837,105
9985000,40040.00000632222,-514506.8376228884,298.84194629347246,1.025907544300505,105
9990000,40060.00000632629,-514426.4801555427,303.00252680086726,1.0220970239498366,104
9995000,40080.00000633037,-513802.7707148527,302.16835245515523,1.0240789284656684,104
10000000,40100.00000633444,-514525.6736415934,301.5768886788877,1.0276899259206447,104
10005000,40120.000006338516,-514730.43044457235,303.9151813230686,1.0288069963393058,104
10010000,40140.00000634259,-514162.53827410773,301.5522830210267,1.026676368158459,104
10015000,40160.000006346665,-515038.0384531887,299.9864781856249,1.027069703588649,104
10020000,40180.00000635074,-515226.72133577196,298.47872433242514,1.0225189953239529,104
10025000,40200.000006354814,-514532.17676012777,300.84022817196484,1.0244753385137588,104
10030000,40220.00000635889,-513990.1996781707,301.8623767406982,1.0306581901458212,104
10035000,40240.00000636296,-514705.51098419493,302.82737165410475,1.0265750464946568,104
10040000,40260.00000636704,-515309.06372184516,300.4394577079557,1.026099424518567,104
10045000,40280.00000637111,-516948.1183257166,300.5912037478702,1.0303495338639235,104
10050000,40300.00000637519,-514712.218672276,301.8386215154475,1.02434913459768,104
10055000,40320.00000637926,-515887.8427234052,300.09099513784594,1.0303356630943945,104
10060000,40340.000006383336,-514574.2155801279,300.09981263965335,1.0305769587170934,104
10065000,40360.00000638741,-514108.1372843657,300.9092725014659,1.0221706435170435,104
10070000,40380.000006391485,-514029.7244954589,300.601523173712,1.0293118426473151,104
10075000,40400.00000639556,-514305.1130714833,301.8038349943687,1.029002680305898,104
10080000,40420.000006399634,-513478.07349524065,299.9860142126262,1.0232604241261718,104
10085000,40440.00000640371,-514122.89770942647,298.4450147990911,1.0240894973817256,104
10090000,40460.00000640778,-514285.6680469094,300.99535673675007,1.024586110657636,104
10095000,40480.00000641186,-514214.48018547986,300.89898015462245,1.0255410769415298,104
10100000,40500.00000641593,-515227.8376876684,304.65387532615193,1.0240047612135812,104
10105000,40520.00000642001,-514834.5316535041,301.39809648934937,1.026953763753489,104
10110000,40540.00000642408,-515068.3109073795,302.7876385188634,1.0263555726873217,104
10115000,40560.000006428156,-513827.08084313176,301.3920319138349,1.0279214659028377,104
10120000,40580.00000643223,-514739.63004600094,302.75719920534414,1.0284796894994777,104
10125000,40600.000006436305,-515115.39857746405,299.0986581576574,1.0267776389248382,104
10130000,40620.00000644038,-513690.40295741614,298.64787772803913,1.0280853237689893,104
10135000,40640.000006444454,-514676.1307096081,301.84869814625887,1.0256252265204135,104
10140000,40660.00000644853,-514473.5659550298,301.42685826352044,1.0267086783971688,104
10145000,40680.0000064526,-515229.8499871418,302.10528769532164,1.0276586165830282,104
10150000,40700.00000645668,-514500.49358804245,299.67175043210005,1.0288476509771847,104
10155000,40720.00000646075,-514825.2414695618,301.28748716429806,1.0278021067597691,104
10160000,40740.00000646483,-514385.36543991556,304.1698059927166,1.024021290695894,104
10165000,40760.0000064689,-514337.00289764046,302.71444753279167,1.0229058180549633,104
10170000,40780.000006472976,-514886.5622422891,304.9410248128604,1.0299036341152046,104
10175000,40800.00000647705,-514424.3239576123,300.94289621527054,1.0259181234988406,104
10180000,40820.000006481125,-515025.7581232069,302.8565213063882,1.0241162498111696,104
10185000,40840.0000064852,-513947.3131967571,299.9954240305317,1.0280858639087243,104
10190000,40860.000006489274,-514784.14429931086,300.8047397895106,1.0276120851866664,104
10195000,40880.00000649335,-514179.6469548431,300.58720227462635,1.02451709023433,104
10200000,40900.00000649742,-515238.1304761481,299.65035861637836,1.026301448004628,104
10205000,40920.0000065015,-514020.03921147785,301.54678697677065,1.0259679814921294,104
10210000,40940.00000650557,-514490.1733608118,302.0733914113085,1.0232164269687027,104
10215000,40960.00000650965,-513842.471605364,301.90803146823487,1.0266174449297236,104
10220000,40980.00000651372,-512867.57698436687,302.1070338254558,1.018621702330677,104
10225000,41000.000006517796,-516494.31157348095,300.56258381413744,1.0308494584161327,104
10230000,41020.00000652187,-515790.6805932496,299.0137575379297,1.0327705412792296,104
10235000,41040.000006525945,-513536.8074250587,302.6716873195606,1.0289044207270435,104
10240000,41060.00000653002,-513906.6353622526,298.60962186287907,1.027069554195969,104
10245000,41080.000006534094,-514689.1516146562,301.93689113804953,1.0278413121329513,104
10250000,41100.00000653817,-515236.9146030003,301.34272356024536,1.0297824865086957,104
10255000,41120.00000654224,-514591.0835042568,300.95708067158773,1.028150108030632,104
10260000,41140.00000654632,-514172.33530336805,300.69784329826786,1.0241996367320014,104
10265000,41160.00000655039,-515326.3501010856,301.74764656683936,1.026672424507308,104
10270000,41180.00000655447,-514304.46391295455,302.4023329221779,1.0213080098468963,104
10275000,41200.00000655854,-515184.3149000746,300.1634649421321,1.0278569070928416,104
10280000,41220.000006562615,-514654.9029824161,302.1830184032553,1.024693552973957,104
10285000,41240.00000656669,-515278.80150435306,303.9145946984274,1.0281021775581434,104
10290000,41260.000006570765,-513549.7254324092,301.1614243872611,1.025764343094036,104
10295000,41280.00000657484,-514960.1479966687,301.00122710546987,1.0235663419916363,104
10300000,41300.00000657891,-514464.606497847,302.39134493504525,1.0245762319665603,104
10305000,41320.00000658299,-514972.82491004374,300.76176602175985,1.0243251423213542,104
10310000,41340.00000658706,-514330.4922231275,302.12045529117916,1.0250915515036503,104
10315000,41360.00000659114,-515479.8328451221,301.5506911474661,1.0314714809778731,104
10320000,41380.00000659521,-515785.24787096586,301.09941786540065,1.0286561153762424,104
10325000,41400.000006599286,-514993.84200317925,299.4517988673068,1.027725431936028,104
10330000,41420.00000660336,-515253.244972202,300.0560867508564,1.02793205161355,104
10335000,41440.000006607435,-515134.02556500444,299.9899071214928,1.0258618268969504,104
10340000,41460.00000661151,-514961.19591593696,301.9680463141323,1.0270012714441528,104
10345000,41480.000006615584,-514897.94993795897,302.1025746219427,1.029461921901029,104
10350000,41500.00000661966,-515854.55032069003,302.018325158322,1.0275331419114977,104
10355000,41520.00000662373,-516066.6761814584,300.5456702798989,1.0315208068424215,104
10360000,41540.00000662781,-513659.44538622606,302.33571395444227,1.0270423979781491,104
10365000,41560.00000663188,-514618.68039108743,300.8162170467534,1.026411958388769,104
10370000,41580.00000663596,-515952.7568870315,303.66064778142294,1.0285071628038438,104
10375000,41600.00000664003,-514669.9191246014,300.6299562883333,1.0295655390051337,104
10380000,41620.000006644106,-514953.57489869837,298.6668228963421,1.0278841282437823,104
10385000,41640.00000664818,-512651.6048767618,302.4208582357292,1.0221840210174835,104
10390000,41660.000006652255,-514048.2004991709,301.8728522087752,1.0306555748776187,104
10395000,41680.00000665633,-514057.714402528,302.92312438749155,1.0266885777476011,104
10400000,41700.000006660404,-514943.96998382336,303.91744363421185,1.0288700580307972,104
10405000,41720.00000666448,-514396.57971406216,300.3719531501709,1.0246548408356633,104
10410000,41740.00000666855,-514399.6545665907,301.6851975058689,1.0239913586126306,104
10415000,41760.00000667263,-514326.87766120536,299.77903609679487,1.0284364260207648,104
10420000,41780.0000066767,-514555.8209895587,302.128049185472,1.027289600615094,104
10425000,41800.00000668078,-514727.8242921841,297.5262555152003,1.0302237456243342,104
10430000,41820.00000668485,-514807.96956820437,300.7999195704069,1.0254299980304546,104
10435000,41840.000006688926,-514952.80581891444,302.24864632124905,1.0259053051579676,104
10440000,41860.000006693,-515092.8023525097,303.2665408418589,1.025944907842863,104
10445000,41880.000006697075,-515258.38974541775,300.077094380478,1.026680363593514,104
10450000,41900.00000670115,-514999.17102164496,298.88881677548073,1.0299312889868433,104
10455000,41920.000006705224,-514868.1675655155,301.3283536455247,1.0267759092039346,104
10460000,41940.0000067093,-515182.89287312236,300.0042889168071,1.0258561196756015,104
10465000,41960.00000671337,-515330.20595308626,300.2487858774951,1.0269083640976149,104
10470000,41980.00000671745,-514743.1733893503,300.40828462265216,1.030350320750665,104
10475000,42000.00000672152,-514104.02255205344,300.2361107323537,1.0215535795240307,104
10480000,42020.0000067256,-513992.2065306916,300.7162194660932,1.025318915524838,104
10485000,42040.00000672967,-515493.88748318446,300.6237247694172,1.0260567222985217,104
10490000,42060.000006733746,-515892.2538198193,299.9158316949907,1.0248739655360817,104
10495000,42080.00000673782,-514170.56879827403,302.5674924001452,1.027227688979559,104
10500000,42100.000006741895,-513371.0829906999,298.8130969227719,1.0241702909368038,104
10505000,42120.00000674597,-515389.4171210539,301.766200102594,1.0299284095451922,104
10510000,42140.000006750044,-514668.59330004663,301.4406354602347,1.0230248697177449,104
10515000,42160.00000675412,-516139.3815886397,299.78917050443675,1.0264626154505652,104
10520000,42180.00000675819,-515322.40137646836,299.2258066426423,1.0244594395202002,104
10525000,42200.00000676227,-514076.21980149485,299.932490486362,1.0270349207376952,104
10530000,42220.00000676634,-514405.1797113947,303.4457511531872,1.0266998123344941,104
10535000,42240.00000677042,-513446.9400476201,299.61048701707284,1.0214078882933815,104
10540000,42260.00000677449,-514236.31471095164,303.51066330907656,1.0197210343677987,104
10545000,42280.000006778566,-515337.24961443734,300.57809645983167,1.0250069718780022,104
10550000,42300.00000678264,-515313.17123649945,302.6151510037688,1.0321183592678904,104
10555000,42320.000006786715,-514748.5456352737,299.46560439214096,1.0250575417486556,104
10560000,42340.00000679079,-514209.78804444824,297.91475917800346,1.026453760142975,104
10565000,42360.000006794864,-513851.9286618454,298.9741215911425,1.028625630614987,104
10570000,42380.00000679894,-514259.27667417563,301.4969464229233,1.0245541494899997,104
10575000,42400.00000680301,-514534.4656591832,301.57849683700937,1.0245450125385744,104
10580000,42420.00000680709,-514387.4918979432,302.03820740573354,1.0261859480229165,104
10585000,42440.00000681116,-515389.35126586724,301.4856829507433,1.0277676595107121,104
10590000,42460.00000681524,-514461.92913537775,301.7828075235181,1.0238030003854257,104
10595000,42480.00000681931,-513459.4120770425,301.3873184187494,1.0214925625691056,104
10600000,42500.000006823386,-513486.92918801145,301.288455693909,1.0282428596906825,104
10605000,42520.00000682746,-514551.592675837,300.61638201750253,1.027716017723948,104
10610000,42540.000006831535,-515321.4490543811,300.44027551374995,1.0253453795949818,104
10615000,42560.00000683561,-515727.52350974455,302.1424253774725,1.0299322225039524,104
10620000,42580.000006839684,-514941.4491225402,299.6278125546111,1.026943554857033,104
10625000,42600.00000684376,-514330.1430012267,298.65561739266036,1.0286292252101281,104
10630000,42620.00000684783,-515303.3134626043,302.60872510769263,1.0276198697115442,104
10635000,42640.00000685191,-513160.4145782662,302.69847106615924,1.0226825636005787,104
10640000,42660.00000685598,-515403.1310277928,301.66078072010066,1.0291870595263577,104
10645000,42680.00000686006,-514775.88164231693,300.3571229280508,1.0277498130854639,104
10650000,42700.00000686413,-514634.4036579665,299.45211379795927,1.0268103859468358,104
10655000,42720.000006868206,-515415.6985040882,300.4940462214415,1.0276935804810956,104
10660000,42740.00000687228,-514535.275014109,299.25379977784763,1.0248211084344192,104
10665000,42760.000006876355,-514570.90035851556,301.38913022735164,1.0245146743646967,104
10670000,42780.00000688043,-514252.24101754744,300.88811941917345,1.0254678570081532,104
10675000,42800.000006884504,-514701.3927343616,302.67693042724284,1.0278334594309722,104
10680000,42820.00000688858,-513789.6896323899,302.57091935666114,1.0272133782568598,104
10685000,42840.00000689265,-515505.7376693236,303.98424581151124,1.028221688577948,104
10690000,42860.00000689673,-513940.22898063296,302.18175727460243,1.0267317489453547,104
10695000,42880.0000069008,-514001.80296532135,302.8732052471782,1.0253382901590704,104
10700000,42900.00000690488,-513495.18675693707,301.1181121719171,1.0256082533664692,104
10705000,42920.00000690895,-515245.30201022467,299.9438790903505,1.0270673630248832,104
10710000,42940.000006913026,-514898.7034942184,300.8722033876332,1.028693449792964,104
10715000,42960.0000069171,-515367.89064383577,301.7475983391248,1.0227547401714825,104
10720000,42980.000006921175,-515841.8441314923,302.70349020614634,1.0292684676634074,104
10725000,43000.00000692525,-513710.1553803296,299.1295566013763,1.0253603775564122,104
10730000,43020.000006929324,-513777.62439764664,298.050447193854,1.022618329493001,104
10735000,43040.0000069334,-515487.8420639946,301.84769413446924,1.0287528542796929,104
10740000,43060.00000693747,-514129.43493221886,299.7374812168732,1.0267334880125332,104
10745000,43080.00000694155,-514935.43623994035,299.99237623059815,1.0256384872084297,104
10750000,43100.00000694562,-514968.5210124755,300.41618308686947,1.02544736265315,104
10755000,43120.0000069497,-515372.5038671538,302.97590079608545,1.024860643649922,104
10760000,43140.00000695377,-515161.0104608461,300.7582274255123,1.0278725913428135,104
10765000,43160.000006957845,-514815.11128316564,299.7575250191335,1.0256513389111603,104
10770000,43180.00000696192,-514428.619507184,299.02674414144394,1.0245634202113976,104
10775000,43200.000006965995,-514278.0379919405,302.4063875539531,1.0222761285943434,104
10780000,43220.00000697007,-514219.8348926883,301.0543902076619,1.0292165889631386,104
10785000,43240.00000697414,-515484.4288850713,302.3035180725276,1.0266122071492958,104
10790000,43260.00000697822,-515274.8010719768,301.79980684553476,1.0290027952825287,104
10795000,43280.00000698229,-515489.4629737772,300.3360891646153,1.0250758581796497,104
10800000,43300.00000698637,-516031.6160119355,301.16471356766453,1.0260196013126168,104
10805000,43320.00000699044,-515776.08486230974,301.5595546373718,1.0291753369222398,104
10810000,43340.000006994516,-514984.25597736496,301.268859065525,1.027127010387984,104
10815000,43360.00000699859,-514096.96356354933,300.5295390357468,1.0219489895544307,104
10820000,43380.000007002665,-515234.10454400606,298.87237283156696,1.0298321183381716,104
10825000,43400.00000700674,-515131.5625327951,299.9191725982255,1.0280077667174075,104
10830000,43420.000007010814,-513848.7990541395,300.56221452238054,1.0215694395183517,104
10835000,43440.00000701489,-514789.14084930485,302.8858667826313,1.0228931288621594,104
10840000,43460.00000701896,-515528.9712643728,300.1070073514942,1.0290111955645822,104
10845000,43480.00000702304,-515582.14322494785,303.794124319873,1.024191210622367,104
10850000,43500.00000702711,-515815.93503230275,299.55182014876095,1.0251897952602977,104
10855000,43520.00000703119,-514592.2421615983,300.6658445420419,1.03239546556469,104
10860000,43540.00000703526,-514752.25888253003,301.7113679631181,1.023684969972941,104
10865000,43560.000007039336,-515608.15312447166,301.35565753086377,1.024589964750624,104
10870000,43580.00000704341,-514266.54350268655,299.6713052871765,1.0257950400690574,104
10875000,43600.000007047485,-514540.3595177834,302.2592419894737,1.0250145718336372,104
10880000,43620.00000705156,-515016.8708588837,301.6614555049361,1.0278198666682068,104
10885000,43640.000007055634,-515031.9937706019,301.4209268611122,1.0281714882993784,104
10890000,43660.00000705971,-514008.40200609714,302.00964715696324,1.0270970285830245,104
10895000,43680.00000706378,-516093.58312779944,300.8347840576494,1.0306047660759654,104
10900000,43700.00000706786,-515115.9496248537,300.1203403314638,1.0257984283824089,104
10905000,43720.00000707193,-514953.4146023507,302.7992121323471,1.0263146336480022,104
10910000,43740.00000707601,-515136.66517123906,301.3633612852211,1.0242394183535097,104
10915000,43760.00000708008,-515423.1916613807,302.4999570821124,1.0272206507043002,104
10920000,43780.000007084156,-514173.95894823945,302.40508910491604,1.027007358331578,104
10925000,43800.00000708823,-514558.50495721865,303.52758350619183,1.025185403953692,104
10930000,43820.000007092305,-513772.9123389169,301.49282077908083,1.025704457475371,104
10935000,43840.00000709638,-514327.05665776716,300.1572937236304,1.0286740769377776,104
10940000,43860.000007100454,-514052.25584254274,303.7512203397836,1.0264419932459403,104
10945000,43880.00000710453,-515194.4842965205,300.9930888447187,1.0312862529709848,104
10950000,43900.0000071086,-514988.68142965925,300.78214790426074,1.0279807783066552,104
10955000,43920.00000711268,-513788.4386910503,300.383847169628,1.0247477351770586,104
10960000,43940.00000711675,-515710.29177197395,302.99854364568114,1.0284726580645174,104
10965000,43960.00000712083,-513928.61467016884,299.29515795458457,1.0253117936536997,104
10970000,43980.0000071249,-513584.94952099095,301.8482100478767,1.021903868927481,104
10975000,44000.000007128976,-514619.86508771847,301.063393070265,1.027149359967837,104
10980000,44020.00000713305,-514402.3827052559,301.21070160205556,1.0267136489753066,104
10985000,44040.000007137125,-514739.96258114977,302.1495929417305,1.02593759258514,104
10990000,44060.0000071412,-514113.1125539958,301.8634150216203,1.0253807904415544,104
10995000,44080.000007145274,-515889.059939262,299.8799139126123,1.0276955420000562,104
11000000,44100.00000714935,-514921.02011110866,303.01737809592134,1.0214361299471275,104
11005000,44120.00000715342,-513237.93885846855,301.6442499222791,1.025474942530694,104
11010000,44140.0000071575,-514713.6877526322,303.39373574144327,1.0277069851284446,104
11015000,44160.00000716157,-515377.6999251086,303.3063079297863,1.026922052322906,104
11020000,44180.00000716565,-515741.8456290371,300.82290471168557,1.0285672638977295,104
11025000,44200.00000716972,-514770.6796829647,300.9599512419842,1.0257425745529607,104
11030000,44220.000007173796,-514891.2146633938,302.8239449438408,1.0278502265959018,104
11035000,44240.00000717787,-515703.2582627102,301.8934006472067,1.0276335752120243,104
11040000,44260.000007181945,-514587.61632274464,303.9228962826897,1.0282707881655972,104
11045000,44280.00000718602,-514028.4682468991,299.5573603044237,1.0236609304588633,104
11050000,44300.000007190094,-514658.17046840116,300.3678134831264,1.0279486138275171,104
11055000,44320.00000719417,-514010.1716855564,301.1885175286532,1.0246250399575703,104
11060000,44340.00000719824,-514519.05190591956,298.9704888673709,1.0263506283407071,104
11065000,44360.00000720232,-513578.0828479333,302.80705440936975,1.0234728894765042,104
11070000,44380.00000720639,-515329.02825338347,304.18604780212246,1.0270562954635427,104
11075000,44400.00000721047,-514847.93742839945,299.8487666720309,1.0259878736516448,104
11080000,44420.00000721454,-515355.8133556419,300.54629056309284,1.02638377033691,104
11085000,44440.000007218616,-513680.01488133334,300.2125903101941,1.0227707628687008,104
11090000,44460.00000722269,-515706.73344933125,300.8554552488457,1.0333798144021156,104
11095000,44480.000007226765,-513386.82057777257,299.1141534001061,1.0239597146200003,104
11100000,44500.00000723084,-514636.4086968829,297.93243303988993,1.0273812960227362,104
11105000,44520.000007234914,-515855.04357110686,302.3643082241518,1.030253651951845,104
11110000,44540.00000723899,-513701.3916414974,302.1155322637212,1.0245786533730938,104
11115000,44560.00000724306,-513737.50095061585,300.65045689876564,1.0231055380245961,104
11120000,44580.00000724714,-513891.19085340505,300.76965904047665,1.025562108220665,104
11065000,44360.00000720232,-514562.03420577315,300.357964883184,1.027870325091086,0
11070000,44380.00000720639,-515030.8924470381,300.8027137271405,1.0270755517277061,107
11075000,44400.00000721047,-514565.83756597457,301.7877753747647,1.026893762145123,107
11080000,44420.00000721454,-514997.69981622533,299.8228297992342,1.0305929039101664,106
11085000,44440.000007218616,-514712.31163781043,300.5845095092547,1.0271458558243183,106
11090000,44460.00000722269,-514440.78678461374,299.1171708269147,1.0280676920606662,106
11095000,44480.000007226765,-514652.70267092274,299.75064428128684,1.0241102112103575,106
11100000,44500.00000723084,-513905.31245353865,300.89164456269066,1.0241369189112992,106
11105000,44520.000007234914,-514026.2215057113,301.49407600100966,1.0265158963650296,106
11110000,44540.00000723899,-514291.89385725977,302.66856685888155,1.0206349164550972,106
11115000,44560.00000724306,-514000.92159824003,300.4621573708017,1.0254057924732356,105
11120000,44580.00000724714,-514219.576571587,303.73321112282264,1.0253743444142747,105
11125000,44600.00000725121,-513609.8873301726,300.56320901871,1.0223059381726642,105
11130000,44620.00000725529,-514422.20281488076,301.7009909508763,1.0271042667863508,105
11135000,44640.00000725936,-513991.5713111027,300.45300542196776,1.0258423335342168,105
11140000,44660.000007263436,-514926.676455457,300.1473616539605,1.0297054947466724,105
11145000,44680.00000726751,-514534.4378099309,299.7597462358856,1.0240462735097664,105
11150000,44700.000007271585,-514856.1332512568,301.1914168175825,1.0279579411408275,105
11155000,44720.00000727566,-514610.6995100626,301.5370523738641,1.0265935496376466,105
11160000,44740.000007279734,-513170.48289742274,301.8885586089833,1.029280986090465,105
11165000,44760.00000728381,-515076.23796172487,301.12797798419757,1.0284315962776578,105
11170000,44780.00000728788,-514385.2669229936,303.3349889082467,1.0271227432836334,105
11175000,44800.00000729196,-514930.6392891172,302.4846035233309,1.0257156510103684,105
11180000,44820.00000729603,-514034.53413998545,300.4409895188233,1.0264942670405743,105
11185000,44840.00000730011,-513847.0972969262,300.0025196290874,1.0257198563383045,105
11190000,44860.00000730418,-514273.85742236,300.9504226508792,1.0269182912909358,105
11195000,44880.000007308256,-514112.00399109325,301.4134071118813,1.0271733712366002,105
11200000,44900.00000731233,-514218.17884847336,303.5517881947626,1.0257731735913989,105
11205000,44920.000007316405,-514136.485633238,301.3134687143875,1.0243292743042733,105
11210000,44940.00000732048,-515001.1235466022,301.14107860025035,1.0266869268786472,105
11215000,44960.000007324554,-514042.096954274,301.4171264980251,1.0287002025889735,105
11220000,44980.00000732863,-514226.31287019793,303.5312165675391,1.0251384639484922,105
11225000,45000.0000073327,-514843.542510465,301.871225760431,1.0252020596046107,105
11230000,45020.00000733678,-514613.41927442723,300.28973735954236,1.0302157006584678,105
11235000,45040.00000734085,-514093.7994531591,301.2254080229593,1.023710412064452,105
11240000,45060.00000734493,-515075.2673977318,301.5808006293166,1.026809792457034,105
11245000,45080.000007349,-514511.1347037293,297.5570917779546,1.025044650666735,105
11250000,45100.000007353075,-514598.3004129515,300.97005341085685,1.027541638370981,105
11255000,45120.00000735715,-514959.9970483782,298.7048905159637,1.0236429308017077,105
11260000,45140.000007361225,-514108.82619978185,300.0450881515278,1.0268290518378003,105
11265000,45160.0000073653,-514356.6977298844,300.58102726735643,1.0286146954966735,105
11270000,45180.00000736937,-514868.59242866235,301.6739578162762,1.0249237947388947,105
11275000,45200.00000737345,-515555.6778631422,302.05717157019274,1.0280823040604279,105
11280000,45220.00000737752,-515074.5052909332,300.56772973692046,1.0275346636478466,105
11285000,45240.0000073816,-514461.41130375233,300.2048644146775,1.0249160122760421,105
11290000,45260.00000738567,-515245.82780649746,301.21602644462104,1.0217519732641245,105
11295000,45280.000007389746,-515491.1275932174,300.87360163089403,1.029548178404859,105
11300000,45300.00000739382,-515422.8351827746,298.9408796165947,1.027485783345167,105
11305000,45320.000007397895,-514584.01128504984,301.57725888607393,1.0238209031085443,105
11310000,45340.00000740197,-515191.4900142697,301.26882536367464,1.0289007908025718,105
11315000,45360.000007406044,-514734.41167459893,301.48270103847597,1.0265785476503764,105
11320000,45380.00000741012,-514431.7734203071,302.38479593906396,1.025727792634459,105
11325000,45400.00000741419,-514295.4682413866,299.4237657610835,1.0287820033166613,105
11330000,45420.00000741827,-514995.1823404203,301.26594017483217,1.0281450591059587,105
11335000,45440.00000742234,-515112.9185626658,302.174091238963,1.0252673993238712,105
11340000,45460.00000742642,-514863.2685232505,301.9916086909011,1.0302086863500632,105
11345000,45480.00000743049,-515193.1453356927,300.32450191251996,1.027206819007776,105
11350000,45500.000007434566,-513269.1991919731,304.8959057784204,1.0256294177938514,105
11355000,45520.00000743864,-514649.1846071903,300.07102841415525,1.0259462259286733,105
11360000,45540.000007442715,-515058.89947304665,299.9273761269439,1.0260674195959987,105
11365000,45560.00000744679,-514685.551100394,297.60601313538467,1.0258364135269147,105
11370000,45580.000007450864,-513869.6767254649,298.91352884389534,1.0241503082141206,105
11375000,45600.00000745494,-514453.09584760363,300.49922295955326,1.026002673598261,105
11380000,45620.00000745901,-516067.4409896212,299.5787485932361,1.0308305944853944,105
11385000,45640.00000746309,-514033.9934510605,300.5141398614352,1.0245313215263094,105
11390000,45660.00000746716,-514164.64712632936,298.33440863272364,1.0266491702392648,105
11395000,45680.00000747124,-514891.9321295682,301.0359626842639,1.02834742393425,105
11400000,45700.00000747531,-514777.428652728,302.17623158803525,1.027712609222711,105
11405000,45720.000007479386,-514520.10544410604,301.0829811423467,1.0248843955456983,105
11410000,45740.00000748346,-515446.8404943412,298.9404739334684,1.0303541213761473,105
11415000,45760.000007487535,-513897.4772123401,299.3106850343829,1.0262198517777237,105
11420000,45780.00000749161,-514220.03543135524,301.02086091968863,1.0289796249063345,105
11425000,45800.000007495684,-514135.47501951037,302.5192766102397,1.03152981681763,105
11430000,45820.00000749976,-514429.1785255857,299.3581167467813,1.0266639370925323,105
11435000,45840.00000750383,-514749.47294873046,302.70115132277544,1.0260172532823757,105
11440000,45860.00000750791,-514749.4129152512,298.0448671891181,1.0326499658385364,105
11445000,45880.00000751198,-515003.81037661457,301.0972160734987,1.0311209740539868,105
11450000,45900.00000751606,-516254.3130748195,298.79991853048017,1.0271025431963425,105
11455000,45920.00000752013,-514743.69773590146,299.69193495638063,1.0316558282950827,105
11460000,45940.000007524206,-514078.87686951715,300.14478517379814,1.0251502848938123,105
11465000,45960.00000752828,-513530.8677879728,302.9019001019041,1.0258200173426588,105
11470000,45980.000007532355,-515307.47479393403,300.015515940927,1.0297073283126164,105
11475000,46000.00000753643,-515515.1662629284,299.65151595240184,1.0262118952384185,105
11480000,46020.000007540504,-515300.71047699265,299.9209812943933,1.0283124962161,105
11485000,46040.00000754458,-514095.7460293616,299.45517099402133,1.0289710343377543,105
11490000,46060.00000754865,-514148.79717030865,300.9295592165999,1.0265404335059773,105
11495000,46080.00000755273,-515144.21485658153,298.5999105014744,1.0269109853291616,105
11500000,46100.0000075568,-514880.90590433404,301.15460701699703,1.0281356816240803,105
11505000,46120.00000756088,-514406.1026022609,300.82319091968424,1.027689051087263,105
11510000,46140.00000756495,-514373.61452022754,302.2830751135408,1.0272357745278544,105
11515000,46160.000007569026,-514622.5839004116,299.6111224715879,1.0301015921853593,105
11520000,46180.0000075731,-515483.48598454683,300.35536788890795,1.0273837021102274,105
11525000,46200.000007577175,-514889.68744090665,300.3670033376447,1.027328462306953,105
11530000,46220.00000758125,-514261.97734536557,304.0085617792187,1.0271378872079193,105
11535000,46240.000007585324,-514848.37069784175,303.5239883903742,1.0266026261870482,105
11540000,46260.0000075894,-515403.6677983289,301.92928058504106,1.0285776577178734,105
11545000,46280.00000759347,-514679.4105810649,301.71383969028517,1.027523476949777,105
11550000,46300.00000759755,-514613.8296317952,300.6067805547964,1.0242637094420366,105
11555000,46320.00000760162,-516442.6298659174,299.8873200971604,1.0295863954059163,105
11560000,46340.0000076057,-513371.7259572074,303.1999592851764,1.0255789823885828,105
11565000,46360.00000760977,-514509.3983197862,301.27394078885277,1.0225274153725437,105
11570000,46380.000007613846,-514265.9943114901,301.8494149819404,1.0283362694569995,105
11575000,46400.00000761792,-515278.77237066976,301.5169131283281,1.0261403417033212,105
11580000,46420.000007621995,-515643.8957730883,303.9975906680336,1.0270562020495473,105
11585000,46440.00000762607,-515312.96388580324,299.3313186736681,1.0249513393781535,105
11590000,46460.000007630144,-514022.2523712362,301.6167451424686,1.0240381657580298,105
11595000,46480.00000763422,-514520.74461183767,302.1180349842955,1.0267641054359196,105
11600000,46500.00000763829,-516045.6860302021,300.83815125884263,1.0274008089119062,105
11605000,46520.00000764237,-514647.84842692036,300.124608308334,1.0305338544113491,105
11610000,46540.00000764644,-514652.69935313007,304.75816429837647,1.0236803735368618,105
11615000,46560.00000765052,-514633.1498542703,297.5865521453402,1.0291742076273191,105
11620000,46580.00000765459,-515215.7464265381,304.66192056723037,1.0279887014425337,105
11625000,46600.000007658666,-514603.7799194311,297.78710511389676,1.0273830785207632,105
11630000,46620.00000766274,-515146.7027002652,299.81623864700236,1.0268013993999465,105
11635000,46640.000007666815,-514060.6536726898,300.73793507288804,1.0262731276237393,105
11640000,46660.00000767089,-514250.3183389725,301.28327351503066,1.0260401145221283,105
11645000,46680.000007674964,-515395.2894780801,301.5067240784675,1.0343613129184044,105
11650000,46700.00000767904,-514824.11136337765,299.739768279121,1.029558842367124,105
11655000,46720.00000768311,-514297.73012051615,300.3032008127807,1.0255213721732666,105
11660000,46740.00000768719,-515126.8649563771,301.3707064589934,1.0271713540078111,105
11665000,46760.00000769126,-515047.57488270756,303.7563793605455,1.0264207150669131,105
11670000,46780.00000769534,-513687.53546785424,300.2151556417769,1.0255989521596014,105
11675000,46800.00000769941,-515610.7789862526,300.6450391284706,1.0282889363896344,105
11680000,46820.000007703486,-513705.7925614049,301.4548961233562,1.0264646382544933,105
11685000,46840.00000770756,-516192.19684264436,301.93981788453726,1.0285652781157328,105
11690000,46860.000007711635,-514840.377894067,299.41080028998863,1.0265268781272077,105
11695000,46880.00000771571,-513549.91792093986,301.19416393956755,1.0253193788721655,105
11700000,46900.000007719784,-515222.1604292493,299.87090281299726,1.0284970691776096,105
11705000,46920.00000772386,-514843.36595723545,297.78302708767524,1.0239226792405984,105
11710000,46940.00000772793,-514511.4415813575,299.1586804222211,1.0301442979390851,105
11715000,46960.00000773201,-513638.52179900254,303.71979474723565,1.0261555643237708,105
11720000,46980.00000773608,-514100.6240187944,300.3696860082297,1.0261781718213046,105
11725000,47000.00000774016,-512561.7362658824,299.3990764184412,1.0308519452163418,105
11730000,47020.00000774423,-514360.81336660497,299.25918995494163,1.0261345912590643,105
11735000,47040.000007748306,-514526.5906653779,301.22567491797884,1.0253605316772827,105
11740000,47060.00000775238,-514924.4526019583,301.01591632851415,1.0257995540533185,105
11745000,47080.000007756455,-513790.31175784324,303.1930803273116,1.0245009140703139,104
11750000,47100.00000776053,-514009.8314592892,301.387654919118,1.0249651385467025,104
11755000,47120.000007764604,-513912.0981621172,301.8314227610475,1.0211495776707928,104
11760000,47140.00000776868,-514338.86569769075,300.74188327619106,1.021791671690319,104
11765000,47160.00000777275,-514006.40257870406,300.8421956368851,1.0290403905793375,104
11770000,47180.00000777683,-515877.89357622876,300.423448511176,1.0288413778128118,104
11775000,47200.0000077809,-514455.2581550889,301.2418785666679,1.0292473354035514,104
11780000,47220.000007784976,-514787.68325033993,300.0169321475671,1.0274620856798256,104
11785000,47240.00000778905,-515903.85939356335,299.51577482912944,1.028087946930856,104
11790000,47260.000007793125,-514367.741346617,299.53157455698425,1.0245860237313271,104
11795000,47280.0000077972,-513450.7834210582,301.46646309002045,1.0239150293614678,104
11800000,47300.000007801274,-515353.77010515635,303.4231164371882,1.0292858939752827,104
11805000,47320.00000780535,-515029.83656517975,299.8376329696062,1.0236172760715438,104
11810000,47340.00000780942,-515438.87799314037,301.6610184372478,1.023729692707344,104
11815000,47360.0000078135,-513836.2771462472,300.2514384737729,1.0243524050197506,104
11820000,47380.00000781757,-514069.6088432241,300.83785856359543,1.031475181173302,104
11825000,47400.00000782165,-515782.2607996329,302.54130061853647,1.0278417750968325,104
11830000,47420.00000782572,-514437.9859577599,299.80698778108274,1.0217415025476062,104
11835000,47440.000007829796,-515845.05025488767,299.80294626814003,1.0283719021449882,104
11840000,47460.00000783387,-515672.2169859777,303.3075336983528,1.0262438994964522,104
11845000,47480.000007837945,-514953.3061139104,301.14547671224665,1.0289610627782588,104
11850000,47500.00000784202,-515034.9216456588,301.40596788692613,1.0252914323666154,104
11855000,47520.000007846094,-515706.79153821943,304.13989369570817,1.0285300505296198,104
11860000,47540.00000785017,-516208.1742227711,303.1363359475166,1.030004766463208,104
11865000,47560.00000785424,-514183.84786968515,301.61166441888673,1.025626123530438,104
11870000,47580.00000785832,-515883.6777897987,298.59585781905713,1.0299891898617344,104
11875000,47600.00000786239,-514802.78282578546,299.7506100977598,1.023698810938969,104
11880000,47620.00000786647,-513871.32333398773,301.60431739881824,1.027782482803856,104
11885000,47640.00000787054,-513851.23296462465,301.78052567962106,1.0272468484988977,104
11890000,47660.000007874616,-515473.5561654605,304.3827176529819,1.0260118178984048,104
11895000,47680.00000787869,-515299.36483158614,301.1016715422861,1.0269994837772642,104
11900000,47700.000007882765,-514674.7623098609,301.43189433284135,1.0239290202052083,104
11905000,47720.00000788684,-514548.70721483487,301.55684169738635,1.0281302294548127,104
11910000,47740.000007890914,-514460.5635325024,301.7924420802271,1.0271093527974045,104
11915000,47760.00000789499,-514483.2810186674,302.252783545462,1.02625026384583,104
11920000,47780.00000789906,-515421.1417558091,298.9347277285544,1.0304636808062007,104
11925000,47800.00000790314,-514183.03190626274,298.430877200146,1.0248415535475626,104
11930000,47820.00000790721,-514868.6833846313,301.48187153052356,1.0277715015926754,104
11935000,47840.00000791129,-514775.5637939987,300.0589017194525,1.0304470048565615,104
11940000,47860.00000791536,-514043.2092581182,303.41036052178225,1.0246665166230084,104
11945000,47880.000007919436,-515582.56708169496,302.0159399617453,1.030929098017974,104
11950000,47900.00000792351,-514638.75437781704,299.9711378971784,1.0269448170800064,104
11955000,47920.000007927585,-514853.0644114597,297.2096864381802,1.0271218891082554,104
11960000,47940.00000793166,-513990.55524621555,298.6424180854835,1.022745839213107,104
11965000,47960.000007935734,-514288.4148156338,302.660556159491,1.0319447059635765,104
11970000,47980.00000793981,-514128.09772326285,301.87811298981364,1.0248938783646078,104
11975000,48000.00000794388,-515389.6153546204,303.7076581284188,1.0266720949031938,104
11980000,48020.00000794796,-515397.3333345426,300.9129766756594,1.0325935830527884,104
11985000,48040.00000795203,-514443.4069105494,300.42714777557865,1.027762065209988,104
11990000,48060.00000795611,-514764.2813217144,302.1000513558713,1.0288577958362972,104
11995000,48080.00000796018,-513779.4160354282,298.58070073555757,1.0289728255123753,104
12000000,48100.000007964256,-514858.46443665447,300.6774943005872,1.025171464480899,104
12005000,48120.00000796833,-514369.75338666467,303.1134595528581,1.0279026455005598,104
12010000,48140.000007972405,-516385.17833989,300.82494813752334,1.0260005023766725,104
12015000,48160.00000797648,-514640.32832425996,300.5128295639863,1.0236926403211575,104
12020000,48180.000007980554,-514617.0451188497,300.5514814148792,1.024219848093284,104
12025000,48200.00000798463,-515223.9613489162,302.13022868142576,1.027381662139396,104
12030000,48220.0000079887,-513863.62481795833,299.8606622887034,1.02863895744631,104
12035000,48240.00000799278,-514208.2209385366,298.20979252147487,1.0280152235827995,104
12040000,48260.00000799685,-513991.8296116928,300.75248805847855,1.0254164401517247,104
12045000,48280.00000800093,-515562.77360979863,301.2295226212114,1.0243913465529613,104
12050000,48300.000008005,-514368.2026721942,302.9039607396224,1.024929826124571,104
12055000,48320.000008009076,-514476.14271255257,300.0207355973472,1.0253111228125156,104
12060000,48340.00000801315,-514561.17345206486,301.4797794462796,1.0228707077729309,104
12065000,48360.000008017225,-515340.90052673896,302.09290790619406,1.0293170104605713,104
12070000,48380.0000080213,-514972.84675638983,299.8446936052674,1.0284853338939723,104
12075000,48400.000008025374,-515011.29582537385,301.9141502666852,1.0281392199322068,104
12080000,48420.00000802945,-514620.0623891542,299.55548657638917,1.0305892397221303,104
12085000,48440.00000803352,-515303.83829265577,298.65160129802507,1.031736678838991,104
12090000,48460.0000080376,-513728.7074540162,302.36337885340345,1.0279017434958877,104
12095000,48480.00000804167,-514130.085144531,302.2888691365816,1.0275714063867047,104
12100000,48500.00000804575,-513844.7742998081,300.38346034841055,1.02880971116598,104
12105000,48520.00000804982,-514177.03631810844,301.2824576036665,1.0236691726236709,104
12110000,48540.000008053896,-514239.10312506114,298.3539639901208,1.0265542436829507,104
12115000,48560.00000805797,-514314.3170565432,300.78222819171856,1.0299615171354117,104
12120000,48580.000008062045,-514476.09970401437,300.52453609632914,1.029276494260948,104
12125000,48600.00000806612,-514549.42332358565,301.0116710228305,1.0262940919259071,104
12130000,48620.000008070194,-514355.3314935402,303.0875862055277,1.0235620628156412,104
12135000,48640.00000807427,-515050.49273834703,298.60650146294273,1.0267601309093792,104
12140000,48660.00000807834,-515047.19003182393,301.5045040729863,1.0262512484619812,104
12145000,48680.00000808242,-514044.80403879937,302.9955185487368,1.0294249542167733,104
12150000,48700.00000808649,-515020.0377818693,300.6055515370292,1.023989261740016,104
12155000,48720.00000809057,-514272.7265859456,302.63076699406713,1.0226093717082636,104
12160000,48740.00000809464,-515214.71039500926,303.1014589411853,1.0250478501472038,104
12165000,48760.000008098716,-514385.7653009221,300.5635124440369,1.0278111198875894,104
12170000,48780.00000810279,-514870.33423978696,301.53661529585287,1.027534434212369,104
12175000,48800.000008106865,-514469.22411912214,302.7187278554244,1.0244586099250708,104
12180000,48820.00000811094,-514343.62780248513,300.3063536919445,1.0280210463699027,104
12185000,48840.000008115014,-515546.6400298497,300.82880592540414,1.0275438368109313,104
12190000,48860.00000811909,-514700.70726140914,298.97083762154784,1.0263479992444842,104
12195000,48880.00000812316,-516155.9026920865,300.3679719482346,1.0340599751066737,104
12200000,48900.00000812724,-514633.67503878917,302.06688559234505,1.0279046978997552,104
12205000,48920.00000813131,-514772.5007325255,300.4435542809477,1.0242129926353762,104
12210000,48940.00000813539,-514844.24250793457,300.6072740182091,1.0295671881277875,104
12215000,48960.00000813946,-514719.3830794487,303.7993205939508,1.032629068305619,104
12220000,48980.000008143536,-514667.37986916443,299.68685218052644,1.0296040354531988,104
12225000,49000.00000814761,-514503.85148150986,301.2776848721597,1.0286241825946032,104
12230000,49020.000008151685,-514265.668852475,300.87568324114176,1.026114355015239,104
12235000,49040.00000815576,-514638.9031038007,300.08466226783264,1.0239109303651108,104
12240000,49060.000008159834,-512653.81399668707,304.23843610498943,1.0249751024098694,104
12245000,49080.00000816391,-513822.25675233034,298.15179597744225,1.0249452194827773,104
12250000,49100.00000816798,-513791.5291441006,301.6224175624337,1.027822034819289,104
12255000,49120.00000817206,-515039.24407186825,299.1824996141285,1.0239720752133474,104
12260000,49140.00000817613,-515488.18010736466,304.01362045922554,1.0244913075821853,104
12265000,49160.000008180206,-515633.11471720436,300.07582211063533,1.0293706933889726,104
12270000,49180.00000818428,-514442.0605766205,301.3372887706752,1.025551545377168,104
12275000,49200.000008188355,-514967.3891957195,302.48792765408257,1.0212979030126301,104
12280000,49220.00000819243,-515064.7506305345,301.4018453987519,1.0237206206539782,104
12285000,49240.000008196504,-515511.87979836296,299.53625507369077,1.029622728534246,104
12290000,49260.00000820058,-515576.613654078,301.7481203806452,1.0258730204186821,104
12295000,49280.00000820465,-514804.58881281666,302.6323626967727,1.0284337314935954,104
12300000,49300.00000820873,-514228.8783958929,302.5707487812919,1.0244454031198744,104
12305000,49320.0000082128,-515427.85198968765,299.8682797522731,1.0292160889289572,104
12310000,49340.00000821688,-514507.01744448696,302.2442201262915,1.0220242593040911,104
12315000,49360.00000822095,-512998.12095174077,299.47632045730603,1.0213787395595801,104
12320000,49380.000008225026,-514110.2001421759,299.7876301385486,1.0199272171966236,104
12325000,49400.0000082291,-514764.3525700313,300.3102562731202,1.026554788262923,104
12330000,49420.000008233175,-514642.658165033,299.35361088583227,1.0312656267685518,104
12335000,49440.00000823725,-513981.5740985847,301.700869744067,1.027175920159896,104
12340000,49460.000008241324,-515473.28748664865,297.9269683321691,1.027739067833811,104
12345000,49480.0000082454,-514376.7104395435,298.24126811023183,1.0288189762124298,104
12350000,49500.00000824947,-516153.6201072547,300.1266423126399,1.0313244382711424,104
12355000,49520.00000825355,-514688.2763918815,299.86723693640727,1.0266633886606864,104
12360000,49540.00000825762,-514001.8247722073,300.5628523100269,1.030140077518816,104
12365000,49560.0000082617,-514429.66960002645,301.1585859776446,1.0289881667580363,104
12370000,49580.00000826577,-514735.6201017315,299.2593420270198,1.026836017063702,104
12375000,49600.000008269846,-515359.0648489061,300.7082254507767,1.030417816907271,104
12380000,49620.00000827392,-514360.95808926434,301.31698689854267,1.0267449036322687,104
12385000,49640.000008277995,-514747.192002275,297.67709802276505,1.024600697394378,104
12390000,49660.00000828207,-514675.57188005233,300.12097345279045,1.022984518377538,104
12395000,49680.000008286144,-514340.2422535685,300.6512456578024,1.0281548882400355,104
12400000,49700.00000829022,-514262.94554643985,300.3156979297465,1.0300915390961618,104
12405000,49720.00000829429,-514213.02206382784,299.5122736104251,1.0231882779458947,104
12410000,49740.00000829837,-514395.59659705916,299.45602910673864,1.026595402465062,104
12415000,49760.00000830244,-514119.8398040328,301.82020935479915,1.0253559582594995,104
12420000,49780.00000830652,-515323.1022430158,299.5394279251945,1.0282458274551027,104
12425000,49800.00000831059,-515435.18259072746,302.4220654788869,1.0274164483521246,104
12430000,49820.000008314666,-514568.4468050557,304.60323807516494,1.027335849309519,104
12435000,49840.00000831874,-515548.1928578175,298.725313712997,1.0238591850317647,104
12440000,49860.000008322815,-514206.7505953084,305.7474212939903,1.0229431566894882,104
12445000,49880.00000832689,-516185.2980074922,300.6108157151198,1.0269183760011678,104
12450000,49900.000008330964,-513806.0922631109,298.8396718767482,1.0233030184381393,104
12455000,49920.00000833504,-514583.767159424,297.15775996944615,1.0270410628057065,104
12460000,49940.00000833911,-513742.91062526265,301.8329102060418,1.0296584724050069,104
12465000,49960.00000834319,-514962.8045053221,302.0275206999445,1.0265134932582987,104
12470000,49980.00000834726,-514963.34084026027,301.0264080068479,1.0299321790919176,104
12475000,50000.00000835134,-514427.834931833,301.40476909522715,1.029308053323707,104
12480000,50020.00000835541,-513425.8087035639,302.0290017208514,1.02431288373464,104
12485000,50040.000008359486,-516457.9827332038,301.35956253703864,1.0273898844634108,104
12490000,50060.00000836356,-514728.5223599749,299.7801909980624,1.0259015677429324,104
12495000,50080.000008367635,-514949.6610646711,303.0062392159429,1.0271801475605493,104
12500000,50100.00000837171,-514239.8250085963,302.1012683372734,1.0209855500230696,104
