#"Step","Time (ps)","Potential Energy (kJ/mole)","Temperature (K)","Density (g/mL)","Speed (ns/day)"
5000,120.00000000005473,-516310.78657114925,300.33316609644305,1.0247749447942545,--
10000,140.00000000003652,-516564.72291069897,303.8850373481375,1.0250463292514973,105
15000,159.9999999999899,-516493.0695019553,301.1837667138928,1.0252053047440381,105
20000,179.9999999999433,-516101.3608501721,302.47109035256756,1.0244701904883846,105
25000,199.9999999998967,-516902.5491031301,300.82607114865755,1.0303968990685863,105
30000,219.99999999985008,-515270.67926638667,303.8943370805331,1.0242709910265033,105
35000,239.99999999980346,-517982.21485126135,298.93994923371616,1.0234893920635637,105
40000,259.99999999978525,-516464.53717028117,303.6527365907342,1.027006867977959,105
45000,279.99999999988074,-516410.64337432245,300.61005688727647,1.0277317238274581,105
50000,299.99999999997624,-516571.8825081242,302.5713803097146,1.0246578311999663,105
55000,320.00000000007174,-516917.74239584734,300.9293059287235,1.0257922741086152,105
60000,340.00000000016723,-516708.23618864664,301.6390444148538,1.0260094085667262,105
65000,360.00000000026273,-517188.28767589433,302.4745986229952,1.0272006901546185,105
70000,380.0000000003582,-516324.28902468923,297.96328140999026,1.0251364579714437,105
75000,400.0000000004537,-515304.1443077759,302.05785205405454,1.0273242533558846,105
80000,420.0000000005492,-516883.21963059995,297.37225405205055,1.0253890217848156,105
85000,440.0000000006447,-517632.58939940063,300.17334374116956,1.0249496290124525,105
90000,460.0000000007402,-518073.6416190453,301.7297749127682,1.0259629563808716,105
95000,480.0000000008357,-517101.50765988487,300.3498748976895,1.0236542296840185,105
100000,500.0000000009312,-517056.0495753065,299.08991360329446,1.0221350888061727,105
105000,520.0000000010267,-517160.78058852255,302.7150936410345,1.0252063015026225,105
110000,540.0000000011222,-516037.0875099008,300.44016696821615,1.0268747703689742,105
115000,560.0000000012177,-516317.1101694731,299.40116296267536,1.0252078843692358,105
120000,580.0000000013132,-517366.7143154398,299.10827496961855,1.0281809339890153,105
125000,600.0000000014087,-516131.7961807181,301.5818482353121,1.023216666475894,104
130000,620.0000000015042,-516043.51588498685,299.87111693796425,1.0252248530976231,104
135000,640.0000000015997,-515371.9058531872,300.66110986502855,1.024593311590105,104
140000,660.0000000016952,-517644.9797574731,301.6899976969406,1.025784824535718,104
145000,680.0000000017907,-515685.7214463416,298.80900221620846,1.0258086148708463,104
150000,700.0000000018862,-516707.7510185796,298.76091357981636,1.0262555691827187,104
155000,720.0000000019817,-516371.0651150539,301.7087708729543,1.0257159331027115,104
160000,740.0000000020772,-513716.97204161994,299.8551521503747,1.0212783575988185,104
165000,760.0000000021727,-516434.9629716312,303.04402274322297,1.0265204306328815,104
170000,780.0000000022682,-515863.9643158023,299.9379829779901,1.0264074923001643,104
175000,800.0000000023637,-516304.52764429455,303.0120196773682,1.0296499668007726,104
180000,820.0000000024592,-516718.96476807725,302.40757541611174,1.0252653585746367,104
185000,840.0000000025547,-517457.2675104628,298.87371014769946,1.0289494096000527,104
190000,860.0000000026502,-515908.8634647147,303.7256330792825,1.0276040724273041,104
195000,880.0000000027457,-517367.40691790613,300.95318447924035,1.0302714901528203,104
200000,900.0000000028411,-517278.10317568085,300.3200820352479,1.0265406528570609,104
205000,920.0000000029366,-516398.1844379704,299.19764761238866,1.021734399826154,104
210000,940.0000000030321,-516189.7390310054,302.05862615437877,1.0248429092061953,104
215000,960.0000000031276,-517423.4256605031,301.1182136405721,1.027621267738281,104
220000,980.0000000032231,-517287.41744287335,300.46366131721464,1.025161704410555,104
225000,1000.0000000033186,-517457.6617622059,300.1537242868988,1.0248569747276943,104
230000,1020.0000000034141,-515655.1119437313,300.9933147227966,1.0231834998239988,104
235000,1040.0000000030548,-516523.63931566756,300.8312274404921,1.0266152314611117,104
240000,1060.0000000025818,-516790.96589734964,301.0115237134219,1.0255001394140235,104
245000,1080.000000002109,-515975.81043165363,302.0342912396698,1.0204027588608626,104
250000,1100.000000001636,-515127.45142340707,301.974530917928,1.023409846652111,104
255000,1120.000000001163,-515993.3016880257,300.9801843580631,1.0256338660690585,104
260000,1140.00000000069,-516407.3079506352,300.5860074400045,1.0219953642168118,104
265000,1160.0000000002171,-517184.8565704718,300.39947296122705,1.0190649907103504,104
270000,1179.9999999997442,-516507.2455441558,304.3886546775561,1.0210579272113234,104
275000,1199.9999999992713,-516166.3587312044,302.1925503336936,1.0242347756973555,104
280000,1219.9999999987983,-515847.9255440091,301.87772685031126,1.0263149640682074,104
285000,1239.9999999983254,-516982.8267897973,301.8318471637713,1.025049403744401,104
290000,1259.9999999978525,-517561.4196501046,302.01329577882706,1.0298538937816029,104
295000,1279.9999999973795,-517360.55224599945,300.1917247771035,1.0280414374302176,104
300000,1299.9999999969066,-516638.7053552908,299.9687543144441,1.0263935656042464,104
305000,1319.9999999964336,-516538.5265451248,300.015419155944,1.025406177090065,104
310000,1339.9999999959607,-516373.2447135567,300.89752229813985,1.0268794447326768,104
315000,1359.9999999954878,-517089.7919711259,303.5322856300054,1.0262281565083853,104
320000,1379.9999999950148,-517106.7862571052,304.4466907419714,1.0225634277980242,104
325000,1399.999999994542,-515739.4318218464,299.1002423636914,1.02513422847542,104
330000,1419.999999994069,-515702.8805992089,301.9789690095001,1.0252202905597159,104
335000,1439.999999993596,-516680.8239683779,299.8259689231551,1.0288265845668934,104
340000,1459.999999993123,-517335.7107208881,300.3538728869222,1.023582986800688,104
345000,1479.9999999926501,-516419.7851244954,302.1556873277098,1.0223075277393392,104
350000,1499.9999999921772,-518079.0971595424,298.6789531781444,1.0257356761776595,104
355000,1519.9999999917043,-515493.85588032333,300.95691751572605,1.0228687143763662,104
360000,1539.9999999912313,-515764.16808590805,299.82772460982954,1.025796060976072,104
365000,1559.9999999907584,-517474.67579545407,301.0102479029794,1.021093992989997,104
370000,1579.9999999902855,-515532.15894482564,302.73075437925115,1.0251687875606608,104
375000,1599.9999999898125,-514858.3010885904,299.8657371396788,1.0227015093935388,104
380000,1619.9999999893396,-516961.9161784565,299.5888898889472,1.0296076425813008,104
385000,1639.9999999888666,-515754.2061546282,301.1011993476637,1.0251972044678723,104
390000,1659.9999999883937,-516023.3072214136,301.37317093849714,1.0237903760551201,104
395000,1679.9999999879208,-517014.1215604141,301.63158590261946,1.026022550255247,104
400000,1699.9999999874478,-517802.2370882451,300.6204294683088,1.0253824099829167,104
405000,1719.999999986975,-518403.5335558725,300.5657972348419,1.0253768878816398,104
410000,1739.999999986502,-517194.63634879654,300.2402246013866,1.0291434566820452,104
415000,1759.999999986029,-516454.2925713011,299.87210393459463,1.0244824081183725,104
420000,1779.999999985556,-517742.28959570196,302.01846514013164,1.027535068481642,104
425000,1799.9999999850832,-516169.76651268615,299.31241218995524,1.025326544778393,104
430000,1819.9999999846102,-517712.86381874024,300.97691399789665,1.0290080340555041,104
435000,1839.9999999841373,-516735.34313685354,301.32477154071455,1.0268673718472365,104
440000,1859.9999999836643,-515831.1361926552,300.1650702828986,1.0258066168900453,104
445000,1879.9999999831914,-516899.56961691286,300.9576879575227,1.025992999384057,104
450000,1899.9999999827185,-516282.4485758317,299.9588662494161,1.0242732306956253,104
455000,1919.9999999822455,-516524.39288327773,303.1510342520902,1.0242185824090924,104
460000,1939.9999999817726,-517009.9495642914,301.26494277057884,1.0243320404016816,104
465000,1959.9999999812997,-516540.56748809875,301.39071117671824,1.0231228462336723,104
470000,1979.9999999808267,-517242.2990358714,300.6367124450718,1.0282555582479298,104
475000,1999.9999999803538,-517641.64804625954,301.5084796775994,1.0269342643413464,104
480000,2019.9999999798808,-516475.24904970755,301.8099624751833,1.0302702666139167,104
485000,2039.999999979408,-517725.0378732595,302.71803266699743,1.0298701224383022,104
490000,2059.999999978935,-518059.34825136396,301.73657873514105,1.030037546145482,104
495000,2079.9999999784623,-516171.6840616567,301.8795574597821,1.026828493766561,104
500000,2099.9999999779893,-516647.04677670565,301.31743512423685,1.0231958265332324,104
505000,2119.9999999775164,-516602.2250252473,299.9952001605279,1.0274946656575157,104
510000,2139.9999999770434,-516457.56311548874,299.6120566645837,1.0277398249744618,104
515000,2159.9999999765705,-516705.08056601486,300.7928747086139,1.0199533548834363,104
520000,2179.9999999760976,-515685.1398028666,299.9973006971213,1.0203771670918702,104
525000,2199.9999999756246,-515624.1180873094,301.2833372656164,1.0247762469667545,104
530000,2219.9999999751517,-517127.3887578668,302.5077966157133,1.0240566019310466,104
535000,2239.9999999746788,-517040.6270727124,301.22417845556873,1.030024975973911,104
540000,2259.999999974206,-516726.39276021835,300.23122291652913,1.023966640958284,104
545000,2279.999999973733,-515504.72046179255,300.1253169128135,1.01767573847519,104
550000,2299.99999997326,-516829.2595840425,302.36418789963074,1.025416305077128,104
555000,2319.999999972787,-516596.96398678864,300.9754100154345,1.027428621977282,104
560000,2339.999999972314,-515286.1928181313,300.7571139982199,1.0221572479432648,104
565000,2359.999999971841,-516954.51940838574,301.2240717696093,1.023118333983365,104
570000,2379.999999971368,-516640.67431592545,301.14691309623095,1.0293891892441545,104
575000,2399.9999999708953,-516694.425789532,299.99751383015973,1.0226630715436769,104
580000,2419.9999999704223,-516851.06575285643,300.6228002330198,1.0251063331735102,104
585000,2439.9999999699494,-517444.2438581423,300.6217556938136,1.024271312048187,104
590000,2459.9999999694764,-515465.6300951787,301.83617717415683,1.020403748183716,104
595000,2479.9999999690035,-517229.46696815244,298.1134864090075,1.0227027309336392,104
600000,2499.9999999685306,-516584.4624007528,301.7760318692488,1.0260416098746319,104
605000,2519.9999999680576,-516861.8127837952,300.3913290184814,1.0261111955944708,104
610000,2539.9999999675847,-516361.9249189943,301.87549874504657,1.0272283847836103,104
615000,2559.9999999671118,-517072.65582605125,300.29470655593116,1.0264504524470648,104
620000,2579.999999966639,-517071.6469658441,300.3533405874529,1.0280966716663922,104
625000,2599.999999966166,-517099.1512529785,302.6706774019114,1.0221205865628342,104
630000,2619.999999965693,-516446.3295420606,300.11205526393775,1.0240817509167854,104
635000,2639.99999996522,-517583.2315203408,302.75810931827607,1.0272993098991166,104
640000,2659.999999964747,-516918.0363518698,299.91175071308055,1.028423058129404,104
645000,2679.999999964274,-515959.3479803081,296.5531239679021,1.024421214901561,104
650000,2699.999999963801,-515597.4565999592,302.0882275102293,1.022751313419941,104
655000,2719.9999999633283,-516790.91004242655,303.20993642996996,1.0265242852998036,104
660000,2739.9999999628553,-516392.5571978367,304.20493179073776,1.020376423989044,104
665000,2759.9999999623824,-517642.1110869164,302.7967787087773,1.0239969583032638,104
670000,2779.9999999619095,-515945.8293547712,299.0066415807233,1.0229991498843904,104
675000,2799.9999999614365,-517090.40054263896,299.8122714176576,1.0263647238518347,104
680000,2819.9999999609636,-517481.86345508974,305.6450331936381,1.026559374806051,104
685000,2839.9999999604906,-517631.63946509105,300.52462501326454,1.0274401322753617,104
690000,2859.9999999600177,-517857.7920396682,300.3434976692583,1.0255966714207225,104
695000,2879.9999999595448,-517433.8136182318,300.51513537995254,1.0278766568182016,104
700000,2899.999999959072,-517567.3961749512,299.5715889439167,1.0245334322374973,104
705000,2919.999999958599,-516649.77859470947,300.65922645056764,1.0246663554813618,104
710000,2939.999999958126,-515560.7225008521,299.151472495344,1.0238009486331556,104
715000,2959.999999957653,-518273.66249410366,300.91322129242667,1.0289655158186122,104
720000,2979.99999995718,-517798.51702687563,302.13176931504427,1.0252381902924292,104
725000,2999.999999956707,-517069.228601736,301.64473204940543,1.021987668744739,104
730000,3019.999999956234,-516591.92324206233,298.4139816893868,1.0245231472112282,104
735000,3039.9999999557613,-517154.8631019683,300.44086338698355,1.0239894540670726,104
740000,3059.9999999552883,-516634.1406949791,301.15298485065824,1.0243253982787068,104
745000,3079.9999999548154,-516701.9627869504,302.23269828365125,1.0274835334351355,104
750000,3099.9999999543425,-517599.7687815316,301.1400063695683,1.0265858313402345,104
755000,3119.9999999538695,-517559.7410241589,301.874622254162,1.0242414314280204,104
760000,3139.9999999533966,-516819.82140437467,301.72478507123765,1.0251176433546263,104
765000,3159.9999999529236,-517402.47023790027,300.8443608850553,1.0262574176840167,104
770000,3179.9999999524507,-516113.78673124383,303.2992092053194,1.024392713466173,104
775000,3199.9999999519778,-517300.71501877345,300.9528683112869,1.0294312649388107,104
780000,3219.999999951505,-516265.5062197489,300.8601441228778,1.02322923490072,104
785000,3239.999999951032,-515479.8923909981,300.5693144684759,1.024451529136289,104
790000,3259.999999950559,-516488.94983013626,301.9563745330415,1.0251068618130867,104
795000,3279.999999950086,-517197.57290467806,301.8924349049164,1.0272191031335771,104
800000,3299.999999949613,-516560.86934331176,302.62197797528904,1.0253654287408318,104
805000,3319.99999994914,-516846.09936387255,301.1775456552164,1.0277599213598732,104
810000,3339.999999948667,-517303.11737097614,299.6101582931839,1.0229894470306453,104
815000,3359.9999999481943,-518632.22159163863,300.31117705599445,1.0279575948497996,104
820000,3379.9999999477213,-516421.87615613244,301.39984361481777,1.0252679132769604,104
825000,3399.9999999472484,-517790.306456852,301.8846106695996,1.0242563280755794,104
830000,3419.9999999467755,-515969.42027192423,300.75969158737684,1.0228472894778582,104
835000,3439.9999999463025,-517659.0430661924,303.30674782637135,1.027575716638442,104
840000,3459.9999999458296,-516565.7142533739,300.7018003644571,1.0277149266107344,104
845000,3479.9999999453566,-515686.0565573685,300.3296569962832,1.0253489993526528,104
850000,3499.9999999448837,-517538.922349856,302.1223922885923,1.0258479151782807,104
855000,3519.999999944411,-516958.6310827073,303.0524532362102,1.0272273480963399,104
860000,3539.999999943938,-517692.526481397,298.21843542412927,1.0305602814004144,104
865000,3559.999999943465,-516733.9824032837,302.6763254655971,1.021417115874629,104
870000,3579.999999942992,-518610.5886986654,296.62056998983115,1.029255817503282,104
875000,3599.999999942519,-516087.73712379066,300.0117209349386,1.0240366743034237,104
880000,3619.999999942046,-517250.3697738659,297.91932667011184,1.0238229947025697,104
885000,3639.999999941573,-517344.8842243545,301.7765803898278,1.024268331541862,104
890000,3659.9999999411,-518257.55761432974,299.1519824549917,1.023192737507666,104
895000,3679.9999999406273,-516626.01722934865,301.78528289116014,1.0239258869064167,104
900000,3699.9999999401543,-516293.6037936986,299.34632611356557,1.024764339942013,104
905000,3719.9999999396814,-516743.83124571457,301.04255887797603,1.0297929417829674,104
910000,3739.9999999392085,-517506.7366613976,303.47428185369074,1.0247535749113093,104
915000,3759.9999999387355,-518221.201663397,301.6917706133156,1.0285607368762169,104
920000,3779.9999999382626,-516368.4758913503,299.8698064785009,1.0218435017921963,104
925000,3799.9999999377897,-516777.5908414156,300.6358590234873,1.0238134814284205,104
930000,3819.9999999373167,-517396.5642662705,300.9221296389028,1.0297048517372749,104
935000,3839.999999936844,-517046.41211151774,303.24534446584715,1.025345044304616,104
940000,3859.999999936371,-516659.27231846587,301.7403843984174,1.026871100561208,104
945000,3879.999999935898,-517581.1427090969,300.22095307682747,1.0282544440536987,104
950000,3899.999999935425,-517530.00378224696,301.0086026324148,1.026004934717638,104
955000,3919.999999934952,-517262.92487662565,303.23939932345814,1.0288311447451852,104
960000,3939.999999934479,-517552.9742705489,301.23090360553874,1.0242318630954796,104
965000,3959.999999934006,-517715.4207917426,298.06614576972737,1.027343619135763,104
970000,3979.999999933533,-518463.5839013392,301.2589254052795,1.026757240206629,104
975000,3999.9999999330603,-518322.70233902754,298.17824384285734,1.0269155011780529,104
980000,4019.9999999325873,-516991.4657352292,298.5089874976835,1.0282822240630736,104
985000,4039.9999999321144,-516326.941131284,302.10708711651296,1.0243192739506493,104
990000,4059.9999999316415,-517190.7332050812,304.1512381898411,1.0239008751832799,104
995000,4079.9999999311685,-516916.72748256894,301.075337292587,1.0235231813221937,104
1000000,4099.999999930696,-516818.84209062206,300.73657965539445,1.0254505780894205,104
1005000,4119.999999930223,-515809.68212806364,297.9194875137274,1.0264954898560792,104
1010000,4139.99999992975,-516811.0810538037,298.53848402073424,1.0232192424028947,104
1015000,4159.999999929277,-516582.14907500776,302.79428639503595,1.0258896819123366,104
1020000,4179.999999928804,-517129.6545088722,299.7690776618386,1.0279268606756156,104
1025000,4199.999999928331,-516406.8907015121,300.88455379820465,1.0260085640688807,104
1030000,4219.999999927858,-517974.83573436015,297.8093672592426,1.030277584263978,104
1035000,4239.999999927385,-516555.862792457,298.1537952612597,1.0189635974015154,104
1040000,4259.999999926912,-517191.6512386168,300.3965584462577,1.0274771713130468,104
1045000,4279.999999926439,-515944.31133508356,301.39224319627897,1.024421641832827,104
1050000,4299.999999925966,-516871.39720838703,302.5076267436314,1.0244434410594767,104
1055000,4319.999999925493,-516136.1278328805,302.95720812046403,1.028706802294298,104
1060000,4339.99999992502,-517046.9103855591,305.52125568136046,1.0256099897651343,104
1065000,4359.999999924547,-517317.04860163527,299.10556498433704,1.0272577781081955,104
1070000,4379.9999999240745,-517059.7158722803,299.58547043108155,1.0253649769287103,104
1075000,4399.9999999236015,-518265.4427348634,299.25192943818956,1.0252632874677279,104
1080000,4419.999999923129,-517237.4343085035,300.0237403538691,1.0265511738980817,104
1085000,4439.999999922656,-514846.39096602984,298.36742730615066,1.0285881300500852,104
1090000,4459.999999922183,-517563.2596503452,301.3299067562885,1.0206292234385759,104
1095000,4479.99999992171,-517934.03758096346,299.93047617098614,1.0313920412519653,104
1100000,4499.999999921237,-517621.9067380433,299.17194975521045,1.028253985812999,104
1105000,4519.999999920764,-518014.4154723063,299.71821429777526,1.0257878657683106,104
1110000,4539.999999920291,-517445.378886099,298.81418253091266,1.0253942441739625,104
1115000,4559.999999919818,-516764.6469060513,300.2887857382116,1.022982452820378,104
1120000,4579.999999919345,-517586.1385976258,299.5083812050702,1.0239946857197664,104
1125000,4599.999999918872,-516156.4893229569,301.7513799560982,1.031354420085427,104
1130000,4619.999999918399,-517449.2348838283,299.1878178332084,1.0280640958432503,104
1135000,4639.999999917926,-517742.4218160233,302.28194106643105,1.0250322648573589,104
1140000,4659.999999917453,-517501.3850485219,299.8366269710197,1.023998692890563,104
1145000,4679.99999991698,-518150.34169653547,300.1418141271708,1.0277976290075412,104
1150000,4699.9999999165075,-517156.61890726,297.614627135076,1.0271006128623308,104
1155000,4719.9999999160345,-517325.1803638148,301.0196561392666,1.0247331894126563,104
1160000,4739.999999915562,-518487.63303604256,302.12389818244446,1.0279311884628528,104
1165000,4759.999999915089,-517098.12775479397,300.54607724919765,1.0301559685724333,104
1170000,4779.999999914616,-517563.03888171096,301.19829190404124,1.0281144480874338,104
1175000,4799.999999914143,-516368.9492879554,301.65934258081774,1.0234347028111717,104
1180000,4819.99999991367,-518564.6867953623,300.7046796526718,1.0293123868332883,104
1185000,4839.999999913197,-516555.2183771117,303.5215546839914,1.0277119412154778,104
1190000,4859.999999912724,-517528.8278922355,302.2321117359573,1.0259584083328244,104
1195000,4879.999999912251,-517000.0439525838,299.77691947240095,1.0262421278159426,104
1200000,4899.999999911778,-515766.4758182347,304.3293148079232,1.0241498197241945,104
1205000,4919.999999911305,-515987.2487280695,302.46930708319405,1.0219291842045293,104
1210000,4939.999999910832,-516519.29743652954,301.61103797368855,1.02588654215416,104
1215000,4959.999999910359,-515476.98199112876,301.7926252680105,1.0284247675906086,104
1220000,4979.999999909886,-517526.5879488026,300.9144488405027,1.0290974534511752,104
1225000,4999.999999909413,-516280.2253365838,301.2380301787357,1.0281684146189596,104
1230000,5019.9999999089405,-516069.8047615702,297.02711003314363,1.0252244765608476,104
1235000,5039.9999999084675,-516492.2400397372,299.9497381377268,1.0264098980267533,104
1240000,5059.999999907995,-517426.2181858041,298.9084244444584,1.0241219027544621,104
1245000,5079.999999907522,-516613.6325220163,300.4004060631386,1.0238290436692479,104
1250000,5099.999999907049,-517342.4415461535,299.6886013223876,1.027145444647459,104
1255000,5119.999999906576,-518404.6773222869,300.63828859498994,1.0277622318046244,104
1260000,5139.999999906103,-516675.27372553525,300.03880574889445,1.0285883697806062,104
1265000,5159.99999990563,-516659.5328306155,299.9375469085189,1.0268432815567725,104
1270000,5179.999999905157,-516009.2239816289,300.62368348372036,1.0256116232960268,104
1275000,5199.999999904684,-515465.26492249174,303.59922488988667,1.0220151001038018,104
1280000,5219.999999904211,-516100.04209317965,299.2843344125896,1.0287063121503692,104
1285000,5239.999999903738,-515925.7398574713,300.4585734533597,1.0240929912908758,104
1290000,5259.999999903265,-517047.84324823995,299.9202840310505,1.02542537767519,104
1295000,5279.999999902792,-516807.47107852553,303.285789009598,1.0240505540673601,104
1300000,5299.999999902319,-516435.2839574525,299.9466440744427,1.0266237719627171,104
1305000,5319.999999901846,-516424.1031091057,299.1490157144884,1.026199659506669,104
1310000,5339.9999999013735,-516894.96204013354,299.55041224570834,1.0228423085603915,104
1315000,5359.999999900901,-517100.503719212,299.69923843551675,1.0287230191508385,104
1320000,5379.999999900428,-515713.95431444957,299.34820243327187,1.0214329919716174,104
1325000,5399.999999899955,-516823.5320565982,302.7332441825364,1.031820187661875,104
1330000,5419.999999899482,-515754.7025522962,301.16119655450103,1.0269468697404038,104
1335000,5439.999999899009,-516901.6479129719,301.87003938615044,1.0268813023983518,104
1340000,5459.999999898536,-517106.06548928516,302.1680709919631,1.024085036494777,104
1345000,5479.999999898063,-517482.1760634731,301.19820750645124,1.030244722714386,104
1350000,5499.99999989759,-517008.9532236976,299.5989358013252,1.027338039697118,104
1355000,5519.999999897117,-516958.8961426306,301.36206180101874,1.0244736453618895,104
1360000,5539.999999896644,-516875.5894666491,299.2030028005913,1.024856173105301,104
1365000,5559.999999896171,-516368.069968791,300.7886736418149,1.0267631089280342,104
1370000,5579.999999895698,-516311.2071838777,299.5283663317449,1.027630130874268,104
1375000,5599.999999895225,-515890.2895273394,302.6011387553092,1.0216364999790888,104
1380000,5619.999999894752,-517049.6891121282,303.4403197599073,1.02446365164066,104
1385000,5639.999999894279,-517017.9682982671,304.02876953837796,1.0282690489982762,104
1390000,5659.9999998938065,-517458.4229107688,300.2996156370738,1.0253371750299116,104
1395000,5679.999999893334,-517408.0791794702,300.2301058211952,1.025671952172333,104
1400000,5699.999999892861,-517820.37885310035,302.3189993866862,1.0289959807557834,104
1405000,5719.999999892388,-516849.6853016913,300.0622116883433,1.0266610349853744,104
1410000,5739.999999891915,-518524.1341344996,302.9198096585179,1.029416096453927,104
1415000,5759.999999891442,-517034.29016949935,302.4955222075574,1.023270002743809,104
1420000,5779.999999890969,-516526.1746546307,299.5625476204839,1.0296364675049134,104
1425000,5799.999999890496,-516799.9550981438,301.4633900407642,1.026059112135995,104
1430000,5819.999999890023,-517828.59550022846,301.7447133098839,1.027379421905838,104
1435000,5839.99999988955,-517445.350467046,301.47054767791474,1.026394462577308,104
1440000,5859.999999889077,-518171.16547461366,298.39429750820386,1.0247251029297688,104
1445000,5879.999999888604,-517174.88599221315,303.5636334433622,1.0271918888374878,104
1450000,5899.999999888131,-517207.6453563727,299.53590501909065,1.027929665071049,104
1455000,5919.999999887658,-517313.0203789936,299.24820739586926,1.0251358230064975,104
1460000,5939.999999887185,-516749.10223258426,296.8488145242448,1.0267633082464809,104
1465000,5959.999999886712,-517933.73675810755,300.8141398089243,1.0321394760743703,104
1470000,5979.9999998862395,-517449.45432974375,300.85399216284713,1.0295279755550097,104
1475000,5999.999999885767,-516741.1639075738,299.6851374598122,1.0276819196025009,104
1480000,6019.999999885294,-517609.4853842433,300.54891082542184,1.0258757763154305,104
1485000,6039.999999884821,-517817.86815544893,299.7670361977368,1.0299814716575573,104
1490000,6059.999999884348,-516337.5106444338,297.11901482115485,1.023741350848565,104
1495000,6079.999999883875,-517206.88617212744,301.09120650671866,1.0297137143721087,104
1500000,6099.999999883402,-516632.04682301776,301.87351421015427,1.0277216622188974,104
1505000,6119.999999882929,-515302.8877333342,298.2413415144563,1.0262050114882402,104
1510000,6139.999999882456,-517387.3619265377,302.07205528561684,1.027725370367678,104
1515000,6159.999999881983,-517162.0836092415,303.9768751920841,1.0247614588115919,104
1520000,6179.99999988151,-515815.3812103162,301.75641568860107,1.0220788163709922,104
1525000,6199.999999881037,-518520.56197025324,300.4761313915808,1.0301666765212052,104
1530000,6219.999999880564,-516453.981661357,298.7437862650074,1.023709390933386,104
1535000,6239.999999880091,-518026.6455581612,299.35747272278593,1.0264010132451384,104
1540000,6259.999999879618,-515946.69388163905,302.46437926812376,1.025343717748849,104
1545000,6279.999999879145,-517049.18126301933,302.37399656312226,1.0294015155999996,104
1550000,6299.9999998786725,-517581.6122106374,298.75444996394504,1.0230771933682123,104
1555000,6319.9999998782,-515825.232760384,299.34330545176,1.027776364742358,104
1560000,6339.999999877727,-517647.5735884728,301.2557979597191,1.0295686816593086,104
1565000,6359.999999877254,-518133.4988547454,303.1931062277674,1.0268853079969167,104
1570000,6379.999999876781,-517857.08863769704,299.9870310278962,1.0241194438666887,104
1575000,6399.999999876308,-516855.786733181,299.550472553506,1.026246962201328,104
1580000,6419.999999875835,-516316.33022065624,302.27638671520145,1.023601411306967,104
1565000,6359.999999877254,-517729.7822583497,301.1228386027674,1.0250938925826998,--
1570000,6379.999999876781,-517213.7353638327,303.04542363877573,1.0255036606610621,103
1575000,6399.999999876308,-518261.591270895,300.326445635574,1.027463535234948,103
1580000,6419.999999875835,-517413.6728407226,300.4847412174937,1.0256350196138462,103
1585000,6439.999999875362,-516635.7629523759,303.19290944438427,1.0257658101479243,103
1590000,6459.999999874889,-517392.71979461936,299.9916471798393,1.0276356340109432,103
1595000,6479.999999874416,-516612.30903577246,302.2358273296031,1.0231424367299549,102
1600000,6499.999999873943,-516674.195960141,302.9415499956303,1.0304601601104606,102
1605000,6519.99999987347,-517560.7340326072,301.11690225553286,1.0263480437629027,102
1610000,6539.999999872997,-517738.52654423006,302.9219679677064,1.02546227123736,102
1615000,6559.999999872524,-516967.43512888625,302.10218975340376,1.0236090245639349,102
1620000,6579.999999872051,-515867.5946937057,301.08884048610435,1.0266107826394928,102
1625000,6599.999999871578,-516892.23528043996,302.4121058446602,1.0230622873415252,102
1630000,6619.9999998711055,-517266.41694455943,302.15694201989504,1.0241736050954815,102
1635000,6639.999999870633,-516381.739174712,302.608118363987,1.0255004579371239,102
1640000,6659.99999987016,-516336.9349090797,301.81287781466716,1.0253300054735117,101
1645000,6679.999999869687,-518062.55098471395,301.1107324164861,1.0268186818014227,101
1650000,6699.999999869214,-516609.1407583931,302.37463214004714,1.0238797997214473,101
1655000,6719.999999868741,-515719.8282745206,299.9556920411999,1.0242003596006504,101
1660000,6739.999999868268,-517396.29017700604,301.0965653171063,1.0249719671763484,101
1665000,6759.999999867795,-517065.41542396625,301.02879783917274,1.026093229858719,101
1670000,6779.999999867322,-517783.3663671892,300.0041624131445,1.0284088331237538,101
1675000,6799.999999866849,-516315.11217670934,300.3583151701739,1.0193740046163373,101
1680000,6819.999999866376,-516321.7029272991,300.6447627385939,1.0269950807752541,101
1685000,6839.999999865903,-517429.8504656949,303.02731932918067,1.0287601313436834,101
1690000,6859.99999986543,-516979.01614144817,299.38422448225475,1.0255217110081571,101
1695000,6879.999999864957,-517379.955651819,301.11963750757764,1.0236052255141157,101
1700000,6899.999999864484,-517471.1315452289,299.98434258363,1.0290936670267958,101
1705000,6919.999999864011,-516988.14834667696,303.0519951924237,1.025763847434289,101
1710000,6939.9999998635385,-516994.3034387862,301.3595690017865,1.024262132685394,101
1715000,6959.999999863066,-517723.86601751694,301.8120920056179,1.0311635519779412,101
1720000,6979.999999862593,-516700.5792005607,301.6051268584204,1.0246923576412976,101
1725000,6999.99999986212,-518488.4692546518,302.1212498268168,1.0290436961655727,101
1730000,7019.999999861647,-517997.65347670834,302.1865867917923,1.0296673132285545,101
1735000,7039.999999861174,-517571.45997679955,302.6996367118104,1.0296669994456962,101
1740000,7059.999999860701,-517294.82582661044,300.74905701764055,1.0235818033461803,101
1745000,7079.999999860228,-517150.49614042207,297.45708887063614,1.0290990050441982,101
1750000,7099.999999859755,-516748.246177139,301.1388453053762,1.0234264793838885,101
1755000,7119.999999859282,-517400.6378145036,301.2327162824476,1.0288702065488866,101
1760000,7139.999999858809,-517760.24344638595,303.48855509807925,1.0230259991162667,101
1765000,7159.999999858336,-517867.9351529926,301.6168907218165,1.0299178723371556,101
1770000,7179.999999857863,-516418.6285342439,300.74304482675694,1.0251490735002788,101
1775000,7199.99999985739,-517410.32006714283,300.5082871676065,1.0284067038848224,101
1780000,7219.999999856917,-516450.75818822114,302.28517276651576,1.0211905466090467,101
1785000,7239.999999856444,-517391.93532115035,300.2151498366551,1.0243082562827157,101
1790000,7259.9999998559715,-517192.6414517276,301.9991740028186,1.0219960269319963,101
1795000,7279.999999855499,-517458.5323015002,299.5527191260434,1.0313166707698203,101
1800000,7299.999999855026,-516090.10675965226,301.40198148831723,1.0279166154040167,101
1805000,7319.999999854553,-516480.66157992696,299.88968929934947,1.030001756686716,101
1810000,7339.99999985408,-517631.0420733944,299.4812039511232,1.0279686437934035,101
1815000,7359.999999853607,-516956.7931223803,300.3665619945848,1.0249966919549172,101
1820000,7379.999999853134,-517445.90128135355,300.2436987322854,1.0277427949161404,101
1825000,7399.999999852661,-516433.9733079795,299.77609302482006,1.0257248211249554,101
1830000,7419.999999852188,-517598.3667627075,303.01001995398536,1.0258313470982396,101
1835000,7439.999999851715,-518162.0054629764,301.2781211742601,1.0276497095780859,101
1840000,7459.999999851242,-516990.2660761657,302.578702016267,1.0274278654466755,101
1845000,7479.999999850769,-516404.89780631685,301.1666432552629,1.0238790961598139,101
1850000,7499.999999850296,-518060.61215957534,299.1380648204652,1.0281080117504389,101
1855000,7519.999999849823,-517931.78871306544,300.36767804777486,1.026804381748454,101
1860000,7539.99999984935,-517550.4146471196,302.1382399820529,1.0256387150096746,101
1865000,7559.999999848877,-517355.27568056923,303.9552077884442,1.0232524793553426,101
1870000,7579.9999998484045,-516626.37583933957,301.88116148614654,1.025317645204695,101
1875000,7599.999999847932,-517088.7966491149,300.42719864588577,1.0212576861908154,101
1880000,7619.999999847459,-517212.7027706334,301.44330954591265,1.0237734085237364,101
1885000,7639.999999846986,-516474.07995208865,300.50935291703155,1.0300404214318342,101
1890000,7659.999999846513,-516000.4343490526,300.91177732845495,1.0275218758668219,101
1895000,7679.99999984604,-517601.98543423763,303.6539668631725,1.0294629050109556,101
1900000,7699.999999845567,-518530.9299889789,300.96476315383933,1.028970587843553,101
1905000,7719.999999845094,-516588.00519537553,300.86752071774623,1.025744594336404,101
1910000,7739.999999844621,-516556.5164497169,300.06281193560807,1.0237639703021926,101
1915000,7759.999999844148,-517485.1366217593,303.7288787402555,1.0282555028020843,101
1920000,7779.999999843675,-516665.4568042746,300.5791448636561,1.0212226933072366,101
1925000,7799.999999843202,-516376.4650264785,301.9452710184152,1.0237142026419908,101
1930000,7819.999999842729,-517583.68372701807,301.51319322607856,1.0242250853935129,101
1935000,7839.999999842256,-517907.94932855293,301.5322932033972,1.0267851007352002,101
1940000,7859.999999841783,-517730.459195405,300.03353884497926,1.0295115076800616,101
1945000,7879.9999998413105,-516882.5571008432,301.72212857511613,1.0246675408214405,101
1950000,7899.9999998408375,-517108.13388502016,303.76251974286373,1.0246868888346672,101
1955000,7919.999999840365,-518003.5906220272,301.28432691679734,1.029453765228909,101
1960000,7939.999999839892,-517680.51576596056,302.4183973688457,1.0269976004299262,101
1965000,7959.999999839419,-516020.8450701814,300.99858569699694,1.0240248102260294,101
1970000,7979.999999838946,-516983.9983876005,300.58172266206475,1.0280112046043164,101
1975000,7999.999999838473,-516618.9422161775,303.23017063273426,1.0260857342918246,101
1980000,8019.999999838,-516084.29217507085,300.08667462570315,1.0267295743224532,101
1985000,8039.999999837527,-517750.91620979575,299.557138608741,1.0320335209445979,101
1990000,8059.999999837054,-515668.6108486904,301.4627911234925,1.025086327765101,101
1995000,8079.999999836581,-517077.765735531,300.433459485981,1.0244522210266376,101
2000000,8099.999999836108,-518443.4925415984,300.4866912872016,1.028175625190668,101
2005000,8119.999999835635,-516783.30694647436,300.83850240085235,1.024405191532606,101
2010000,8139.999999835162,-518795.82524404675,301.16723519471543,1.0280220077170092,101
2015000,8159.999999834689,-517422.10261393874,302.9916401350382,1.0246883244185563,101
2020000,8179.999999834216,-517600.30630837544,298.60814682388764,1.0279773202613944,101
2025000,8199.999999835562,-517136.2936445677,299.431675621855,1.025890547253314,101
2030000,8219.999999839636,-517415.23866055114,300.3082442504425,1.0323729757538016,101
2035000,8239.99999984371,-517264.71817352646,298.2929723424211,1.0269545363116446,101
2040000,8259.999999847785,-517255.7767925584,299.92291464365553,1.0291046294508972,101
2045000,8279.99999985186,-517892.58294750215,301.9107889271489,1.025323997492266,101
2050000,8299.999999855934,-517331.9008120259,303.54184841284706,1.0262855944774885,101
2055000,8319.999999860009,-517642.7750365713,302.4291523715549,1.0246748232757632,101
2060000,8339.999999864083,-518750.13252269756,300.9244858625469,1.0272973468959554,101
2065000,8359.999999868158,-516769.5179603549,299.33665483166067,1.0266902161612015,101
2070000,8379.999999872232,-517294.0014519547,301.4872055797266,1.0243480417118445,101
2075000,8399.999999876307,-516747.0745370067,301.00878058694383,1.0307037727187711,101
2080000,8419.999999880381,-518025.204785377,300.0068875221176,1.0245586166993204,101
2085000,8439.999999884456,-516937.83471568115,303.1244874271361,1.0222960263554357,101
2090000,8459.99999988853,-516372.8057273461,297.75795575064944,1.0247169515763614,101
2095000,8479.999999892605,-516845.18202882376,301.19652775075593,1.0232621903892165,101
2100000,8499.99999989668,-516257.12475120486,299.4566326947584,1.0271154773710949,101
2105000,8519.999999900754,-516107.21346331364,300.90124603598355,1.02660177621531,101
2110000,8539.999999904829,-517525.47879956244,300.14527087846176,1.0272632003399915,101
2115000,8559.999999908903,-518254.6029347689,298.86326244170516,1.0273127046162025,101
2120000,8579.999999912978,-516728.4510229749,299.6333409271754,1.0263358482833687,101
2125000,8599.999999917052,-518159.80998352147,300.6115408729659,1.025971124273783,101
2130000,8619.999999921127,-517549.2265311484,300.2779673569669,1.0221235334739343,101
2135000,8639.999999925201,-517311.87135505816,301.80845357189503,1.027466457780456,101
2140000,8659.999999929276,-517111.4728031517,298.97584558758433,1.0279752335490113,101
2145000,8679.99999993335,-516809.3625923614,300.90733890329386,1.024484421265667,101
2150000,8699.999999937425,-516900.0557023855,302.213884328099,1.0264865124518212,101
2155000,8719.9999999415,-517578.20713625546,300.19126706357065,1.0225826308927486,101
2160000,8739.999999945574,-516836.0156239392,300.7206415597158,1.02969424932188,101
2165000,8759.999999949649,-516637.15970258275,301.6712769542104,1.025948949382035,101
2170000,8779.999999953723,-517187.34411391243,302.07833777760726,1.0262869138730664,101
2175000,8799.999999957798,-517168.6816361572,301.40828674312115,1.0287690756967334,101
2180000,8819.999999961872,-517355.64332306595,299.5326858937613,1.0258013182491368,101
2185000,8839.999999965947,-517147.34737536684,299.52396077453557,1.0266103897595054,101
2190000,8859.999999970021,-517301.8843229909,300.49745493565274,1.026505067889176,101
2195000,8879.999999974096,-516683.097120977,301.09972140949867,1.0257588779418634,101
2200000,8899.99999997817,-515894.3881597065,300.84249980687963,1.0242976212845263,101
2205000,8919.999999982245,-516970.37305955775,300.513966238168,1.0238196516217246,101
2210000,8939.99999998632,-516368.3927439265,296.21995298186243,1.0232564583501491,101
2215000,8959.999999990394,-517153.3270827639,298.8041170140892,1.0280994576510853,101
2220000,8979.999999994468,-516372.84371720953,303.41248161821613,1.0283017027319896,101
2225000,8999.999999998543,-516812.8793149688,302.4753715234704,1.0249568227554187,101
2230000,9020.000000002618,-516418.51094194525,299.6133200623004,1.0259838790858855,101
2235000,9040.000000006692,-517973.813613462,301.16110542602485,1.0225300159611503,101
2240000,9060.000000010767,-516495.4264360026,301.18715929048966,1.0268837167235043,101
2245000,9080.000000014841,-516691.5682236259,302.7401672887028,1.0236758696321,101
2250000,9100.000000018916,-518037.45686676307,301.6274898837669,1.0235153608606296,101
2255000,9120.00000002299,-516149.88103352464,304.97155041738426,1.0234643354881927,101
2260000,9140.000000027065,-517278.4016626277,301.3455733095284,1.0237828884327138,101
2265000,9160.00000003114,-517272.18589651235,299.550080667093,1.0260754686739206,101
2270000,9180.000000035214,-516734.27658506157,298.6221477608341,1.027377581692644,101
2275000,9200.000000039288,-516805.6722047329,300.31746424782017,1.0272415075852444,101
2280000,9220.000000043363,-517134.7252727444,300.2933149286397,1.0225530721813976,101
2285000,9240.000000047437,-516974.4736136461,302.6927571063317,1.027386548428497,101
2290000,9260.000000051512,-518347.82956995093,298.97685433123087,1.0254731210229115,101
2295000,9280.000000055586,-517717.62938036537,301.9477458306436,1.0251139318497982,101
2300000,9300.000000059661,-517445.7780398824,300.08477525999865,1.0249363816742278,101
2305000,9320.000000063736,-516581.40941682085,301.55075592598575,1.0275959667848162,101
2310000,9340.00000006781,-517091.90306487517,301.2596004664048,1.0265369755869769,101
2315000,9360.000000071885,-517846.6130514431,300.3034264459863,1.0285996255281709,101
2320000,9380.00000007596,-516798.94550119643,301.32551085693643,1.0256134393832188,101
2325000,9400.000000080034,-516331.2941037547,303.5715761547524,1.0265542399921215,101
2330000,9420.000000084108,-516872.06576031796,301.28758379489693,1.0260146866497781,101
2335000,9440.000000088183,-518436.07023835415,300.36944826222407,1.0276655728617883,101
2340000,9460.000000092257,-517033.904268645,301.6275148879059,1.0295218364536938,101
2345000,9480.000000096332,-516772.84193270514,299.8242943688252,1.0226951672882831,101
2350000,9500.000000100406,-517050.75679286267,298.5298191516634,1.021808302457249,101
2355000,9520.000000104481,-517524.2955120953,299.3181609571236,1.0291531726739291,101
2360000,9540.000000108555,-517334.4752613497,301.6202259678491,1.025945920418184,101
2365000,9560.00000011263,-517842.7170401972,303.30708746385596,1.0287283003071361,101
2370000,9580.000000116705,-518439.3505006812,298.1268316024309,1.0242841079075804,101
2375000,9600.000000120779,-516560.5870173115,300.52985322793467,1.0265970526495514,101
2380000,9620.000000124854,-517093.7724877279,303.09201358927385,1.0248216931841825,101
2385000,9640.000000128928,-517647.23610201804,301.63694184972536,1.0274348503755202,101
2390000,9660.000000133003,-517680.91835878114,301.7981980387887,1.026842256805511,101
2395000,9680.000000137077,-517466.8667942411,300.8315791836002,1.027086563505212,101
2400000,9700.000000141152,-516185.0177113833,300.70991999186674,1.0254465882739106,101
2405000,9720.000000145226,-517493.76716681034,299.07900398082836,1.0256552778574062,101
2410000,9740.0000001493,-517203.4658568993,302.6711182596678,1.024841512492149,101
2415000,9760.000000153375,-515967.77254347154,301.3239795486148,1.027345527539271,101
2420000,9780.00000015745,-517952.08044090075,299.75667415537924,1.0249349042387517,101
2425000,9800.000000161524,-516197.6396990528,301.33897475614924,1.0220941390129534,101
2430000,9820.000000165599,-517389.38089176617,303.36324635380834,1.0264065181262827,101
2435000,9840.000000169674,-517042.83312198706,299.8714826628669,1.0263143812344468,101
2440000,9860.000000173748,-516340.9576386113,301.1471388134113,1.0258468289317901,101
2445000,9880.000000177823,-515773.3598282698,302.0775368463146,1.0253421617366216,101
2450000,9900.000000181897,-517230.46755839395,302.2473265534933,1.0305161094043238,101
2455000,9920.000000185972,-516425.32444388815,302.22526603056735,1.027321762870714,101
2460000,9940.000000190046,-515959.36907795374,300.7745041669628,1.021074969680994,101
2465000,9960.00000019412,-516146.4655934535,300.14065897996204,1.026639507615337,101
2470000,9980.000000198195,-517173.9074869603,299.2848206435723,1.0272620809606603,101
2475000,10000.00000020227,-517263.8040549101,299.45942392584425,1.0226525018021335,101
2480000,10020.000000206344,-516795.36794605386,301.7779172279921,1.0269954244184263,101
2485000,10040.000000210419,-517345.2394172121,300.9438713152881,1.0288251686644219,101
2490000,10060.000000214493,-517163.29745092476,298.83469905024856,1.0242222180203406,101
2495000,10080.000000218568,-518554.11127842567,302.719516581201,1.0295717774080235,101
2500000,10100.000000222642,-517300.7001136162,302.974056514822,1.0254193852350848,101
2505000,10120.000000226717,-517693.4878455049,297.8104146265341,1.0249356306377917,101
2510000,10140.000000230792,-517538.07691356004,303.02266835409006,1.023776676472992,101
2515000,10160.000000234866,-517277.74957894464,300.9919360293649,1.0267424410309607,101
2520000,10180.00000023894,-517467.3158520821,299.01278070678575,1.02950425888364,101
2525000,10200.000000243015,-517311.62372308574,300.3682410111711,1.0263553758788289,101
2530000,10220.00000024709,-517552.56671436504,302.79990512953793,1.024947943179687,101
2535000,10240.000000251164,-517433.5471478177,302.92614963959255,1.0267218170746562,101
2540000,10260.000000255239,-516404.65183175425,300.07731312973226,1.0257954607371762,101
2545000,10280.000000259313,-516847.3949145728,301.00622385104697,1.0271560921360032,101
2550000,10300.000000263388,-516863.7816805402,300.6736784774962,1.0266551669505013,101
2555000,10320.000000267462,-517265.0769406585,302.95015220697854,1.0291029450217335,101
2560000,10340.000000271537,-517526.23380029085,301.05227837130565,1.02787524738404,101
2565000,10360.000000275611,-516832.9281880923,300.0482531817115,1.0205599780495844,101
2570000,10380.000000279686,-517825.563723997,303.1106522724962,1.027612145957653,101
2575000,10400.00000028376,-517018.75622427906,299.69474822555117,1.0262072599519165,101
2580000,10420.000000287835,-517653.83146538516,298.97301510445965,1.0260409115241373,101
2585000,10440.00000029191,-516881.3028342109,300.35702684072885,1.02627370883963,101
2590000,10460.000000295984,-517749.8746940021,303.33199044091253,1.0263933553817786,101
2595000,10480.000000300059,-517428.9168216761,302.51210880896383,1.0247999795968403,101
2600000,10500.000000304133,-516490.72738666204,303.2494721848877,1.0235580474585368,101
2605000,10520.000000308208,-516793.5116360306,300.8353696293797,1.0268109287008311,101
2610000,10540.000000312282,-516520.9048907035,298.43916633287256,1.0247368941236252,101
2615000,10560.000000316357,-516313.62448352226,299.9127728521517,1.0244375392335183,101
2620000,10580.000000320431,-517720.9255636381,299.781301583304,1.0267471956959517,101
2625000,10600.000000324506,-518004.94840157684,300.59960408011113,1.031471553179632,101
2630000,10620.00000032858,-517952.8518693638,302.5063057558431,1.0293269338222957,101
2635000,10640.000000332655,-516732.05574066634,298.698409969398,1.0277266513030827,101
2640000,10660.00000033673,-516935.17692891136,303.66350796787043,1.0254339752477006,101
2645000,10680.000000340804,-517836.6510370553,300.3096038965262,1.0278031312614009,101
2650000,10700.000000344879,-517825.06318928674,301.5733265166258,1.023523876825807,101
2655000,10720.000000348953,-516584.9835372942,302.12238778212975,1.026155767480345,101
2660000,10740.000000353028,-517675.3810112567,302.0462066651613,1.028177350806052,101
2665000,10760.000000357102,-516542.9909411059,297.60854551757876,1.0246635636994044,101
2670000,10780.000000361177,-517170.4253394585,304.38037174842225,1.0250417899277477,101
2675000,10800.000000365251,-517036.31566472794,300.9302814850004,1.0257841458171026,101
2680000,10820.000000369326,-516489.00564906443,305.91237629948483,1.028529775727253,101
2685000,10840.0000003734,-518247.32828035415,299.46456341153333,1.0275432622853404,101
2690000,10860.000000377475,-517019.3989493479,299.51486342245823,1.024968729389477,101
2695000,10880.00000038155,-518149.3528944405,299.5795604363645,1.02699969563931,101
2700000,10900.000000385624,-516685.54485011497,303.1274431046118,1.0284607312943912,101
2705000,10920.000000389698,-517251.4252397544,301.460569942183,1.0284397838639248,101
2710000,10940.000000393773,-518059.34580727504,300.1507833211882,1.0264888259973461,101
2715000,10960.000000397848,-517563.4467451833,298.7929920709902,1.0256538119754435,101
2720000,10980.000000401922,-517827.74121180456,300.8317046703379,1.0267435886980436,101
2725000,11000.000000405997,-518050.85267160134,299.1157192178338,1.0304795653170087,101
2730000,11020.000000410071,-517637.78885365557,298.47032007872156,1.0292837681710858,101
2735000,11040.000000414146,-517716.68660472846,301.8596246412871,1.0273717880891668,101
2740000,11060.00000041822,-516939.55857746047,301.4471290793856,1.0215027328710007,101
2745000,11080.000000422295,-518620.03604493756,301.9298191065436,1.024955713140532,101
2750000,11100.00000042637,-518020.61193878786,300.0163302878807,1.025702734134499,101
2755000,11120.000000430444,-516585.9273846622,302.24440132026086,1.024742971789841,101
2760000,11140.000000434518,-517019.91483414546,301.33125496130526,1.0215146170839435,101
2765000,11160.000000438593,-516268.9093010777,302.415951127197,1.0262672091729863,101
2770000,11180.000000442667,-516959.75442212727,298.36906386952614,1.0263209921239513,101
2775000,11200.000000446742,-518079.8926500359,303.66843918863503,1.0272442127482448,101
2780000,11220.000000450817,-516556.0425772837,302.43404331049487,1.023965076555329,101
2785000,11240.000000454891,-517123.87630113284,297.9523026999538,1.029027914924057,101
2790000,11260.000000458966,-516591.08081793203,301.29301358126594,1.0259175765835202,101
2795000,11280.00000046304,-516899.7549390921,300.27092607719146,1.0257223743922759,101
2800000,11300.000000467115,-516449.86440892355,300.80238409745635,1.0281836296824776,101
2805000,11320.00000047119,-517060.71790784085,301.0898186410681,1.0291335291577197,101
2810000,11340.000000475264,-517760.05839306256,300.6852745329515,1.0248821219708537,101
2815000,11360.000000479338,-517101.1470212352,301.77388922738305,1.0236677544630406,101
2820000,11380.000000483413,-517004.37750499905,304.5174507427,1.0328809486721093,101
2825000,11400.000000487487,-515674.98550902423,302.6543913458471,1.0259277697232814,101
2830000,11420.000000491562,-517245.17632055166,303.0492583595014,1.0247309594558272,101
2835000,11440.000000495636,-516311.3256579328,300.91526448946996,1.0247634238288563,101
2840000,11460.000000499711,-517054.17378593236,303.07344913274716,1.025091658103656,101
2845000,11480.000000503785,-517346.8422351342,300.0904515234693,1.0282109983821905,101
2850000,11500.00000050786,-515674.21030310285,301.73252652655196,1.0263804473047529,101
2855000,11520.000000511935,-516427.960564062,303.4730225265486,1.0251647490762374,101
2860000,11540.00000051601,-516740.7524129003,304.51461029655775,1.027437955776609,101
2865000,11560.000000520084,-516469.8502037504,299.3326435269914,1.0212699401886354,101
2870000,11580.000000524158,-519109.18192079756,298.37869257585254,1.0287461239577076,101
2875000,11600.000000528233,-517370.02281475044,299.75735571124847,1.0255759040840473,101
2880000,11620.000000532307,-517876.72030315246,302.2359961255529,1.0295537953091347,101
2885000,11640.000000536382,-517464.8622053496,299.5870771195368,1.0265737933660248,101
2890000,11660.000000540456,-517338.93136063777,301.4683438728179,1.02965433442064,101
2895000,11680.00000054453,-516583.79266494117,302.1817213350551,1.026784268354029,101
2900000,11700.000000548605,-517850.9641677295,300.87803159201826,1.0282246891047937,101
2905000,11720.00000055268,-516648.7077932996,305.5951895749471,1.0240169350120614,101
2910000,11740.000000556754,-517610.7262431879,302.1753851269346,1.0278426661788815,101
2915000,11760.000000560829,-517427.0109502133,299.2821883620475,1.0284885140873032,101
2920000,11780.000000564904,-517276.3004755713,299.021496867895,1.0288920007005184,101
2925000,11800.000000568978,-516243.94280219846,299.4525063273823,1.0233635289160412,101
2930000,11820.000000573053,-516825.5170987579,299.5773312698896,1.0243953641402905,101
2935000,11840.000000577127,-516068.2746388919,300.9105808766511,1.023629912257522,101
2940000,11860.000000581202,-517055.6993041483,301.00355057904954,1.0233937499834693,101
2945000,11880.000000585276,-518130.78501224983,297.615999693318,1.027467743529399,101
2950000,11900.00000058935,-516660.57713926886,299.864781849948,1.0240377109006906,101
2955000,11920.000000593425,-517591.16775333625,303.72874419141465,1.0257884308608607,101
2960000,11940.0000005975,-516516.4306860352,300.85404975791084,1.0283160276071919,101
2965000,11960.000000601574,-517893.3187339343,300.18380432078885,1.0259193548411858,101
2970000,11980.000000605649,-517344.8460883859,303.5185216548396,1.025960076410396,101
2975000,12000.000000609723,-518262.19622230507,301.7404287638901,1.0305188706005257,101
2980000,12020.000000613798,-516028.4860774644,302.3412459632851,1.0260763616359638,101
2985000,12040.000000617873,-516766.26413665176,298.8854910968934,1.0280518585332898,101
2990000,12060.000000621947,-516899.6471327846,302.90437235949037,1.0242700026902705,101
2995000,12080.000000626022,-518304.1475539361,301.1201601669315,1.0206277283784568,101
3000000,12100.000000630096,-516383.1993479475,300.63246003508306,1.0260745348566065,101
3005000,12120.00000063417,-517910.5508164575,301.6614061549668,1.0273259014303204,101
3010000,12140.000000638245,-517048.79121366097,301.3911563120528,1.0302038635681168,101
3015000,12160.00000064232,-517108.6712944263,299.4238987269966,1.0263564361850297,101
3020000,12180.000000646394,-518143.4300495682,303.37052274652115,1.0280545393755953,101
3025000,12200.000000650469,-516928.1597071311,300.8770074982738,1.0280730521903598,101
3030000,12220.000000654543,-518109.1917727811,302.2786063658438,1.027012321586356,101
3035000,12240.000000658618,-516215.29989874153,303.2656728833964,1.021637755676731,101
3040000,12260.000000662692,-518065.38530564634,303.1951352712401,1.0271880391259798,101
3045000,12280.000000666767,-516414.77037244337,301.1203712223901,1.0225878887047783,101
3050000,12300.000000670841,-516876.2086668792,299.7305135712583,1.0247765342894621,101
3055000,12320.000000674916,-517353.1314739948,300.00895024736747,1.0212953266107065,101
3060000,12340.00000067899,-518080.1668375761,299.4952467519447,1.0311022584787035,101
3065000,12360.000000683065,-517769.15577749,301.84878709352256,1.0243426548555141,101
3070000,12380.00000068714,-515930.19851652975,299.0922222439367,1.0258841235866667,101
3075000,12400.000000691214,-517142.6765663475,300.3772690972905,1.0288181828769172,101
3080000,12420.000000695289,-517786.8938216071,299.4302912834708,1.0281288373866648,101
3085000,12440.000000699363,-517540.6572479147,300.2948901782366,1.0321764496306725,101
3090000,12460.000000703438,-517634.1101394836,302.7822561315775,1.026360284314185,101
3095000,12480.000000707512,-517453.3664157216,301.22286760944456,1.0283398591847404,101
3100000,12500.000000711587,-517831.60914015677,302.7916560690973,1.0279668699781195,101
3105000,12520.000000715661,-517010.9538143659,300.1436928273406,1.0295251746778462,101
3110000,12540.000000719736,-517410.5690293177,304.23695990601607,1.0284413442534144,101
3115000,12560.00000072381,-516345.96241536154,301.14227895711406,1.0259915739875975,101
3120000,12580.000000727885,-516279.41351254634,302.37407617585836,1.0241433540380858,101
3125000,12600.00000073196,-516322.4953359843,300.635124167131,1.0240622267465873,101
3130000,12620.000000736034,-516447.95096557005,302.25507122213054,1.0237929616872554,101
3135000,12640.000000740109,-516448.5500873572,302.67956426541457,1.0296364312144433,101
3140000,12660.000000744183,-516994.8708452473,301.15217044694106,1.0286320268025977,101
3130000,12620.000000736034,-516100.4007719571,302.35341444695416,1.024604143453717,--
3135000,12640.000000740109,-517820.9945993433,299.0531345677874,1.0282907245867077,105
3140000,12660.000000744183,-518262.9593015325,299.8981284177729,1.026668893233327,105
3145000,12680.000000748258,-518337.0460224396,299.84060935679224,1.0281773479290375,104
3150000,12700.000000752332,-518377.15474499227,301.1002998971974,1.0254122322897374,104
3155000,12720.000000756407,-516940.65934736934,299.276674471945,1.0233883041668879,104
3160000,12740.000000760481,-516192.48689072323,301.14918827124006,1.0256150711753982,104
3165000,12760.000000764556,-516594.0338405031,301.34170627129,1.0228537917521203,104
3170000,12780.00000076863,-516582.3129136842,301.7527726044414,1.0237809893549887,104
3175000,12800.000000772705,-517193.5722358457,303.1247427180728,1.025309296723898,104
3180000,12820.00000077678,-517075.1670111676,300.9203156148377,1.0264073249904264,103
3185000,12840.000000780854,-515987.593694028,304.45625760698493,1.0240656500819985,103
3190000,12860.000000784928,-517260.72927790554,302.54825030828096,1.0284060280487726,103
3195000,12880.000000789003,-516028.7585622389,300.6692592687567,1.0261441493872596,103
3200000,12900.000000793078,-517155.4619201643,301.95473523108984,1.0275875229921065,103
3205000,12920.000000797152,-517648.63604611857,299.00211853177103,1.0293293645575483,103
3210000,12940.000000801227,-516244.88730719173,299.55137337339875,1.02434407940996,103
3215000,12960.000000805301,-516353.8839935276,303.59442735812274,1.0248051386723958,103
3220000,12980.000000809376,-516819.3017917876,298.5896526523715,1.0252433905415639,103
3225000,13000.00000081345,-517278.9464701116,299.31654351106505,1.0280703271333589,103
3230000,13020.000000817525,-517119.8870110938,300.1501877212865,1.0234677828173935,103
3235000,13040.0000008216,-516572.2810088997,300.587796991815,1.0253522809291455,103
3240000,13060.000000825674,-516944.2645203555,299.3384620295392,1.0276059761634684,103
3245000,13080.000000829748,-515973.3157223053,299.7345619045622,1.0283446593295082,103
3250000,13100.000000833823,-517197.26441002055,303.66051853770193,1.028793199814254,103
3255000,13120.000000837897,-518975.89028154593,300.7208528985297,1.028266278587007,103
3260000,13140.000000841972,-517624.85894635296,299.6592816456098,1.025449436763357,103
3265000,13160.000000846047,-516880.84814634244,300.27120444811396,1.0253698769450206,103
3270000,13180.000000850121,-516642.7758311555,299.66503591456524,1.0259621541291941,103
3275000,13200.000000854196,-517358.12048592,302.26200779459623,1.0278096542073838,103
3280000,13220.00000085827,-517243.4643539055,299.2457333997367,1.0285732610207061,103
3285000,13240.000000862345,-515675.6903022048,303.48166987318234,1.0244660434090513,103
3290000,13260.00000086642,-517611.985641618,302.0759598969689,1.0287345950501643,103
3295000,13280.000000870494,-517525.55419885414,298.98746883040803,1.0241534327789696,103
3300000,13300.000000874568,-517161.10031473334,302.8956305079962,1.0257472540173485,103
3305000,13320.000000878643,-517559.4104579766,300.75656342674114,1.0260473769826637,103
3310000,13340.000000882717,-517079.6067770135,298.7276722670583,1.0290204011543351,103
3315000,13360.000000886792,-516612.3169512097,299.7539483537325,1.0280391653934153,103
3320000,13380.000000890866,-516200.9495823812,300.37692885690745,1.02200043069059,103
3325000,13400.000000894941,-517679.289509285,303.01721698799,1.0300079538037061,103
3330000,13420.000000899016,-517465.9618073511,301.2750223547292,1.026888110426126,103
3335000,13440.00000090309,-516525.7199660302,302.52483700823853,1.0263616569249379,103
3340000,13460.000000907165,-516198.64123463584,301.05861943476395,1.0213323554368987,103
3345000,13480.00000091124,-517264.8887792169,301.1173040006467,1.0238150128941554,103
3350000,13500.000000915314,-517176.80674793804,300.0292736974285,1.0252945990248632,103
3355000,13520.000000919388,-516357.6646634692,301.0447404864319,1.0236149915042028,103
3360000,13540.000000923463,-517162.0903495215,298.61835789720936,1.0262921490745565,103
3365000,13560.000000927537,-517621.9653946019,297.6156185617687,1.0288901258793435,103
3370000,13580.000000931612,-518271.63936337456,300.6105187270322,1.0282794339659083,103
3375000,13600.000000935686,-518591.5058343359,303.07611038588874,1.0292060074465639,103
3380000,13620.00000093976,-516893.13440063805,300.01687742070783,1.0304253574825364,103
3385000,13640.000000943835,-517491.42064715317,303.1320104617249,1.0273644314003831,103
3390000,13660.00000094791,-515945.13351809117,299.7762817532944,1.0254033311220574,103
3395000,13680.000000951984,-517244.09391296655,299.55287415544166,1.0260275713733111,103
3400000,13700.000000956059,-517860.6623339886,301.3413266162524,1.0216509660799984,103
3405000,13720.000000960134,-516797.85982920136,303.44715895600837,1.0249656989582852,103
3410000,13740.000000964208,-516575.5445270485,300.78964015060626,1.0277985600988058,103
3415000,13760.000000968283,-517275.28607344395,297.93153081842814,1.0245368460912465,103
3420000,13780.000000972357,-517092.15296177357,304.5228175307034,1.0291878077105974,103
3425000,13800.000000976432,-517188.08409974026,298.7152932392926,1.029737988155847,103
3430000,13820.000000980506,-517177.0445331312,300.8342634093664,1.026609947126119,103
3435000,13840.00000098458,-516807.43067598506,302.93860751832165,1.0273986609430183,103
3440000,13860.000000988655,-516871.11581467115,301.0471658082481,1.0270040191711245,103
3445000,13880.00000099273,-517389.74464102415,301.98920417970044,1.02536938939641,103
3450000,13900.000000996804,-517769.28673081216,299.5944278955425,1.0253662454070265,103
3455000,13920.000001000879,-517456.37649226305,302.1059080144388,1.029451213107705,103
3460000,13940.000001004953,-516435.00482268026,302.10293289384225,1.0247532596740108,103
3465000,13960.000001009028,-517061.826760598,301.24542816771464,1.0267411236976098,103
3470000,13980.000001013103,-517966.7326013753,302.97520328715893,1.023951754283378,103
3475000,14000.000001017177,-516205.11446776823,298.67963253605615,1.0254522590457413,103
3480000,14020.000001021252,-517532.2551054652,301.2981873886097,1.0288605421901087,103
3485000,14040.000001025326,-517260.2765591969,303.3597024165878,1.0276158199533594,103
3490000,14060.0000010294,-517795.0867903016,299.94716655534546,1.0288417256853049,103
3495000,14080.000001033475,-517681.42877008184,301.82093118692165,1.026391932281476,103
3500000,14100.00000103755,-517134.8817923947,299.3462734087623,1.0296238029188405,103
3505000,14120.000001041624,-517156.82618482015,299.6398561945098,1.0233629676036307,103
3510000,14140.000001045699,-518696.50028477097,299.89613404857846,1.031228238209022,103
3515000,14160.000001049773,-517465.2777604151,300.70448672706175,1.0274148127926512,103
3520000,14180.000001053848,-517252.4863187412,299.58179113934483,1.025536202264445,103
3525000,14200.000001057922,-516987.59524495434,301.7368713661206,1.027277894661506,103
3530000,14220.000001061997,-517816.5501770042,301.7385542219158,1.0288978466457444,103
3535000,14240.000001066071,-515737.03027398046,300.7932431593039,1.0269000602697864,103
3540000,14260.000001070146,-516206.1495587758,301.6595349121312,1.0276853616732138,103
3545000,14280.00000107422,-516460.30035866634,299.3346357259377,1.022414135258833,103
3550000,14300.000001078295,-516888.9440831789,301.49395598450724,1.025070623038293,103
3555000,14320.00000108237,-517125.5984147908,300.09312916695393,1.0290869240986749,103
3560000,14340.000001086444,-516963.79522349057,299.98864697412347,1.026518299163755,103
3565000,14360.000001090519,-518486.02137742797,303.1227070796131,1.0246608569187736,103
3570000,14380.000001094593,-517142.7232987487,302.6432092504376,1.0267532263154389,103
3575000,14400.000001098668,-516916.20598568604,301.2616703937771,1.024689352725009,103
3580000,14420.000001102742,-517051.6739197718,298.0803137334621,1.0262378437432962,103
3585000,14440.000001106817,-516683.55592822284,300.03718182911393,1.0247607172062347,103
3590000,14460.000001110891,-516887.79030935,301.2881618942922,1.024733924532442,103
3595000,14480.000001114966,-517345.73687401507,299.63146135811695,1.0236958396638756,103
3600000,14500.00000111904,-515752.20981846843,301.5083182223619,1.024746261586362,103
3605000,14520.000001123115,-518607.0555442495,302.12783651008084,1.0297754594845032,103
3610000,14540.00000112719,-516663.621439307,300.0999398168947,1.025957938568042,103
3615000,14560.000001131264,-517025.897430141,299.9667484587128,1.0241842428543662,103
3620000,14580.000001135339,-517177.6319396405,298.4315869949643,1.0282606940425711,103
3625000,14600.000001139413,-517471.7035191851,299.91285933259377,1.0283095768925137,103
3630000,14620.000001143488,-517971.7895681774,302.2832268685585,1.0291875635688184,103
3635000,14640.000001147562,-516776.72487672465,300.02794582390874,1.0248495680492369,103
3640000,14660.000001151637,-518300.48317393474,300.33799607067647,1.0312003545112818,103
3645000,14680.000001155711,-517026.71760435146,303.1914410582212,1.0286522220131689,103
3650000,14700.000001159786,-517571.5508101948,302.7146451048309,1.0249919410558845,103
3655000,14720.00000116386,-517581.741551209,302.6610999492697,1.027586070281551,103
3660000,14740.000001167935,-516591.80996789923,299.9585392260245,1.0250651120491454,103
3665000,14760.00000117201,-517179.2229238285,301.7136468043721,1.024784537273684,103
3670000,14780.000001176084,-518003.2182747256,302.31131347138415,1.028435204456153,103
3675000,14800.000001180159,-518531.4508284484,302.6021050884151,1.030437966244231,103
3680000,14820.000001184233,-517657.29107605666,300.56285785461483,1.0332970476479848,103
3685000,14840.000001188308,-515803.1029450139,301.9644985147441,1.0234751881755584,103
3690000,14860.000001192382,-518082.3337048951,302.6229734061351,1.027700030502238,103
3695000,14880.000001196457,-517829.96826905385,302.3714935511412,1.029519831286591,103
3700000,14900.000001200531,-516067.2828823598,302.29697583409745,1.0224281440417549,103
3705000,14920.000001204606,-518047.1905110751,301.85440953624305,1.0226499951628505,103
3710000,14940.00000120868,-517678.91264048684,299.5584116088678,1.023854627494287,103
3715000,14960.000001212755,-517492.34872802603,300.5407610375153,1.030585921666945,103
3720000,14980.00000121683,-517517.468921351,300.7220122696174,1.028562929363724,103
3725000,15000.000001220904,-516965.839068783,299.3153677756199,1.0292704316341046,103
3730000,15020.000001224978,-516056.46799447667,298.67722972884604,1.025538073225141,103
3735000,15040.000001229053,-516825.0122417533,301.32383542847583,1.027402251878669,103
3740000,15060.000001233127,-516482.24683004245,302.10014132535946,1.0272482851698546,103
3745000,15080.000001237202,-517122.6120853997,300.69428037150726,1.0282798169326788,103
3750000,15100.000001241277,-517538.13267831085,298.83990225162796,1.030300370490089,103
3755000,15120.000001245351,-516325.9028390411,300.2780088583214,1.0216697792282787,103
3760000,15140.000001249426,-516604.95691450755,300.40651757113227,1.024861858280969,103
3765000,15160.0000012535,-517387.5331937396,303.45568508714695,1.0238506800465759,103
3770000,15180.000001257575,-515543.1496623114,301.138818344547,1.0209508045630877,103
3775000,15200.00000126165,-516815.8072500746,301.01588313961264,1.0263982476306348,103
3780000,15220.000001265724,-517952.63050980004,299.76583373645894,1.0269771361175266,103
3785000,15240.000001269798,-517320.32646536385,298.7319853408341,1.029765936702646,103
3790000,15260.000001273873,-517346.20685779257,299.912353169306,1.0281441575871888,103
3795000,15280.000001277947,-517878.03555078246,298.98509569783306,1.027371465539042,103
3800000,15300.000001282022,-517988.70535808685,302.1944357475343,1.027872390040609,103
3805000,15320.000001286096,-517505.459264999,300.3722848102803,1.0264383770140166,103
3810000,15340.000001290171,-517162.0199300959,302.6572039183802,1.0254304724397574,103
3815000,15360.000001294246,-517283.99490588065,302.22347932957217,1.0270208371359404,103
3820000,15380.00000129832,-516152.3479894835,303.477015193453,1.0251172603715961,103
3825000,15400.000001302395,-518472.14537148806,300.13892036169005,1.029608500148981,103
3830000,15420.00000130647,-516963.0077014521,300.71059377180376,1.0259957034430525,103
3835000,15440.000001310544,-516229.2998432948,302.6626649702244,1.0283518348040899,103
3840000,15460.000001314618,-516493.6076338226,299.29543547644914,1.024299899656558,103
3845000,15480.000001318693,-516772.1562873281,300.5530054945976,1.0262754522751478,103
3850000,15500.000001322767,-518464.8591303418,301.63214705718804,1.0280323936160567,103
3855000,15520.000001326842,-515938.57023614855,301.0553128540988,1.0260198760963033,103
3860000,15540.000001330916,-517653.8380913008,300.79270316881116,1.026457517791435,103
3865000,15560.00000133499,-516070.81522876373,301.84898718164106,1.0240410580986887,103
3870000,15580.000001339065,-517764.2417838683,300.8778936077092,1.0259024624137967,103
3875000,15600.00000134314,-517282.9464122746,301.21574530015613,1.0242279461657955,103
3880000,15620.000001347214,-517494.1186824958,302.54169329450235,1.026057247645981,103
3885000,15640.000001351289,-517367.70056767063,301.4815497535298,1.0245386539305543,103
3890000,15660.000001355364,-517652.0536155,299.1009411482378,1.0275375054292288,103
3895000,15680.000001359438,-517377.4222014225,299.32395781217093,1.0271055438292735,103
3900000,15700.000001363513,-515342.239297386,304.4674756384521,1.027614941364001,103
3905000,15720.000001367587,-517171.770291199,302.0600967122444,1.0257399170645323,103
3910000,15740.000001371662,-516967.13820679416,300.5085371693506,1.027033852032011,103
3915000,15760.000001375736,-517860.36443678685,303.2192977619532,1.0261169732233566,103
3920000,15780.00000137981,-517978.3203558298,300.62375956564,1.0266530710928523,103
3925000,15800.000001383885,-518047.69406086067,302.1954917869725,1.0286741340898478,103
3930000,15820.00000138796,-517755.68704890506,301.993477388345,1.0273840304927133,103
3935000,15840.000001392034,-516387.21969719906,300.4305890662367,1.0247822637027812,103
3940000,15860.000001396109,-515822.97329846653,303.21078706981075,1.0252434449229326,103
3945000,15880.000001400183,-516637.49315521517,303.000392068821,1.0231789253838117,103
3950000,15900.000001404258,-517082.23005026695,302.29041678107023,1.0254238680022407,103
3955000,15920.000001408333,-517681.3867353876,299.37613542508296,1.030746172465727,103
3960000,15940.000001412407,-517346.18145670346,302.41656197777155,1.0277492322963784,103
3965000,15960.000001416482,-517381.5475568413,300.2978034871519,1.03096953720403,103
3970000,15980.000001420556,-517112.3131829365,303.3467323067905,1.029604645629199,103
3975000,16000.00000142463,-517695.10280881217,300.9371640017403,1.0282219407649167,103
3980000,16020.000001428705,-516150.21210745117,300.75903951851467,1.0257977357594361,103
3985000,16040.00000143278,-517239.07497398136,299.3052224071808,1.0262141086668655,103
3990000,16060.000001436854,-518468.4122150941,303.01965327091744,1.0267762371792724,103
3995000,16080.000001440929,-517023.6702813334,300.1574893808089,1.028124220921011,103
4000000,16100.000001445003,-517026.37066575675,301.2098607467863,1.0302883013116424,103
4005000,16120.000001449078,-516557.2301719086,301.7710313183879,1.0270338655075488,103
4010000,16140.000001453152,-516417.2234304263,300.63897647017694,1.0269473607197281,103
4015000,16160.000001457227,-516672.81646054075,303.21109597959,1.0266024233245854,103
4020000,16180.000001461302,-517452.5408374241,303.6796115274702,1.0268715531938122,103
4025000,16200.000001465376,-517621.08160877065,299.1989768307428,1.0292682452869564,103
4030000,16220.00000146945,-516307.94538908126,298.1757512198649,1.023462653945919,103
4035000,16240.000001473525,-517570.8117483768,301.7280358529234,1.026036813464161,103
4040000,16260.0000014776,-516920.5644313907,299.8120783596692,1.024435318107547,103
4045000,16280.000001481674,-517153.7428816166,300.95015864140083,1.025106912731816,103
4050000,16300.000001485749,-517029.81212586956,300.8041003116779,1.0250874727270838,103
4055000,16320.000001489823,-517115.4776911114,298.4845214337724,1.0292018936864318,103
4060000,16340.000001493898,-517663.448245171,302.07935401787137,1.0260885618023765,103
4065000,16360.000001497972,-517666.1794392362,298.2235431996597,1.0294084134329018,103
4070000,16380.000001502047,-517631.83013737784,302.6257324164893,1.0266283745196658,103
4075000,16400.00000150612,-517243.1391355903,303.9528455731846,1.0254247308294226,103
4080000,16420.000001510194,-515762.33045274206,302.05569693930477,1.0239251603652053,103
4085000,16440.00000151427,-517220.04706333415,301.43168543788056,1.023361070002515,103
4090000,16460.000001518343,-516574.2736706566,302.0215195826816,1.025393926120909,103
4095000,16480.000001522418,-516537.0701161532,305.82357936923506,1.0289240397706572,103
4100000,16500.000001526492,-516714.20694021834,302.42607592343643,1.0245066813282386,103
4105000,16520.000001530567,-516766.4969856646,303.2957780424448,1.0287780577863073,103
4110000,16540.00000153464,-516062.9056918272,299.15475273087606,1.0261345673153432,103
4115000,16560.000001538716,-516618.2083721233,302.8246835709346,1.0251999031242338,103
4120000,16580.00000154279,-516810.85305448016,299.7196509573638,1.0236185980433687,103
4125000,16600.000001546865,-516254.624332614,300.16583259037276,1.021184011336482,103
4130000,16620.00000155094,-516752.19036531635,301.93328772029594,1.0284892720247878,103
4135000,16640.000001555014,-517170.1719700177,301.6253700223583,1.0264545905313873,103
4140000,16660.00000155909,-516944.6772735338,300.62801278277533,1.0270848049923247,103
4145000,16680.000001563163,-517087.8132014519,301.64736560524875,1.0205522591818017,103
4150000,16700.000001567238,-516866.0319244901,300.6270119356607,1.0272799455878678,103
4155000,16720.000001571312,-518002.6261552761,300.01530326673566,1.0268710548957563,103
4160000,16740.000001575387,-517289.8804628034,299.83703087917047,1.0260798984939163,103
4165000,16760.00000157946,-516469.23771214765,300.78562968114466,1.0273976509894638,103
4170000,16780.000001583536,-517952.34899273585,300.79204612615206,1.0286128537529893,103
4175000,16800.00000158761,-516234.4435039754,300.69268451877014,1.023407839491918,103
4180000,16820.000001591685,-517188.0104180933,301.97698981294786,1.024837866054464,103
4185000,16840.00000159576,-517197.10037287,301.6162648807783,1.0260452214264644,103
4190000,16860.000001599834,-516911.29267086065,301.10171502885856,1.0223459679987132,103
4195000,16880.00000160391,-516800.63050297624,299.7703321295016,1.0277938815369807,103
4200000,16900.000001607983,-516845.31415110873,299.58403538996754,1.0247398127093146,103
4205000,16920.000001612058,-517536.94321150193,302.0525786283711,1.0271647614844803,103
4210000,16940.000001616132,-516565.95278804307,299.19054111932854,1.0186181662815257,103
4215000,16960.000001620207,-516269.717304653,301.7047551013265,1.0231256139234985,103
4220000,16980.00000162428,-516186.51116740983,296.9625800450408,1.0249311442822409,103
4225000,17000.000001628356,-517956.7163252807,300.7997013399041,1.028416567324291,103
4230000,17020.00000163243,-516614.1973890164,302.80753134045165,1.0273898469771499,103
4235000,17040.000001636505,-517412.90068117296,302.3961222018209,1.025745570864116,103
4240000,17060.00000164058,-516171.1214863756,301.8326344301313,1.024747265488869,103
4245000,17080.000001644654,-516710.4584231486,300.3633246312359,1.026992380930116,103
4250000,17100.00000164873,-517591.69755697367,299.436060174986,1.0303282816594765,103
4255000,17120.000001652803,-516710.6703833316,300.13365758300665,1.0284592149435976,103
4260000,17140.000001656877,-516685.0233092145,297.5064196047227,1.0252861891435403,103
4265000,17160.000001660952,-517342.0752298108,301.80695698787116,1.0267346225789395,103
4270000,17180.000001665027,-518027.007746896,299.15515371995525,1.0297712705479751,103
4275000,17200.0000016691,-517136.1028318375,304.95884007095106,1.023516541546753,103
4280000,17220.000001673176,-517220.67990310234,300.1785433065626,1.0241870043033299,103
4285000,17240.00000167725,-517596.4487493397,300.3642463752806,1.0245587543245078,103
4290000,17260.000001681325,-517527.46113236714,301.3680728893147,1.0291662584603285,103
4295000,17280.0000016854,-516918.6974982447,300.6056305530581,1.0285749250270337,103
4300000,17300.000001689474,-517391.8390086363,300.90402255764855,1.0230104109610396,103
4305000,17320.00000169355,-516634.7715316089,301.3349529570147,1.0208081646446314,103
4310000,17340.000001697623,-517424.136298056,299.27948432844704,1.0274543130617086,103
4315000,17360.000001701697,-517226.5080835484,300.7618686095998,1.0242747744992702,103
4320000,17380.000001705772,-517491.4263815058,298.90770983195716,1.0245779882675867,103
4325000,17400.000001709846,-518218.1000886564,299.28279696297733,1.024123359659334,103
4330000,17420.00000171392,-517144.167081665,300.68339015978523,1.0259531567025226,103
4335000,17440.000001717995,-516903.98682486755,300.78386412026737,1.025399583027788,103
4340000,17460.00000172207,-517533.7065609137,299.5529056807405,1.0242238371553851,103
4345000,17480.000001726145,-517850.96126679424,301.04571866614936,1.0279837994466767,103
4350000,17500.00000173022,-515828.6478966209,302.84816351460984,1.0257909227505106,103
4355000,17520.000001734294,-517342.17871227954,303.22997706112074,1.0269560873590744,103
4360000,17540.000001738368,-516921.2943875904,299.85901712896384,1.0265293606090404,103
4365000,17560.000001742443,-517627.33811688214,301.4802348400136,1.0289438424766058,103
4370000,17580.000001746517,-517807.4030260483,301.3372796753428,1.0240325763857945,103
4375000,17600.00000175059,-517066.6772018799,300.6892848911238,1.0237391874471036,103
4380000,17620.000001754666,-517485.5575156871,300.5857745705892,1.028100872527781,103
4385000,17640.00000175874,-518496.8896077804,300.1666529176779,1.0296899745843586,103
4390000,17660.000001762815,-516867.7904086944,301.67620364464085,1.0261429808699747,103
4395000,17680.00000176689,-516847.76249596965,302.1456242819367,1.021694756027498,103
4400000,17700.000001770964,-517627.99813128146,299.5954886760783,1.0289441517610165,103
4405000,17720.00000177504,-518280.46120715677,299.2193403030802,1.0281581382878828,103
4410000,17740.000001779114,-516490.8855060453,300.90648660629324,1.0229809849278453,103
4415000,17760.000001783188,-516401.56775647774,301.7170923203412,1.0263302280779767,103
4420000,17780.000001787263,-516220.8060240054,298.44266390441834,1.0284871185259588,103
4425000,17800.000001791337,-517677.41506820056,298.93516619070044,1.0282348853927021,103
4430000,17820.00000179541,-517694.8846575902,301.0533213932279,1.0252352404530392,103
4435000,17840.000001799486,-517616.90129852784,300.64085492884084,1.0281839170745173,103
4440000,17860.00000180356,-517185.9172167543,301.978908550588,1.0259073407832355,103
4445000,17880.000001807635,-518018.87779584643,298.47113181072024,1.0274774859798559,103
4450000,17900.00000181171,-518578.25553254085,298.7818200199792,1.0241918502933767,103
4455000,17920.000001815784,-516685.6567763707,300.693528975845,1.025871536466712,103
4460000,17940.00000181986,-515566.72799381264,301.0635540148938,1.0194998740331376,103
4465000,17960.000001823933,-516926.7645546943,301.36742854814014,1.0279195770713159,103
4470000,17980.000001828008,-517140.3256743753,301.27416390929073,1.0258030082374048,103
4475000,18000.000001832082,-516451.6610092479,303.694777556168,1.0245296622401374,103
4480000,18020.000001836157,-516125.26401452255,300.78525424722875,1.0249149252100709,103
4485000,18040.00000184023,-516576.89931874676,300.1472583875874,1.029876121173038,103
4490000,18060.000001844306,-516477.6881434645,299.26686745402134,1.0254239700435577,103
4495000,18080.00000184838,-517255.6075584432,301.21612262339306,1.0233927742532993,103
4500000,18100.000001852455,-517018.73956253496,300.5035838637358,1.0262466451652743,103
4505000,18120.00000185653,-516808.64581004414,299.1248897596436,1.0271802103236314,103
4510000,18140.000001860604,-516194.40955905966,301.7944576961622,1.027877939628548,103
4515000,18160.00000186468,-517619.57475120993,301.6750200117178,1.025162969971596,103
4520000,18180.000001868753,-516936.56863234146,302.03268162541383,1.029281427029254,103
4525000,18200.000001872828,-517413.74327352596,301.4284131333419,1.0260306871877425,103
4530000,18220.000001876902,-517257.28073071875,301.822939462341,1.0273456862723815,103
4535000,18240.000001880977,-517367.4133909063,299.36289595028666,1.0335047717294212,103
4540000,18260.00000188505,-517145.1529188708,302.4330407955684,1.023336632259047,103
4545000,18280.000001889126,-516966.95442091953,301.08304812076955,1.0242473318569523,103
4550000,18300.0000018932,-516475.7239722877,297.21252526552706,1.0252419238082386,103
4555000,18320.000001897275,-516849.42460274976,301.9541965425421,1.0271435669217472,103
4560000,18340.00000190135,-517204.0322199927,300.0324067234128,1.02345656554653,103
4565000,18360.000001905424,-518211.29107454023,302.4503784895333,1.0296741341166102,103
4570000,18380.0000019095,-518655.1864302505,301.14458000943876,1.0270372933277099,103
4575000,18400.000001913573,-517456.12788673537,302.4951381051144,1.0274607168851895,103
4580000,18420.000001917648,-516673.969206349,302.0207033218485,1.0253674987110644,103
4585000,18440.000001921722,-516259.3476453766,300.31954120057674,1.0225471664598431,103
4590000,18460.000001925797,-518041.3007768439,299.94576112308033,1.0282836344536501,103
4595000,18480.00000192987,-517627.6899433653,300.18202519708865,1.0263264235663385,103
4600000,18500.000001933946,-517414.4892592593,300.6355596810077,1.023506215183575,103
4605000,18520.00000193802,-517272.310526924,301.49748157153294,1.0260199423888468,103
4610000,18540.000001942095,-515655.6513910203,301.43416182258034,1.0235195665524237,103
4615000,18560.00000194617,-517757.4915199827,303.07632218166606,1.0270183815178258,103
4620000,18580.000001950244,-516519.6848519235,299.88278986146054,1.0267280274534578,103
4625000,18600.00000195432,-516689.5924761994,298.543112570569,1.0270144539293373,103
4630000,18620.000001958393,-516831.13272381946,298.974712605204,1.0295068429950036,103
4635000,18640.000001962468,-518034.8846232628,298.7151200303501,1.028253995855098,103
4640000,18660.000001966542,-515538.83259910555,301.366456584158,1.0256739112211262,103
4645000,18680.000001970617,-517246.8178204489,302.02084538451055,1.0249698189015841,103
4650000,18700.00000197469,-518230.9559575736,300.86419502240494,1.0319916046635917,103
4655000,18720.000001978766,-516694.50835832837,302.17653705130823,1.026321619993547,103
4660000,18740.00000198284,-517104.24389797985,301.25526287193384,1.0247959153254442,103
4665000,18760.000001986915,-517511.89082515496,297.373900642252,1.0249461192579046,103
4670000,18780.00000199099,-516775.5618564696,301.1998135253972,1.0242030821686807,103
4675000,18800.000001995064,-517356.1235991551,299.680584193005,1.0252743187892688,103
4680000,18820.00000199914,-516734.25427706377,300.2696001941255,1.025643664903403,103
4685000,18840.000002003213,-517413.6697359921,299.7662913087324,1.0259156316832763,103
4690000,18860.000002007288,-516917.1829863258,302.12388244569325,1.032830181661418,103
4695000,18880.000002011362,-516782.964348736,302.38268049067705,1.026971574635529,103
4700000,18900.000002015437,-517306.19392729225,303.0054701463851,1.0267543210365289,103
4705000,18920.00000201951,-517150.3431121076,301.04335174917213,1.024162237545206,103
4710000,18940.000002023586,-516962.4648579161,300.25035671140506,1.0284971720932805,103
4715000,18960.00000202766,-516931.7936903029,301.43417882212844,1.0261958621529823,103
4720000,18980.000002031735,-516271.6845374799,298.91627853091165,1.0262155882878847,103
4690000,18860.000002007288,-517037.97971310513,300.46523691955855,1.0251146970986629,--
4695000,18880.000002011362,-517361.53999068215,302.13979203817945,1.0267961702580217,102
4700000,18900.000002015437,-516437.67272877553,302.24209742620576,1.0220690122411744,102
4705000,18920.00000201951,-517470.01821244555,300.36020151693424,1.0257361407277328,102
4710000,18940.000002023586,-516641.8774452242,298.357808383385,1.0243989507790603,101
4715000,18960.00000202766,-515275.12725895736,301.1160260974026,1.024729836161749,101
4720000,18980.000002031735,-516635.01944425097,303.20186503713495,1.0233902593498188,101
4725000,19000.00000203581,-515622.9360263869,302.8545509120591,1.0254248557460894,101
4730000,19020.000002039884,-517439.2660823646,302.52208470159945,1.0289769711058991,101
4735000,19040.00000204396,-516962.0387397348,300.4379831076757,1.022068335716339,101
4740000,19060.000002048033,-516839.6077328876,302.67954939361766,1.0229583694958204,101
4745000,19080.000002052107,-517045.12214752263,299.7604753950697,1.0269299400426244,101
4750000,19100.000002056182,-516820.88754116884,302.3860959117746,1.0259575445868276,101
4755000,19120.000002060257,-517156.2953396167,301.947009840033,1.02775735677701,100
4760000,19140.00000206433,-516490.0058347571,297.21342863353567,1.0274595508550357,100
4765000,19160.000002068406,-516897.3497425744,303.0468466490607,1.027911793951689,100
4770000,19180.00000207248,-517770.575348967,303.056755549748,1.0258277532996851,100
4775000,19200.000002076555,-517999.16428548866,301.9892699358271,1.0281043755577037,100
4780000,19220.00000208063,-516088.13556755846,302.1322275373628,1.0258342485847225,100
4785000,19240.000002084704,-517205.18288054504,300.7988386283186,1.0295290587627204,100
4790000,19260.00000208878,-517454.863058137,303.09220552484106,1.0287299664135152,100
4795000,19280.000002092853,-518410.49854398984,301.6769654108366,1.0248669845155582,100
4800000,19300.000002096927,-516067.00712591223,303.07603113776634,1.024293718965149,100
4805000,19320.000002101002,-517163.42867824086,300.74440599630583,1.024398980548884,100
4810000,19340.000002105076,-515077.86481404374,301.90266952452254,1.0238738782318075,100
4815000,19360.00000210915,-517041.08053305675,302.4825316813573,1.0278586027906054,100
4820000,19380.000002113225,-517123.73285606713,298.346260494897,1.0224069701763014,100
4825000,19400.0000021173,-516996.8767566392,300.19129687317667,1.0278304905426796,100
4830000,19420.000002121375,-518531.0493990339,300.35119789912443,1.0314729014327637,100
4835000,19440.00000212545,-516907.0978145157,302.17495665744826,1.0254902174899545,100
4840000,19460.000002129524,-517238.0566894463,301.5056971950489,1.028156382971043,100
4845000,19480.000002133598,-516714.9018502063,303.2517977665871,1.0273922560050484,100
4850000,19500.000002137673,-517753.7241381812,301.3605030710186,1.0263730810528366,100
4855000,19520.000002141747,-517374.24204649683,301.76131258860505,1.025973902228469,100
4860000,19540.00000214582,-516573.064283232,300.81884802624904,1.0244840152172805,100
4865000,19560.000002149896,-518056.7410401744,299.67362223822187,1.028198112467213,100
4870000,19580.00000215397,-516815.41620585276,299.81286269397356,1.026531405865754,100
4875000,19600.000002158045,-517946.9431986974,299.3358776150908,1.0283803712025879,100
4880000,19620.00000216212,-517730.87578999065,299.79034356433044,1.0288303745549463,100
4885000,19640.000002166194,-517280.79322866164,304.19678806794496,1.0247263234556094,100
4890000,19660.00000217027,-518792.3048247681,303.39003096341503,1.0250253233085411,100
4895000,19680.000002174344,-516885.31492855516,301.2720041835865,1.025817012761509,100
4900000,19700.000002178418,-516926.18865044136,300.09406712567255,1.0274240371774386,100
4905000,19720.000002182493,-517633.06732682534,301.91381313341856,1.0244333506698415,100
4910000,19740.000002186567,-517047.49169162917,301.10159196929106,1.023912795643937,100
4915000,19760.00000219064,-517353.3652310888,300.5037469553937,1.0279185298338531,100
4920000,19780.000002194716,-517433.71314596315,301.3517128731256,1.0260577867730922,100
4925000,19800.00000219879,-517555.672793353,299.1128875881187,1.024947541707589,100
4930000,19820.000002202865,-516600.3524344906,300.05897705360655,1.0287274144096503,100
4935000,19840.00000220694,-517632.58079708973,301.4275141148498,1.0288237383830756,100
4940000,19860.000002211014,-517874.62326646596,301.2707546165133,1.0310916746674526,99.9
4945000,19880.00000221509,-516713.0034272047,301.27573956222653,1.0252198776861337,99.9
4950000,19900.000002219163,-517304.9044675557,300.96944832871657,1.0237443005343163,99.9
4955000,19920.000002223238,-517532.96813164954,301.83589907609604,1.0243109056237174,99.9
4960000,19940.000002227313,-517979.06566866697,301.00177595838,1.0296926316494375,99.9
4965000,19960.000002231387,-516614.23348076735,304.13967687035455,1.0318754132835262,99.9
4970000,19980.00000223546,-516716.9220876477,304.03510263911096,1.0243770285271623,99.9
4975000,20000.000002239536,-516493.16726698773,299.1846839731952,1.029954890625686,99.9
4980000,20020.00000224361,-516747.5598252411,300.0796425059489,1.0222576265817938,99.9
4985000,20040.000002247685,-516394.11376955104,301.8990329230814,1.0290622304372348,99.9
4990000,20060.00000225176,-517669.7815098234,302.022109044676,1.023208817049815,99.9
4995000,20080.000002255834,-517690.65174072864,299.39853166573744,1.0244829302695075,99.9
5000000,20100.00000225991,-516899.38441862795,298.72886786740844,1.0259316042448126,99.9
5005000,20120.000002263983,-516825.3788363945,302.4642665313959,1.0263456157893094,99.9
5010000,20140.000002268058,-518532.26919126813,300.18034808055626,1.0296979747775223,99.9
5015000,20160.000002272132,-517289.5452541262,301.48715318024546,1.0223654712858796,99.9
5020000,20180.000002276207,-516885.87840327807,301.14230510198206,1.023922689259723,99.9
5025000,20200.00000228028,-517897.1725657198,300.9090733002369,1.027850369984593,99.9
5030000,20220.000002284356,-517795.50355383125,301.898188108289,1.026415664604046,99.9
5035000,20240.00000228843,-517096.88263805886,302.4294385721379,1.0266192513170298,99.9
5040000,20260.000002292505,-516697.230885213,300.90422207076057,1.0270816730342178,99.9
5045000,20280.00000229658,-519298.95941771404,302.6376704022911,1.0285552279244783,99.9
5050000,20300.000002300654,-517904.3682594171,299.7826355055584,1.0269703374946682,99.9
5055000,20320.00000230473,-516359.5399233622,301.10383317863364,1.0235588874621597,99.9
5060000,20340.000002308803,-516935.4203551635,298.27969900281295,1.0216342136461958,99.9
5065000,20360.000002312878,-516969.15575630125,302.57049285355697,1.023533342519647,99.9
5070000,20380.000002316952,-517785.78966563684,300.7153695474306,1.0266052360637983,100
5075000,20400.000002321027,-518515.5669963227,303.1130238815973,1.0262645721329702,100
5080000,20420.0000023251,-517232.095576067,301.46777347574044,1.0262134604252824,100
5085000,20440.000002329176,-517705.63212601724,299.597862627364,1.0314835841533896,100
5090000,20460.00000233325,-516318.8839690725,299.956469566926,1.0254829874412266,100
5095000,20480.000002337325,-517154.05308358604,302.4329224864157,1.0260219510028792,100
5100000,20500.0000023414,-515580.8023104402,298.884131666358,1.0241985436545906,100
5105000,20520.000002345474,-517429.7478686336,298.68876557331987,1.027220681623336,100
5110000,20540.00000234955,-517200.23761582794,300.200086197716,1.0287356386681765,100
5115000,20560.000002353623,-517155.56798347645,302.048004225667,1.0282092530948472,100
5120000,20580.000002357698,-516066.23884557793,302.55933471184153,1.0267102348333244,100
5125000,20600.000002361772,-516465.13960780646,301.1310940892865,1.027815354232384,100
5130000,20620.000002365847,-518816.4180785967,299.6075308169653,1.0267708580712305,101
5135000,20640.00000236992,-516945.90266756364,301.4349031794398,1.0245298862830414,101
5140000,20660.000002373996,-517101.0700156889,299.9423903856783,1.0259470482516075,101
5145000,20680.00000237807,-516336.7732675676,303.56536140522206,1.024251203826317,101
5150000,20700.000002382145,-517009.5977041968,303.77952286472015,1.0288210184453945,101
5155000,20720.00000238622,-516126.7442537532,300.4387144427426,1.0267219915979005,101
5160000,20740.000002390294,-516984.02058575745,300.39615982095063,1.0233703159929455,101
5165000,20760.00000239437,-517067.28405234846,301.0176482411365,1.0270141141775753,101
5170000,20780.000002398443,-518018.41447211127,299.9871973949159,1.0287417197201376,101
5175000,20800.000002402518,-517471.19199314155,300.1208544466175,1.0268742770048966,101
5180000,20820.000002406592,-517233.61306381156,300.7265040299928,1.0292091622148765,101
5185000,20840.000002410667,-518244.8656435197,300.7686351268125,1.0253610340688495,101
5190000,20860.00000241474,-517009.97657080996,301.0157075304657,1.029539549129022,101
5195000,20880.000002418816,-517200.1098437896,301.211402961008,1.0263164600863994,101
5200000,20900.00000242289,-517856.8569409291,299.8375122345773,1.024554864128272,101
5205000,20920.000002426965,-518783.4021068278,302.24668119687897,1.031223029684905,101
5210000,20940.00000243104,-517098.2034569362,301.4654972566876,1.0290784394920685,101
5215000,20960.000002435114,-517122.5085560307,301.0750909726158,1.0283300038020506,101
5220000,20980.00000243919,-517269.6000580911,299.48105014859794,1.0262947252463774,101
5225000,21000.000002443263,-515570.31959587685,298.1095812445496,1.0241358522360091,101
5230000,21020.000002447337,-516888.01606982364,300.88671882839145,1.0272187604878278,101
5235000,21040.000002451412,-517008.89041071595,302.0013693124654,1.0273104877749344,101
5240000,21060.000002455487,-518028.0232003459,301.21920640436076,1.0296838174935945,101
5245000,21080.00000245956,-517657.9796743018,301.54791705007005,1.0259054863565416,101
5250000,21100.000002463636,-517258.59182929713,298.5048113551335,1.0292362330710003,101
5255000,21120.00000246771,-515987.4450511765,304.2405408341644,1.0232079621715755,101
5260000,21140.000002471785,-518347.1324287851,302.37830070379374,1.0297852033779649,101
5265000,21160.00000247586,-516740.01160443504,299.36536775368756,1.0226692447108439,101
5270000,21180.000002479934,-516431.05271680374,300.3170672386217,1.0248878383695095,101
5275000,21200.00000248401,-516312.6432039498,301.57325441844915,1.0241490908276705,101
5280000,21220.000002488083,-517510.3859089678,301.96819228160564,1.0237050593666195,101
5285000,21240.000002492157,-517526.1230586355,300.9415003651772,1.0259747091401876,101
5290000,21260.000002496232,-517292.8031347743,302.00860958854474,1.0284916189861752,101
5295000,21280.000002500306,-517829.31234746356,302.17096167822825,1.025767413058344,101
5300000,21300.00000250438,-516931.7736377055,298.51824841891323,1.0270629029207505,101
5305000,21320.000002508456,-517635.86963044596,302.3933036998488,1.023837213906721,101
5310000,21340.00000251253,-517909.7375557078,298.91757120303276,1.027243441593031,101
5315000,21360.000002516605,-517499.6600935792,299.65525567492705,1.0229371143275392,101
5320000,21380.00000252068,-517654.6434196271,300.6590338304337,1.02716795488238,101
5325000,21400.000002524754,-517523.26530788094,301.9447577377079,1.0265920713166958,101
5330000,21420.00000252883,-515680.22994314507,303.18124148897937,1.0226054006779097,101
5335000,21440.000002532903,-518214.2625511284,301.4996977045069,1.0255259502119214,102
5340000,21460.000002536977,-516957.16151409363,300.91500656038795,1.0304400704611396,102
5345000,21480.00000254105,-517177.31979885604,301.59702619501934,1.026649232926107,102
5350000,21500.000002545126,-518606.2041946312,301.20025588316116,1.0326029377428094,102
5355000,21520.0000025492,-517843.40473597567,302.3764272756106,1.0237955518024988,102
5360000,21540.000002553275,-515795.56098570954,300.490752369499,1.0263906904357407,102
5365000,21560.00000255735,-517172.96915917424,300.56351218388374,1.0240175666881817,102
5370000,21580.000002561424,-516404.21775372117,303.79419292452076,1.0203445393295036,102
5375000,21600.0000025655,-517438.0142676744,299.17728964217247,1.0240939310201858,102
5380000,21620.000002569574,-517896.2759027234,297.45248409830776,1.0260193051573079,102
5385000,21640.000002573648,-516986.00700463005,301.82932954957397,1.021576784825172,102
5390000,21660.000002577723,-517966.29919103906,301.66806365397355,1.03029409374995,102
5395000,21680.000002581797,-516140.70167264785,301.61717359564193,1.0270200948849024,102
5400000,21700.00000258587,-518015.4302419615,301.36244595614295,1.0240196515677527,102
5405000,21720.000002589946,-518424.29692171747,298.09681429171576,1.0230958419931029,102
5410000,21740.00000259402,-515793.31101322686,300.8241884802713,1.0235695754585046,102
5415000,21760.000002598095,-517311.89800595725,303.5574751863088,1.027519883664963,102
5420000,21780.00000260217,-517666.4568418374,301.0709045044866,1.0273857124623749,102
5425000,21800.000002606244,-517786.7872334111,300.43419854381284,1.0292314084674228,102
5430000,21820.00000261032,-516964.1252172182,302.43672214178395,1.0256171909027143,102
5435000,21840.000002614393,-517705.59216469945,302.8780710151028,1.0284130590834266,102
5440000,21860.000002618468,-516941.6261341737,302.68426567499307,1.0263213846002377,102
5445000,21880.000002622543,-517322.8986103132,301.4316469837009,1.027801175202642,102
5450000,21900.000002626617,-517949.2328772256,300.49154653975853,1.0270375612171718,102
5455000,21920.00000263069,-516175.99551094626,297.69036148032063,1.025573919569378,102
5460000,21940.000002634766,-516082.9077765795,302.1072867162459,1.0247829314262935,102
5465000,21960.00000263884,-517820.45539005916,299.21645849334436,1.0251299193049301,102
5470000,21980.000002642915,-516340.3581290182,302.2736670595728,1.0255822657359068,102
5475000,22000.00000264699,-518065.15647194185,302.2529787988853,1.0263744677555435,102
5480000,22020.000002651064,-517990.6139493964,301.14546202374873,1.0300248331214608,102
5485000,22040.00000265514,-518101.39684772585,301.4944807324653,1.0271570256045617,102
5490000,22060.000002659213,-517026.9048844471,300.6027650389771,1.0243081489334092,102
5495000,22080.000002663288,-516176.9900247506,302.3894249220883,1.0250510811629072,102
5500000,22100.000002667362,-516349.43423331575,301.64282149140655,1.023502240270841,102
5505000,22120.000002671437,-517593.1414732239,298.3342002274967,1.0273601267051722,102
5510000,22140.00000267551,-517485.3567518336,302.19997575264836,1.0279431519287308,102
5515000,22160.000002679586,-516459.8868714713,299.99001222344475,1.0237575765253113,102
5520000,22180.00000268366,-517158.08634421066,302.36952760915057,1.028881376439478,102
5525000,22200.000002687735,-517716.8919478294,299.79952693699005,1.0236536621695946,102
5530000,22220.00000269181,-516603.9307065436,299.27670781663096,1.0268430255516154,102
5535000,22240.000002695884,-517063.19827336003,299.5252324156616,1.0283336288258869,102
5540000,22260.00000269996,-517073.51217634697,303.7426479949364,1.0254579579798895,102
5545000,22280.000002704033,-517354.33377911337,301.19824722077567,1.026748187873188,102
5550000,22300.000002708108,-518201.6812293555,297.42966060033797,1.0308416619583343,102
5555000,22320.000002712182,-517273.75208512205,301.71620669966654,1.0217352681892973,102
5560000,22340.000002716257,-516853.7346916194,300.6181904580461,1.0294869170251786,102
5565000,22360.00000272033,-517379.1940671918,299.2060795841826,1.0244627543282216,102
5570000,22380.000002724406,-519090.98785819346,299.48470479970445,1.030145731139707,102
5575000,22400.00000272848,-515956.44661752833,299.6116789386072,1.0243755925379756,102
5580000,22420.000002732555,-518734.7345317709,300.3164322067564,1.0262640404581478,102
5585000,22440.00000273663,-517033.8936613691,301.4412751545535,1.0279582621954286,102
5590000,22460.000002740704,-517110.9910427772,300.61983333939725,1.0296565631191668,102
5595000,22480.00000274478,-517087.3058526537,300.0033976731977,1.022840556865566,102
5600000,22500.000002748853,-517247.9265018606,300.7906726784035,1.030564369750439,102
5605000,22520.000002752928,-518223.76189547963,301.22523617334707,1.0288662561284754,102
5610000,22540.000002757002,-517902.3866977317,301.790332785676,1.0287487741635437,102
5615000,22560.000002761077,-516860.5358250276,300.4168200464649,1.0266418458125157,102
5620000,22580.00000276515,-517206.4559420501,301.6783219297525,1.025269734197392,102
5625000,22600.000002769226,-517221.8157590979,302.9755259373117,1.026816186253396,102
5630000,22620.0000027733,-518066.83196089626,301.75751615294126,1.0307500997387344,102
5635000,22640.000002777375,-517434.0827945748,300.585322960594,1.0248943335265779,102
5640000,22660.00000278145,-517882.6221311244,298.8484954687639,1.0325371020372225,102
5645000,22680.000002785524,-516833.28926455276,301.25065202250795,1.0259398450999353,102
5650000,22700.0000027896,-517677.1264041022,299.92670485092043,1.0275446018476542,102
5655000,22720.000002793673,-517737.12108479696,301.6446473991592,1.029583687374095,102
5660000,22740.000002797748,-517004.63694968447,301.9685669481535,1.0267434681037801,102
5665000,22760.000002801822,-518749.86858421774,300.8585715183654,1.030480657721608,102
5670000,22780.000002805897,-516966.8594511254,300.9741717783993,1.023175499545039,102
5675000,22800.00000280997,-517863.9007003759,300.48781630610085,1.0262015560069009,102
5680000,22820.000002814046,-517251.10117304,299.9671832287469,1.0245057768184183,102
5685000,22840.00000281812,-518526.7132228776,301.8623554867074,1.025339551867536,102
5690000,22860.000002822195,-517133.5834904928,299.3206555943424,1.0246618336650548,102
5695000,22880.00000282627,-516203.15665706154,300.96151380021763,1.0238057186847374,102
5700000,22900.000002830344,-517491.4671104646,298.96250918227014,1.028619576779014,102
5705000,22920.00000283442,-516325.2206463809,302.69377545800876,1.0268764102415104,102
5710000,22940.000002838493,-516756.2124272431,300.49606111930683,1.0263750653236219,102
5715000,22960.000002842567,-516323.6128372736,300.4133657450002,1.020999213393311,102
5720000,22980.000002846642,-518281.3396438733,297.8448678606603,1.0281238339613956,102
5725000,23000.000002850717,-517733.19010645733,301.95959487795534,1.0260997062946373,102
5730000,23020.00000285479,-517220.4546243991,299.7369051668495,1.026897216685872,102
5735000,23040.000002858866,-518149.250941996,300.7497068295979,1.0266077598992975,102
5740000,23060.00000286294,-517063.14567098627,300.94039321700274,1.026921918451829,102
5745000,23080.000002867015,-517952.47388887196,300.192649656685,1.030291276310618,102
5750000,23100.00000287109,-517951.14471170516,302.4950399444673,1.0271762119573722,102
5755000,23120.000002875164,-516349.7545585842,300.2332426942577,1.029461542284218,102
5760000,23140.00000287924,-517636.4587476477,301.7597963509775,1.025703961235693,102
5765000,23160.000002883313,-516827.981206401,298.7335987954322,1.0263732676437236,102
5770000,23180.000002887387,-517712.95805300074,299.7292064321266,1.024969775041365,102
5775000,23200.000002891462,-517583.52407766646,301.71099204742785,1.0292988776092005,102
5780000,23220.000002895536,-517095.4477488494,301.34492218131527,1.0220406660203116,102
5785000,23240.00000289961,-516927.8848948004,304.01739027710744,1.0272639257066682,102
5790000,23260.000002903686,-516203.37125967164,301.0174602010018,1.0261397338495157,102
5795000,23280.00000290776,-516637.8060406414,303.79313275828156,1.0250609094211869,102
5800000,23300.000002911835,-516754.44463884854,301.01482709202355,1.0293014783242955,102
5805000,23320.00000291591,-517137.983152858,298.96849670243984,1.0308428311167985,102
5810000,23340.000002919984,-516669.92391553754,299.45082322234214,1.0264931646764848,102
5815000,23360.00000292406,-516507.35488755093,298.9921735541918,1.0243701518777202,102
5820000,23380.000002928133,-517202.3290616686,303.7980973129369,1.0257131985926813,102
5825000,23400.000002932207,-516614.5420653203,304.47755026152083,1.0289359694820261,102
5830000,23420.00000293628,-516894.33078172687,302.35499442603117,1.0255673291069771,102
5835000,23440.000002940356,-516300.33096772665,302.97545529112966,1.0250890572593228,102
5840000,23460.00000294443,-517273.84170984454,301.8334250520796,1.0278468016700522,102
5845000,23480.000002948505,-516635.12291957624,299.8475256544291,1.023995462394833,102
5850000,23500.00000295258,-516411.0419288636,303.12361770569316,1.0254077058258133,102
5855000,23520.000002956654,-518080.8490252739,300.9023612121506,1.025349444991678,102
5860000,23540.00000296073,-517460.38512559095,302.3177423524985,1.0282049854635087,103
5865000,23560.000002964804,-516544.38734551193,301.55054507030775,1.0255704496080924,103
5870000,23580.000002968878,-516703.20956290304,301.4656596824848,1.0204970789317935,103
5875000,23600.000002972953,-518622.4920129441,303.84585317496874,1.030619408038185,103
5880000,23620.000002977027,-517465.97359742667,302.51519296874,1.0252110964947747,103
5885000,23640.0000029811,-516853.7386670506,302.7489895857549,1.023661442251779,103
5890000,23660.000002985176,-516511.8026895302,302.71747823626964,1.02693035338015,103
5895000,23680.00000298925,-518472.01500625536,302.70045354330273,1.027699586865737,103
5900000,23700.000002993325,-517488.0195722433,299.86949064330844,1.0220940925291562,103
5905000,23720.0000029974,-516326.60084353155,301.27601282380044,1.0221462164752149,103
5910000,23740.000003001474,-517915.8211760614,301.93514826233354,1.0294365205421905,103
5915000,23760.00000300555,-516985.88968865015,304.14025345579955,1.0254728208624913,103
5920000,23780.000003009623,-516902.80870563095,297.9705015545989,1.0288135812468813,103
5925000,23800.000003013698,-516681.1841621301,301.27929495690313,1.0245896801318566,103
5930000,23820.000003017773,-517033.48868325306,302.9545880479709,1.025318406115773,103
5935000,23840.000003021847,-517112.42522181105,303.2050024540314,1.0281753272014325,103
5940000,23860.00000302592,-517411.7787175637,301.37123844779273,1.0267911181182376,103
5945000,23880.000003029996,-517240.8467736619,301.44991606803234,1.0286597008829332,103
5950000,23900.00000303407,-517639.3766150726,302.16803675835087,1.0301958110240843,103
5955000,23920.000003038145,-516507.1705512081,300.76558765204544,1.0247869669902658,103
5960000,23940.00000304222,-517710.1893411642,303.34518048670157,1.028193711814946,103
5965000,23960.000003046294,-516927.8608450806,298.204282640986,1.025938036898361,103
5970000,23980.00000305037,-516876.89017546526,301.3847628673499,1.0277914268849189,103
5975000,24000.000003054443,-517733.3122228435,299.82838466143096,1.0251894155553074,103
5980000,24020.000003058518,-516935.8108242343,301.5265340318984,1.0232669825824572,103
5985000,24040.000003062592,-516515.25443895184,301.6845035894175,1.0243744328449196,103
5990000,24060.000003066667,-518664.6090159393,298.8509616430933,1.0283032066869207,103
5995000,24080.00000307074,-517978.60184619925,299.8356604252005,1.028961429377817,103
6000000,24100.000003074816,-517286.9789313413,302.00673365162305,1.023283234221242,103
6005000,24120.00000307889,-517066.13878170913,298.0054038218244,1.0242757591356304,103
6010000,24140.000003082965,-516943.1451747813,299.5564146961645,1.0272509093437956,103
6015000,24160.00000308704,-517593.9460195631,298.8987944826015,1.0307383886514072,103
6020000,24180.000003091114,-517673.58977381466,300.78081316911465,1.0250606330037562,103
6025000,24200.00000309519,-518439.5423088819,299.9947861892448,1.0275184125112373,103
6030000,24220.000003099263,-516761.5683266085,301.0823409430958,1.0264418199826761,103
6035000,24240.000003103338,-517087.94556506816,299.0343722788479,1.025093316483178,103
6040000,24260.000003107412,-517754.5502498583,301.718572510043,1.0257025550563121,103
6045000,24280.000003111487,-515804.26618022355,297.6506868071071,1.0251062524384738,103
6050000,24300.00000311556,-516919.23623896856,302.2753046015773,1.0263401801551495,103
6055000,24320.000003119636,-517398.5092529799,299.87260967051213,1.0301562634866757,103
6060000,24340.00000312371,-517450.3349289561,301.35907509232914,1.0281340214503596,103
6065000,24360.000003127785,-517296.0833388986,302.88162256530245,1.027671720825602,103
6070000,24380.00000313186,-515852.53290739027,302.0349459279072,1.0233253246975156,103
6075000,24400.000003135934,-517890.3308292711,300.21645527112696,1.0225873521337272,103
6080000,24420.00000314001,-518526.54500680324,299.95086119479384,1.0292579644530835,103
6085000,24440.000003144083,-517224.9607957967,297.60025290513926,1.0252713673192089,103
6090000,24460.000003148158,-516704.54508800944,301.81659650925667,1.0234436265890183,103
6095000,24480.000003152232,-515629.21753149945,301.8841771070618,1.0264247059869558,103
6100000,24500.000003156307,-517403.0919830364,300.23976020563845,1.0258857222670128,103
6105000,24520.00000316038,-517065.59223645297,300.1827053754245,1.0305883764764672,103
6110000,24540.000003164456,-517221.5980477745,299.79849083371124,1.0262204318671027,103
6115000,24560.00000316853,-518293.2489446921,300.9905773721474,1.0286403410289708,103
6120000,24580.000003172605,-517421.0144724741,301.2440795638372,1.0301867996915597,103
6125000,24600.00000317668,-517131.9780903226,303.33205520954255,1.0269979774977542,103
6130000,24620.000003180754,-518116.4382049709,299.5395226720908,1.0295388728307537,103
6135000,24640.00000318483,-516419.65175693133,301.4762452686474,1.0278393364620544,103
6140000,24660.000003188903,-517728.9375252167,304.82453023078733,1.0231963411789526,103
6145000,24680.000003192978,-518455.85698955203,301.201401213973,1.0263354938248024,103
6150000,24700.000003197052,-518607.7023324019,299.45399245344856,1.0292705341678425,103
6155000,24720.000003201127,-516362.53104538145,300.33567995387335,1.0225123551234925,103
6160000,24740.0000032052,-516356.3813957488,302.906614643029,1.0233814007411302,103
6165000,24760.000003209276,-518257.4317645398,302.0136930794826,1.0289437242527495,103
6170000,24780.00000321335,-516780.83027520333,301.5226084711576,1.024328698207362,103
6175000,24800.000003217425,-515889.55315755494,299.21629414083304,1.0228725375596652,103
6180000,24820.0000032215,-517033.8844890434,300.81196408662834,1.0242601310138366,103
6185000,24840.000003225574,-517391.20820664475,298.81534589082634,1.0276197589838876,103
6190000,24860.00000322965,-517788.50209419895,301.97794386016676,1.0289427274272829,103
6195000,24880.000003233723,-517580.71563860495,302.3537793731047,1.0258147848064023,103
6200000,24900.000003237798,-517319.4989309553,296.8675096797463,1.0292863169617554,103
6205000,24920.000003241872,-516138.5017130091,300.1825848435783,1.0250821732315898,103
6210000,24940.000003245947,-517420.370504956,303.650045447083,1.0245543283803056,103
6215000,24960.00000325002,-516638.72555609094,302.07989761077437,1.023467249886301,103
6220000,24980.000003254096,-517936.56367386854,297.603881281306,1.0288259597293232,103
6225000,25000.00000325817,-517109.59169779974,302.16976784851187,1.0256809514770218,103
6230000,25020.000003262245,-515384.886892064,300.0631331778297,1.025202097474611,103
6235000,25040.00000326632,-517324.765870495,301.00740325020047,1.022779953811714,103
6240000,25060.000003270394,-517569.9853788556,302.3790277946864,1.0271618117670598,103
6245000,25080.00000327447,-517827.3250987418,300.98196312435346,1.0280903802840533,103
6250000,25100.000003278543,-517745.8870075797,304.88598631097284,1.0238816401031032,103
6255000,25120.000003282617,-516695.22814564174,299.4348759459051,1.0250257622369023,103
6260000,25140.000003286692,-516870.05036763917,302.234379872253,1.0263738138969132,103
6265000,25160.000003290766,-517578.72539885994,298.88697346016437,1.0247110031807487,103
6270000,25180.00000329484,-518179.1048414323,299.9678423577027,1.0278797399405621,103
6275000,25200.000003298916,-517853.21150330873,302.6469623799588,1.0247866175146763,103
6280000,25220.00000330299,-517133.46606270573,298.5173981374133,1.0267693554126198,103
6285000,25240.000003307065,-517140.13026946736,302.15766418377575,1.0238844305627504,103
6255000,25120.000003282617,-517756.68237383384,302.0323441205538,1.0268923847541782,--
6260000,25140.000003286692,-517125.19817342097,301.825609298958,1.028392491660891,106
6265000,25160.000003290766,-516422.6904337737,299.1922166077835,1.0237389875672716,106
6270000,25180.00000329484,-518064.3818304739,300.88806162800813,1.029321795380877,105
6275000,25200.000003298916,-518356.35570906545,300.88842715548253,1.0273718478482587,105
6280000,25220.00000330299,-516648.50079390174,299.1715160387103,1.0268897541243942,105
6285000,25240.000003307065,-518590.1072613308,301.5171444029627,1.0281227553762629,105
6290000,25260.00000331114,-518260.81480386807,298.9683439015417,1.028578488017511,105
6295000,25280.000003315214,-517149.9273344171,299.2353330309419,1.024370661695869,105
6300000,25300.00000331929,-517821.948732245,298.9745955194427,1.0271332833548832,105
6305000,25320.000003323363,-516788.6411697003,301.99541545156177,1.0247628507017237,105
6310000,25340.000003327437,-517362.18054179195,301.3640009047273,1.0291245262627786,105
6315000,25360.000003331512,-516954.7492522681,301.2734689772939,1.0234967605093985,105
6320000,25380.000003335586,-517476.3603743664,301.8132327628703,1.0268024200435977,105
6325000,25400.00000333966,-518178.0679430866,301.9840843401805,1.026216741395375,105
6330000,25420.000003343735,-517654.72258445574,301.27109868463236,1.0335788098168057,104
6335000,25440.00000334781,-518126.62020641286,304.17442997474865,1.0261119792268294,104
6340000,25460.000003351885,-517485.05819305754,299.14159430418357,1.0259026372180002,104
6345000,25480.00000335596,-516948.07107078587,301.3977382571597,1.0315265824313409,104
6350000,25500.000003360034,-517293.908453661,301.1842180646373,1.0222617448562823,104
6355000,25520.000003364108,-519259.02782501164,301.3239029393165,1.0291017683297758,104
6360000,25540.000003368183,-517876.07353206933,299.7972398378973,1.0267191534353175,104
6365000,25560.000003372257,-518143.3590254851,301.60645731492957,1.0247499870018792,104
6370000,25580.00000337633,-515841.388224341,303.34491236023547,1.0260214698077783,104
6375000,25600.000003380406,-516539.00110620144,301.7933779953009,1.0239736855005972,104
6380000,25620.00000338448,-518005.64992299373,300.62100261200277,1.0250690891365197,104
6385000,25640.000003388555,-516942.3425754139,301.4811790533017,1.0328399451041426,104
6390000,25660.00000339263,-516017.23858079314,301.5126960468871,1.0221936037689565,104
6395000,25680.000003396704,-517525.2640254814,301.4281360946842,1.0245318073262155,104
6400000,25700.00000340078,-516394.51799448556,301.2951427755062,1.0286779997257003,104
6405000,25720.000003404853,-517282.83085684734,302.99087328169526,1.0279516769850308,104
6410000,25740.000003408928,-517859.07461493625,301.6740470600438,1.0266046341824084,104
6415000,25760.000003413003,-516291.14338590135,301.0500123197165,1.0260139950984681,104
6420000,25780.000003417077,-518007.84453727724,300.03438043312366,1.0280850950832259,104
6425000,25800.00000342115,-516197.75071390136,302.5236148488178,1.0229056174743414,104
6430000,25820.000003425226,-516306.3649452366,302.02187316194755,1.023490715766843,104
6435000,25840.0000034293,-516729.39452626766,302.8149485018552,1.0289185780590582,104
6440000,25860.000003433375,-516476.4450406835,301.9615831061306,1.0265892241398316,104
6445000,25880.00000343745,-518293.52540270495,300.61886013079123,1.0284279065535724,104
6450000,25900.000003441524,-516433.56883716164,299.35899489774425,1.026732582401895,104
6455000,25920.0000034456,-516825.5853001934,298.3015937566916,1.0265665972391913,104
6460000,25940.000003449673,-517865.55086532515,300.07180213083393,1.0279467406119631,104
6465000,25960.000003453748,-516785.680139343,298.5544480562413,1.0220419300707602,104
6470000,25980.000003457822,-518293.78800421767,301.49582260136634,1.026679891785266,104
6475000,26000.000003461897,-515971.923580762,301.94874800326346,1.0271849300112996,104
6480000,26020.00000346597,-517211.26478317706,299.2037087687771,1.0274690764979404,104
6485000,26040.000003470046,-517140.31390738534,300.1673474872285,1.0260569719478703,104
6490000,26060.00000347412,-516913.2029377613,300.4467814640994,1.0223452151241126,104
6495000,26080.000003478195,-516723.15171502135,297.4342353345776,1.0256891332839866,104
6500000,26100.00000348227,-517847.58880451904,304.7625844294067,1.0284654009137546,104
6505000,26120.000003486344,-516459.8890191328,302.5639928293924,1.02455379937183,104
6510000,26140.00000349042,-518086.14042574866,302.9958189718455,1.0285082339299225,104
6515000,26160.000003494493,-518060.96701325686,300.4542664918104,1.0307369890970117,104
6520000,26180.000003498568,-517344.0014906449,301.1688428454948,1.0258658982125393,104
6525000,26200.000003502642,-517354.4268631602,301.92207179393944,1.0257017175651155,104
6530000,26220.000003506717,-516019.58121604123,301.85670690187493,1.0261694596945385,104
6535000,26240.00000351079,-517157.3387447838,299.81351134734285,1.024035154436915,104
6540000,26260.000003514866,-519165.88939286256,303.4563327714743,1.02731328843597,104
6545000,26280.00000351894,-517106.26004555053,299.1112078008583,1.0271882848788354,104
6550000,26300.000003523015,-515205.50690325815,301.2756254485308,1.0252339444354266,104
6555000,26320.00000352709,-518094.43395769387,297.8994097774606,1.0278679190379094,104
6560000,26340.000003531164,-516619.3562921942,299.42341968421226,1.0274074623915674,104
6565000,26360.00000353524,-516912.4830041595,303.4380278229084,1.0278090109124052,104
6570000,26380.000003539313,-518107.6020354065,300.56385456314854,1.028496442520008,104
6575000,26400.000003543388,-516881.1971242707,299.3491345103232,1.0277353952226989,104
6580000,26420.000003547462,-517596.7187715159,302.5378439420305,1.0252743523181052,104
6585000,26440.000003551537,-517263.4792286337,303.2608933088526,1.026508177117495,104
6590000,26460.00000355561,-515899.9829588926,300.28744058058913,1.0245650419598735,104
6595000,26480.000003559686,-516279.7369790056,302.46429348148894,1.0261560102194949,104
6600000,26500.00000356376,-517421.21872028825,300.7852121271383,1.0285394802659662,104
6605000,26520.000003567835,-518601.11936236685,299.599592108032,1.0264303283302045,104
6610000,26540.00000357191,-516305.3730179514,298.9280417561726,1.0236330597868348,104
6615000,26560.000003575984,-517839.9871365188,304.05439083916565,1.028378706945799,104
6620000,26580.00000358006,-517690.4157820132,301.0230383710393,1.0282591814011097,104
6625000,26600.000003584133,-516281.60820394056,302.3776554703489,1.0247890246082796,104
6630000,26620.000003588208,-517036.4510518736,301.3700452800645,1.0255491713179103,104
6635000,26640.000003592282,-517110.8563225127,301.23890993214565,1.02468373869125,104
6640000,26660.000003596357,-516853.53875302593,298.5733686920098,1.0235136270744676,104
6645000,26680.00000360043,-517278.84740036563,302.0777864075698,1.0258585061099879,104
6650000,26700.000003604506,-517129.6822100808,303.9802427966685,1.027745509114013,104
6655000,26720.00000360858,-517122.737542744,299.1230379105501,1.0278398862272147,104
6660000,26740.000003612655,-519335.41120761726,300.5626300910268,1.0282319216616904,104
6665000,26760.00000361673,-517779.94689992187,298.48066737190834,1.0276371324589446,104
6670000,26780.000003620804,-516942.4825398424,300.27003591225747,1.0269965457433101,104
6675000,26800.00000362488,-517689.2364334087,299.0693099791736,1.0255815766501728,104
6680000,26820.000003628953,-516185.7673550374,301.13272774791466,1.0266951216504863,104
6685000,26840.000003633028,-516054.8134727725,303.18831873773127,1.0271029753808338,104
6690000,26860.000003637102,-517175.4191821348,302.393206521162,1.0281544661367297,104
6695000,26880.000003641177,-517570.9327822244,300.5282582619724,1.0270881181523448,104
6700000,26900.00000364525,-516776.78318529204,298.2761353884197,1.0283953129814736,104
6705000,26920.000003649326,-515817.92438059556,301.69694350392325,1.021454981048748,104
6710000,26940.0000036534,-516579.24847960705,302.32838874018796,1.0259497789291414,104
6715000,26960.000003657475,-516665.118868707,302.74664903568106,1.0259407897773825,104
6720000,26980.00000366155,-517841.55247363914,301.98168241649597,1.0269318024943925,104
6725000,27000.000003665624,-517664.8389270005,299.8303764721598,1.028241181132757,104
6730000,27020.0000036697,-517202.8650145987,300.56950368641594,1.0255493082043927,104
6735000,27040.000003673773,-517118.8989266332,303.24551133596935,1.0265962326042504,104
6740000,27060.000003677847,-516739.7678798735,301.64362425886304,1.028749701581353,104
6745000,27080.000003681922,-517010.2050324648,300.42981082136026,1.0277902493043989,104
6750000,27100.000003685996,-516631.569565875,300.05801333150106,1.0277919418815946,104
6755000,27120.00000369007,-518707.67988595157,300.63585652708076,1.0241956113247677,104
6760000,27140.000003694146,-516409.26481390675,299.55398105318176,1.0284460789291288,104
6765000,27160.00000369822,-516790.3398861643,301.72999278319577,1.0295696796154905,104
6770000,27180.000003702295,-517925.3049859272,298.9873183766897,1.0232195063437635,104
6775000,27200.00000370637,-517905.3220193526,301.5734294948849,1.0280971136030486,104
6780000,27220.000003710444,-516608.7756372667,302.2041300225275,1.0267207581698747,104
6785000,27240.00000371452,-516499.46684145904,301.36063002057926,1.0244362158818399,104
6790000,27260.000003718593,-516037.5321974165,302.72938382690904,1.0274891113804212,104
6795000,27280.000003722667,-516919.1008025673,299.13431669748616,1.0239744284358374,104
6800000,27300.000003726742,-516275.98769141664,301.7395260366679,1.024324405793944,104
6805000,27320.000003730816,-517226.5706017902,300.54195499295895,1.0251984687230187,104
6810000,27340.00000373489,-518023.60479722824,302.16947270998554,1.0280329917902005,104
6815000,27360.000003738965,-515954.2488778054,301.0746207124608,1.0251865527745434,104
6820000,27380.00000374304,-516456.3841139225,301.5877882599496,1.0274566748802656,104
6825000,27400.000003747115,-517136.56938867574,301.28152718489196,1.0263295795107146,104
6830000,27420.00000375119,-517055.09466093336,298.8787212298104,1.0269399495876261,104
6835000,27440.000003755264,-517964.3885607873,300.76996617875466,1.0278242049191832,104
6840000,27460.000003759338,-517382.4266839761,300.2969417004936,1.0255323480868146,104
6845000,27480.000003763413,-516470.8355839262,299.780834455508,1.026559394063992,104
6850000,27500.000003767487,-516831.54657218466,300.1417504342101,1.0304670725991898,104
6855000,27520.00000377156,-516546.67577300034,299.50376628221767,1.0243027987385458,104
6860000,27540.000003775636,-517877.6146170674,297.4385536435208,1.0286403553030363,104
6865000,27560.00000377971,-516774.123991793,300.9407081641318,1.0280162362305523,104
6870000,27580.000003783785,-518456.18896332243,301.1487577892238,1.027577614613647,104
6875000,27600.00000378786,-516691.1663023776,300.2264058376169,1.028627818872258,104
6880000,27620.000003791934,-517028.1881144985,299.75027570598456,1.0277789106394206,104
6885000,27640.00000379601,-516463.2863655493,299.868563985755,1.0243343278506936,104
6890000,27660.000003800084,-516986.76217426197,300.621759809483,1.0271523570167163,104
6895000,27680.000003804158,-516552.51066817064,299.2831675637437,1.026693311926698,104
6900000,27700.000003808233,-518240.04105554754,298.5585264428823,1.0284775573719882,104
6905000,27720.000003812307,-516948.1784029803,299.20561034555914,1.0217612253807236,104
6910000,27740.00000381638,-517280.43115814077,304.1521667575333,1.0257419698199994,104
6915000,27760.000003820456,-516503.22139754356,299.270847034267,1.0253284635163051,104
6920000,27780.00000382453,-517458.3618956094,301.5709717988659,1.0265782463927204,104
6925000,27800.000003828605,-517217.4502711841,300.0078447912264,1.0258170298913987,104
6930000,27820.00000383268,-517621.4981142278,300.6944090131921,1.0259394709326959,104
6935000,27840.000003836754,-516991.3780858689,299.59653975705305,1.0270686083983016,104
6940000,27860.00000384083,-516409.60809312435,297.16921334350786,1.0262088230415796,104
6945000,27880.000003844903,-517352.6242280137,299.8647351152406,1.027473310825164,104
6950000,27900.000003848978,-515965.73839146434,299.0986672636717,1.0256556823267193,104
6955000,27920.000003853052,-516816.89074949594,301.6214402770537,1.0234868379778248,104
6960000,27940.000003857127,-517440.1643813681,303.27399605039614,1.0299591302872353,104
6965000,27960.0000038612,-517394.8509220332,299.3819567591456,1.0294675164668587,104
6970000,27980.000003865276,-517113.8074827723,300.6013741207166,1.0269306542530448,104
6975000,28000.00000386935,-516809.7562829999,300.020332516209,1.0276978192331137,104
6980000,28020.000003873425,-517725.29546813923,303.00939050774844,1.0249352482226162,104
6985000,28040.0000038775,-517995.9172659677,301.57784759556307,1.028565682464652,104
6990000,28060.000003881574,-516662.7798665324,300.4602174041781,1.024189973699479,104
6995000,28080.00000388565,-517206.2891367371,302.1684853992836,1.0248464206107777,104
7000000,28100.000003889723,-517235.06600516266,301.8322139959638,1.0292284744532958,104
7005000,28120.000003893798,-516477.5862423524,303.0868419821754,1.0283966522190833,104
7010000,28140.000003897872,-515373.9801731545,303.2522182803411,1.0252511567746232,104
7015000,28160.000003901947,-515911.5422798216,298.8408812476693,1.0244739154498828,104
7020000,28180.00000390602,-517945.23423179984,301.4716202898997,1.0238797316923562,104
7025000,28200.000003910096,-517007.25560023286,302.66274158653243,1.0271870004792716,104
7030000,28220.00000391417,-517607.16881688754,299.9056756622833,1.0252221129434955,104
7035000,28240.000003918245,-515049.086230122,296.4849738325825,1.0188578329773947,104
7040000,28260.00000392232,-517192.9258459958,300.7868741980753,1.0252956436916456,104
7045000,28280.000003926394,-516435.3361739614,301.0977933221858,1.0264853119096213,104
7050000,28300.00000393047,-517627.3328376869,300.3793907309602,1.0260228353577507,104
7055000,28320.000003934543,-516558.0297441189,299.9955281156461,1.0184703651461253,104
7060000,28340.000003938618,-516281.3859627,301.2130837750198,1.0288414554197352,104
7065000,28360.000003942692,-517416.8831959616,301.7205973942136,1.0268378544661267,104
7070000,28380.000003946767,-516245.6745577629,302.5928948787468,1.0246491248357483,104
7075000,28400.00000395084,-516330.28735610517,301.0979338876648,1.025502961404679,104
7080000,28420.000003954916,-516482.5982003594,300.5277261792459,1.021645444381436,104
7085000,28440.00000395899,-518159.63808446773,300.36603327072953,1.0228355343375855,104
7090000,28460.000003963065,-518204.6799397494,301.02529391563326,1.0297077147251426,104
7095000,28480.00000396714,-516421.91094358964,303.419888817541,1.0265266597932046,104
7100000,28500.000003971214,-516775.2408580687,303.747053391957,1.0272792771593626,104
7105000,28520.00000397529,-516850.01311608916,299.48679220799073,1.0260448603479357,104
7110000,28540.000003979363,-516210.61142457277,299.9427537518792,1.0243015246892566,104
7115000,28560.000003983438,-515643.13921674713,301.7337300243859,1.0254047511417532,104
7120000,28580.000003987512,-516116.5159197075,301.7564944327736,1.026454215560263,104
7125000,28600.000003991587,-516376.3667315275,300.85948571812594,1.02450538442201,104
7130000,28620.00000399566,-517639.85873315274,299.47107519950833,1.031154629262736,104
7135000,28640.000003999736,-515685.1024348149,300.87325337653965,1.0275908202583361,104
7140000,28660.00000400381,-515455.4862904458,300.80690507552254,1.0235685576678555,104
7145000,28680.000004007885,-517881.8626751187,297.79026218457045,1.0241664084225277,104
7150000,28700.00000401196,-517942.2686116707,298.68483311623555,1.0298727916233252,104
7155000,28720.000004016034,-517362.76868940936,302.2696522674577,1.0300072655443244,104
7160000,28740.00000402011,-517061.46534084924,301.451579819861,1.0327987715327893,104
7165000,28760.000004024183,-516353.20927882125,300.7440422154142,1.0221497542506544,104
7170000,28780.000004028258,-516679.7344994168,300.9262025800061,1.032155614585102,104
7175000,28800.000004032332,-517423.0394095336,301.52262383621115,1.0262975865018176,104
7180000,28820.000004036407,-517396.2820071005,299.4237439518635,1.0274476079877173,104
7185000,28840.00000404048,-517736.7552708753,300.84793113278295,1.029871820272185,104
7190000,28860.000004044556,-517964.72531552636,302.12476049686376,1.0315258110701484,104
7195000,28880.00000404863,-516567.4818215526,297.0107072702404,1.0253230912749551,104
7200000,28900.000004052705,-516702.178871515,301.29778095383216,1.027300742420775,104
7205000,28920.00000405678,-516957.2909220846,304.24566752115703,1.0244104533100076,104
7210000,28940.000004060854,-516543.0019614878,300.0738211916751,1.023564334682931,104
7215000,28960.00000406493,-517765.9540375257,301.10402746683593,1.0280405665358394,104
7220000,28980.000004069003,-516436.43374188873,302.53410768523986,1.0256630733776646,104
7225000,29000.000004073077,-517434.4709538345,303.6766543472022,1.0272240007065414,104
7230000,29020.000004077152,-518123.04004003946,300.7525132018405,1.0278870401355076,104
7235000,29040.000004081227,-517587.3289504347,297.9702399177962,1.022421860328969,104
7240000,29060.0000040853,-517578.55772427167,301.8103036874133,1.0237325931915913,104
7245000,29080.000004089376,-517229.32784442184,300.2173469057893,1.0302265791507745,104
7250000,29100.00000409345,-517994.0923489912,301.19104241408917,1.026990871624352,104
7255000,29120.000004097525,-516872.40348807024,298.87329064178556,1.0261999262214265,104
7260000,29140.0000041016,-517254.703485535,300.6022760522132,1.0244197182596162,104
7265000,29160.000004105674,-516679.8776150546,302.2374378689131,1.0260851180886468,104
7270000,29180.00000410975,-516837.3086074395,303.64196735754314,1.0224290822468975,104
7275000,29200.000004113823,-518444.5046170512,298.17898257265665,1.0255352570059024,104
7280000,29220.000004117897,-516220.90611360455,303.06450391654164,1.0276564527547367,104
7285000,29240.000004121972,-516918.50391542166,302.4626101405736,1.027028981702837,104
7290000,29260.000004126046,-517964.17484576,303.6563474360906,1.026129966069593,104
7295000,29280.00000413012,-517913.2381138515,298.2661160657551,1.0273942420769429,104
7300000,29300.000004134195,-517373.95324468426,301.5908343713718,1.0276886242561183,104
7305000,29320.00000413827,-517633.54572102055,300.8173822034955,1.0281063252079932,104
7310000,29340.000004142345,-518721.54690614645,301.6942642234586,1.0276390725382085,104
7315000,29360.00000414642,-517657.3953282286,300.09474984002753,1.0292308731996427,104
7320000,29380.000004150494,-517404.1814985175,299.9659423994173,1.025099255659331,104
7325000,29400.000004154568,-516889.7945364916,300.35777638645914,1.021488379370532,104
7330000,29420.000004158643,-516509.30283611943,300.53726528693517,1.0225959101081772,104
7335000,29440.000004162717,-516986.6763521526,301.62307647686526,1.0261710409903766,104
7340000,29460.00000416679,-516683.7003682826,299.3744726696436,1.0255914389278091,104
7345000,29480.000004170866,-517136.4385522469,301.7926033384264,1.0261272141524744,104
7350000,29500.00000417494,-516037.8783906114,300.477201934321,1.0264953227600928,104
7355000,29520.000004179015,-517308.9129775765,302.961641861402,1.0245336572339674,104
7360000,29540.00000418309,-517615.17369615706,304.04412788560336,1.0246667933003497,104
7365000,29560.000004187164,-518526.0635420801,300.32917819739356,1.0281372106303888,104
7370000,29580.00000419124,-516793.0068850261,299.0469739761694,1.02388908825629,104
7375000,29600.000004195314,-518076.1066863581,298.435541021905,1.0257535352212992,104
7380000,29620.000004199388,-517543.59920419776,298.90046206660156,1.0294180498523715,104
7385000,29640.000004203463,-517046.9296568746,304.42615548318645,1.024365432124738,104
7390000,29660.000004207537,-518598.9818429032,300.11061767010597,1.0287030070813588,104
7395000,29680.00000421161,-518014.9353556654,299.9169878032388,1.027529602452037,104
7400000,29700.000004215686,-516156.3744707317,301.6839710364474,1.0227941482728957,104
7405000,29720.00000421976,-516816.31883696816,300.58305133614937,1.0253433825534415,104
7410000,29740.000004223835,-515854.3699998136,301.8937763171872,1.0268537219924996,104
7415000,29760.00000422791,-516115.2183588203,301.9485448358636,1.0256441567432855,104
7420000,29780.000004231984,-515675.9195191483,300.7221648911733,1.0237697533399532,104
7425000,29800.00000423606,-517402.72543531936,301.71110265050555,1.0259286638954292,104
7430000,29820.000004240133,-518268.6472560258,299.51678198985616,1.0285929986950286,104
7435000,29840.000004244208,-515890.01928546047,300.6965159916412,1.0233657026543506,104
7440000,29860.000004248282,-518163.753531354,300.5933690189585,1.0224020812712518,104
7445000,29880.000004252357,-518791.36493347306,301.01861909191973,1.030761825920377,104
7450000,29900.00000425643,-515832.9693767335,305.3364698496269,1.021241605005124,104
7455000,29920.000004260506,-516809.16195156774,304.01029540719003,1.0233173675461908,104
7460000,29940.00000426458,-516141.9466164848,300.7984012997024,1.0225640316346747,104
7465000,29960.000004268655,-516034.45910750073,300.7987424597101,1.025511259838448,104
7470000,29980.00000427273,-517298.113849906,301.5942294101187,1.0259675434423838,104
7475000,30000.000004276804,-515935.42919385154,301.7320792199008,1.0215827703919897,104
7480000,30020.00000428088,-518189.1733898409,299.47549945064424,1.0255884248220157,104
7485000,30040.000004284953,-515897.6912907271,301.5441723626263,1.0267526003776133,104
7490000,30060.000004289028,-518396.15750700724,301.90332021186555,1.0283520690943762,104
7495000,30080.000004293102,-516623.0762593469,299.66472714327074,1.0245457317400415,104
7500000,30100.000004297177,-517304.24420148856,300.84992718552724,1.0291070406821006,104
7505000,30120.00000430125,-516491.68923629494,299.5419975095738,1.0239658226520225,104
7510000,30140.000004305326,-516372.7221734754,301.2064884271186,1.0271704529913581,104
7515000,30160.0000043094,-515750.14023599727,301.792375918365,1.0267699013403366,104
7520000,30180.000004313475,-516657.1576960883,301.23835500384166,1.0278481718797339,104
7525000,30200.00000431755,-517433.18453988177,302.9960387504445,1.0266976962645549,104
7530000,30220.000004321624,-517362.68729652907,300.05100501779873,1.0289968761450323,104
7535000,30240.0000043257,-516618.20806249557,301.2447132082045,1.0270491092888174,104
7540000,30260.000004329773,-517477.806918164,300.0396091021959,1.0262824216815285,104
7545000,30280.000004333848,-517002.9032127559,300.3290337447256,1.027201929548726,104
7550000,30300.000004337922,-517780.28811068623,300.6589786839472,1.0266915232440261,104
7555000,30320.000004341997,-518136.6965290862,298.9481672448796,1.0261428817460454,104
7560000,30340.00000434607,-517677.2379705638,302.08436810412496,1.0268069591979243,104
7565000,30360.000004350146,-517207.7194306287,300.5430291160533,1.0274570114165331,104
7570000,30380.00000435422,-518198.66459713294,300.62485427422234,1.0217732400212562,104
7575000,30400.000004358295,-518288.9388840569,302.58704112750013,1.0274657421796023,104
7580000,30420.00000436237,-516780.1245852527,302.1819433939788,1.0289303209330403,104
7585000,30440.000004366444,-516798.3318720979,302.3622661403105,1.0283459243327755,104
7590000,30460.00000437052,-517685.3572635255,302.230555963768,1.026952742574368,104
7595000,30480.000004374593,-516640.5230555078,300.9448607723506,1.0239814506094953,104
7600000,30500.000004378668,-517122.94353138166,301.76909278363934,1.026418459792461,104
7605000,30520.000004382742,-517458.3905434527,301.8508546154568,1.027682439828941,104
7610000,30540.000004386817,-517460.15692163305,298.807287594791,1.0275516100657882,104
7615000,30560.00000439089,-516957.13640583213,299.48945538690197,1.0256262861220333,104
7620000,30580.000004394966,-518255.2018376554,300.6291365695836,1.024328667435338,104
7625000,30600.00000439904,-515964.57898988924,302.23526401910215,1.022394976191646,104
7630000,30620.000004403115,-516240.73475101776,301.57641407447187,1.0267284708683366,104
7635000,30640.00000440719,-516578.43291870947,300.3690790123663,1.0245377482978,104
7640000,30660.000004411264,-516744.0007791787,299.4306795277717,1.025031936553587,104
7645000,30680.00000441534,-518609.5068918597,302.23946999608944,1.0290353580950309,104
7650000,30700.000004419413,-516566.9826975039,300.71554679612746,1.022889359681886,104
7655000,30720.000004423488,-516757.77152040135,301.2181261886759,1.0283462628711086,104
7660000,30740.000004427562,-517750.5466973693,300.98568452252727,1.0279733997820473,104
7665000,30760.000004431637,-516976.9794051857,300.1679991576691,1.0213100287023005,104
7670000,30780.00000443571,-517609.84051704523,300.7001882207112,1.0248344368707303,104
7675000,30800.000004439786,-516649.0784557527,301.33550564705314,1.027294947498032,104
7680000,30820.00000444386,-516473.6401355094,300.38646954173066,1.0234789888536315,104
7685000,30840.000004447935,-517312.24460608466,302.8541937386288,1.027089730838656,104
7690000,30860.00000445201,-517424.63774150633,302.19730121247704,1.0272738517792142,104
7695000,30880.000004456084,-516550.7981771722,298.69257270849977,1.0248401221745265,104
7700000,30900.00000446016,-516851.1527575352,302.62629030413893,1.0251955199364569,104
7705000,30920.000004464233,-516842.33301198203,300.58807358509085,1.0285391555659609,104
7710000,30940.000004468307,-517843.4365390183,301.439889078404,1.026479606024976,104
7715000,30960.000004472382,-517509.4241692419,300.63941635001817,1.0266177538826817,104
7720000,30980.000004476457,-516506.57366423775,299.33579423646887,1.026122070734521,104
7725000,31000.00000448053,-517280.2714230942,300.974860326988,1.025223376181078,104
7730000,31020.000004484606,-516636.6975175354,303.5554038670156,1.0236245300570186,104
7735000,31040.00000448868,-516262.088171151,301.18215094590147,1.0243204261278978,104
7740000,31060.000004492755,-516334.49813994975,301.27858807850754,1.0226439778338055,104
7745000,31080.00000449683,-517089.9107137965,301.62740006497955,1.0269364599110173,104
7750000,31100.000004500904,-517026.57516910345,303.38591143452294,1.0293600541955268,104
7755000,31120.00000450498,-517900.4247045205,300.1644394100623,1.0238977411345418,104
7760000,31140.000004509053,-517090.5913834523,298.9832441578351,1.0302305053449092,104
7765000,31160.000004513127,-517022.1329801956,299.191295678122,1.027421135946455,104
7770000,31180.000004517202,-516791.8930942584,297.4913133513175,1.0274042106258965,104
7775000,31200.000004521276,-517342.7257376148,301.7642986939522,1.0222832288225276,104
7780000,31220.00000452535,-517646.84228610503,301.7488780005671,1.0266767915865962,104
7785000,31240.000004529425,-517191.0176932649,299.7616073832869,1.025210449790624,104
7790000,31260.0000045335,-516006.29331962625,303.23852547922365,1.024276185888723,104
7795000,31280.000004537575,-516507.98614796274,302.6414881178236,1.0247818553453436,104
7800000,31300.00000454165,-517709.29421218275,302.12297747116696,1.0224122716228978,104
7805000,31320.000004545724,-517629.3671375257,301.4369984166556,1.025252814608289,104
7810000,31340.000004549798,-517585.29264378804,302.13215020284525,1.030811805751506,104
7815000,31360.000004553873,-516763.61189570837,300.98610425936715,1.023879211271411,104
7820000,31380.000004557947,-518028.9354669263,303.08687762604546,1.0271868541850975,104
7825000,31400.00000456202,-516562.709185682,301.73974592325544,1.0253000410635815,104
7830000,31420.000004566096,-516245.18565397477,301.51415373153225,1.0266781545999355,104
7835000,31440.00000457017,-516483.8587269115,299.8395133772632,1.0276527757016958,104
7840000,31460.000004574245,-516760.2095550548,300.36433703764556,1.02373739786207,104
7845000,31480.00000457832,-517114.6270660504,300.77294277841105,1.028101330700248,104
7850000,31500.000004582394,-518207.3290607503,301.85525573311276,1.0262731142678911,104
7855000,31520.00000458647,-516654.4858581475,300.5666156662567,1.0249017089156736,104
7860000,31540.000004590544,-517622.2362105709,302.87989520290444,1.0278283304090456,104
7865000,31560.000004594618,-517622.6874189975,299.8201608560821,1.0272847484362708,104
7815000,31360.000004553873,-516831.0480953525,298.54020773406586,1.0259380108666827,--
7820000,31380.000004557947,-517266.1057718417,298.1298433683812,1.0285024795975501,106
7825000,31400.00000456202,-516562.1852578134,301.16456784717883,1.0260464138520549,106
7830000,31420.000004566096,-517248.512821801,302.80999306645964,1.0257696661688576,106
7835000,31440.00000457017,-517245.80272805085,302.4938056928973,1.029464271113112,106
7840000,31460.000004574245,-516852.019589324,300.3701399245982,1.0231403829826635,105
7845000,31480.00000457832,-516805.5657135451,302.63980353896386,1.028130871461296,105
7850000,31500.000004582394,-517537.811295429,304.3483936323322,1.0270915360652706,105
7855000,31520.00000458647,-517351.5932665195,302.78956480942645,1.0246823003565608,105
7860000,31540.000004590544,-516814.0086511362,301.17009728683155,1.025323696837449,105
7865000,31560.000004594618,-517540.1665929463,300.527933608434,1.0296591596703109,105
7870000,31580.000004598693,-518446.8748961976,301.9211217087703,1.0291862595528478,105
7875000,31600.000004602767,-518248.34321390535,298.6283653081323,1.0276762494639708,105
7880000,31620.00000460684,-517038.75339991995,302.52156537115076,1.0255726679539574,105
7885000,31640.000004610916,-516603.7282339856,301.29547930750635,1.0270623177367124,105
7890000,31660.00000461499,-517140.92706153356,301.45085795151874,1.0286485548996782,105
7895000,31680.000004619065,-517462.7535025717,302.76626559469827,1.0269403094834677,105
7900000,31700.00000462314,-516943.6910329615,302.2054994371324,1.025451803619474,105
7905000,31720.000004627214,-516692.1204873165,300.4367192741512,1.0257714300974594,105
7910000,31740.00000463129,-516444.4283357244,302.5581572115891,1.0237717146562855,105
7915000,31760.000004635363,-516516.907398944,300.40833151334886,1.0270426779092194,105
7920000,31780.000004639438,-517217.89602967,302.6469777345723,1.0265185098927783,105
7925000,31800.000004643513,-517988.01024602004,302.93039928343387,1.02720063218755,105
7930000,31820.000004647587,-516254.9645378301,302.6017151706291,1.0262797424889456,105
7935000,31840.00000465166,-516840.28521703254,301.24835326869743,1.0263200582281378,105
7940000,31860.000004655736,-518061.1161285355,300.62125298042156,1.0256124188854574,105
7945000,31880.00000465981,-517150.76277934783,300.0971871750482,1.0264386505951153,105
7950000,31900.000004663885,-516854.37719124975,300.4464384164729,1.0232593785529207,105
7955000,31920.00000466796,-517868.37616258836,301.1496429502814,1.0318429645167282,105
7960000,31940.000004672034,-516660.10044941213,299.0261797170203,1.0262262079692435,104
7965000,31960.00000467611,-517931.91902749566,298.91352547033074,1.0273052486360865,104
7970000,31980.000004680183,-517521.46229785844,301.7198985573891,1.0259409963461226,104
7975000,32000.000004684258,-518676.5156904559,300.40077327770376,1.029354751899595,104
7980000,32020.000004688332,-516845.29016159894,300.8969434704416,1.023195062630931,104
7985000,32040.000004692407,-518014.17074380885,297.67666992668666,1.0252260442096897,104
7990000,32060.00000469648,-516900.84551843046,302.5291908272311,1.0273021218201677,104
7995000,32080.000004700556,-516682.4787655028,301.7295691767508,1.0277740526590626,104
8000000,32100.00000470463,-516788.18420715537,300.44198646090007,1.0256311243687186,104
8005000,32120.000004708705,-517567.97387837083,300.01645721376366,1.0311619204008837,104
8010000,32140.00000471278,-516078.5760541167,303.06100440656775,1.0249752045858265,104
8015000,32160.000004716854,-518260.76683020755,299.8674182478886,1.0317493253641206,104
8020000,32180.00000472093,-516685.5836375698,301.94837944755903,1.0267933305625405,104
8025000,32200.000004725003,-517894.9900317644,301.1094215544362,1.0304438105085232,104
8030000,32220.000004729078,-517456.0006725206,299.59654451001165,1.029764638822485,104
8035000,32240.000004733152,-516199.3243023411,299.15678493559903,1.0244996480145079,104
8040000,32260.000004737227,-517223.2608039514,302.0398731993977,1.0303694979582032,104
8045000,32280.0000047413,-515947.99386338866,302.59531408926927,1.0227823177912359,104
8050000,32300.000004745376,-516933.21769537125,300.37207208979896,1.027075454367131,104
8055000,32320.00000474945,-516800.79220022913,298.5198215401423,1.027651410172354,104
8060000,32340.000004753525,-517510.8328614945,301.13211565006605,1.0290817265763823,104
8065000,32360.0000047576,-516944.6238042724,299.7064488848768,1.0258914452256656,104
8070000,32380.000004761674,-517373.4753844931,300.3487791487259,1.0289303861359405,104
8075000,32400.00000476575,-517308.2346032299,297.2490261900361,1.028650688828747,104
8080000,32420.000004769823,-517569.48948209896,301.9779458721807,1.0285673381561373,104
8085000,32440.000004773898,-517690.8171638525,302.9342790453872,1.0293767421017745,104
8090000,32460.000004777972,-518475.6357732322,299.78720535674,1.0274417893093162,104
8095000,32480.000004782047,-516078.0493318015,299.46760045866347,1.0271745612994918,104
8100000,32500.00000478612,-517567.1688153774,301.83874846818645,1.0300922795497998,104
8105000,32520.000004790196,-518339.91017824085,301.370203594281,1.0289853293605344,104
8110000,32540.00000479427,-516367.79287860775,298.5635173234582,1.0260093965886328,104
8115000,32560.000004798345,-517668.6468262782,300.7110990684262,1.0225920528838792,104
8120000,32580.00000480242,-516506.43192163156,300.6090001312888,1.0262188170713018,105
8125000,32600.000004806494,-517420.98500483064,300.9510222799225,1.0277973690009583,104
8130000,32620.00000481057,-518648.3003659053,299.8550953492485,1.0281196437056295,104
8135000,32640.000004814643,-517121.427434294,299.9753577895639,1.02334376832203,105
8140000,32660.000004818718,-516632.4131087363,299.3853410354252,1.0226174054053865,105
8145000,32680.000004822792,-517922.3982128566,301.94512611573975,1.0283999180047938,105
8150000,32700.000004826867,-518232.0833997,299.07049760067235,1.0298549274218038,105
8155000,32720.00000483094,-516667.3136102655,302.16451617255206,1.0271372648621175,105
8160000,32740.000004835016,-516753.4837318538,299.98642172459813,1.0272003394590286,105
8165000,32760.00000483909,-516846.5589399268,300.098006615637,1.0220327719925908,105
8170000,32780.00000484316,-517387.21637829905,299.7880172320701,1.026461187855614,105
8175000,32800.000004847236,-516950.05285498174,299.31558812672955,1.0268051139975019,105
8180000,32820.00000485131,-516523.7505157676,300.81587388808725,1.0279545442536326,105
8185000,32840.000004855385,-517897.5280527929,297.75054435610224,1.0261400098753348,105
8190000,32860.00000485946,-517891.95505082794,302.4073112968503,1.0264619316242487,105
8195000,32880.000004863534,-517585.499943804,300.7628474176592,1.0231871203382636,105
8200000,32900.00000486761,-516214.3311869283,301.3033151533917,1.0280998429310815,105
8205000,32920.00000487168,-516876.71289943485,299.7919637739162,1.0300677773323523,105
8210000,32940.00000487576,-517195.21138688456,299.6424392921741,1.025930163854605,105
8215000,32960.00000487983,-517205.10068504815,302.0716667980711,1.0262486526479542,105
8220000,32980.00000488391,-516674.1008102603,304.33172303309436,1.0242086624399294,105
8225000,33000.00000488798,-517742.6156176573,298.6207231050135,1.0278136581381054,105
8230000,33020.000004892056,-516225.98415600555,301.61089612360894,1.0264056200873752,105
8235000,33040.00000489613,-517464.1984946849,299.13208910565305,1.0263226555117078,105
8240000,33060.000004900205,-517477.96722748876,301.67874808240384,1.0255559321865373,105
8245000,33080.00000490428,-516535.8312284383,301.00499451725614,1.024579541046504,105
8250000,33100.000004908354,-516361.7186793932,301.17616834708235,1.0242297214434943,105
8255000,33120.00000491243,-517336.4728120554,299.88167653460073,1.0257314999076497,105
8260000,33140.0000049165,-516871.2100989539,306.05689475461634,1.0307577066547822,105
8265000,33160.00000492058,-516660.2745598394,302.82810720583194,1.0234810516471378,105
8270000,33180.00000492465,-516364.7499068971,300.8542034380095,1.0275624919516562,105
8275000,33200.00000492873,-514634.5524125844,299.78317828208816,1.0232130810027231,105
8280000,33220.0000049328,-519212.0048730804,298.4977134571735,1.0242506697480398,105
8285000,33240.000004936875,-517092.32004506094,301.3718832591504,1.0227172974498857,105
8290000,33260.00000494095,-517273.2017263132,299.9240480643624,1.0284632840086514,105
8295000,33280.000004945025,-517341.74268187955,297.25344159881456,1.0263445948640124,105
8300000,33300.0000049491,-516568.20674484083,301.0031644519158,1.0251337993198069,105
8305000,33320.00000495317,-516397.03550052457,301.20628331139534,1.025654396132165,105
8310000,33340.00000495725,-516680.27053523366,301.5139268903842,1.0244779184430124,105
8315000,33360.00000496132,-517557.2881322715,300.29952077370143,1.0255639190024164,105
8320000,33380.0000049654,-516914.039968614,298.90684836951067,1.0289012803955453,105
8325000,33400.00000496947,-517315.21664924687,300.0090755382547,1.028213630945066,105
8330000,33420.000004973546,-517678.32725166134,303.0085198987698,1.0288317942532839,105
8335000,33440.00000497762,-517282.3335707707,300.03333983259705,1.0263527447764798,105
8340000,33460.000004981695,-517469.9809322064,302.0993651982743,1.0296765657571363,105
8345000,33480.00000498577,-516011.4086166299,301.20010722120816,1.0269775521085778,105
8350000,33500.000004989844,-517240.9644975781,300.3205520853541,1.0278138385124163,105
8355000,33520.00000499392,-517153.2954145151,302.41911763224044,1.029466046488568,105
8360000,33540.00000499799,-516560.0670359994,302.29981142962004,1.0280099045480926,105
8365000,33560.00000500207,-517181.4355020481,300.5307266755573,1.0298103912478682,105
8370000,33580.00000500614,-517669.66865436314,298.95710546177736,1.02623760311493,105
8375000,33600.00000501022,-517183.8717204307,300.7486414736729,1.021624955737397,105
8380000,33620.00000501429,-517439.27701770375,299.86850875628625,1.0291494190681472,105
8385000,33640.000005018366,-518215.0584984047,302.19738840064167,1.0296744899319592,105
8390000,33660.00000502244,-517947.11994120316,303.011871858174,1.0270714666234033,105
8395000,33680.000005026515,-518104.67288256274,299.01519971953024,1.0283084790536463,105
8400000,33700.00000503059,-517674.21358782984,300.45319676172363,1.028321064209366,105
8405000,33720.000005034664,-517657.0424175607,298.4683029494949,1.028323587315366,105
8410000,33740.00000503874,-516802.7075931933,303.5442050952553,1.0245949371077077,105
8415000,33760.00000504281,-517146.7830078197,299.3952850063689,1.0235256915006448,105
8420000,33780.00000504689,-515265.7203843226,299.9836994928703,1.020087731816632,105
8425000,33800.00000505096,-515837.1301330812,301.78040296715125,1.0295162588848015,105
8430000,33820.00000505504,-517768.7487323575,300.5103880061581,1.026571646875829,105
8435000,33840.00000505911,-517185.1417571425,299.88756582071375,1.0250583223477838,105
8440000,33860.000005063186,-516319.0858846202,301.07541412239215,1.0231489382342709,105
8445000,33880.00000506726,-517985.34090473596,298.94885469666997,1.02652024150207,105
8450000,33900.000005071335,-516480.96181789134,299.5806710413025,1.0261969913892905,105
8455000,33920.00000507541,-517796.0918812053,302.6730811054419,1.0242820687910301,105
8460000,33940.000005079484,-517298.4736217507,303.10116429512453,1.0294142420011778,105
8465000,33960.00000508356,-517066.9119442755,301.20114832969534,1.0232919001297676,105
8470000,33980.00000508763,-517508.42651081807,299.39083139341307,1.0265344277671553,105
8475000,34000.00000509171,-517475.67095574946,300.6787743391434,1.030187768842192,105
8480000,34020.00000509578,-517648.334898978,301.95019037453665,1.02582285481457,105
8485000,34040.00000509986,-515940.63736495795,300.1794148557742,1.024639628015383,105
8490000,34060.00000510393,-517317.96544466726,300.8366989946074,1.0229612748208192,105
8495000,34080.000005108006,-517956.89925179887,299.82258061060327,1.0282754183995242,105
8500000,34100.00000511208,-517696.1996674193,300.78720114316724,1.0269921749331392,105
8505000,34120.000005116155,-516358.097329427,298.9650582001178,1.023586464789662,105
8510000,34140.00000512023,-517421.8352966225,300.6175631650635,1.0274005097052414,105
8515000,34160.000005124304,-517218.4799950083,299.67477471731956,1.0273434124154797,105
8520000,34180.00000512838,-517321.5163084839,301.6498897694823,1.0227144294809893,105
8525000,34200.00000513245,-517952.973330582,301.2372711450451,1.0241755621450592,105
8530000,34220.00000513653,-516682.51015196415,298.80334681465285,1.0281944633650908,105
8535000,34240.0000051406,-517101.3496267083,301.6750447247926,1.028611088483324,105
8540000,34260.00000514468,-516291.32305709366,300.620530998333,1.022381764624085,105
8545000,34280.00000514875,-517242.3415233637,304.4425916607939,1.0270898470407077,105
8550000,34300.000005152826,-518084.8705822183,300.30412657378207,1.0228053033584623,105
8555000,34320.0000051569,-516608.72360485746,301.58839564862643,1.02802141384245,105
8560000,34340.000005160975,-518219.15396785014,298.4224966113001,1.0302737440310958,105
8565000,34360.00000516505,-516239.78202712745,304.65991003692625,1.0272498891997388,105
8570000,34380.000005169124,-517200.63000291795,300.8468661354559,1.029607267038043,105
8575000,34400.0000051732,-516923.3498894775,302.1985369683222,1.0247345925873992,105
8580000,34420.00000517727,-517162.14599794196,301.0906478606602,1.0227112777275382,105
8585000,34440.00000518135,-516858.76197409607,300.7006702913645,1.023943318580785,105
8590000,34460.00000518542,-516489.83529048506,303.5685314949938,1.026002147600304,105
8595000,34480.0000051895,-516510.49285227805,304.0726109432052,1.0240774613775068,105
8600000,34500.00000519357,-516957.52906441176,301.33250568358903,1.0269836174848603,105
8605000,34520.000005197646,-516619.3357257948,302.88323554116675,1.0245725331758249,105
8610000,34540.00000520172,-516716.12805479555,300.5999329436067,1.0254061227192772,105
8615000,34560.000005205795,-516131.2940911432,303.2039851096756,1.0251050125248728,105
8620000,34580.00000520987,-516977.7919160202,299.14971634688015,1.0234744913654776,105
8625000,34600.000005213944,-517052.5408155394,305.0043010454208,1.026702260772151,105
8630000,34620.00000521802,-517363.3985670917,301.37392445510113,1.0271128398316463,105
8635000,34640.00000522209,-518257.0413253389,302.3759791272968,1.0307190013065979,105
8640000,34660.00000522617,-516632.0568918369,301.76998738060377,1.0254568328214495,105
8645000,34680.00000523024,-516181.0406623157,299.27707470058914,1.0241506410969594,105
8650000,34700.00000523432,-517643.1908670876,302.30185550726344,1.0272774530255175,105
8655000,34720.00000523839,-516764.86706517707,301.05726070372555,1.0269692315893306,105
8660000,34740.000005242466,-517644.37828402175,299.6228096318465,1.0239680514071754,105
8665000,34760.00000524654,-516582.04953155457,301.40789678611196,1.026075096608617,105
8670000,34780.000005250615,-517688.80120133306,298.91876770924824,1.024478228888016,105
8675000,34800.00000525469,-516508.62606431893,302.9629761904226,1.025236204878665,105
8680000,34820.000005258764,-517489.68561934214,300.97468854098884,1.0246416441940678,105
8685000,34840.00000526284,-516440.4460076592,302.19867662532687,1.0254547443477446,105
8690000,34860.00000526691,-517823.5357151746,297.9292192801526,1.0271586186105988,105
8695000,34880.00000527099,-516090.99877933017,300.4658113374968,1.024869254578577,105
8700000,34900.00000527506,-517523.72543133143,303.2791135044495,1.025439681216654,105
8705000,34920.00000527914,-516199.85772887827,300.1422419802209,1.029217494725494,105
8710000,34940.00000528321,-516340.2300520884,297.7207590319624,1.0220940978895008,105
8715000,34960.000005287286,-517539.89889517566,301.42461678634174,1.029228289816419,105
8720000,34980.00000529136,-517609.606127755,302.5398998511187,1.0295228233996245,105
8725000,35000.000005295435,-515860.22727054916,301.73625842281024,1.019355145796004,105
8730000,35020.00000529951,-517438.0513031562,298.94046709153463,1.0243076535098865,105
8735000,35040.000005303584,-516841.80355521245,303.29894332353115,1.027483568406849,105
8740000,35060.00000530766,-516754.59946009377,301.6230186453282,1.0246354803082705,105
8745000,35080.00000531173,-516897.2025422782,301.84881686472346,1.0270473791365118,105
8750000,35100.00000531581,-518018.53082711366,301.2392981473025,1.0252315744844518,105
8755000,35120.00000531988,-517527.94373659417,301.17917375762505,1.0261921334350232,105
8760000,35140.00000532396,-518340.5423738144,301.13080902989003,1.0285512479985033,105
8765000,35160.00000532803,-517326.08546085586,299.98948328262935,1.027220257940282,105
8770000,35180.000005332106,-517530.7091745641,301.22695983135606,1.0266833687194676,105
8775000,35200.00000533618,-517129.4894257209,300.73572727020786,1.023878541475951,105
8780000,35220.000005340255,-517571.7056189282,302.56114597004114,1.026835685707679,105
8785000,35240.00000534433,-516365.62912789197,302.58245741577434,1.0261513278457852,105
8790000,35260.000005348404,-516860.5770697242,300.9184950279954,1.02856521607546,105
8795000,35280.00000535248,-517265.2342872722,301.6105983966475,1.0237524059917984,105
8800000,35300.00000535655,-516429.47613882856,299.48900147689386,1.0245738549036287,105
8805000,35320.00000536063,-517088.89538588864,304.06002031902995,1.0289367294518377,105
8810000,35340.0000053647,-518988.16288870154,300.1294129026966,1.0278474404113278,105
8815000,35360.000005368776,-516919.4762918204,301.15707439868055,1.0278314946597744,105
8820000,35380.00000537285,-517370.02945906296,301.5632337555866,1.0247952198440622,105
8825000,35400.000005376925,-517196.09350677254,299.4544453926866,1.0279829847467634,105
8830000,35420.000005381,-518017.8131900795,301.1426144963323,1.0258010131330686,105
8835000,35440.000005385074,-518354.5734958993,303.3367117066437,1.0314210720448942,105
8840000,35460.00000538915,-517348.21744988253,301.8341420402028,1.0239314798148056,105
8845000,35480.00000539322,-517181.9638195017,300.37299153196835,1.0316306342137562,105
8850000,35500.0000053973,-516891.9529238953,298.04197187081706,1.0270850159004248,105
8855000,35520.00000540137,-517337.32475455874,296.8401578213701,1.023721779875389,105
8860000,35540.00000540545,-517534.6275916328,302.40520737366137,1.0251956992762228,105
8865000,35560.00000540952,-515552.89138768427,302.62651501275593,1.0294532257588251,105
8870000,35580.000005413596,-517622.88323749625,298.18761880773064,1.0286036586644014,105
8875000,35600.00000541767,-518133.6769735534,300.524870836538,1.0290191318277704,105
8880000,35620.000005421745,-517126.31426904886,301.431219973425,1.0240703492696834,105
8885000,35640.00000542582,-515505.30621057097,300.147870020576,1.0201618549835443,105
8890000,35660.000005429894,-517992.2735042691,300.62315249116386,1.0295405278534988,105
8895000,35680.00000543397,-516943.8130108975,300.87884064529544,1.028498391474332,105
8900000,35700.00000543804,-515783.4762316041,301.9163013451488,1.0261884490000426,105
8905000,35720.00000544212,-517598.979382372,298.8623519631867,1.027898008464146,105
8910000,35740.00000544619,-516835.4979431988,301.49512411418556,1.0218599079676953,105
8915000,35760.00000545027,-516627.307671912,301.4027877901858,1.0264639756487006,105
8920000,35780.00000545434,-517899.3724149093,300.31084529137905,1.0278800837424762,105
8925000,35800.000005458416,-518197.03419218305,302.1354118887135,1.0275096694992831,105
8930000,35820.00000546249,-517002.6593354116,300.9787598397029,1.025492464192559,105
8935000,35840.000005466565,-516427.6940326926,300.84600522072634,1.02465229850844,105
8940000,35860.00000547064,-516750.7821097404,301.0665895919148,1.0271470284162019,105
8945000,35880.000005474714,-515865.10483139567,298.76735202167106,1.0243788131349025,105
8950000,35900.00000547879,-517223.1715293869,299.83090224814356,1.028321284873836,105
8955000,35920.00000548286,-516987.42127588834,300.5900197815916,1.0241531080065989,105
8960000,35940.00000548694,-517622.0039522853,298.900783336832,1.0263519615455066,105
8965000,35960.00000549101,-516151.3468322349,299.244891325124,1.023892995813134,105
8970000,35980.00000549509,-518115.6511974777,300.435137379551,1.0289234354605143,105
8975000,36000.00000549916,-516768.70758237434,300.40512902868187,1.0272128827062579,105
8980000,36020.000005503236,-516855.4074234492,301.76766129199456,1.0265452046222394,105
8985000,36040.00000550731,-517669.32858415693,299.90211718167023,1.0285232743272137,105
8990000,36060.000005511385,-516788.9853310853,300.042673788958,1.0245175455266913,105
8995000,36080.00000551546,-517526.8953479158,300.3418726550257,1.0274559477862233,105
9000000,36100.000005519534,-517430.04915110185,301.3916335546694,1.0280252817107607,105
9005000,36120.00000552361,-517279.9707863501,300.8767839130928,1.0268708912034406,105
9010000,36140.00000552768,-516638.1160649231,299.31425142391305,1.0241445913615508,105
9015000,36160.00000553176,-515539.06840003096,300.6959723090511,1.022907971668638,105
9020000,36180.00000553583,-517703.0611522398,300.80468271034397,1.0242503003971652,105
9025000,36200.00000553991,-516424.65313648176,303.48550731609026,1.0314225860138175,105
9030000,36220.00000554398,-517078.18479959806,302.83033417481204,1.0266732837037007,105
9035000,36240.000005548056,-517478.85713408934,303.5503672517813,1.0238397161134587,105
9040000,36260.00000555213,-517352.408792133,302.8024984378209,1.0265456592357942,105
9045000,36280.000005556205,-518196.1241926686,301.8953453845112,1.0278145120719155,105
9050000,36300.00000556028,-517397.73941655667,302.18374866058235,1.0282739670783065,105
9055000,36320.000005564354,-517098.2058999671,300.99319178405324,1.0276319993133083,105
9060000,36340.00000556843,-516921.12864403985,298.98026553952536,1.0247523920998738,105
9065000,36360.0000055725,-517021.6810221013,300.85477630346804,1.023621823469895,105
9070000,36380.00000557658,-517942.24393234565,301.1781061580252,1.0271789589865186,105
9075000,36400.00000558065,-517686.9587684581,303.9398745138208,1.0271470122120143,105
9080000,36420.00000558473,-517337.3822605235,300.65674254301075,1.0272176422024077,105
9085000,36440.0000055888,-516481.07477179565,301.65644891668205,1.030066031529947,105
9090000,36460.000005592876,-516614.4239049179,302.4339949650498,1.024779763374301,105
9095000,36480.00000559695,-517260.5277248593,301.97545068634236,1.0260216731863478,105
9100000,36500.000005601025,-517162.0531022174,298.19762258034046,1.028903907356359,105
9105000,36520.0000056051,-516868.1458665903,297.7913039279391,1.0251641176572295,105
9110000,36540.000005609174,-516594.7190184351,300.1909241415492,1.0241123021185332,105
9115000,36560.00000561325,-516981.9546076071,301.0421283086446,1.0243534305450375,105
9120000,36580.00000561732,-518576.1330015466,302.0235721712195,1.029794398483955,105
9125000,36600.0000056214,-516364.5129421719,300.1517367115945,1.0236468123128235,105
9130000,36620.00000562547,-518437.2849783343,300.70549506041357,1.0315700959056475,105
9135000,36640.00000562955,-516405.5668721581,301.04585103315526,1.0279018651978038,105
9140000,36660.00000563362,-516534.94490761124,302.1292511046641,1.025057498055667,105
9145000,36680.000005637696,-516696.48928869236,302.52534333760696,1.0275959046288703,105
9150000,36700.00000564177,-517088.06606350513,302.3450585793257,1.0258270684440527,105
9155000,36720.000005645845,-516156.439210003,301.2800365616205,1.0235495244150565,105
9160000,36740.00000564992,-517966.1806457299,302.3883047961106,1.0257581098257755,105
9165000,36760.000005653994,-517506.3950918035,299.00309520067856,1.0264120422437337,105
9170000,36780.00000565807,-516667.3144183033,297.9563142435887,1.0242395248938818,105
9175000,36800.00000566214,-519007.830830066,301.8482181050086,1.031897007577713,105
9180000,36820.00000566622,-516688.2382029933,299.7503500065293,1.024762319819633,105
9185000,36840.00000567029,-518477.10678697797,300.47532003841303,1.0235851168094843,105
9190000,36860.00000567437,-516163.2525119004,301.5722530778753,1.019973348745073,105
9195000,36880.00000567844,-517413.340562274,300.7310716598544,1.0259569946314853,105
9200000,36900.000005682516,-516872.00596527196,304.6711024358332,1.0249672053784384,105
9205000,36920.00000568659,-517055.1263909389,300.67993963942695,1.0258134682305797,105
9210000,36940.000005690665,-518107.7805601063,298.1149069750741,1.0245594769025383,105
9215000,36960.00000569474,-517611.5950964715,302.20647081311375,1.0254191977046128,105
9220000,36980.000005698814,-516820.65884733293,301.80709978248683,1.0301481485878172,105
9225000,37000.00000570289,-516722.21481653093,300.61216072908354,1.0252796562449589,105
9230000,37020.00000570696,-516796.8760772671,300.32654552173483,1.0224376632013117,105
9235000,37040.00000571104,-516860.16756924754,300.33868004904,1.02562732395119,105
9240000,37060.00000571511,-517038.031583257,299.34327085841176,1.0258776684275355,105
9245000,37080.00000571919,-517513.28458348196,299.59267360496915,1.0244519084065804,105
9250000,37100.00000572326,-517040.73688766104,302.2817452175697,1.0253335053545476,105
9255000,37120.000005727336,-517201.22429157747,298.19044952646914,1.0227489215560523,105
9260000,37140.00000573141,-516106.73681349144,301.57356423863394,1.0222164801744036,105
9265000,37160.000005735485,-516622.4300552588,302.6318241559631,1.020970201880426,105
9270000,37180.00000573956,-517606.5585984159,301.10901938756393,1.0283549056771049,105
9275000,37200.000005743634,-517201.80934808915,300.20590168818705,1.027193355410479,105
9280000,37220.00000574771,-516896.99755225703,300.299145487954,1.027379584966437,105
9285000,37240.00000575178,-516489.76922438736,298.99793783698664,1.0267332840720669,105
9290000,37260.00000575586,-516214.6410881651,300.59733761907637,1.0275875439733915,105
9295000,37280.00000575993,-520105.40230446775,303.3357505682151,1.0268610985699944,105
9300000,37300.000005764006,-517061.90545857395,298.99920054510324,1.0246087447486045,105
9305000,37320.00000576808,-517055.124158168,300.7353064038606,1.0254916936206608,105
9310000,37340.000005772155,-516420.02226377116,300.22847550692256,1.0253107903970309,105
9315000,37360.00000577623,-517680.83408707124,301.92541644877826,1.0242105778009607,105
9320000,37380.000005780304,-517719.19258823595,300.7185850407932,1.0290970069558079,105
9325000,37400.00000578438,-515974.6774324754,299.1766942039681,1.0283544102349913,105
9330000,37420.00000578845,-516838.23162852623,298.69769166300915,1.0283583411457056,105
9335000,37440.00000579253,-516469.1829188182,301.8275927918544,1.0314891013197793,105
9340000,37460.0000057966,-517944.1468172006,302.0912743513063,1.027441062260195,105
9345000,37480.00000580068,-517948.21727263625,302.92090220241266,1.0237277740514965,105
9350000,37500.00000580475,-516964.19217403675,300.9357190905024,1.0212498022272243,105
9355000,37520.000005808826,-518161.88296703086,299.7428542388134,1.0251079265606893,105
9360000,37540.0000058129,-516669.1704095204,302.2474548070075,1.0268941403117202,105
9365000,37560.000005816975,-516837.33895298094,304.54259782081493,1.0249905525641436,105
9370000,37580.00000582105,-516544.8264131688,300.72439188525846,1.0222049451431252,105
9375000,37600.000005825124,-515817.73785580904,300.6814019231161,1.026158878814069,105
9380000,37620.0000058292,-516575.426332087,301.8838164005359,1.0238300078380067,105
9385000,37640.00000583327,-516147.5578549588,302.21049114939404,1.026813799217831,105
9390000,37660.00000583735,-516279.7899353835,300.403839019927,1.029103210999992,105
9395000,37680.00000584142,-516735.2232782226,302.4412085329322,1.0287035923412946,105
9400000,37700.0000058455,-516509.8296749843,301.0908494794152,1.0263969896287515,105
9405000,37720.00000584957,-516891.0013754121,300.01999912446564,1.027247251935805,105
9410000,37740.000005853646,-517298.10023702215,299.7711345702297,1.0269738587988584,105
9415000,37760.00000585772,-516365.57939221733,303.39238297575423,1.0260921072589269,105
9420000,37780.000005861795,-517235.45635273564,302.8687577945447,1.0259889039637244,105
9425000,37800.00000586587,-516892.389974135,298.61744806633965,1.0283088465246355,105
9430000,37820.000005869944,-516435.81685645296,301.7240916052998,1.025147201922092,105
9435000,37840.00000587402,-515794.54247407196,299.54362893788664,1.0284792331991544,105
9440000,37860.00000587809,-517793.4510333885,301.5846751203817,1.024370153091696,105
9440000,37860.00000587809,-516605.30248085526,301.8855139106152,1.0267482681083162,--
9445000,37880.00000588217,-516883.99350203015,300.61141060223287,1.0229015520026885,106
9450000,37900.00000588624,-517224.66718621715,299.1056045402759,1.02509498940997,106
9455000,37920.00000589032,-516620.78356645233,301.6168809176564,1.0246182772633623,106
9460000,37940.00000589439,-516581.58194640744,298.9506760769464,1.0242196978185578,106
9465000,37960.000005898466,-518803.50448829867,300.291376112513,1.028553081516108,106
9470000,37980.00000590254,-517374.0206538816,301.4097405442409,1.0228497848799143,106
9475000,38000.000005906615,-517784.32992104534,300.79634472379126,1.0282040234128849,105
9480000,38020.00000591069,-517556.6133676707,303.03030892786177,1.0264130813845622,105
9485000,38040.000005914764,-517670.14715086087,300.79792626718177,1.0277242583550101,105
9490000,38060.00000591884,-517675.4856200523,302.2862935531222,1.0271296336504188,105
9495000,38080.00000592291,-516792.80420797993,303.57626392023855,1.0261405959882972,105
9500000,38100.00000592699,-516513.8047565771,300.63220497194254,1.0246212016949479,105
9505000,38120.00000593106,-516591.29223633837,300.08032174981383,1.0253436172229486,105
9510000,38140.00000593514,-516358.3039796273,300.03918485062115,1.027867154185122,105
9515000,38160.00000593921,-516800.8783387053,299.5562124339092,1.0291498353849913,105
9520000,38180.000005943286,-516941.21817229665,300.3087076865222,1.025264244119611,105
9525000,38200.00000594736,-517415.6058283823,297.94824574449024,1.027284002472522,105
9530000,38220.000005951435,-516774.5917223727,297.9281694663,1.0259789043409633,105
9535000,38240.00000595551,-516466.7540229738,302.8617987101738,1.0286517034585934,105
9540000,38260.000005959584,-517154.3202484811,301.7032816045536,1.026632228383314,105
9545000,38280.00000596366,-517499.47245089314,301.3829780603766,1.0277758205978464,105
9550000,38300.00000596773,-517976.9864444351,299.67545941360436,1.0271571764041583,105
9555000,38320.00000597181,-518630.0209258024,300.8108186043969,1.026595427773944,105
9560000,38340.00000597588,-518212.62479021214,299.85163083473697,1.0249347208202177,105
9565000,38360.00000597996,-517206.0652833062,300.6202933157566,1.0237853763334013,105
9570000,38380.00000598403,-517075.7631216382,300.2481331383492,1.0264409582897092,105
9575000,38400.000005988106,-515828.25545263244,303.28066708178693,1.026751189208633,105
9580000,38420.00000599218,-516874.76681227656,299.4734646834938,1.0258366777180121,105
9585000,38440.000005996255,-517980.6963565033,301.07617887560184,1.0276925622716566,105
9590000,38460.00000600033,-517262.1644835628,300.99387295710903,1.0262460723501468,105
9595000,38480.000006004404,-517515.98371012066,301.2393069725072,1.029560226145495,105
9600000,38500.00000600848,-517622.62768066535,302.88272032122654,1.027891270588779,105
9605000,38520.00000601255,-517979.9742603183,302.3392325969844,1.0259207785931712,105
9610000,38540.00000601663,-517827.3671454501,299.75507000735166,1.0225179882600763,105
9615000,38560.0000060207,-516259.79792042985,300.18973037922046,1.025037441184953,105
9620000,38580.00000602478,-516995.4261099645,303.2240374290985,1.0293252835326205,105
9625000,38600.00000602885,-517479.10036147665,301.64501260470246,1.0263379256653913,105
9630000,38620.000006032926,-516631.7374816148,303.8279756804628,1.0251335098841405,105
9635000,38640.000006037,-517451.1525667291,304.42728238258235,1.025528684755009,104
9640000,38660.000006041075,-516712.19423377234,303.0904917764063,1.0246522062819572,104
9645000,38680.00000604515,-516099.1035767833,298.9531909990938,1.0237405550900753,104
9650000,38700.000006049224,-518319.09848621953,297.5908773906605,1.031607978660019,104
9655000,38720.0000060533,-516490.3822492813,300.39592008244347,1.025285282142324,104
9660000,38740.00000605737,-517701.44213452656,299.87056140446407,1.025994903233867,104
9665000,38760.00000606145,-517559.8450235785,301.7450151472908,1.0273287614327258,104
9670000,38780.00000606552,-516576.030435418,298.4298767851985,1.0276521897653605,104
9675000,38800.0000060696,-516943.4529421916,298.1114658623392,1.0257752268605855,104
9680000,38820.00000607367,-517034.33330870117,300.94478874686286,1.0258704550616966,104
9685000,38840.000006077746,-517013.8017733218,302.4571843284558,1.0279102262282855,104
9690000,38860.00000608182,-516790.3528586209,301.53391393662497,1.0284547605274135,104
9695000,38880.000006085895,-517461.52776300744,305.1277140211653,1.0265200258566467,104
9700000,38900.00000608997,-517098.33862584573,299.4523685509402,1.0249158716838989,104
9705000,38920.000006094044,-515067.52732198103,300.0623178887892,1.021273733567127,104
9710000,38940.00000609812,-516792.958290817,301.59518526157746,1.0293480075616999,104
9715000,38960.00000610219,-517862.50687839347,301.8873613012912,1.0284590821456325,104
9720000,38980.00000610627,-515631.6168365248,300.3757509377136,1.0242516641638633,104
9725000,39000.00000611034,-516114.1742480099,298.89660220768843,1.0281768854200588,104
9730000,39020.00000611442,-517438.42211629986,300.38443658306136,1.0267109690126937,104
9735000,39040.00000611849,-517072.39173802175,300.69061478990375,1.02250038530971,104
9740000,39060.000006122566,-518223.3525533476,302.04989994430184,1.0268920315563694,104
9745000,39080.00000612664,-517721.48909327015,298.9886165907102,1.0263031905971909,104
9750000,39100.000006130715,-518329.8429132672,301.572316515364,1.0276680285653828,104
9755000,39120.00000613479,-516471.04900184856,302.12187463866525,1.027420976636943,104
9760000,39140.000006138864,-517780.64937507827,298.480791223879,1.0272339513683513,104
9765000,39160.00000614294,-516588.6729417483,300.32336170768235,1.0267473227754877,104
9770000,39180.00000614701,-517217.6657999384,299.61890172386194,1.0287063393665359,104
9775000,39200.00000615109,-516895.0911881828,300.45763901781754,1.023522874293652,104
9780000,39220.00000615516,-517642.8683444762,299.9655809804808,1.0251601253047018,104
9785000,39240.00000615924,-517420.04049142846,302.9132141493514,1.0295670977303415,104
9790000,39260.00000616331,-516039.1429704882,304.0617018134529,1.0195352141855865,104
9795000,39280.000006167385,-517841.33001534105,302.9139446304002,1.024311279547149,104
9800000,39300.00000617146,-516413.79738687,299.07504260766785,1.0261632867924377,104
9805000,39320.000006175535,-516130.53312065033,300.0205786672955,1.024346897573605,104
9810000,39340.00000617961,-517884.72639069776,300.2039124807016,1.0262624916296486,104
9815000,39360.00000618368,-517695.6928865011,299.41543223061336,1.0276712078912593,104
9820000,39380.00000618776,-515403.5955547602,301.9848598179121,1.0246918699364496,104
9825000,39400.00000619183,-517235.8274621996,300.89072985262857,1.0276683266032636,104
9830000,39420.00000619591,-517170.63057236816,304.14691853150083,1.0243551195077307,104
9835000,39440.00000619998,-518217.3074523038,300.00317355986266,1.0292653961150569,104
9840000,39460.000006204056,-517771.4217644972,300.9726702471399,1.0312213443482452,104
9845000,39480.00000620813,-517163.346101522,302.45604233490207,1.0260990662112437,104
9850000,39500.000006212205,-516899.87901756004,302.06171425479033,1.026454863725903,104
9855000,39520.00000621628,-516288.5622314438,302.9852405237644,1.0263366644554526,104
9860000,39540.000006220354,-515780.91930215363,300.88859957523465,1.0200391871990078,104
9865000,39560.00000622443,-516367.34453135496,300.28434775866515,1.021990116370227,104
9870000,39580.0000062285,-517157.026662152,304.5217620319497,1.0280871711692319,104
9875000,39600.00000623258,-517692.5154153451,300.5901592804804,1.0272399132573058,104
9880000,39620.00000623665,-517088.56361218565,303.45293313471257,1.0234208729928755,104
9885000,39640.00000624073,-517893.91428145044,302.85104944958925,1.0245663185573513,104
9890000,39660.0000062448,-516946.83967066347,304.44022442843675,1.0278472005746968,104
9895000,39680.000006248876,-516729.14707406936,300.2673135772916,1.025690521743937,104
9900000,39700.00000625295,-516206.5349768149,304.1268329401618,1.0271816345284435,104
9905000,39720.000006257025,-518193.0640796968,301.25355366435554,1.0286411722910898,104
9910000,39740.0000062611,-516299.19608818996,302.5609420132539,1.022307320054886,104
9915000,39760.000006265174,-516083.56330432,301.04886174680183,1.0249509904829277,104
9920000,39780.00000626925,-515565.2033804583,301.95798259599053,1.0234053337039408,104
9925000,39800.00000627332,-517378.5085331993,303.8726092462794,1.027955193557603,104
9930000,39820.0000062774,-517738.6661466621,298.62711582232805,1.0265470413311504,104
9935000,39840.00000628147,-516383.45867184247,302.8708674071817,1.0266807510170832,104
9940000,39860.00000628555,-516958.568163245,301.77219934327593,1.025792138121851,104
9945000,39880.00000628962,-517605.35878161364,300.4384094243085,1.0278204520490508,104
9950000,39900.000006293696,-516824.0844630117,300.8086093866721,1.026225179484237,104
9955000,39920.00000629777,-517912.10525572253,299.40501329084987,1.0323797829680856,104
9960000,39940.000006301845,-516212.3166717412,304.37504609968545,1.0258290246374062,104
9965000,39960.00000630592,-516863.39153653244,297.4691587797027,1.0263454206223197,104
9970000,39980.000006309994,-516568.02504945896,302.01198347398645,1.025894080105941,104
9975000,40000.00000631407,-517163.3608401874,300.36019612343097,1.0265961704601452,104
9980000,40020.00000631814,-517015.0109313482,300.70091811052805,1.0282079410678744,104
9985000,40040.00000632222,-516072.95926748123,304.5949397657148,1.0272341186809235,104
9990000,40060.00000632629,-517485.045515405,301.66120260153946,1.027560493817883,104
9995000,40080.00000633037,-517069.68685724726,300.38844291434003,1.0287693461020697,104
10000000,40100.00000633444,-516992.9948769971,300.95595227729325,1.0270548651369604,104
10005000,40120.000006338516,-516014.59525049827,299.39632216996836,1.023666430294774,104
10010000,40140.00000634259,-516750.8696121916,299.5855342734777,1.0242627707159495,104
10015000,40160.000006346665,-517250.3842433358,299.13819177084866,1.0292331673298545,104
10020000,40180.00000635074,-517803.84084713133,301.1241155227367,1.0296202803354908,104
10025000,40200.000006354814,-516466.32650595927,301.5328391813772,1.024137768742564,104
10030000,40220.00000635889,-516841.09530306933,299.8352745763484,1.025947850070947,104
10035000,40240.00000636296,-517304.9350886482,301.2021468744982,1.02311513198472,104
10040000,40260.00000636704,-515501.2930524773,301.61910556337256,1.0224827112252681,104
10045000,40280.00000637111,-516219.31198324054,301.7111605261949,1.0218332612776873,104
10050000,40300.00000637519,-517365.92813278665,301.16627306150906,1.0226803272836797,104
10055000,40320.00000637926,-517582.1126871363,299.2874712902711,1.0317842342103358,104
10060000,40340.000006383336,-516542.97694378113,301.80850563810384,1.025234201146658,104
10065000,40360.00000638741,-517438.121375561,300.7215072853819,1.0305959186844595,104
10070000,40380.000006391485,-516907.2178457796,298.81587212781466,1.0254049125491986,104
10075000,40400.00000639556,-516268.0475378779,303.04529186834884,1.0258601599712855,104
10080000,40420.000006399634,-515896.2722332878,299.50096700950235,1.0260922156277354,104
10085000,40440.00000640371,-516592.08493971336,301.11888024474155,1.0276234422820285,104
10090000,40460.00000640778,-517272.7725156103,301.1958689769554,1.0238421200708443,104
10095000,40480.00000641186,-516621.6030316842,298.85031419821354,1.0237849083816897,104
10100000,40500.00000641593,-517614.326204763,301.0831694208741,1.022832599372269,104
10105000,40520.00000642001,-516762.88991155964,302.8622438723016,1.0234058527042265,104
10110000,40540.00000642408,-516168.5614779773,298.2749515279252,1.0255394967754223,104
10115000,40560.000006428156,-517807.71956969844,301.22397744131604,1.0297213841590698,104
10120000,40580.00000643223,-516626.6355314788,301.18345292801683,1.0224312155869129,104
10125000,40600.000006436305,-515793.7614326207,301.2844482447871,1.0243596386408906,104
10130000,40620.00000644038,-517059.44737909245,302.01171360934416,1.026038874226094,104
10135000,40640.000006444454,-516042.32704099896,299.66506189247025,1.0231300188994548,104
10140000,40660.00000644853,-516910.15530310175,300.9994250195835,1.0240121246557197,104
10145000,40680.0000064526,-516805.9449347516,299.8544557886424,1.0261550708551372,104
10150000,40700.00000645668,-517160.3189324441,299.4076027639738,1.0253503289327797,104
10155000,40720.00000646075,-518023.5102632558,298.5347116276406,1.0251186153906244,104
10160000,40740.00000646483,-518633.44252772443,300.53903695146505,1.0269140955869682,104
10165000,40760.0000064689,-517853.4399866848,301.99981735978264,1.0296161609120782,104
10170000,40780.000006472976,-517567.73863501777,303.5441633686758,1.0270227245588741,104
10175000,40800.00000647705,-516430.65875028796,299.85055979572377,1.0251578232693515,104
10180000,40820.000006481125,-517466.0201503504,299.10340886577205,1.0268183386818721,104
10185000,40840.0000064852,-518276.1270657447,301.4525431303953,1.024776258721416,104
10190000,40860.000006489274,-515144.91954791103,302.8918707820523,1.020598298794108,104
10195000,40880.00000649335,-517053.4120125349,300.866600588432,1.0293127218852127,104
10200000,40900.00000649742,-516963.3814850908,300.02675413288927,1.0260568081217047,104
10205000,40920.0000065015,-516267.73223523935,301.8424748841948,1.0213459349320633,104
10210000,40940.00000650557,-516757.05988322315,302.3572008732475,1.0269405968468133,104
10215000,40960.00000650965,-515742.3576733528,302.242408792688,1.0221927607607433,104
10220000,40980.00000651372,-515793.8704691832,301.96022480296546,1.0223921861614411,104
10225000,41000.000006517796,-518103.1032758611,300.846497349447,1.0248384607805898,104
10230000,41020.00000652187,-516745.1590618023,298.7856537656498,1.0251936496871017,104
10235000,41040.000006525945,-517401.1796411283,301.2189659762174,1.022091593628368,104
10240000,41060.00000653002,-516193.0087039231,300.65708665964814,1.0260334724472921,104
10245000,41080.000006534094,-516100.94859340764,302.3308284306529,1.0208332070149064,104
10250000,41100.00000653817,-516839.9260102329,301.7869259881319,1.0191027608882586,104
10255000,41120.00000654224,-517040.9687145967,300.0090122700724,1.0310056626709014,104
10260000,41140.00000654632,-517058.1561687817,301.42026125495636,1.0249330731419333,104
10265000,41160.00000655039,-518977.02669579326,300.8333222583422,1.0235272412382446,104
10270000,41180.00000655447,-516863.4860976627,300.44782973683533,1.0285636477831024,104
10275000,41200.00000655854,-518512.78702943237,300.5068939158856,1.0222176580077365,104
10280000,41220.000006562615,-517568.8304072879,300.5665713825981,1.0262127032555972,104
10285000,41240.00000656669,-516688.196242566,299.99733638959094,1.0282748541478357,104
10290000,41260.000006570765,-517228.1752950293,299.0601235719503,1.026209593450572,104
10295000,41280.00000657484,-516396.0360879735,303.47966048960984,1.0275335719262397,104
10300000,41300.00000657891,-516214.14637336065,301.18942344898966,1.024362851631629,104
10305000,41320.00000658299,-516411.86587130046,300.995050560817,1.0261649517490266,104
10310000,41340.00000658706,-517063.53440015507,302.25827861882806,1.027950647737146,104
10315000,41360.00000659114,-516345.41637642053,301.71064181169504,1.0245772047443127,104
10320000,41380.00000659521,-516121.2258181225,301.47487636071514,1.0265524940157478,104
10325000,41400.000006599286,-516634.4113592913,301.13495583960326,1.025327336756029,104
10330000,41420.00000660336,-517557.5437376371,299.50382048049585,1.0275851081236198,104
10335000,41440.000006607435,-517091.9826340596,299.8855007579995,1.031674475749421,104
10340000,41460.00000661151,-514843.4761022129,300.2238601423115,1.0231414294072987,104
10345000,41480.000006615584,-517406.01671060803,300.1306288270228,1.029618524390706,104
10350000,41500.00000661966,-517254.3668207603,303.4201691169949,1.0245421107276358,104
10355000,41520.00000662373,-515924.3820057928,301.0314482821821,1.0284418639311452,104
10360000,41540.00000662781,-516322.2092375057,299.69593129428097,1.0250852970413709,104
10365000,41560.00000663188,-516579.39524251013,300.4453369688556,1.0308082637905351,104
10370000,41580.00000663596,-516626.5408668956,298.2825239940423,1.026912662882546,104
10375000,41600.00000664003,-516258.78394369665,300.18971910399046,1.0231331227545242,104
10380000,41620.000006644106,-518305.5335815642,302.0596971772471,1.0246606495752837,104
10385000,41640.00000664818,-517032.5603797205,301.9525165953258,1.024398537239581,104
10390000,41660.000006652255,-516863.16958529386,300.83676297594127,1.0235114191223627,104
10395000,41680.00000665633,-516552.7427079666,299.5996604399548,1.0224306104334513,104
10400000,41700.000006660404,-518089.4263245035,298.4663610118179,1.0249559126142826,104
10405000,41720.00000666448,-516309.10533484,301.1627458863014,1.0283672826697707,104
10410000,41740.00000666855,-517670.2531861104,299.4644371639254,1.0282212175928853,104
10415000,41760.00000667263,-516815.99544520606,299.4749282656205,1.027285386069875,104
10420000,41780.0000066767,-516501.78435714287,301.05265319844614,1.0278671286181513,104
10425000,41800.00000668078,-517573.8491360061,300.7933488321972,1.0298325759938234,104
10430000,41820.00000668485,-516907.81458330574,300.78357427252877,1.0199570147777886,104
10435000,41840.000006688926,-517129.6021557695,299.4092008771431,1.0229228539804707,104
10440000,41860.000006693,-516988.9019632968,298.91027498409346,1.024077876118798,104
10445000,41880.000006697075,-517531.91334384447,303.3764503778232,1.0287533565613831,104
10450000,41900.00000670115,-517258.20366753824,298.9937582834052,1.0231505987400586,104
10455000,41920.000006705224,-517015.4294236689,302.1890463578013,1.0306041221140494,104
10460000,41940.0000067093,-517670.9942428232,302.4035436976066,1.0258191100147334,104
10465000,41960.00000671337,-516451.37087986013,299.839842695735,1.0253878176791058,104
10470000,41980.00000671745,-516915.84600413544,303.14212244886704,1.0307022249009912,104
10475000,42000.00000672152,-517649.6435905632,300.4240935048821,1.0224986969223413,104
10480000,42020.0000067256,-517742.1564719137,300.8408172940965,1.0274192363336208,104
10485000,42040.00000672967,-516768.2097003944,301.99923242125794,1.025168120576718,104
10490000,42060.000006733746,-517678.4597585385,300.5974391675637,1.0289946594334534,104
10495000,42080.00000673782,-516937.9254785571,300.95613479633613,1.0271217092911562,104
10500000,42100.000006741895,-517357.5506381786,300.34172277337325,1.0269673265577446,104
10505000,42120.00000674597,-516105.4063854418,305.11968770035537,1.0277333030613265,104
10510000,42140.000006750044,-515822.37749709236,298.4597354188224,1.0235276203272439,104
10515000,42160.00000675412,-516871.6236625165,301.0516912838553,1.0268871054393094,104
10520000,42180.00000675819,-516701.055999317,300.6733814407202,1.0265386100100087,104
10525000,42200.00000676227,-517669.30200254475,301.49776744350265,1.0276071580782682,104
10530000,42220.00000676634,-517557.23595939134,301.2189073315882,1.0288442249857057,104
10535000,42240.00000677042,-516902.69518684526,302.8865963006406,1.02696625591717,104
10540000,42260.00000677449,-516242.2564733038,299.6416656494921,1.028056205009836,104
10545000,42280.000006778566,-516658.4591857034,301.04858595686204,1.0300162639819832,104
10550000,42300.00000678264,-518672.3068498217,302.5235885734008,1.0295058666579227,104
10555000,42320.000006786715,-516506.2101777876,302.81559454438457,1.023825511640017,104
10560000,42340.00000679079,-518133.52168420027,300.86454868565966,1.026319282520628,104
10565000,42360.000006794864,-516635.6666902164,300.7957525444561,1.0261734237124438,104
10570000,42380.00000679894,-518376.26998173934,299.1045584237492,1.0267213106889834,104
10575000,42400.00000680301,-517517.2350433378,299.48953603619196,1.0269806544521838,104
10580000,42420.00000680709,-517123.3382778368,303.0690134816132,1.026113650597479,104
10585000,42440.00000681116,-516166.2828488862,300.1168679904349,1.025337337966072,104
10590000,42460.00000681524,-517069.8965466514,301.62580631593005,1.026147734019367,104
10595000,42480.00000681931,-516539.3104655049,301.2988830202589,1.024662094319823,104
10600000,42500.000006823386,-517023.66783004557,301.2968393308869,1.0248595976571255,104
10605000,42520.00000682746,-517264.3332725386,303.087552471513,1.0285415782370966,104
10610000,42540.000006831535,-516853.3570571784,302.11226607351796,1.0249216570692605,104
10615000,42560.00000683561,-516412.05850778334,300.32905328739116,1.025810306790404,104
10620000,42580.000006839684,-516657.170164878,301.1826080127206,1.0231512266877352,104
10625000,42600.00000684376,-518064.6951805984,301.0321850510775,1.027998678662168,104
10630000,42620.00000684783,-516959.396017398,300.8880190996722,1.0278105594916134,104
10635000,42640.00000685191,-516635.61982533825,301.93505160285173,1.0262006704524005,104
10640000,42660.00000685598,-516303.9285253275,300.5277336519796,1.024088122639233,104
10645000,42680.00000686006,-516541.39936425374,298.4382519698707,1.0245328932764588,104
10650000,42700.00000686413,-517162.9032199932,301.20313165303395,1.0252816248499776,104
10655000,42720.000006868206,-516039.47409056965,300.6275135925525,1.0244205007855693,104
10660000,42740.00000687228,-516489.1749929532,300.9285139370644,1.02881788631898,104
10665000,42760.000006876355,-518280.3223832776,300.60027714883563,1.0292027172751579,104
10670000,42780.00000688043,-517213.0680327625,302.1032741243902,1.0241884330265711,104
10675000,42800.000006884504,-516387.02867248096,302.87573406972984,1.024320945925096,104
10680000,42820.00000688858,-517218.4330536362,301.13721146208155,1.02405058258714,104
10685000,42840.00000689265,-516633.5412657077,302.44572564846095,1.0295343494281102,104
10690000,42860.00000689673,-517726.6640974877,303.06242732936926,1.0286708739747965,104
10695000,42880.0000069008,-517679.6366824233,301.0896431399155,1.0270371631855864,104
10700000,42900.00000690488,-516577.3070290566,304.1657036933785,1.0267320426399396,104
10705000,42920.00000690895,-517976.54276569467,300.60123275838674,1.0254216855795877,104
10710000,42940.000006913026,-517882.64846950094,299.6926895467712,1.028734580594764,104
10715000,42960.0000069171,-516339.6527027369,302.12393097592,1.0233820653689107,104
10720000,42980.000006921175,-518125.65495887655,299.7703037229035,1.0238235349244365,104
10725000,43000.00000692525,-517008.120089296,299.80792463459215,1.027664879959836,104
10730000,43020.000006929324,-517748.4281393555,300.57809924670585,1.0266359261243112,104
10735000,43040.0000069334,-517946.878084176,301.4668564519532,1.024400330796827,104
10740000,43060.00000693747,-516418.5470655323,301.6752342130699,1.027135468856663,104
10745000,43080.00000694155,-516682.73933783546,299.6120453577656,1.025328472077255,104
10750000,43100.00000694562,-517208.9332974693,302.2934796403555,1.0227083362393312,104
10755000,43120.0000069497,-516192.9522836921,300.0753595430916,1.0258861104295423,104
10760000,43140.00000695377,-517415.73639479675,300.34414989617346,1.0272651659264411,104
10765000,43160.000006957845,-516614.59521425026,299.9963628942911,1.0252818372265453,104
10770000,43180.00000696192,-517365.6106465426,300.4446419831272,1.0290070352716163,104
10775000,43200.000006965995,-517760.6052425506,302.30974329697693,1.0293218510623237,104
10780000,43220.00000697007,-516411.9278312491,300.31242222604465,1.0266016103362279,104
10785000,43240.00000697414,-517787.8107989009,301.9721968195662,1.0268987568021577,104
10790000,43260.00000697822,-517604.5218931462,302.76776974077507,1.0271194416896365,104
10795000,43280.00000698229,-517667.4603411495,302.81796438370884,1.0280382828747179,104
10800000,43300.00000698637,-517371.6422626234,303.4620852357767,1.0250790397265725,104
10805000,43320.00000699044,-517051.3168542229,300.8402484762979,1.0299910735004951,104
10810000,43340.000006994516,-517137.73742518947,300.4223330092012,1.0259956029518758,104
10815000,43360.00000699859,-517657.26028503315,302.33623818797264,1.0259766299556394,104
10820000,43380.000007002665,-517183.87343209423,299.9366220485746,1.0246026630572405,104
10825000,43400.00000700674,-518249.1449330286,300.639639904622,1.028242914662387,104
10830000,43420.000007010814,-516710.1101987164,301.1471750347085,1.0242780503249902,104
10835000,43440.00000701489,-517863.5176643615,301.80189819450857,1.0270926129777436,104
10840000,43460.00000701896,-515713.325477062,302.25188126114546,1.0248056443335984,104
10845000,43480.00000702304,-515581.36321592494,301.40251499248694,1.0237233952454936,104
10850000,43500.00000702711,-517368.8916127493,301.1537302442654,1.0305913894180083,104
10855000,43520.00000703119,-517097.0671333892,301.34431076367025,1.0280089298700936,104
10860000,43540.00000703526,-517644.03113082144,302.80969808879854,1.0267230963584915,104
10865000,43560.000007039336,-517245.5403757694,301.33588576324706,1.025908387355576,104
10870000,43580.00000704341,-516293.0669574039,301.70058983161505,1.0195523283362964,104
10875000,43600.000007047485,-516438.54773472296,301.9807639394205,1.0222792338834688,104
10880000,43620.00000705156,-515919.85513449437,300.1149554629012,1.029694252307371,104
10885000,43640.000007055634,-517632.22308936366,301.1978366088763,1.0283308464407988,104
10890000,43660.00000705971,-517223.6975873704,302.1821793953565,1.0269138844910988,104
10895000,43680.00000706378,-517214.5722529569,300.2129369462483,1.0262564729926869,104
10900000,43700.00000706786,-517209.1574523547,300.78295431639066,1.0268729299920625,104
10905000,43720.00000707193,-517599.3245767716,301.73544377432347,1.0295181006294927,104
10910000,43740.00000707601,-518577.20744552324,302.6965704194657,1.026918929430656,104
10915000,43760.00000708008,-518378.1646373789,300.022384518867,1.030387549405711,104
10920000,43780.000007084156,-516848.24104526057,297.0033463616792,1.026396681447157,104
10925000,43800.00000708823,-518053.5083243544,299.65848106453626,1.027493354510931,104
10930000,43820.000007092305,-518504.9503735227,298.7785083920079,1.0359792451331646,104
10935000,43840.00000709638,-516936.6776937982,298.9937893530063,1.026555108937231,104
10940000,43860.000007100454,-518417.7456132341,300.5636864899256,1.025973089274894,104
10945000,43880.00000710453,-517635.9763000293,298.9521537836319,1.0232240636885492,104
10950000,43900.0000071086,-516956.01179227186,300.46559033962643,1.025994193659653,104
10955000,43920.00000711268,-517371.1186526383,297.62582659123296,1.0257100232486855,104
10960000,43940.00000711675,-518517.8658335244,300.83605758447885,1.0254102597931065,104
10965000,43960.00000712083,-518185.73608326865,301.1871672411292,1.028536008373745,104
10970000,43980.0000071249,-518759.95428664703,299.09931292269727,1.0287235792293148,104
10975000,44000.000007128976,-517153.28247165005,302.83165649867885,1.0251019205618281,104
10980000,44020.00000713305,-517525.96606537816,302.59794942480625,1.0246731147300625,104
10985000,44040.000007137125,-517128.1526295494,301.79247523750246,1.0258950869058907,104
10990000,44060.0000071412,-517801.3143113032,302.88154058659575,1.0285955885800604,104
10995000,44080.000007145274,-516477.14216221357,301.6801869805359,1.0275281073286011,104
11000000,44100.00000714935,-518243.37342962576,298.990059598471,1.0282763894070661,104
11005000,44120.00000715342,-518025.29938871064,300.62675490419656,1.0278646115458823,104
11010000,44140.0000071575,-516453.6986746653,300.5703687513942,1.0263981212442772,104
11015000,44160.00000716157,-516739.64750414714,299.2286326880501,1.0280247977254502,104
11020000,44180.00000716565,-517452.04028646345,299.40057953546994,1.0234155501633841,104
11025000,44200.00000716972,-517622.906100129,299.64202098088845,1.025966750217275,104
11030000,44220.000007173796,-517195.99080432067,301.3502589332546,1.0278759762661613,104
11035000,44240.00000717787,-518201.75683624414,299.67270963639146,1.029785424900595,104
11040000,44260.000007181945,-516746.7499465593,300.81357771793074,1.027140664417948,104
11045000,44280.00000718602,-517599.4660634841,299.26652681862896,1.0287938412127946,104
11050000,44300.000007190094,-516433.93705223827,301.04429915017425,1.0254628897410765,104
11055000,44320.00000719417,-516242.6350930587,299.5587594461686,1.0237737055126706,104
11005000,44120.00000715342,-517590.5651148665,301.8045298462468,1.0272786376897363,--
11010000,44140.0000071575,-517058.4351708207,301.2511781636684,1.0269948095251606,105
11015000,44160.00000716157,-516164.59751981427,301.09937903639525,1.021275355047878,105
11020000,44180.00000716565,-516386.0954911255,300.4287376681111,1.0232149179262218,105
11025000,44200.00000716972,-516594.74114922294,299.8271474309783,1.0239886739645783,105
11030000,44220.000007173796,-517738.96664096694,300.6697497558873,1.0268694221322807,104
11035000,44240.00000717787,-518660.6977803514,300.10771315683667,1.0299024400928052,104
11040000,44260.000007181945,-518516.578078137,300.020441837529,1.030303473939302,104
11045000,44280.00000718602,-516785.4750758561,303.34672737525085,1.0241479106780405,104
11050000,44300.000007190094,-517591.7162060789,300.79752234233086,1.0272648671883162,104
11055000,44320.00000719417,-518078.3383640426,300.36566382719957,1.0280319431230618,104
11060000,44340.00000719824,-516574.03253889526,302.5596135655011,1.025627871975653,104
11065000,44360.00000720232,-517172.14841514546,302.61360241180023,1.0279638274061227,104
11070000,44380.00000720639,-517964.76339215133,299.7719904296639,1.029546329060659,104
11075000,44400.00000721047,-517726.8741007864,301.74377747255613,1.027921333371898,104
11080000,44420.00000721454,-516745.80062654265,301.47290775637185,1.025395651444365,104
11085000,44440.000007218616,-517324.298122579,301.5450660871025,1.0227015527608987,104
11090000,44460.00000722269,-517202.30209157197,300.8603684890779,1.0290050690597594,104
11095000,44480.000007226765,-517167.8629544787,301.5640448427652,1.0256963252340083,104
11100000,44500.00000723084,-517038.4655270076,302.5776537540348,1.026311684222219,103
11105000,44520.000007234914,-518188.316207723,298.93845723637526,1.0236836940792888,103
11110000,44540.00000723899,-516768.54593508504,303.15353671093624,1.026475542610063,103
11115000,44560.00000724306,-517231.66198003246,302.92307370031676,1.0271678139987785,103
11120000,44580.00000724714,-516695.09969455795,302.1487691202696,1.0251044247124852,103
11125000,44600.00000725121,-516592.71532950155,300.462737110854,1.0263801339321732,103
11130000,44620.00000725529,-516567.4371234048,298.0626588320025,1.023269592792565,103
11135000,44640.00000725936,-516916.74623849336,300.8474977458087,1.02906312428506,103
11140000,44660.000007263436,-517891.1284990574,302.1823552463235,1.024963002273557,103
11145000,44680.00000726751,-517459.8077419365,299.5988446099435,1.0324839470099842,103
11150000,44700.000007271585,-516136.263649364,300.5340485596752,1.0263797010061961,103
11155000,44720.00000727566,-516990.19696517475,302.42982260214535,1.0283934958925975,103
11160000,44740.000007279734,-516750.9056000449,300.62401495609566,1.0230136936954246,103
11165000,44760.00000728381,-516380.1869595642,301.0339218692135,1.0259788007577377,103
11170000,44780.00000728788,-517466.04311841493,298.3353873136638,1.0263800272747523,103
11175000,44800.00000729196,-517667.4293409919,302.2536421570994,1.0242474189146402,103
11180000,44820.00000729603,-516877.2437237669,303.79692298278354,1.0248868230078951,103
11185000,44840.00000730011,-516998.21027573384,301.8743205035449,1.0253558244937706,103
11190000,44860.00000730418,-517625.0786455963,299.9457085220776,1.0280867020557944,103
11195000,44880.000007308256,-517589.06124188844,301.3931587207807,1.024109226839122,103
11200000,44900.00000731233,-517627.6855990384,299.9553839813525,1.023835943998107,103
11205000,44920.000007316405,-518190.8242073371,300.549442932821,1.0267062189798908,103
11210000,44940.00000732048,-517077.5823227661,299.2581036675038,1.0262977356947125,103
11215000,44960.000007324554,-518264.63550800504,302.8732486992383,1.0306995593257509,103
11220000,44980.00000732863,-518493.2949554953,300.1489269241723,1.0252151443683821,103
11225000,45000.0000073327,-516555.78299673717,303.76976468537276,1.0271137671975223,103
11230000,45020.00000733678,-518968.9515734101,300.12792787305034,1.0297343350230863,103
11235000,45040.00000734085,-516717.3458067174,301.72738526579514,1.0277971333046911,103
11240000,45060.00000734493,-517354.33923526807,301.16532784696096,1.0272304623624573,103
11245000,45080.000007349,-516803.4319032333,302.94425763762234,1.027347705313619,103
11250000,45100.000007353075,-517182.74481056444,301.7118253632853,1.0282987635826932,103
11255000,45120.00000735715,-517718.2958264025,303.50753192300004,1.0253098262721858,103
11260000,45140.000007361225,-518433.38515437394,301.13242751089336,1.0265130847305648,103
11265000,45160.0000073653,-516676.7866774094,301.6020855093361,1.0280951401367766,103
11270000,45180.00000736937,-518632.0416238378,303.06734225845577,1.030666633377667,103
11275000,45200.00000737345,-517320.41028262116,301.5318025104366,1.0302415491472254,103
11280000,45220.00000737752,-516811.8791884582,301.8888299294653,1.0261389084573675,103
11285000,45240.0000073816,-517801.8749207072,302.14706513602084,1.025295473683079,103
11290000,45260.00000738567,-517931.2049071223,302.71346074430653,1.024020272252598,103
11295000,45280.000007389746,-517259.40186523064,299.9734844552934,1.0250657549497373,103
11300000,45300.00000739382,-517504.6025168649,298.14681747938175,1.0279777417075426,103
11305000,45320.000007397895,-515671.58830602746,301.5929356078166,1.0244134623878272,103
11310000,45340.00000740197,-516405.6005017734,298.41083397373825,1.0269409186231195,103
11315000,45360.000007406044,-516224.2703649793,300.7349578178538,1.0222737174687053,103
11320000,45380.00000741012,-517105.93272872735,302.4132677705135,1.0253781810829696,103
11325000,45400.00000741419,-516643.5879644742,299.9495466033442,1.0212702905437683,103
11330000,45420.00000741827,-517074.5324663529,304.9595333688598,1.0262093779551151,103
11335000,45440.00000742234,-516688.98625787976,302.99285344324477,1.0269085188862255,103
11340000,45460.00000742642,-517081.5383030197,302.3129863140435,1.023983975379614,103
11345000,45480.00000743049,-516690.6437368307,297.07298707900276,1.0270082772027795,103
11350000,45500.000007434566,-517659.68222079123,300.47026185580717,1.0289035377519753,103
11355000,45520.00000743864,-516690.69586128904,298.42051580482433,1.0244309520783599,103
11360000,45540.000007442715,-516405.72290377994,300.40520074908795,1.0243143667536876,103
11365000,45560.00000744679,-516658.1944139432,298.5891811102512,1.0249317796840196,103
11370000,45580.000007450864,-516800.77791425097,301.9821351183099,1.0257711731339776,103
11375000,45600.00000745494,-516361.5732114292,302.2055074319023,1.0227062956715216,103
11380000,45620.00000745901,-517539.93130836845,300.8077161778191,1.0227598824044353,103
11385000,45640.00000746309,-516673.2915683836,300.89578760380016,1.026078547677344,103
11390000,45660.00000746716,-517160.13281271234,300.82595300682584,1.0232124493205192,103
11395000,45680.00000747124,-516799.7376757243,300.1788632641357,1.0278495239529752,103
11400000,45700.00000747531,-517721.5768221454,300.46544395791244,1.0288628054778375,103
11405000,45720.000007479386,-517909.94299969124,303.6960243106352,1.0225611872161162,103
11410000,45740.00000748346,-516500.6432202151,302.1026179633606,1.0285798942725972,103
11415000,45760.000007487535,-517679.79720049724,301.4690413243701,1.0270465812385552,103
11420000,45780.00000749161,-516580.34906719206,297.70438396511275,1.026270715239158,103
11425000,45800.000007495684,-517135.3290840448,301.49509193837594,1.0294426731404571,103
11430000,45820.00000749976,-518729.4595311228,299.732529900182,1.0287246160875123,103
11435000,45840.00000750383,-516623.6869556005,302.6909272973189,1.0238189417053212,103
11440000,45860.00000750791,-517028.9616491867,300.8128109341627,1.0306799832307632,103
11445000,45880.00000751198,-516754.75326897507,302.10609400068444,1.0263122217417606,103
11450000,45900.00000751606,-516897.58640313265,301.2291881008834,1.0233909438053086,103
11455000,45920.00000752013,-517253.9510413783,299.22858817620005,1.0268277928180614,103
11460000,45940.000007524206,-517307.8883266647,302.68266225034563,1.0312916457390817,103
11465000,45960.00000752828,-517415.69900761964,300.19004847268207,1.0277774481910045,103
11470000,45980.000007532355,-517585.6675222255,303.79734900821865,1.028157296602284,103
11475000,46000.00000753643,-517532.89326721965,301.5426259581312,1.0282055182274972,103
11480000,46020.000007540504,-515520.7640874288,301.7348954164072,1.0232936954447651,103
11485000,46040.00000754458,-515825.1816328177,298.24511703859224,1.0283107205689632,103
11490000,46060.00000754865,-517812.2255055241,301.6835338356498,1.0256761790840965,103
11495000,46080.00000755273,-517317.9158324185,303.5568449738654,1.0336957566603162,103
11500000,46100.0000075568,-517148.2562394431,301.4378565820666,1.022605257802847,103
11505000,46120.00000756088,-517498.2591226904,297.93893957892743,1.0263774871510272,103
11510000,46140.00000756495,-518245.8571735767,303.3719672415489,1.0305223348115986,103
11515000,46160.000007569026,-515933.52005288796,300.16482375740065,1.0254989513460637,103
11520000,46180.0000075731,-517159.86400456517,300.9078597590996,1.0237663595653839,103
11525000,46200.000007577175,-518141.22828932083,302.53198476594986,1.0293591255302046,103
11530000,46220.00000758125,-517151.6592575668,300.1897420140262,1.0256009378975177,103
11535000,46240.000007585324,-516777.65800516075,299.84746200806063,1.0238953216171764,103
11540000,46260.0000075894,-516344.9756279022,297.36422406328677,1.026346549788955,103
11545000,46280.00000759347,-516355.60733268317,301.0789792677703,1.0259853869037185,103
11550000,46300.00000759755,-516510.9718820383,300.2939440298144,1.0242546309795333,103
11555000,46320.00000760162,-517636.720155407,302.8615695662284,1.0229134510986115,103
11560000,46340.0000076057,-517351.23406116385,301.8269115028168,1.022570867713569,103
11565000,46360.00000760977,-516553.86422787886,300.5717951513269,1.022651798793182,103
11570000,46380.000007613846,-516430.3444355533,299.26978529509336,1.0249513958680398,103
11575000,46400.00000761792,-516919.199974071,301.3190344599307,1.0271158820597843,103
11580000,46420.000007621995,-517115.6064720892,299.68127989482093,1.0267845397402062,103
11585000,46440.00000762607,-516680.97227442637,301.4103553044647,1.0276138799630157,103
11590000,46460.000007630144,-517136.88813012815,299.1097158449876,1.0277528245277716,103
11595000,46480.00000763422,-517534.97533071996,301.752700536834,1.0235592937310412,103
11600000,46500.00000763829,-517285.8345279631,300.3505571370991,1.026129490475786,103
11605000,46520.00000764237,-515958.35076790536,302.2749889526972,1.0260583680098556,103
11610000,46540.00000764644,-517754.39096740866,301.63733189901296,1.0248320349615248,103
11615000,46560.00000765052,-516467.9637222402,298.8449276349852,1.02705199230754,103
11620000,46580.00000765459,-516606.0667014667,302.42011139921095,1.026444253744254,103
11625000,46600.000007658666,-517854.1818207465,300.4762324833053,1.0218399154358442,103
11630000,46620.00000766274,-516125.2670446276,302.9173987326574,1.0244790475313488,103
11635000,46640.000007666815,-517062.9411048598,300.71736664810373,1.0264788915147407,103
11640000,46660.00000767089,-516761.6836641142,301.7199594755474,1.0286076067314303,103
11645000,46680.000007674964,-517094.2542232198,303.10365128884865,1.0256398765206098,103
11650000,46700.00000767904,-517394.4169954448,301.1094592277695,1.029987812989478,103
11655000,46720.00000768311,-516829.81986549473,299.32972447055005,1.0305382091592101,103
11660000,46740.00000768719,-517149.47440709313,299.8522903516508,1.0290797585562148,103
11665000,46760.00000769126,-516431.1011799844,299.26240252412185,1.0222961135721444,103
11670000,46780.00000769534,-517518.70068359585,300.60131278920596,1.0284522863637806,103
11675000,46800.00000769941,-517134.9514341967,301.37029215487166,1.0241122797889965,103
11680000,46820.000007703486,-518319.6874154026,301.0561018689167,1.0276320336169178,103
11685000,46840.00000770756,-517778.6569935954,303.7223070553346,1.0263171458104798,103
11690000,46860.000007711635,-517323.72157153324,299.58913768491874,1.0281909347460325,103
11695000,46880.00000771571,-516686.5241597174,300.3839726461221,1.0275085309995804,103
11700000,46900.000007719784,-516563.51017998136,302.19971249256565,1.025690457518953,103
11705000,46920.00000772386,-515722.5088194222,300.81464172765664,1.0232535822796822,103
11710000,46940.00000772793,-517822.1334287692,299.17482547810323,1.027013782695676,103
11715000,46960.00000773201,-517014.9610471339,302.3585864572498,1.031053387042821,103
11720000,46980.00000773608,-517004.6468741789,300.47579866779813,1.022281545127903,103
11725000,47000.00000774016,-517010.31499767536,305.13502667259877,1.024148484472882,103
11730000,47020.00000774423,-517639.0321652603,301.45106520023006,1.028742510395759,103
11735000,47040.000007748306,-517196.6116217843,301.7674121169509,1.0311543022041545,103
11740000,47060.00000775238,-517686.2231693808,300.1985516031337,1.0301319747784552,103
11745000,47080.000007756455,-517432.0604362157,298.6838017186911,1.0271259628571823,103
11750000,47100.00000776053,-518220.4956598412,300.20836966347906,1.0269259279982397,103
11755000,47120.000007764604,-517752.7265903009,302.68010484744923,1.029239311640894,103
11760000,47140.00000776868,-516611.17067312635,298.97779287076185,1.0241072633956991,103
11765000,47160.00000777275,-517362.53472887166,301.67039803040024,1.0282295129976151,103
11770000,47180.00000777683,-516569.37490967684,295.9822813604414,1.0273479869214792,103
11775000,47200.0000077809,-516994.9172209641,302.47589489549677,1.0300536959436846,103
11780000,47220.000007784976,-516262.4645163391,302.5302557945932,1.0224382933056715,103
11785000,47240.00000778905,-516560.3176204299,302.13047566808007,1.028040009895494,103
11790000,47260.000007793125,-516935.24989963835,303.091309729365,1.0264718757864029,103
11795000,47280.0000077972,-516691.44819312776,301.1167384610232,1.0270867406032813,103
11800000,47300.000007801274,-517221.82932575163,300.82372691760696,1.0255703881634948,103
11805000,47320.00000780535,-517603.1180943453,298.75849581292664,1.0280676523196166,103
11810000,47340.00000780942,-517996.76884196466,300.1792255605433,1.025969516267322,103
11815000,47360.0000078135,-516695.61969346786,301.28847840326455,1.0260158666358266,103
11820000,47380.00000781757,-517569.79921087064,298.1543170992074,1.025036412797283,103
11825000,47400.00000782165,-517236.0452908322,301.3182347373856,1.0270683034860302,103
11830000,47420.00000782572,-517177.88879578165,301.5501765907958,1.0260408459039774,103
11835000,47440.000007829796,-517451.7313292199,300.86397546274554,1.0245454046543325,103
11840000,47460.00000783387,-517123.09761272115,302.062390835895,1.0260082937218313,103
11845000,47480.000007837945,-516084.0743849252,302.03995770838844,1.0251097535473168,103
11850000,47500.00000784202,-516075.80582022667,302.2733631796576,1.0209806858548691,103
11855000,47520.000007846094,-515926.89089612267,302.4738992734715,1.026559690958956,103
11860000,47540.00000785017,-518209.38063131995,301.00755584602854,1.022588121712508,103
11865000,47560.00000785424,-515945.3577197897,302.4603519373443,1.0230350762456255,103
11870000,47580.00000785832,-517681.61354584806,300.5693586350133,1.029842723947972,103
11875000,47600.00000786239,-517478.9702719678,301.44055896495814,1.0246992092034228,103
11880000,47620.00000786647,-518034.1478227081,301.8681203519196,1.0282775200218355,103
11885000,47640.00000787054,-517131.12237650575,304.00461878220324,1.0265293526079862,103
11890000,47660.000007874616,-516784.70535130496,300.98096513176955,1.0298079538016205,103
11895000,47680.00000787869,-516027.69390390394,300.61900937231616,1.0264426299959368,103
11900000,47700.000007882765,-517428.41603327193,301.44023436033245,1.0282654056568252,103
11905000,47720.00000788684,-515901.0914541194,302.0832406471327,1.026347535788129,103
11910000,47740.000007890914,-516713.1023083858,300.8148997342463,1.0260468397556937,103
11915000,47760.00000789499,-517735.7102674567,299.74997100169315,1.0265922111944183,103
11920000,47780.00000789906,-516800.2613428093,302.147393792166,1.0262640026103633,103
11925000,47800.00000790314,-516373.7113977545,301.3557694160998,1.0220562657899988,103
11930000,47820.00000790721,-516789.9688032558,301.29351728093843,1.0232140817344058,103
11935000,47840.00000791129,-517376.1915019513,301.4636767872095,1.0287798445769512,103
11940000,47860.00000791536,-516873.1459034763,299.3275060426277,1.0240586782944525,103
11945000,47880.000007919436,-517769.84616097296,301.25236511874556,1.0296757869491462,103
11950000,47900.00000792351,-516500.3203389344,301.68406181128915,1.025187150466814,103
11955000,47920.000007927585,-517663.77993660467,299.7501966626697,1.0243006070456917,103
11960000,47940.00000793166,-516781.28959851945,298.2198054062866,1.0249679421205735,103
11965000,47960.000007935734,-517269.9026923897,300.8419922741314,1.0247580690176248,103
11970000,47980.00000793981,-517244.5159570258,299.9068656944712,1.0256968591614548,103
11975000,48000.00000794388,-516755.43217984843,300.4962489008319,1.024935317405279,103
11980000,48020.00000794796,-517200.07713735243,300.5222838161229,1.0284228680664589,103
11985000,48040.00000795203,-518383.4577329664,300.51807346164134,1.0263375390286367,103
11990000,48060.00000795611,-516302.97786567593,299.40785952796597,1.0256322193101126,103
11995000,48080.00000796018,-516026.56343179126,300.2329999666517,1.0257523058457745,103
12000000,48100.000007964256,-516512.78176563303,298.84483125495893,1.0255825595523138,103
12005000,48120.00000796833,-517739.8529183739,303.1359855725756,1.0305305837376568,103
12010000,48140.000007972405,-516044.2477509349,301.7445855252606,1.0229556590918853,104
12015000,48160.00000797648,-516885.43830837286,302.23708637722126,1.026384377542807,104
12020000,48180.000007980554,-517107.0036830872,302.59226945310166,1.0272067201509134,104
12025000,48200.00000798463,-516643.91936708917,300.01643255064124,1.0270509300098418,104
12030000,48220.0000079887,-517726.71652914747,300.4101118707778,1.025507175488156,104
12035000,48240.00000799278,-517899.3026777622,299.07924200682794,1.0309526831985532,104
12040000,48260.00000799685,-517969.6277323386,298.4261324416613,1.0271330841894695,104
12045000,48280.00000800093,-517189.25947180204,302.43797682035716,1.0286940021737683,104
12050000,48300.000008005,-517282.29778933246,301.28753144203563,1.0284709408282997,104
12055000,48320.000008009076,-516158.55999588664,303.9787043127923,1.028593297809774,104
12060000,48340.00000801315,-516636.83251458174,297.97493618457514,1.0257351500711944,104
12065000,48360.000008017225,-516157.10592125915,301.19625611961544,1.0248605652099119,104
12070000,48380.0000080213,-518038.8619734829,299.9192434798139,1.0293755854492992,104
12075000,48400.000008025374,-518001.2830226028,299.28229034633097,1.025416809014073,104
12080000,48420.00000802945,-518438.75158450473,300.0126877206437,1.0305207118551138,104
12085000,48440.00000803352,-516317.3201141793,298.5257784182802,1.0253435796709167,104
12090000,48460.0000080376,-516792.30983990896,302.70531526332,1.0233818897325282,104
12095000,48480.00000804167,-517329.72243188135,299.7558664482025,1.0266275348035783,104
12100000,48500.00000804575,-516711.3531692643,301.6889446445957,1.0291661584719207,104
12105000,48520.00000804982,-517971.5655901418,301.02006592207147,1.0246747395039673,104
12110000,48540.000008053896,-516993.03170580417,301.09267247271777,1.028395440083674,104
12115000,48560.00000805797,-517258.87546805595,299.6591210297938,1.0267526590454326,104
12120000,48580.000008062045,-516650.4622321371,300.33854185595527,1.0250782083781536,104
12125000,48600.00000806612,-516057.71836204757,298.02899620873177,1.0266755013502904,104
12130000,48620.000008070194,-517323.9249900561,301.76784759816087,1.0275160639982228,104
12135000,48640.00000807427,-517746.29647513456,302.7428727911056,1.0276524387990906,104
12140000,48660.00000807834,-517187.5516300774,301.2122897669688,1.0253233361878655,104
12145000,48680.00000808242,-518029.51739493664,300.5044736113014,1.0273235879436888,104
12150000,48700.00000808649,-516916.1291029842,303.06464406604874,1.024446220101144,104
12155000,48720.00000809057,-516752.9178458159,300.51560379890856,1.0277132356579475,104
12160000,48740.00000809464,-516000.91931241844,299.32439742265575,1.0236030398460856,104
12165000,48760.000008098716,-517331.532057557,300.0710080616365,1.0256330621893512,104
12170000,48780.00000810279,-517263.6943354877,301.92464814465615,1.0281030271392813,104
12175000,48800.000008106865,-517731.1685492664,302.92133913987163,1.0253438614016677,104
12180000,48820.00000811094,-517362.28189124144,301.5301539757724,1.0282782754286983,104
12185000,48840.000008115014,-516450.29983268515,298.81446816165806,1.0233733766403015,104
12190000,48860.00000811909,-517816.05526256235,303.3903435080701,1.0297510860690298,104
12195000,48880.00000812316,-518172.3444811208,300.0043885105894,1.028158468858767,104
12200000,48900.00000812724,-517470.9299127548,302.52903638949357,1.028273339280601,104
12205000,48920.00000813131,-517633.9146703901,300.79740799170617,1.0257227099795394,104
12210000,48940.00000813539,-517958.8585881849,301.8084021524825,1.0237628191889123,104
12215000,48960.00000813946,-518033.78744117287,301.2604514025583,1.0260464263652016,104
12220000,48980.000008143536,-515296.9203329128,299.99826574533915,1.0245868518894257,104
12225000,49000.00000814761,-517214.63076816476,301.9272078263285,1.0261258525241794,104
12230000,49020.000008151685,-515764.39116778667,301.42064768459437,1.0268872135492548,104
12235000,49040.00000815576,-516933.8837058949,299.7495013638091,1.0258917071917881,104
12240000,49060.000008159834,-517336.10785838077,301.3318483571343,1.0285758476065892,104
12245000,49080.00000816391,-517071.31985203596,302.10800346376715,1.0240586022846905,104
12250000,49100.00000816798,-516574.5802336978,302.8648053426102,1.023993208527132,104
12255000,49120.00000817206,-516720.2390721503,302.4475096501097,1.0251767131711054,104
12260000,49140.00000817613,-517434.9888237009,301.87697144029045,1.0299275037456754,104
12265000,49160.000008180206,-516314.7736824893,300.5712746303639,1.0266255761507697,104
12270000,49180.00000818428,-517384.11433031876,301.86508241147845,1.0238365941461582,104
12275000,49200.000008188355,-518298.0437402304,303.0490117885425,1.0293437559595506,104
12280000,49220.00000819243,-516742.6554356974,300.3978081986876,1.0287114067457022,104
12285000,49240.000008196504,-517607.9776664905,299.6167207276107,1.0304860213167408,104
12290000,49260.00000820058,-518720.71155896666,302.2644964274478,1.026383405569465,104
12295000,49280.00000820465,-516948.9622383483,300.7112340085443,1.0270571963548851,104
12300000,49300.00000820873,-516634.1772787529,300.4492618969586,1.0286952927446247,104
12305000,49320.0000082128,-517095.07811266324,301.34544585801615,1.0275027860117185,104
12310000,49340.00000821688,-517428.57507143985,300.5702927906654,1.0263674167063404,104
12315000,49360.00000822095,-517836.05296555115,302.30305845203947,1.0275975355827927,104
12320000,49380.000008225026,-517253.5861819587,303.4604816838958,1.0274257223147816,104
12325000,49400.0000082291,-515899.9607062931,299.2806521137304,1.0241536990105664,104
12330000,49420.000008233175,-517599.691006053,302.21400849054413,1.0212315784759578,104
12335000,49440.00000823725,-516260.4458678295,300.7673561343252,1.0249469975657028,104
12340000,49460.000008241324,-517856.9028403808,302.9016097928886,1.0273719888218744,104
12345000,49480.0000082454,-516230.37392595876,301.72554672151034,1.0210416292494233,104
12350000,49500.00000824947,-517387.4191545623,302.14868176477853,1.0273149598873916,104
12355000,49520.00000825355,-516416.73551151715,300.7128207096759,1.027117911746904,104
12360000,49540.00000825762,-516292.6724847036,301.9778018979644,1.024363564386881,104
12365000,49560.0000082617,-517021.7954837491,299.4929211670239,1.0238291709754284,104
12370000,49580.00000826577,-518241.3778286134,300.16342172976124,1.0278119388358848,104
12375000,49600.000008269846,-517224.7489231387,303.2493583103818,1.0270476772285153,104
12380000,49620.00000827392,-517992.22680586507,301.0523578759771,1.0234509487438832,104
12385000,49640.000008277995,-517385.43155614333,301.30653573910485,1.0232106041086797,104
12390000,49660.00000828207,-516080.83074051794,301.5044736685427,1.0273929523054763,104
12395000,49680.000008286144,-516394.0919340127,299.7386103219943,1.0251769046841286,104
12400000,49700.00000829022,-517108.7677250793,300.34471113882586,1.0267190004545923,104
12405000,49720.00000829429,-518095.9898434223,299.64350334313804,1.0249445405803015,104
12410000,49740.00000829837,-516735.45575165865,299.8535081991912,1.0273038797083796,104
12415000,49760.00000830244,-517000.69457220566,301.3607187545591,1.0191254570716308,104
12420000,49780.00000830652,-516655.7486141077,299.44213209037457,1.0294865858688476,104
12425000,49800.00000831059,-517484.2813863931,302.46353239270513,1.0291558010182158,104
12430000,49820.000008314666,-516511.9793190162,300.0543937693889,1.0245763224904108,104
12435000,49840.00000831874,-516974.86160877487,301.03973856447766,1.024460647257044,104
12440000,49860.000008322815,-516691.67091429513,302.50632118169284,1.0232991969204541,104
12445000,49880.00000832689,-517822.60784386704,299.28914371518874,1.0308136793498477,104
12450000,49900.000008330964,-519128.12862469,299.3153089230952,1.0306730979593903,104
12455000,49920.00000833504,-516841.8272960426,300.3950353573413,1.0292559254313183,104
12460000,49940.00000833911,-516404.3171106982,301.61877304773856,1.0281566710689216,104
12465000,49960.00000834319,-517172.99001906114,297.9689305100055,1.025572944849393,104
12470000,49980.00000834726,-516739.51243257243,302.25452791148655,1.0261354115697916,104
12475000,50000.00000835134,-517411.0330475876,298.86027622469965,1.0254809578798056,104
12480000,50020.00000835541,-517617.82104650605,297.4341357790627,1.0246854987703446,104
12485000,50040.000008359486,-517242.1953437738,301.549652320987,1.0306018557365597,104
12490000,50060.00000836356,-517242.8710636741,303.27859338961747,1.0268252587370286,104
12495000,50080.000008367635,-518013.6712968126,300.6418883500451,1.0270893850106553,104
12500000,50100.00000837171,-517301.8839760232,302.13165420195946,1.0255324029037745,104
