#"Step","Time (ps)","Potential Energy (kJ/mole)","Temperature (K)","Density (g/mL)","Speed (ns/day)"
5000,120.00000000005473,-515308.4223745081,303.09901798867406,1.0255228534995269,--
10000,140.00000000003652,-514983.8101043685,302.5666154233063,1.0262979841307758,105
15000,159.9999999999899,-514478.4375745242,300.8378203345726,1.0241054243156111,104
20000,179.9999999999433,-514019.1044104926,299.88858468868705,1.0270974776629764,104
25000,199.9999999998967,-515140.6138071695,302.05310874238546,1.027247365517589,104
30000,219.99999999985008,-513902.20259795804,302.5823572224086,1.024588135040275,104
35000,239.99999999980346,-514098.5057436249,299.4270469977691,1.0207004003373683,104
40000,259.99999999978525,-516618.9898412037,299.62706015122507,1.0283646755670965,104
45000,279.99999999988074,-515555.8235963923,299.89833077940864,1.0285316288933626,104
50000,299.99999999997624,-516017.5848375778,302.49911655275605,1.0308430000578666,104
55000,320.00000000007174,-515179.638945102,297.9900779374549,1.0254634744866675,104
60000,340.00000000016723,-514855.4426617152,299.19452303514686,1.0229469704212215,104
65000,360.00000000026273,-515344.6920712318,301.7217136117791,1.0311894846477059,104
70000,380.0000000003582,-515031.414708843,299.1635299890072,1.0256594218603483,104
75000,400.0000000004537,-515018.998751133,298.674634030395,1.0261380946106453,104
80000,420.0000000005492,-514773.07187486696,300.3243088782944,1.0286088056407974,104
85000,440.0000000006447,-515190.57895327546,298.03473600650415,1.030710453532903,104
90000,460.0000000007402,-514328.7180389273,302.3147250426175,1.0204241642940763,104
95000,480.0000000008357,-514136.4402258126,299.5451563525751,1.0240542331048963,104
100000,500.0000000009312,-514967.37480377965,299.3922486060923,1.0275929688029064,104
105000,520.0000000010267,-514850.4417625645,301.01784372801814,1.024016763837317,104
110000,540.0000000011222,-514425.4739136379,305.02400608739396,1.0279039512613295,104
115000,560.0000000012177,-515447.0509421809,300.6754378127834,1.0289819564148426,104
120000,580.0000000013132,-515756.7439673254,299.05632402384043,1.0269355949210328,104
125000,600.0000000014087,-516602.16329961736,299.4395280104243,1.0299956887864103,104
130000,620.0000000015042,-514740.7898045678,299.9002964111851,1.0256639978742639,104
135000,640.0000000015997,-514861.22466849093,299.8857673607666,1.0266240934708606,104
140000,660.0000000016952,-515042.3367644879,300.82380437332677,1.026042279698677,104
145000,680.0000000017907,-514865.7940821231,303.08186525801193,1.0256259495901312,104
150000,700.0000000018862,-514130.7412733836,301.29240941519134,1.0280627475598898,104
155000,720.0000000019817,-514690.2534595984,298.93080301133176,1.0253193698158747,104
160000,740.0000000020772,-516496.03570100106,300.6586820135535,1.026405712829121,104
165000,760.0000000021727,-514960.1184838163,299.1231835314905,1.0263299982788185,104
170000,780.0000000022682,-514695.65535486955,301.94344434644,1.0256752201472328,104
175000,800.0000000023637,-515146.33151295944,300.1298924550172,1.0283207267065997,104
180000,820.0000000024592,-515161.3365644028,300.90804521985945,1.0267067115680888,104
185000,840.0000000025547,-515263.9412441277,301.3792308132323,1.0294241905796786,104
190000,860.0000000026502,-515912.42978109093,298.26065109863146,1.0255279909642634,104
195000,880.0000000027457,-513802.0356180775,299.61361025761045,1.026047667716944,104
200000,900.0000000028411,-516170.16672609746,303.62466014776305,1.0278830919006658,104
205000,920.0000000029366,-515022.6210436926,301.671143871906,1.0239384657194726,104
210000,940.0000000030321,-514122.329529037,300.8809738612358,1.0262995623082138,104
215000,960.0000000031276,-514846.53391996445,301.5313046632571,1.0263810729814655,104
220000,980.0000000032231,-514508.07968946383,301.5840597818032,1.0250773268491786,104
225000,1000.0000000033186,-515910.8422939873,302.069591379683,1.0287862513871546,104
230000,1020.0000000034141,-514654.37305465573,299.25282746451916,1.0261484958009215,104
235000,1040.0000000030548,-515132.9046382066,300.1264976879024,1.0254826794781315,104
240000,1060.0000000025818,-515024.34738175035,300.2351836353172,1.0278780437395247,104
245000,1080.000000002109,-515777.34196488373,301.127463567895,1.0237020760189766,104
250000,1100.000000001636,-515662.7103738289,300.9411645394638,1.0278306423425612,104
255000,1120.000000001163,-514387.69223507494,298.72390137690473,1.024755329063136,104
260000,1140.00000000069,-515163.94341518916,300.9078245622296,1.0293781096727812,104
265000,1160.0000000002171,-515486.4527580845,302.4170787615221,1.0308631671464112,104
270000,1179.9999999997442,-513381.9897777983,301.4184858183267,1.0227258147831682,104
275000,1199.9999999992713,-514320.7900596445,301.19002270137696,1.0227123016412332,104
280000,1219.9999999987983,-515147.5750626421,300.69058692733137,1.0255774219269764,104
285000,1239.9999999983254,-514690.84998128307,298.4005355389294,1.0263385108426955,104
290000,1259.9999999978525,-515713.1449582896,302.36804549482275,1.026331161480594,104
295000,1279.9999999973795,-514997.3591171866,303.35218821954686,1.025985929182912,104
300000,1299.9999999969066,-514187.7596725554,300.9917902696763,1.029294944440578,104
305000,1319.9999999964336,-515273.15293275425,300.841696149929,1.0282993154662954,104
310000,1339.9999999959607,-514097.92627600324,302.40731085032525,1.021002932558455,104
315000,1359.9999999954878,-515787.5477670301,300.9444439975637,1.029477257923104,104
320000,1379.9999999950148,-516714.1318995436,301.20489595924187,1.0255122959833867,104
325000,1399.999999994542,-514786.0011825443,298.90999830431804,1.0262984450091708,104
330000,1419.999999994069,-514072.970345214,300.5561255004,1.0249963511621094,104
335000,1439.999999993596,-515044.07617816934,300.0994579798723,1.0286752751229387,104
340000,1459.999999993123,-514460.01563604805,301.5125640605551,1.0265797054860677,104
345000,1479.9999999926501,-515506.3723112249,301.3224766885588,1.0273033528972861,104
350000,1499.9999999921772,-515752.91785477684,302.5384143069745,1.0340138202891245,104
355000,1519.9999999917043,-515295.7875898564,300.01867986640326,1.0256913619133983,104
360000,1539.9999999912313,-515236.0164731166,301.8912594849856,1.0275488644385045,104
365000,1559.9999999907584,-515107.21687328955,299.26144695852855,1.02547520283429,104
370000,1579.9999999902855,-513715.29695276334,299.5997528426255,1.0265273346567552,104
375000,1599.9999999898125,-516257.2142044292,300.9736862563909,1.0291659303090837,104
380000,1619.9999999893396,-514037.0776437642,301.94397264088985,1.0251045531271803,104
385000,1639.9999999888666,-514140.2953034495,300.8487069981322,1.0216490059425518,104
390000,1659.9999999883937,-516344.71916473843,304.7947277590639,1.0267102917411626,104
395000,1679.9999999879208,-515010.0066605769,301.35362604953997,1.0275391026333414,104
400000,1699.9999999874478,-515288.01376165287,303.88751371392095,1.0267095849672785,104
405000,1719.999999986975,-514596.00929872366,300.3765035169711,1.0228729156946723,104
410000,1739.999999986502,-515796.1984506154,301.5911145628542,1.025856809553205,104
415000,1759.999999986029,-515951.4556793743,299.6997369605912,1.027793101031604,104
420000,1779.999999985556,-516232.44810006605,302.00633559513227,1.0277893913348897,104
425000,1799.9999999850832,-516799.10643980675,300.7672628237599,1.0289056493645863,104
430000,1819.9999999846102,-515319.37917637825,300.4518385544316,1.0285656293917087,104
435000,1839.9999999841373,-515245.90882400447,300.65872392888167,1.027346326921228,104
440000,1859.9999999836643,-514315.59918468934,300.93872619183253,1.0296194455531116,103
445000,1879.9999999831914,-514485.77035039384,300.71680161957187,1.0227767418147706,103
450000,1899.9999999827185,-514560.0942679837,300.1410674247489,1.0281904884193327,103
455000,1919.9999999822455,-515183.77659815503,303.83098286355806,1.0300489025136577,103
460000,1939.9999999817726,-515248.7950229873,303.2960531230392,1.0258886487399235,103
465000,1959.9999999812997,-515317.4529028055,299.96807407995095,1.028248757965151,103
470000,1979.9999999808267,-514044.2310041094,305.6803212882021,1.0236806454717202,103
475000,1999.9999999803538,-513980.2584420331,301.8315502335264,1.0242795669013385,103
480000,2019.9999999798808,-515615.24934641644,300.6372884483441,1.0270504244301981,103
485000,2039.999999979408,-515196.5308326974,300.5203175576873,1.0277534469976217,103
490000,2059.999999978935,-515191.51951710833,299.4242324837645,1.0239237105913863,103
495000,2079.9999999784623,-514690.93978906726,300.60043613997755,1.0254552431821882,103
500000,2099.9999999779893,-515076.2692338752,298.4632582696997,1.0279671769975294,103
505000,2119.9999999775164,-514675.40078739123,300.8266034456314,1.0316389342301573,103
510000,2139.9999999770434,-515391.13604923664,298.4566775454177,1.0270213152527856,103
515000,2159.9999999765705,-515488.8746094713,305.4058173870566,1.0285909947779377,103
520000,2179.9999999760976,-515308.7178269853,300.00749422368,1.0288639846989114,103
525000,2199.9999999756246,-513938.48136710795,300.44711578735513,1.0237512392687549,103
530000,2219.9999999751517,-515225.6633320523,302.8365665509163,1.0290850007815675,103
535000,2239.9999999746788,-516457.83499403414,300.9025057224698,1.0308988258409808,103
540000,2259.999999974206,-514017.0013294113,299.99560700112806,1.0255144031221475,103
545000,2279.999999973733,-514407.8762356504,301.57258405392554,1.0265196275915638,103
550000,2299.99999997326,-515515.022529786,299.0157700499248,1.0281881537197943,103
555000,2319.999999972787,-513590.25665103295,300.05251773465267,1.0251919514746046,103
560000,2339.999999972314,-515519.0265412857,301.127614858749,1.028406091644079,103
565000,2359.999999971841,-514305.29822231387,300.63789560382315,1.0242930810506536,103
570000,2379.999999971368,-515168.46578043466,300.88886270434506,1.0306706371509124,103
575000,2399.9999999708953,-514515.2302830338,298.39668878715975,1.0268407955804078,103
580000,2419.9999999704223,-516554.9609590885,299.57681558771594,1.028817152481829,103
585000,2439.9999999699494,-516573.7038078897,301.49273018694623,1.028721606797533,103
590000,2459.9999999694764,-514376.16335738054,301.46063231733353,1.0262786003303428,103
595000,2479.9999999690035,-514084.65373639646,302.53137826781096,1.025148380745729,103
600000,2499.9999999685306,-515127.1255868394,299.3766671411905,1.0237275386388704,103
605000,2519.9999999680576,-514258.59744079644,301.49292028070664,1.0284096090973107,103
610000,2539.9999999675847,-515196.71084041265,300.59162508881394,1.0252100597358618,103
615000,2559.9999999671118,-515046.37812317954,301.1987332628208,1.0228676544374486,103
620000,2579.999999966639,-514940.59442501725,301.2907311279916,1.0282833856303044,103
625000,2599.999999966166,-514948.9732642195,302.30583853683027,1.0296250201511252,103
630000,2619.999999965693,-514490.9365839595,299.6431198177033,1.0252078037930346,103
635000,2639.99999996522,-514192.6455547437,302.5773608006084,1.0201065093441282,103
640000,2659.999999964747,-515088.50405227183,301.62046159082365,1.0299509884398257,103
645000,2679.999999964274,-516535.0373303876,298.6075457182565,1.0310539565760308,103
650000,2699.999999963801,-515436.49467328703,298.6869895574557,1.0237288427850861,103
655000,2719.9999999633283,-516293.7383653433,300.37236701439105,1.0246404317967999,103
660000,2739.9999999628553,-514272.00811288506,303.3140780877358,1.0265616399717654,103
665000,2759.9999999623824,-513482.2645024173,301.5547281787303,1.0263305108657395,103
670000,2779.9999999619095,-514503.9059770764,303.2616409108169,1.0272275086048015,103
675000,2799.9999999614365,-514296.44036587,303.15975384959097,1.0261637267938284,103
680000,2819.9999999609636,-515586.31280470407,300.5707599209945,1.026940781339135,103
685000,2839.9999999604906,-515183.2377794024,301.3005904747075,1.027639801560811,103
690000,2859.9999999600177,-515147.2586116041,302.47815741668586,1.0250541618406515,103
695000,2879.9999999595448,-514851.9751339345,300.8898579382888,1.0213238364852288,103
700000,2899.999999959072,-513456.37704670336,299.67513220230893,1.0240701791084872,103
705000,2919.999999958599,-515413.4847369713,301.15432173535197,1.030560139233382,103
710000,2939.999999958126,-514333.17729424336,301.0931973625563,1.0230577494210404,103
715000,2959.999999957653,-514995.39418530604,298.06402345673564,1.0302780433102392,103
720000,2979.99999995718,-515551.43720246386,302.15549079212184,1.0246387348427213,103
725000,2999.999999956707,-515254.4614356612,300.2987348145422,1.0297666853372,103
730000,3019.999999956234,-515144.77771373885,299.81772585888774,1.026601001874673,103
735000,3039.9999999557613,-515555.75247125,301.02173391785306,1.0250036611763924,103
740000,3059.9999999552883,-515115.0001517013,301.71192796288364,1.0216367937779594,103
745000,3079.9999999548154,-515755.59593114746,301.3580431724368,1.0272769089942866,103
750000,3099.9999999543425,-515777.9368547534,301.3518113849462,1.0317733851786957,103
755000,3119.9999999538695,-515557.1017678003,306.107070303915,1.0256181291605326,103
760000,3139.9999999533966,-515111.38756151707,303.3685052582761,1.0253876773064012,103
765000,3159.9999999529236,-515606.0466180765,299.1943158900352,1.0235545747615478,103
770000,3179.9999999524507,-515487.2953511772,302.0378013215917,1.0274555672663876,103
775000,3199.9999999519778,-514550.08576419204,298.9073179568668,1.0259817995228786,103
780000,3219.999999951505,-514724.5400675612,300.3895358101667,1.0240407550411545,103
785000,3239.999999951032,-514993.1218434351,300.2139123385724,1.0287292046975196,103
790000,3259.999999950559,-515724.42293539806,299.82351184068654,1.029473104399541,103
795000,3279.999999950086,-514608.1594231371,300.9926005692589,1.0233123649706954,103
800000,3299.999999949613,-515529.79613890103,300.4588410917187,1.0304661109231463,103
805000,3319.99999994914,-515724.6928517362,298.67355525027153,1.0288891940582345,103
810000,3339.999999948667,-516174.44276359025,302.00831668235963,1.0259685403149845,103
815000,3359.9999999481943,-514583.1619341846,301.745709989575,1.0264530985050166,103
820000,3379.9999999477213,-515781.8000606233,298.7258123769055,1.0273543282645763,103
825000,3399.9999999472484,-516773.2214102722,299.3950194492365,1.029870322176787,103
830000,3419.9999999467755,-514360.6507296141,301.33206723968163,1.0253472299220459,103
835000,3439.9999999463025,-514892.37726197066,301.73371584415895,1.026965848737991,103
840000,3459.9999999458296,-514504.84790519765,304.0930603591576,1.022328614154449,103
845000,3479.9999999453566,-515887.57434007176,300.3278848914759,1.0221503798827627,103
850000,3499.9999999448837,-515172.06290294765,300.9561637109165,1.0243659408889954,103
855000,3519.999999944411,-515701.1992843617,298.43567075419827,1.0258467149742434,103
860000,3539.999999943938,-516294.89864222496,301.9899170306371,1.0234514042240639,103
865000,3559.999999943465,-515229.4986603933,302.7656979506136,1.0233531891583516,103
870000,3579.999999942992,-513617.3823068703,301.61963277682537,1.0220834736332403,103
875000,3599.999999942519,-513638.7195259228,306.93532320614526,1.023848428600119,103
880000,3619.999999942046,-514768.3028416566,299.38358049611554,1.0254356299888125,103
885000,3639.999999941573,-514818.19523011544,302.95510003127447,1.0269292580366771,103
890000,3659.9999999411,-513964.9671715603,301.45281798007636,1.025557339571241,103
895000,3679.9999999406273,-515428.09731290396,304.0038028635236,1.0249795914102378,103
900000,3699.9999999401543,-515113.50101853977,301.4847048641423,1.0241179377011889,103
905000,3719.9999999396814,-516056.7775449592,299.4001652747174,1.0269385788399419,103
910000,3739.9999999392085,-515648.78527769656,298.1867754111829,1.0244293040346917,103
915000,3759.9999999387355,-513330.5093653896,299.7247021887944,1.0254887775707429,103
920000,3779.9999999382626,-513619.54202349274,298.5011299571158,1.0270512229440303,103
925000,3799.9999999377897,-515934.5903450779,301.89031192124645,1.0274047311713772,103
930000,3819.9999999373167,-515270.055104787,300.96769492983765,1.021274129612784,103
935000,3839.999999936844,-515425.96162900515,299.03257694434086,1.029363711616027,103
940000,3859.999999936371,-515037.3111346732,301.31193026831414,1.0282599945004625,103
945000,3879.999999935898,-515663.8232113465,303.6776395779453,1.0243149953858803,103
950000,3899.999999935425,-514336.131708971,300.556108343901,1.024161183462065,103
955000,3919.999999934952,-516052.4949635328,298.67023830857016,1.0304400611743159,103
960000,3939.999999934479,-514654.85256860685,299.92212478991166,1.0281040754492057,103
965000,3959.999999934006,-514732.0279016816,302.94182258789505,1.0274963736471923,103
970000,3979.999999933533,-515304.46961898496,299.9257400836075,1.0279193191409302,103
975000,3999.9999999330603,-514519.75522266584,298.8509974167244,1.0262733438126779,103
980000,4019.9999999325873,-515227.66667147726,301.9198709029555,1.0278862802800355,103
985000,4039.9999999321144,-514033.2385585713,300.5030355043842,1.024737569714221,103
990000,4059.9999999316415,-515394.2575369589,303.5173833905398,1.0259217135826808,103
995000,4079.9999999311685,-514006.8913008955,303.56711496221135,1.0232367963519242,103
1000000,4099.999999930696,-513728.86396053457,304.5903456117621,1.0282023312782984,103
1005000,4119.999999930223,-514426.88845328474,299.8667640583014,1.0268566308894775,103
1010000,4139.99999992975,-516050.9495079771,302.4744468775493,1.0291010714527282,103
1015000,4159.999999929277,-514664.99711800856,300.5195810532101,1.0230049198241526,103
1020000,4179.999999928804,-516676.0863180561,300.5956111165638,1.0296148358746353,103
1025000,4199.999999928331,-516109.45403747424,298.83865698465996,1.0277048975436918,103
1030000,4219.999999927858,-515052.2633940629,301.7881330915275,1.0218201375396334,103
1035000,4239.999999927385,-514451.2955334473,299.34532614818704,1.0267611603218274,103
1040000,4259.999999926912,-514845.93733725906,300.96631006771446,1.0282046037745636,103
1045000,4279.999999926439,-514667.83172518644,301.3415087239622,1.0235815210656873,103
1050000,4299.999999925966,-514511.96721818787,300.4935189492229,1.0259048606720513,103
1055000,4319.999999925493,-514944.3142449639,300.9741679478623,1.0229212571037711,103
1060000,4339.99999992502,-514347.1249538816,300.19147791918476,1.020524031582696,103
1065000,4359.999999924547,-514582.50027324166,299.2245342529129,1.0266372522681275,103
1070000,4379.9999999240745,-514546.8292119284,299.843384214264,1.0257465653468887,103
1075000,4399.9999999236015,-514695.19551164797,301.5556620611869,1.0234070692665604,103
1080000,4419.999999923129,-514876.7366359029,299.7731318301367,1.0242919502002525,103
1085000,4439.999999922656,-515227.7524206678,302.38165374044013,1.0285271310300088,103
1090000,4459.999999922183,-515660.7726424574,303.8717499375884,1.0277067087555438,103
1095000,4479.99999992171,-514725.11189086013,300.30430653449366,1.0260022770928443,103
1100000,4499.999999921237,-513761.7249890389,300.70932842523337,1.0288462487666392,103
1105000,4519.999999920764,-515728.3695608671,301.97826216448976,1.030739352200504,103
1110000,4539.999999920291,-514946.81499439664,302.41800422537045,1.0277868585058503,103
1115000,4559.999999919818,-513306.68475054414,300.72338807739004,1.0228876275156857,103
1120000,4579.999999919345,-514630.40352664585,300.71964371067793,1.029762951335373,103
1125000,4599.999999918872,-514793.3024740496,300.4495088817739,1.021792805707409,103
1130000,4619.999999918399,-514600.61569785746,299.9398064371171,1.028889989512777,103
1135000,4639.999999917926,-514719.29497282975,300.8137191473223,1.025383708422685,103
1140000,4659.999999917453,-516192.41173794237,299.8497146897871,1.0292395891323507,103
1145000,4679.99999991698,-515605.74661967345,300.62778510635275,1.0286648917995467,103
1150000,4699.9999999165075,-515281.53645059327,304.2720576582722,1.0279893121029655,103
1155000,4719.9999999160345,-513969.2393892107,300.87025794721376,1.0262976578912926,103
1160000,4739.999999915562,-515425.1442924987,301.1204589068733,1.0230206559391049,103
1165000,4759.999999915089,-516281.47026731935,299.6169578329127,1.029095271546207,103
1170000,4779.999999914616,-515248.73722387315,302.52884355373936,1.0256564445501226,103
1175000,4799.999999914143,-514989.4598122849,299.5537893318651,1.023455708368816,103
1180000,4819.99999991367,-514688.29099369654,300.49566410396596,1.0263157947585337,103
1185000,4839.999999913197,-515204.3959353552,299.9699151715334,1.0282400463770192,103
1190000,4859.999999912724,-513403.03274666844,299.0613310642201,1.0236452658757407,103
1195000,4879.999999912251,-516240.9070288602,297.70201802387237,1.0282461532204674,103
1200000,4899.999999911778,-515655.9383170209,300.0453651035277,1.0307716996450431,103
1205000,4919.999999911305,-514779.72104672017,299.0998962707895,1.0289558364167721,103
1210000,4939.999999910832,-515165.18462928105,300.008353812774,1.0243628961002254,103
1215000,4959.999999910359,-515562.5616881198,302.4048482853902,1.0260558437154634,103
1220000,4979.999999909886,-513547.5253801546,301.65616808409146,1.024994115253037,103
1225000,4999.999999909413,-514989.4683579453,300.5125184829392,1.0275584410847802,103
1230000,5019.9999999089405,-514606.78770374064,301.64275769399353,1.027421272670431,103
1235000,5039.9999999084675,-516791.1170550259,301.84018402389233,1.032162558274524,103
1240000,5059.999999907995,-514947.4609073105,303.38373428198014,1.027234263980372,103
1245000,5079.999999907522,-514367.0968650738,297.78448064698586,1.0251295308844806,103
1250000,5099.999999907049,-514797.3654952601,301.858288439797,1.0263536875585424,103
1255000,5119.999999906576,-515725.82220641384,301.97432247933745,1.023704708317397,103
1260000,5139.999999906103,-515196.0630729643,298.58413470084827,1.028689694432523,103
1265000,5159.99999990563,-515621.72162163234,300.2608788091837,1.025777441233944,103
1270000,5179.999999905157,-514723.61183415586,301.9868485878436,1.0288931807401698,103
1275000,5199.999999904684,-515694.9055742244,299.5571004192534,1.0285014002269022,103
1280000,5219.999999904211,-515481.4125083925,300.23836701009833,1.0280859798992938,103
1285000,5239.999999903738,-515520.6354576177,299.186943815986,1.0288933592887934,103
1290000,5259.999999903265,-515562.3838792739,304.4312148156807,1.022880666349607,103
1295000,5279.999999902792,-516007.04708154383,303.7675877208855,1.0241091309177048,103
1300000,5299.999999902319,-514938.6869596604,301.34708431650523,1.0277885833897784,103
1305000,5319.999999901846,-513809.7170474513,304.26573597500055,1.023674980526271,103
1310000,5339.9999999013735,-516023.838891482,301.1655861277414,1.0285596788972893,103
1315000,5359.999999900901,-514359.5972822842,299.2516912281548,1.0261393874104865,103
1320000,5379.999999900428,-515508.6785185649,300.5551578913058,1.0297566074219044,103
1325000,5399.999999899955,-514687.8994244926,302.2640734780361,1.0264966499426003,103
1330000,5419.999999899482,-514085.1911266388,300.4256136083954,1.027788410965086,103
1335000,5439.999999899009,-514796.2875134675,302.098361408309,1.0270662905262773,103
1340000,5459.999999898536,-514991.7299976479,301.92680733695147,1.0260104686712188,103
1345000,5479.999999898063,-515378.6795574145,301.2575017240026,1.0268709491510546,103
1350000,5499.99999989759,-514777.6458239474,299.22983234906275,1.0244278688412447,103
1355000,5519.999999897117,-513978.05302833836,300.9514763586027,1.025434054739086,103
1360000,5539.999999896644,-514732.17818325595,302.8281889060948,1.0242206064530726,103
1365000,5559.999999896171,-515150.0459692015,300.4109518277849,1.0308642245959319,103
1370000,5579.999999895698,-516254.6539172088,301.9473322029724,1.0278162582122834,103
1375000,5599.999999895225,-515262.14710309147,300.8365451561382,1.0254354075992327,103
1380000,5619.999999894752,-515646.5084523491,302.6168684500011,1.0277576509640287,103
1385000,5639.999999894279,-514593.4110996777,301.5305336541109,1.0260381373853578,103
1390000,5659.9999998938065,-516684.9635017116,299.1733812081052,1.028952615701822,103
1395000,5679.999999893334,-515563.99592131376,299.13418683729356,1.0291179695260013,103
1400000,5699.999999892861,-514535.89019950177,301.45362917101534,1.020194685648121,103
1405000,5719.999999892388,-513742.71161933406,301.9951757767726,1.0197617845435514,103
1410000,5739.999999891915,-515490.9599040181,300.9582772160115,1.0227275886025988,103
1415000,5759.999999891442,-514494.66511919023,299.73986065993887,1.023290207213423,103
1420000,5779.999999890969,-515217.380151995,300.43992500855325,1.0279205988960318,103
1425000,5799.999999890496,-514593.74416812486,297.86233009754676,1.024152061516568,103
1430000,5819.999999890023,-516137.07395329745,300.5836687299085,1.028328245244286,103
1435000,5839.99999988955,-514619.0111135931,304.9920736294154,1.0273618558612718,103
1440000,5859.999999889077,-514250.0654084,303.3393840641277,1.0250822330911202,103
1445000,5879.999999888604,-516471.34142602235,302.345265522537,1.029357530116631,103
1450000,5899.999999888131,-514181.55501993187,301.0827375720432,1.022757864279194,103
1455000,5919.999999887658,-513663.6313656389,300.819729213366,1.0211145031089712,103
1460000,5939.999999887185,-514228.378977366,300.6076492443349,1.0282359291587757,103
1465000,5959.999999886712,-515094.7897233842,302.26293154422746,1.0291348538570981,103
1470000,5979.9999998862395,-515394.9227856435,303.58653384963725,1.0264693508942981,103
1475000,5999.999999885767,-514804.4754152389,299.43384947493934,1.0253610960112736,103
1480000,6019.999999885294,-516061.21970494534,300.9037832861868,1.0249155729163186,103
1485000,6039.999999884821,-516486.7035638497,300.83299678022655,1.0279801910120274,103
1490000,6059.999999884348,-514132.64928620774,301.0526048423893,1.0248281157385462,103
1495000,6079.999999883875,-515776.1010216933,301.77857807529193,1.026260739926034,103
1500000,6099.999999883402,-514802.07424578606,302.36881432035335,1.0278905135347725,103
1505000,6119.999999882929,-515091.30589040625,301.1359249267072,1.025123913472958,103
1510000,6139.999999882456,-514731.623110753,298.0682553676129,1.0201939913565272,103
1515000,6159.999999881983,-515842.1072631534,301.11986007919205,1.0245913256898072,103
1520000,6179.99999988151,-514949.3069404897,300.4097776264913,1.0261301498419135,103
1525000,6199.999999881037,-514821.1237943515,299.23665813936276,1.0237858628793004,103
1530000,6219.999999880564,-516308.6246719407,303.0053388072511,1.0282087443459456,103
1535000,6239.999999880091,-514083.0476077758,298.7937815792494,1.0254647089402456,103
1540000,6259.999999879618,-515095.62112265103,302.6838664286444,1.0242141105431348,103
1545000,6279.999999879145,-513660.6049390293,303.34772305258264,1.0231960835304514,103
1550000,6299.9999998786725,-515020.66995998286,300.6032072478264,1.027925982476162,103
1555000,6319.9999998782,-514159.83454927383,299.20942865202016,1.022443038366303,103
1560000,6339.999999877727,-515016.689444707,300.2104026926764,1.0254435586067536,103
1565000,6359.999999877254,-514940.9002391461,301.5610094705874,1.0284207011342625,103
1565000,6359.999999877254,-515776.7595118887,300.8985092577044,1.0290852415482528,--
1570000,6379.999999876781,-513470.3907234471,298.80253073783496,1.0225031972775773,106
1575000,6399.999999876308,-514199.0548551704,302.03023036168827,1.0283320106198526,106
1580000,6419.999999875835,-515055.8981075634,303.10184283370825,1.025951849545332,106
1585000,6439.999999875362,-514933.5466536642,298.7088700752122,1.0259519483828758,105
1590000,6459.999999874889,-514798.15664357156,301.3937088567216,1.0231071992165555,105
1595000,6479.999999874416,-515312.84469873016,301.26968546817193,1.0232853797512265,105
1600000,6499.999999873943,-515274.85866223136,299.9833968522044,1.0256197577519481,105
1605000,6519.99999987347,-513867.5053081692,299.24983879924747,1.0250634826257448,105
1610000,6539.999999872997,-514235.7124194754,300.5368454458474,1.0263533512273812,105
1615000,6559.999999872524,-515285.4824743243,302.70814978378377,1.0275578827993193,104
1620000,6579.999999872051,-513279.0536915716,300.6962683871636,1.0235431454533541,104
1625000,6599.999999871578,-515353.6991750025,302.33168365030855,1.0234305163103699,104
1630000,6619.9999998711055,-516054.78439308377,302.45070297592855,1.0290212781490995,104
1635000,6639.999999870633,-516277.44854293275,299.3493090621067,1.02775798917986,104
1640000,6659.99999987016,-515205.1251029016,301.38850766209964,1.0263930012316178,104
1645000,6679.999999869687,-515098.2553546524,301.50720549373165,1.0288530010252626,104
1650000,6699.999999869214,-513975.1800643003,301.078920829543,1.0250357563469117,104
1655000,6719.999999868741,-513749.52171658166,302.2441933214834,1.0245973304709368,104
1660000,6739.999999868268,-513331.55229362985,298.9360493965572,1.0193833264656635,104
1665000,6759.999999867795,-514969.4836350102,300.0768849986933,1.0265211841651705,104
1670000,6779.999999867322,-515331.8046558893,300.6665559418451,1.0255366945094697,104
1675000,6799.999999866849,-514450.3255684904,298.7608260672346,1.0257832981443027,104
1680000,6819.999999866376,-515187.10075497674,298.6064093165178,1.023796529821594,104
1685000,6839.999999865903,-515971.4940525256,302.8498182263288,1.0234223761874102,104
1690000,6859.99999986543,-515604.15703427535,301.5110342620516,1.0246369416479353,104
1695000,6879.999999864957,-515554.73433851684,299.68870825074856,1.0258394066450256,104
1700000,6899.999999864484,-514858.4306132046,302.26309520065774,1.0200583057756263,104
1705000,6919.999999864011,-515799.37935986416,301.1863362462151,1.0260475578389796,104
1710000,6939.9999998635385,-514210.0416480524,299.77073541279293,1.024079162439145,104
1715000,6959.999999863066,-514977.81660378026,300.97890564665056,1.0255995143613916,104
1720000,6979.999999862593,-514568.59283026354,299.4275763369611,1.026519841911953,104
1725000,6999.99999986212,-514714.05802884465,302.0185309920324,1.0268978809497542,104
1730000,7019.999999861647,-514847.44218247244,301.16559059464066,1.0235375786396144,104
1735000,7039.999999861174,-513422.7973574572,301.84201146033945,1.0210930443473067,104
1740000,7059.999999860701,-515042.8618350704,301.2108458500315,1.0288238762577433,104
1745000,7079.999999860228,-514139.5718785713,302.3361363349004,1.0196827381612017,104
1750000,7099.999999859755,-514185.643223783,301.2031161442868,1.028063329827712,104
1755000,7119.999999859282,-513965.3057093399,301.6598661564226,1.0230027602757115,104
1760000,7139.999999858809,-514814.119443282,300.26521865516,1.024208605991067,104
1765000,7159.999999858336,-515894.9034324158,298.3875687509068,1.025127219205231,104
1770000,7179.999999857863,-514926.370829192,297.63084624860915,1.0259631531354587,104
1775000,7199.99999985739,-516325.41059598024,299.8242208268846,1.0327897969774034,104
1780000,7219.999999856917,-515090.8921052818,300.8651557657461,1.0263202613503504,104
1785000,7239.999999856444,-515867.0581045733,299.536518518039,1.0219413022958077,104
1790000,7259.9999998559715,-513694.2250497693,302.04616475857705,1.0238823581711018,104
1795000,7279.999999855499,-515302.6903348258,301.39498227652547,1.025343074023264,104
1800000,7299.999999855026,-516310.8334124347,299.47888175028015,1.026368175153757,104
1805000,7319.999999854553,-515274.8167834971,300.22308631052766,1.0265034190586149,104
1810000,7339.99999985408,-514549.4460426173,301.52358752073354,1.0247387166602488,104
1815000,7359.999999853607,-516497.65750029054,302.5650960166732,1.0279418710252055,104
1820000,7379.999999853134,-515539.659806167,300.86721521513914,1.0273604586602456,104
1825000,7399.999999852661,-514122.2113134996,299.2537673585663,1.0257340218153104,104
1830000,7419.999999852188,-513899.9507292439,302.34180953989556,1.0251242092486301,104
1835000,7439.999999851715,-514885.7725908053,298.72983182742973,1.0253423008899833,104
1840000,7459.999999851242,-515265.1430906998,302.0966952874319,1.0285459399335333,104
1845000,7479.999999850769,-515499.968446597,300.71287541360994,1.0240434521561024,104
1850000,7499.999999850296,-515441.37383443536,301.62871898940955,1.0270281291272534,104
1855000,7519.999999849823,-515332.01488043927,299.48782730822415,1.027438876027573,104
1860000,7539.99999984935,-515588.3698826211,301.22540327866614,1.026217818348738,104
1865000,7559.999999848877,-515150.2457599258,300.6229324140722,1.0261880227294915,104
1870000,7579.9999998484045,-515503.7689505452,299.06535827941934,1.0248166313600673,104
1875000,7599.999999847932,-515449.4033192501,300.71115193850056,1.0316485387917687,104
1880000,7619.999999847459,-514166.1673399082,300.3332448224001,1.0227067069120666,104
1885000,7639.999999846986,-514433.49078659853,300.9904045140254,1.0246319870921379,104
1890000,7659.999999846513,-513885.1561539003,300.8778785057768,1.0223111289892128,104
1895000,7679.99999984604,-515628.21149605047,300.3771052796989,1.0264212633886125,104
1900000,7699.999999845567,-514472.71372103505,303.36670765636865,1.026322385732778,104
1905000,7719.999999845094,-516306.06186281005,299.02819246110045,1.027751481702561,104
1910000,7739.999999844621,-515889.83916016365,303.1558814612546,1.0266467060666498,104
1915000,7759.999999844148,-515040.5084070286,300.8364516410836,1.028451862625029,103
1920000,7779.999999843675,-513428.9221611987,299.78638079278494,1.020795780409022,103
1925000,7799.999999843202,-515370.2656703843,300.9675384602332,1.0240440874364367,103
1930000,7819.999999842729,-515119.5218519503,301.94667414642663,1.0268543203155933,103
1935000,7839.999999842256,-515217.9721753984,299.57041149166804,1.0277680079514828,103
1940000,7859.999999841783,-515328.0989774945,302.720050456548,1.0282539072936105,103
1945000,7879.9999998413105,-515045.3668826609,303.5947545982426,1.0246941377932939,103
1950000,7899.9999998408375,-514743.07570622326,301.0806490474213,1.0304185704986157,103
1955000,7919.999999840365,-514810.3865911281,303.03085922964067,1.0248876688680908,103
1960000,7939.999999839892,-517126.53530682344,296.9569198404583,1.0304832584672041,103
1965000,7959.999999839419,-515945.96250544186,301.2165103216743,1.0279919314596335,103
1970000,7979.999999838946,-515171.37273801235,298.4222160161411,1.026641203562814,103
1975000,7999.999999838473,-515651.0105206978,302.90006482331626,1.027589826772992,103
1980000,8019.999999838,-515054.41642724024,299.3180893559815,1.022257683043751,103
1985000,8039.999999837527,-513835.4416581581,303.1061214577665,1.0229894593599276,103
1990000,8059.999999837054,-515555.5184603573,301.06467562309757,1.0317807376901256,103
1995000,8079.999999836581,-514421.3876976776,300.24591331326087,1.0267699698422845,103
2000000,8099.999999836108,-515446.56872314215,298.1283720224495,1.0254925941727238,103
2005000,8119.999999835635,-514560.992133979,301.8274998391819,1.02673981806342,103
2010000,8139.999999835162,-515672.585178175,304.1020722740832,1.026994330982551,103
2015000,8159.999999834689,-515687.90068537835,298.91011339265634,1.0277821609212716,103
2020000,8179.999999834216,-515074.3474907465,298.9941459511216,1.0233684673326597,103
2025000,8199.999999835562,-515969.5360255509,299.97102485901274,1.0318496984521048,103
2030000,8219.999999839636,-515156.8635842153,301.19958221938896,1.0263824014180911,103
2035000,8239.99999984371,-514138.0370649118,302.0144671923094,1.027738248495292,103
2040000,8259.999999847785,-514801.2407338701,299.251990916268,1.022746505779312,103
2045000,8279.99999985186,-515892.5223709496,300.0792977070246,1.0285800138067136,103
2050000,8299.999999855934,-515571.03864726494,302.68640301613044,1.0280834053131793,103
2055000,8319.999999860009,-514188.51550244284,301.2110139788083,1.0275789116939908,103
2060000,8339.999999864083,-512895.5289416835,301.5565273820353,1.0260704284470146,103
2065000,8359.999999868158,-515077.1581557172,299.41606479607,1.0246653301245208,103
2070000,8379.999999872232,-515774.9445771696,303.40217982601627,1.0267364377582993,103
2075000,8399.999999876307,-514561.61389894946,301.9503781161045,1.0249318249200692,103
2080000,8419.999999880381,-514761.77632403676,299.4013940018908,1.0220736708561144,103
2085000,8439.999999884456,-514450.4427950224,301.21278275068846,1.029046479352092,103
2090000,8459.99999988853,-514904.5699113251,299.0609714046626,1.0248968485189938,103
2095000,8479.999999892605,-516889.46136712516,302.3080924318669,1.0287366962011202,103
2100000,8499.99999989668,-514640.45600253623,304.63833769065906,1.020448695272984,103
2105000,8519.999999900754,-514979.98700955324,299.1280687149095,1.025666989032552,103
2110000,8539.999999904829,-515311.4270849461,300.0941593530482,1.0264193905546637,103
2115000,8559.999999908903,-514546.22502190503,303.39526451654416,1.0260319486841696,103
2120000,8579.999999912978,-515075.19532675203,302.5885798979956,1.0247449442135887,103
2125000,8599.999999917052,-515716.05812556273,298.71387434116326,1.0286135764017565,103
2130000,8619.999999921127,-513902.4645691172,301.5973865938286,1.0214406125445987,103
2135000,8639.999999925201,-514799.415430991,300.99237871485155,1.0268218234572692,103
2140000,8659.999999929276,-515287.1872266764,301.60278091762973,1.0258149763066071,103
2145000,8679.99999993335,-515007.3520881536,300.7441240431051,1.0229368694646472,103
2150000,8699.999999937425,-514632.6501271073,301.46795613338116,1.0293698594921064,103
2155000,8719.9999999415,-515135.65889168717,301.546030901877,1.0262285723670135,103
2160000,8739.999999945574,-515375.35859009414,299.98573135738246,1.0281310688718068,103
2165000,8759.999999949649,-515870.21533194464,299.3946574331263,1.0257914220521631,103
2170000,8779.999999953723,-515217.26579673914,301.3165720421637,1.026564312195342,103
2175000,8799.999999957798,-515821.6535074201,302.2722412909102,1.0268617250510108,103
2180000,8819.999999961872,-514851.0200270363,297.60690790660624,1.0247945851803353,103
2185000,8839.999999965947,-515019.17916455516,300.347223906789,1.024797575487247,103
2190000,8859.999999970021,-514717.42720861686,297.85411487020144,1.02878154405424,103
2195000,8879.999999974096,-516636.3227426023,300.2237989576271,1.0267585792689815,103
2200000,8899.99999997817,-516359.3239446357,302.7567067096062,1.029806781884646,103
2205000,8919.999999982245,-515158.7624102144,298.95069024859146,1.023634195210359,103
2210000,8939.99999998632,-514418.26056471653,300.7474805023879,1.0234824984514936,104
2215000,8959.999999990394,-514688.33270279923,301.6723971059341,1.0252638638980152,104
2220000,8979.999999994468,-515188.95257009636,300.2104095336618,1.0301632775736191,104
2225000,8999.999999998543,-515316.0331221535,301.1425519504691,1.0273105103826128,104
2230000,9020.000000002618,-514674.65614120173,298.0052113903649,1.025206622652983,104
2235000,9040.000000006692,-515018.9312279427,301.2129196957618,1.023614284999529,104
2240000,9060.000000010767,-515552.4408405572,303.743047761303,1.0252040051537497,104
2245000,9080.000000014841,-515226.0608062467,300.97723659117105,1.02568945771764,104
2250000,9100.000000018916,-514769.3694608789,301.7326069862419,1.0237028841488296,104
2255000,9120.00000002299,-515108.09078190196,302.0058213201391,1.0294341345958642,104
2260000,9140.000000027065,-515714.66392803355,297.6690041610162,1.026103835422249,104
2265000,9160.00000003114,-515020.8394092843,303.0928586657951,1.0258972365686756,104
2270000,9180.000000035214,-516069.16087202076,302.02118067258834,1.0253707548346132,104
2275000,9200.000000039288,-514410.2592130003,304.5261751868389,1.0225606967557344,104
2280000,9220.000000043363,-514873.1181930157,301.0273779900366,1.0261434010055108,104
2285000,9240.000000047437,-515454.557470866,300.0326036549116,1.0307154431406538,104
2290000,9260.000000051512,-515550.1527970631,299.5461785707246,1.0248547756225155,104
2295000,9280.000000055586,-514696.33080833266,297.6805828308732,1.0267621316725444,104
2300000,9300.000000059661,-515878.03800983727,301.019594769909,1.025989760137563,104
2305000,9320.000000063736,-515236.43889905605,300.39203829829466,1.0286123762108579,104
2310000,9340.00000006781,-515525.3544946313,302.6769123233694,1.0283948492038248,104
2315000,9360.000000071885,-515136.5548002422,300.6852110397622,1.0247165419406532,104
2320000,9380.00000007596,-514218.360844027,301.4246567878463,1.0233973495704365,104
2325000,9400.000000080034,-514550.59187613893,303.0460777324741,1.0225350216137756,104
2330000,9420.000000084108,-515243.3388936303,302.19449961924624,1.0287354614999988,104
2335000,9440.000000088183,-514317.52690245374,302.0955990381896,1.0237826642511143,104
2340000,9460.000000092257,-516744.0822984569,301.10177122290594,1.0280600631627421,104
2345000,9480.000000096332,-515830.31691350834,300.56736023881064,1.0262699299373026,104
2350000,9500.000000100406,-514670.5093301076,301.82302255589974,1.0232312847400507,104
2355000,9520.000000104481,-515124.1570769306,303.83304874162263,1.0281314187706723,104
2360000,9540.000000108555,-515679.1821069177,301.40620828451534,1.0287196825653324,104
2365000,9560.00000011263,-515737.37106556166,300.4826808225822,1.027730717141591,104
2370000,9580.000000116705,-515223.5404503278,298.6964325812006,1.0267922892412331,104
2375000,9600.000000120779,-513933.76008645864,303.1607555013912,1.0202375005789894,104
2380000,9620.000000124854,-514406.5980771568,300.8006328758157,1.0238911092973528,104
2385000,9640.000000128928,-515618.77741992497,299.6859296793632,1.023106173392279,104
2390000,9660.000000133003,-515633.73187259515,303.56139570598015,1.0252748102762361,104
2395000,9680.000000137077,-514486.8668531298,303.37759370964955,1.027220003067224,104
2400000,9700.000000141152,-515300.3799908878,299.29259646870133,1.024300651245045,104
2405000,9720.000000145226,-514746.2961115455,303.5333131133616,1.0258300564879759,104
2410000,9740.0000001493,-515755.0687159854,303.1288271887359,1.0275886983141564,104
2415000,9760.000000153375,-514994.53381643887,302.0204102193546,1.0248439106350693,104
2420000,9780.00000015745,-514945.41589620104,302.6496366822125,1.0236986517993996,104
2425000,9800.000000161524,-516034.4968976001,299.8591630185087,1.022974634418068,104
2430000,9820.000000165599,-515071.85320346756,304.82346554013213,1.0338044856545092,104
2435000,9840.000000169674,-516389.3997814702,299.42759329175556,1.031685734148601,104
2440000,9860.000000173748,-515594.49246878736,301.1136046370103,1.0265827246990669,104
2445000,9880.000000177823,-515029.6045681739,300.7407910222385,1.0297871458367003,104
2450000,9900.000000181897,-515157.4205257904,300.1766044016367,1.0240488694592687,104
2455000,9920.000000185972,-514355.87880807626,302.98061544563944,1.0243503130572744,104
2460000,9940.000000190046,-515070.27198940027,300.6611041708144,1.0286025964361714,104
2465000,9960.00000019412,-513908.91058673966,299.65169446446777,1.025480645112591,104
2470000,9980.000000198195,-514804.8448049617,302.50601875060175,1.0251133664835115,104
2475000,10000.00000020227,-515826.2946010339,299.2716225247904,1.028767303861443,104
2480000,10020.000000206344,-515279.6885676533,301.2396337149583,1.0246182218289344,104
2485000,10040.000000210419,-515067.2996702399,299.7966329917939,1.02241518934168,104
2490000,10060.000000214493,-515100.43391963467,305.7368152875372,1.024710878250692,104
2495000,10080.000000218568,-515313.2742795178,302.9039172170058,1.0270253138491545,104
2500000,10100.000000222642,-514468.047636366,299.3418307401724,1.0264138422858082,104
2505000,10120.000000226717,-514663.25318487873,300.27634383827564,1.026949332398673,104
2510000,10140.000000230792,-514945.90546796797,301.8339266359097,1.0250601479323782,104
2515000,10160.000000234866,-513708.1328230824,299.6490628616133,1.0249687250165278,104
2520000,10180.00000023894,-515321.6677259377,299.4705380497167,1.0265814152538248,104
2525000,10200.000000243015,-515421.7327846864,301.798936453762,1.0287405053847725,104
2530000,10220.00000024709,-516136.61701580253,301.96436329349143,1.0263980221625717,104
2535000,10240.000000251164,-514219.86717189965,301.92321011286555,1.0294791147999776,104
2540000,10260.000000255239,-514607.56653223326,299.3505714115349,1.0278662626726947,104
2545000,10280.000000259313,-515047.27915272233,298.4836936168199,1.025288000061225,104
2550000,10300.000000263388,-515951.3393114093,301.06858546628695,1.0256043938915516,104
2555000,10320.000000267462,-514736.9762417353,300.58544511423435,1.0271210532598072,104
2560000,10340.000000271537,-516348.9755871699,301.7259607927642,1.0291549798703443,104
2565000,10360.000000275611,-515402.0035229863,304.3962923779707,1.0274443850851587,104
2570000,10380.000000279686,-515558.25453545246,300.25167598730974,1.0295700859537935,104
2575000,10400.00000028376,-516225.27627812186,301.3504237682772,1.0293922350910105,104
2580000,10420.000000287835,-515553.51544780703,296.87650907612084,1.0272260339116792,104
2585000,10440.00000029191,-515088.24368266715,302.01829495662366,1.0276946538314737,104
2590000,10460.000000295984,-514584.69497659104,303.0744310245114,1.0301956970982125,104
2595000,10480.000000300059,-515051.2977618389,299.8190478759618,1.0289655017310413,104
2600000,10500.000000304133,-515056.17691759276,300.1195647104849,1.0281641208870693,104
2605000,10520.000000308208,-514675.1374803737,298.93828803272265,1.0271839021207614,104
2610000,10540.000000312282,-515765.3359131727,303.00824640302733,1.0262867100311295,104
2615000,10560.000000316357,-515256.9112053532,300.696815177783,1.0254216447603177,104
2620000,10580.000000320431,-514432.1115794722,301.98528496607855,1.0289903936895783,104
2625000,10600.000000324506,-514805.66902720765,301.1986920768372,1.0223455908682433,104
2630000,10620.00000032858,-514508.44369532494,303.745300093148,1.0301362662861664,104
2635000,10640.000000332655,-515070.3064424554,302.05170658381746,1.0254378514143898,104
2640000,10660.00000033673,-514672.6961738665,300.9848554797648,1.0210435556188937,104
2645000,10680.000000340804,-515037.9123996254,299.4642716130465,1.0214269254411372,104
2650000,10700.000000344879,-515059.21322519565,302.0762064530944,1.0260154293694808,104
2655000,10720.000000348953,-514450.7366579878,298.9296431584262,1.024786486542283,104
2660000,10740.000000353028,-515831.4469562876,299.3131860527803,1.0303258099676271,104
2665000,10760.000000357102,-514739.4827511823,301.40475519644804,1.0265140308156964,104
2670000,10780.000000361177,-514232.18100385997,297.6291395712891,1.026030152226066,104
2675000,10800.000000365251,-515125.8012839707,298.7101327256717,1.0273951051486256,104
2680000,10820.000000369326,-515435.44287238526,298.7827717454429,1.0243458064600872,104
2685000,10840.0000003734,-515324.0987088317,298.40409971484564,1.0288623084354722,104
2690000,10860.000000377475,-515233.27373104775,302.27937024011084,1.0245558346930126,104
2695000,10880.00000038155,-517076.0487636172,301.9708612696523,1.0267976893015542,104
2700000,10900.000000385624,-514630.5269608253,300.0413543044372,1.022506431828032,104
2705000,10920.000000389698,-514232.7022190285,300.9809035615581,1.0235934167970386,104
2710000,10940.000000393773,-514654.343613866,301.2335772900434,1.025599701369965,104
2715000,10960.000000397848,-515879.51309229364,300.0692615747643,1.0295298209756303,105
2720000,10980.000000401922,-515155.17792219436,304.6853371670101,1.0252766776132303,105
2725000,11000.000000405997,-514958.12993723946,298.80039594483884,1.0316697492045763,105
2730000,11020.000000410071,-514423.574507446,301.3215566644341,1.0225452196743285,105
2735000,11040.000000414146,-516141.62263507396,301.8155102576919,1.0299902120865596,105
2740000,11060.00000041822,-517002.37595535885,301.78640445458564,1.0299335861933285,105
2745000,11080.000000422295,-517120.24181850837,300.80848633436744,1.0258897491751753,105
2750000,11100.00000042637,-514809.02458798443,299.09773062388734,1.0281201501183845,105
2755000,11120.000000430444,-514460.5920816902,301.5835829918946,1.022445812599183,105
2760000,11140.000000434518,-514288.8172661837,299.16826037438426,1.0253739486937128,105
2765000,11160.000000438593,-516251.3783251345,299.5226403102363,1.025086989103959,105
2770000,11180.000000442667,-515201.8876788039,300.54870369718145,1.0282579129299363,105
2775000,11200.000000446742,-514737.7699425949,301.7373901343258,1.0264168765372927,105
2780000,11220.000000450817,-513877.3819308644,299.6946051432817,1.0265273711666238,105
2785000,11240.000000454891,-515102.98661731137,299.9880345350617,1.021465135321483,105
2790000,11260.000000458966,-512747.29799467255,303.019571754609,1.0250904302975479,105
2795000,11280.00000046304,-515895.67783053406,301.28066589962293,1.02718868341893,105
2800000,11300.000000467115,-515486.8920242414,299.8312218897653,1.0253909996716857,105
2805000,11320.00000047119,-515534.94144675275,301.38697043990175,1.0263275740503988,105
2810000,11340.000000475264,-514670.32001039875,301.7445827433647,1.0273275136994633,105
2815000,11360.000000479338,-515660.3933104004,300.2209845820082,1.0266137658565546,105
2820000,11380.000000483413,-514583.68712624465,300.6883954012026,1.0246601849462293,105
2825000,11400.000000487487,-514862.9860948289,299.2999876192369,1.0280788675976424,105
2830000,11420.000000491562,-514691.24385999586,301.4046534509884,1.0271147489838768,105
2835000,11440.000000495636,-514826.2307828702,302.9503575992267,1.0283982948341555,105
2840000,11460.000000499711,-513870.3838851508,301.4332439892479,1.0256039545009255,105
2845000,11480.000000503785,-515954.71971859504,300.67000314411956,1.0269980942342365,105
2850000,11500.00000050786,-515227.86843539425,299.3584989842544,1.0261767966550974,105
2855000,11520.000000511935,-516792.5768823251,301.57032206279854,1.0309157932441881,105
2860000,11540.00000051601,-516020.9705143692,301.2782870166185,1.0288320586208581,105
2865000,11560.000000520084,-514605.8014736632,300.1634159021954,1.0292606305020617,105
2870000,11580.000000524158,-514206.07624673867,301.6496624977914,1.023603419897035,105
2875000,11600.000000528233,-515046.93875233433,299.37620724437176,1.0240406119465717,105
2880000,11620.000000532307,-514775.41143046157,300.36941092753386,1.0243755936921677,105
2885000,11640.000000536382,-514978.72037385195,301.92600889884216,1.0284527517226645,105
2890000,11660.000000540456,-515748.66872842656,299.20861550917556,1.029110006761489,105
2895000,11680.00000054453,-514742.35100834863,300.91410705575043,1.027065697702495,105
2900000,11700.000000548605,-515389.99171428685,301.8761210654134,1.029774619189181,105
2905000,11720.00000055268,-514530.82403494883,300.41544523449375,1.0283008730900267,105
2910000,11740.000000556754,-513909.3415724209,302.45024676971826,1.024646174686231,105
2915000,11760.000000560829,-516296.51616216823,300.31104411533084,1.027052593916546,105
2920000,11780.000000564904,-515743.45649090945,299.9938426036137,1.0250186902054037,105
2925000,11800.000000568978,-515221.0497418181,303.95602275418895,1.0275661130438498,105
2930000,11820.000000573053,-514710.9016004617,299.61452723310816,1.0258749530841682,105
2935000,11840.000000577127,-514116.6681944551,302.3609339765365,1.0253467826192593,105
2940000,11860.000000581202,-515638.25771416794,300.23871291789374,1.0315202716339917,105
2945000,11880.000000585276,-514945.9403178515,300.6365350188161,1.0241739551900755,105
2950000,11900.00000058935,-514209.61360890954,301.3538885434702,1.026222727753336,105
2955000,11920.000000593425,-514361.552278531,301.67330053789885,1.0250556980150118,105
2960000,11940.0000005975,-515779.56483173044,300.0054613784512,1.0256524030357899,105
2965000,11960.000000601574,-515875.35593835614,299.085937906997,1.0257305153911536,105
2970000,11980.000000605649,-513832.53960473416,303.6430941496862,1.0225764331523355,105
2975000,12000.000000609723,-515052.6612396878,300.0064057200127,1.0279158448842056,105
2980000,12020.000000613798,-516545.5703817718,299.5361314236137,1.0294601105952517,105
2985000,12040.000000617873,-514748.3175009263,301.6460562666934,1.0318005207265275,105
2990000,12060.000000621947,-514260.21588594094,302.7289169383881,1.024517439727268,105
2995000,12080.000000626022,-515129.2378974417,301.6097312037861,1.0257312977052522,105
3000000,12100.000000630096,-516872.9175428946,301.7140169864858,1.0264659222145507,105
3005000,12120.00000063417,-513805.7448754022,301.9238097550001,1.0253717746384026,105
3010000,12140.000000638245,-515948.35515085934,299.87250474416766,1.0288771921454998,105
3015000,12160.00000064232,-515857.89162615733,301.5842822915009,1.0272100900386862,105
3020000,12180.000000646394,-515492.78082150035,300.0955430854368,1.0222402285924448,105
3025000,12200.000000650469,-515114.728801562,301.2596827458417,1.0253629386417722,105
3030000,12220.000000654543,-513584.9306398786,303.06418587664217,1.0253671718640018,105
3035000,12240.000000658618,-513616.67130969395,302.62642371395935,1.0266486749848074,105
3040000,12260.000000662692,-515862.58542048046,303.75234613206044,1.0265349728818933,105
3045000,12280.000000666767,-515141.7568317582,300.62198249489245,1.0272758476958892,105
3050000,12300.000000670841,-515286.79351069033,302.27833592516276,1.0259949203820753,105
3055000,12320.000000674916,-514034.4998624006,301.9801557200179,1.0277784406623665,105
3060000,12340.00000067899,-515703.36271047615,300.91249352254226,1.0302760299848672,105
3065000,12360.000000683065,-516134.24713870883,298.4915149344077,1.0246856095415522,105
3070000,12380.00000068714,-516142.46009099996,299.89618666761504,1.0251380974963396,105
3075000,12400.000000691214,-515163.68510931963,302.1785533922207,1.0283940405907934,105
3080000,12420.000000695289,-515098.2089349043,300.32876413729207,1.0276693126715652,105
3085000,12440.000000699363,-515968.2152371635,301.35379136060317,1.0236824193707708,105
3090000,12460.000000703438,-514953.89079690375,301.9821992749975,1.0241598534718543,105
3095000,12480.000000707512,-516006.7382215732,302.41368013330424,1.026101101787547,105
3100000,12500.000000711587,-514931.3449608281,302.87058512147587,1.0277266733315527,105
3105000,12520.000000715661,-514871.4854233726,302.4233972505833,1.027015741692401,105
3110000,12540.000000719736,-516683.42882764386,302.3796314019575,1.0297765137190764,105
3115000,12560.00000072381,-515610.5967717406,297.21453349965947,1.027044295078961,105
3120000,12580.000000727885,-513176.3508993422,302.44884916634277,1.0232478923743324,105
3125000,12600.00000073196,-514837.982903505,300.77011262066696,1.0258792970700152,105
3130000,12620.000000736034,-515394.4630959253,299.9459400661009,1.026005898385214,105
3135000,12640.000000740109,-514381.9083618717,302.8003838729425,1.02647378249979,105
3140000,12660.000000744183,-514947.7432591617,302.22934739769215,1.0244456272724247,105
3145000,12680.000000748258,-514809.6996558339,301.7109414390943,1.0271820337150788,105
3150000,12700.000000752332,-514413.2099432475,303.43028715038236,1.0261686750705017,105
3155000,12720.000000756407,-515650.1121640119,301.15005546102054,1.0240758912720067,105
3160000,12740.000000760481,-515573.0070664219,301.05028789449517,1.024943206829412,105
3165000,12760.000000764556,-514961.6411431988,301.3420254340233,1.0247531883669787,105
3170000,12780.00000076863,-514829.68711730745,300.2993689377738,1.0266664616001684,105
3175000,12800.000000772705,-516475.371721918,298.38877271922917,1.0308513337403944,105
3180000,12820.00000077678,-514043.44400915434,301.959190397447,1.0283357449188049,105
3185000,12840.000000780854,-515294.6255609868,300.18969593194106,1.023937616300158,105
3190000,12860.000000784928,-515148.65544115147,299.55663908987793,1.026953929822844,105
3195000,12880.000000789003,-514698.7927087925,301.73024530260216,1.0215198339215317,105
3190000,12860.000000784928,-515587.6095694611,301.2491431345238,1.028977386249379,0
3195000,12880.000000789003,-513860.6304603978,301.5786967218611,1.0258016044497353,108
3200000,12900.000000793078,-514943.184749197,301.30481268298166,1.0281467739950563,108
3205000,12920.000000797152,-514810.57072296436,299.7977514009255,1.0265162697422856,107
3210000,12940.000000801227,-515330.44135733787,301.72610010024755,1.0260494696584754,107
3215000,12960.000000805301,-515729.859665246,302.9314712343591,1.0237220149743689,107
3220000,12980.000000809376,-514500.89892273885,300.5103304778435,1.0264918824093416,107
3225000,13000.00000081345,-515434.51569927577,300.1088740908538,1.0246411290045618,107
3230000,13020.000000817525,-514729.7186391372,298.93335275228577,1.0228733086408852,107
3235000,13040.0000008216,-514706.98717665975,300.2906861301942,1.0282893826970516,107
3240000,13060.000000825674,-515039.71764612384,301.4345128636401,1.029198238951145,106
3245000,13080.000000829748,-516124.66919121053,300.10558676325877,1.0293557863383578,106
3250000,13100.000000833823,-516002.74814196094,301.2518420640864,1.0292767732817243,106
3255000,13120.000000837897,-515223.37672281824,301.1756884705825,1.0272203803556885,106
3260000,13140.000000841972,-515120.2828984114,298.66094035125093,1.0267880334046788,106
3265000,13160.000000846047,-515863.2996830947,300.41013843085614,1.0262795976609478,106
3270000,13180.000000850121,-515436.5061799728,299.97129051824993,1.0281142482619088,106
3275000,13200.000000854196,-514964.1374334141,299.83238718011694,1.0274045861961052,106
3280000,13220.00000085827,-515707.33193232934,299.0096244311849,1.0269437986526402,106
3285000,13240.000000862345,-514755.2664768335,300.9502685095608,1.0271947124149041,106
3290000,13260.00000086642,-514637.03943709633,302.5884876004936,1.0256295298291844,106
3295000,13280.000000870494,-514994.87444168073,301.56644564496037,1.0272361474921659,106
3300000,13300.000000874568,-515202.337278754,301.2992397452,1.0250024759128564,106
3305000,13320.000000878643,-514578.2372868897,302.3343312219276,1.0215950916949972,106
3310000,13340.000000882717,-514152.9538431512,300.9326231799598,1.0230896479797964,106
3315000,13360.000000886792,-514994.67968691327,300.23654069866586,1.0265497385711069,106
3320000,13380.000000890866,-514089.6230145518,303.65924923829584,1.0272415875577217,106
3325000,13400.000000894941,-514615.9765969992,300.8095735586506,1.0243211606777805,106
3330000,13420.000000899016,-515248.4561239572,299.611966113394,1.0242153940152063,106
3335000,13440.00000090309,-514824.80341541907,299.8809570916471,1.030148361238168,106
3340000,13460.000000907165,-515123.4925262579,303.010710560388,1.0252274410581101,106
3345000,13480.00000091124,-514380.8232519275,301.5469322036488,1.0291812924413428,106
3350000,13500.000000915314,-513985.80653697765,300.2172293607026,1.0265200236693832,106
3355000,13520.000000919388,-515568.75432603713,300.60475928612226,1.027626902923327,106
3360000,13540.000000923463,-514046.74643233675,298.09891483259184,1.0252760882300802,106
3365000,13560.000000927537,-515580.4235080695,300.7660350284056,1.0248369620148339,105
3370000,13580.000000931612,-514404.84002502426,301.10428455086264,1.024504670488214,105
3375000,13600.000000935686,-513930.5207230449,302.0702305506579,1.0285182893072098,105
3380000,13620.00000093976,-513372.1799994181,298.9380314813356,1.0218225615398697,105
3385000,13640.000000943835,-515004.3395052445,300.162053319593,1.02831736365726,105
3390000,13660.00000094791,-514665.2334108155,301.9861048744129,1.0261685709288153,105
3395000,13680.000000951984,-516072.6834021965,303.3136729974171,1.0260816397677595,105
3400000,13700.000000956059,-514818.48917968804,299.02133736208214,1.023260712938844,105
3405000,13720.000000960134,-515316.7134409074,301.6003492069427,1.0231835575793353,105
3410000,13740.000000964208,-516480.4690069249,299.42331590004244,1.029115208527311,105
3415000,13760.000000968283,-515102.7981750127,301.88673214708473,1.0263613845556288,105
3420000,13780.000000972357,-515065.22723036585,301.54260232639643,1.024533964719595,105
3425000,13800.000000976432,-515278.52438201406,297.64339704537485,1.027540993422327,104
3430000,13820.000000980506,-514512.5273835405,301.8224498240119,1.026000596850313,104
3435000,13840.00000098458,-514697.9321337431,300.6892190447491,1.0254497676074923,104
3440000,13860.000000988655,-515432.1939618117,298.2671215926215,1.0253267163874664,104
3445000,13880.00000099273,-514363.72403038363,296.59370328755443,1.0238301163726544,104
3450000,13900.000000996804,-515046.0725606207,297.0330855366403,1.0251864477019708,104
3455000,13920.000001000879,-515773.94901619735,299.39485421451815,1.030178080022817,104
3460000,13940.000001004953,-515066.8930978989,299.0268597451093,1.0271371591055027,104
3465000,13960.000001009028,-514759.96453844337,299.57745364529643,1.0244308786253413,104
3470000,13980.000001013103,-515975.1272583697,298.5690802999958,1.0237127383241618,104
3475000,14000.000001017177,-514559.77742838743,299.19560225017193,1.026830397017817,104
3480000,14020.000001021252,-514541.06988489605,303.64478082709803,1.0241567018620368,104
3485000,14040.000001025326,-515380.9640926719,301.8000720249515,1.0268344435781753,104
3490000,14060.0000010294,-514865.6861341358,301.9633158624393,1.023269742168266,104
3495000,14080.000001033475,-515396.68146545393,301.65235515564973,1.0276713961345452,104
3500000,14100.00000103755,-514989.76815287047,299.9730166612063,1.025774947917053,104
3505000,14120.000001041624,-514959.7764476235,299.0402112345435,1.0229994206504895,104
3510000,14140.000001045699,-514351.805641921,301.08557808555844,1.0237619216344709,104
3515000,14160.000001049773,-516533.4192317093,302.2357205539168,1.0284084022308868,104
3520000,14180.000001053848,-514466.20847180067,298.5901228858307,1.0246545982001047,104
3525000,14200.000001057922,-514576.4455069923,301.0818758797598,1.0248946207789242,104
3530000,14220.000001061997,-514234.8149525176,301.6527193503779,1.0232876283887231,104
3535000,14240.000001066071,-515727.1958769141,300.7851731742584,1.027682880874527,104
3540000,14260.000001070146,-515539.4466410056,300.67657977734393,1.0268231293009433,104
3545000,14280.00000107422,-514795.06148288725,299.56492955157927,1.0270293892107372,104
3550000,14300.000001078295,-513616.6245537817,300.72805512776574,1.0246177276585717,104
3555000,14320.00000108237,-515736.44377153716,299.88974936325394,1.0296546865671348,104
3560000,14340.000001086444,-516050.02520361636,304.90013127647904,1.028534555918741,104
3565000,14360.000001090519,-515727.7427144083,302.62476584660067,1.0245879614362183,104
3570000,14380.000001094593,-513920.41775409505,301.8020012899375,1.0267399010705822,104
3575000,14400.000001098668,-515783.6489659883,299.5217867538485,1.028405669571479,104
3580000,14420.000001102742,-516147.93338895845,301.570428654904,1.026214972852815,104
3585000,14440.000001106817,-515246.2969739395,301.82686709603365,1.0273547705098354,104
3590000,14460.000001110891,-517000.91559474193,300.5879388928061,1.026872805238781,104
3595000,14480.000001114966,-514798.7757436014,302.05341899805705,1.0279094958618284,104
3600000,14500.00000111904,-516155.35301500955,300.22516050013303,1.026425453007227,104
3605000,14520.000001123115,-515749.09995897836,298.88828671448414,1.0307436187806303,104
3610000,14540.00000112719,-515944.630960325,299.98310001379787,1.0265673021102728,104
3615000,14560.000001131264,-515420.97523081,299.96541077802317,1.0271707437631103,104
3620000,14580.000001135339,-514720.9893972208,301.6787375300612,1.0193544929659972,104
3625000,14600.000001139413,-515675.0033943362,301.3904593772868,1.0283775011572212,104
3630000,14620.000001143488,-514752.4289661846,301.03199284676526,1.024214018828576,104
3635000,14640.000001147562,-514925.0781673498,303.3606713336192,1.025100874997786,104
3640000,14660.000001151637,-514347.9079211636,300.46708510299715,1.023687819669604,104
3645000,14680.000001155711,-513695.22892892105,299.5845758699112,1.02413801044578,104
3650000,14700.000001159786,-515034.6134570257,301.67393742044294,1.0260095839985528,104
3655000,14720.00000116386,-515625.23762599844,301.46628016774673,1.0282644970149153,104
3660000,14740.000001167935,-515230.9845936538,301.57913572868677,1.024873772156102,104
3665000,14760.00000117201,-516172.85189324105,299.0079187208733,1.0300417981419339,104
3670000,14780.000001176084,-516501.9375383139,302.6775590053304,1.0306055192058177,104
3675000,14800.000001180159,-515992.94679673295,299.48769850416323,1.0270742865776223,104
3680000,14820.000001184233,-514803.15663302876,299.97922614221307,1.026843906525997,104
3685000,14840.000001188308,-515393.5669459959,302.05798394239764,1.0297824753156677,104
3690000,14860.000001192382,-514651.4896817275,300.78205967701285,1.0240893945147198,104
3695000,14880.000001196457,-515455.1891432314,298.44046890959424,1.0245357656899485,104
3700000,14900.000001200531,-514640.46621999587,300.3250813425436,1.0266635214623965,104
3705000,14920.000001204606,-515075.6850375489,299.48310514895667,1.025212960517241,104
3710000,14940.00000120868,-515339.57198228757,297.8364965372876,1.0266515776866505,104
3715000,14960.000001212755,-515326.5982209437,299.98761870599344,1.0295841396852297,104
3720000,14980.00000121683,-515464.10691196774,301.54510840940065,1.0263345548710725,104
3725000,15000.000001220904,-513957.32859206153,301.10762318731304,1.0263149182853717,104
3730000,15020.000001224978,-514605.1058683109,299.53731621530227,1.0253127913018985,104
3735000,15040.000001229053,-515492.1475230474,302.5053778935257,1.029344452838056,104
3740000,15060.000001233127,-514448.23032031534,302.3329598010275,1.0303808396883571,104
3745000,15080.000001237202,-514368.1126598858,302.73878196798347,1.0252494039617408,104
3750000,15100.000001241277,-515631.14240334486,301.1504647652865,1.0333938862120544,104
3755000,15120.000001245351,-514903.70068389806,302.2559481425188,1.027973833858697,104
3760000,15140.000001249426,-515873.9233286539,301.31203625834263,1.0254597715687972,104
3765000,15160.0000012535,-514754.686227225,300.3708027760006,1.0238599308010914,104
3770000,15180.000001257575,-514789.23704919266,302.1876017037927,1.030154117877359,104
3775000,15200.00000126165,-514535.8570865651,300.5586706310978,1.0230931323228571,104
3780000,15220.000001265724,-515001.4055459199,301.2386155210434,1.0231626356465262,104
3785000,15240.000001269798,-515178.5940073782,300.3320844023413,1.0274694110121567,104
3790000,15260.000001273873,-516459.6397206157,298.84262681428714,1.029110325916973,104
3795000,15280.000001277947,-515494.4694947384,298.6165684859491,1.0282750373102754,104
3800000,15300.000001282022,-515566.4844378955,302.48351054834,1.0301021029986335,104
3805000,15320.000001286096,-514719.76235404215,300.4011156506987,1.0286305027715072,104
3810000,15340.000001290171,-515498.455179214,300.8434080947079,1.0285807903635291,104
3815000,15360.000001294246,-516125.1808136769,299.5107100050477,1.0309681198423783,104
3820000,15380.00000129832,-515257.9634015197,301.24132181709297,1.0267727497210928,104
3825000,15400.000001302395,-515498.503052162,298.998322511885,1.0291878294787626,104
3830000,15420.00000130647,-516387.08407628885,301.74319781239086,1.0288168643956872,104
3835000,15440.000001310544,-513574.03091267264,303.75999049509386,1.0231318907186608,104
3840000,15460.000001314618,-515328.80708464654,299.86582678988,1.0279254756228233,104
3845000,15480.000001318693,-514493.71571583,301.9856335659396,1.025717063639099,104
3850000,15500.000001322767,-514313.56994997524,300.61857636748624,1.025923500996408,104
3855000,15520.000001326842,-515988.07260614634,300.14641058107304,1.0324889035008546,104
3860000,15540.000001330916,-514420.4922944801,302.5687479426079,1.0242433403516673,104
3865000,15560.00000133499,-515778.2029285771,299.7905682273526,1.0288651841520227,104
3870000,15580.000001339065,-514766.2811264065,300.94579948153427,1.0238955853882812,104
3875000,15600.00000134314,-515498.0557246618,300.0853629997136,1.0272838279770187,104
3880000,15620.000001347214,-514739.76251779846,299.77578107644604,1.0268833323005837,104
3885000,15640.000001351289,-514102.2529822197,299.80451960076675,1.0275714217796441,104
3890000,15660.000001355364,-515294.7893766542,302.8499452410907,1.0274871567657713,104
3895000,15680.000001359438,-514746.4362835458,299.3445907949518,1.027194228112722,104
3900000,15700.000001363513,-516244.2611241264,301.5352054676003,1.028230233215387,104
3905000,15720.000001367587,-515093.85864478885,301.17060390637243,1.0224907567794057,104
3910000,15740.000001371662,-514238.4145370489,303.4353015465649,1.0260782270982451,104
3915000,15760.000001375736,-515922.14752289443,297.88051394882666,1.0259600679842444,104
3920000,15780.00000137981,-515401.13132039015,298.9762911798486,1.0269844426385997,104
3925000,15800.000001383885,-514024.5849443502,300.7642372514883,1.025219804034622,104
3930000,15820.00000138796,-515087.88675697474,303.26354955170996,1.0250753402107602,104
3935000,15840.000001392034,-515080.358009533,299.524286538089,1.0263036565835226,104
3940000,15860.000001396109,-514709.54363747686,301.54868428609024,1.0252101731977343,104
3945000,15880.000001400183,-515425.17876469437,302.5136259303629,1.0280208149241052,104
3950000,15900.000001404258,-515352.3832894645,302.5882826594607,1.0253137148830866,104
3955000,15920.000001408333,-514082.5768509805,303.2275660365827,1.02262988248223,104
3960000,15940.000001412407,-515564.92566354177,299.849261029011,1.0277827901765668,104
3965000,15960.000001416482,-514981.53059855197,301.8355781943292,1.024010335240701,104
3970000,15980.000001420556,-515071.511794301,300.67783262605843,1.021874325705685,104
3975000,16000.00000142463,-515745.109960268,302.60450401422236,1.02409915308457,104
3980000,16020.000001428705,-514477.59733517305,301.4551362491165,1.0222287737391724,104
3985000,16040.00000143278,-515635.04579130956,302.33327886398416,1.0286800542572418,104
3990000,16060.000001436854,-514707.012087903,301.0777472254492,1.0281797933399939,104
3995000,16080.000001440929,-516189.93774952996,301.54559018642124,1.0261451897187452,104
4000000,16100.000001445003,-515027.6448270655,300.5187063351199,1.0246357708681104,104
4005000,16120.000001449078,-515585.933027806,298.6276966299891,1.02804145014933,104
4010000,16140.000001453152,-515328.1149738536,302.44173264348234,1.0223388855977902,104
4015000,16160.000001457227,-515224.4087911274,301.29957528848126,1.0240780608905453,104
4020000,16180.000001461302,-515158.50762662734,298.6840885510593,1.0282280478267276,104
4025000,16200.000001465376,-515716.00644028606,302.22601911890905,1.0265299296528267,104
4030000,16220.00000146945,-514127.7077691897,301.5024994491072,1.0254344243513596,104
4035000,16240.000001473525,-514365.8251594093,299.53745450216076,1.0295435609284147,104
4040000,16260.0000014776,-516379.325823274,297.1855563047218,1.0266502170344391,104
4045000,16280.000001481674,-515099.1846734469,299.3461565340487,1.0266392365719272,105
4050000,16300.000001485749,-516099.6233916364,303.6544763370637,1.0300773031555799,105
4055000,16320.000001489823,-514912.14894958097,302.5151220275908,1.0223568788230433,105
4060000,16340.000001493898,-513642.811218048,302.61288005893994,1.0257474994222233,105
4065000,16360.000001497972,-514746.8842689998,300.6785321391906,1.0257836490568797,105
4070000,16380.000001502047,-517125.0101895537,300.3212640743648,1.0316407846387579,105
4075000,16400.00000150612,-516413.1088454225,302.4533518353097,1.026287262979256,105
4080000,16420.000001510194,-514857.3134467576,299.84215925512075,1.0279958695030607,105
4085000,16440.00000151427,-515781.98918322986,300.3430888507404,1.0273314114504404,105
4090000,16460.000001518343,-513860.6294984657,302.082643731531,1.0243567485699487,105
4095000,16480.000001522418,-516192.77769625373,302.47318452154457,1.0293887370235573,105
4100000,16500.000001526492,-515260.91947173397,299.60389195595997,1.0308962462845783,105
4105000,16520.000001530567,-514690.1535564589,302.2621644953966,1.0225867216713334,105
4110000,16540.00000153464,-516299.3968426571,300.1854653014728,1.0273957347334517,105
4115000,16560.000001538716,-514411.041148836,301.2725772970718,1.026184915781446,105
4120000,16580.00000154279,-513886.96276525967,301.6464890053138,1.0250289757886468,105
4125000,16600.000001546865,-515720.3160923803,302.6345993730799,1.022764031968318,105
4130000,16620.00000155094,-514952.76308651874,300.19904188293725,1.0260826931514484,105
4135000,16640.000001555014,-515262.69905460835,298.7516678058871,1.0275337528492894,105
4140000,16660.00000155909,-515493.3722128775,302.1445267134653,1.0267704265606674,105
4145000,16680.000001563163,-515279.5291750892,300.2690994742258,1.0291415646814341,105
4150000,16700.000001567238,-515601.38946970785,300.2334088858132,1.0266954156137693,105
4155000,16720.000001571312,-515678.6843399806,302.69055096317715,1.0292554542999248,105
4160000,16740.000001575387,-515592.6751116053,303.3104772344701,1.0268707633840979,105
4165000,16760.00000157946,-515860.79937823163,300.64547260596584,1.0314355876317047,105
4170000,16780.000001583536,-514087.1598921197,301.5011268443181,1.0271815053971474,105
4175000,16800.00000158761,-514958.2861439523,300.46085137154057,1.0309478008259951,105
4180000,16820.000001591685,-513367.1327570814,299.8966392531449,1.022367936227904,105
4185000,16840.00000159576,-515537.04819009267,300.9208629125582,1.0311362844598422,105
4190000,16860.000001599834,-515447.00016511,303.9053700752316,1.025066183803715,105
4195000,16880.00000160391,-515701.7071867469,304.24984031925294,1.030103444432367,105
4200000,16900.000001607983,-515850.6826695325,300.2749026606178,1.0308427079881732,105
4205000,16920.000001612058,-514523.3890968885,304.1371916304309,1.0280097415476068,105
4210000,16940.000001616132,-513106.43733872473,300.87494258594427,1.027389953125189,105
4215000,16960.000001620207,-515928.17137449933,302.54372681971006,1.0267513340132015,105
4220000,16980.00000162428,-514933.68612931063,301.0711470351553,1.026039828942868,105
4225000,17000.000001628356,-515262.5898947886,302.8001080771091,1.0259276064492948,105
4230000,17020.00000163243,-515405.1959544283,299.1744668164989,1.0288875498653858,105
4235000,17040.000001636505,-514506.575950996,301.15119171950636,1.0246083382490194,105
4240000,17060.00000164058,-514657.73886714666,301.00562512744534,1.0243112071597402,105
4245000,17080.000001644654,-516080.9010548601,298.50273052739726,1.0302796803042962,105
4250000,17100.00000164873,-514079.6728358483,303.0239670934099,1.024609452315965,105
4255000,17120.000001652803,-514234.7998079348,301.3954608410894,1.0243294899104887,105
4260000,17140.000001656877,-513719.46793034975,302.3868732444144,1.0235351978516387,105
4265000,17160.000001660952,-515962.14032587176,300.3004244905319,1.0247516186021608,105
4270000,17180.000001665027,-515118.44156972994,302.08309169172014,1.0263537641016787,105
4275000,17200.0000016691,-513670.1562128151,299.5186707153728,1.023542200700806,105
4280000,17220.000001673176,-514963.9819836621,300.2183219099271,1.0262648941558006,105
4285000,17240.00000167725,-515051.6094802029,302.87058998221096,1.0249021776932241,105
4290000,17260.000001681325,-515136.861166843,301.73398329845276,1.0295323080204994,105
4295000,17280.0000016854,-514055.7607100811,300.41143416074044,1.0238149803976457,105
4300000,17300.000001689474,-514965.7130845536,303.12059322464654,1.0264662246312866,105
4305000,17320.00000169355,-513974.5655226279,300.24214763224654,1.025814510540729,105
4310000,17340.000001697623,-515164.07969354885,298.2189935548597,1.024294633245172,105
4315000,17360.000001701697,-515730.469482186,301.8429955627784,1.023948453465771,105
4320000,17380.000001705772,-515580.7601285486,298.6794294183615,1.0243092423561473,105
4325000,17400.000001709846,-516125.6482554991,299.8327945530211,1.0298181626717369,105
4330000,17420.00000171392,-516914.4467450946,302.2638680295623,1.026818891556592,105
4335000,17440.000001717995,-515157.96624695044,304.67520681472985,1.02410096165428,105
4340000,17460.00000172207,-515205.96471877,299.25753710864484,1.024049334553788,105
4345000,17480.000001726145,-516173.9072582035,301.4026074323134,1.0298047855810433,105
4350000,17500.00000173022,-514340.12364139804,299.9901444550569,1.0307030919050009,105
4355000,17520.000001734294,-514823.2219603958,300.3260877427277,1.024617159542185,105
4360000,17540.000001738368,-515525.59160352196,300.69904360613623,1.0279840329320347,105
4365000,17560.000001742443,-515470.39774596225,300.05081290894844,1.0262013610954461,105
4370000,17580.000001746517,-515049.32565580215,300.37228621706925,1.0237824258941237,105
4375000,17600.00000175059,-513402.4352580856,300.0157373614025,1.0231186028256203,105
4380000,17620.000001754666,-513421.35286197974,298.7009038808196,1.0247717883544643,105
4385000,17640.00000175874,-516050.29175681435,298.46741593231565,1.026319792508287,105
4390000,17660.000001762815,-515323.9165736169,302.6800128937235,1.0312985005847066,105
4395000,17680.00000176689,-515441.89876874094,302.07778912252894,1.0284013647438153,105
4400000,17700.000001770964,-514870.8254420927,299.56590866399455,1.0238528053557,105
4405000,17720.00000177504,-515192.168840325,298.10023743495327,1.0286585734794482,105
4410000,17740.000001779114,-515127.17651431635,301.7679871064188,1.026774005409517,105
4415000,17760.000001783188,-515919.12734497455,299.69893714591404,1.0283367307243758,105
4420000,17780.000001787263,-514802.55463873316,300.21969297717686,1.0256765552515048,105
4425000,17800.000001791337,-514468.8341505022,301.15845032736803,1.0287624994492002,105
4430000,17820.00000179541,-515085.9690659717,299.7261037684965,1.0280783462697454,105
4435000,17840.000001799486,-515270.56172454474,302.78745154490275,1.027896801790459,105
4440000,17860.00000180356,-516344.0872421786,299.7793793410293,1.0287842408594092,105
4445000,17880.000001807635,-515407.27156766946,304.3278213537371,1.0244522150196893,105
4450000,17900.00000181171,-516349.53490310814,301.424420074112,1.0272362967418498,105
4455000,17920.000001815784,-515398.3025454837,301.3430006258487,1.0256040599487874,105
4460000,17940.00000181986,-515359.31055640476,299.5255151452,1.0300818127521814,105
4465000,17960.000001823933,-515167.07893759594,300.9008171209259,1.0268981746182806,105
4470000,17980.000001828008,-514957.63338973373,304.00027747267035,1.025313256836366,105
4475000,18000.000001832082,-515143.33786177775,299.9793209463947,1.0213092538390214,105
4480000,18020.000001836157,-515772.7583844061,302.5864392058707,1.0263482162415476,105
4485000,18040.00000184023,-514108.52135760686,301.17480143972614,1.0239990169767377,105
4490000,18060.000001844306,-514845.6197866597,300.6670825016187,1.0277484683902256,105
4495000,18080.00000184838,-513677.36444576294,303.29940166953105,1.0277430572704565,105
4500000,18100.000001852455,-514932.22288186126,300.5956379647214,1.026141738182044,105
4505000,18120.00000185653,-514301.09933801414,302.7504089980324,1.027058357091228,105
4510000,18140.000001860604,-515976.2788487186,300.19425106685065,1.0257327698556364,105
4515000,18160.00000186468,-514186.15358630056,302.33503300524023,1.0256911184296302,105
4520000,18180.000001868753,-514660.8902857315,298.86371845243497,1.022633818295656,105
4525000,18200.000001872828,-515269.2663076648,301.3986356359077,1.0274105090399386,105
4530000,18220.000001876902,-514087.0037239208,298.0110888573236,1.0268828172103786,105
4535000,18240.000001880977,-514626.69264431996,302.33626454496914,1.0224363671045873,105
4540000,18260.00000188505,-514052.0237169296,300.74735528727393,1.0249563928675962,105
4545000,18280.000001889126,-514776.8053417716,299.94603594729745,1.0270589671827464,105
4550000,18300.0000018932,-515006.1870259566,302.2090133387267,1.0259721162284803,105
4555000,18320.000001897275,-513525.1735167897,302.9569143994719,1.0261992988928244,105
4560000,18340.00000190135,-516212.658023912,297.6597944209015,1.0318898465392212,105
4565000,18360.000001905424,-514767.0927460573,302.0219176515873,1.0273979331525809,105
4570000,18380.0000019095,-514796.76166961086,300.0032921516816,1.0269021778396854,105
4575000,18400.000001913573,-515479.7577676936,299.37379780702554,1.0254400566609092,105
4580000,18420.000001917648,-515587.3055963814,302.9891461693278,1.027996208381276,105
4585000,18440.000001921722,-515904.38060722384,303.6241558873023,1.0281185917181686,105
4590000,18460.000001925797,-514571.91144745215,299.6405314970839,1.023496463470372,105
4595000,18480.00000192987,-514972.52542046853,302.67152117260423,1.0252760521740532,105
4600000,18500.000001933946,-514693.7824430566,300.7414273159742,1.026020163865179,105
4605000,18520.00000193802,-515699.6184473345,302.03137250121046,1.0263007145353793,105
4610000,18540.000001942095,-515608.7961892162,301.43909668855406,1.0285995241778567,105
4615000,18560.00000194617,-515235.74001352163,299.66030587785605,1.0212100673444617,105
4620000,18580.000001950244,-513981.09008691856,301.6583629043062,1.0238405191269744,105
4625000,18600.00000195432,-514715.71571596665,297.74800229681034,1.0254318484993032,105
4630000,18620.000001958393,-515195.2908545085,301.9868928738852,1.0311711141739048,105
4635000,18640.000001962468,-515229.75845171465,302.8103331627129,1.0244696189000584,105
4640000,18660.000001966542,-515342.69350191625,302.08319992570085,1.0304696085903768,105
4645000,18680.000001970617,-513473.349489687,301.4429333623994,1.0237796090816857,105
4650000,18700.00000197469,-514846.068161584,301.07952988980537,1.027151504791803,105
4655000,18720.000001978766,-515602.6493720233,301.3949782656828,1.028853716588087,105
4660000,18740.00000198284,-515173.73190450016,303.9734536423095,1.0234749599239543,105
4665000,18760.000001986915,-514985.6118122104,303.1822307078464,1.0276806524699715,105
4670000,18780.00000199099,-514831.6004827963,302.2782267208196,1.0248294617922469,105
4675000,18800.000001995064,-514907.5362255238,302.7888854134131,1.0264732895299218,105
4680000,18820.00000199914,-513851.92919444153,302.4402186542821,1.025366690429528,105
4685000,18840.000002003213,-514976.2687022821,300.5510316353814,1.0278066623945434,105
4690000,18860.000002007288,-514520.1188598457,302.7407955239687,1.029422898551684,105
4695000,18880.000002011362,-515421.3487606533,300.4242761203508,1.0247284694314944,105
4700000,18900.000002015437,-515960.71164056426,300.4521694344796,1.0262723987133637,105
4705000,18920.00000201951,-514643.12026586686,304.0554700040625,1.0252323149619686,105
4710000,18940.000002023586,-514082.95484821056,303.1091066564785,1.0246532327619666,105
4715000,18960.00000202766,-515346.9709560056,301.7589692692142,1.0290517236691539,105
4720000,18980.000002031735,-514996.2730937889,299.14889239975275,1.025941097308557,105
4725000,19000.00000203581,-515665.4728623638,300.6582279326488,1.0276259159522414,105
4730000,19020.000002039884,-514899.23559019086,303.2549005267617,1.0259124089036942,105
4735000,19040.00000204396,-515018.66183624,300.7020433751292,1.0284650900119414,105
4740000,19060.000002048033,-515702.8623074051,301.12821291110794,1.0304555577359675,105
4745000,19080.000002052107,-514556.31695782975,300.1666967565883,1.0239924433455556,105
4750000,19100.000002056182,-515341.5701192727,300.9669251227613,1.0266053158804471,105
4755000,19120.000002060257,-516138.8927059937,301.05879080974023,1.0278104419348486,105
4760000,19140.00000206433,-513901.8918471786,300.6184469840884,1.021732332031676,105
4765000,19160.000002068406,-515436.19743221905,302.6740919376309,1.0241929278994826,105
4770000,19180.00000207248,-515870.59409295674,300.81823132167386,1.0231522452593058,105
4775000,19200.000002076555,-514768.9747646849,300.18194588442555,1.0268584882831493,105
4780000,19220.00000208063,-514637.0909373518,299.6888236356524,1.0258711356821641,105
4785000,19240.000002084704,-514225.6147316871,300.1383106582084,1.024454270049552,105
4790000,19260.00000208878,-514974.34828995774,301.56916725955165,1.020538182007921,105
4795000,19280.000002092853,-515006.89659522544,299.5789045356882,1.0257400210026735,105
4800000,19300.000002096927,-515850.2821585634,296.7615323952041,1.0269634918705601,105
4805000,19320.000002101002,-515344.7194347924,300.4232404424975,1.0250326074417053,105
4810000,19340.000002105076,-515526.2388578751,300.580556873022,1.0260289162636282,105
4815000,19360.00000210915,-514552.12590084784,299.6968161978826,1.020872151798745,105
4820000,19380.000002113225,-515139.9636033869,300.22772400414664,1.026352233657763,105
4815000,19360.00000210915,-514560.99870686117,300.7402635159333,1.0233857531121395,--
4820000,19380.000002113225,-514783.3086523344,299.94232909590676,1.0255104683345773,107
4825000,19400.0000021173,-515873.1598243646,299.34113821045224,1.0239185274537113,107
4830000,19420.000002121375,-515321.30467045214,303.03670208837553,1.029129057159671,107
4835000,19440.00000212545,-514996.43603506614,302.7290691107719,1.024635985126743,107
4840000,19460.000002129524,-516229.0754206313,299.85169067657614,1.0242373015615986,107
4845000,19480.000002133598,-515773.1685645827,298.6197313339855,1.0272202709977658,106
4850000,19500.000002137673,-515668.797499466,301.894098058359,1.0245441717332828,106
4855000,19520.000002141747,-514123.8754023523,301.2061797472827,1.0257029172505703,106
4860000,19540.00000214582,-514860.21683506086,302.21017368993324,1.0295039408689681,106
4865000,19560.000002149896,-515094.2213380195,301.9774724111478,1.0255501252364232,106
4870000,19580.00000215397,-514980.8905745989,301.9711590574568,1.0268910795655626,106
4875000,19600.000002158045,-514785.94238687446,302.30873546344924,1.0287858612868337,106
4880000,19620.00000216212,-515976.7547823456,299.1090115787821,1.0275747740168457,106
4885000,19640.000002166194,-514694.65644487995,298.4660525982359,1.0258766024807222,106
4890000,19660.00000217027,-515975.51446684846,302.61590385890787,1.0294595045434298,106
4895000,19680.000002174344,-515417.7004014398,298.44299568977607,1.0255462074657302,106
4900000,19700.000002178418,-516400.1334061031,299.4759478479893,1.0261866676053895,106
4905000,19720.000002182493,-515451.26015242725,302.02952838028,1.0277584814680534,106
4910000,19740.000002186567,-515078.2866112846,302.08799528240826,1.027222721315383,106
4915000,19760.00000219064,-514677.3509085551,301.9368083737316,1.0266190007816196,106
4920000,19780.000002194716,-515389.8850154665,298.9663476178854,1.0254113554843842,106
4925000,19800.00000219879,-515535.0597512794,301.6961549407763,1.0251987030917078,106
4930000,19820.000002202865,-515085.8209401574,301.5783797228803,1.0255785623294906,106
4935000,19840.00000220694,-515396.90691901324,301.9990487938344,1.025754878079374,106
4940000,19860.000002211014,-515285.61763775,299.03834035629603,1.0272857148477392,106
4945000,19880.00000221509,-515773.7485006796,301.20944541894045,1.028328555551,106
4950000,19900.000002219163,-514666.61160153826,300.66610405144144,1.025646851458341,106
4955000,19920.000002223238,-514794.19360388606,302.23714876593954,1.0261877669626442,106
4960000,19940.000002227313,-516248.1248305682,301.0036372553152,1.026997411698314,105
4965000,19960.000002231387,-515833.8244069014,303.57343255652734,1.026270188610757,105
4970000,19980.00000223546,-516417.8440006301,300.6041799615992,1.0274614259114228,105
4975000,20000.000002239536,-515078.3664023245,301.85637517784846,1.025080770482833,105
4980000,20020.00000224361,-516453.684011793,299.74380522363975,1.0279968652651914,105
4985000,20040.000002247685,-516047.06825866713,299.7387912036289,1.0259315927497037,105
4990000,20060.00000225176,-515816.5785197222,301.3954671588279,1.0272132265367206,105
4995000,20080.000002255834,-513971.27862614463,300.57591342565394,1.0265371205494203,105
5000000,20100.00000225991,-514305.77007605974,300.74635076939484,1.0237589251432833,105
5005000,20120.000002263983,-515784.04109317716,300.65948635528315,1.025935565034742,105
5010000,20140.000002268058,-516886.47479151376,303.8114361568263,1.0297387394521462,105
5015000,20160.000002272132,-514705.0781643924,302.76540280245376,1.0255189611994908,105
5020000,20180.000002276207,-515794.53401881736,301.9037432898085,1.028918508870972,105
5025000,20200.00000228028,-514672.5538750028,300.3030784926687,1.0267012397003483,105
5030000,20220.000002284356,-514517.3047456648,304.40275669837456,1.023777398568429,105
5035000,20240.00000228843,-514732.0244553441,300.1714241165245,1.025855958414293,105
5040000,20260.000002292505,-515217.54907536344,302.7669925830373,1.0267591617860805,105
5045000,20280.00000229658,-515090.12960595475,302.31734373182326,1.0234681088389548,105
5050000,20300.000002300654,-515543.5133136844,299.8594532786309,1.0265357819437835,105
5055000,20320.00000230473,-515487.852488765,301.35528356790047,1.0237931263961555,105
5060000,20340.000002308803,-515225.00762343546,301.11951071636827,1.0277369231583644,105
5065000,20360.000002312878,-514821.3723355187,299.1117036936472,1.0266965425812515,105
5070000,20380.000002316952,-513020.1250542612,303.4012449493062,1.0224186268924342,105
5075000,20400.000002321027,-515515.60718111554,301.3378441300156,1.0245510983109505,105
5080000,20420.0000023251,-514697.5465806625,302.1759409719205,1.0253196969350797,105
5085000,20440.000002329176,-515428.80044117174,302.78331049307286,1.0272657253590476,105
5090000,20460.00000233325,-514850.7241704699,298.8833375970342,1.0230974975506633,105
5095000,20480.000002337325,-514718.3001426181,301.67456370599194,1.0233394554147641,105
5100000,20500.0000023414,-514916.47868809523,302.29117022543073,1.0256309266939199,105
5105000,20520.000002345474,-513976.953693466,301.28906434888165,1.0216257666477555,105
5110000,20540.00000234955,-515028.41649935115,302.77961763318297,1.0246246280745086,105
5115000,20560.000002353623,-514809.1333952879,303.1420692562031,1.028818009371641,105
5120000,20580.000002357698,-514616.669158285,301.4078985166766,1.0251032451347653,105
5125000,20600.000002361772,-514532.78386967443,301.1470897688095,1.0223084192773215,105
5130000,20620.000002365847,-514499.0076696938,301.15481497496603,1.0229116885880611,105
5135000,20640.00000236992,-515525.4672032001,300.02139039195765,1.0258399916740932,105
5140000,20660.000002373996,-515504.13425166695,297.6023997415061,1.0247775613312486,105
5145000,20680.00000237807,-514504.8941045238,300.69263205953797,1.025415198476136,105
5150000,20700.000002382145,-514349.3214694089,301.10882821142985,1.0262392365403261,105
5155000,20720.00000238622,-515870.2687603943,303.25663876995156,1.030118110973648,105
5160000,20740.000002390294,-514450.02354781586,300.35559210534194,1.0263319567270561,105
5165000,20760.00000239437,-515792.4973989101,302.6847659940845,1.0282918202427416,105
5170000,20780.000002398443,-514236.41322711273,299.7576120105264,1.0311857334085754,105
5175000,20800.000002402518,-515656.9706280497,303.5321458647854,1.029089779356886,105
5180000,20820.000002406592,-515081.3303133466,300.45197304165447,1.0246913396199697,105
5185000,20840.000002410667,-514822.3642967497,301.75411307514383,1.0260247147763273,105
5190000,20860.00000241474,-515093.1614878371,301.6810205045453,1.025456521685152,105
5195000,20880.000002418816,-514486.2436462024,303.0260590893922,1.0232001234718797,105
5200000,20900.00000242289,-515346.2238977419,300.08804074811303,1.022546508582624,105
5205000,20920.000002426965,-515692.3045744358,302.02704179069076,1.025169187928696,105
5210000,20940.00000243104,-515319.3664137684,303.0209504122041,1.0265801463902149,105
5215000,20960.000002435114,-514207.6389040365,302.6858346596737,1.025991579484843,105
5220000,20980.00000243919,-514691.9601141501,301.02577247117046,1.0242871142221766,105
5225000,21000.000002443263,-514972.8425930054,300.48307762598535,1.0255255876185938,105
5230000,21020.000002447337,-513482.62696755095,301.72964624652406,1.0229188313371633,105
5235000,21040.000002451412,-515239.09132901416,300.40726869849914,1.028195811155523,105
5240000,21060.000002455487,-514527.3488254789,298.70486856758913,1.0263649474369327,105
5245000,21080.00000245956,-514165.3386319382,299.4397744888678,1.0276375716007453,105
5250000,21100.000002463636,-513394.9581326633,301.6979440724092,1.022438668711122,105
5255000,21120.00000246771,-513710.79518372356,302.833152288997,1.0255219363131893,105
5260000,21140.000002471785,-515108.96797688236,299.28944747844037,1.0275051012939755,105
5265000,21160.00000247586,-514627.2935768224,301.39499821086383,1.0285073976539072,105
5270000,21180.000002479934,-517153.6699431685,301.6339583883107,1.0279559426980915,105
5275000,21200.00000248401,-515097.0376463253,303.09189042975123,1.0265978782344043,105
5280000,21220.000002488083,-514261.4199572038,299.931451958136,1.0212800461702964,105
5285000,21240.000002492157,-513997.6810621221,302.54235197499406,1.0259393128845922,105
5290000,21260.000002496232,-515842.1977357678,301.3947585045853,1.0308778631398847,105
5295000,21280.000002500306,-515510.71471354086,300.92736467544773,1.0265377994083222,105
5300000,21300.00000250438,-514799.76072040456,299.4056949728058,1.0275162817257342,105
5305000,21320.000002508456,-515243.18461879715,303.19899163369945,1.0235863354552652,105
5310000,21340.00000251253,-515151.6417454127,302.8985759165811,1.0282144982147166,105
5315000,21360.000002516605,-514852.40899172146,301.2026446638991,1.025916910922927,105
5320000,21380.00000252068,-515341.5547467822,301.6001090431718,1.024700497590529,105
5325000,21400.000002524754,-515457.897205662,300.49189883450936,1.0273245316602397,105
5330000,21420.00000252883,-514563.94933095505,302.29080946917395,1.0236223906619748,105
5335000,21440.000002532903,-515310.8543507261,301.7657362324499,1.031228109682044,105
5340000,21460.000002536977,-515053.0273496602,301.34513572502243,1.028102111153878,105
5345000,21480.00000254105,-515218.19618504564,300.5114006084832,1.024939492508236,105
5350000,21500.000002545126,-513973.83525582706,300.3676584450738,1.0220847652266043,105
5355000,21520.0000025492,-515155.08245304716,303.212952650034,1.0269341603410433,105
5360000,21540.000002553275,-514973.2030077439,303.8675283996285,1.0260059515190432,105
5365000,21560.00000255735,-515206.6224888533,300.26688086932853,1.027806014845179,105
5370000,21580.000002561424,-516046.58365943516,302.1577251211677,1.029215093176973,105
5375000,21600.0000025655,-515364.3023534971,301.3398116402596,1.0270340089258572,105
5380000,21620.000002569574,-514601.10393064143,300.19378048139424,1.0217712616147128,105
5385000,21640.000002573648,-514426.63567068963,299.55943635770467,1.0284330229828906,105
5390000,21660.000002577723,-516442.73775306484,299.6373669364757,1.0282108499767564,105
5395000,21680.000002581797,-515583.53828545334,300.9301960168447,1.028953428418184,105
5400000,21700.00000258587,-515371.8843274554,301.29041734615316,1.0257562169280534,105
5405000,21720.000002589946,-515145.1226473828,300.841838789505,1.0276858634573314,105
5410000,21740.00000259402,-515040.7091450596,302.02701856223825,1.0255711768937665,105
5415000,21760.000002598095,-515869.79845885304,299.97958920651325,1.0320589346398015,105
5420000,21780.00000260217,-515914.5794443446,302.85917761182367,1.0274899977844805,105
5425000,21800.000002606244,-515228.5208700185,299.5710108815485,1.0270201925202989,105
5430000,21820.00000261032,-515411.3356696975,302.67868570888436,1.0296505432092806,105
5435000,21840.000002614393,-514743.05589132174,300.7475464085083,1.022489720273927,105
5440000,21860.000002618468,-514754.0222677053,300.1194725955082,1.0257649700790867,105
5445000,21880.000002622543,-513606.47762237815,298.7654334627184,1.0242959654235664,105
5450000,21900.000002626617,-514374.7389463447,301.39565874551465,1.026429413075995,105
5455000,21920.00000263069,-516270.3955929612,300.0744444805025,1.031266835027504,105
5460000,21940.000002634766,-515516.040128405,300.358537512649,1.0271371776448557,105
5465000,21960.00000263884,-515713.7187653696,299.1233876020174,1.0279719550850803,105
5470000,21980.000002642915,-514751.5241800654,298.91760991304636,1.0225805010009794,105
5475000,22000.00000264699,-515955.2199412077,300.11752774821167,1.025055165862633,105
5480000,22020.000002651064,-515123.0968832418,300.57975690996545,1.0223645758453674,105
5485000,22040.00000265514,-513868.5900099424,302.07269453012935,1.0246220423420525,105
5490000,22060.000002659213,-515517.4196821563,299.819767224624,1.0261957891472626,105
5495000,22080.000002663288,-513672.2426127631,300.186121916612,1.0231367407645997,105
5500000,22100.000002667362,-514633.9387530319,303.5372018306537,1.0221140015165604,105
5505000,22120.000002671437,-515151.95168121764,302.48290310879764,1.0260728948034108,105
5510000,22140.00000267551,-515320.1880008648,297.794869536909,1.0242763671797037,105
5515000,22160.000002679586,-515331.49826104706,302.04910182455234,1.0279926553572933,105
5520000,22180.00000268366,-514569.81053775596,302.61601529619895,1.0216683437910017,105
5525000,22200.000002687735,-513713.2772081557,302.02941026379904,1.0232058978185354,105
5530000,22220.00000269181,-515137.84204439516,299.7081704352458,1.0241461851079414,105
5535000,22240.000002695884,-514962.3218278745,304.40367941536937,1.0276413554273016,105
5540000,22260.00000269996,-514574.79489855166,301.9088353000838,1.0221053688281185,105
5545000,22280.000002704033,-515952.18582987785,301.9849497730319,1.0266814459935223,105
5550000,22300.000002708108,-515148.86180024454,301.66601357852255,1.0259043162366777,105
5555000,22320.000002712182,-515012.50511266524,297.01020995067717,1.0284195698272434,105
5560000,22340.000002716257,-516291.0200777445,301.0291394695964,1.0288194284954333,105
5565000,22360.00000272033,-514768.7470587883,301.6324864694917,1.0266900396139413,105
5570000,22380.000002724406,-514359.29321275884,300.61985830986185,1.0238878526540813,105
5575000,22400.00000272848,-514186.4023427947,303.9633923300349,1.0318240318784588,105
5580000,22420.000002732555,-515443.1190490429,299.59635612536425,1.0276049344134488,105
5585000,22440.00000273663,-515559.6713730914,300.5035352231846,1.0227938151425766,105
5590000,22460.000002740704,-515932.4030934789,299.12552628680254,1.0272580985797504,105
5595000,22480.00000274478,-514359.01202122634,300.4066747214746,1.0254614906963297,105
5600000,22500.000002748853,-515402.71221656306,301.6672523214318,1.0229148277415467,105
5605000,22520.000002752928,-515019.3724573036,302.05934692044207,1.0285188842254482,105
5610000,22540.000002757002,-514463.17769648554,301.3232420413538,1.0250744906314033,105
5615000,22560.000002761077,-515590.1109308235,301.5396458485087,1.0258367934476804,105
5620000,22580.00000276515,-514403.67789497273,301.1294785219153,1.0246513437374847,105
5625000,22600.000002769226,-515275.3887596235,298.47489803834554,1.025400401347884,105
5630000,22620.0000027733,-516738.5773258277,300.6104918039853,1.025898971148678,105
5635000,22640.000002777375,-513401.3861603625,300.85208746543015,1.0206629341421818,105
5640000,22660.00000278145,-514078.5972419891,304.66410690136127,1.0275868393226841,105
5645000,22680.000002785524,-515014.0751618545,298.7645095531295,1.0271776192957243,105
5650000,22700.0000027896,-515622.5280442254,298.0902552659584,1.025173668151101,105
5655000,22720.000002793673,-514549.99398938497,302.21422890781315,1.025384378546179,105
5660000,22740.000002797748,-515008.99517298094,298.6733051567444,1.0268740271435606,105
5665000,22760.000002801822,-515360.62633682764,297.21914099526,1.0251305453225301,105
5670000,22780.000002805897,-513871.98060489306,300.92309155246784,1.027817829791077,105
5675000,22800.00000280997,-514893.7685963535,300.8761677669541,1.0239875942716672,105
5680000,22820.000002814046,-514419.34723146143,302.1259101713941,1.0265056723590502,105
5685000,22840.00000281812,-515224.56257294957,299.798351644227,1.027464768076081,105
5690000,22860.000002822195,-515134.21996381925,300.24019176014974,1.026399342238718,105
5695000,22880.00000282627,-514617.2809176389,300.69144350123065,1.0282146403555386,105
5700000,22900.000002830344,-513823.47947423626,299.9254734889353,1.024450042322915,105
5705000,22920.00000283442,-515051.6043094839,302.31620785995335,1.020369738964184,105
5710000,22940.000002838493,-515143.56823049113,303.29690171714816,1.0257555919076424,105
5715000,22960.000002842567,-515554.2641243241,299.47709274914706,1.026570418766583,105
5720000,22980.000002846642,-515625.06839412893,305.7295923308816,1.0233776955269205,105
5725000,23000.000002850717,-514314.5435066379,302.71137488223144,1.0269005011948353,105
5730000,23020.00000285479,-514182.9563957737,299.2080929225013,1.0264612635240675,105
5735000,23040.000002858866,-515487.4869364705,299.2903286447016,1.0261141831514151,105
5740000,23060.00000286294,-514146.9161237448,300.56772222322155,1.0244180127660665,105
5745000,23080.000002867015,-514917.1211693492,299.4930894105905,1.024862604443893,105
5750000,23100.00000287109,-514183.1065584526,300.85664595862283,1.0215522156765462,105
5755000,23120.000002875164,-515441.38007975,299.79238615137035,1.0262709714292668,105
5760000,23140.00000287924,-515225.25371719897,301.6239049578476,1.022182022536133,105
5765000,23160.000002883313,-515160.58952536806,302.4810405785782,1.0275516931625477,105
5770000,23180.000002887387,-514419.7670714839,299.0654174699791,1.0259254714762724,105
5775000,23200.000002891462,-514833.65146808024,303.9813105061663,1.027684178509362,105
5780000,23220.000002895536,-514456.08537951275,302.413776190536,1.0214009428901993,105
5785000,23240.00000289961,-514822.71422965336,299.475365855061,1.0291974440665694,105
5790000,23260.000002903686,-513998.52829214046,300.5976208510847,1.0257568412945715,105
5795000,23280.00000290776,-514074.34052758105,301.1288470432882,1.022634483203407,105
5800000,23300.000002911835,-515335.7513844599,301.26565991896905,1.029811976569949,105
5805000,23320.00000291591,-514870.7223766162,300.748516739324,1.026442483702252,105
5810000,23340.000002919984,-515095.3260370034,300.79944018630323,1.0269675767162876,105
5815000,23360.00000292406,-515594.52443595696,302.72263473884885,1.027460989336587,105
5820000,23380.000002928133,-514693.9947849242,299.9750417157013,1.0254587996155529,105
5825000,23400.000002932207,-515912.5204225832,299.69141355365394,1.0307974738981724,105
5830000,23420.00000293628,-515193.5066594898,302.3833508646479,1.0267218969307943,105
5835000,23440.000002940356,-515501.77392978757,300.93015105045623,1.0288904690518634,105
5840000,23460.00000294443,-514855.5856162328,300.82843874404307,1.0236540853708036,105
5845000,23480.000002948505,-513827.66289561987,302.37817858743546,1.025845089282859,105
5850000,23500.00000295258,-515790.2220583237,299.490794550559,1.0290413270365237,105
5855000,23520.000002956654,-515213.0789999871,302.66703516788255,1.0284508052441892,105
5860000,23540.00000296073,-515545.83235419216,301.41311037764905,1.0235814092708584,105
5865000,23560.000002964804,-515146.49181313557,299.9181098248719,1.0312595124683872,105
5870000,23580.000002968878,-515009.84448248683,303.49461749067257,1.0300841351671701,105
5875000,23600.000002972953,-515015.60856927186,301.31451010140154,1.0251651862339022,105
5880000,23620.000002977027,-514744.3358043744,300.9823049109179,1.0258664126256174,105
5885000,23640.0000029811,-515134.92752357246,302.7571655833856,1.023501981285337,105
5890000,23660.000002985176,-515119.4450200121,300.2144091688333,1.0254519967439109,105
5895000,23680.00000298925,-514606.1951599356,299.65998080211006,1.0203042990671702,105
5900000,23700.000002993325,-514801.9791129993,300.7319519608094,1.026558344198983,105
5905000,23720.0000029974,-514922.81663327035,304.00135987264196,1.0280141564455547,105
5910000,23740.000003001474,-515225.1622973082,301.0138214633525,1.0258818042198992,105
5915000,23760.00000300555,-514633.08936830726,302.5948905122465,1.026788557999522,105
5920000,23780.000003009623,-514896.5780071863,302.2565409430592,1.0259709945500155,105
5925000,23800.000003013698,-514975.80275693117,300.36816986008506,1.0242613501306306,105
5930000,23820.000003017773,-514437.2019988776,299.6724139452804,1.0264047313815716,105
5935000,23840.000003021847,-515664.00714734825,302.726983034017,1.0260768044533133,105
5940000,23860.00000302592,-515829.2828954444,300.59412205839,1.028373334175483,105
5945000,23880.000003029996,-514849.2006302208,302.34322387217395,1.0273956777601418,105
5950000,23900.00000303407,-516823.91770510864,302.2171019448433,1.0289996988503358,105
5955000,23920.000003038145,-513196.25852990453,300.23252489239786,1.0197925510848775,105
5960000,23940.00000304222,-514307.636780574,300.68834878841125,1.0303192211352579,105
5965000,23960.000003046294,-515694.16056755744,301.5946981571671,1.0305590329436303,105
5970000,23980.00000305037,-515094.8467040595,300.5815595671999,1.0252742417464125,105
5975000,24000.000003054443,-515351.81432809844,301.8897639888292,1.0261201139922083,105
5980000,24020.000003058518,-515619.5955523532,302.5478642423897,1.0247587772396418,105
5985000,24040.000003062592,-516249.04131079046,298.414139267736,1.0302099486148044,105
5990000,24060.000003066667,-515149.8108633843,299.90335347627723,1.0218452927903263,105
5995000,24080.00000307074,-514905.214299785,302.64740310140206,1.0235563777156114,105
6000000,24100.000003074816,-514454.29030518397,302.79356318121864,1.0278808247233304,105
6005000,24120.00000307889,-514435.5786727909,302.3963479490603,1.0272526293972808,105
6010000,24140.000003082965,-515359.85113932774,298.89844901345595,1.0289904845122888,105
6015000,24160.00000308704,-515905.2681335355,301.71944971515916,1.026921046612016,105
6020000,24180.000003091114,-514438.83306789584,302.09013243702213,1.0222239148662027,105
6025000,24200.00000309519,-514157.4699131537,302.7405232871965,1.025126611989354,105
6030000,24220.000003099263,-516205.48265438154,298.62714943158846,1.0250554693442613,105
6035000,24240.000003103338,-514913.5124186757,300.68856905666996,1.0253778857503226,105
6040000,24260.000003107412,-514423.5175267756,301.14867194415893,1.0245972383139814,105
6045000,24280.000003111487,-515642.71843112377,300.213129751334,1.0271221254523566,105
6050000,24300.00000311556,-515396.5341943563,303.2391338640548,1.0270780873582237,105
6055000,24320.000003119636,-514603.5479333841,300.857467597647,1.0233917378042525,105
6060000,24340.00000312371,-516461.64686009823,300.0726750731025,1.0285452521822622,105
6065000,24360.000003127785,-514970.52804969274,300.605996627242,1.0314025636777735,105
6070000,24380.00000313186,-515263.1252487195,302.8446728090129,1.027098923398191,105
6075000,24400.000003135934,-514624.57018164895,300.979797727915,1.0233741792185038,105
6080000,24420.00000314001,-515529.4294045514,299.0642708980685,1.0294990192478866,105
6085000,24440.000003144083,-515322.813261654,299.4292078607319,1.0276938120872399,105
6090000,24460.000003148158,-516494.09583899076,300.1924375504033,1.023595502381911,105
6095000,24480.000003152232,-515889.85639267555,298.2800308224462,1.0250513666801944,105
6100000,24500.000003156307,-516075.67679834436,303.8419779985681,1.0292205770849039,105
6105000,24520.00000316038,-515564.11122519197,298.91488369452236,1.0268188337899304,105
6110000,24540.000003164456,-514795.8182635335,299.6453402195642,1.0201477589119723,105
6115000,24560.00000316853,-514189.6619406361,300.7949315079993,1.0253278369813785,105
6120000,24580.000003172605,-516767.76841634186,301.8582481057568,1.0334124762889616,105
6125000,24600.00000317668,-514963.02391310874,303.42786369989136,1.0253255793888296,105
6130000,24620.000003180754,-515311.50246027857,300.52955137276666,1.028586090331238,105
6135000,24640.00000318483,-515796.56242850027,301.4694356152613,1.0196857494429563,105
6140000,24660.000003188903,-515785.8082764924,301.99779279746906,1.0251332003519924,105
6145000,24680.000003192978,-515576.74179429794,303.37749400309093,1.0302042392509332,105
6150000,24700.000003197052,-514890.9998719767,300.34292325751255,1.027535845362292,105
6155000,24720.000003201127,-514035.31650212966,302.89592861280687,1.0252546498896544,105
6160000,24740.0000032052,-515425.3995448826,300.32682072917225,1.0207533843359975,105
6165000,24760.000003209276,-515504.96874718484,300.7533492749831,1.027587512365045,105
6170000,24780.00000321335,-514813.01517792954,301.49243719835357,1.0286964979626372,105
6175000,24800.000003217425,-515056.35501407366,300.652476974226,1.0273875442086273,105
6180000,24820.0000032215,-514259.2861538052,300.72103935363543,1.0233416112620457,105
6185000,24840.000003225574,-516213.5585625721,302.5462205796866,1.0274794354360803,105
6190000,24860.00000322965,-514399.756671401,302.244059018625,1.0216436946964806,105
6195000,24880.000003233723,-515696.49047116074,300.33206605682426,1.0277462885957254,105
6200000,24900.000003237798,-515784.8665132597,299.793828254381,1.0278651484083112,105
6205000,24920.000003241872,-514696.93981821835,297.9733044919115,1.025343277433296,105
6210000,24940.000003245947,-514638.4949941768,297.3317194320354,1.0235154903980523,105
6215000,24960.00000325002,-514987.0567684113,298.50237374781557,1.0284047366697655,105
6220000,24980.000003254096,-515925.21412213054,299.2710891480353,1.025296165337932,105
6225000,25000.00000325817,-514376.6214360667,298.8428263429633,1.0224495498244752,105
6230000,25020.000003262245,-513667.2029824408,301.8998923993963,1.023989156124309,105
6235000,25040.00000326632,-514791.54835829535,299.21936007591466,1.0263414061747338,105
6240000,25060.000003270394,-516624.4413393487,301.5425445572289,1.0282986955071736,105
6245000,25080.00000327447,-514471.0730958241,301.74000247438374,1.0222382370505891,105
6250000,25100.000003278543,-515724.50444262964,300.3743608935338,1.0332574230771951,105
6255000,25120.000003282617,-513905.7498252825,300.1853901910571,1.0252269124318891,105
6260000,25140.000003286692,-513920.33149581123,298.38405295852374,1.0246730261905317,105
6265000,25160.000003290766,-515077.2652567064,300.26672045751485,1.029522129846843,105
6270000,25180.00000329484,-514943.61412603175,298.5682961947582,1.0214308308626747,105
6275000,25200.000003298916,-515388.98948453483,301.7780027562902,1.0276862773167472,105
6280000,25220.00000330299,-514969.96621570946,301.0367270733505,1.026636112882305,105
6285000,25240.000003307065,-515201.2582391405,299.7295017153049,1.0240178757464864,105
6290000,25260.00000331114,-515870.9887898562,301.2918606890171,1.0268145634161983,105
6295000,25280.000003315214,-515278.8137888687,298.4425516215713,1.0237042135173529,105
6300000,25300.00000331929,-515324.7295984358,301.85605588767515,1.0206986120643478,105
6305000,25320.000003323363,-515824.116776207,302.3957979131849,1.0288389808829794,105
6310000,25340.000003327437,-515108.6313838563,303.1319846896067,1.0248114083782203,105
6315000,25360.000003331512,-515790.656096539,299.8054437490006,1.0299395818806707,105
6320000,25380.000003335586,-515627.0020082239,300.9306917076686,1.0254579599481324,105
6325000,25400.00000333966,-515340.5093982769,304.74687688736685,1.027981260545629,105
6330000,25420.000003343735,-515718.56230199034,301.63314294736284,1.024360167482519,105
6335000,25440.00000334781,-514689.6221323989,301.17914215265165,1.0253090563307885,105
6340000,25460.000003351885,-515781.3760587473,299.82494689473725,1.0291092310728454,105
6345000,25480.00000335596,-515164.42302740994,298.6850711551693,1.0249455735970086,105
6350000,25500.000003360034,-515293.68657820905,303.55890351126055,1.0282368829961797,105
6355000,25520.000003364108,-515875.5004990492,302.5555343962249,1.0324873233378755,105
6360000,25540.000003368183,-514276.2265365089,302.174440348121,1.0235342200858726,105
6365000,25560.000003372257,-515695.1947698053,301.08156714501354,1.0296121472150428,105
6370000,25580.00000337633,-514000.6625402835,300.53699926675597,1.0249499081787588,105
6375000,25600.000003380406,-514895.42412163806,300.9045353694631,1.0276746290700343,105
6380000,25620.00000338448,-514186.0732073665,302.7107567709553,1.0249969387618527,105
6385000,25640.000003388555,-514860.15404791874,300.9583772189995,1.024597665812392,105
6390000,25660.00000339263,-515016.488001568,301.24137693006537,1.0248519671394314,105
6395000,25680.000003396704,-516862.5444991109,301.6568006428681,1.0250308801382293,105
6400000,25700.00000340078,-514192.6788039708,299.52095445356997,1.0245021615965821,105
6405000,25720.000003404853,-515107.8501310302,301.6070243476607,1.0251350140000781,105
6410000,25740.000003408928,-515639.0752733436,298.2215232905768,1.0267405256976818,105
6415000,25760.000003413003,-515590.5150926935,300.8804044803135,1.0265279752357959,105
6420000,25780.000003417077,-514985.75408985326,302.8795442312877,1.0267738037882805,105
6425000,25800.00000342115,-515291.69568961975,300.86002237538145,1.0263840345969015,105
6430000,25820.000003425226,-515201.3683248316,302.8477788513376,1.0262526062960247,105
6435000,25840.0000034293,-516697.7710460415,299.6325898912854,1.0290280245665564,105
6440000,25860.000003433375,-515316.5962383868,302.1271400740352,1.0287820841829176,105
6445000,25880.00000343745,-516585.3269633951,302.85136366617496,1.025988146495182,105
6450000,25900.000003441524,-515657.72803219105,301.21282845195594,1.0282288393554977,105
6440000,25860.000003433375,-515310.1607573128,301.35697783730996,1.0250512210137444,--
6445000,25880.00000343745,-514761.62336493423,299.89174571400235,1.02361501497695,107
6450000,25900.000003441524,-515616.436555244,301.1365455032416,1.0254894067827496,107
6455000,25920.0000034456,-515033.2687558343,301.1043075007045,1.0299404920507,107
6460000,25940.000003449673,-514251.22816854203,300.7012947469136,1.0234209850251539,107
6465000,25960.000003453748,-515129.7795225179,299.07245586392673,1.0246819780754644,106
6470000,25980.000003457822,-515007.0206837135,298.9180704658792,1.0231539669950127,106
6475000,26000.000003461897,-514954.0815899656,298.8408736130593,1.0263454094815894,106
6480000,26020.00000346597,-514878.5149351936,301.0775598219874,1.029833510801759,106
6485000,26040.000003470046,-515825.16754469345,301.5598362908607,1.0296994873671954,106
6490000,26060.00000347412,-513748.41765600815,301.9871929450771,1.0269125967880806,106
6495000,26080.000003478195,-515759.03503286,299.6253653291236,1.0260700864855414,106
6500000,26100.00000348227,-516613.65269412915,301.6168334340207,1.0275382625511948,106
6505000,26120.000003486344,-514083.2775974667,301.4791688819256,1.0268798013084877,106
6510000,26140.00000349042,-516193.0006145418,300.1798806770269,1.026438790075785,106
6515000,26160.000003494493,-515096.47861049976,301.40491161954014,1.0226863262906831,106
6520000,26180.000003498568,-514906.92535185535,303.02094349645205,1.0287381844968528,106
6525000,26200.000003502642,-514065.5897060649,303.6978883727268,1.0274860825205934,106
6530000,26220.000003506717,-515582.0756473867,303.75199837301824,1.028903317311548,106
6535000,26240.00000351079,-515277.869808455,300.39824479673155,1.024816215773451,106
6540000,26260.000003514866,-514783.81338919746,302.65214787961384,1.0274752980574275,106
6545000,26280.00000351894,-514937.21090424247,301.7373760511902,1.0277675317976938,106
6550000,26300.000003523015,-514239.08903526445,298.9868513003152,1.0246094321982357,106
6555000,26320.00000352709,-514640.6559136647,299.301943059418,1.0242349622109728,106
6560000,26340.000003531164,-514923.70210775966,302.1332205019986,1.0283971144170563,106
6565000,26360.00000353524,-513631.91884650895,300.2901893919339,1.024633422392448,105
6570000,26380.000003539313,-514288.94575841026,303.7437245317619,1.02569460920897,105
6575000,26400.000003543388,-514473.30922623514,300.3880304392124,1.0187272985273688,105
6580000,26420.000003547462,-515208.3076178583,301.4039564047828,1.023142307466997,105
6585000,26440.000003551537,-515581.5595982061,303.3096657561111,1.0249144830341865,105
6590000,26460.00000355561,-515133.57139512035,302.8681611531776,1.0249994165893799,105
6595000,26480.000003559686,-514277.5071324678,300.4631344125254,1.0260744211173696,105
6600000,26500.00000356376,-514982.7680505372,301.126603352226,1.0242945235362066,105
6605000,26520.000003567835,-513856.9362691068,299.2261093010271,1.0203184605405142,105
6610000,26540.00000357191,-515113.06763541675,300.3766416749832,1.0260971191900523,105
6615000,26560.000003575984,-515690.26165274833,301.96104187489306,1.026377375638003,105
6620000,26580.00000358006,-515740.0827787155,299.28441222880537,1.0229378970970984,105
6625000,26600.000003584133,-516201.287996202,300.81361224466167,1.033320208582449,105
6630000,26620.000003588208,-513932.1709001269,300.94462397420654,1.0280251787754386,105
6635000,26640.000003592282,-514648.0676868097,300.46481443528785,1.0274568992183672,105
6640000,26660.000003596357,-513991.53637965466,301.5443599445007,1.0251000523929414,105
6645000,26680.00000360043,-514726.2519354315,300.6224266184114,1.028762427769901,105
6650000,26700.000003604506,-515636.60847182735,301.0197561652508,1.0226848473777972,105
6655000,26720.00000360858,-515067.2333668459,300.22036609642294,1.0302485932751826,105
6660000,26740.000003612655,-516423.6189203996,301.72791493930004,1.026935071415632,105
6665000,26760.00000361673,-515880.796471284,300.92884468971243,1.0288708020525827,105
6670000,26780.000003620804,-514698.52905963873,299.1335329986602,1.0261630293322406,105
6675000,26800.00000362488,-515162.41838518763,302.5917306691708,1.030073488960896,105
6680000,26820.000003628953,-515457.9556158094,298.9803678734735,1.029361387000051,105
6685000,26840.000003633028,-514961.78021560074,301.9046075376004,1.0253727667870063,105
6690000,26860.000003637102,-515365.15306825656,300.7128462511007,1.0264491360746097,105
6695000,26880.000003641177,-515455.6946580601,301.76386257661846,1.0256161296291846,105
6700000,26900.00000364525,-513845.72439247184,298.41293490984395,1.0277852539259835,105
6705000,26920.000003649326,-516267.33913406054,302.6222769850354,1.0290420129515592,105
6710000,26940.0000036534,-514898.62928915466,302.88107549879135,1.024703697101442,105
6715000,26960.000003657475,-515234.350061391,300.0800088097646,1.0268976212381407,105
6720000,26980.00000366155,-515122.82315950375,302.3063195683017,1.0265763422993455,105
6725000,27000.000003665624,-515537.63689548173,300.9399655383694,1.0294861426420485,105
6730000,27020.0000036697,-515448.1579964934,298.3485908495483,1.0231080491154594,105
6735000,27040.000003673773,-516058.1565859786,298.73647235884874,1.0238585982879154,105
6740000,27060.000003677847,-515000.51218550815,298.6647950067051,1.0286664740752713,105
6745000,27080.000003681922,-514228.829396504,301.3480007580501,1.028324081913436,105
6750000,27100.000003685996,-514263.0232433046,301.6510998986311,1.025931338295226,105
6755000,27120.00000369007,-514845.5763624655,302.49743408613887,1.0273308356935749,105
6760000,27140.000003694146,-515066.9195243572,299.4224079635156,1.0265727714906323,105
6765000,27160.00000369822,-514597.0998462604,301.3920999612496,1.0253175308376687,105
6770000,27180.000003702295,-514419.6875111284,300.4932202453496,1.0256823366851495,105
6775000,27200.00000370637,-515591.3386600602,302.42997565020676,1.0247286532164743,105
6780000,27220.000003710444,-514569.9947538511,297.399842761606,1.0251872257002956,105
6785000,27240.00000371452,-514809.8714613656,301.04266168770573,1.022025757310497,105
6790000,27260.000003718593,-515438.7153154828,300.0275849289765,1.022448692271765,105
6795000,27280.000003722667,-515463.8807882571,298.71185751963435,1.0272125012868603,105
6800000,27300.000003726742,-514107.916499543,301.0528586082853,1.0267789369453952,105
6805000,27320.000003730816,-515489.05366596207,301.42871209316166,1.0287405725186478,105
6810000,27340.00000373489,-513432.4274627059,300.20000314650474,1.0258209954688722,105
6815000,27360.000003738965,-515140.2278067635,300.88269729257627,1.023853298986895,105
6820000,27380.00000374304,-515443.0546021089,302.4491466158206,1.0263997107045586,105
6825000,27400.000003747115,-514021.48002144997,301.39480534598493,1.025362980860217,105
6830000,27420.00000375119,-515486.00463669025,302.3974352490946,1.0249136967692023,105
6835000,27440.000003755264,-514610.6302209201,302.0579751932824,1.0283633087321682,105
6840000,27460.000003759338,-515123.7955992471,303.6812291971186,1.026728583020568,105
6845000,27480.000003763413,-514622.17665840616,300.87763446726615,1.0246214182827798,105
6850000,27500.000003767487,-515930.6501923953,301.6419551063398,1.0272121769758993,105
6855000,27520.00000377156,-514610.0544391968,300.5335376104984,1.0219385331537554,105
6860000,27540.000003775636,-516103.19968627417,302.19420183826765,1.0278506245272592,105
6865000,27560.00000377971,-514259.0578216624,302.58015082635154,1.0256076554814302,105
6870000,27580.000003783785,-514503.7285397672,302.6686683053654,1.0263860792486241,105
6875000,27600.00000378786,-514832.7902036577,299.12959165060664,1.024851164302915,105
6880000,27620.000003791934,-514849.6042684391,303.4871222906633,1.0305172493069006,105
6885000,27640.00000379601,-515269.62232120754,301.7061028718569,1.0227563700798767,105
6890000,27660.000003800084,-515582.82934540557,298.55863101001023,1.0277824266543685,105
6895000,27680.000003804158,-514763.0177820984,300.8690460820728,1.0221094322127398,105
6900000,27700.000003808233,-515441.44847718,297.7536602339086,1.028108021003423,105
6905000,27720.000003812307,-514266.2833745568,301.64349122040977,1.0244040850229863,105
6910000,27740.00000381638,-514652.9227432797,300.6932166721794,1.0280159363017083,105
6915000,27760.000003820456,-514058.8605495773,302.8854189987094,1.024976429034898,105
6920000,27780.00000382453,-514553.80689548305,303.379679656073,1.0225502305399232,105
6925000,27800.000003828605,-516204.5159788043,301.11042562665716,1.025964890218762,105
6930000,27820.00000383268,-514583.0491949434,299.1695175566813,1.026920784911185,105
6935000,27840.000003836754,-516213.97220404027,299.7037544492452,1.0227300631727054,105
6940000,27860.00000384083,-515901.3026335244,299.64882329118296,1.0280642640285933,105
6945000,27880.000003844903,-516587.0292226125,300.4883651079565,1.029112149920127,105
6950000,27900.000003848978,-516300.4641387868,304.2111376498016,1.0325280174138518,105
6955000,27920.000003853052,-515510.0462289094,299.5197575150197,1.0270059009874095,105
6960000,27940.000003857127,-514599.48678939,302.0066202995952,1.026371794169619,105
6965000,27960.0000038612,-515674.09252828825,299.4877872864086,1.0243954963116748,105
6970000,27980.000003865276,-515190.82477972074,303.8350337395764,1.0250737532823084,105
6975000,28000.00000386935,-515093.9392185891,298.9860771497188,1.0245981145160445,105
6980000,28020.000003873425,-515269.6308021033,302.162070206422,1.0281225669983558,105
6985000,28040.0000038775,-514240.79583245656,300.7822591651813,1.0265776495574626,105
6990000,28060.000003881574,-515027.4514890949,300.7791590114396,1.0248732818259678,105
6995000,28080.00000388565,-515717.21116967103,300.95280457276766,1.0269876241988878,105
7000000,28100.000003889723,-515460.17234907765,300.1063403388277,1.0253338697915075,105
7005000,28120.000003893798,-515151.38799388404,301.2128426462162,1.0281178542506377,105
7010000,28140.000003897872,-515656.77279115934,302.13201301904115,1.0267458439953574,105
7015000,28160.000003901947,-513833.383988976,302.39988332735777,1.0259629356608178,105
7020000,28180.00000390602,-514337.5055346249,301.6450308237636,1.0268066196515946,105
7025000,28200.000003910096,-514973.9799183477,300.1004550290286,1.0209769191979816,105
7030000,28220.00000391417,-516024.6519092582,300.3431366856358,1.026739187481808,105
7035000,28240.000003918245,-514312.2114414603,299.46071271241374,1.0235662174788596,105
7040000,28260.00000392232,-515317.62732696044,302.80135704266837,1.030012213093174,105
7045000,28280.000003926394,-515321.6911121716,301.4977664079113,1.0255698789987502,105
7050000,28300.00000393047,-514516.5389735224,300.8088868301779,1.021930760799725,105
7055000,28320.000003934543,-515105.2981286375,302.45487583910125,1.0278285495148174,105
7060000,28340.000003938618,-515203.5899865851,301.1644182625674,1.0233536886789418,105
7065000,28360.000003942692,-515195.62479544897,299.9913146726992,1.0257864861684967,105
7070000,28380.000003946767,-514484.3627090538,301.00960550052446,1.0256885897707306,105
7075000,28400.00000395084,-515280.89989041,300.6261082694212,1.0260437938878872,105
7080000,28420.000003954916,-515543.6580130453,298.49007066555487,1.0254569932265147,105
7085000,28440.00000395899,-513990.80427140533,301.6687736872148,1.02433090518197,105
7090000,28460.000003963065,-514515.0290205891,300.44607505292174,1.0240705985256633,105
7095000,28480.00000396714,-515670.1737256148,301.1776028892048,1.0265055538337133,105
7100000,28500.000003971214,-515005.57627232675,302.12191010115436,1.0316940123130915,105
7105000,28520.00000397529,-515560.5478551446,300.7810975090574,1.0249813679238298,105
7110000,28540.000003979363,-514590.55249542,300.89342334969064,1.023356921660093,105
7115000,28560.000003983438,-514925.3584981677,299.227060799086,1.0247017155612015,105
7120000,28580.000003987512,-514380.45350001217,299.93095533007045,1.0229803064939986,105
7125000,28600.000003991587,-514882.8676726406,299.6245216776935,1.0280963434445887,105
7130000,28620.00000399566,-515320.75731797307,297.69180305918604,1.0244655053676726,105
7135000,28640.000003999736,-515439.0529268165,299.916462523144,1.0263563823711939,105
7140000,28660.00000400381,-514546.5390840536,298.9676453609909,1.029655835190592,105
7145000,28680.000004007885,-515954.9489228653,302.27385566050225,1.0271564875242627,105
7150000,28700.00000401196,-515075.66572326724,303.35912499282057,1.0271703394294456,105
7155000,28720.000004016034,-515476.36515315925,300.53754087730687,1.0306071871201261,105
7160000,28740.00000402011,-515950.82137008663,301.61525618222845,1.0250274088295743,105
7165000,28760.000004024183,-514944.5497734146,299.36864619148514,1.0229781815534813,105
7170000,28780.000004028258,-516161.140052048,304.0995677430075,1.0307722930281364,105
7175000,28800.000004032332,-515417.1444441753,301.30045914320533,1.0252448138177113,105
7180000,28820.000004036407,-514614.69964077324,300.29628986910154,1.0323255669502784,105
7185000,28840.00000404048,-514182.5743797424,300.63376565503455,1.0233847779458116,105
7190000,28860.000004044556,-515238.6236558736,303.39124203032054,1.0248190958058692,105
7195000,28880.00000404863,-513551.6958333375,300.2579140826156,1.0251266048423544,105
7200000,28900.000004052705,-514611.9800563089,298.6737317872102,1.0225166312141973,105
7205000,28920.00000405678,-514914.0151718252,302.7245390107359,1.023733798412348,105
7210000,28940.000004060854,-513729.58385919104,300.6604530776138,1.0271246962102931,105
7215000,28960.00000406493,-515266.59939778317,301.6988837957243,1.027875614569376,105
7220000,28980.000004069003,-514427.22436420387,301.69424381324,1.0234731138142406,105
7225000,29000.000004073077,-514333.0430240107,301.34368802200345,1.0225927131580688,105
7230000,29020.000004077152,-512998.60331908264,301.1691024935443,1.0233707177187665,105
7235000,29040.000004081227,-513907.76445377804,301.4271482129386,1.0228151034833421,105
7240000,29060.0000040853,-514221.92353553,299.56169892973185,1.024666984120778,105
7245000,29080.000004089376,-515459.62557591824,299.57895788192496,1.0258427062092406,105
7250000,29100.00000409345,-514013.0295478152,299.38775705003894,1.0245528853777726,105
7255000,29120.000004097525,-515793.0854190083,303.9668369333541,1.031681199365905,105
7260000,29140.0000041016,-515361.01530153025,301.7743854807949,1.0251128048986098,105
7265000,29160.000004105674,-513570.1971129179,302.2564269779544,1.0229135747491866,105
7270000,29180.00000410975,-514874.36649140064,300.2851565973451,1.0287288078928025,105
7275000,29200.000004113823,-513766.2435575768,303.17571405005987,1.024458867451384,105
7280000,29220.000004117897,-515403.27782608103,300.81154924022024,1.0274448669878236,105
7285000,29240.000004121972,-515716.3042735434,299.6878595945807,1.0282505749162005,105
7290000,29260.000004126046,-515151.1721181108,299.30966978807527,1.0247915028205081,105
7295000,29280.00000413012,-514711.8959005531,301.2848381157872,1.0282214254371482,105
7300000,29300.000004134195,-514552.76664249576,300.3925167552518,1.022170596921848,105
7305000,29320.00000413827,-515414.87445259583,301.92882690558497,1.0249843249395834,105
7310000,29340.000004142345,-515091.41712911124,299.7286748501548,1.0249293448474917,105
7315000,29360.00000414642,-515604.33775567333,303.35311894386575,1.0283192291068535,105
7320000,29380.000004150494,-516319.1442016666,299.7506906332505,1.0287841160148907,105
7325000,29400.000004154568,-514513.7891972973,301.2702460637802,1.022790347101936,105
7330000,29420.000004158643,-515741.14726758865,301.6346848093251,1.0278074297535367,105
7335000,29440.000004162717,-514467.8100507441,300.8059585976665,1.026307864915617,105
7340000,29460.00000416679,-515079.3061966223,299.8442913269302,1.0289971743702369,105
7345000,29480.000004170866,-514535.0593170007,301.9504067972569,1.0278085675559139,105
7350000,29500.00000417494,-515264.9378470592,299.5420729118853,1.0283753843479002,105
7355000,29520.000004179015,-515481.22378924116,301.97466755929014,1.0261044203085643,105
7360000,29540.00000418309,-514943.57283554785,300.2725889362643,1.026747457090678,105
7365000,29560.000004187164,-515426.1382682021,301.5303525779794,1.0289603513957621,105
7370000,29580.00000419124,-514766.2354280229,299.43874454174846,1.0252590938637278,105
7375000,29600.000004195314,-515215.492237119,304.28136291147194,1.022487452494768,105
7380000,29620.000004199388,-515275.3327742638,303.7434468358774,1.0268347415277275,105
7385000,29640.000004203463,-516094.39483002154,301.53888537468663,1.0298976329376393,105
7390000,29660.000004207537,-514585.32466772944,298.6992313620286,1.0269447245921988,105
7395000,29680.00000421161,-514781.1695475562,304.1870496714058,1.0237528123960637,105
7400000,29700.000004215686,-514365.9396031243,297.93565702415276,1.0249541014697787,105
7405000,29720.00000421976,-514159.2466916158,300.64250885301675,1.0254035884535162,105
7410000,29740.000004223835,-515881.8984280373,301.60868246108726,1.0291469430513749,105
7415000,29760.00000422791,-514880.35305385245,299.6380738554432,1.0260187609469884,105
7420000,29780.000004231984,-514424.4314739723,299.02233067528965,1.0245366721688849,105
7425000,29800.00000423606,-515800.6129556284,302.4672448330331,1.0276344563952862,105
7430000,29820.000004240133,-515172.1322454279,300.1000257184112,1.0251732535498812,105
7435000,29840.000004244208,-515047.6469008208,300.57863316652396,1.0254988110528231,105
7440000,29860.000004248282,-515509.8129454048,300.4385723411733,1.0248631788444067,105
7445000,29880.000004252357,-515683.3631017003,302.6545186481528,1.0255662072210232,105
7450000,29900.00000425643,-515262.6831633332,301.9592592206475,1.025670189909983,105
7455000,29920.000004260506,-515524.2807580803,301.7050732761985,1.0309181895230635,105
7460000,29940.00000426458,-514102.4794004187,303.19622931123416,1.0211403258688576,105
7465000,29960.000004268655,-513812.33188586496,300.8092769467068,1.0235901451947196,105
7470000,29980.00000427273,-515539.534999592,298.4508112537424,1.0234202246410762,105
7475000,30000.000004276804,-515484.6995274266,301.65949865010333,1.0231823003068308,105
7480000,30020.00000428088,-515223.79434552183,301.0648326638218,1.028503993020361,105
7485000,30040.000004284953,-515883.3782288919,301.38006294890283,1.0246036662393618,105
7490000,30060.000004289028,-514116.5968995821,303.72816658990314,1.0236721980081327,105
7495000,30080.000004293102,-516849.45759142214,303.47402008541854,1.0306372484133308,105
7500000,30100.000004297177,-515382.34403449576,299.6005424303211,1.0275721527701929,105
7505000,30120.00000430125,-515967.03973554424,300.9307313785374,1.0278033407457872,105
7510000,30140.000004305326,-514915.4699865065,300.40912971767074,1.027008769393386,105
7515000,30160.0000043094,-513968.4225199218,301.45581993795736,1.027268959070085,105
7520000,30180.000004313475,-514507.95896388846,301.7193278647466,1.023471098291524,105
7525000,30200.00000431755,-515118.2781583036,299.67157382011766,1.025914582446647,105
7530000,30220.000004321624,-515629.67942914576,301.09603325231546,1.0268527675040924,105
7535000,30240.0000043257,-514078.5319295225,302.8647629456764,1.025556768294592,105
7540000,30260.000004329773,-513731.20715378225,301.1008960042868,1.0239279291911079,105
7545000,30280.000004333848,-515726.9578819645,302.48013315617845,1.027090132680858,105
7550000,30300.000004337922,-514617.81527903676,300.1781027039123,1.025568430269124,105
7555000,30320.000004341997,-514973.92804487864,302.2613936828509,1.0265524405949726,105
7560000,30340.00000434607,-514876.15742333606,301.3585203687559,1.0265919675895925,105
7565000,30360.000004350146,-515827.05201684707,301.61657227198396,1.0288296257184284,105
7570000,30380.00000435422,-513847.91695831367,299.413222648602,1.0250717778543184,105
7575000,30400.000004358295,-515570.4796599678,299.75357146087345,1.0295660126304678,105
7580000,30420.00000436237,-514304.40705936146,301.02424237387027,1.0244342343882522,105
7585000,30440.000004366444,-514670.6554816896,304.8310038755956,1.0249482131337273,105
7590000,30460.00000437052,-516248.90711281425,298.26572514382474,1.0346231946729922,105
7595000,30480.000004374593,-515283.7256190949,301.2100064901999,1.024060076117262,105
7600000,30500.000004378668,-514844.7393682145,300.38535963514926,1.0243323255908714,105
7605000,30520.000004382742,-514748.2161714523,299.657379604978,1.029412393194298,105
7610000,30540.000004386817,-515422.9774411307,301.47760961672975,1.0215111049245114,105
7615000,30560.00000439089,-516892.2577830679,301.94033375199314,1.0318291562843704,105
7620000,30580.000004394966,-515330.91157360515,301.4661559689895,1.0248085441177668,105
7625000,30600.00000439904,-515560.00421026954,301.0691578620989,1.028451556998891,105
7630000,30620.000004403115,-514631.23620308423,301.9616952763624,1.020340196380977,105
7635000,30640.00000440719,-515503.7707073232,303.4387377781838,1.0296085616797968,105
7640000,30660.000004411264,-515802.1658578112,301.57818137117675,1.0293591030881857,105
7645000,30680.00000441534,-516303.9709382369,299.6163842207357,1.0273315255695938,105
7650000,30700.000004419413,-513884.2294384928,300.53211650386226,1.0223486722636772,105
7655000,30720.000004423488,-514644.1322221467,302.3527223560779,1.0228874450351781,105
7660000,30740.000004427562,-515280.9054087922,301.18029875099575,1.025846916026751,105
7665000,30760.000004431637,-514863.5717585713,301.85592107753644,1.0260834881936718,105
7670000,30780.00000443571,-514280.65575907007,301.91192619550617,1.0227331144546552,105
7675000,30800.000004439786,-514943.56502292235,299.1983493700622,1.0300093341891663,105
7680000,30820.00000444386,-514759.7245567979,300.3501115278766,1.02385463800504,105
7685000,30840.000004447935,-514556.62350886455,300.6529400111528,1.0209948859503433,105
7690000,30860.00000445201,-514024.5750989141,299.8180177259175,1.0255509060261936,105
7695000,30880.000004456084,-515222.0008678902,303.0533894886197,1.0264699452384958,105
7700000,30900.00000446016,-515452.2459014738,301.11397217826016,1.0281429914057132,105
7705000,30920.000004464233,-514569.9610654698,302.0568288571722,1.023643024050362,105
7710000,30940.000004468307,-516686.7245945991,299.497714305917,1.0274569001461995,105
7715000,30960.000004472382,-514640.4069196917,300.63618055302226,1.028005932756056,105
7720000,30980.000004476457,-514493.8217644829,300.9313214052702,1.0250733882375178,105
7725000,31000.00000448053,-515195.5771931852,302.1485777540926,1.026081465755933,105
7730000,31020.000004484606,-515534.1449522977,300.85299544602793,1.02793290017847,105
7735000,31040.00000448868,-515306.25247494364,300.3486170583326,1.0271545134575524,105
7740000,31060.000004492755,-515181.3872578929,301.3295502892327,1.0264269646404298,105
7745000,31080.00000449683,-514389.35554244043,298.8545720205854,1.0245742550258146,105
7750000,31100.000004500904,-514387.3479385043,302.2596087947559,1.0259261210162451,105
7755000,31120.00000450498,-514445.9844556211,300.0142755038062,1.027527922885766,105
7760000,31140.000004509053,-515609.23048753873,299.02089348667096,1.0260658349232998,105
7765000,31160.000004513127,-517113.69558319775,301.48280060641264,1.0306041719297232,105
7770000,31180.000004517202,-515482.9956461913,300.09851398511563,1.0267968688887585,105
7775000,31200.000004521276,-515590.89719533105,300.71404138958354,1.0269906378645501,105
7780000,31220.00000452535,-515281.7100172981,301.6271089474783,1.026264507836586,105
7785000,31240.000004529425,-515460.11437353585,301.16065497958255,1.0262289083784313,105
7790000,31260.0000045335,-516409.6090694689,300.66754332155193,1.028898867545244,105
7795000,31280.000004537575,-514914.09175506746,300.68859311697776,1.029142393055954,105
7800000,31300.00000454165,-516248.0567873772,299.36915529939097,1.0254581458083378,105
7805000,31320.000004545724,-516604.6688304406,301.1409263043096,1.027754120431065,105
7810000,31340.000004549798,-515053.8935486486,302.9326595615921,1.0286083683716427,105
7815000,31360.000004553873,-514847.2659880894,300.65025017338013,1.0279136077353905,105
7820000,31380.000004557947,-515259.70911696856,299.93926697816977,1.029970312868468,105
7825000,31400.00000456202,-515667.62024942227,301.59207293960213,1.0252877636993947,105
7830000,31420.000004566096,-514810.12104451284,300.2308511812478,1.0238999266673507,105
7835000,31440.00000457017,-514646.9063513123,301.22362547673123,1.025164323783932,105
7840000,31460.000004574245,-515269.3873733061,302.69263303840125,1.0300069813158257,105
7845000,31480.00000457832,-515943.6052235726,302.490722617633,1.0280264876257978,105
7850000,31500.000004582394,-515282.60853629606,302.9804626502156,1.0237659074928476,105
7855000,31520.00000458647,-515608.6493184755,301.9213330685903,1.0288569511809749,105
7860000,31540.000004590544,-513797.1717389303,297.52738149649736,1.023366708015952,105
7865000,31560.000004594618,-514910.12415622873,297.3460962407887,1.024091505815712,105
7870000,31580.000004598693,-513742.88996913354,302.61293562113036,1.021960420772901,105
7875000,31600.000004602767,-515799.03658185573,303.47164026167474,1.028350493651173,105
7880000,31620.00000460684,-515168.6631636508,300.46105033074525,1.0261458297121526,105
7885000,31640.000004610916,-515672.41753631015,302.0142473226647,1.0256519566306714,105
7890000,31660.00000461499,-515517.91529597575,302.7089953791472,1.0294408359791123,105
7895000,31680.000004619065,-515696.1302827073,302.4449972597961,1.0278717632005234,105
7900000,31700.00000462314,-515209.56485920213,301.99840128332966,1.0235578773964686,105
7905000,31720.000004627214,-513606.1599471448,300.87886055830836,1.0221440980631247,105
7910000,31740.00000463129,-515869.8087885275,300.3201818876811,1.0304707175719832,105
7915000,31760.000004635363,-514722.965420102,300.758428389861,1.0286174472405571,105
7920000,31780.000004639438,-515096.0925158721,300.4780122706332,1.0265970389697159,105
7925000,31800.000004643513,-513623.38972275984,299.88781755517164,1.0254541312063679,105
7930000,31820.000004647587,-515587.27012685686,299.3928938474093,1.0281555443483912,105
7935000,31840.00000465166,-515893.0125425102,298.6129923169381,1.0270609217974784,105
7940000,31860.000004655736,-514753.5763000555,298.90584688323287,1.0211293211445578,105
7945000,31880.00000465981,-513415.52303478215,300.965633143077,1.0247422297719042,105
7950000,31900.000004663885,-514456.0124481146,300.3910961398757,1.0274975463805578,105
7955000,31920.00000466796,-515248.7777489815,302.76968880462226,1.0235066743099195,105
7960000,31940.000004672034,-515114.9996465321,303.31943067758345,1.0251697471358896,105
7965000,31960.00000467611,-515818.75284028985,300.5761812909082,1.0251647981823218,105
7970000,31980.000004680183,-514676.73504390614,298.97836862149046,1.0288179804342235,105
7975000,32000.000004684258,-515010.3468589806,299.72714110021116,1.025564966485985,105
7980000,32020.000004688332,-515792.02333571203,301.2286264986767,1.025739296462967,105
7985000,32040.000004692407,-516223.2697805208,300.83150338625535,1.0284586530659408,105
7990000,32060.00000469648,-515931.4016297597,298.8583500450064,1.026236676201871,105
7995000,32080.000004700556,-515739.7057801101,299.71609492717107,1.0258941736522607,105
8000000,32100.00000470463,-514996.03058906784,297.77885538376586,1.0275411195037691,105
8005000,32120.000004708705,-515143.19565408,300.4485241412283,1.027795091142933,105
8010000,32140.00000471278,-515721.901400703,303.085153434996,1.0296818120889073,105
8015000,32160.000004716854,-515659.7628213451,301.78606491640795,1.0250597651630262,105
8020000,32180.00000472093,-516100.074954276,302.1299299388317,1.0304967286517563,105
8025000,32200.000004725003,-515594.0281346231,303.4864118624774,1.0244527987737697,105
8030000,32220.000004729078,-515162.44252801663,301.90872689927113,1.0274954497260025,105
8035000,32240.000004733152,-514367.1396419478,300.45939434847577,1.0253436796682076,105
8040000,32260.000004737227,-515728.19834548025,301.1333739713666,1.028423257779309,105
8045000,32280.0000047413,-514531.50271546654,301.6928065783632,1.0222452895602745,105
8050000,32300.000004745376,-517437.5017241561,299.38500767336154,1.026990284965593,105
8055000,32320.00000474945,-514294.1339494663,299.9695420670361,1.0276114093653679,105
8060000,32340.000004753525,-514891.94046454085,299.91371044901786,1.0286096355386707,105
8065000,32360.0000047576,-515168.45821853564,302.30627585587774,1.0250604140010946,105
8070000,32380.000004761674,-514930.33380603325,302.6652075478027,1.0233291885158282,105
8065000,32360.0000047576,-516175.43144288496,301.0073128606753,1.029475963602531,--
8070000,32380.000004761674,-515021.6105387558,301.70461573515496,1.025888077921463,107
8075000,32400.00000476575,-515136.63955933973,298.78567663447825,1.0253175150444203,107
8080000,32420.000004769823,-514013.97654658696,299.32876535470416,1.0270039276035903,107
8085000,32440.000004773898,-516172.22658252367,299.3860293504059,1.024475334893891,107
8090000,32460.000004777972,-514752.4370769714,301.38853640000644,1.0245911764340938,107
8095000,32480.000004782047,-515195.4748244069,303.7756457240196,1.023117049209715,106
8100000,32500.00000478612,-514294.36248861137,299.24295756601305,1.0219469029896082,106
8105000,32520.000004790196,-516808.3049351601,302.5843340003467,1.0296837434155817,106
8110000,32540.00000479427,-514593.15126719885,300.66383925774903,1.0250266015100455,106
8115000,32560.000004798345,-515036.3868406145,302.7216482438988,1.0267334515607092,106
8120000,32580.00000480242,-515309.7821256849,302.11114633129216,1.0268115682080667,106
8125000,32600.000004806494,-514982.8324977474,300.3519597134064,1.023538688378933,106
8130000,32620.00000481057,-514285.6505886158,303.0788766625796,1.0279847458367706,106
8135000,32640.000004814643,-515904.61903315084,300.5760658412339,1.0280998233886958,106
8140000,32660.000004818718,-514024.5498945045,302.0965175305627,1.021815187845462,106
8145000,32680.000004822792,-515825.7758701858,302.0981934859814,1.0251770201452048,106
8150000,32700.000004826867,-514744.7935729299,302.41896279782077,1.0218203014743361,106
8155000,32720.00000483094,-514310.02998402226,304.40248354625066,1.0234447265774231,106
8160000,32740.000004835016,-516524.1638560402,299.12101664193693,1.032626652432448,105
8165000,32760.00000483909,-515041.6152287782,301.9213678782279,1.0254924140389423,105
8170000,32780.00000484316,-516970.97053855634,300.54522028830513,1.029811281170713,105
8175000,32800.000004847236,-514892.631262708,302.21506622052704,1.0301583343233665,105
8180000,32820.00000485131,-514376.53673754213,299.37154399226534,1.0208159346426706,105
8185000,32840.000004855385,-514321.7479571672,299.5096324492633,1.0188678645376958,105
8190000,32860.00000485946,-515794.98281819094,302.0651124613633,1.0291995590689842,105
8195000,32880.000004863534,-515836.37018854055,300.3552431931157,1.0266560339449526,105
8200000,32900.00000486761,-516540.5526818398,299.6661734401188,1.0280841931706188,105
8205000,32920.00000487168,-516476.96539363987,300.5616248818107,1.0300200907297945,105
8210000,32940.00000487576,-515648.37118339865,299.6137187608574,1.0264111652036367,105
8215000,32960.00000487983,-514988.9877443551,301.485517838452,1.0287293980350396,105
8220000,32980.00000488391,-516012.31110290694,301.65904549423163,1.02701076469803,105
8225000,33000.00000488798,-515096.41014627647,299.40180263047233,1.0252860119548428,105
8230000,33020.000004892056,-515510.4916845511,301.52142070608176,1.0287308292004222,105
8235000,33040.00000489613,-515489.5167380732,299.3495174722912,1.0275025282658488,105
8240000,33060.000004900205,-515540.88794777263,299.4992269698566,1.0267753607631795,105
8245000,33080.00000490428,-516508.1090508902,300.435349600684,1.0329781679106775,105
8250000,33100.000004908354,-515039.87986784335,298.16475121852307,1.0267711469005305,105
8255000,33120.00000491243,-514404.33271584916,300.16628029470587,1.0312527034875707,105
8260000,33140.0000049165,-514642.6927307998,301.2270018204002,1.0246329195493695,105
8265000,33160.00000492058,-515010.2105323258,297.7287912236439,1.0296838959804417,105
8270000,33180.00000492465,-514285.87269552774,301.3885217743761,1.0224630563160864,105
8275000,33200.00000492873,-514573.38826107606,301.587356288437,1.0236776686158273,105
8280000,33220.0000049328,-515486.0757658526,302.1400418803918,1.0235942468307255,105
8285000,33240.000004936875,-515422.1504053713,299.0460184175852,1.0255476702799922,105
8290000,33260.00000494095,-515532.26519984147,301.0244405514158,1.0271977473890037,105
8295000,33280.000004945025,-515643.324607186,299.2297611835228,1.0274585709932693,105
8300000,33300.0000049491,-515400.9503274122,298.8861445254258,1.0228569663589635,105
8305000,33320.00000495317,-516654.347941682,300.32765858705295,1.023922216064595,105
8310000,33340.00000495725,-514348.18077942054,303.1444801492588,1.0271669052904626,105
8315000,33360.00000496132,-515756.78043216025,302.9982825021674,1.0223834271820917,105
8320000,33380.0000049654,-513940.9574514993,301.6780078071132,1.0275611443902954,105
8325000,33400.00000496947,-514732.11588684283,300.7826603480155,1.0204957543958888,105
8330000,33420.000004973546,-515318.3489478242,299.91974869270774,1.026521212021214,105
8335000,33440.00000497762,-514126.1276318126,301.1870755393448,1.0245149482079128,105
8340000,33460.000004981695,-515382.43942534993,297.8151497255452,1.0260045654101126,105
8345000,33480.00000498577,-515645.6266810375,300.2410222372407,1.0280345532922834,105
8350000,33500.000004989844,-515163.2586194123,304.5874242517806,1.024371665782276,105
8355000,33520.00000499392,-515799.43268261803,301.4594672933474,1.0289267769092696,105
8360000,33540.00000499799,-515280.05944407335,302.74646058734686,1.0293141401110784,105
8365000,33560.00000500207,-514851.9594466181,302.5571556788057,1.0281294039485531,105
8370000,33580.00000500614,-514930.6008332586,302.4983636190267,1.026646721484371,105
8375000,33600.00000501022,-514930.5906673013,297.85504450157964,1.0283022293752153,105
8380000,33620.00000501429,-516230.27664251975,299.92678447484263,1.0265921311919846,105
8385000,33640.000005018366,-515433.9303500124,299.13201151169363,1.0291377215137458,105
8390000,33660.00000502244,-515837.7769989497,301.4704090010381,1.0306729317503653,105
8395000,33680.000005026515,-515170.89159156196,304.6866258871934,1.0242403961107476,105
8400000,33700.00000503059,-514542.47803837154,302.6499883195528,1.0254365416052007,105
8405000,33720.000005034664,-515545.4632811034,301.8556240754455,1.0308998796548863,105
8410000,33740.00000503874,-515140.7852156025,300.2025630010888,1.0248192117352675,105
8415000,33760.00000504281,-514336.0251291231,300.904874485855,1.0263665340293466,105
8420000,33780.00000504689,-514583.62050909037,303.4210373766775,1.022409302717095,105
8425000,33800.00000505096,-514915.830946486,299.8671369265535,1.0284781089965052,105
8430000,33820.00000505504,-515812.1733482799,298.07716631727027,1.028430172229491,105
8435000,33840.00000505911,-514269.0050011752,303.494853141284,1.0290994920205556,105
8440000,33860.000005063186,-516352.6143879297,303.0607201357063,1.0303567594780108,105
8445000,33880.00000506726,-514861.01157753007,299.62987808416534,1.0283472918149799,105
8450000,33900.000005071335,-513218.71975130076,300.3506718967978,1.0225856653659033,105
8455000,33920.00000507541,-513354.2194006543,300.539280233484,1.0227601328467963,105
8460000,33940.000005079484,-515323.0497480745,300.3876597427788,1.0293968807574247,105
8465000,33960.00000508356,-516405.6721642257,301.7792211863014,1.0294501665448446,105
8470000,33980.00000508763,-514710.98962271935,302.13726372658545,1.0252411902616774,105
8475000,34000.00000509171,-513356.4749925318,302.4818417283061,1.0262727989405502,105
8480000,34020.00000509578,-514979.8366116036,297.4125848963931,1.0232311763626445,105
8485000,34040.00000509986,-513671.5806832297,301.8375287404164,1.0250209443199347,105
8490000,34060.00000510393,-514669.0734734661,301.1872358411813,1.0297642341051323,105
8495000,34080.000005108006,-514884.52164188307,301.3585843244488,1.0294558072655606,105
8500000,34100.00000511208,-515717.0182667426,297.9417526760211,1.0249384598372606,105
8505000,34120.000005116155,-515850.4312732932,302.5257473964562,1.0256082063647374,105
8510000,34140.00000512023,-514493.41919062054,300.4945631141921,1.0258639547706943,105
8515000,34160.000005124304,-516117.73916208395,300.3768917862493,1.029482768798071,105
8520000,34180.00000512838,-515860.0141681165,298.39580236310474,1.029221033321747,105
8525000,34200.00000513245,-514694.81093015196,301.65588290522754,1.027119553316979,105
8530000,34220.00000513653,-514217.69975985494,300.33289633309437,1.0227891225451393,105
8535000,34240.0000051406,-515121.9517192936,303.7312093139184,1.0265492097375826,105
8540000,34260.00000514468,-515316.5296069628,301.5464208752108,1.0242394003337043,105
8545000,34280.00000514875,-514142.9554070914,304.37258001826507,1.0249711916802116,105
8550000,34300.000005152826,-514307.9842749438,299.90072496913587,1.0275244180280552,105
8555000,34320.0000051569,-515490.9819059712,302.4761218669681,1.0271424643424205,105
8560000,34340.000005160975,-514945.5481027267,298.5776882963753,1.0256779655305825,105
8565000,34360.00000516505,-515325.7189373132,302.28139053313214,1.0250586482979411,105
8570000,34380.000005169124,-514922.43466859916,301.10256747538125,1.0222024410533013,105
8575000,34400.0000051732,-514014.4108439048,298.91312183733453,1.026989803824139,105
8580000,34420.00000517727,-514835.22532059276,301.7920650367878,1.0255090051474325,105
8585000,34440.00000518135,-514245.8567163544,299.3492466497121,1.020154999987105,105
8590000,34460.00000518542,-514865.5392328708,299.88029713704157,1.0249813760191409,105
8595000,34480.0000051895,-514469.55507275136,299.9693890337146,1.028065514524021,105
8600000,34500.00000519357,-514693.8517118541,303.36333901130024,1.027848399981898,105
8605000,34520.000005197646,-514538.2835440743,300.6874310626361,1.0294323265939056,105
8610000,34540.00000520172,-515628.27690664073,299.48014182962004,1.0319847687468238,105
8615000,34560.000005205795,-515660.54390698764,301.269598549298,1.0266076559072086,105
8620000,34580.00000520987,-514303.1414803101,302.4904340176837,1.026201963600038,105
8625000,34600.000005213944,-516482.6022894294,300.7378539071488,1.0273302607899542,105
8630000,34620.00000521802,-516098.6108214352,302.3026678788876,1.0304755323662589,105
8635000,34640.00000522209,-514955.16312104417,301.68728848926025,1.0235356793679256,105
8640000,34660.00000522617,-514635.0981127657,300.28569712338003,1.024214841468394,105
8645000,34680.00000523024,-516094.5077480546,301.46576977250703,1.027552918086251,105
8650000,34700.00000523432,-514684.6774105977,303.3579277061289,1.0263662534599527,105
8655000,34720.00000523839,-515101.1969349899,300.06886544297,1.0212747599649703,105
8660000,34740.000005242466,-516195.90317512,304.4071606425184,1.024217318888814,105
8665000,34760.00000524654,-515387.55054409406,301.07815961327566,1.0226479105351542,105
8670000,34780.000005250615,-515167.76857108995,302.6977428062817,1.0272831921231866,105
8675000,34800.00000525469,-515654.47308692266,303.44876982779186,1.0299757207813247,105
8680000,34820.000005258764,-514748.80096544256,300.58211742305093,1.021539680774112,105
8685000,34840.00000526284,-516088.3765140353,299.0004793093192,1.029468677686595,105
8690000,34860.00000526691,-515953.04052675725,299.6252684552171,1.0293694141373804,105
8695000,34880.00000527099,-515194.8351471273,303.06261886259085,1.0260647676480419,105
8700000,34900.00000527506,-515115.85566834337,303.2531219380413,1.023387052917656,105
8705000,34920.00000527914,-516870.4046710087,301.8083671754231,1.027908111511163,105
8710000,34940.00000528321,-514982.0755358001,299.9920159641707,1.0275963490579505,105
8715000,34960.000005287286,-516682.0103869161,301.93052785160774,1.028315580888092,105
8720000,34980.00000529136,-515475.4574004691,302.24961867959945,1.0292865386722805,105
8725000,35000.000005295435,-513984.7574012631,298.9258821896299,1.0242707170750949,105
8730000,35020.00000529951,-515885.53086759336,302.4080311906276,1.0256476622588788,105
8735000,35040.000005303584,-515817.05442802864,301.0706913683543,1.0301914798916947,105
8740000,35060.00000530766,-515380.2311431505,300.2336735478377,1.0282275332899398,105
8745000,35080.00000531173,-514455.85740850423,300.97185566121215,1.0232715558642798,105
8750000,35100.00000531581,-515911.283935742,297.1560596560477,1.029398536702856,105
8755000,35120.00000531988,-515036.1859207349,302.4948666657998,1.029377698583739,105
8760000,35140.00000532396,-515949.59803685057,303.0059900759142,1.0288944005417615,105
8765000,35160.00000532803,-514314.983673146,299.25419141955365,1.027228172443154,105
8770000,35180.000005332106,-514033.75686388486,301.2664428380882,1.025816337868671,105
8775000,35200.00000533618,-515050.24579947954,301.42283895548024,1.0281124869199112,105
8780000,35220.000005340255,-513758.3741750454,301.399126080858,1.0197794529817201,105
8785000,35240.00000534433,-515664.5635800231,300.91791336158246,1.0221189521205098,105
8790000,35260.000005348404,-515403.03113507037,301.8794179350636,1.024970327614465,105
8795000,35280.00000535248,-515062.7297209704,302.68269535665655,1.027842970620048,105
8800000,35300.00000535655,-514780.9627778991,300.1343820433945,1.0215862876400694,105
8805000,35320.00000536063,-515427.5152612005,300.2323987040673,1.0293301203418048,105
8810000,35340.0000053647,-514549.2680838811,298.48587445626987,1.0259626282916765,105
8815000,35360.000005368776,-516942.81053759065,303.1170078429518,1.0285569754994555,105
8820000,35380.00000537285,-514289.9478831489,303.1653958508277,1.024038287332209,105
8825000,35400.000005376925,-515825.26144768135,299.89440690245436,1.0297629421560788,105
8830000,35420.000005381,-516541.1604892756,300.60610844469176,1.0264197790569447,105
8835000,35440.000005385074,-514293.0190330846,300.7180386511952,1.0251389300630434,105
8840000,35460.00000538915,-515122.52826388227,300.64862280604797,1.0260893603964827,105
8845000,35480.00000539322,-514942.5472827966,300.56132237209584,1.025769318293405,105
8850000,35500.0000053973,-516302.61545705143,300.3129386192011,1.026501593432361,105
8855000,35520.00000540137,-515531.0358740522,299.24381596203216,1.0235152818679536,105
8860000,35540.00000540545,-516954.3307952939,302.07861508384445,1.0300876958409417,105
8865000,35560.00000540952,-515188.1051922834,298.5949311681478,1.0233424800076951,105
8870000,35580.000005413596,-514781.39288025675,299.3847016862827,1.024425999990484,105
8875000,35600.00000541767,-515841.63250992564,299.9328110029886,1.0293140114654695,105
8880000,35620.000005421745,-514458.2340067008,304.84270143506296,1.0290621235951785,105
8885000,35640.00000542582,-514595.1907749525,300.31450840645243,1.0255707448075166,105
8890000,35660.000005429894,-514957.08414183394,303.70416123615627,1.023563771778171,105
8895000,35680.00000543397,-515830.5229443356,300.99406297956125,1.0322228635575161,105
8900000,35700.00000543804,-513965.1162151068,301.87125599399843,1.023644724128652,105
8905000,35720.00000544212,-513738.27670621057,301.3428369183366,1.0257377010761217,105
8910000,35740.00000544619,-515607.9833769589,301.92308172610495,1.024553705647745,105
8915000,35760.00000545027,-514157.68181601516,303.04570266562274,1.0252398309648327,105
8920000,35780.00000545434,-514741.84601823473,300.8484880866161,1.0227418831658441,105
8925000,35800.000005458416,-515444.01162938797,301.60558487577913,1.0314702183904534,105
8930000,35820.00000546249,-515499.84020196623,297.8393176191186,1.029282506046195,105
8935000,35840.000005466565,-515483.190164278,301.4581291026788,1.0287215123913398,105
8940000,35860.00000547064,-514173.44487049663,301.4128803346868,1.0253969522525117,105
8945000,35880.000005474714,-516125.7015795873,302.2322004071343,1.0305499249780592,105
8950000,35900.00000547879,-515938.09163125884,299.40557046922754,1.0314337794201296,105
8955000,35920.00000548286,-515597.3010173086,299.0206314040477,1.0268282469187338,105
8960000,35940.00000548694,-514917.8723706291,298.4932137300424,1.024882581085378,105
8965000,35960.00000549101,-514636.2497733936,301.06160226282736,1.0246107398777293,105
8970000,35980.00000549509,-515198.05143714044,300.36133652070566,1.0290143272269192,105
8975000,36000.00000549916,-514884.4140349792,300.3275356964002,1.028300833801967,105
8980000,36020.000005503236,-515232.0365436906,300.3195072701123,1.0253881170390327,105
8985000,36040.00000550731,-514014.2406082046,300.7972091916853,1.0253031462513928,105
8990000,36060.000005511385,-514683.1401002505,301.0684905169196,1.0258805886967397,105
8995000,36080.00000551546,-514140.3756128636,303.95606794173597,1.0243037448582062,105
9000000,36100.000005519534,-514773.7235462966,303.1689312768967,1.0272180806757247,105
9005000,36120.00000552361,-515734.8363544445,302.09581075582275,1.0286236891596823,105
9010000,36140.00000552768,-515006.9770969902,301.3168279412713,1.0268398883259933,105
9015000,36160.00000553176,-515079.25971013727,300.4869762965434,1.022051555912428,105
9020000,36180.00000553583,-514738.46229907963,302.0950779359332,1.023222553995434,105
9025000,36200.00000553991,-515987.0459988257,300.9577699697612,1.0283728395020233,105
9030000,36220.00000554398,-516362.9387082495,301.8202969651911,1.0283648430425478,105
9035000,36240.000005548056,-514071.92271722294,297.91787724307386,1.0212221211765562,105
9040000,36260.00000555213,-515438.8629977354,301.12506038608245,1.0261459890378817,105
9045000,36280.000005556205,-516390.81620052457,300.7965997281622,1.0243134008910904,105
9050000,36300.00000556028,-514498.3333873886,302.8732885777719,1.0242885560766912,105
9055000,36320.000005564354,-515474.7576004304,299.28507819636695,1.0279514253059312,105
9060000,36340.00000556843,-515291.8645581042,298.20121790772583,1.0314114645286447,105
9065000,36360.0000055725,-514877.5264634802,300.7210487036127,1.026539650419193,105
9070000,36380.00000557658,-516242.5606470271,298.03426464381863,1.0293204294736205,105
9075000,36400.00000558065,-515246.45462538186,299.8733609768574,1.0319758328660027,105
9080000,36420.00000558473,-513555.5241013104,300.28228854051565,1.0242231122904866,105
9085000,36440.0000055888,-515723.2688867026,301.2075390490518,1.0263260015378264,105
9090000,36460.000005592876,-514993.3991688285,301.44153738235366,1.0230096048527717,105
9095000,36480.00000559695,-514951.6815539072,300.621392701919,1.0239344587775885,105
9100000,36500.000005601025,-514000.957323832,304.08203994988185,1.0252569586233489,105
9105000,36520.0000056051,-514867.9045543922,299.7124293365097,1.024715819911501,105
9110000,36540.000005609174,-515911.58309504273,299.6286819573439,1.0287298214279585,105
9115000,36560.00000561325,-514719.84684635606,301.36520774060324,1.0243477587508845,105
9120000,36580.00000561732,-514580.6121652394,300.49376810193957,1.029189301185573,105
9125000,36600.0000056214,-515645.64471028163,297.7967357997048,1.0266653475387821,105
9130000,36620.00000562547,-515061.3118243364,300.5022935117838,1.0235377261469059,105
9135000,36640.00000562955,-514148.91267125914,302.606911521188,1.0267796228163129,105
9140000,36660.00000563362,-515916.05058474233,300.09658404778065,1.0271567206807175,105
9145000,36680.000005637696,-516004.7044218376,302.3833997275943,1.03093147853214,105
9150000,36700.00000564177,-515126.3481971836,300.8028423014315,1.0249343070308423,105
9155000,36720.000005645845,-513459.83604238415,301.6829495353096,1.0227791522646854,105
9160000,36740.00000564992,-514279.23884421214,299.9650474379226,1.022346001843963,105
9165000,36760.000005653994,-515397.9641892449,299.69387499696126,1.0239471687374704,105
9170000,36780.00000565807,-515501.70759796584,299.7519668443822,1.0245295311225622,105
9175000,36800.00000566214,-513990.16646009474,301.6883814116541,1.0200376628803258,105
9180000,36820.00000566622,-515045.582522637,301.8136766683075,1.0276053242518588,105
9185000,36840.00000567029,-515227.147094697,300.0528474727704,1.0253798228216633,105
9190000,36860.00000567437,-514921.4757086658,301.1527462228533,1.023381238733137,105
9195000,36880.00000567844,-515104.8918226862,303.05464411078054,1.0229387970484953,105
9200000,36900.000005682516,-515276.79585832707,301.7019469642306,1.0233853991898458,105
9205000,36920.00000568659,-515136.89128957805,303.4194007166316,1.0255296815058288,105
9210000,36940.000005690665,-515317.3592937272,300.9949872383312,1.0293953079802787,105
9215000,36960.00000569474,-514867.2485274724,297.65549605838123,1.027234212537256,105
9220000,36980.000005698814,-515329.5085616582,300.466058222318,1.0239747648406015,105
9225000,37000.00000570289,-514939.08299503266,301.6154770966985,1.0278755951298724,105
9230000,37020.00000570696,-515095.49429114116,301.66731255824385,1.0236919767678625,105
9235000,37040.00000571104,-513590.0849954204,302.0713726407732,1.0209206621780473,105
9240000,37060.00000571511,-515053.7261274785,297.21462591127096,1.0242159263594155,105
9245000,37080.00000571919,-515532.3591990706,299.3174822433732,1.028327577599518,105
9250000,37100.00000572326,-514627.8169162611,302.2894532195412,1.0291155206502551,105
9255000,37120.000005727336,-515324.8331800627,300.4758173771349,1.0238960755694002,105
9260000,37140.00000573141,-515542.3445448268,301.88641553814045,1.0263746423757738,105
9265000,37160.000005735485,-514809.6388916923,303.257606172547,1.025039621111742,105
9270000,37180.00000573956,-515896.6660112329,299.89682444319664,1.0289654639106778,105
9275000,37200.000005743634,-514297.52468867996,301.65569745830425,1.0242455793519791,105
9280000,37220.00000574771,-515436.75551735633,300.1021417759253,1.0258648464712994,105
9285000,37240.00000575178,-514506.28046439076,302.6827498256677,1.0232669594815356,105
9290000,37260.00000575586,-514643.97352739214,299.5424342921433,1.0279084382058845,105
9295000,37280.00000575993,-513636.44574675546,300.50025447345183,1.0225019831783324,105
9300000,37300.000005764006,-515896.55821658275,301.9672442881174,1.0263366072339049,105
9305000,37320.00000576808,-514750.8363931633,299.4224761558403,1.0264543838096356,105
9310000,37340.000005772155,-515328.09127795487,300.26347474579427,1.0281576926205396,105
9315000,37360.00000577623,-515661.4588518685,297.72287032587917,1.0276998827970731,105
9320000,37380.000005780304,-513776.633732975,301.63917734225623,1.026362738409019,105
9325000,37400.00000578438,-514495.5592919255,302.014159450731,1.0239420717740588,105
9330000,37420.00000578845,-516189.53311932343,300.107602106556,1.0255428291445001,105
9335000,37440.00000579253,-514412.42233761307,302.19132085447615,1.0239544242798346,105
9340000,37460.0000057966,-515979.9215416375,299.4759775593445,1.0237173483068682,105
9345000,37480.00000580068,-514646.96662903787,297.57294642976865,1.022745774538325,105
9350000,37500.00000580475,-515219.1703324225,302.3535629286656,1.0321488447362626,105
9355000,37520.000005808826,-515242.69679050567,302.3197741285543,1.0280553035815267,105
9360000,37540.0000058129,-515412.3513172823,300.63237239958323,1.0249145473536452,105
9365000,37560.000005816975,-514863.04236031836,302.7034448341461,1.0269610459413034,105
9370000,37580.00000582105,-515786.6203770491,300.775717343994,1.0294640187076025,105
9375000,37600.000005825124,-515459.8065330095,303.4868242690782,1.0299045937843634,105
9380000,37620.0000058292,-515619.64411817375,301.67854220387363,1.0293362072797243,105
9385000,37640.00000583327,-516825.2609455851,302.8920981807068,1.0239979536017045,105
9390000,37660.00000583735,-514137.40632757335,299.1074653383022,1.0235325494408232,105
9395000,37680.00000584142,-515069.3876037414,303.7699921191571,1.0249925578346477,105
9400000,37700.0000058455,-513771.33522235695,300.09144631980655,1.0238641543767486,105
9405000,37720.00000584957,-516770.44340760354,300.1663869179658,1.0244448511220727,105
9410000,37740.000005853646,-515202.87591447076,303.1840643460048,1.026124929216336,105
9415000,37760.00000585772,-514339.53359031654,301.9009182425959,1.0191907703015477,105
9420000,37780.000005861795,-515378.2542230543,301.6319303299194,1.0242753993160227,105
9425000,37800.00000586587,-515621.35308593395,302.60616265946896,1.0246321720894858,105
9430000,37820.000005869944,-515456.9078929615,300.9495932847574,1.0267338677908413,105
9435000,37840.00000587402,-515296.7651517971,302.39166961730075,1.029103832872949,105
9440000,37860.00000587809,-514982.85054832906,301.06455311024376,1.0291477006145477,105
9445000,37880.00000588217,-516232.5136904998,302.9864728922783,1.0242603138804642,105
9450000,37900.00000588624,-513587.0382524454,299.1183194445207,1.0236288551396515,105
9455000,37920.00000589032,-514253.1309627739,300.2002731384462,1.024300277380049,105
9460000,37940.00000589439,-514888.31964508,299.94519810272766,1.0275544113999941,105
9465000,37960.000005898466,-514033.7307099153,300.9558387073544,1.0249315047397534,105
9470000,37980.00000590254,-515280.74731556396,301.2088547191323,1.0230021849851167,105
9475000,38000.000005906615,-515551.0306758052,299.93456554880936,1.0293871261736705,105
9480000,38020.00000591069,-515183.86922784103,300.6649109069235,1.023388014536115,105
9485000,38040.000005914764,-515853.8613963006,301.0198512222771,1.0268126300408578,105
9490000,38060.00000591884,-515437.6906186943,300.5262779397337,1.0271600939002283,105
9495000,38080.00000592291,-514665.8292315828,302.14112881494776,1.0258642337366783,105
9500000,38100.00000592699,-515290.88434520154,300.2130505686946,1.0230178554656515,105
9505000,38120.00000593106,-514035.0428822462,300.80258244285346,1.0258393039304232,105
9510000,38140.00000593514,-513951.91200955026,302.2371849445843,1.0281259829254314,105
9515000,38160.00000593921,-515101.2426380045,300.6633987641356,1.022122034526422,105
9520000,38180.000005943286,-516647.59219643637,302.7798685625605,1.0258521391262483,105
9525000,38200.00000594736,-514787.92329366016,300.77753462316593,1.025958602616218,105
9530000,38220.000005951435,-515129.1150764823,303.359748967876,1.0259610426551173,105
9535000,38240.00000595551,-516273.83279805677,300.4034408541439,1.0268059295608778,105
9540000,38260.000005959584,-514594.791586512,299.31123063689074,1.023001726876011,105
9545000,38280.00000596366,-515834.95959956245,301.2140070249265,1.027498056155162,105
9550000,38300.00000596773,-514506.33692733943,301.9341044648078,1.0270691366178373,105
9555000,38320.00000597181,-516100.9246990853,300.8739412902489,1.0269269023984777,105
9560000,38340.00000597588,-515085.26440529595,299.78900429180584,1.0269946942110217,105
9565000,38360.00000597996,-514762.8524712273,301.89905842997797,1.024757682502959,105
9570000,38380.00000598403,-515484.3718491853,300.5028427829169,1.0245773840670196,105
9575000,38400.000005988106,-516186.08454059344,300.95365377277443,1.0311731661537282,105
9580000,38420.00000599218,-515560.1473109317,300.4734239831402,1.0292767361305646,105
9585000,38440.000005996255,-514577.9535940781,302.45251100903965,1.0241702093142724,105
9590000,38460.00000600033,-514480.13811368006,300.2802741396477,1.0245806222771894,105
9595000,38480.000006004404,-515778.75290709897,302.1406891522172,1.0273243859821029,105
9600000,38500.00000600848,-513750.49420278403,301.1517961009276,1.0289943208416659,105
9605000,38520.00000601255,-515720.7959712702,298.31277091537083,1.024204843336848,105
9610000,38540.00000601663,-515093.25093282014,300.70506437258535,1.0260582516290868,105
9615000,38560.0000060207,-515980.934853886,301.0250605974039,1.0257299699639186,105
9620000,38580.00000602478,-516246.9916835644,301.37911519135383,1.0276432017586474,105
9625000,38600.00000602885,-514821.9682431957,303.06864477192966,1.026357723859988,105
9630000,38620.000006032926,-514919.0562156255,300.2476819108828,1.0238380729028373,105
9635000,38640.000006037,-513773.7289230677,300.7126679751222,1.0257864572568274,105
9640000,38660.000006041075,-515395.4525929487,301.1021157231615,1.0264060628359026,105
9645000,38680.00000604515,-514361.4342510449,300.69530123547116,1.0239332686579428,105
9650000,38700.000006049224,-514604.4671014792,301.643696906242,1.0227912069501226,105
9655000,38720.0000060533,-513720.53366991645,299.9313165723489,1.0232263365954233,105
9660000,38740.00000605737,-513424.26148034283,300.7965826732205,1.0271263519083582,105
9665000,38760.00000606145,-515599.96046318905,301.3179063175647,1.0299593342908397,105
9670000,38780.00000606552,-516193.1051886347,299.59529303357897,1.0284118758888485,105
9675000,38800.0000060696,-514687.9234804802,300.1476686363266,1.0226313593323018,105
9680000,38820.00000607367,-516061.7208103882,297.3269628779982,1.0279982243334813,105
9685000,38840.000006077746,-513854.6654220084,299.0509073817654,1.0264643435070642,105
9690000,38860.00000608182,-515683.06652661203,300.6523222849695,1.0298183912233048,--
9695000,38880.000006085895,-515039.4277932062,300.17054224647785,1.0270413880208744,108
9700000,38900.00000608997,-514567.2295989541,298.35944383023514,1.02817373389892,108
9705000,38920.000006094044,-514435.70974768326,302.2897850858862,1.0251273085817239,107
9710000,38940.00000609812,-514445.02830638154,302.4347450533135,1.0226000812476064,107
9715000,38960.00000610219,-515416.91759113525,299.83111497367946,1.0271948794027894,107
9720000,38980.00000610627,-515309.15058886004,299.1890016006273,1.0275807304869742,107
9725000,39000.00000611034,-515021.19374077907,302.29485753752135,1.0255689818644491,105
9730000,39020.00000611442,-515905.165397611,301.87278739618426,1.0295490003982513,105
9735000,39040.00000611849,-515738.99788437155,299.60981542829506,1.02779910170105,105
9740000,39060.000006122566,-514557.3926669718,298.67737829443587,1.0287720366535706,105
9745000,39080.00000612664,-514833.76209653215,299.26742041851634,1.0332693824814687,105
9750000,39100.000006130715,-514548.6698928566,303.1266729424176,1.0229319653883957,105
9755000,39120.00000613479,-514643.0777809401,300.7174887429434,1.0259142593369497,105
9760000,39140.000006138864,-515714.125078507,302.9126171019057,1.0242875338420057,105
9765000,39160.00000614294,-516022.44621672994,302.10066391218044,1.0248393622452796,105
9770000,39180.00000614701,-515082.79999055434,301.66850272997186,1.0277072649896994,105
9775000,39200.00000615109,-516115.30450818455,302.5525459951622,1.0286874136612445,105
9780000,39220.00000615516,-515455.5387355713,301.5739467425295,1.022213349053014,105
9785000,39240.00000615924,-514671.5678870424,300.93107151125236,1.0227687913933783,105
9790000,39260.00000616331,-514027.11146493093,302.5258600764861,1.0232576106240003,105
9795000,39280.000006167385,-515332.8051721649,300.69455324934165,1.0266220363924208,105
9800000,39300.00000617146,-515691.7785657784,302.62502468142526,1.0242829317487885,105
9805000,39320.000006175535,-514601.96185465436,299.1783676718356,1.0283331449013393,105
9810000,39340.00000617961,-515372.31952403975,298.8541439708017,1.0275649861456975,105
9815000,39360.00000618368,-515272.2558561072,301.07447906246455,1.0279340087092188,105
9820000,39380.00000618776,-516192.54585081013,303.85246237654866,1.0253705138060836,105
9825000,39400.00000619183,-515877.7752840761,300.5868498838738,1.0294335777865917,105
9830000,39420.00000619591,-515509.1133029221,303.46729358457236,1.0231894818682514,105
9835000,39440.00000619998,-514737.81266403943,301.7299069925411,1.0249337789933848,105
9840000,39460.000006204056,-515644.8952260129,302.2402902564283,1.0283700675345457,105
9845000,39480.00000620813,-514835.0236191873,301.7019819336981,1.0243293089084111,105
9850000,39500.000006212205,-515203.2208358627,301.4371397083409,1.0277883717204006,105
9855000,39520.00000621628,-516293.5601109208,300.70568867817724,1.0309340629505832,105
9860000,39540.000006220354,-515959.0238594534,300.7332917890091,1.0295735159623627,105
9865000,39560.00000622443,-515829.94580359454,300.5230824341865,1.0254590619964592,105
9870000,39580.0000062285,-515509.3057736538,301.29276809823995,1.023898541082734,105
9875000,39600.00000623258,-516840.50599950855,299.39857282586485,1.0305755213671939,105
9880000,39620.00000623665,-514626.6861713615,301.16069794587065,1.0205790135973023,105
9885000,39640.00000624073,-513828.0879532804,301.00017196194943,1.0217591784256719,105
9890000,39660.0000062448,-514917.00147275976,302.5250317198267,1.020629390747083,105
9895000,39680.000006248876,-514753.4591811686,301.51405042262286,1.0239280288495891,105
9900000,39700.00000625295,-516012.5924258968,302.3524430033556,1.028514372884224,105
9905000,39720.000006257025,-515353.237842859,301.57231595663194,1.0271464246021864,105
9910000,39740.0000062611,-514982.90061006905,299.9155330828966,1.0272335801349528,105
9915000,39760.000006265174,-514957.2389525734,299.870619345317,1.0250961747316847,105
9920000,39780.00000626925,-514274.0056257567,299.7859056371032,1.0251752048210385,105
9925000,39800.00000627332,-514205.35547233745,299.3324946665492,1.0249736806691285,105
9930000,39820.0000062774,-515876.2160753452,299.4280900808787,1.0259876609807377,105
9935000,39840.00000628147,-515386.29529896635,301.12188397953423,1.026374671377852,105
9940000,39860.00000628555,-515236.05764976493,300.2797999697934,1.0251174515796782,105
9945000,39880.00000628962,-514045.3466444935,301.7749951586616,1.0240525368590845,105
9950000,39900.000006293696,-516101.4567874591,300.39626545798956,1.027016385173941,105
9955000,39920.00000629777,-516071.90704271756,303.73889528406073,1.0284849265959806,105
9960000,39940.000006301845,-515088.8176726175,300.6604125620768,1.028106368519084,105
9965000,39960.00000630592,-514997.15022641164,301.3498730689246,1.0299101665080348,105
9970000,39980.000006309994,-515596.5728559089,300.4385793026881,1.030682281979004,105
9975000,40000.00000631407,-515387.7609600993,302.0568745868616,1.0300470839738685,105
9980000,40020.00000631814,-514473.1724001323,301.8753152589147,1.0260719183539064,105
9985000,40040.00000632222,-515298.04832974914,298.87413166096513,1.0241936951847475,105
9990000,40060.00000632629,-516545.7205242298,302.8381553000128,1.0286393270926573,105
9995000,40080.00000633037,-514752.87326089316,300.90020993213244,1.0238494660928767,105
10000000,40100.00000633444,-515060.685049844,301.3983244153861,1.0229059076666773,105
10005000,40120.000006338516,-515290.3307094823,301.51786158034724,1.02452567886664,105
10010000,40140.00000634259,-515049.1517571744,299.9189093862757,1.0308973528238268,105
10015000,40160.000006346665,-515014.2349236391,300.39730668610775,1.02562731282157,105
10020000,40180.00000635074,-515866.8099783091,298.9727172144373,1.0292459370699656,105
10025000,40200.000006354814,-514662.95908684167,301.7176156182159,1.0257220224169687,105
10030000,40220.00000635889,-515394.95714523573,299.0906641955776,1.0276429215609346,105
10035000,40240.00000636296,-514126.21530169784,303.8490083881386,1.0251532181182115,105
10040000,40260.00000636704,-516269.4575031984,301.2007990356605,1.0292340159644928,105
10045000,40280.00000637111,-513962.4059285361,302.4941144952824,1.0284402389131406,105
10050000,40300.00000637519,-513973.97719484824,300.04886987442575,1.0278621657967382,105
10055000,40320.00000637926,-515743.5067831564,302.07085422375815,1.0255627928242228,105
10060000,40340.000006383336,-514746.559075536,300.965285571089,1.025697674940108,105
10065000,40360.00000638741,-514917.22556710313,301.7027007814921,1.0241693191317274,105
10070000,40380.000006391485,-515279.38283360866,301.1942230876844,1.0272345706904409,105
10075000,40400.00000639556,-515990.1078769502,299.1269111014512,1.0319996631454438,105
10080000,40420.000006399634,-516066.79970509745,302.5955996610187,1.0277859950954567,105
10085000,40440.00000640371,-516249.23752671364,301.2935532743528,1.0281431557493996,105
10090000,40460.00000640778,-514476.25347684463,301.5347884188904,1.0223798698151902,105
10095000,40480.00000641186,-515940.99492314877,298.60111110414334,1.028256659897352,105
10100000,40500.00000641593,-515101.0693951468,300.34256261127,1.0231795901621579,105
10105000,40520.00000642001,-514797.60254118056,301.43219404578736,1.0263231317804564,105
10110000,40540.00000642408,-514233.810330024,298.3296238377325,1.0258452328126577,105
10115000,40560.000006428156,-514465.2395509919,299.6600732405918,1.0201915785112086,105
10120000,40580.00000643223,-515996.3566476342,301.0129985130715,1.025368372479256,105
10125000,40600.000006436305,-515546.0334949158,299.9995244595433,1.0257931865131986,105
10130000,40620.00000644038,-513848.33749702806,300.9817866388146,1.0254492157539639,105
10135000,40640.000006444454,-515539.50333936675,300.81334542727706,1.025290365937924,105
10140000,40660.00000644853,-515268.16992306104,302.2455391936271,1.0268518877010917,105
10145000,40680.0000064526,-515933.0115889602,299.99387958148645,1.0282067812051958,105
10150000,40700.00000645668,-514798.9380580201,302.63954382273346,1.029478086790885,105
10155000,40720.00000646075,-515402.2224306308,298.50580579983585,1.026706491537599,105
10160000,40740.00000646483,-516087.3820413081,297.07886400837225,1.0279493430420072,105
10165000,40760.0000064689,-514926.59524791036,301.263835397603,1.0249433638918273,105
10170000,40780.000006472976,-514181.32356099365,301.75921837128675,1.026194516349406,105
10175000,40800.00000647705,-516146.6078541933,302.5846021499696,1.0310986624298795,105
10180000,40820.000006481125,-515477.8813892377,299.90320141440014,1.026320556351189,105
10185000,40840.0000064852,-513560.42856342555,300.59751708264736,1.02256930184958,105
10190000,40860.000006489274,-515996.3570764526,302.7676380820227,1.0324320882526974,105
10195000,40880.00000649335,-514689.67122216406,301.7849870428165,1.025414982880137,105
10200000,40900.00000649742,-515024.085456891,303.2823267753555,1.0284632416963344,105
10205000,40920.0000065015,-515009.3789232378,299.33825618322714,1.0265966602549847,105
10210000,40940.00000650557,-516888.61999406107,300.51558444867516,1.0292262215184422,105
10215000,40960.00000650965,-515356.8836345461,302.2814871905785,1.0252983354394338,105
10220000,40980.00000651372,-513718.33649740275,303.02982949534453,1.026727007306356,105
10225000,41000.000006517796,-515087.0551492104,302.3965648704633,1.0238866182228437,105
10230000,41020.00000652187,-515907.0865336105,300.0584169361155,1.0264830087318981,105
10235000,41040.000006525945,-515608.6519295082,299.9171218262049,1.0304783191804727,105
10240000,41060.00000653002,-515796.72413513134,300.42457786532117,1.0245723175963548,105
10245000,41080.000006534094,-515223.36774436873,300.05535569834143,1.0278160230906699,105
10250000,41100.00000653817,-514629.9424064683,302.18675541589,1.0272414868856121,105
10255000,41120.00000654224,-514487.9711347758,304.76361981046244,1.0226078852046594,105
10260000,41140.00000654632,-514477.3544239907,299.38045039919473,1.027946028120671,105
10265000,41160.00000655039,-515192.3756994158,303.33176328350976,1.0295022378386853,105
10270000,41180.00000655447,-514352.51159556,302.6672319464745,1.0260167763438781,105
10275000,41200.00000655854,-515216.7500381605,302.096811754472,1.0298051031047728,105
10280000,41220.000006562615,-514676.86553286994,298.21423051341657,1.0253211004667964,105
10285000,41240.00000656669,-516084.80353448587,301.9810665177519,1.0303839943717001,105
10290000,41260.000006570765,-514233.37293092255,299.26534706643304,1.0281188877439473,105
10295000,41280.00000657484,-514690.6108415525,302.5288813582069,1.024166218260448,105
10300000,41300.00000657891,-515662.21243824717,303.54202387987164,1.0269887861990277,105
10255000,41120.00000654224,-514681.48212926625,301.4328951043008,1.0325196188819403,--
10260000,41140.00000654632,-514421.1756942128,301.23758511696246,1.0269209847246021,107
10265000,41160.00000655039,-514380.4714090533,302.65406951463126,1.0299794884715872,107
10270000,41180.00000655447,-514609.57127058576,302.03693387758005,1.0281754818230673,107
10275000,41200.00000655854,-515842.8621581318,299.3415918684448,1.026540671350205,106
10280000,41220.000006562615,-515981.3313119353,299.36770232731294,1.0274815371151413,106
10285000,41240.00000656669,-515065.7123966161,303.108728341275,1.0284263048775555,106
10290000,41260.000006570765,-514717.1022006087,299.60665770874976,1.0271460513414319,106
10295000,41280.00000657484,-515551.2775973496,301.64491494602646,1.0231409567443452,106
10300000,41300.00000657891,-514918.46310192556,302.07577680060564,1.0260584895205165,106
10305000,41320.00000658299,-516011.6090315541,300.4020238308591,1.0260975546074544,105
10310000,41340.00000658706,-514934.45514951064,301.68901488710935,1.028705446512726,105
10315000,41360.00000659114,-515679.54398919153,300.5037470204781,1.0294690979372592,105
10320000,41380.00000659521,-515603.20363572775,301.49834851877927,1.0240130519390807,105
10325000,41400.000006599286,-515464.899401458,299.54543599568433,1.0282734042937067,105
10330000,41420.00000660336,-515022.2147091683,301.24389828021276,1.027007674753835,105
10335000,41440.000006607435,-514601.70327405096,300.7231411325995,1.0280884354357618,105
10340000,41460.00000661151,-513127.1184635123,300.69504511845753,1.0272699401814451,105
10345000,41480.000006615584,-515225.99063087837,300.55101128781104,1.0270042440824578,105
10350000,41500.00000661966,-514671.41575224,300.883219287757,1.024400399374471,105
10355000,41520.00000662373,-515425.3414750106,299.84927026996024,1.0246055191493173,104
10360000,41540.00000662781,-515788.20120392763,299.7468676357804,1.0312720780906262,104
10365000,41560.00000663188,-515314.8271556578,301.0288027045968,1.0261720754585069,104
10370000,41580.00000663596,-513693.0405040018,300.5683608801433,1.0274986465999478,104
10375000,41600.00000664003,-514828.4487712686,301.0237472117672,1.0277196344364832,104
10380000,41620.000006644106,-515522.64062129357,301.36887391246097,1.029316588635428,104
10385000,41640.00000664818,-515739.9140180908,300.0584257149546,1.0267510526453816,104
10390000,41660.000006652255,-515101.692665671,299.3303680623264,1.026704134493188,104
10395000,41680.00000665633,-514916.8810804577,299.9775156578043,1.026677821549876,104
10400000,41700.000006660404,-514521.77525955276,300.8644182177966,1.02698832452723,104
10405000,41720.00000666448,-515713.1580774239,300.3842584127142,1.029728872067586,104
10410000,41740.00000666855,-514167.4066214117,300.56079410745605,1.0220796474248446,104
10415000,41760.00000667263,-514249.09174162056,300.35850954712157,1.0227416260816704,104
10420000,41780.0000066767,-514762.44041377166,299.96325668653174,1.0242232925859964,104
10425000,41800.00000668078,-515421.4459146864,301.90104633725394,1.0267203583988687,104
10430000,41820.00000668485,-515223.3373706867,302.4383750100284,1.0239419114234454,104
10435000,41840.000006688926,-515166.30575836124,301.24668640859204,1.024233069853904,104
10440000,41860.000006693,-514510.1976300529,299.9391862886964,1.0266775154278247,104
10445000,41880.000006697075,-515172.53268620954,300.5026539303297,1.0244812154356016,104
10450000,41900.00000670115,-515446.6991618818,300.28218338440263,1.0257412054687773,103
10455000,41920.000006705224,-515270.3898021865,300.09270774060053,1.026975065061472,103
10460000,41940.0000067093,-514314.473616614,302.8908509909215,1.025692889779777,103
10465000,41960.00000671337,-514643.9052676945,302.4522401477107,1.0275467289463405,103
10470000,41980.00000671745,-515045.1193066237,298.66755393259467,1.0329614534127967,103
10475000,42000.00000672152,-515754.9838251956,301.96393608333744,1.027567748258249,103
10480000,42020.0000067256,-514768.112965293,300.34823112331077,1.022451425323435,103
10485000,42040.00000672967,-515898.9209715782,300.7382337904769,1.0292468830334174,103
10490000,42060.000006733746,-515944.50050163455,301.63325976528574,1.024615983001796,103
10495000,42080.00000673782,-514027.2634450954,301.3995714610293,1.0266315628805747,103
10500000,42100.000006741895,-514925.40884246095,298.8119953321811,1.0253706164908953,103
10505000,42120.00000674597,-515226.53874626104,300.8640071554418,1.0242772405027287,103
10510000,42140.000006750044,-514829.1782478634,301.6278030647906,1.0282355115604218,103
10515000,42160.00000675412,-515289.2205369761,300.86145438317243,1.02890148718723,103
10520000,42180.00000675819,-515481.26864676434,299.0636595426607,1.028894321853156,103
10525000,42200.00000676227,-515314.8829817148,302.4962828797191,1.0269301449235342,103
10530000,42220.00000676634,-515652.6089172326,300.3435223478073,1.0294891580586887,103
10535000,42240.00000677042,-514249.0439819023,299.81150722662784,1.025225713996511,103
10540000,42260.00000677449,-515176.842768552,299.54432401460235,1.025325936016568,103
10545000,42280.000006778566,-516226.9975029598,300.00044854298403,1.028869655653319,103
10550000,42300.00000678264,-514049.0780365155,303.2869135423931,1.0250359165525886,103
10555000,42320.000006786715,-515744.28360056994,300.9292131872273,1.028481694749689,103
10560000,42340.00000679079,-515217.06591556617,302.5207590278255,1.0299309278011393,103
10565000,42360.000006794864,-514844.5472126361,301.13531300149106,1.0264649584291126,103
10570000,42380.00000679894,-515051.4938121552,299.656606317536,1.019359106436653,103
10575000,42400.00000680301,-515212.99447054486,302.72835827848013,1.0320308025769933,103
10580000,42420.00000680709,-515552.641963884,302.3876475631387,1.0289997747643274,103
10585000,42440.00000681116,-515626.4230675909,301.00580683131676,1.0283308130766484,103
10590000,42460.00000681524,-515494.36847839295,302.41339279420646,1.0299794389783143,103
10595000,42480.00000681931,-516781.91899468005,302.1838493054472,1.0254069243000068,103
10600000,42500.000006823386,-514761.3793637082,299.48112641548323,1.0223853907215392,103
10605000,42520.00000682746,-515407.3589839076,301.18713571738346,1.0276571989453664,103
10610000,42540.000006831535,-515550.8082817041,300.86471760333734,1.02893707763844,103
10615000,42560.00000683561,-515291.4491820338,300.9474961708491,1.0260688768112483,103
10620000,42580.000006839684,-515386.75587024307,299.81684822969515,1.0230924112518658,103
10565000,42360.000006794864,-515729.71329865884,300.16428685799474,1.0278367494445948,--
10570000,42380.00000679894,-514679.1074888499,299.2186001516729,1.0251087720812595,106
10575000,42400.00000680301,-515852.69547852897,299.49916869360595,1.0270712016228265,106
10580000,42420.00000680709,-516624.1610220985,300.96978578280675,1.024341122578047,105
10585000,42440.00000681116,-515208.20021701395,300.92547399020776,1.0290740362070154,105
10590000,42460.00000681524,-515679.1320166532,298.48626049967635,1.0298108149878193,105
10595000,42480.00000681931,-514704.3523393478,301.8156605573871,1.025307140300051,105
10600000,42500.000006823386,-513644.01565016736,301.71912636990197,1.0250783958258027,104
10605000,42520.00000682746,-515179.9123016,301.31099001297514,1.0242190094366381,104
10610000,42540.000006831535,-515351.7016203236,301.6606284430298,1.0280686161031567,104
10615000,42560.00000683561,-513618.3385837814,302.9828323139289,1.0262774577403622,104
10620000,42580.000006839684,-513853.8670037405,302.9443376824548,1.0268897152114205,104
10625000,42600.00000684376,-514828.87105607823,301.92532308849076,1.025060498404858,104
10630000,42620.00000684783,-516415.2603927236,303.59640184847603,1.0270691522598512,103
10635000,42640.00000685191,-514872.84498008434,303.3984687033641,1.023838561679078,103
10640000,42660.00000685598,-515257.8190145679,301.9978890089513,1.0242104194806119,103
10645000,42680.00000686006,-514343.4093034731,302.4210909069908,1.0234153051201111,103
10650000,42700.00000686413,-515020.81556677516,299.572235230657,1.0254457286071657,103
10655000,42720.000006868206,-514144.6616876144,300.70432344264094,1.0203576051978063,103
10660000,42740.00000687228,-515019.42453257274,304.9441371613967,1.028529837820071,103
10665000,42760.000006876355,-513996.1751155299,300.10897661824634,1.0253156563802723,103
10670000,42780.00000688043,-515730.14122905047,301.58940582802455,1.0280764602754076,103
10675000,42800.000006884504,-515951.5083260753,304.17246385283596,1.0250322534539469,103
10680000,42820.00000688858,-515179.6635100278,301.67884657885935,1.027223885043451,103
10685000,42840.00000689265,-515465.54654233763,298.7053404529555,1.0270347700018803,103
10690000,42860.00000689673,-513730.995772345,299.606469889735,1.0186660083221533,103
10695000,42880.0000069008,-514455.38161096536,300.20045819347143,1.0228541300638674,103
10700000,42900.00000690488,-514055.05702508776,303.75918779665153,1.023753857067861,103
10705000,42920.00000690895,-515175.03393201577,302.5385877894941,1.0217041015911994,103
10710000,42940.000006913026,-515090.686303874,301.8928186161095,1.0258241629363916,103
10715000,42960.0000069171,-514731.5152914403,301.21851219616997,1.0308905648307571,103
10720000,42980.000006921175,-516245.1162717028,300.2713917473561,1.0288673318321295,103
10725000,43000.00000692525,-514466.3272138308,297.9491691695048,1.0239270556212983,103
10730000,43020.000006929324,-516014.3276202474,302.4635545129845,1.029339721139729,103
10735000,43040.0000069334,-514343.83181518526,300.6749812130475,1.025322174465403,103
10740000,43060.00000693747,-514982.4672420367,300.90039133049646,1.0293013419000314,103
10745000,43080.00000694155,-514952.80880644824,300.7741654285166,1.022336373111478,103
10750000,43100.00000694562,-514209.546217497,301.9334533484847,1.0265365603089887,103
10755000,43120.0000069497,-515866.1820964592,300.82423505780656,1.0268142199052521,--
10760000,43140.00000695377,-514864.50380633865,301.3497657991882,1.0269753165693534,105
10765000,43160.000006957845,-515250.07214148226,301.33523625856975,1.0254015654196644,105
10770000,43180.00000696192,-515592.47887733346,300.70786931992063,1.022753944394687,104
10775000,43200.000006965995,-514878.7933334068,297.62586793331724,1.0257809315183728,104
10780000,43220.00000697007,-516119.2404255837,299.6439922554656,1.0257525884465268,104
10785000,43240.00000697414,-516881.98882653937,300.50981359630543,1.0269855505899306,104
10790000,43260.00000697822,-513859.9828598446,300.3433025788468,1.027244347132022,104
10795000,43280.00000698229,-515145.9480196291,300.65598752139533,1.0273027785723214,104
10800000,43300.00000698637,-515737.56579459715,301.337276776355,1.0316109006766956,103
10805000,43320.00000699044,-514837.6234125779,299.61089659872374,1.027396846450882,103
10810000,43340.000006994516,-514465.62724594167,303.02530124877353,1.0241992020009425,103
10815000,43360.00000699859,-515389.32055098144,300.5875006061608,1.0270517781888024,103
10820000,43380.000007002665,-515030.6916377733,299.57103741594955,1.0253957131549962,103
10825000,43400.00000700674,-513404.15266305185,300.9680497833693,1.0249654635545784,103
10830000,43420.000007010814,-515050.88490023534,303.5578165185593,1.0238144684396178,103
10835000,43440.00000701489,-514439.61225466966,304.19513784601344,1.026469026541861,103
10840000,43460.00000701896,-515317.6380618471,300.929268675343,1.0270934703457453,103
10845000,43480.00000702304,-513802.77877669595,301.01183570391333,1.023466463649602,103
10850000,43500.00000702711,-515034.24694477324,301.55601960436246,1.0327093379238368,103
10855000,43520.00000703119,-515936.3823690149,302.755895563886,1.0272758004133062,103
10860000,43540.00000703526,-516176.7915215469,300.5560894805438,1.0297523401744264,103
10865000,43560.000007039336,-516440.8976065705,301.2922010362373,1.024635402575534,103
10870000,43580.00000704341,-514667.02670204896,300.7062830749104,1.0242357505159498,103
10875000,43600.000007047485,-516172.23725741357,300.9720893847798,1.0273882302168529,103
10880000,43620.00000705156,-515244.1597399933,302.11182141808166,1.0252832706252575,103
10885000,43640.000007055634,-515025.7902348514,303.21500708135966,1.0245328882237261,103
10890000,43660.00000705971,-515530.3654172814,304.0098333374595,1.0271753891405733,103
10895000,43680.00000706378,-514739.46845876053,301.0170169358864,1.029693472981627,103
10900000,43700.00000706786,-515236.5510169419,301.604873554775,1.0217704100210263,103
10905000,43720.00000707193,-514806.8997317683,299.1983487397216,1.0241155619108615,103
10910000,43740.00000707601,-514766.463586333,300.7107116087671,1.0229854138928174,103
10915000,43760.00000708008,-514797.2465193954,302.75843276217523,1.0258706395828077,103
10920000,43780.000007084156,-514722.4365106623,302.9424647493821,1.0229271079929696,103
10925000,43800.00000708823,-515452.46778553165,298.9799507330006,1.0265952764183117,103
10930000,43820.000007092305,-515765.9502410835,300.55548736587787,1.0239830254838445,103
10880000,43620.00000705156,-515298.49476109305,300.8213664042032,1.0252449385789875,--
10885000,43640.000007055634,-515131.2385460611,303.4453630117412,1.0302082821457992,105
10890000,43660.00000705971,-515151.2992226549,305.8387838013083,1.0298576622196802,105
10895000,43680.00000706378,-514769.62302390416,299.79554199380584,1.0271821860981234,105
10900000,43700.00000706786,-514648.45254977513,300.94119167340165,1.0239298029985682,104
10905000,43720.00000707193,-514762.8497214252,304.1396133978317,1.0263331093216972,104
10910000,43740.00000707601,-514969.91698437114,298.1517729956305,1.0253281058453168,104
10915000,43760.00000708008,-516166.8243398152,300.5975520725152,1.0258824341968535,104
10920000,43780.000007084156,-514886.740469862,301.94546894914396,1.0281065231280424,104
10925000,43800.00000708823,-515348.30065051676,298.9952656402621,1.0247372977266294,103
10930000,43820.000007092305,-514696.7834440619,299.89474011948664,1.0250579424849375,103
10935000,43840.00000709638,-515620.9110822838,301.8560433649146,1.027110243440951,103
10940000,43860.000007100454,-515387.7959849781,299.51122849686476,1.0269823735088783,103
10945000,43880.00000710453,-514990.29206376546,301.5581754926608,1.0257515991675477,103
10950000,43900.0000071086,-514131.9577741998,300.5625756050244,1.0213789840709189,103
10955000,43920.00000711268,-514806.9179529357,301.9010617713076,1.0263759091972047,103
10960000,43940.00000711675,-515241.69824594026,299.3998255239937,1.0265718349506925,103
10965000,43960.00000712083,-515654.08109752974,300.1953198562139,1.024675797283665,103
10970000,43980.0000071249,-516026.99525905936,301.2107912586982,1.0271572323483478,103
10975000,44000.000007128976,-515199.79387798626,303.3876380646444,1.0270841339060464,103
10980000,44020.00000713305,-515680.7947710606,301.48427599505794,1.0290011879766003,103
10940000,43860.000007100454,-515085.31091107754,301.23396173498105,1.0273506021880625,--
10945000,43880.00000710453,-514094.1116457209,302.4124597555687,1.0276342670706662,106
10950000,43900.0000071086,-515957.31702890736,301.1324076408699,1.028246435818887,105
10955000,43920.00000711268,-516133.6073203385,300.91262713511423,1.0244147786880937,105
10960000,43940.00000711675,-513941.87371668103,298.1452745479755,1.027328460807439,105
10965000,43960.00000712083,-515120.13558487804,301.7498208864536,1.0245949517448611,104
10970000,43980.0000071249,-515159.43634579657,300.7954703395869,1.0301913251133326,104
10975000,44000.000007128976,-514394.25884187757,300.66646709934554,1.0250538488137027,104
10980000,44020.00000713305,-515804.53916940745,301.4114745833695,1.0248777245520848,104
10985000,44040.000007137125,-515274.1334179288,302.2331306341775,1.0246430432558324,104
10990000,44060.0000071412,-515621.3693867349,301.11206295728937,1.0240229317931353,103
10995000,44080.000007145274,-515687.3361513405,298.8575018920834,1.0253763700858718,103
11000000,44100.00000714935,-515448.9175192765,302.2518364113297,1.0271372164090737,103
11005000,44120.00000715342,-515359.4814012151,301.3199075747948,1.0272735443606265,103
11010000,44140.0000071575,-514701.5646363336,299.99902120199147,1.0163650497903896,103
11015000,44160.00000716157,-515772.9390973835,300.776788180524,1.0242397014163027,103
11020000,44180.00000716565,-515362.5010561063,298.78338531139616,1.0271489438221406,103
11005000,44120.00000715342,-514564.51510115527,303.5403814676531,1.0216621611229042,0
11010000,44140.0000071575,-514532.32198602543,301.20978903968586,1.0227872276405212,106
11015000,44160.00000716157,-514747.76053192024,302.71266850048164,1.0247386194378842,105
11020000,44180.00000716565,-515076.4315457847,302.8004394042246,1.0251615638447695,105
11025000,44200.00000716972,-515281.7023301814,297.6341951917035,1.026195693447528,104
11030000,44220.000007173796,-513820.2345505357,299.73888519034847,1.0245322912813801,104
11035000,44240.00000717787,-514831.15985911875,299.53930894273014,1.025584081182522,104
11040000,44260.000007181945,-515018.13967096084,301.2331952709041,1.0268163442889653,104
11045000,44280.00000718602,-515427.4553826249,301.0217380686867,1.0246681524102998,104
11050000,44300.000007190094,-514283.8411348432,299.8717178035218,1.0225427763902144,103
11055000,44320.00000719417,-515330.55970884184,300.9644164138471,1.0237318886984605,103
11060000,44340.00000719824,-515271.692047616,300.063156092858,1.0280812709073979,103
11065000,44360.00000720232,-516374.4569117953,301.0126510600705,1.030432926764692,103
11070000,44380.00000720639,-514721.38965229946,302.95815094817965,1.0240414522160224,103
11075000,44400.00000721047,-516210.27520599635,303.0246259751078,1.027153725306049,103
11080000,44420.00000721454,-515218.52640959574,302.35515460686906,1.0266383378119177,103
11085000,44440.000007218616,-515313.5598305522,305.15048573324657,1.030760320111011,103
11090000,44460.00000722269,-515077.0548922429,301.22972016134804,1.0242699085457625,103
11095000,44480.000007226765,-514734.34004862653,300.5831144190051,1.0270463361203368,103
11100000,44500.00000723084,-515270.0922880373,301.02281868279965,1.027310316543312,103
11105000,44520.000007234914,-517085.4272842086,298.0898362130667,1.030384149060046,103
11110000,44540.00000723899,-512758.9669395492,301.42836468061046,1.0227975727204046,103
11115000,44560.00000724306,-514696.35982265277,301.6267116161276,1.0211641309203188,103
11120000,44580.00000724714,-515330.1832314534,300.5443211275609,1.023893432328431,103
11125000,44600.00000725121,-514356.8922633857,301.3795736579902,1.0263911732786253,102
11130000,44620.00000725529,-514954.79539299686,302.84058677295354,1.029292980688879,102
11135000,44640.00000725936,-515407.97337380704,302.47288635030856,1.0301028081620076,102
11140000,44660.000007263436,-513742.65494616074,300.63432316486063,1.0215542519434986,102
11145000,44680.00000726751,-514798.19502732204,302.0157365476893,1.0304597572563547,102
11150000,44700.000007271585,-516221.64177840296,301.8464679300066,1.0316618160402653,102
11155000,44720.00000727566,-514337.1017674776,301.0375253158423,1.0244449611408728,102
11160000,44740.000007279734,-515680.72578985896,301.5872665719902,1.028431238151922,102
11165000,44760.00000728381,-515143.65985034057,299.3873745293196,1.028445636564511,102
11130000,44620.00000725529,-515494.90301440563,299.0431559651834,1.0291469091967422,0
11135000,44640.00000725936,-516106.21633767895,301.4792891700933,1.0327332379041865,105
11140000,44660.000007263436,-514100.59673597733,301.09744199248905,1.025918619529498,105
11145000,44680.00000726751,-515500.1498260014,301.2194183305489,1.029803897059279,105
11150000,44700.000007271585,-515403.0565310486,298.29489044993187,1.0285880474939313,104
11155000,44720.00000727566,-515000.36617942434,302.3923698474399,1.0253707828489504,104
11160000,44740.000007279734,-515460.0100518521,301.19977695733223,1.0291648127974824,104
11165000,44760.00000728381,-514834.50868363143,300.73008333798975,1.0244494546896006,104
11170000,44780.00000728788,-516697.0017655373,302.6133721964063,1.0282453061470769,104
11175000,44800.00000729196,-515333.02746564546,302.22244906580335,1.0297950457027423,103
11180000,44820.00000729603,-515643.6063095466,295.7149208685663,1.0247299476500606,103
11185000,44840.00000730011,-515022.53366186563,299.3243189201418,1.0280403092786579,103
11190000,44860.00000730418,-515523.15081374603,300.9294019054435,1.0239190068866981,103
11195000,44880.000007308256,-514774.2832281373,300.39535105805135,1.0224179037138517,103
11200000,44900.00000731233,-515607.1558889444,300.6152593063311,1.028307137803637,103
11205000,44920.000007316405,-515457.8018210542,301.4248437833984,1.0254557198367278,103
11210000,44940.00000732048,-514763.58262518584,303.07173918213715,1.0283262934029818,103
11215000,44960.000007324554,-516008.4105536835,303.10010836483343,1.026230303991325,103
11220000,44980.00000732863,-516569.528702168,298.9483843137585,1.0267914198310548,103
11225000,45000.0000073327,-515233.2790131832,300.7910955167277,1.0243016415569637,103
11230000,45020.00000733678,-515023.0598985369,300.7649426984008,1.027902330788869,103
11235000,45040.00000734085,-514749.65868801693,301.4828581704859,1.0240519230345364,103
11240000,45060.00000734493,-515291.38423155225,301.055198234738,1.0269425725284347,103
11245000,45080.000007349,-515377.1634628966,298.5042675603273,1.0306090125682918,103
11250000,45100.000007353075,-514772.17687044945,306.26304555584403,1.0263291071161478,103
11255000,45120.00000735715,-514995.73302032286,297.93376395100705,1.0224458535924752,103
11260000,45140.000007361225,-515613.4281319671,298.74759249030683,1.0261602965270868,103
11265000,45160.0000073653,-515206.4182747991,298.9986883037255,1.0256892239072044,103
11270000,45180.00000736937,-513914.36906219134,300.2741574088909,1.0218946384968928,103
11275000,45200.00000737345,-515294.0455872074,301.2793054513816,1.030778047055074,103
11280000,45220.00000737752,-515991.1944870888,302.62207098524203,1.0283126009827515,103
11285000,45240.0000073816,-516024.95920898695,300.7998359404969,1.0305075589672448,103
11290000,45260.00000738567,-514901.83173122,299.70461458404674,1.0254862303606165,103
11255000,45120.00000735715,-515507.4389764394,299.1920165123852,1.0268594076870514,--
11260000,45140.000007361225,-515097.9677880865,299.0595535332288,1.0270158265874685,105
11265000,45160.0000073653,-515551.9441818849,297.78119725202816,1.0275827380442701,105
11270000,45180.00000736937,-514966.798434505,300.63699311094626,1.0256878155211553,105
11275000,45200.00000737345,-515872.03119336977,299.32177342547425,1.0300468463474313,104
11280000,45220.00000737752,-515111.8622603661,302.8853754583057,1.0264957805585488,104
11285000,45240.0000073816,-514572.72264150507,299.3911310541145,1.028259182275433,104
11290000,45260.00000738567,-515196.1258640771,298.06761466610595,1.027924228278948,104
11295000,45280.000007389746,-515309.146266941,299.8908171342395,1.0226455518951183,104
11300000,45300.00000739382,-514393.0754507119,301.04694600331817,1.0256192218069975,104
11305000,45320.000007397895,-514802.772790177,303.31367602695013,1.0257951900914186,103
11310000,45340.00000740197,-514631.0949451376,299.8687331475416,1.0290751334564714,103
11315000,45360.000007406044,-514276.83693689597,303.2767720418408,1.0230298938617186,103
11320000,45380.00000741012,-515200.5793177909,301.75200671745483,1.0239959298819765,103
11325000,45400.00000741419,-515684.67212035204,304.1778535562102,1.0248707224687872,103
11330000,45420.00000741827,-515265.56942786067,299.8536540837233,1.0292126096847978,103
11335000,45440.00000742234,-515935.74739148957,299.09810349913977,1.0261432740048297,103
11340000,45460.00000742642,-514664.2042719105,299.6224250946117,1.0245581219124626,103
11345000,45480.00000743049,-514673.2531622953,301.0109663087949,1.029436456979631,103
11350000,45500.000007434566,-514469.6017975777,299.9473225212585,1.0239001859964745,103
11355000,45520.00000743864,-514328.9128428695,300.4672564208484,1.0218824590110294,103
11360000,45540.000007442715,-514051.9887171269,300.2270509292528,1.0228200962262533,103
11365000,45560.00000744679,-516316.919177962,301.4648657635766,1.033198197946111,103
11370000,45580.000007450864,-515202.865390406,303.3342281383282,1.0265419657222108,103
11375000,45600.00000745494,-514246.902087335,301.6146402227972,1.0265403020197736,103
11380000,45620.00000745901,-514923.4606710202,300.0684192660958,1.02630131049438,103
11385000,45640.00000746309,-514724.35990456585,298.4683697684736,1.0306534177468114,103
11390000,45660.00000746716,-514694.00321454834,299.9842708591648,1.0257274591379333,103
11395000,45680.00000747124,-515117.7082611106,298.31785049627956,1.0282784206312365,103
11400000,45700.00000747531,-514455.1043707486,300.64214076535336,1.0260083987023536,103
11405000,45720.000007479386,-514409.3693528257,300.23348392043283,1.0256854322339581,103
11380000,45620.00000745901,-516179.67722964706,302.7095954748403,1.0225540698189501,--
11385000,45640.00000746309,-515316.286551618,300.7689053997384,1.0296769781857613,103
11390000,45660.00000746716,-515355.65565967374,301.7554572240151,1.0282163889244766,102
11395000,45680.00000747124,-516666.7313004853,299.1791832471389,1.0250876302422498,102
11400000,45700.00000747531,-514684.0970888701,301.76176516820425,1.0256933109505417,103
11405000,45720.000007479386,-514444.0768155486,300.14652273077695,1.0275341608838646,103
11410000,45740.00000748346,-515484.9959985076,299.6376599371169,1.0279112404451873,103
11415000,45760.000007487535,-515085.07790503255,300.04412195749757,1.0264588528147889,103
11420000,45780.00000749161,-515794.5123834894,301.4902620476637,1.0284978462557404,103
11425000,45800.000007495684,-514922.89032023423,299.68120401617125,1.0266136820547285,103
11430000,45820.00000749976,-513967.5675489269,300.992166979021,1.024301637369542,103
11435000,45840.00000750383,-514345.32572786603,300.24317215989004,1.02440032980103,103
11440000,45860.00000750791,-516053.4528573232,301.6633774697695,1.0255408176786247,103
11445000,45880.00000751198,-514188.87827112176,301.5715256703355,1.0250474492763413,103
11450000,45900.00000751606,-514793.91656952095,301.98652633592485,1.0233031298211006,103
11455000,45920.00000752013,-515416.5983211256,300.56816374886535,1.0292397883521456,103
11460000,45940.000007524206,-514860.84595353645,300.34870721082,1.0243852370593851,103
11465000,45960.00000752828,-514531.3261109225,302.1684271812054,1.0294048338727217,102
11470000,45980.000007532355,-514236.11788685666,301.07959018089394,1.0258159729131688,102
11475000,46000.00000753643,-514529.9796918316,301.31223684034285,1.0260329495667233,102
11480000,46020.000007540504,-515120.2716640979,300.45319889529094,1.028477853990689,102
11485000,46040.00000754458,-515513.226922323,299.6429715620479,1.028420593140625,102
11490000,46060.00000754865,-515987.2165586357,299.78492718979135,1.0275916633625863,102
11495000,46080.00000755273,-514744.51692961156,303.4491708732049,1.027646846722141,102
11500000,46100.0000075568,-515467.81863607303,298.7241029114218,1.0306223572733724,102
11505000,46120.00000756088,-514528.5558587671,302.6316845235465,1.0282792100883282,102
11510000,46140.00000756495,-514329.5626104558,298.86190058315174,1.0225990375416265,102
11515000,46160.000007569026,-515219.78242276865,302.15483576648495,1.0265642342893075,102
11520000,46180.0000075731,-514872.0485808954,301.93393091256985,1.025134146257319,102
11525000,46200.000007577175,-514869.7073993252,298.8350326314016,1.0272527500507942,102
11530000,46220.00000758125,-514866.3229971938,299.9154947599855,1.02235425679045,102
11535000,46240.000007585324,-515320.3208407776,299.44067371409875,1.027345124570135,102
11540000,46260.0000075894,-514381.3360503386,300.4398313954753,1.0287567826794375,102
11545000,46280.00000759347,-516219.15990590607,301.201666459632,1.028544120146383,102
11550000,46300.00000759755,-515173.71554949996,300.50195346583644,1.026841380856898,102
11555000,46320.00000760162,-515091.44477867126,299.83049336411375,1.0245266064652676,102
11505000,46120.00000756088,-514302.8542609308,300.23276739696894,1.027671031640397,--
11510000,46140.00000756495,-514179.7291983401,301.32977239050786,1.0238945573808074,104
11515000,46160.000007569026,-515607.79242434725,297.7427212986915,1.026741532048918,104
11520000,46180.0000075731,-514465.28732638014,302.20777235512094,1.0226872337656752,103
11525000,46200.000007577175,-515564.9899160217,303.10660549049,1.0265511115990331,103
11530000,46220.00000758125,-515556.074152702,302.3922368319903,1.027257317844782,103
11535000,46240.000007585324,-514486.20200371486,302.6120227178327,1.023679158001449,103
11540000,46260.0000075894,-514749.12263361155,301.0153518542571,1.027383890439329,102
11545000,46280.00000759347,-515606.78870740626,299.1732454007725,1.0260466304912284,102
11550000,46300.00000759755,-515679.5668619205,302.03826238574163,1.0275800253414609,102
11555000,46320.00000760162,-515499.30514914193,297.85141555343876,1.0252827874804393,102
11560000,46340.0000076057,-514249.5198981385,301.213423840645,1.0279430200036754,102
11565000,46360.00000760977,-515332.76364498236,299.957491884166,1.0309691454281693,102
11570000,46380.000007613846,-514487.48133476195,300.8408823370491,1.0274384346249164,102
11575000,46400.00000761792,-514156.49364021723,299.094892110535,1.0210904173853985,101
11580000,46420.000007621995,-514017.45187467197,298.9966219972927,1.022029790935765,101
11585000,46440.00000762607,-514711.545193983,303.7393081500325,1.0216670575968996,101
11590000,46460.000007630144,-516024.4983034248,299.7210124284942,1.0281837584995075,101
11595000,46480.00000763422,-515894.47694475576,299.4042771650191,1.0234283932671662,101
11600000,46500.00000763829,-515153.515928373,300.9122102293515,1.026883613821747,101
11605000,46520.00000764237,-514123.9974557294,302.62991259612664,1.0236113222925376,101
11610000,46540.00000764644,-515328.0240557026,302.45670501335746,1.0237032716359795,101
11615000,46560.00000765052,-515031.511983271,302.5568002961963,1.0228697541068794,101
11620000,46580.00000765459,-515496.8907338537,302.23641214622546,1.0273208919001628,101
11625000,46600.000007658666,-514660.64219838614,300.91631298546366,1.0251281492544164,101
11630000,46620.00000766274,-514007.8376590058,302.4401558058804,1.0278750395575178,101
11635000,46640.000007666815,-514396.2629429728,300.7575133376168,1.0252348475081767,101
11640000,46660.00000767089,-515797.32882184116,300.87674042969536,1.027212159122657,101
11645000,46680.000007674964,-516144.5764018521,302.5318006449585,1.0270859195566018,101
11650000,46700.00000767904,-515204.7564568212,300.5375948756985,1.027038744005568,101
11655000,46720.00000768311,-515402.69091771473,304.15072067240436,1.0252509521986815,101
11660000,46740.00000768719,-514458.99794170284,298.2329775748821,1.0285420720664815,101
11665000,46760.00000769126,-515575.6620174877,301.0304976272132,1.0264767318928933,101
11630000,46620.00000766274,-515102.3339606591,300.64822608310476,1.026536406875748,--
11635000,46640.000007666815,-515880.1351323968,300.99082119213136,1.026402531023847,106
11640000,46660.00000767089,-514094.8559505269,300.25732772894,1.025009599840996,105
11645000,46680.000007674964,-515356.6146102792,300.4473484491896,1.0259456937521059,105
11650000,46700.00000767904,-514359.552134007,301.07090814224915,1.0263249847652551,105
11655000,46720.00000768311,-516065.36942052096,300.72820031056483,1.028690792495087,105
11660000,46740.00000768719,-515038.16709728935,298.3717150527221,1.026375959653433,104
11665000,46760.00000769126,-514840.7684556786,300.07034660130796,1.0277817915109528,104
11670000,46780.00000769534,-514163.9858491691,299.9156884079885,1.0287758529415187,104
11675000,46800.00000769941,-514826.8524524425,303.3290753202306,1.0268913015698173,92.7
11680000,46820.000007703486,-515711.4925188576,301.30439597707795,1.028566101346637,90
11685000,46840.00000770756,-516463.4396072598,301.70890250505346,1.027452242989799,87.5
11690000,46860.000007711635,-514965.2312435843,300.9131206952913,1.0297009956209768,85.5
11695000,46880.00000771571,-515837.9823095824,299.23425249512945,1.0302981125280757,81.2
11700000,46900.000007719784,-514611.0344129463,300.6494885986522,1.0226682404282934,79.9
11705000,46920.00000772386,-515537.43051530793,304.3915674862883,1.0282843021393595,79.2
11710000,46940.00000772793,-516445.76132124756,300.6504233354789,1.0279398281218728,76.5
11715000,46960.00000773201,-514988.7539470077,301.1653369899948,1.0257119120282974,75.8
11720000,46980.00000773608,-515947.77287474275,302.8827693135765,1.0315463938359206,75.3
11725000,47000.00000774016,-516137.99852658086,303.89281289099887,1.0238223353717157,74.2
11730000,47020.00000774423,-514868.92761789425,302.5225628429984,1.0262272591987578,70.7
11735000,47040.000007748306,-515405.98870928213,303.6637703224441,1.0299242070937464,70.6
11740000,47060.00000775238,-514882.8513195764,300.80340415860707,1.0233480516655507,70.5
11745000,47080.000007756455,-515603.13620454306,301.6401752310548,1.03020951375726,70.3
11750000,47100.00000776053,-514940.7927519218,300.85218022600526,1.0258798604461383,70.1
11755000,47120.000007764604,-514118.87159403693,299.69453737907503,1.0269477181015063,70
11760000,47140.00000776868,-515822.4489150215,300.3936536485264,1.027443333652921,68.8
11765000,47160.00000777275,-513836.07447820785,302.1357491694886,1.0198169091441915,27.1
11770000,47180.00000777683,-514071.3385710893,300.00603603704855,1.0252035047911925,22.7
11775000,47200.0000077809,-514421.04230990075,304.63203012254405,1.024613053326216,23.2
11780000,47220.000007784976,-516156.3476218083,300.41195459453434,1.027551727528675,23.8
11785000,47240.00000778905,-514571.6061691791,301.79775619142697,1.0236232808336914,22.8
11790000,47260.000007793125,-514784.3915449069,301.33245762837043,1.026994305397783,23
11795000,47280.0000077972,-515242.0400795683,301.75963798460157,1.0223579497449815,23.5
11800000,47300.000007801274,-515805.8236409086,300.53093728641835,1.0281719461123295,24
11805000,47320.00000780535,-514794.2049877434,298.004441275236,1.025047071390667,24.5
11810000,47340.00000780942,-514933.2110688244,298.9963516316802,1.0272505832295769,25
11815000,47360.0000078135,-516274.33929338516,301.37839877364604,1.0249255326960298,25.5
11820000,47380.00000781757,-515018.11292476044,300.0678752064704,1.0246697043185553,26
11825000,47400.00000782165,-514970.79070200655,299.8774069162479,1.0241132919279126,26.4
11830000,47420.00000782572,-516217.0327068777,300.8658445746153,1.0266591670223053,26.9
11835000,47440.000007829796,-515027.9430326598,300.7391701234073,1.0202704784557035,27.3
11840000,47460.00000783387,-514051.86916626594,299.895820541684,1.0263218568842556,27.8
11845000,47480.000007837945,-514597.7850772941,301.6606269201468,1.0273286897248706,23.2
11850000,47500.00000784202,-514110.30626587383,303.8365773210169,1.0257532785018786,20.7
11855000,47520.000007846094,-514902.25346369203,302.18173444112244,1.0281511227857367,21.1
11860000,47540.00000785017,-514434.55132762925,300.19310178236145,1.0250995451161093,20.7
11865000,47560.00000785424,-514081.8681468137,301.4595836745982,1.0227281900352736,16.9
11815000,47360.0000078135,-514669.2398275987,302.59705139776224,1.0240808507268162,--
11820000,47380.00000781757,-515331.2838840333,300.737731690475,1.0285476895823695,20.6
11815000,47360.0000078135,-514669.2398275996,302.59705139776224,1.0240808507268162,--
11820000,47380.00000781757,-515331.28388403356,300.737731690475,1.0285476895823695,108
11825000,47400.00000782165,-513693.1738183859,301.9589447126294,1.0204977288472141,108
11830000,47420.00000782572,-513640.7456578431,299.90009618240055,1.0246535702365962,108
11835000,47440.000007829796,-514703.06809480255,300.2783880236806,1.0259179128700948,108
11840000,47460.00000783387,-514181.59001296316,299.889857923915,1.0258131225204958,108
11845000,47480.000007837945,-516538.680816544,301.0209344917765,1.0277771852140911,108
11850000,47500.00000784202,-515269.629201649,300.05996363647233,1.0253962371134313,108
11855000,47520.000007846094,-514825.03927418543,301.10863458246826,1.0260502402332252,107
11860000,47540.00000785017,-515320.86935514794,301.3366838567646,1.0265661329204476,107
11865000,47560.00000785424,-514864.0228780459,301.04246567102984,1.023862467890798,107
11870000,47580.00000785832,-515237.75615490135,304.31588101298286,1.024502853734092,107
11875000,47600.00000786239,-515402.78794090264,301.15527679008864,1.027052369635609,107
11880000,47620.00000786647,-514965.8690331441,300.0495780433279,1.0235748742845991,107
11885000,47640.00000787054,-515194.64384179027,302.612801396506,1.028720135345761,107
11890000,47660.000007874616,-515431.53138809,301.10473179348764,1.02501936188931,107
11895000,47680.00000787869,-515937.99030262535,298.4929551353456,1.029443860321448,107
11900000,47700.000007882765,-515329.0801218359,302.1741387551267,1.0288656538028067,107
11905000,47720.00000788684,-514728.36843249877,300.45068420647675,1.0252497975445,107
11910000,47740.000007890914,-515649.6168751875,301.556423696007,1.0279546649355455,107
11915000,47760.00000789499,-513755.9321092628,302.5851147450013,1.0233805025669789,107
11920000,47780.00000789906,-515643.0109244962,298.475127945748,1.0241379264622925,107
11925000,47800.00000790314,-515593.59758875985,302.50710974124775,1.0277550161828914,107
11930000,47820.00000790721,-515741.9070725492,303.24129094778647,1.0300159031816696,107
11935000,47840.00000791129,-514261.57473027776,298.42761704940057,1.023960295974071,107
11940000,47860.00000791536,-515111.26968975086,301.6030925587826,1.0215373792332985,107
11945000,47880.000007919436,-515408.15422987286,301.5149794013786,1.031296414820903,107
11950000,47900.00000792351,-514653.5714162134,303.53890635176833,1.0240936195479375,107
11955000,47920.000007927585,-514419.8606542086,300.76344784938067,1.024469321210978,107
11960000,47940.00000793166,-516014.60784604354,302.1748631167398,1.0258180049719023,107
11965000,47960.000007935734,-514111.83518454037,303.628464177541,1.0255476989759738,107
11970000,47980.00000793981,-515710.5703143312,299.36008758934844,1.021079059912767,107
11975000,48000.00000794388,-515637.3704638423,304.2160325363229,1.022592894655884,107
11980000,48020.00000794796,-515127.46914951014,297.9362685131631,1.0242809288216037,107
11985000,48040.00000795203,-514453.2341582603,299.6893592069655,1.027455131038082,107
11990000,48060.00000795611,-515247.31012004055,300.4892821520361,1.0231125206671496,107
11995000,48080.00000796018,-514289.21506202547,301.06460764938635,1.024045370377483,107
12000000,48100.000007964256,-515065.4220574696,300.72055182848226,1.0278111920140929,107
12005000,48120.00000796833,-514569.7651206581,302.8410163324387,1.0275498939338241,106
12010000,48140.000007972405,-516016.35363396234,300.8344521338863,1.028328959883555,106
12015000,48160.00000797648,-515245.4015988894,300.2594481076165,1.023660585202113,106
12020000,48180.000007980554,-513755.360855486,300.0521227033689,1.0277979115342888,106
12025000,48200.00000798463,-514575.8727188506,301.0274908280444,1.0268883788010246,106
12030000,48220.0000079887,-515392.33062513475,300.6157918978188,1.027101660611813,106
12035000,48240.00000799278,-514037.59539890196,299.2965339386066,1.0213323726474692,106
12040000,48260.00000799685,-515475.85833304375,302.8935286227947,1.0268110979545209,106
12045000,48280.00000800093,-515302.37330922135,302.36462493557633,1.0281712141892165,106
12050000,48300.000008005,-513457.5499248791,302.1396512592306,1.0225556488672718,106
12055000,48320.000008009076,-514335.7762353299,301.0780952174243,1.0229832851726575,106
12060000,48340.00000801315,-514557.8146958847,304.3464671471378,1.0275722747094673,106
12065000,48360.000008017225,-515533.2955633416,301.84403481190856,1.0287430192277356,106
12070000,48380.0000080213,-515752.20596776623,299.76768525253897,1.0265363844160538,106
12075000,48400.000008025374,-516036.9872119948,300.6413906551944,1.0327943029555788,106
12080000,48420.00000802945,-514380.75299770595,301.6886605307245,1.0214428901127677,106
12085000,48440.00000803352,-515017.60334851267,300.3246943945262,1.0272108256705141,106
12090000,48460.0000080376,-513591.374798757,299.055870272903,1.0261352493614224,106
12095000,48480.00000804167,-515959.4282105542,301.66689863129085,1.0250313935462636,106
12100000,48500.00000804575,-515609.6404030523,301.888615453525,1.025785630591104,106
12105000,48520.00000804982,-514608.91549547855,302.3322955723011,1.0256421737346475,106
12110000,48540.000008053896,-515468.3839730872,299.88926308664077,1.0262420396396268,106
12115000,48560.00000805797,-514694.0942785635,299.4166163912653,1.0281275942179446,106
12120000,48580.000008062045,-516153.7061982986,301.1413032909162,1.025498401300871,106
12125000,48600.00000806612,-515134.35316640465,301.42984577564994,1.0241714964737927,106
12130000,48620.000008070194,-514945.47014928237,300.5028898976172,1.025887259025626,106
12135000,48640.00000807427,-515952.9829824739,299.6940593854235,1.0320359548105178,106
12140000,48660.00000807834,-514629.42543480266,298.1764477090965,1.0250784305664102,106
12145000,48680.00000808242,-514501.1425547537,301.003143556319,1.0272011652663984,106
12150000,48700.00000808649,-515587.6280314608,301.4860748597097,1.0265864819916861,105
12155000,48720.00000809057,-514322.4459683781,302.852962855901,1.0260994652354092,105
12160000,48740.00000809464,-514834.1665816456,300.1595599744599,1.0228259294603002,105
12165000,48760.000008098716,-515182.2248442285,300.62147824681847,1.029479135174921,105
12170000,48780.00000810279,-514534.7302709061,301.0038133184005,1.024097616777223,105
12175000,48800.000008106865,-515384.6311206096,299.50754434251456,1.0280608959629904,105
12180000,48820.00000811094,-514625.8295053821,301.37302705845633,1.0293256199506275,105
12185000,48840.000008115014,-514105.71912960755,300.2740136050558,1.026633482967746,105
12190000,48860.00000811909,-515044.7954577538,301.12601165631565,1.0231776701620632,105
12195000,48880.00000812316,-514305.86837933864,302.6225662946011,1.023190913511054,105
12200000,48900.00000812724,-515171.84615107696,303.6701126737306,1.0288272121303705,105
12205000,48920.00000813131,-514414.79931703187,300.4673219375197,1.0303670699492233,105
12210000,48940.00000813539,-515495.10505291447,302.04963412463195,1.0297652484802593,105
12215000,48960.00000813946,-514834.8536200258,297.9546081938389,1.0227662867650897,105
12220000,48980.000008143536,-513826.2539177921,301.30702940059103,1.025332662175263,105
12225000,49000.00000814761,-514846.97481809184,303.31127249781053,1.0256328822001857,105
12230000,49020.000008151685,-514308.75885438407,299.7549624779485,1.0230053183263188,105
12235000,49040.00000815576,-515265.32229904784,301.83579138834574,1.025055144980136,105
12240000,49060.000008159834,-515068.9747966933,301.99094858107753,1.0291066480632094,105
12245000,49080.00000816391,-515661.07458016323,302.1826673068043,1.026836554580018,105
12250000,49100.00000816798,-515441.2088678563,303.33122183370307,1.0316046240339551,105
12255000,49120.00000817206,-514805.7687417278,301.9274959106267,1.0241887950670443,105
12260000,49140.00000817613,-516031.10081005236,301.77055399095684,1.0276646224500268,105
12265000,49160.000008180206,-514661.8509947113,298.8314599005721,1.026973498254922,105
12270000,49180.00000818428,-515725.3670750675,300.21793643714864,1.0281554815466223,105
12275000,49200.000008188355,-513494.8124133027,299.8143455930285,1.0239460072211684,105
12280000,49220.00000819243,-515129.41037568846,300.99882972271104,1.0290214798235948,105
12285000,49240.000008196504,-513934.0715336313,298.35890825463514,1.0255457853361185,105
12290000,49260.00000820058,-515308.6241994854,301.1578435250009,1.0285843238191583,105
12295000,49280.00000820465,-515176.76633821474,302.08790329215276,1.02310459220518,105
12300000,49300.00000820873,-515580.10905881925,303.68709337360264,1.024292247334876,105
12305000,49320.0000082128,-516192.6993056864,301.34236240241825,1.02920161917568,105
12310000,49340.00000821688,-515358.60477636266,301.52006149318083,1.0222971085340442,105
12315000,49360.00000822095,-515274.6697655262,299.82218861944716,1.0270094008604758,105
12320000,49380.000008225026,-514655.06661130325,300.99125445453205,1.0212040132279079,105
12325000,49400.0000082291,-515151.35158263915,300.17593333054776,1.0244038830809075,105
12330000,49420.000008233175,-514046.41388007556,302.55333964599805,1.027678545851929,105
12335000,49440.00000823725,-515540.984131851,302.3625210561959,1.026802469356257,105
12340000,49460.000008241324,-515517.45154065965,302.0389353404367,1.025293530778456,105
12345000,49480.0000082454,-514615.30079411785,301.2922766436457,1.0269946857880887,105
12350000,49500.00000824947,-514709.15796061326,300.9142197465655,1.0281565598481184,105
12355000,49520.00000825355,-514785.4248559484,300.9276882408049,1.0293370822170798,105
12360000,49540.00000825762,-514418.11512727034,301.8330388216272,1.0234507053893611,105
12365000,49560.0000082617,-515924.79650523304,302.6069361108796,1.0289513180055343,105
12370000,49580.00000826577,-514832.9328733084,299.50132528492765,1.0271130219802724,105
12375000,49600.000008269846,-515936.90229895175,301.2759249324574,1.0264561877527714,105
12380000,49620.00000827392,-515967.55490582203,300.02928366529346,1.0270726605202918,105
12385000,49640.000008277995,-515403.72758422047,303.02870257040394,1.0249520729304755,105
12390000,49660.00000828207,-514502.56516171317,301.25301080225915,1.0203496102998781,105
12395000,49680.000008286144,-516190.4990135373,300.3830654393,1.0295184693317707,105
12400000,49700.00000829022,-514942.12056554994,300.8166669890818,1.025428729937545,105
12405000,49720.00000829429,-513973.51195772644,301.69219079678726,1.0249999912781074,105
12410000,49740.00000829837,-514337.291004637,303.0035556128774,1.0218505940818954,105
12415000,49760.00000830244,-514423.43397175637,302.3465648733908,1.024815195407872,104
12420000,49780.00000830652,-514728.2551733507,299.3687068994194,1.0257626006699838,104
12425000,49800.00000831059,-514748.66719647986,302.2739785515657,1.0273413848351467,104
12430000,49820.000008314666,-514977.76452786196,300.39926221351675,1.0278439154206094,104
12435000,49840.00000831874,-515668.1477019079,300.4594096310402,1.0287883202678159,104
12440000,49860.000008322815,-515077.8915303957,301.79531504562215,1.0284729446441396,104
12445000,49880.00000832689,-515401.08135981485,302.27716011419284,1.0245899271723895,104
12450000,49900.000008330964,-514430.47183963563,301.3521994114501,1.026501928416032,104
12455000,49920.00000833504,-514648.6069136055,301.8031767849361,1.0257049116122696,104
12460000,49940.00000833911,-515514.95239632437,299.1910572692098,1.0212235431547587,105
12465000,49960.00000834319,-516317.96604793495,300.932485136793,1.0278878693317113,105
12470000,49980.00000834726,-514573.8913042417,302.89809399921273,1.0241353132798405,105
12475000,50000.00000835134,-514188.6669372241,302.23804187266006,1.0290136069669702,105
12480000,50020.00000835541,-514861.46458616154,299.39480683880237,1.028268365367418,105
12485000,50040.000008359486,-515120.7675264592,301.9975478401277,1.0276890351372652,105
12490000,50060.00000836356,-514596.2232944849,299.2547804603742,1.0291938779715792,105
12495000,50080.000008367635,-514786.98980745557,298.1703466743195,1.0226839294528245,105
12500000,50100.00000837171,-513872.5450675939,301.8262347689131,1.0250258810394368,105
