[2026-07-04 23:06:53] Thermal supervisor started. Policy: pause@78C or every 90min, resume@56C.
[2026-07-04 23:06:54] START/RESUME methyl_epa_50ns  (GPU 48 C)
[2026-07-05 00:36:56] PAUSE methyl_epa_50ns : ran 90 min (duty-cycle cooldown)
[2026-07-05 00:37:12] COOLED to 53 C after 16 s -> resuming
[2026-07-05 00:37:13] START/RESUME methyl_epa_50ns  (GPU 53 C)
[2026-07-05 02:07:14] PAUSE methyl_epa_50ns : ran 90 min (duty-cycle cooldown)
[2026-07-05 02:07:31] COOLED to 50 C after 16 s -> resuming
[2026-07-05 02:07:31] START/RESUME methyl_epa_50ns  (GPU 50 C)
[2026-07-05 03:37:32] PAUSE methyl_epa_50ns : ran 90 min (duty-cycle cooldown)
[2026-07-05 03:37:49] COOLED to 50 C after 16 s -> resuming
[2026-07-05 03:37:49] START/RESUME methyl_epa_50ns  (GPU 50 C)
[2026-07-05 05:07:51] PAUSE methyl_epa_50ns : ran 90 min (duty-cycle cooldown)
[2026-07-05 05:08:07] COOLED to 50 C after 16 s -> resuming
[2026-07-05 05:08:08] START/RESUME methyl_epa_50ns  (GPU 50 C)
[2026-07-05 06:38:08] PAUSE methyl_epa_50ns : ran 90 min (duty-cycle cooldown)
[2026-07-05 06:38:24] COOLED to 52 C after 15 s -> resuming
[2026-07-05 06:38:24] START/RESUME methyl_epa_50ns  (GPU 52 C)
[2026-07-05 08:08:25] PAUSE methyl_epa_50ns : ran 90 min (duty-cycle cooldown)
[2026-07-05 08:08:42] COOLED to 52 C after 16 s -> resuming
[2026-07-05 08:08:42] START/RESUME methyl_epa_50ns  (GPU 52 C)
[2026-07-05 09:38:42] PAUSE methyl_epa_50ns : ran 90 min (duty-cycle cooldown)
[2026-07-05 09:38:59] COOLED to 52 C after 16 s -> resuming
[2026-07-05 09:38:59] START/RESUME methyl_epa_50ns  (GPU 52 C)
[2026-07-05 10:22:14] COMPLETE methyl_epa_50ns
[2026-07-05 10:22:14] === DONE methyl_epa_50ns ===
[2026-07-05 10:22:16] START/RESUME epa_deprot_50ns  (GPU 53 C)
[2026-07-05 11:52:19] PAUSE epa_deprot_50ns : ran 90 min (duty-cycle cooldown)
[2026-07-05 11:52:36] COOLED to 53 C after 16 s -> resuming
[2026-07-05 11:52:36] START/RESUME epa_deprot_50ns  (GPU 53 C)
[2026-07-05 13:22:39] PAUSE epa_deprot_50ns : ran 90 min (duty-cycle cooldown)
[2026-07-05 13:22:56] COOLED to 53 C after 16 s -> resuming
[2026-07-05 13:22:56] START/RESUME epa_deprot_50ns  (GPU 53 C)
[2026-07-05 14:52:58] PAUSE epa_deprot_50ns : ran 90 min (duty-cycle cooldown)
[2026-07-05 14:53:14] COOLED to 53 C after 16 s -> resuming
[2026-07-05 14:53:14] START/RESUME epa_deprot_50ns  (GPU 53 C)
[2026-07-05 17:21:57] Thermal supervisor started. Policy: pause@78C or every 90min, resume@56C.
[2026-07-05 17:21:59] START/RESUME methyl_epa_50ns  (GPU 47 C)
[2026-07-05 17:22:47] COMPLETE methyl_epa_50ns
[2026-07-05 17:22:47] === DONE methyl_epa_50ns ===
[2026-07-05 17:22:49] START/RESUME epa_deprot_50ns  (GPU 47 C)
[2026-07-05 18:52:50] PAUSE epa_deprot_50ns : ran 90 min (duty-cycle cooldown)
[2026-07-05 18:53:07] COOLED to 55 C after 15 s -> resuming
[2026-07-05 18:53:07] START/RESUME epa_deprot_50ns  (GPU 55 C)
[2026-07-05 20:23:08] PAUSE epa_deprot_50ns : ran 90 min (duty-cycle cooldown)
[2026-07-05 20:23:25] COOLED to 54 C after 16 s -> resuming
[2026-07-05 20:23:25] START/RESUME epa_deprot_50ns  (GPU 54 C)
[2026-07-05 21:53:26] PAUSE epa_deprot_50ns : ran 90 min (duty-cycle cooldown)
[2026-07-05 21:53:43] COOLED to 55 C after 16 s -> resuming
[2026-07-05 21:53:43] START/RESUME epa_deprot_50ns  (GPU 55 C)
[2026-07-06 11:14:50] Thermal supervisor started. Policy: pause@78C or every 90min, resume@56C.
[2026-07-06 11:14:51] START/RESUME methyl_epa_50ns  (GPU 49 C)
[2026-07-06 11:15:21] COMPLETE methyl_epa_50ns
[2026-07-06 11:15:21] === DONE methyl_epa_50ns ===
[2026-07-06 11:15:22] START/RESUME epa_deprot_50ns  (GPU 46 C)
[2026-07-06 12:45:23] PAUSE epa_deprot_50ns : ran 90 min (duty-cycle cooldown)
[2026-07-06 12:45:55] COOLED to 55 C after 31 s -> resuming
[2026-07-06 12:45:55] START/RESUME epa_deprot_50ns  (GPU 55 C)
[2026-07-06 13:39:01] COMPLETE epa_deprot_50ns
[2026-07-06 13:39:01] === DONE epa_deprot_50ns ===
[2026-07-06 13:39:01] ALL RUNS COMPLETE.
[2026-07-06 15:50:35] Thermal supervisor started. Policy: pause@78C or every 90min, resume@56C.
[2026-07-06 15:50:37] START/RESUME gla_50ns  (GPU 48 C)
[2026-07-06 17:20:39] PAUSE gla_50ns : ran 90 min (duty-cycle cooldown)
[2026-07-06 17:20:56] COOLED to 56 C after 16 s -> resuming
[2026-07-06 17:20:56] START/RESUME gla_50ns  (GPU 56 C)
[2026-07-06 18:50:57] PAUSE gla_50ns : ran 90 min (duty-cycle cooldown)
[2026-07-06 18:51:13] COOLED to 56 C after 16 s -> resuming
[2026-07-06 18:51:13] START/RESUME gla_50ns  (GPU 56 C)
[2026-07-06 19:25:19] Thermal supervisor started. Policy: pause@78C or every 90min, resume@56C.
[2026-07-06 19:25:21] START/RESUME gla_50ns  (GPU 54 C)
[2026-07-06 20:55:24] PAUSE gla_50ns : ran 90 min (duty-cycle cooldown)
[2026-07-06 20:55:41] COOLED to 56 C after 16 s -> resuming
[2026-07-06 20:55:41] START/RESUME gla_50ns  (GPU 56 C)
[2026-07-06 22:25:43] PAUSE gla_50ns : ran 90 min (duty-cycle cooldown)
[2026-07-06 22:26:00] COOLED to 54 C after 16 s -> resuming
[2026-07-06 22:26:00] START/RESUME gla_50ns  (GPU 54 C)
[2026-07-06 23:56:01] PAUSE gla_50ns : ran 90 min (duty-cycle cooldown)
[2026-07-06 23:56:18] COOLED to 55 C after 16 s -> resuming
[2026-07-06 23:56:18] START/RESUME gla_50ns  (GPU 55 C)
[2026-07-07 01:26:20] PAUSE gla_50ns : ran 90 min (duty-cycle cooldown)
[2026-07-07 01:26:37] COOLED to 55 C after 16 s -> resuming
[2026-07-07 01:26:37] START/RESUME gla_50ns  (GPU 55 C)
[2026-07-07 02:56:37] PAUSE gla_50ns : ran 90 min (duty-cycle cooldown)
[2026-07-07 02:56:53] COOLED to 56 C after 15 s -> resuming
[2026-07-07 02:56:53] START/RESUME gla_50ns  (GPU 56 C)
[2026-07-07 03:34:51] COMPLETE gla_50ns
[2026-07-07 03:34:51] === DONE gla_50ns ===
[2026-07-07 03:34:53] START/RESUME gla_ester_50ns  (GPU 58 C)
[2026-07-07 03:35:24] EXIT gla_ester_50ns rc=1 (will relaunch)
[2026-07-07 03:35:25] START/RESUME gla_ester_50ns  (GPU 51 C)
[2026-07-07 03:35:57] EXIT gla_ester_50ns rc=1 (will relaunch)
[2026-07-07 03:35:57] START/RESUME gla_ester_50ns  (GPU 50 C)
[2026-07-07 03:36:28] EXIT gla_ester_50ns rc=1 (will relaunch)
[2026-07-07 03:36:30] START/RESUME gla_ester_50ns  (GPU 48 C)
[2026-07-07 03:37:01] EXIT gla_ester_50ns rc=1 (will relaunch)
[2026-07-07 03:37:03] START/RESUME gla_ester_50ns  (GPU 48 C)
[2026-07-07 03:37:34] EXIT gla_ester_50ns rc=1 (will relaunch)
[2026-07-07 03:37:36] START/RESUME gla_ester_50ns  (GPU 48 C)
[2026-07-07 03:38:08] EXIT gla_ester_50ns rc=1 (will relaunch)
[2026-07-07 03:38:08] START/RESUME gla_ester_50ns  (GPU 48 C)
[2026-07-07 03:38:40] EXIT gla_ester_50ns rc=1 (will relaunch)
[2026-07-07 03:38:42] START/RESUME gla_ester_50ns  (GPU 47 C)
[2026-07-07 03:39:12] EXIT gla_ester_50ns rc=1 (will relaunch)
[2026-07-07 03:39:13] START/RESUME gla_ester_50ns  (GPU 47 C)
[2026-07-07 03:39:44] EXIT gla_ester_50ns rc=1 (will relaunch)
[2026-07-07 03:39:46] START/RESUME gla_ester_50ns  (GPU 47 C)
[2026-07-07 03:40:17] EXIT gla_ester_50ns rc=1 (will relaunch)
[2026-07-07 03:40:18] START/RESUME gla_ester_50ns  (GPU 47 C)
[2026-07-07 03:40:49] EXIT gla_ester_50ns rc=1 (will relaunch)
[2026-07-07 03:40:50] START/RESUME gla_ester_50ns  (GPU 47 C)
[2026-07-07 03:41:21] EXIT gla_ester_50ns rc=1 (will relaunch)
[2026-07-07 03:41:22] START/RESUME gla_ester_50ns  (GPU 47 C)
[2026-07-07 03:41:54] EXIT gla_ester_50ns rc=1 (will relaunch)
[2026-07-07 03:41:55] START/RESUME gla_ester_50ns  (GPU 47 C)
[2026-07-07 03:42:26] EXIT gla_ester_50ns rc=1 (will relaunch)
[2026-07-07 03:42:28] START/RESUME gla_ester_50ns  (GPU 47 C)
[2026-07-07 03:42:59] EXIT gla_ester_50ns rc=1 (will relaunch)
[2026-07-07 03:43:00] START/RESUME gla_ester_50ns  (GPU 47 C)
[2026-07-07 03:43:32] EXIT gla_ester_50ns rc=1 (will relaunch)
[2026-07-07 03:43:33] START/RESUME gla_ester_50ns  (GPU 46 C)
[2026-07-07 03:44:05] EXIT gla_ester_50ns rc=1 (will relaunch)
[2026-07-07 03:44:06] START/RESUME gla_ester_50ns  (GPU 47 C)
[2026-07-07 03:44:37] EXIT gla_ester_50ns rc=1 (will relaunch)
[2026-07-07 03:44:39] START/RESUME gla_ester_50ns  (GPU 46 C)
[2026-07-07 03:45:10] EXIT gla_ester_50ns rc=1 (will relaunch)
[2026-07-07 03:45:12] START/RESUME gla_ester_50ns  (GPU 46 C)
[2026-07-07 03:45:43] EXIT gla_ester_50ns rc=1 (will relaunch)
[2026-07-07 03:45:45] START/RESUME gla_ester_50ns  (GPU 46 C)
[2026-07-07 03:46:16] EXIT gla_ester_50ns rc=1 (will relaunch)
[2026-07-07 03:46:18] START/RESUME gla_ester_50ns  (GPU 46 C)
[2026-07-07 03:46:49] EXIT gla_ester_50ns rc=1 (will relaunch)
[2026-07-07 03:46:50] START/RESUME gla_ester_50ns  (GPU 46 C)
[2026-07-07 03:47:21] EXIT gla_ester_50ns rc=1 (will relaunch)
[2026-07-07 03:47:22] START/RESUME gla_ester_50ns  (GPU 46 C)
[2026-07-07 03:47:54] EXIT gla_ester_50ns rc=1 (will relaunch)
[2026-07-07 03:47:55] START/RESUME gla_ester_50ns  (GPU 46 C)
[2026-07-07 03:48:27] EXIT gla_ester_50ns rc=1 (will relaunch)
[2026-07-07 03:48:28] START/RESUME gla_ester_50ns  (GPU 46 C)
[2026-07-07 03:48:59] EXIT gla_ester_50ns rc=1 (will relaunch)
[2026-07-07 03:49:00] START/RESUME gla_ester_50ns  (GPU 46 C)
[2026-07-07 03:49:32] EXIT gla_ester_50ns rc=1 (will relaunch)
[2026-07-07 03:49:33] START/RESUME gla_ester_50ns  (GPU 46 C)
[2026-07-07 03:50:04] EXIT gla_ester_50ns rc=1 (will relaunch)
[2026-07-07 03:50:06] START/RESUME gla_ester_50ns  (GPU 46 C)
[2026-07-07 03:50:37] EXIT gla_ester_50ns rc=1 (will relaunch)
[2026-07-07 03:50:38] START/RESUME gla_ester_50ns  (GPU 46 C)
[2026-07-07 03:51:09] EXIT gla_ester_50ns rc=1 (will relaunch)
[2026-07-07 03:51:09] START/RESUME gla_ester_50ns  (GPU 47 C)
[2026-07-07 03:51:41] EXIT gla_ester_50ns rc=1 (will relaunch)
[2026-07-07 03:51:42] START/RESUME gla_ester_50ns  (GPU 46 C)
[2026-07-07 03:52:13] EXIT gla_ester_50ns rc=1 (will relaunch)
[2026-07-07 03:52:15] START/RESUME gla_ester_50ns  (GPU 46 C)
[2026-07-07 03:52:46] EXIT gla_ester_50ns rc=1 (will relaunch)
[2026-07-07 03:52:47] START/RESUME gla_ester_50ns  (GPU 46 C)
[2026-07-07 03:53:19] EXIT gla_ester_50ns rc=1 (will relaunch)
[2026-07-07 03:53:20] START/RESUME gla_ester_50ns  (GPU 46 C)
[2026-07-07 03:53:52] EXIT gla_ester_50ns rc=1 (will relaunch)
[2026-07-07 03:53:52] START/RESUME gla_ester_50ns  (GPU 46 C)
[2026-07-07 03:54:24] EXIT gla_ester_50ns rc=1 (will relaunch)
[2026-07-07 03:54:25] START/RESUME gla_ester_50ns  (GPU 46 C)
[2026-07-07 03:54:57] EXIT gla_ester_50ns rc=1 (will relaunch)
[2026-07-07 03:54:58] START/RESUME gla_ester_50ns  (GPU 46 C)
[2026-07-07 03:55:29] EXIT gla_ester_50ns rc=1 (will relaunch)
[2026-07-07 03:55:30] START/RESUME gla_ester_50ns  (GPU 46 C)
[2026-07-07 03:56:01] EXIT gla_ester_50ns rc=1 (will relaunch)
[2026-07-07 03:56:02] START/RESUME gla_ester_50ns  (GPU 46 C)
[2026-07-07 03:56:34] EXIT gla_ester_50ns rc=1 (will relaunch)
[2026-07-07 03:56:34] START/RESUME gla_ester_50ns  (GPU 47 C)
[2026-07-07 03:57:06] EXIT gla_ester_50ns rc=1 (will relaunch)
[2026-07-07 03:57:07] START/RESUME gla_ester_50ns  (GPU 46 C)
[2026-07-07 03:57:39] EXIT gla_ester_50ns rc=1 (will relaunch)
[2026-07-07 03:57:40] START/RESUME gla_ester_50ns  (GPU 46 C)
[2026-07-07 03:58:11] EXIT gla_ester_50ns rc=1 (will relaunch)
[2026-07-07 03:58:13] START/RESUME gla_ester_50ns  (GPU 46 C)
[2026-07-07 03:58:44] EXIT gla_ester_50ns rc=1 (will relaunch)
[2026-07-07 03:58:45] START/RESUME gla_ester_50ns  (GPU 46 C)
[2026-07-07 03:59:17] EXIT gla_ester_50ns rc=1 (will relaunch)
[2026-07-07 03:59:18] START/RESUME gla_ester_50ns  (GPU 46 C)
[2026-07-07 03:59:49] EXIT gla_ester_50ns rc=1 (will relaunch)
[2026-07-07 03:59:50] START/RESUME gla_ester_50ns  (GPU 46 C)
[2026-07-07 04:00:22] EXIT gla_ester_50ns rc=1 (will relaunch)
[2026-07-07 04:00:23] START/RESUME gla_ester_50ns  (GPU 46 C)
[2026-07-07 04:00:55] EXIT gla_ester_50ns rc=1 (will relaunch)
[2026-07-07 04:00:56] START/RESUME gla_ester_50ns  (GPU 46 C)
[2026-07-07 04:01:27] EXIT gla_ester_50ns rc=1 (will relaunch)
[2026-07-07 04:01:28] START/RESUME gla_ester_50ns  (GPU 46 C)
[2026-07-07 04:02:00] EXIT gla_ester_50ns rc=1 (will relaunch)
[2026-07-07 04:02:01] START/RESUME gla_ester_50ns  (GPU 46 C)
[2026-07-07 04:02:32] EXIT gla_ester_50ns rc=1 (will relaunch)
[2026-07-07 04:02:33] START/RESUME gla_ester_50ns  (GPU 46 C)
[2026-07-07 04:03:04] EXIT gla_ester_50ns rc=1 (will relaunch)
[2026-07-07 04:03:06] START/RESUME gla_ester_50ns  (GPU 46 C)
[2026-07-07 04:03:37] EXIT gla_ester_50ns rc=1 (will relaunch)
[2026-07-07 04:03:38] START/RESUME gla_ester_50ns  (GPU 47 C)
[2026-07-07 04:04:09] EXIT gla_ester_50ns rc=1 (will relaunch)
[2026-07-07 04:04:10] START/RESUME gla_ester_50ns  (GPU 46 C)
[2026-07-07 04:04:41] EXIT gla_ester_50ns rc=1 (will relaunch)
[2026-07-07 04:04:42] START/RESUME gla_ester_50ns  (GPU 47 C)
[2026-07-07 04:05:13] EXIT gla_ester_50ns rc=1 (will relaunch)
[2026-07-07 04:05:15] START/RESUME gla_ester_50ns  (GPU 46 C)
[2026-07-07 04:05:47] EXIT gla_ester_50ns rc=1 (will relaunch)
[2026-07-07 04:05:47] START/RESUME gla_ester_50ns  (GPU 46 C)
[2026-07-07 04:06:19] EXIT gla_ester_50ns rc=1 (will relaunch)
[2026-07-07 04:06:20] START/RESUME gla_ester_50ns  (GPU 46 C)
[2026-07-07 04:06:51] EXIT gla_ester_50ns rc=1 (will relaunch)
[2026-07-07 04:06:52] START/RESUME gla_ester_50ns  (GPU 46 C)
[2026-07-07 04:07:40] EXIT gla_ester_50ns rc=1 (will relaunch)
[2026-07-07 04:07:41] START/RESUME gla_ester_50ns  (GPU 46 C)
[2026-07-07 04:08:12] EXIT gla_ester_50ns rc=1 (will relaunch)
[2026-07-07 04:08:13] START/RESUME gla_ester_50ns  (GPU 46 C)
[2026-07-07 04:08:45] EXIT gla_ester_50ns rc=1 (will relaunch)
[2026-07-07 04:08:46] START/RESUME gla_ester_50ns  (GPU 47 C)
[2026-07-07 04:09:18] EXIT gla_ester_50ns rc=1 (will relaunch)
[2026-07-07 04:09:19] START/RESUME gla_ester_50ns  (GPU 46 C)
[2026-07-07 04:09:51] EXIT gla_ester_50ns rc=1 (will relaunch)
[2026-07-07 04:09:52] START/RESUME gla_ester_50ns  (GPU 46 C)
[2026-07-07 04:10:23] EXIT gla_ester_50ns rc=1 (will relaunch)
[2026-07-07 04:10:23] START/RESUME gla_ester_50ns  (GPU 46 C)
[2026-07-07 04:10:55] EXIT gla_ester_50ns rc=1 (will relaunch)
[2026-07-07 04:10:56] START/RESUME gla_ester_50ns  (GPU 46 C)
[2026-07-07 04:11:28] EXIT gla_ester_50ns rc=1 (will relaunch)
[2026-07-07 04:11:29] START/RESUME gla_ester_50ns  (GPU 46 C)
[2026-07-07 04:12:00] EXIT gla_ester_50ns rc=1 (will relaunch)
[2026-07-07 04:12:01] START/RESUME gla_ester_50ns  (GPU 46 C)
[2026-07-07 04:12:33] EXIT gla_ester_50ns rc=1 (will relaunch)
[2026-07-07 04:12:34] START/RESUME gla_ester_50ns  (GPU 46 C)
[2026-07-07 04:13:06] EXIT gla_ester_50ns rc=1 (will relaunch)
[2026-07-07 04:13:07] START/RESUME gla_ester_50ns  (GPU 46 C)
[2026-07-07 04:13:39] EXIT gla_ester_50ns rc=1 (will relaunch)
[2026-07-07 04:13:40] START/RESUME gla_ester_50ns  (GPU 46 C)
[2026-07-07 04:14:12] EXIT gla_ester_50ns rc=1 (will relaunch)
[2026-07-07 04:14:13] START/RESUME gla_ester_50ns  (GPU 46 C)
[2026-07-07 04:14:44] EXIT gla_ester_50ns rc=1 (will relaunch)
[2026-07-07 04:14:45] START/RESUME gla_ester_50ns  (GPU 46 C)
[2026-07-07 04:15:17] EXIT gla_ester_50ns rc=1 (will relaunch)
[2026-07-07 04:15:18] START/RESUME gla_ester_50ns  (GPU 46 C)
[2026-07-07 04:15:49] EXIT gla_ester_50ns rc=1 (will relaunch)
[2026-07-07 04:15:50] START/RESUME gla_ester_50ns  (GPU 47 C)
[2026-07-07 04:16:22] EXIT gla_ester_50ns rc=1 (will relaunch)
[2026-07-07 04:16:23] START/RESUME gla_ester_50ns  (GPU 46 C)
[2026-07-07 04:16:55] EXIT gla_ester_50ns rc=1 (will relaunch)
[2026-07-07 04:16:56] START/RESUME gla_ester_50ns  (GPU 46 C)
[2026-07-07 04:17:28] EXIT gla_ester_50ns rc=1 (will relaunch)
[2026-07-07 04:17:29] START/RESUME gla_ester_50ns  (GPU 46 C)
[2026-07-07 04:18:00] EXIT gla_ester_50ns rc=1 (will relaunch)
[2026-07-07 04:18:02] START/RESUME gla_ester_50ns  (GPU 46 C)
[2026-07-07 04:18:33] EXIT gla_ester_50ns rc=1 (will relaunch)
[2026-07-07 04:18:34] START/RESUME gla_ester_50ns  (GPU 46 C)
[2026-07-07 04:19:06] EXIT gla_ester_50ns rc=1 (will relaunch)
[2026-07-07 04:19:07] START/RESUME gla_ester_50ns  (GPU 46 C)
[2026-07-07 04:19:39] EXIT gla_ester_50ns rc=1 (will relaunch)
[2026-07-07 04:19:40] START/RESUME gla_ester_50ns  (GPU 46 C)
[2026-07-07 04:20:12] EXIT gla_ester_50ns rc=1 (will relaunch)
[2026-07-07 04:20:13] START/RESUME gla_ester_50ns  (GPU 47 C)
[2026-07-07 04:20:45] EXIT gla_ester_50ns rc=1 (will relaunch)
[2026-07-07 04:20:46] START/RESUME gla_ester_50ns  (GPU 46 C)
[2026-07-07 04:21:17] EXIT gla_ester_50ns rc=1 (will relaunch)
[2026-07-07 04:21:19] START/RESUME gla_ester_50ns  (GPU 46 C)
[2026-07-07 04:21:49] EXIT gla_ester_50ns rc=1 (will relaunch)
[2026-07-07 04:21:50] START/RESUME gla_ester_50ns  (GPU 46 C)
[2026-07-07 04:22:21] EXIT gla_ester_50ns rc=1 (will relaunch)
[2026-07-07 04:22:22] START/RESUME gla_ester_50ns  (GPU 46 C)
[2026-07-07 04:22:53] EXIT gla_ester_50ns rc=1 (will relaunch)
[2026-07-07 04:22:54] START/RESUME gla_ester_50ns  (GPU 47 C)
[2026-07-07 04:23:26] EXIT gla_ester_50ns rc=1 (will relaunch)
[2026-07-07 04:23:26] START/RESUME gla_ester_50ns  (GPU 46 C)
[2026-07-07 04:23:57] EXIT gla_ester_50ns rc=1 (will relaunch)
[2026-07-07 04:23:58] START/RESUME gla_ester_50ns  (GPU 46 C)
[2026-07-07 04:24:30] EXIT gla_ester_50ns rc=1 (will relaunch)
[2026-07-07 04:24:31] START/RESUME gla_ester_50ns  (GPU 46 C)
[2026-07-07 04:25:03] EXIT gla_ester_50ns rc=1 (will relaunch)
[2026-07-07 04:25:04] START/RESUME gla_ester_50ns  (GPU 46 C)
[2026-07-07 04:25:36] EXIT gla_ester_50ns rc=1 (will relaunch)
[2026-07-07 04:25:37] START/RESUME gla_ester_50ns  (GPU 46 C)
[2026-07-07 04:26:09] EXIT gla_ester_50ns rc=1 (will relaunch)
[2026-07-07 04:26:10] START/RESUME gla_ester_50ns  (GPU 46 C)
[2026-07-07 04:26:42] EXIT gla_ester_50ns rc=1 (will relaunch)
[2026-07-07 04:26:43] START/RESUME gla_ester_50ns  (GPU 46 C)
[2026-07-07 04:27:14] EXIT gla_ester_50ns rc=1 (will relaunch)
[2026-07-07 04:27:16] START/RESUME gla_ester_50ns  (GPU 47 C)
[2026-07-07 04:27:47] EXIT gla_ester_50ns rc=1 (will relaunch)
[2026-07-07 04:27:49] START/RESUME gla_ester_50ns  (GPU 46 C)
[2026-07-07 04:28:20] EXIT gla_ester_50ns rc=1 (will relaunch)
[2026-07-07 04:28:21] START/RESUME gla_ester_50ns  (GPU 46 C)
[2026-07-07 04:28:53] EXIT gla_ester_50ns rc=1 (will relaunch)
[2026-07-07 04:28:54] START/RESUME gla_ester_50ns  (GPU 46 C)
[2026-07-07 04:29:26] EXIT gla_ester_50ns rc=1 (will relaunch)
[2026-07-07 04:29:27] START/RESUME gla_ester_50ns  (GPU 46 C)
[2026-07-07 04:29:58] EXIT gla_ester_50ns rc=1 (will relaunch)
[2026-07-07 04:29:59] START/RESUME gla_ester_50ns  (GPU 46 C)
[2026-07-07 04:30:31] EXIT gla_ester_50ns rc=1 (will relaunch)
[2026-07-07 04:30:32] START/RESUME gla_ester_50ns  (GPU 46 C)
[2026-07-07 04:31:03] EXIT gla_ester_50ns rc=1 (will relaunch)
[2026-07-07 04:31:04] START/RESUME gla_ester_50ns  (GPU 47 C)
[2026-07-07 04:31:35] EXIT gla_ester_50ns rc=1 (will relaunch)
[2026-07-07 04:31:37] START/RESUME gla_ester_50ns  (GPU 46 C)
[2026-07-07 04:32:08] EXIT gla_ester_50ns rc=1 (will relaunch)
[2026-07-07 04:32:10] START/RESUME gla_ester_50ns  (GPU 46 C)
[2026-07-07 04:32:41] EXIT gla_ester_50ns rc=1 (will relaunch)
[2026-07-07 04:32:43] START/RESUME gla_ester_50ns  (GPU 46 C)
[2026-07-07 04:33:14] EXIT gla_ester_50ns rc=1 (will relaunch)
[2026-07-07 04:33:16] START/RESUME gla_ester_50ns  (GPU 46 C)
[2026-07-07 04:33:47] EXIT gla_ester_50ns rc=1 (will relaunch)
[2026-07-07 04:33:48] START/RESUME gla_ester_50ns  (GPU 46 C)
[2026-07-07 04:34:20] EXIT gla_ester_50ns rc=1 (will relaunch)
[2026-07-07 04:34:21] START/RESUME gla_ester_50ns  (GPU 46 C)
[2026-07-07 04:34:53] EXIT gla_ester_50ns rc=1 (will relaunch)
[2026-07-07 04:34:54] START/RESUME gla_ester_50ns  (GPU 46 C)
[2026-07-07 04:35:26] EXIT gla_ester_50ns rc=1 (will relaunch)
[2026-07-07 04:35:27] START/RESUME gla_ester_50ns  (GPU 46 C)
[2026-07-07 04:35:58] EXIT gla_ester_50ns rc=1 (will relaunch)
[2026-07-07 04:35:59] START/RESUME gla_ester_50ns  (GPU 46 C)
[2026-07-07 04:36:31] EXIT gla_ester_50ns rc=1 (will relaunch)
[2026-07-07 04:36:32] START/RESUME gla_ester_50ns  (GPU 46 C)
[2026-07-07 04:37:03] EXIT gla_ester_50ns rc=1 (will relaunch)
[2026-07-07 04:37:04] START/RESUME gla_ester_50ns  (GPU 46 C)
[2026-07-07 04:37:36] EXIT gla_ester_50ns rc=1 (will relaunch)
[2026-07-07 04:37:37] START/RESUME gla_ester_50ns  (GPU 46 C)
[2026-07-07 04:38:08] EXIT gla_ester_50ns rc=1 (will relaunch)
[2026-07-07 04:38:09] START/RESUME gla_ester_50ns  (GPU 46 C)
[2026-07-07 04:38:40] EXIT gla_ester_50ns rc=1 (will relaunch)
[2026-07-07 04:38:42] START/RESUME gla_ester_50ns  (GPU 46 C)
[2026-07-07 04:39:13] EXIT gla_ester_50ns rc=1 (will relaunch)
[2026-07-07 04:39:15] START/RESUME gla_ester_50ns  (GPU 46 C)
[2026-07-07 04:39:46] EXIT gla_ester_50ns rc=1 (will relaunch)
[2026-07-07 04:39:47] START/RESUME gla_ester_50ns  (GPU 46 C)
[2026-07-07 04:40:19] EXIT gla_ester_50ns rc=1 (will relaunch)
[2026-07-07 04:40:20] START/RESUME gla_ester_50ns  (GPU 46 C)
[2026-07-07 04:40:51] EXIT gla_ester_50ns rc=1 (will relaunch)
[2026-07-07 04:40:52] START/RESUME gla_ester_50ns  (GPU 46 C)
[2026-07-07 04:41:24] EXIT gla_ester_50ns rc=1 (will relaunch)
[2026-07-07 04:41:25] START/RESUME gla_ester_50ns  (GPU 46 C)
[2026-07-07 04:41:57] EXIT gla_ester_50ns rc=1 (will relaunch)
[2026-07-07 04:41:58] START/RESUME gla_ester_50ns  (GPU 46 C)
[2026-07-07 04:42:30] EXIT gla_ester_50ns rc=1 (will relaunch)
[2026-07-07 04:42:31] START/RESUME gla_ester_50ns  (GPU 46 C)
[2026-07-07 04:43:03] EXIT gla_ester_50ns rc=1 (will relaunch)
[2026-07-07 04:43:04] START/RESUME gla_ester_50ns  (GPU 46 C)
[2026-07-07 04:43:36] EXIT gla_ester_50ns rc=1 (will relaunch)
[2026-07-07 04:43:37] START/RESUME gla_ester_50ns  (GPU 46 C)
[2026-07-07 04:44:08] EXIT gla_ester_50ns rc=1 (will relaunch)
[2026-07-07 04:44:09] START/RESUME gla_ester_50ns  (GPU 46 C)
[2026-07-07 04:44:41] EXIT gla_ester_50ns rc=1 (will relaunch)
[2026-07-07 04:44:42] START/RESUME gla_ester_50ns  (GPU 46 C)
[2026-07-07 04:45:13] EXIT gla_ester_50ns rc=1 (will relaunch)
[2026-07-07 04:45:15] START/RESUME gla_ester_50ns  (GPU 47 C)
[2026-07-07 04:45:46] EXIT gla_ester_50ns rc=1 (will relaunch)
[2026-07-07 04:45:47] START/RESUME gla_ester_50ns  (GPU 46 C)
[2026-07-07 04:46:19] EXIT gla_ester_50ns rc=1 (will relaunch)
[2026-07-07 04:46:20] START/RESUME gla_ester_50ns  (GPU 46 C)
[2026-07-07 04:46:51] EXIT gla_ester_50ns rc=1 (will relaunch)
[2026-07-07 04:46:52] START/RESUME gla_ester_50ns  (GPU 46 C)
[2026-07-07 04:47:23] EXIT gla_ester_50ns rc=1 (will relaunch)
[2026-07-07 04:47:25] START/RESUME gla_ester_50ns  (GPU 46 C)
[2026-07-07 04:47:57] EXIT gla_ester_50ns rc=1 (will relaunch)
[2026-07-07 04:47:57] START/RESUME gla_ester_50ns  (GPU 46 C)
[2026-07-07 04:48:29] EXIT gla_ester_50ns rc=1 (will relaunch)
[2026-07-07 04:48:30] START/RESUME gla_ester_50ns  (GPU 46 C)
[2026-07-07 04:49:01] EXIT gla_ester_50ns rc=1 (will relaunch)
[2026-07-07 04:49:03] START/RESUME gla_ester_50ns  (GPU 46 C)
[2026-07-07 04:49:35] EXIT gla_ester_50ns rc=1 (will relaunch)
[2026-07-07 04:49:35] START/RESUME gla_ester_50ns  (GPU 46 C)
[2026-07-07 04:50:07] EXIT gla_ester_50ns rc=1 (will relaunch)
[2026-07-07 04:50:08] START/RESUME gla_ester_50ns  (GPU 47 C)
[2026-07-07 04:50:40] EXIT gla_ester_50ns rc=1 (will relaunch)
[2026-07-07 04:50:41] START/RESUME gla_ester_50ns  (GPU 46 C)
[2026-07-07 04:51:12] EXIT gla_ester_50ns rc=1 (will relaunch)
[2026-07-07 04:51:14] START/RESUME gla_ester_50ns  (GPU 46 C)
[2026-07-07 04:51:45] EXIT gla_ester_50ns rc=1 (will relaunch)
[2026-07-07 04:51:47] START/RESUME gla_ester_50ns  (GPU 46 C)
[2026-07-07 04:52:18] EXIT gla_ester_50ns rc=1 (will relaunch)
[2026-07-07 04:52:19] START/RESUME gla_ester_50ns  (GPU 46 C)
[2026-07-07 04:52:50] EXIT gla_ester_50ns rc=1 (will relaunch)
[2026-07-07 04:52:52] START/RESUME gla_ester_50ns  (GPU 46 C)
[2026-07-07 04:53:23] EXIT gla_ester_50ns rc=1 (will relaunch)
[2026-07-07 04:53:24] START/RESUME gla_ester_50ns  (GPU 47 C)
[2026-07-07 04:53:56] EXIT gla_ester_50ns rc=1 (will relaunch)
[2026-07-07 04:53:57] START/RESUME gla_ester_50ns  (GPU 46 C)
[2026-07-07 04:54:28] EXIT gla_ester_50ns rc=1 (will relaunch)
[2026-07-07 04:54:29] START/RESUME gla_ester_50ns  (GPU 46 C)
[2026-07-07 04:55:01] EXIT gla_ester_50ns rc=1 (will relaunch)
[2026-07-07 04:55:01] START/RESUME gla_ester_50ns  (GPU 46 C)
[2026-07-07 04:55:32] EXIT gla_ester_50ns rc=1 (will relaunch)
[2026-07-07 04:55:33] START/RESUME gla_ester_50ns  (GPU 46 C)
[2026-07-07 04:56:05] EXIT gla_ester_50ns rc=1 (will relaunch)
[2026-07-07 04:56:05] START/RESUME gla_ester_50ns  (GPU 46 C)
[2026-07-07 04:56:37] EXIT gla_ester_50ns rc=1 (will relaunch)
[2026-07-07 04:56:38] START/RESUME gla_ester_50ns  (GPU 46 C)
[2026-07-07 04:57:09] EXIT gla_ester_50ns rc=1 (will relaunch)
[2026-07-07 04:57:11] START/RESUME gla_ester_50ns  (GPU 46 C)
[2026-07-07 04:57:42] EXIT gla_ester_50ns rc=1 (will relaunch)
[2026-07-07 04:57:44] START/RESUME gla_ester_50ns  (GPU 46 C)
[2026-07-07 04:58:16] EXIT gla_ester_50ns rc=1 (will relaunch)
[2026-07-07 04:58:17] START/RESUME gla_ester_50ns  (GPU 46 C)
[2026-07-07 04:58:48] EXIT gla_ester_50ns rc=1 (will relaunch)
[2026-07-07 04:58:49] START/RESUME gla_ester_50ns  (GPU 46 C)
[2026-07-07 04:59:20] EXIT gla_ester_50ns rc=1 (will relaunch)
[2026-07-07 04:59:21] START/RESUME gla_ester_50ns  (GPU 46 C)
[2026-07-07 04:59:52] EXIT gla_ester_50ns rc=1 (will relaunch)
[2026-07-07 04:59:54] START/RESUME gla_ester_50ns  (GPU 46 C)
[2026-07-07 05:00:24] EXIT gla_ester_50ns rc=1 (will relaunch)
[2026-07-07 05:00:25] START/RESUME gla_ester_50ns  (GPU 47 C)
[2026-07-07 05:00:57] EXIT gla_ester_50ns rc=1 (will relaunch)
[2026-07-07 05:00:58] START/RESUME gla_ester_50ns  (GPU 46 C)
[2026-07-07 05:01:30] EXIT gla_ester_50ns rc=1 (will relaunch)
[2026-07-07 05:01:31] START/RESUME gla_ester_50ns  (GPU 47 C)
[2026-07-07 05:02:02] EXIT gla_ester_50ns rc=1 (will relaunch)
[2026-07-07 05:02:04] START/RESUME gla_ester_50ns  (GPU 46 C)
[2026-07-07 05:02:35] EXIT gla_ester_50ns rc=1 (will relaunch)
[2026-07-07 05:02:37] START/RESUME gla_ester_50ns  (GPU 46 C)
[2026-07-07 05:03:08] EXIT gla_ester_50ns rc=1 (will relaunch)
[2026-07-07 05:03:09] START/RESUME gla_ester_50ns  (GPU 46 C)
[2026-07-07 05:03:40] EXIT gla_ester_50ns rc=1 (will relaunch)
[2026-07-07 05:03:42] START/RESUME gla_ester_50ns  (GPU 46 C)
[2026-07-07 05:04:13] EXIT gla_ester_50ns rc=1 (will relaunch)
[2026-07-07 05:04:14] START/RESUME gla_ester_50ns  (GPU 46 C)
[2026-07-07 05:04:46] EXIT gla_ester_50ns rc=1 (will relaunch)
[2026-07-07 05:04:47] START/RESUME gla_ester_50ns  (GPU 46 C)
[2026-07-07 05:05:19] EXIT gla_ester_50ns rc=1 (will relaunch)
[2026-07-07 05:05:20] START/RESUME gla_ester_50ns  (GPU 46 C)
[2026-07-07 05:05:52] EXIT gla_ester_50ns rc=1 (will relaunch)
[2026-07-07 05:05:53] START/RESUME gla_ester_50ns  (GPU 46 C)
[2026-07-07 05:06:25] EXIT gla_ester_50ns rc=1 (will relaunch)
[2026-07-07 05:06:26] START/RESUME gla_ester_50ns  (GPU 46 C)
[2026-07-07 05:06:58] EXIT gla_ester_50ns rc=1 (will relaunch)
[2026-07-07 05:06:59] START/RESUME gla_ester_50ns  (GPU 46 C)
[2026-07-07 05:07:30] EXIT gla_ester_50ns rc=1 (will relaunch)
[2026-07-07 05:07:31] START/RESUME gla_ester_50ns  (GPU 46 C)
[2026-07-07 05:08:03] EXIT gla_ester_50ns rc=1 (will relaunch)
[2026-07-07 05:08:04] START/RESUME gla_ester_50ns  (GPU 46 C)
[2026-07-07 05:08:36] EXIT gla_ester_50ns rc=1 (will relaunch)
[2026-07-07 05:08:37] START/RESUME gla_ester_50ns  (GPU 47 C)
[2026-07-07 05:09:09] EXIT gla_ester_50ns rc=1 (will relaunch)
[2026-07-07 05:09:10] START/RESUME gla_ester_50ns  (GPU 46 C)
[2026-07-07 05:09:42] EXIT gla_ester_50ns rc=1 (will relaunch)
[2026-07-07 05:09:43] START/RESUME gla_ester_50ns  (GPU 46 C)
[2026-07-07 05:10:14] EXIT gla_ester_50ns rc=1 (will relaunch)
[2026-07-07 05:10:14] START/RESUME gla_ester_50ns  (GPU 46 C)
[2026-07-07 05:10:46] EXIT gla_ester_50ns rc=1 (will relaunch)
[2026-07-07 05:10:48] START/RESUME gla_ester_50ns  (GPU 46 C)
[2026-07-07 05:11:19] EXIT gla_ester_50ns rc=1 (will relaunch)
[2026-07-07 05:11:20] START/RESUME gla_ester_50ns  (GPU 46 C)
[2026-07-07 05:11:52] EXIT gla_ester_50ns rc=1 (will relaunch)
[2026-07-07 05:11:52] START/RESUME gla_ester_50ns  (GPU 46 C)
[2026-07-07 05:12:24] EXIT gla_ester_50ns rc=1 (will relaunch)
[2026-07-07 05:12:25] START/RESUME gla_ester_50ns  (GPU 46 C)
[2026-07-07 05:12:57] EXIT gla_ester_50ns rc=1 (will relaunch)
[2026-07-07 05:12:58] START/RESUME gla_ester_50ns  (GPU 46 C)
[2026-07-07 05:13:30] EXIT gla_ester_50ns rc=1 (will relaunch)
[2026-07-07 05:13:31] START/RESUME gla_ester_50ns  (GPU 47 C)
[2026-07-07 05:14:02] EXIT gla_ester_50ns rc=1 (will relaunch)
[2026-07-07 05:14:03] START/RESUME gla_ester_50ns  (GPU 46 C)
[2026-07-07 05:14:34] EXIT gla_ester_50ns rc=1 (will relaunch)
[2026-07-07 05:14:35] START/RESUME gla_ester_50ns  (GPU 46 C)
[2026-07-07 05:15:06] EXIT gla_ester_50ns rc=1 (will relaunch)
[2026-07-07 05:15:07] START/RESUME gla_ester_50ns  (GPU 46 C)
[2026-07-07 05:15:38] EXIT gla_ester_50ns rc=1 (will relaunch)
[2026-07-07 05:15:39] START/RESUME gla_ester_50ns  (GPU 47 C)
[2026-07-07 05:16:10] EXIT gla_ester_50ns rc=1 (will relaunch)
[2026-07-07 05:16:12] START/RESUME gla_ester_50ns  (GPU 46 C)
[2026-07-07 05:16:43] EXIT gla_ester_50ns rc=1 (will relaunch)
[2026-07-07 05:16:44] START/RESUME gla_ester_50ns  (GPU 46 C)
[2026-07-07 05:17:16] EXIT gla_ester_50ns rc=1 (will relaunch)
[2026-07-07 05:17:17] START/RESUME gla_ester_50ns  (GPU 46 C)
[2026-07-07 05:17:49] EXIT gla_ester_50ns rc=1 (will relaunch)
[2026-07-07 05:17:50] START/RESUME gla_ester_50ns  (GPU 46 C)
[2026-07-07 05:18:21] EXIT gla_ester_50ns rc=1 (will relaunch)
[2026-07-07 05:18:22] START/RESUME gla_ester_50ns  (GPU 46 C)
[2026-07-07 05:18:54] EXIT gla_ester_50ns rc=1 (will relaunch)
[2026-07-07 05:18:55] START/RESUME gla_ester_50ns  (GPU 46 C)
[2026-07-07 05:19:26] EXIT gla_ester_50ns rc=1 (will relaunch)
[2026-07-07 05:19:28] START/RESUME gla_ester_50ns  (GPU 46 C)
[2026-07-07 05:19:59] EXIT gla_ester_50ns rc=1 (will relaunch)
[2026-07-07 05:20:01] START/RESUME gla_ester_50ns  (GPU 46 C)
[2026-07-07 05:20:32] EXIT gla_ester_50ns rc=1 (will relaunch)
[2026-07-07 05:20:34] START/RESUME gla_ester_50ns  (GPU 46 C)
[2026-07-07 05:21:05] EXIT gla_ester_50ns rc=1 (will relaunch)
[2026-07-07 05:21:06] START/RESUME gla_ester_50ns  (GPU 46 C)
[2026-07-07 05:21:38] EXIT gla_ester_50ns rc=1 (will relaunch)
[2026-07-07 05:21:39] START/RESUME gla_ester_50ns  (GPU 47 C)
[2026-07-07 05:22:10] EXIT gla_ester_50ns rc=1 (will relaunch)
[2026-07-07 05:22:12] START/RESUME gla_ester_50ns  (GPU 46 C)
[2026-07-07 05:22:43] EXIT gla_ester_50ns rc=1 (will relaunch)
[2026-07-07 05:22:44] START/RESUME gla_ester_50ns  (GPU 46 C)
[2026-07-07 05:23:15] EXIT gla_ester_50ns rc=1 (will relaunch)
[2026-07-07 05:23:16] START/RESUME gla_ester_50ns  (GPU 46 C)
[2026-07-07 05:23:47] EXIT gla_ester_50ns rc=1 (will relaunch)
[2026-07-07 05:23:47] START/RESUME gla_ester_50ns  (GPU 47 C)
[2026-07-07 05:24:19] EXIT gla_ester_50ns rc=1 (will relaunch)
[2026-07-07 05:24:20] START/RESUME gla_ester_50ns  (GPU 46 C)
[2026-07-07 05:24:52] EXIT gla_ester_50ns rc=1 (will relaunch)
[2026-07-07 05:24:53] START/RESUME gla_ester_50ns  (GPU 46 C)
[2026-07-07 05:25:24] EXIT gla_ester_50ns rc=1 (will relaunch)
[2026-07-07 05:25:25] START/RESUME gla_ester_50ns  (GPU 46 C)
[2026-07-07 05:25:57] EXIT gla_ester_50ns rc=1 (will relaunch)
[2026-07-07 05:25:58] START/RESUME gla_ester_50ns  (GPU 46 C)
[2026-07-07 05:26:30] EXIT gla_ester_50ns rc=1 (will relaunch)
[2026-07-07 05:26:31] START/RESUME gla_ester_50ns  (GPU 46 C)
[2026-07-07 05:27:02] EXIT gla_ester_50ns rc=1 (will relaunch)
[2026-07-07 05:27:03] START/RESUME gla_ester_50ns  (GPU 46 C)
[2026-07-07 05:27:35] EXIT gla_ester_50ns rc=1 (will relaunch)
[2026-07-07 05:27:36] START/RESUME gla_ester_50ns  (GPU 46 C)
[2026-07-07 05:28:08] EXIT gla_ester_50ns rc=1 (will relaunch)
[2026-07-07 05:28:09] START/RESUME gla_ester_50ns  (GPU 46 C)
[2026-07-07 05:28:41] EXIT gla_ester_50ns rc=1 (will relaunch)
[2026-07-07 05:28:42] START/RESUME gla_ester_50ns  (GPU 46 C)
[2026-07-07 05:29:14] EXIT gla_ester_50ns rc=1 (will relaunch)
[2026-07-07 05:29:15] START/RESUME gla_ester_50ns  (GPU 46 C)
[2026-07-07 05:29:45] EXIT gla_ester_50ns rc=1 (will relaunch)
[2026-07-07 05:29:46] START/RESUME gla_ester_50ns  (GPU 46 C)
[2026-07-07 05:30:18] EXIT gla_ester_50ns rc=1 (will relaunch)
[2026-07-07 05:30:19] START/RESUME gla_ester_50ns  (GPU 46 C)
[2026-07-07 05:30:50] EXIT gla_ester_50ns rc=1 (will relaunch)
[2026-07-07 05:30:50] START/RESUME gla_ester_50ns  (GPU 46 C)
[2026-07-07 05:31:22] EXIT gla_ester_50ns rc=1 (will relaunch)
[2026-07-07 05:31:23] START/RESUME gla_ester_50ns  (GPU 46 C)
[2026-07-07 05:31:54] EXIT gla_ester_50ns rc=1 (will relaunch)
[2026-07-07 05:31:55] START/RESUME gla_ester_50ns  (GPU 47 C)
[2026-07-07 05:32:27] EXIT gla_ester_50ns rc=1 (will relaunch)
[2026-07-07 05:32:28] START/RESUME gla_ester_50ns  (GPU 46 C)
[2026-07-07 05:33:00] EXIT gla_ester_50ns rc=1 (will relaunch)
[2026-07-07 05:33:01] START/RESUME gla_ester_50ns  (GPU 46 C)
[2026-07-07 05:33:32] EXIT gla_ester_50ns rc=1 (will relaunch)
[2026-07-07 05:33:34] START/RESUME gla_ester_50ns  (GPU 46 C)
[2026-07-07 05:34:05] EXIT gla_ester_50ns rc=1 (will relaunch)
[2026-07-07 05:34:07] START/RESUME gla_ester_50ns  (GPU 46 C)
[2026-07-07 05:34:38] EXIT gla_ester_50ns rc=1 (will relaunch)
[2026-07-07 05:34:39] START/RESUME gla_ester_50ns  (GPU 46 C)
[2026-07-07 05:35:11] EXIT gla_ester_50ns rc=1 (will relaunch)
[2026-07-07 05:35:12] START/RESUME gla_ester_50ns  (GPU 46 C)
[2026-07-07 05:35:44] EXIT gla_ester_50ns rc=1 (will relaunch)
[2026-07-07 05:35:45] START/RESUME gla_ester_50ns  (GPU 46 C)
[2026-07-07 05:36:17] EXIT gla_ester_50ns rc=1 (will relaunch)
[2026-07-07 05:36:18] START/RESUME gla_ester_50ns  (GPU 46 C)
[2026-07-07 05:36:50] EXIT gla_ester_50ns rc=1 (will relaunch)
[2026-07-07 05:36:51] START/RESUME gla_ester_50ns  (GPU 47 C)
[2026-07-07 05:37:23] EXIT gla_ester_50ns rc=1 (will relaunch)
[2026-07-07 05:37:24] START/RESUME gla_ester_50ns  (GPU 46 C)
[2026-07-07 05:37:55] EXIT gla_ester_50ns rc=1 (will relaunch)
[2026-07-07 05:37:56] START/RESUME gla_ester_50ns  (GPU 46 C)
[2026-07-07 05:38:28] EXIT gla_ester_50ns rc=1 (will relaunch)
[2026-07-07 05:38:29] START/RESUME gla_ester_50ns  (GPU 46 C)
[2026-07-07 05:39:00] EXIT gla_ester_50ns rc=1 (will relaunch)
[2026-07-07 05:39:02] START/RESUME gla_ester_50ns  (GPU 47 C)
[2026-07-07 05:39:33] EXIT gla_ester_50ns rc=1 (will relaunch)
[2026-07-07 05:39:34] START/RESUME gla_ester_50ns  (GPU 46 C)
[2026-07-07 05:40:06] EXIT gla_ester_50ns rc=1 (will relaunch)
[2026-07-07 05:40:07] START/RESUME gla_ester_50ns  (GPU 46 C)
[2026-07-07 05:40:39] EXIT gla_ester_50ns rc=1 (will relaunch)
[2026-07-07 05:40:39] START/RESUME gla_ester_50ns  (GPU 46 C)
[2026-07-07 05:41:11] EXIT gla_ester_50ns rc=1 (will relaunch)
[2026-07-07 05:41:12] START/RESUME gla_ester_50ns  (GPU 46 C)
[2026-07-07 05:41:43] EXIT gla_ester_50ns rc=1 (will relaunch)
[2026-07-07 05:41:44] START/RESUME gla_ester_50ns  (GPU 47 C)
[2026-07-07 05:42:16] EXIT gla_ester_50ns rc=1 (will relaunch)
[2026-07-07 05:42:17] START/RESUME gla_ester_50ns  (GPU 46 C)
[2026-07-07 05:42:49] EXIT gla_ester_50ns rc=1 (will relaunch)
[2026-07-07 05:42:50] START/RESUME gla_ester_50ns  (GPU 46 C)
[2026-07-07 05:43:22] EXIT gla_ester_50ns rc=1 (will relaunch)
[2026-07-07 05:43:23] START/RESUME gla_ester_50ns  (GPU 46 C)
[2026-07-07 05:43:55] EXIT gla_ester_50ns rc=1 (will relaunch)
[2026-07-07 05:43:56] START/RESUME gla_ester_50ns  (GPU 46 C)
[2026-07-07 05:44:27] EXIT gla_ester_50ns rc=1 (will relaunch)
[2026-07-07 05:44:28] START/RESUME gla_ester_50ns  (GPU 46 C)
[2026-07-07 05:44:58] EXIT gla_ester_50ns rc=1 (will relaunch)
[2026-07-07 05:44:59] START/RESUME gla_ester_50ns  (GPU 46 C)
[2026-07-07 05:45:31] EXIT gla_ester_50ns rc=1 (will relaunch)
[2026-07-07 05:45:32] START/RESUME gla_ester_50ns  (GPU 46 C)
[2026-07-07 05:46:03] EXIT gla_ester_50ns rc=1 (will relaunch)
[2026-07-07 05:46:04] START/RESUME gla_ester_50ns  (GPU 46 C)
[2026-07-07 05:46:36] EXIT gla_ester_50ns rc=1 (will relaunch)
[2026-07-07 05:46:37] START/RESUME gla_ester_50ns  (GPU 46 C)
[2026-07-07 05:47:08] EXIT gla_ester_50ns rc=1 (will relaunch)
[2026-07-07 05:47:08] START/RESUME gla_ester_50ns  (GPU 46 C)
[2026-07-07 05:47:40] EXIT gla_ester_50ns rc=1 (will relaunch)
[2026-07-07 05:47:41] START/RESUME gla_ester_50ns  (GPU 46 C)
[2026-07-07 05:48:12] EXIT gla_ester_50ns rc=1 (will relaunch)
[2026-07-07 05:48:14] START/RESUME gla_ester_50ns  (GPU 46 C)
[2026-07-07 05:48:45] EXIT gla_ester_50ns rc=1 (will relaunch)
[2026-07-07 05:48:47] START/RESUME gla_ester_50ns  (GPU 46 C)
[2026-07-07 05:49:18] EXIT gla_ester_50ns rc=1 (will relaunch)
[2026-07-07 05:49:20] START/RESUME gla_ester_50ns  (GPU 46 C)
[2026-07-07 05:49:51] EXIT gla_ester_50ns rc=1 (will relaunch)
[2026-07-07 05:49:52] START/RESUME gla_ester_50ns  (GPU 46 C)
[2026-07-07 05:50:24] EXIT gla_ester_50ns rc=1 (will relaunch)
[2026-07-07 05:50:25] START/RESUME gla_ester_50ns  (GPU 46 C)
[2026-07-07 05:50:56] EXIT gla_ester_50ns rc=1 (will relaunch)
[2026-07-07 05:50:57] START/RESUME gla_ester_50ns  (GPU 46 C)
[2026-07-07 05:51:29] EXIT gla_ester_50ns rc=1 (will relaunch)
[2026-07-07 05:51:30] START/RESUME gla_ester_50ns  (GPU 46 C)
[2026-07-07 05:52:01] EXIT gla_ester_50ns rc=1 (will relaunch)
[2026-07-07 05:52:03] START/RESUME gla_ester_50ns  (GPU 46 C)
[2026-07-07 05:52:34] EXIT gla_ester_50ns rc=1 (will relaunch)
[2026-07-07 05:52:36] START/RESUME gla_ester_50ns  (GPU 46 C)
[2026-07-07 05:53:07] EXIT gla_ester_50ns rc=1 (will relaunch)
[2026-07-07 05:53:08] START/RESUME gla_ester_50ns  (GPU 47 C)
[2026-07-07 05:53:39] EXIT gla_ester_50ns rc=1 (will relaunch)
[2026-07-07 05:53:40] START/RESUME gla_ester_50ns  (GPU 46 C)
[2026-07-07 05:54:11] EXIT gla_ester_50ns rc=1 (will relaunch)
[2026-07-07 05:54:12] START/RESUME gla_ester_50ns  (GPU 47 C)
[2026-07-07 05:54:43] EXIT gla_ester_50ns rc=1 (will relaunch)
[2026-07-07 05:54:45] START/RESUME gla_ester_50ns  (GPU 46 C)
[2026-07-07 05:55:16] EXIT gla_ester_50ns rc=1 (will relaunch)
[2026-07-07 05:55:17] START/RESUME gla_ester_50ns  (GPU 46 C)
[2026-07-07 05:55:49] EXIT gla_ester_50ns rc=1 (will relaunch)
[2026-07-07 05:55:50] START/RESUME gla_ester_50ns  (GPU 46 C)
[2026-07-07 05:56:21] EXIT gla_ester_50ns rc=1 (will relaunch)
[2026-07-07 05:56:22] START/RESUME gla_ester_50ns  (GPU 47 C)
[2026-07-07 05:56:54] EXIT gla_ester_50ns rc=1 (will relaunch)
[2026-07-07 05:56:55] START/RESUME gla_ester_50ns  (GPU 46 C)
[2026-07-07 05:57:26] EXIT gla_ester_50ns rc=1 (will relaunch)
[2026-07-07 05:57:27] START/RESUME gla_ester_50ns  (GPU 46 C)
[2026-07-07 05:57:59] EXIT gla_ester_50ns rc=1 (will relaunch)
[2026-07-07 05:57:59] START/RESUME gla_ester_50ns  (GPU 46 C)
[2026-07-07 05:58:31] EXIT gla_ester_50ns rc=1 (will relaunch)
[2026-07-07 05:58:32] START/RESUME gla_ester_50ns  (GPU 47 C)
[2026-07-07 05:59:03] EXIT gla_ester_50ns rc=1 (will relaunch)
[2026-07-07 05:59:04] START/RESUME gla_ester_50ns  (GPU 46 C)
[2026-07-07 05:59:36] EXIT gla_ester_50ns rc=1 (will relaunch)
[2026-07-07 05:59:37] START/RESUME gla_ester_50ns  (GPU 46 C)
[2026-07-07 06:00:09] EXIT gla_ester_50ns rc=1 (will relaunch)
[2026-07-07 06:00:10] START/RESUME gla_ester_50ns  (GPU 46 C)
[2026-07-07 06:00:41] EXIT gla_ester_50ns rc=1 (will relaunch)
[2026-07-07 06:00:43] START/RESUME gla_ester_50ns  (GPU 47 C)
[2026-07-07 06:01:14] EXIT gla_ester_50ns rc=1 (will relaunch)
[2026-07-07 06:01:15] START/RESUME gla_ester_50ns  (GPU 46 C)
[2026-07-07 06:01:46] EXIT gla_ester_50ns rc=1 (will relaunch)
[2026-07-07 06:01:48] START/RESUME gla_ester_50ns  (GPU 46 C)
[2026-07-07 06:02:19] EXIT gla_ester_50ns rc=1 (will relaunch)
[2026-07-07 06:02:21] START/RESUME gla_ester_50ns  (GPU 47 C)
[2026-07-07 06:02:52] EXIT gla_ester_50ns rc=1 (will relaunch)
[2026-07-07 06:02:53] START/RESUME gla_ester_50ns  (GPU 46 C)
[2026-07-07 06:03:25] EXIT gla_ester_50ns rc=1 (will relaunch)
[2026-07-07 06:03:26] START/RESUME gla_ester_50ns  (GPU 47 C)
[2026-07-07 06:03:57] EXIT gla_ester_50ns rc=1 (will relaunch)
[2026-07-07 06:03:58] START/RESUME gla_ester_50ns  (GPU 46 C)
[2026-07-07 06:04:29] EXIT gla_ester_50ns rc=1 (will relaunch)
[2026-07-07 06:04:30] START/RESUME gla_ester_50ns  (GPU 47 C)
[2026-07-07 06:05:02] EXIT gla_ester_50ns rc=1 (will relaunch)
[2026-07-07 06:05:03] START/RESUME gla_ester_50ns  (GPU 46 C)
[2026-07-07 06:05:34] EXIT gla_ester_50ns rc=1 (will relaunch)
[2026-07-07 06:05:35] START/RESUME gla_ester_50ns  (GPU 46 C)
[2026-07-07 06:06:07] EXIT gla_ester_50ns rc=1 (will relaunch)
[2026-07-07 06:06:08] START/RESUME gla_ester_50ns  (GPU 46 C)
[2026-07-07 06:06:40] EXIT gla_ester_50ns rc=1 (will relaunch)
[2026-07-07 06:06:41] START/RESUME gla_ester_50ns  (GPU 46 C)
[2026-07-07 06:07:13] EXIT gla_ester_50ns rc=1 (will relaunch)
[2026-07-07 06:07:14] START/RESUME gla_ester_50ns  (GPU 46 C)
[2026-07-07 06:07:46] EXIT gla_ester_50ns rc=1 (will relaunch)
[2026-07-07 06:07:47] START/RESUME gla_ester_50ns  (GPU 46 C)
[2026-07-07 06:08:18] EXIT gla_ester_50ns rc=1 (will relaunch)
[2026-07-07 06:08:19] START/RESUME gla_ester_50ns  (GPU 46 C)
[2026-07-07 06:08:50] EXIT gla_ester_50ns rc=1 (will relaunch)
[2026-07-07 06:08:52] START/RESUME gla_ester_50ns  (GPU 46 C)
[2026-07-07 06:09:23] EXIT gla_ester_50ns rc=1 (will relaunch)
[2026-07-07 06:09:23] START/RESUME gla_ester_50ns  (GPU 47 C)
[2026-07-07 06:09:55] EXIT gla_ester_50ns rc=1 (will relaunch)
[2026-07-07 06:09:56] START/RESUME gla_ester_50ns  (GPU 46 C)
[2026-07-07 06:10:27] EXIT gla_ester_50ns rc=1 (will relaunch)
[2026-07-07 06:10:28] START/RESUME gla_ester_50ns  (GPU 47 C)
[2026-07-07 06:11:00] EXIT gla_ester_50ns rc=1 (will relaunch)
[2026-07-07 06:11:01] START/RESUME gla_ester_50ns  (GPU 46 C)
[2026-07-07 06:11:32] EXIT gla_ester_50ns rc=1 (will relaunch)
[2026-07-07 06:11:34] START/RESUME gla_ester_50ns  (GPU 46 C)
[2026-07-07 06:12:05] EXIT gla_ester_50ns rc=1 (will relaunch)
[2026-07-07 06:12:06] START/RESUME gla_ester_50ns  (GPU 46 C)
[2026-07-07 06:12:37] EXIT gla_ester_50ns rc=1 (will relaunch)
[2026-07-07 06:12:39] START/RESUME gla_ester_50ns  (GPU 46 C)
[2026-07-07 06:13:10] EXIT gla_ester_50ns rc=1 (will relaunch)
[2026-07-07 06:13:11] START/RESUME gla_ester_50ns  (GPU 46 C)
[2026-07-07 06:13:43] EXIT gla_ester_50ns rc=1 (will relaunch)
[2026-07-07 06:13:44] START/RESUME gla_ester_50ns  (GPU 46 C)
[2026-07-07 06:14:15] EXIT gla_ester_50ns rc=1 (will relaunch)
[2026-07-07 06:14:17] START/RESUME gla_ester_50ns  (GPU 46 C)
[2026-07-07 06:14:48] EXIT gla_ester_50ns rc=1 (will relaunch)
[2026-07-07 06:14:49] START/RESUME gla_ester_50ns  (GPU 46 C)
[2026-07-07 06:15:21] EXIT gla_ester_50ns rc=1 (will relaunch)
[2026-07-07 06:15:22] START/RESUME gla_ester_50ns  (GPU 46 C)
[2026-07-07 06:15:53] EXIT gla_ester_50ns rc=1 (will relaunch)
[2026-07-07 06:15:54] START/RESUME gla_ester_50ns  (GPU 46 C)
[2026-07-07 06:16:25] EXIT gla_ester_50ns rc=1 (will relaunch)
[2026-07-07 06:16:26] START/RESUME gla_ester_50ns  (GPU 46 C)
[2026-07-07 06:16:57] EXIT gla_ester_50ns rc=1 (will relaunch)
[2026-07-07 06:16:58] START/RESUME gla_ester_50ns  (GPU 46 C)
[2026-07-07 06:17:29] EXIT gla_ester_50ns rc=1 (will relaunch)
[2026-07-07 06:17:31] START/RESUME gla_ester_50ns  (GPU 46 C)
[2026-07-07 06:18:02] EXIT gla_ester_50ns rc=1 (will relaunch)
[2026-07-07 06:18:04] START/RESUME gla_ester_50ns  (GPU 46 C)
[2026-07-07 06:18:35] EXIT gla_ester_50ns rc=1 (will relaunch)
[2026-07-07 06:18:36] START/RESUME gla_ester_50ns  (GPU 46 C)
[2026-07-07 06:19:08] EXIT gla_ester_50ns rc=1 (will relaunch)
[2026-07-07 06:19:09] START/RESUME gla_ester_50ns  (GPU 46 C)
[2026-07-07 06:19:41] EXIT gla_ester_50ns rc=1 (will relaunch)
[2026-07-07 06:19:42] START/RESUME gla_ester_50ns  (GPU 46 C)
[2026-07-07 06:20:14] EXIT gla_ester_50ns rc=1 (will relaunch)
[2026-07-07 06:20:14] START/RESUME gla_ester_50ns  (GPU 46 C)
[2026-07-07 06:20:45] EXIT gla_ester_50ns rc=1 (will relaunch)
[2026-07-07 06:20:46] START/RESUME gla_ester_50ns  (GPU 46 C)
[2026-07-07 06:21:18] EXIT gla_ester_50ns rc=1 (will relaunch)
[2026-07-07 06:21:19] START/RESUME gla_ester_50ns  (GPU 46 C)
[2026-07-07 06:21:50] EXIT gla_ester_50ns rc=1 (will relaunch)
[2026-07-07 06:21:51] START/RESUME gla_ester_50ns  (GPU 46 C)
[2026-07-07 06:22:23] EXIT gla_ester_50ns rc=1 (will relaunch)
[2026-07-07 06:22:24] START/RESUME gla_ester_50ns  (GPU 47 C)
[2026-07-07 06:22:56] EXIT gla_ester_50ns rc=1 (will relaunch)
[2026-07-07 06:22:57] START/RESUME gla_ester_50ns  (GPU 46 C)
[2026-07-07 06:23:29] EXIT gla_ester_50ns rc=1 (will relaunch)
[2026-07-07 06:23:30] START/RESUME gla_ester_50ns  (GPU 47 C)
[2026-07-07 06:24:01] EXIT gla_ester_50ns rc=1 (will relaunch)
[2026-07-07 06:24:02] START/RESUME gla_ester_50ns  (GPU 46 C)
[2026-07-07 06:24:32] EXIT gla_ester_50ns rc=1 (will relaunch)
[2026-07-07 06:24:33] START/RESUME gla_ester_50ns  (GPU 46 C)
[2026-07-07 06:25:05] EXIT gla_ester_50ns rc=1 (will relaunch)
[2026-07-07 06:25:06] START/RESUME gla_ester_50ns  (GPU 46 C)
[2026-07-07 06:25:36] EXIT gla_ester_50ns rc=1 (will relaunch)
[2026-07-07 06:25:37] START/RESUME gla_ester_50ns  (GPU 47 C)
[2026-07-07 06:26:09] EXIT gla_ester_50ns rc=1 (will relaunch)
[2026-07-07 06:26:10] START/RESUME gla_ester_50ns  (GPU 46 C)
[2026-07-07 06:26:41] EXIT gla_ester_50ns rc=1 (will relaunch)
[2026-07-07 06:26:42] START/RESUME gla_ester_50ns  (GPU 46 C)
[2026-07-07 06:27:13] EXIT gla_ester_50ns rc=1 (will relaunch)
[2026-07-07 06:27:14] START/RESUME gla_ester_50ns  (GPU 46 C)
[2026-07-07 06:27:46] EXIT gla_ester_50ns rc=1 (will relaunch)
[2026-07-07 06:27:46] START/RESUME gla_ester_50ns  (GPU 46 C)
[2026-07-07 06:28:18] EXIT gla_ester_50ns rc=1 (will relaunch)
[2026-07-07 06:28:19] START/RESUME gla_ester_50ns  (GPU 46 C)
[2026-07-07 06:28:51] EXIT gla_ester_50ns rc=1 (will relaunch)
[2026-07-07 06:28:52] START/RESUME gla_ester_50ns  (GPU 46 C)
[2026-07-07 06:29:24] EXIT gla_ester_50ns rc=1 (will relaunch)
[2026-07-07 06:29:25] START/RESUME gla_ester_50ns  (GPU 46 C)
[2026-07-07 06:29:56] EXIT gla_ester_50ns rc=1 (will relaunch)
[2026-07-07 06:29:58] START/RESUME gla_ester_50ns  (GPU 46 C)
[2026-07-07 06:30:29] EXIT gla_ester_50ns rc=1 (will relaunch)
[2026-07-07 06:30:31] START/RESUME gla_ester_50ns  (GPU 46 C)
[2026-07-07 06:31:03] EXIT gla_ester_50ns rc=1 (will relaunch)
[2026-07-07 06:31:04] START/RESUME gla_ester_50ns  (GPU 46 C)
[2026-07-07 06:31:36] EXIT gla_ester_50ns rc=1 (will relaunch)
[2026-07-07 06:31:37] START/RESUME gla_ester_50ns  (GPU 47 C)
[2026-07-07 06:32:09] EXIT gla_ester_50ns rc=1 (will relaunch)
[2026-07-07 06:32:10] START/RESUME gla_ester_50ns  (GPU 46 C)
[2026-07-07 06:32:41] EXIT gla_ester_50ns rc=1 (will relaunch)
[2026-07-07 06:32:42] START/RESUME gla_ester_50ns  (GPU 47 C)
[2026-07-07 06:33:14] EXIT gla_ester_50ns rc=1 (will relaunch)
[2026-07-07 06:33:15] START/RESUME gla_ester_50ns  (GPU 46 C)
[2026-07-07 06:33:46] EXIT gla_ester_50ns rc=1 (will relaunch)
[2026-07-07 06:33:47] START/RESUME gla_ester_50ns  (GPU 46 C)
[2026-07-07 06:34:18] EXIT gla_ester_50ns rc=1 (will relaunch)
[2026-07-07 06:34:19] START/RESUME gla_ester_50ns  (GPU 46 C)
[2026-07-07 06:34:51] EXIT gla_ester_50ns rc=1 (will relaunch)
[2026-07-07 06:34:52] START/RESUME gla_ester_50ns  (GPU 47 C)
[2026-07-07 06:35:23] EXIT gla_ester_50ns rc=1 (will relaunch)
[2026-07-07 06:35:25] START/RESUME gla_ester_50ns  (GPU 46 C)
[2026-07-07 06:35:56] EXIT gla_ester_50ns rc=1 (will relaunch)
[2026-07-07 06:35:57] START/RESUME gla_ester_50ns  (GPU 47 C)
[2026-07-07 06:36:29] EXIT gla_ester_50ns rc=1 (will relaunch)
[2026-07-07 06:36:30] START/RESUME gla_ester_50ns  (GPU 46 C)
[2026-07-07 06:37:01] EXIT gla_ester_50ns rc=1 (will relaunch)
[2026-07-07 06:37:03] START/RESUME gla_ester_50ns  (GPU 46 C)
[2026-07-07 06:37:34] EXIT gla_ester_50ns rc=1 (will relaunch)
[2026-07-07 06:37:36] START/RESUME gla_ester_50ns  (GPU 46 C)
[2026-07-07 06:38:07] EXIT gla_ester_50ns rc=1 (will relaunch)
[2026-07-07 06:38:09] START/RESUME gla_ester_50ns  (GPU 46 C)
[2026-07-07 06:38:40] EXIT gla_ester_50ns rc=1 (will relaunch)
[2026-07-07 06:38:42] START/RESUME gla_ester_50ns  (GPU 46 C)
[2026-07-07 06:39:13] EXIT gla_ester_50ns rc=1 (will relaunch)
[2026-07-07 06:39:14] START/RESUME gla_ester_50ns  (GPU 46 C)
[2026-07-07 06:39:46] EXIT gla_ester_50ns rc=1 (will relaunch)
[2026-07-07 06:39:46] START/RESUME gla_ester_50ns  (GPU 46 C)
[2026-07-07 06:40:18] EXIT gla_ester_50ns rc=1 (will relaunch)
[2026-07-07 06:40:19] START/RESUME gla_ester_50ns  (GPU 46 C)
[2026-07-07 06:40:50] EXIT gla_ester_50ns rc=1 (will relaunch)
[2026-07-07 06:40:51] START/RESUME gla_ester_50ns  (GPU 46 C)
[2026-07-07 06:41:23] EXIT gla_ester_50ns rc=1 (will relaunch)
[2026-07-07 06:41:24] START/RESUME gla_ester_50ns  (GPU 47 C)
[2026-07-07 06:41:55] EXIT gla_ester_50ns rc=1 (will relaunch)
[2026-07-07 06:41:56] START/RESUME gla_ester_50ns  (GPU 47 C)
[2026-07-07 06:42:28] EXIT gla_ester_50ns rc=1 (will relaunch)
[2026-07-07 06:42:29] START/RESUME gla_ester_50ns  (GPU 46 C)
[2026-07-07 06:43:00] EXIT gla_ester_50ns rc=1 (will relaunch)
[2026-07-07 06:43:01] START/RESUME gla_ester_50ns  (GPU 47 C)
[2026-07-07 06:43:33] EXIT gla_ester_50ns rc=1 (will relaunch)
[2026-07-07 06:43:33] START/RESUME gla_ester_50ns  (GPU 46 C)
[2026-07-07 06:44:05] EXIT gla_ester_50ns rc=1 (will relaunch)
[2026-07-07 06:44:06] START/RESUME gla_ester_50ns  (GPU 46 C)
[2026-07-07 06:44:37] EXIT gla_ester_50ns rc=1 (will relaunch)
[2026-07-07 06:44:38] START/RESUME gla_ester_50ns  (GPU 46 C)
[2026-07-07 06:45:10] EXIT gla_ester_50ns rc=1 (will relaunch)
[2026-07-07 06:45:11] START/RESUME gla_ester_50ns  (GPU 46 C)
[2026-07-07 06:45:42] EXIT gla_ester_50ns rc=1 (will relaunch)
[2026-07-07 06:45:44] START/RESUME gla_ester_50ns  (GPU 46 C)
[2026-07-07 06:46:15] EXIT gla_ester_50ns rc=1 (will relaunch)
[2026-07-07 06:46:16] START/RESUME gla_ester_50ns  (GPU 46 C)
[2026-07-07 06:46:48] EXIT gla_ester_50ns rc=1 (will relaunch)
[2026-07-07 06:46:49] START/RESUME gla_ester_50ns  (GPU 46 C)
[2026-07-07 06:47:21] EXIT gla_ester_50ns rc=1 (will relaunch)
[2026-07-07 06:47:22] START/RESUME gla_ester_50ns  (GPU 46 C)
[2026-07-07 06:47:53] EXIT gla_ester_50ns rc=1 (will relaunch)
[2026-07-07 06:47:54] START/RESUME gla_ester_50ns  (GPU 46 C)
[2026-07-07 06:48:25] EXIT gla_ester_50ns rc=1 (will relaunch)
[2026-07-07 06:48:26] START/RESUME gla_ester_50ns  (GPU 46 C)
[2026-07-07 06:48:57] EXIT gla_ester_50ns rc=1 (will relaunch)
[2026-07-07 06:48:58] START/RESUME gla_ester_50ns  (GPU 47 C)
[2026-07-07 06:49:30] EXIT gla_ester_50ns rc=1 (will relaunch)
[2026-07-07 06:49:31] START/RESUME gla_ester_50ns  (GPU 46 C)
[2026-07-07 06:50:03] EXIT gla_ester_50ns rc=1 (will relaunch)
[2026-07-07 06:50:03] START/RESUME gla_ester_50ns  (GPU 47 C)
[2026-07-07 06:50:35] EXIT gla_ester_50ns rc=1 (will relaunch)
[2026-07-07 06:50:37] START/RESUME gla_ester_50ns  (GPU 46 C)
[2026-07-07 06:51:08] EXIT gla_ester_50ns rc=1 (will relaunch)
[2026-07-07 06:51:10] START/RESUME gla_ester_50ns  (GPU 46 C)
[2026-07-07 06:51:41] EXIT gla_ester_50ns rc=1 (will relaunch)
[2026-07-07 06:51:42] START/RESUME gla_ester_50ns  (GPU 46 C)
[2026-07-07 06:52:13] EXIT gla_ester_50ns rc=1 (will relaunch)
[2026-07-07 06:52:15] START/RESUME gla_ester_50ns  (GPU 46 C)
[2026-07-07 06:52:46] EXIT gla_ester_50ns rc=1 (will relaunch)
[2026-07-07 06:52:47] START/RESUME gla_ester_50ns  (GPU 46 C)
[2026-07-07 06:53:19] EXIT gla_ester_50ns rc=1 (will relaunch)
[2026-07-07 06:53:20] START/RESUME gla_ester_50ns  (GPU 46 C)
[2026-07-07 06:53:51] EXIT gla_ester_50ns rc=1 (will relaunch)
[2026-07-07 06:53:52] START/RESUME gla_ester_50ns  (GPU 46 C)
[2026-07-07 06:54:23] EXIT gla_ester_50ns rc=1 (will relaunch)
[2026-07-07 06:54:25] START/RESUME gla_ester_50ns  (GPU 46 C)
[2026-07-07 06:54:56] EXIT gla_ester_50ns rc=1 (will relaunch)
[2026-07-07 06:54:57] START/RESUME gla_ester_50ns  (GPU 46 C)
[2026-07-07 06:55:29] EXIT gla_ester_50ns rc=1 (will relaunch)
[2026-07-07 06:55:30] START/RESUME gla_ester_50ns  (GPU 46 C)
[2026-07-07 06:56:01] EXIT gla_ester_50ns rc=1 (will relaunch)
[2026-07-07 06:56:02] START/RESUME gla_ester_50ns  (GPU 46 C)
[2026-07-07 06:56:33] EXIT gla_ester_50ns rc=1 (will relaunch)
[2026-07-07 06:56:35] START/RESUME gla_ester_50ns  (GPU 46 C)
[2026-07-07 06:57:06] EXIT gla_ester_50ns rc=1 (will relaunch)
[2026-07-07 06:57:07] START/RESUME gla_ester_50ns  (GPU 46 C)
[2026-07-07 06:57:38] EXIT gla_ester_50ns rc=1 (will relaunch)
[2026-07-07 06:57:40] START/RESUME gla_ester_50ns  (GPU 46 C)
[2026-07-07 06:58:11] EXIT gla_ester_50ns rc=1 (will relaunch)
[2026-07-07 06:58:11] START/RESUME gla_ester_50ns  (GPU 47 C)
[2026-07-07 06:58:43] EXIT gla_ester_50ns rc=1 (will relaunch)
[2026-07-07 06:58:44] START/RESUME gla_ester_50ns  (GPU 47 C)
[2026-07-07 06:59:16] EXIT gla_ester_50ns rc=1 (will relaunch)
[2026-07-07 06:59:18] START/RESUME gla_ester_50ns  (GPU 46 C)
[2026-07-07 06:59:49] EXIT gla_ester_50ns rc=1 (will relaunch)
[2026-07-07 06:59:50] START/RESUME gla_ester_50ns  (GPU 46 C)
[2026-07-07 07:00:21] EXIT gla_ester_50ns rc=1 (will relaunch)
[2026-07-07 07:00:23] START/RESUME gla_ester_50ns  (GPU 46 C)
[2026-07-07 07:00:54] EXIT gla_ester_50ns rc=1 (will relaunch)
[2026-07-07 07:00:55] START/RESUME gla_ester_50ns  (GPU 46 C)
[2026-07-07 07:01:27] EXIT gla_ester_50ns rc=1 (will relaunch)
[2026-07-07 07:01:28] START/RESUME gla_ester_50ns  (GPU 46 C)
[2026-07-07 07:01:59] EXIT gla_ester_50ns rc=1 (will relaunch)
[2026-07-07 07:02:00] START/RESUME gla_ester_50ns  (GPU 46 C)
[2026-07-07 07:02:32] EXIT gla_ester_50ns rc=1 (will relaunch)
[2026-07-07 07:02:33] START/RESUME gla_ester_50ns  (GPU 46 C)
[2026-07-07 07:03:05] EXIT gla_ester_50ns rc=1 (will relaunch)
[2026-07-07 07:03:06] START/RESUME gla_ester_50ns  (GPU 45 C)
[2026-07-07 07:03:38] EXIT gla_ester_50ns rc=1 (will relaunch)
[2026-07-07 07:03:39] START/RESUME gla_ester_50ns  (GPU 45 C)
[2026-07-07 07:04:10] EXIT gla_ester_50ns rc=1 (will relaunch)
[2026-07-07 07:04:11] START/RESUME gla_ester_50ns  (GPU 46 C)
[2026-07-07 07:04:43] EXIT gla_ester_50ns rc=1 (will relaunch)
[2026-07-07 07:04:44] START/RESUME gla_ester_50ns  (GPU 46 C)
[2026-07-07 07:05:14] EXIT gla_ester_50ns rc=1 (will relaunch)
[2026-07-07 07:05:16] START/RESUME gla_ester_50ns  (GPU 46 C)
[2026-07-07 07:05:48] EXIT gla_ester_50ns rc=1 (will relaunch)
[2026-07-07 07:05:48] START/RESUME gla_ester_50ns  (GPU 46 C)
[2026-07-07 07:06:20] EXIT gla_ester_50ns rc=1 (will relaunch)
[2026-07-07 07:06:21] START/RESUME gla_ester_50ns  (GPU 46 C)
[2026-07-07 07:06:53] EXIT gla_ester_50ns rc=1 (will relaunch)
[2026-07-07 07:06:54] START/RESUME gla_ester_50ns  (GPU 46 C)
[2026-07-07 07:07:25] EXIT gla_ester_50ns rc=1 (will relaunch)
[2026-07-07 07:07:27] START/RESUME gla_ester_50ns  (GPU 46 C)
[2026-07-07 07:07:58] EXIT gla_ester_50ns rc=1 (will relaunch)
[2026-07-07 07:07:59] START/RESUME gla_ester_50ns  (GPU 46 C)
[2026-07-07 07:08:31] EXIT gla_ester_50ns rc=1 (will relaunch)
[2026-07-07 07:08:32] START/RESUME gla_ester_50ns  (GPU 45 C)
[2026-07-07 07:09:04] EXIT gla_ester_50ns rc=1 (will relaunch)
[2026-07-07 07:09:05] START/RESUME gla_ester_50ns  (GPU 46 C)
[2026-07-07 07:09:37] EXIT gla_ester_50ns rc=1 (will relaunch)
[2026-07-07 07:09:38] START/RESUME gla_ester_50ns  (GPU 46 C)
[2026-07-07 07:10:10] EXIT gla_ester_50ns rc=1 (will relaunch)
[2026-07-07 07:10:12] START/RESUME gla_ester_50ns  (GPU 46 C)
[2026-07-07 07:10:43] EXIT gla_ester_50ns rc=1 (will relaunch)
[2026-07-07 07:10:45] START/RESUME gla_ester_50ns  (GPU 45 C)
[2026-07-07 07:11:15] EXIT gla_ester_50ns rc=1 (will relaunch)
[2026-07-07 07:11:16] START/RESUME gla_ester_50ns  (GPU 45 C)
[2026-07-07 07:11:48] EXIT gla_ester_50ns rc=1 (will relaunch)
[2026-07-07 07:11:49] START/RESUME gla_ester_50ns  (GPU 46 C)
[2026-07-07 07:12:20] EXIT gla_ester_50ns rc=1 (will relaunch)
[2026-07-07 07:12:21] START/RESUME gla_ester_50ns  (GPU 46 C)
[2026-07-07 07:12:53] EXIT gla_ester_50ns rc=1 (will relaunch)
[2026-07-07 07:12:53] START/RESUME gla_ester_50ns  (GPU 46 C)
[2026-07-07 07:13:25] EXIT gla_ester_50ns rc=1 (will relaunch)
[2026-07-07 07:13:26] START/RESUME gla_ester_50ns  (GPU 46 C)
[2026-07-07 07:13:58] EXIT gla_ester_50ns rc=1 (will relaunch)
[2026-07-07 07:13:59] START/RESUME gla_ester_50ns  (GPU 46 C)
[2026-07-07 07:14:30] EXIT gla_ester_50ns rc=1 (will relaunch)
[2026-07-07 07:14:31] START/RESUME gla_ester_50ns  (GPU 46 C)
[2026-07-07 07:15:02] EXIT gla_ester_50ns rc=1 (will relaunch)
[2026-07-07 07:15:04] START/RESUME gla_ester_50ns  (GPU 46 C)
[2026-07-07 07:15:35] EXIT gla_ester_50ns rc=1 (will relaunch)
[2026-07-07 07:15:37] START/RESUME gla_ester_50ns  (GPU 46 C)
[2026-07-07 07:16:08] EXIT gla_ester_50ns rc=1 (will relaunch)
[2026-07-07 07:16:09] START/RESUME gla_ester_50ns  (GPU 46 C)
[2026-07-07 07:16:41] EXIT gla_ester_50ns rc=1 (will relaunch)
[2026-07-07 07:16:42] START/RESUME gla_ester_50ns  (GPU 45 C)
[2026-07-07 07:17:13] EXIT gla_ester_50ns rc=1 (will relaunch)
[2026-07-07 07:17:15] START/RESUME gla_ester_50ns  (GPU 45 C)
[2026-07-07 07:17:46] EXIT gla_ester_50ns rc=1 (will relaunch)
[2026-07-07 07:17:48] START/RESUME gla_ester_50ns  (GPU 46 C)
[2026-07-07 07:18:19] EXIT gla_ester_50ns rc=1 (will relaunch)
[2026-07-07 07:18:21] START/RESUME gla_ester_50ns  (GPU 46 C)
[2026-07-07 07:18:52] EXIT gla_ester_50ns rc=1 (will relaunch)
[2026-07-07 07:18:54] START/RESUME gla_ester_50ns  (GPU 45 C)
[2026-07-07 07:19:25] EXIT gla_ester_50ns rc=1 (will relaunch)
[2026-07-07 07:19:26] START/RESUME gla_ester_50ns  (GPU 46 C)
[2026-07-07 07:19:58] EXIT gla_ester_50ns rc=1 (will relaunch)
[2026-07-07 07:19:59] START/RESUME gla_ester_50ns  (GPU 46 C)
[2026-07-07 07:20:30] EXIT gla_ester_50ns rc=1 (will relaunch)
[2026-07-07 07:20:32] START/RESUME gla_ester_50ns  (GPU 46 C)
[2026-07-07 07:21:03] EXIT gla_ester_50ns rc=1 (will relaunch)
[2026-07-07 07:21:04] START/RESUME gla_ester_50ns  (GPU 46 C)
[2026-07-07 07:21:36] EXIT gla_ester_50ns rc=1 (will relaunch)
[2026-07-07 07:21:37] START/RESUME gla_ester_50ns  (GPU 46 C)
[2026-07-07 07:22:08] EXIT gla_ester_50ns rc=1 (will relaunch)
[2026-07-07 07:22:09] START/RESUME gla_ester_50ns  (GPU 45 C)
[2026-07-07 07:22:40] EXIT gla_ester_50ns rc=1 (will relaunch)
[2026-07-07 07:22:42] START/RESUME gla_ester_50ns  (GPU 46 C)
[2026-07-07 07:23:13] EXIT gla_ester_50ns rc=1 (will relaunch)
[2026-07-07 07:23:14] START/RESUME gla_ester_50ns  (GPU 46 C)
[2026-07-07 07:23:46] EXIT gla_ester_50ns rc=1 (will relaunch)
[2026-07-07 07:23:47] START/RESUME gla_ester_50ns  (GPU 46 C)
[2026-07-07 07:24:18] EXIT gla_ester_50ns rc=1 (will relaunch)
[2026-07-07 07:24:20] START/RESUME gla_ester_50ns  (GPU 45 C)
[2026-07-07 07:24:51] EXIT gla_ester_50ns rc=1 (will relaunch)
[2026-07-07 07:24:52] START/RESUME gla_ester_50ns  (GPU 45 C)
[2026-07-07 07:25:24] EXIT gla_ester_50ns rc=1 (will relaunch)
[2026-07-07 07:25:25] START/RESUME gla_ester_50ns  (GPU 48 C)
[2026-07-07 07:25:57] EXIT gla_ester_50ns rc=1 (will relaunch)
[2026-07-07 07:25:57] START/RESUME gla_ester_50ns  (GPU 46 C)
[2026-07-07 07:26:28] EXIT gla_ester_50ns rc=1 (will relaunch)
[2026-07-07 07:26:30] START/RESUME gla_ester_50ns  (GPU 46 C)
[2026-07-07 07:27:01] EXIT gla_ester_50ns rc=1 (will relaunch)
[2026-07-07 07:27:02] START/RESUME gla_ester_50ns  (GPU 46 C)
[2026-07-07 07:27:33] EXIT gla_ester_50ns rc=1 (will relaunch)
[2026-07-07 07:27:35] START/RESUME gla_ester_50ns  (GPU 46 C)
[2026-07-07 07:28:06] EXIT gla_ester_50ns rc=1 (will relaunch)
[2026-07-07 07:28:07] START/RESUME gla_ester_50ns  (GPU 45 C)
[2026-07-07 07:28:39] EXIT gla_ester_50ns rc=1 (will relaunch)
[2026-07-07 07:28:40] START/RESUME gla_ester_50ns  (GPU 46 C)
[2026-07-07 07:29:11] EXIT gla_ester_50ns rc=1 (will relaunch)
[2026-07-07 07:29:12] START/RESUME gla_ester_50ns  (GPU 45 C)
[2026-07-07 07:29:44] EXIT gla_ester_50ns rc=1 (will relaunch)
[2026-07-07 07:29:45] START/RESUME gla_ester_50ns  (GPU 45 C)
[2026-07-07 07:30:17] EXIT gla_ester_50ns rc=1 (will relaunch)
[2026-07-07 07:30:18] START/RESUME gla_ester_50ns  (GPU 45 C)
[2026-07-07 07:30:49] EXIT gla_ester_50ns rc=1 (will relaunch)
[2026-07-07 07:30:51] START/RESUME gla_ester_50ns  (GPU 46 C)
[2026-07-07 07:31:22] EXIT gla_ester_50ns rc=1 (will relaunch)
[2026-07-07 07:31:24] START/RESUME gla_ester_50ns  (GPU 47 C)
[2026-07-07 07:31:55] EXIT gla_ester_50ns rc=1 (will relaunch)
[2026-07-07 07:31:56] START/RESUME gla_ester_50ns  (GPU 46 C)
[2026-07-07 07:32:28] EXIT gla_ester_50ns rc=1 (will relaunch)
[2026-07-07 07:32:29] START/RESUME gla_ester_50ns  (GPU 46 C)
[2026-07-07 07:33:01] EXIT gla_ester_50ns rc=1 (will relaunch)
[2026-07-07 07:33:02] START/RESUME gla_ester_50ns  (GPU 45 C)
[2026-07-07 07:33:32] EXIT gla_ester_50ns rc=1 (will relaunch)
[2026-07-07 07:33:33] START/RESUME gla_ester_50ns  (GPU 45 C)
[2026-07-07 07:34:05] EXIT gla_ester_50ns rc=1 (will relaunch)
[2026-07-07 07:34:06] START/RESUME gla_ester_50ns  (GPU 47 C)
[2026-07-07 07:34:36] EXIT gla_ester_50ns rc=1 (will relaunch)
[2026-07-07 07:34:37] START/RESUME gla_ester_50ns  (GPU 46 C)
[2026-07-07 07:35:09] EXIT gla_ester_50ns rc=1 (will relaunch)
[2026-07-07 07:35:10] START/RESUME gla_ester_50ns  (GPU 45 C)
[2026-07-07 07:35:42] EXIT gla_ester_50ns rc=1 (will relaunch)
[2026-07-07 07:35:43] START/RESUME gla_ester_50ns  (GPU 46 C)
[2026-07-07 07:36:15] EXIT gla_ester_50ns rc=1 (will relaunch)
[2026-07-07 07:36:16] START/RESUME gla_ester_50ns  (GPU 45 C)
[2026-07-07 07:36:47] EXIT gla_ester_50ns rc=1 (will relaunch)
[2026-07-07 07:36:48] START/RESUME gla_ester_50ns  (GPU 46 C)
[2026-07-07 07:37:20] EXIT gla_ester_50ns rc=1 (will relaunch)
[2026-07-07 07:37:21] START/RESUME gla_ester_50ns  (GPU 45 C)
[2026-07-07 07:37:52] EXIT gla_ester_50ns rc=1 (will relaunch)
[2026-07-07 07:37:54] START/RESUME gla_ester_50ns  (GPU 47 C)
[2026-07-07 07:38:25] EXIT gla_ester_50ns rc=1 (will relaunch)
[2026-07-07 07:38:26] START/RESUME gla_ester_50ns  (GPU 46 C)
[2026-07-07 07:38:58] EXIT gla_ester_50ns rc=1 (will relaunch)
[2026-07-07 07:38:59] START/RESUME gla_ester_50ns  (GPU 45 C)
[2026-07-07 07:39:31] EXIT gla_ester_50ns rc=1 (will relaunch)
[2026-07-07 07:39:32] START/RESUME gla_ester_50ns  (GPU 45 C)
[2026-07-07 07:40:04] EXIT gla_ester_50ns rc=1 (will relaunch)
[2026-07-07 07:40:05] START/RESUME gla_ester_50ns  (GPU 45 C)
[2026-07-07 07:40:36] EXIT gla_ester_50ns rc=1 (will relaunch)
[2026-07-07 07:40:38] START/RESUME gla_ester_50ns  (GPU 46 C)
[2026-07-07 07:41:09] EXIT gla_ester_50ns rc=1 (will relaunch)
[2026-07-07 07:41:11] START/RESUME gla_ester_50ns  (GPU 46 C)
[2026-07-07 07:41:42] EXIT gla_ester_50ns rc=1 (will relaunch)
[2026-07-07 07:41:43] START/RESUME gla_ester_50ns  (GPU 46 C)
[2026-07-07 07:42:14] EXIT gla_ester_50ns rc=1 (will relaunch)
[2026-07-07 07:42:15] START/RESUME gla_ester_50ns  (GPU 45 C)
[2026-07-07 07:42:47] EXIT gla_ester_50ns rc=1 (will relaunch)
[2026-07-07 07:42:48] START/RESUME gla_ester_50ns  (GPU 46 C)
[2026-07-07 07:43:20] EXIT gla_ester_50ns rc=1 (will relaunch)
[2026-07-07 07:43:21] START/RESUME gla_ester_50ns  (GPU 46 C)
[2026-07-07 07:43:53] EXIT gla_ester_50ns rc=1 (will relaunch)
[2026-07-07 07:43:54] START/RESUME gla_ester_50ns  (GPU 46 C)
[2026-07-07 07:44:26] EXIT gla_ester_50ns rc=1 (will relaunch)
[2026-07-07 07:44:26] START/RESUME gla_ester_50ns  (GPU 46 C)
[2026-07-07 07:44:57] EXIT gla_ester_50ns rc=1 (will relaunch)
[2026-07-07 07:44:58] START/RESUME gla_ester_50ns  (GPU 46 C)
[2026-07-07 07:45:30] EXIT gla_ester_50ns rc=1 (will relaunch)
[2026-07-07 07:45:31] START/RESUME gla_ester_50ns  (GPU 46 C)
[2026-07-07 07:46:02] EXIT gla_ester_50ns rc=1 (will relaunch)
[2026-07-07 07:46:04] START/RESUME gla_ester_50ns  (GPU 45 C)
[2026-07-07 07:46:35] EXIT gla_ester_50ns rc=1 (will relaunch)
[2026-07-07 07:46:36] START/RESUME gla_ester_50ns  (GPU 46 C)
[2026-07-07 07:47:08] EXIT gla_ester_50ns rc=1 (will relaunch)
[2026-07-07 07:47:08] START/RESUME gla_ester_50ns  (GPU 47 C)
[2026-07-07 07:47:40] EXIT gla_ester_50ns rc=1 (will relaunch)
[2026-07-07 07:47:41] START/RESUME gla_ester_50ns  (GPU 46 C)
[2026-07-07 07:48:13] EXIT gla_ester_50ns rc=1 (will relaunch)
[2026-07-07 07:48:15] START/RESUME gla_ester_50ns  (GPU 46 C)
[2026-07-07 07:48:45] EXIT gla_ester_50ns rc=1 (will relaunch)
[2026-07-07 07:48:46] START/RESUME gla_ester_50ns  (GPU 46 C)
[2026-07-07 07:49:17] EXIT gla_ester_50ns rc=1 (will relaunch)
[2026-07-07 07:49:18] START/RESUME gla_ester_50ns  (GPU 45 C)
[2026-07-07 07:49:49] EXIT gla_ester_50ns rc=1 (will relaunch)
[2026-07-07 07:49:50] START/RESUME gla_ester_50ns  (GPU 47 C)
[2026-07-07 07:50:22] EXIT gla_ester_50ns rc=1 (will relaunch)
[2026-07-07 07:50:23] START/RESUME gla_ester_50ns  (GPU 46 C)
[2026-07-07 07:50:55] EXIT gla_ester_50ns rc=1 (will relaunch)
[2026-07-07 07:50:56] START/RESUME gla_ester_50ns  (GPU 46 C)
[2026-07-07 07:51:27] EXIT gla_ester_50ns rc=1 (will relaunch)
[2026-07-07 07:51:29] START/RESUME gla_ester_50ns  (GPU 46 C)
[2026-07-07 07:52:00] EXIT gla_ester_50ns rc=1 (will relaunch)
[2026-07-07 07:52:02] START/RESUME gla_ester_50ns  (GPU 46 C)
[2026-07-07 07:52:33] EXIT gla_ester_50ns rc=1 (will relaunch)
[2026-07-07 07:52:33] START/RESUME gla_ester_50ns  (GPU 45 C)
[2026-07-07 07:53:05] EXIT gla_ester_50ns rc=1 (will relaunch)
[2026-07-07 07:53:07] START/RESUME gla_ester_50ns  (GPU 47 C)
[2026-07-07 07:53:38] EXIT gla_ester_50ns rc=1 (will relaunch)
[2026-07-07 07:53:39] START/RESUME gla_ester_50ns  (GPU 47 C)
[2026-07-07 07:54:10] EXIT gla_ester_50ns rc=1 (will relaunch)
[2026-07-07 07:54:11] START/RESUME gla_ester_50ns  (GPU 46 C)
[2026-07-07 07:54:42] EXIT gla_ester_50ns rc=1 (will relaunch)
[2026-07-07 07:54:44] START/RESUME gla_ester_50ns  (GPU 46 C)
[2026-07-07 07:55:15] EXIT gla_ester_50ns rc=1 (will relaunch)
[2026-07-07 07:55:17] START/RESUME gla_ester_50ns  (GPU 46 C)
[2026-07-07 07:55:49] EXIT gla_ester_50ns rc=1 (will relaunch)
[2026-07-07 07:55:50] START/RESUME gla_ester_50ns  (GPU 45 C)
[2026-07-07 07:56:22] EXIT gla_ester_50ns rc=1 (will relaunch)
[2026-07-07 07:56:23] START/RESUME gla_ester_50ns  (GPU 47 C)
[2026-07-07 07:56:54] EXIT gla_ester_50ns rc=1 (will relaunch)
[2026-07-07 07:56:55] START/RESUME gla_ester_50ns  (GPU 46 C)
[2026-07-07 07:57:26] EXIT gla_ester_50ns rc=1 (will relaunch)
[2026-07-07 07:57:27] START/RESUME gla_ester_50ns  (GPU 46 C)
[2026-07-07 07:57:59] EXIT gla_ester_50ns rc=1 (will relaunch)
[2026-07-07 07:58:00] START/RESUME gla_ester_50ns  (GPU 46 C)
[2026-07-07 07:58:31] EXIT gla_ester_50ns rc=1 (will relaunch)
[2026-07-07 07:58:32] START/RESUME gla_ester_50ns  (GPU 46 C)
[2026-07-07 07:59:04] EXIT gla_ester_50ns rc=1 (will relaunch)
[2026-07-07 07:59:05] START/RESUME gla_ester_50ns  (GPU 45 C)
[2026-07-07 07:59:37] EXIT gla_ester_50ns rc=1 (will relaunch)
[2026-07-07 07:59:37] START/RESUME gla_ester_50ns  (GPU 47 C)
[2026-07-07 08:00:09] EXIT gla_ester_50ns rc=1 (will relaunch)
[2026-07-07 08:00:10] START/RESUME gla_ester_50ns  (GPU 47 C)
[2026-07-07 08:00:41] EXIT gla_ester_50ns rc=1 (will relaunch)
[2026-07-07 08:00:42] START/RESUME gla_ester_50ns  (GPU 46 C)
[2026-07-07 08:01:14] EXIT gla_ester_50ns rc=1 (will relaunch)
[2026-07-07 08:01:14] START/RESUME gla_ester_50ns  (GPU 45 C)
[2026-07-07 08:01:46] EXIT gla_ester_50ns rc=1 (will relaunch)
[2026-07-07 08:01:47] START/RESUME gla_ester_50ns  (GPU 45 C)
[2026-07-07 08:02:19] EXIT gla_ester_50ns rc=1 (will relaunch)
[2026-07-07 08:02:20] START/RESUME gla_ester_50ns  (GPU 47 C)
[2026-07-07 08:02:51] EXIT gla_ester_50ns rc=1 (will relaunch)
[2026-07-07 08:02:53] START/RESUME gla_ester_50ns  (GPU 46 C)
[2026-07-07 08:03:24] EXIT gla_ester_50ns rc=1 (will relaunch)
[2026-07-07 08:03:26] START/RESUME gla_ester_50ns  (GPU 45 C)
[2026-07-07 08:03:56] EXIT gla_ester_50ns rc=1 (will relaunch)
[2026-07-07 08:03:57] START/RESUME gla_ester_50ns  (GPU 45 C)
[2026-07-07 08:04:29] EXIT gla_ester_50ns rc=1 (will relaunch)
[2026-07-07 08:04:30] START/RESUME gla_ester_50ns  (GPU 48 C)
[2026-07-07 08:05:01] EXIT gla_ester_50ns rc=1 (will relaunch)
[2026-07-07 08:05:03] START/RESUME gla_ester_50ns  (GPU 46 C)
[2026-07-07 08:05:34] EXIT gla_ester_50ns rc=1 (will relaunch)
[2026-07-07 08:05:35] START/RESUME gla_ester_50ns  (GPU 45 C)
[2026-07-07 08:06:06] EXIT gla_ester_50ns rc=1 (will relaunch)
[2026-07-07 08:06:07] START/RESUME gla_ester_50ns  (GPU 46 C)
[2026-07-07 08:06:39] EXIT gla_ester_50ns rc=1 (will relaunch)
[2026-07-07 08:06:40] START/RESUME gla_ester_50ns  (GPU 46 C)
[2026-07-07 08:07:11] EXIT gla_ester_50ns rc=1 (will relaunch)
[2026-07-07 08:07:13] START/RESUME gla_ester_50ns  (GPU 46 C)
[2026-07-07 08:07:44] EXIT gla_ester_50ns rc=1 (will relaunch)
[2026-07-07 08:07:46] START/RESUME gla_ester_50ns  (GPU 46 C)
[2026-07-07 08:08:17] EXIT gla_ester_50ns rc=1 (will relaunch)
[2026-07-07 08:08:19] START/RESUME gla_ester_50ns  (GPU 45 C)
[2026-07-07 08:08:50] EXIT gla_ester_50ns rc=1 (will relaunch)
[2026-07-07 08:08:51] START/RESUME gla_ester_50ns  (GPU 48 C)
[2026-07-07 08:09:23] EXIT gla_ester_50ns rc=1 (will relaunch)
[2026-07-07 08:09:24] START/RESUME gla_ester_50ns  (GPU 46 C)
[2026-07-07 08:09:56] EXIT gla_ester_50ns rc=1 (will relaunch)
[2026-07-07 08:09:57] START/RESUME gla_ester_50ns  (GPU 45 C)
[2026-07-07 08:10:29] EXIT gla_ester_50ns rc=1 (will relaunch)
[2026-07-07 08:10:30] START/RESUME gla_ester_50ns  (GPU 48 C)
[2026-07-07 08:11:01] EXIT gla_ester_50ns rc=1 (will relaunch)
[2026-07-07 08:11:03] START/RESUME gla_ester_50ns  (GPU 46 C)
[2026-07-07 08:11:34] EXIT gla_ester_50ns rc=1 (will relaunch)
[2026-07-07 08:11:36] START/RESUME gla_ester_50ns  (GPU 46 C)
[2026-07-07 08:12:07] EXIT gla_ester_50ns rc=1 (will relaunch)
[2026-07-07 08:12:08] START/RESUME gla_ester_50ns  (GPU 46 C)
[2026-07-07 08:12:39] EXIT gla_ester_50ns rc=1 (will relaunch)
[2026-07-07 08:12:40] START/RESUME gla_ester_50ns  (GPU 45 C)
[2026-07-07 08:13:12] EXIT gla_ester_50ns rc=1 (will relaunch)
[2026-07-07 08:13:12] START/RESUME gla_ester_50ns  (GPU 46 C)
[2026-07-07 08:13:44] EXIT gla_ester_50ns rc=1 (will relaunch)
[2026-07-07 08:13:46] START/RESUME gla_ester_50ns  (GPU 46 C)
[2026-07-07 08:14:17] EXIT gla_ester_50ns rc=1 (will relaunch)
[2026-07-07 08:14:19] START/RESUME gla_ester_50ns  (GPU 46 C)
[2026-07-07 08:14:50] EXIT gla_ester_50ns rc=1 (will relaunch)
[2026-07-07 08:14:51] START/RESUME gla_ester_50ns  (GPU 45 C)
[2026-07-07 08:15:22] EXIT gla_ester_50ns rc=1 (will relaunch)
[2026-07-07 08:15:23] START/RESUME gla_ester_50ns  (GPU 47 C)
[2026-07-07 08:15:54] EXIT gla_ester_50ns rc=1 (will relaunch)
[2026-07-07 08:15:55] START/RESUME gla_ester_50ns  (GPU 46 C)
[2026-07-07 08:16:27] EXIT gla_ester_50ns rc=1 (will relaunch)
[2026-07-07 08:16:28] START/RESUME gla_ester_50ns  (GPU 45 C)
[2026-07-07 08:17:00] EXIT gla_ester_50ns rc=1 (will relaunch)
[2026-07-07 08:17:02] START/RESUME gla_ester_50ns  (GPU 45 C)
[2026-07-07 08:17:33] EXIT gla_ester_50ns rc=1 (will relaunch)
[2026-07-07 08:17:34] START/RESUME gla_ester_50ns  (GPU 45 C)
[2026-07-07 08:18:05] EXIT gla_ester_50ns rc=1 (will relaunch)
[2026-07-07 08:18:06] START/RESUME gla_ester_50ns  (GPU 48 C)
[2026-07-07 08:18:38] EXIT gla_ester_50ns rc=1 (will relaunch)
[2026-07-07 08:18:39] START/RESUME gla_ester_50ns  (GPU 46 C)
[2026-07-07 08:19:09] EXIT gla_ester_50ns rc=1 (will relaunch)
[2026-07-07 08:19:10] START/RESUME gla_ester_50ns  (GPU 45 C)
[2026-07-07 08:19:41] EXIT gla_ester_50ns rc=1 (will relaunch)
[2026-07-07 08:19:43] START/RESUME gla_ester_50ns  (GPU 47 C)
[2026-07-07 08:20:14] EXIT gla_ester_50ns rc=1 (will relaunch)
[2026-07-07 08:20:15] START/RESUME gla_ester_50ns  (GPU 47 C)
[2026-07-07 08:20:46] EXIT gla_ester_50ns rc=1 (will relaunch)
[2026-07-07 08:20:47] START/RESUME gla_ester_50ns  (GPU 45 C)
[2026-07-07 08:21:19] EXIT gla_ester_50ns rc=1 (will relaunch)
[2026-07-07 08:21:20] START/RESUME gla_ester_50ns  (GPU 46 C)
[2026-07-07 08:21:52] EXIT gla_ester_50ns rc=1 (will relaunch)
[2026-07-07 08:21:53] START/RESUME gla_ester_50ns  (GPU 45 C)
[2026-07-07 08:22:24] EXIT gla_ester_50ns rc=1 (will relaunch)
[2026-07-07 08:22:25] START/RESUME gla_ester_50ns  (GPU 48 C)
[2026-07-07 08:22:57] EXIT gla_ester_50ns rc=1 (will relaunch)
[2026-07-07 08:22:57] START/RESUME gla_ester_50ns  (GPU 46 C)
[2026-07-07 08:23:29] EXIT gla_ester_50ns rc=1 (will relaunch)
[2026-07-07 08:23:30] START/RESUME gla_ester_50ns  (GPU 45 C)
[2026-07-07 08:24:01] EXIT gla_ester_50ns rc=1 (will relaunch)
[2026-07-07 08:24:02] START/RESUME gla_ester_50ns  (GPU 49 C)
[2026-07-07 08:24:34] EXIT gla_ester_50ns rc=1 (will relaunch)
[2026-07-07 08:24:35] START/RESUME gla_ester_50ns  (GPU 46 C)
[2026-07-07 08:25:07] EXIT gla_ester_50ns rc=1 (will relaunch)
[2026-07-07 08:25:08] START/RESUME gla_ester_50ns  (GPU 45 C)
[2026-07-07 08:25:39] EXIT gla_ester_50ns rc=1 (will relaunch)
[2026-07-07 08:25:40] START/RESUME gla_ester_50ns  (GPU 45 C)
[2026-07-07 08:26:12] EXIT gla_ester_50ns rc=1 (will relaunch)
[2026-07-07 08:26:13] START/RESUME gla_ester_50ns  (GPU 47 C)
[2026-07-07 08:26:45] EXIT gla_ester_50ns rc=1 (will relaunch)
[2026-07-07 08:26:46] START/RESUME gla_ester_50ns  (GPU 46 C)
[2026-07-07 08:27:16] EXIT gla_ester_50ns rc=1 (will relaunch)
[2026-07-07 08:27:17] START/RESUME gla_ester_50ns  (GPU 45 C)
[2026-07-07 08:27:49] EXIT gla_ester_50ns rc=1 (will relaunch)
[2026-07-07 08:27:50] START/RESUME gla_ester_50ns  (GPU 46 C)
[2026-07-07 08:28:20] EXIT gla_ester_50ns rc=1 (will relaunch)
[2026-07-07 08:28:21] START/RESUME gla_ester_50ns  (GPU 47 C)
[2026-07-07 08:28:53] EXIT gla_ester_50ns rc=1 (will relaunch)
[2026-07-07 08:28:54] START/RESUME gla_ester_50ns  (GPU 46 C)
[2026-07-07 08:29:25] EXIT gla_ester_50ns rc=1 (will relaunch)
[2026-07-07 08:29:26] START/RESUME gla_ester_50ns  (GPU 46 C)
[2026-07-07 08:29:57] EXIT gla_ester_50ns rc=1 (will relaunch)
[2026-07-07 08:29:58] START/RESUME gla_ester_50ns  (GPU 46 C)
[2026-07-07 08:30:30] EXIT gla_ester_50ns rc=1 (will relaunch)
[2026-07-07 08:30:31] START/RESUME gla_ester_50ns  (GPU 46 C)
[2026-07-07 08:31:02] EXIT gla_ester_50ns rc=1 (will relaunch)
[2026-07-07 08:31:04] START/RESUME gla_ester_50ns  (GPU 45 C)
[2026-07-07 08:31:35] EXIT gla_ester_50ns rc=1 (will relaunch)
[2026-07-07 08:31:37] START/RESUME gla_ester_50ns  (GPU 45 C)
[2026-07-07 08:32:08] EXIT gla_ester_50ns rc=1 (will relaunch)
[2026-07-07 08:32:09] START/RESUME gla_ester_50ns  (GPU 47 C)
[2026-07-07 08:32:40] EXIT gla_ester_50ns rc=1 (will relaunch)
[2026-07-07 08:32:42] START/RESUME gla_ester_50ns  (GPU 46 C)
[2026-07-07 08:33:13] EXIT gla_ester_50ns rc=1 (will relaunch)
[2026-07-07 08:33:15] START/RESUME gla_ester_50ns  (GPU 45 C)
[2026-07-07 08:33:46] EXIT gla_ester_50ns rc=1 (will relaunch)
[2026-07-07 08:33:48] START/RESUME gla_ester_50ns  (GPU 46 C)
[2026-07-07 08:34:19] EXIT gla_ester_50ns rc=1 (will relaunch)
[2026-07-07 08:34:21] START/RESUME gla_ester_50ns  (GPU 46 C)
[2026-07-07 08:34:52] EXIT gla_ester_50ns rc=1 (will relaunch)
[2026-07-07 08:34:53] START/RESUME gla_ester_50ns  (GPU 45 C)
[2026-07-07 08:35:24] EXIT gla_ester_50ns rc=1 (will relaunch)
[2026-07-07 08:35:25] START/RESUME gla_ester_50ns  (GPU 46 C)
[2026-07-07 08:35:56] EXIT gla_ester_50ns rc=1 (will relaunch)
[2026-07-07 08:35:58] START/RESUME gla_ester_50ns  (GPU 47 C)
[2026-07-07 08:36:29] EXIT gla_ester_50ns rc=1 (will relaunch)
[2026-07-07 08:36:30] START/RESUME gla_ester_50ns  (GPU 46 C)
[2026-07-07 08:37:01] EXIT gla_ester_50ns rc=1 (will relaunch)
[2026-07-07 08:37:02] START/RESUME gla_ester_50ns  (GPU 46 C)
[2026-07-07 08:37:33] EXIT gla_ester_50ns rc=1 (will relaunch)
[2026-07-07 08:37:34] START/RESUME gla_ester_50ns  (GPU 46 C)
[2026-07-07 08:38:06] EXIT gla_ester_50ns rc=1 (will relaunch)
[2026-07-07 08:38:07] START/RESUME gla_ester_50ns  (GPU 45 C)
[2026-07-07 08:38:38] EXIT gla_ester_50ns rc=1 (will relaunch)
[2026-07-07 08:38:39] START/RESUME gla_ester_50ns  (GPU 47 C)
[2026-07-07 08:39:11] EXIT gla_ester_50ns rc=1 (will relaunch)
[2026-07-07 08:39:12] START/RESUME gla_ester_50ns  (GPU 46 C)
[2026-07-07 08:39:43] EXIT gla_ester_50ns rc=1 (will relaunch)
[2026-07-07 08:39:45] START/RESUME gla_ester_50ns  (GPU 46 C)
[2026-07-07 08:40:16] EXIT gla_ester_50ns rc=1 (will relaunch)
[2026-07-07 08:40:17] START/RESUME gla_ester_50ns  (GPU 47 C)
[2026-07-07 08:40:49] EXIT gla_ester_50ns rc=1 (will relaunch)
[2026-07-07 08:40:50] START/RESUME gla_ester_50ns  (GPU 46 C)
[2026-07-07 08:41:22] EXIT gla_ester_50ns rc=1 (will relaunch)
[2026-07-07 08:41:23] START/RESUME gla_ester_50ns  (GPU 45 C)
[2026-07-07 08:41:54] EXIT gla_ester_50ns rc=1 (will relaunch)
[2026-07-07 08:41:56] START/RESUME gla_ester_50ns  (GPU 46 C)
[2026-07-07 08:42:27] EXIT gla_ester_50ns rc=1 (will relaunch)
[2026-07-07 08:42:28] START/RESUME gla_ester_50ns  (GPU 46 C)
[2026-07-07 08:43:00] EXIT gla_ester_50ns rc=1 (will relaunch)
[2026-07-07 08:43:01] START/RESUME gla_ester_50ns  (GPU 45 C)
[2026-07-07 08:43:32] EXIT gla_ester_50ns rc=1 (will relaunch)
[2026-07-07 08:43:33] START/RESUME gla_ester_50ns  (GPU 46 C)
[2026-07-07 08:44:05] EXIT gla_ester_50ns rc=1 (will relaunch)
[2026-07-07 08:44:05] START/RESUME gla_ester_50ns  (GPU 45 C)
[2026-07-07 08:44:36] EXIT gla_ester_50ns rc=1 (will relaunch)
[2026-07-07 08:44:37] START/RESUME gla_ester_50ns  (GPU 48 C)
[2026-07-07 08:45:09] EXIT gla_ester_50ns rc=1 (will relaunch)
[2026-07-07 08:45:10] START/RESUME gla_ester_50ns  (GPU 45 C)
[2026-07-07 08:45:42] EXIT gla_ester_50ns rc=1 (will relaunch)
[2026-07-07 08:45:43] START/RESUME gla_ester_50ns  (GPU 46 C)
[2026-07-07 08:46:15] EXIT gla_ester_50ns rc=1 (will relaunch)
[2026-07-07 08:46:16] START/RESUME gla_ester_50ns  (GPU 46 C)
[2026-07-07 08:46:47] EXIT gla_ester_50ns rc=1 (will relaunch)
[2026-07-07 08:46:48] START/RESUME gla_ester_50ns  (GPU 45 C)
[2026-07-07 08:47:20] EXIT gla_ester_50ns rc=1 (will relaunch)
[2026-07-07 08:47:21] START/RESUME gla_ester_50ns  (GPU 47 C)
[2026-07-07 08:47:52] EXIT gla_ester_50ns rc=1 (will relaunch)
[2026-07-07 08:47:54] START/RESUME gla_ester_50ns  (GPU 47 C)
[2026-07-07 08:48:25] EXIT gla_ester_50ns rc=1 (will relaunch)
[2026-07-07 08:48:27] START/RESUME gla_ester_50ns  (GPU 45 C)
[2026-07-07 08:48:58] EXIT gla_ester_50ns rc=1 (will relaunch)
[2026-07-07 08:49:00] START/RESUME gla_ester_50ns  (GPU 47 C)
[2026-07-07 08:49:31] EXIT gla_ester_50ns rc=1 (will relaunch)
[2026-07-07 08:49:32] START/RESUME gla_ester_50ns  (GPU 47 C)
[2026-07-07 08:50:04] EXIT gla_ester_50ns rc=1 (will relaunch)
[2026-07-07 08:50:05] START/RESUME gla_ester_50ns  (GPU 46 C)
[2026-07-07 08:50:36] EXIT gla_ester_50ns rc=1 (will relaunch)
[2026-07-07 08:50:37] START/RESUME gla_ester_50ns  (GPU 47 C)
[2026-07-07 08:51:08] EXIT gla_ester_50ns rc=1 (will relaunch)
[2026-07-07 08:51:09] START/RESUME gla_ester_50ns  (GPU 46 C)
[2026-07-07 08:51:40] EXIT gla_ester_50ns rc=1 (will relaunch)
[2026-07-07 08:51:41] START/RESUME gla_ester_50ns  (GPU 46 C)
[2026-07-07 08:52:12] EXIT gla_ester_50ns rc=1 (will relaunch)
[2026-07-07 08:52:13] START/RESUME gla_ester_50ns  (GPU 45 C)
[2026-07-07 08:52:45] EXIT gla_ester_50ns rc=1 (will relaunch)
[2026-07-07 08:52:46] START/RESUME gla_ester_50ns  (GPU 48 C)
[2026-07-07 08:53:18] EXIT gla_ester_50ns rc=1 (will relaunch)
[2026-07-07 08:53:19] START/RESUME gla_ester_50ns  (GPU 45 C)
[2026-07-07 08:53:51] EXIT gla_ester_50ns rc=1 (will relaunch)
[2026-07-07 08:53:51] START/RESUME gla_ester_50ns  (GPU 46 C)
[2026-07-07 08:54:23] EXIT gla_ester_50ns rc=1 (will relaunch)
[2026-07-07 08:54:23] START/RESUME gla_ester_50ns  (GPU 47 C)
[2026-07-07 08:54:54] EXIT gla_ester_50ns rc=1 (will relaunch)
[2026-07-07 08:54:56] START/RESUME gla_ester_50ns  (GPU 45 C)
[2026-07-07 08:55:27] EXIT gla_ester_50ns rc=1 (will relaunch)
[2026-07-07 08:55:28] START/RESUME gla_ester_50ns  (GPU 46 C)
[2026-07-07 08:56:00] EXIT gla_ester_50ns rc=1 (will relaunch)
[2026-07-07 08:56:01] START/RESUME gla_ester_50ns  (GPU 47 C)
[2026-07-07 08:56:33] EXIT gla_ester_50ns rc=1 (will relaunch)
[2026-07-07 08:56:34] START/RESUME gla_ester_50ns  (GPU 46 C)
[2026-07-07 08:57:06] EXIT gla_ester_50ns rc=1 (will relaunch)
[2026-07-07 08:57:07] START/RESUME gla_ester_50ns  (GPU 47 C)
[2026-07-07 08:57:38] EXIT gla_ester_50ns rc=1 (will relaunch)
[2026-07-07 08:57:40] START/RESUME gla_ester_50ns  (GPU 46 C)
[2026-07-07 08:58:11] EXIT gla_ester_50ns rc=1 (will relaunch)
[2026-07-07 08:58:12] START/RESUME gla_ester_50ns  (GPU 46 C)
[2026-07-07 08:58:43] EXIT gla_ester_50ns rc=1 (will relaunch)
[2026-07-07 08:58:44] START/RESUME gla_ester_50ns  (GPU 46 C)
[2026-07-07 08:59:16] EXIT gla_ester_50ns rc=1 (will relaunch)
[2026-07-07 08:59:17] START/RESUME gla_ester_50ns  (GPU 45 C)
[2026-07-07 08:59:48] EXIT gla_ester_50ns rc=1 (will relaunch)
[2026-07-07 08:59:49] START/RESUME gla_ester_50ns  (GPU 46 C)
[2026-07-07 09:00:20] EXIT gla_ester_50ns rc=1 (will relaunch)
[2026-07-07 09:00:21] START/RESUME gla_ester_50ns  (GPU 45 C)
[2026-07-07 09:00:53] EXIT gla_ester_50ns rc=1 (will relaunch)
[2026-07-07 09:00:54] START/RESUME gla_ester_50ns  (GPU 45 C)
[2026-07-07 09:01:26] EXIT gla_ester_50ns rc=1 (will relaunch)
[2026-07-07 09:01:27] START/RESUME gla_ester_50ns  (GPU 47 C)
[2026-07-07 09:01:58] EXIT gla_ester_50ns rc=1 (will relaunch)
[2026-07-07 09:01:59] START/RESUME gla_ester_50ns  (GPU 46 C)
[2026-07-07 09:02:31] EXIT gla_ester_50ns rc=1 (will relaunch)
[2026-07-07 09:02:32] START/RESUME gla_ester_50ns  (GPU 45 C)
[2026-07-07 09:03:03] EXIT gla_ester_50ns rc=1 (will relaunch)
[2026-07-07 09:03:05] START/RESUME gla_ester_50ns  (GPU 46 C)
[2026-07-07 09:03:36] EXIT gla_ester_50ns rc=1 (will relaunch)
[2026-07-07 09:03:38] START/RESUME gla_ester_50ns  (GPU 47 C)
[2026-07-07 09:04:09] EXIT gla_ester_50ns rc=1 (will relaunch)
[2026-07-07 09:04:11] START/RESUME gla_ester_50ns  (GPU 46 C)
[2026-07-07 09:04:42] EXIT gla_ester_50ns rc=1 (will relaunch)
[2026-07-07 09:04:44] START/RESUME gla_ester_50ns  (GPU 46 C)
[2026-07-07 09:05:15] EXIT gla_ester_50ns rc=1 (will relaunch)
[2026-07-07 09:05:16] START/RESUME gla_ester_50ns  (GPU 47 C)
[2026-07-07 09:05:47] EXIT gla_ester_50ns rc=1 (will relaunch)
[2026-07-07 09:05:48] START/RESUME gla_ester_50ns  (GPU 46 C)
[2026-07-07 09:06:19] EXIT gla_ester_50ns rc=1 (will relaunch)
[2026-07-07 09:06:21] START/RESUME gla_ester_50ns  (GPU 47 C)
[2026-07-07 09:06:51] EXIT gla_ester_50ns rc=1 (will relaunch)
[2026-07-07 09:06:52] START/RESUME gla_ester_50ns  (GPU 47 C)
[2026-07-07 09:07:24] EXIT gla_ester_50ns rc=1 (will relaunch)
[2026-07-07 09:07:25] START/RESUME gla_ester_50ns  (GPU 45 C)
[2026-07-07 09:07:56] EXIT gla_ester_50ns rc=1 (will relaunch)
[2026-07-07 09:07:58] START/RESUME gla_ester_50ns  (GPU 48 C)
[2026-07-07 09:08:29] EXIT gla_ester_50ns rc=1 (will relaunch)
[2026-07-07 09:08:31] START/RESUME gla_ester_50ns  (GPU 46 C)
[2026-07-07 09:09:02] EXIT gla_ester_50ns rc=1 (will relaunch)
[2026-07-07 09:09:03] START/RESUME gla_ester_50ns  (GPU 45 C)
[2026-07-07 09:09:35] EXIT gla_ester_50ns rc=1 (will relaunch)
[2026-07-07 09:09:36] START/RESUME gla_ester_50ns  (GPU 48 C)
[2026-07-07 09:10:07] EXIT gla_ester_50ns rc=1 (will relaunch)
[2026-07-07 09:10:09] START/RESUME gla_ester_50ns  (GPU 46 C)
[2026-07-07 09:10:40] EXIT gla_ester_50ns rc=1 (will relaunch)
[2026-07-07 09:10:41] START/RESUME gla_ester_50ns  (GPU 46 C)
[2026-07-07 09:11:13] EXIT gla_ester_50ns rc=1 (will relaunch)
[2026-07-07 09:11:14] START/RESUME gla_ester_50ns  (GPU 47 C)
[2026-07-07 09:11:45] EXIT gla_ester_50ns rc=1 (will relaunch)
[2026-07-07 09:11:47] START/RESUME gla_ester_50ns  (GPU 46 C)
[2026-07-07 09:12:18] EXIT gla_ester_50ns rc=1 (will relaunch)
[2026-07-07 09:12:20] START/RESUME gla_ester_50ns  (GPU 45 C)
[2026-07-07 09:12:51] EXIT gla_ester_50ns rc=1 (will relaunch)
[2026-07-07 09:12:52] START/RESUME gla_ester_50ns  (GPU 48 C)
[2026-07-07 09:13:24] EXIT gla_ester_50ns rc=1 (will relaunch)
[2026-07-07 09:13:25] START/RESUME gla_ester_50ns  (GPU 46 C)
[2026-07-07 09:13:55] EXIT gla_ester_50ns rc=1 (will relaunch)
[2026-07-07 09:13:56] START/RESUME gla_ester_50ns  (GPU 45 C)
[2026-07-07 09:14:27] EXIT gla_ester_50ns rc=1 (will relaunch)
[2026-07-07 09:14:29] START/RESUME gla_ester_50ns  (GPU 47 C)
[2026-07-07 09:15:00] EXIT gla_ester_50ns rc=1 (will relaunch)
[2026-07-07 09:15:00] START/RESUME gla_ester_50ns  (GPU 47 C)
[2026-07-07 09:15:32] EXIT gla_ester_50ns rc=1 (will relaunch)
[2026-07-07 09:15:33] START/RESUME gla_ester_50ns  (GPU 46 C)
[2026-07-07 09:16:04] EXIT gla_ester_50ns rc=1 (will relaunch)
[2026-07-07 09:16:06] START/RESUME gla_ester_50ns  (GPU 46 C)
[2026-07-07 09:16:37] EXIT gla_ester_50ns rc=1 (will relaunch)
[2026-07-07 09:16:38] START/RESUME gla_ester_50ns  (GPU 45 C)
[2026-07-07 09:17:10] EXIT gla_ester_50ns rc=1 (will relaunch)
[2026-07-07 09:17:11] START/RESUME gla_ester_50ns  (GPU 47 C)
[2026-07-07 09:17:43] EXIT gla_ester_50ns rc=1 (will relaunch)
[2026-07-07 09:17:43] START/RESUME gla_ester_50ns  (GPU 46 C)
[2026-07-07 09:18:15] EXIT gla_ester_50ns rc=1 (will relaunch)
[2026-07-07 09:18:16] START/RESUME gla_ester_50ns  (GPU 45 C)
[2026-07-07 09:18:48] EXIT gla_ester_50ns rc=1 (will relaunch)
[2026-07-07 09:18:49] START/RESUME gla_ester_50ns  (GPU 47 C)
[2026-07-07 09:19:20] EXIT gla_ester_50ns rc=1 (will relaunch)
[2026-07-07 09:19:22] START/RESUME gla_ester_50ns  (GPU 46 C)
[2026-07-07 09:19:53] EXIT gla_ester_50ns rc=1 (will relaunch)
[2026-07-07 09:19:54] START/RESUME gla_ester_50ns  (GPU 46 C)
[2026-07-07 09:20:26] EXIT gla_ester_50ns rc=1 (will relaunch)
[2026-07-07 09:20:27] START/RESUME gla_ester_50ns  (GPU 45 C)
[2026-07-07 09:20:59] EXIT gla_ester_50ns rc=1 (will relaunch)
[2026-07-07 09:21:00] START/RESUME gla_ester_50ns  (GPU 47 C)
[2026-07-07 09:21:32] EXIT gla_ester_50ns rc=1 (will relaunch)
[2026-07-07 09:21:33] START/RESUME gla_ester_50ns  (GPU 46 C)
[2026-07-07 09:22:04] EXIT gla_ester_50ns rc=1 (will relaunch)
[2026-07-07 09:22:05] START/RESUME gla_ester_50ns  (GPU 46 C)
[2026-07-07 09:22:37] EXIT gla_ester_50ns rc=1 (will relaunch)
[2026-07-07 09:22:37] START/RESUME gla_ester_50ns  (GPU 45 C)
[2026-07-07 09:23:08] EXIT gla_ester_50ns rc=1 (will relaunch)
[2026-07-07 09:23:09] START/RESUME gla_ester_50ns  (GPU 46 C)
[2026-07-07 09:23:41] EXIT gla_ester_50ns rc=1 (will relaunch)
[2026-07-07 09:23:42] START/RESUME gla_ester_50ns  (GPU 45 C)
[2026-07-07 09:24:14] EXIT gla_ester_50ns rc=1 (will relaunch)
[2026-07-07 09:24:15] START/RESUME gla_ester_50ns  (GPU 47 C)
[2026-07-07 09:24:46] EXIT gla_ester_50ns rc=1 (will relaunch)
[2026-07-07 09:24:47] START/RESUME gla_ester_50ns  (GPU 45 C)
[2026-07-07 09:25:19] EXIT gla_ester_50ns rc=1 (will relaunch)
[2026-07-07 09:25:20] START/RESUME gla_ester_50ns  (GPU 47 C)
[2026-07-07 09:25:51] EXIT gla_ester_50ns rc=1 (will relaunch)
[2026-07-07 09:25:52] START/RESUME gla_ester_50ns  (GPU 46 C)
[2026-07-07 09:26:24] EXIT gla_ester_50ns rc=1 (will relaunch)
[2026-07-07 09:26:24] START/RESUME gla_ester_50ns  (GPU 46 C)
[2026-07-07 09:26:56] EXIT gla_ester_50ns rc=1 (will relaunch)
[2026-07-07 09:26:57] START/RESUME gla_ester_50ns  (GPU 48 C)
[2026-07-07 09:27:28] EXIT gla_ester_50ns rc=1 (will relaunch)
[2026-07-07 09:27:30] START/RESUME gla_ester_50ns  (GPU 46 C)
[2026-07-07 09:28:01] EXIT gla_ester_50ns rc=1 (will relaunch)
[2026-07-07 09:28:02] START/RESUME gla_ester_50ns  (GPU 46 C)
[2026-07-07 09:28:34] EXIT gla_ester_50ns rc=1 (will relaunch)
[2026-07-07 09:28:35] START/RESUME gla_ester_50ns  (GPU 48 C)
[2026-07-07 09:29:07] EXIT gla_ester_50ns rc=1 (will relaunch)
[2026-07-07 09:29:08] START/RESUME gla_ester_50ns  (GPU 46 C)
[2026-07-07 09:29:39] EXIT gla_ester_50ns rc=1 (will relaunch)
[2026-07-07 09:29:41] START/RESUME gla_ester_50ns  (GPU 45 C)
[2026-07-07 09:30:12] EXIT gla_ester_50ns rc=1 (will relaunch)
[2026-07-07 09:30:13] START/RESUME gla_ester_50ns  (GPU 48 C)
[2026-07-07 09:30:44] EXIT gla_ester_50ns rc=1 (will relaunch)
[2026-07-07 09:30:46] START/RESUME gla_ester_50ns  (GPU 46 C)
[2026-07-07 09:31:17] EXIT gla_ester_50ns rc=1 (will relaunch)
[2026-07-07 09:31:18] START/RESUME gla_ester_50ns  (GPU 46 C)
[2026-07-07 09:31:49] EXIT gla_ester_50ns rc=1 (will relaunch)
[2026-07-07 09:31:51] START/RESUME gla_ester_50ns  (GPU 45 C)
[2026-07-07 09:32:22] EXIT gla_ester_50ns rc=1 (will relaunch)
[2026-07-07 09:32:24] START/RESUME gla_ester_50ns  (GPU 46 C)
[2026-07-07 09:32:55] EXIT gla_ester_50ns rc=1 (will relaunch)
[2026-07-07 09:32:56] START/RESUME gla_ester_50ns  (GPU 47 C)
[2026-07-07 09:33:28] EXIT gla_ester_50ns rc=1 (will relaunch)
[2026-07-07 09:33:29] START/RESUME gla_ester_50ns  (GPU 46 C)
[2026-07-07 09:34:00] EXIT gla_ester_50ns rc=1 (will relaunch)
[2026-07-07 09:34:01] START/RESUME gla_ester_50ns  (GPU 45 C)
[2026-07-07 09:34:33] EXIT gla_ester_50ns rc=1 (will relaunch)
[2026-07-07 09:34:34] START/RESUME gla_ester_50ns  (GPU 47 C)
[2026-07-07 09:35:05] EXIT gla_ester_50ns rc=1 (will relaunch)
[2026-07-07 09:35:06] START/RESUME gla_ester_50ns  (GPU 46 C)
[2026-07-07 09:35:38] EXIT gla_ester_50ns rc=1 (will relaunch)
[2026-07-07 09:35:39] START/RESUME gla_ester_50ns  (GPU 45 C)
[2026-07-07 09:36:10] EXIT gla_ester_50ns rc=1 (will relaunch)
[2026-07-07 09:36:11] START/RESUME gla_ester_50ns  (GPU 48 C)
[2026-07-07 09:36:43] EXIT gla_ester_50ns rc=1 (will relaunch)
[2026-07-07 09:36:44] START/RESUME gla_ester_50ns  (GPU 46 C)
[2026-07-07 09:37:15] EXIT gla_ester_50ns rc=1 (will relaunch)
[2026-07-07 09:37:16] START/RESUME gla_ester_50ns  (GPU 45 C)
[2026-07-07 09:37:48] EXIT gla_ester_50ns rc=1 (will relaunch)
[2026-07-07 09:37:49] START/RESUME gla_ester_50ns  (GPU 47 C)
[2026-07-07 09:38:20] EXIT gla_ester_50ns rc=1 (will relaunch)
[2026-07-07 09:38:21] START/RESUME gla_ester_50ns  (GPU 47 C)
[2026-07-07 09:38:52] EXIT gla_ester_50ns rc=1 (will relaunch)
[2026-07-07 09:38:54] START/RESUME gla_ester_50ns  (GPU 46 C)
[2026-07-07 09:39:25] EXIT gla_ester_50ns rc=1 (will relaunch)
[2026-07-07 09:39:26] START/RESUME gla_ester_50ns  (GPU 46 C)
[2026-07-07 09:39:58] EXIT gla_ester_50ns rc=1 (will relaunch)
[2026-07-07 09:39:59] START/RESUME gla_ester_50ns  (GPU 45 C)
[2026-07-07 09:40:31] EXIT gla_ester_50ns rc=1 (will relaunch)
[2026-07-07 09:40:32] START/RESUME gla_ester_50ns  (GPU 47 C)
[2026-07-07 09:41:04] EXIT gla_ester_50ns rc=1 (will relaunch)
[2026-07-07 09:41:05] START/RESUME gla_ester_50ns  (GPU 46 C)
[2026-07-07 09:41:36] EXIT gla_ester_50ns rc=1 (will relaunch)
[2026-07-07 09:41:38] START/RESUME gla_ester_50ns  (GPU 45 C)
[2026-07-07 09:42:09] EXIT gla_ester_50ns rc=1 (will relaunch)
[2026-07-07 09:42:10] START/RESUME gla_ester_50ns  (GPU 47 C)
[2026-07-07 09:42:42] EXIT gla_ester_50ns rc=1 (will relaunch)
[2026-07-07 09:42:43] START/RESUME gla_ester_50ns  (GPU 46 C)
[2026-07-07 09:43:14] EXIT gla_ester_50ns rc=1 (will relaunch)
[2026-07-07 09:43:16] START/RESUME gla_ester_50ns  (GPU 46 C)
[2026-07-07 09:43:47] EXIT gla_ester_50ns rc=1 (will relaunch)
[2026-07-07 09:43:48] START/RESUME gla_ester_50ns  (GPU 47 C)
[2026-07-07 09:44:19] EXIT gla_ester_50ns rc=1 (will relaunch)
[2026-07-07 09:44:20] START/RESUME gla_ester_50ns  (GPU 46 C)
[2026-07-07 09:44:52] EXIT gla_ester_50ns rc=1 (will relaunch)
[2026-07-07 09:44:53] START/RESUME gla_ester_50ns  (GPU 46 C)
[2026-07-07 09:45:24] EXIT gla_ester_50ns rc=1 (will relaunch)
[2026-07-07 09:45:25] START/RESUME gla_ester_50ns  (GPU 47 C)
[2026-07-07 09:45:57] EXIT gla_ester_50ns rc=1 (will relaunch)
[2026-07-07 09:45:59] START/RESUME gla_ester_50ns  (GPU 46 C)
[2026-07-07 09:46:30] EXIT gla_ester_50ns rc=1 (will relaunch)
[2026-07-07 09:46:31] START/RESUME gla_ester_50ns  (GPU 46 C)
[2026-07-07 09:47:02] EXIT gla_ester_50ns rc=1 (will relaunch)
[2026-07-07 09:47:03] START/RESUME gla_ester_50ns  (GPU 45 C)
[2026-07-07 09:47:35] EXIT gla_ester_50ns rc=1 (will relaunch)
[2026-07-07 09:47:36] START/RESUME gla_ester_50ns  (GPU 47 C)
[2026-07-07 09:48:07] EXIT gla_ester_50ns rc=1 (will relaunch)
[2026-07-07 09:48:08] START/RESUME gla_ester_50ns  (GPU 45 C)
[2026-07-07 09:48:39] EXIT gla_ester_50ns rc=1 (will relaunch)
[2026-07-07 09:48:41] START/RESUME gla_ester_50ns  (GPU 46 C)
[2026-07-07 09:49:12] EXIT gla_ester_50ns rc=1 (will relaunch)
[2026-07-07 09:49:13] START/RESUME gla_ester_50ns  (GPU 47 C)
[2026-07-07 09:49:45] EXIT gla_ester_50ns rc=1 (will relaunch)
[2026-07-07 09:49:45] START/RESUME gla_ester_50ns  (GPU 45 C)
[2026-07-07 09:50:17] EXIT gla_ester_50ns rc=1 (will relaunch)
[2026-07-07 09:50:18] START/RESUME gla_ester_50ns  (GPU 46 C)
[2026-07-07 09:50:50] EXIT gla_ester_50ns rc=1 (will relaunch)
[2026-07-07 09:50:51] START/RESUME gla_ester_50ns  (GPU 47 C)
[2026-07-07 09:51:22] EXIT gla_ester_50ns rc=1 (will relaunch)
[2026-07-07 09:51:23] START/RESUME gla_ester_50ns  (GPU 46 C)
[2026-07-07 09:51:55] EXIT gla_ester_50ns rc=1 (will relaunch)
[2026-07-07 09:51:56] START/RESUME gla_ester_50ns  (GPU 47 C)
[2026-07-07 09:52:27] EXIT gla_ester_50ns rc=1 (will relaunch)
[2026-07-07 09:52:27] START/RESUME gla_ester_50ns  (GPU 46 C)
[2026-07-07 09:52:59] EXIT gla_ester_50ns rc=1 (will relaunch)
[2026-07-07 09:53:00] START/RESUME gla_ester_50ns  (GPU 45 C)
[2026-07-07 09:53:31] EXIT gla_ester_50ns rc=1 (will relaunch)
[2026-07-07 09:53:32] START/RESUME gla_ester_50ns  (GPU 47 C)
[2026-07-07 09:54:03] EXIT gla_ester_50ns rc=1 (will relaunch)
[2026-07-07 09:54:04] START/RESUME gla_ester_50ns  (GPU 46 C)
[2026-07-07 09:54:35] EXIT gla_ester_50ns rc=1 (will relaunch)
[2026-07-07 09:54:36] START/RESUME gla_ester_50ns  (GPU 46 C)
[2026-07-07 09:55:07] EXIT gla_ester_50ns rc=1 (will relaunch)
[2026-07-07 09:55:08] START/RESUME gla_ester_50ns  (GPU 45 C)
[2026-07-07 09:55:40] EXIT gla_ester_50ns rc=1 (will relaunch)
[2026-07-07 09:55:41] START/RESUME gla_ester_50ns  (GPU 48 C)
[2026-07-07 09:56:13] EXIT gla_ester_50ns rc=1 (will relaunch)
[2026-07-07 09:56:14] START/RESUME gla_ester_50ns  (GPU 46 C)
[2026-07-07 09:56:46] EXIT gla_ester_50ns rc=1 (will relaunch)
[2026-07-07 09:56:47] START/RESUME gla_ester_50ns  (GPU 45 C)
[2026-07-07 09:57:18] EXIT gla_ester_50ns rc=1 (will relaunch)
[2026-07-07 09:57:19] START/RESUME gla_ester_50ns  (GPU 47 C)
[2026-07-07 09:57:51] EXIT gla_ester_50ns rc=1 (will relaunch)
[2026-07-07 09:57:52] START/RESUME gla_ester_50ns  (GPU 46 C)
[2026-07-07 09:58:24] EXIT gla_ester_50ns rc=1 (will relaunch)
[2026-07-07 09:58:25] START/RESUME gla_ester_50ns  (GPU 46 C)
[2026-07-07 09:58:57] EXIT gla_ester_50ns rc=1 (will relaunch)
[2026-07-07 09:58:58] START/RESUME gla_ester_50ns  (GPU 47 C)
[2026-07-07 09:59:29] EXIT gla_ester_50ns rc=1 (will relaunch)
[2026-07-07 09:59:31] START/RESUME gla_ester_50ns  (GPU 46 C)
[2026-07-07 10:00:02] EXIT gla_ester_50ns rc=1 (will relaunch)
[2026-07-07 10:00:03] START/RESUME gla_ester_50ns  (GPU 45 C)
[2026-07-07 10:00:34] EXIT gla_ester_50ns rc=1 (will relaunch)
[2026-07-07 10:00:35] START/RESUME gla_ester_50ns  (GPU 47 C)
[2026-07-07 10:01:06] EXIT gla_ester_50ns rc=1 (will relaunch)
[2026-07-07 10:01:07] START/RESUME gla_ester_50ns  (GPU 46 C)
[2026-07-07 10:01:38] EXIT gla_ester_50ns rc=1 (will relaunch)
[2026-07-07 10:01:39] START/RESUME gla_ester_50ns  (GPU 45 C)
[2026-07-07 10:02:11] EXIT gla_ester_50ns rc=1 (will relaunch)
[2026-07-07 10:02:11] START/RESUME gla_ester_50ns  (GPU 48 C)
[2026-07-07 10:02:42] EXIT gla_ester_50ns rc=1 (will relaunch)
[2026-07-07 10:02:43] START/RESUME gla_ester_50ns  (GPU 46 C)
[2026-07-07 10:03:15] EXIT gla_ester_50ns rc=1 (will relaunch)
[2026-07-07 10:03:16] START/RESUME gla_ester_50ns  (GPU 45 C)
[2026-07-07 10:03:48] EXIT gla_ester_50ns rc=1 (will relaunch)
[2026-07-07 10:03:49] START/RESUME gla_ester_50ns  (GPU 47 C)
[2026-07-07 10:04:21] EXIT gla_ester_50ns rc=1 (will relaunch)
[2026-07-07 10:04:22] START/RESUME gla_ester_50ns  (GPU 46 C)
[2026-07-07 10:04:53] EXIT gla_ester_50ns rc=1 (will relaunch)
[2026-07-07 10:04:55] START/RESUME gla_ester_50ns  (GPU 46 C)
[2026-07-07 10:05:26] EXIT gla_ester_50ns rc=1 (will relaunch)
[2026-07-07 10:05:27] START/RESUME gla_ester_50ns  (GPU 47 C)
[2026-07-07 10:05:59] EXIT gla_ester_50ns rc=1 (will relaunch)
[2026-07-07 10:06:00] START/RESUME gla_ester_50ns  (GPU 46 C)
[2026-07-07 10:06:32] EXIT gla_ester_50ns rc=1 (will relaunch)
[2026-07-07 10:06:33] START/RESUME gla_ester_50ns  (GPU 48 C)
[2026-07-07 10:07:05] EXIT gla_ester_50ns rc=1 (will relaunch)
[2026-07-07 10:07:06] START/RESUME gla_ester_50ns  (GPU 46 C)
[2026-07-07 10:07:38] EXIT gla_ester_50ns rc=1 (will relaunch)
[2026-07-07 10:07:39] START/RESUME gla_ester_50ns  (GPU 46 C)
[2026-07-07 10:08:11] EXIT gla_ester_50ns rc=1 (will relaunch)
[2026-07-07 10:08:12] START/RESUME gla_ester_50ns  (GPU 45 C)
[2026-07-07 10:08:42] EXIT gla_ester_50ns rc=1 (will relaunch)
[2026-07-07 10:08:43] START/RESUME gla_ester_50ns  (GPU 47 C)
[2026-07-07 10:09:14] EXIT gla_ester_50ns rc=1 (will relaunch)
[2026-07-07 10:09:16] START/RESUME gla_ester_50ns  (GPU 46 C)
[2026-07-07 10:09:47] EXIT gla_ester_50ns rc=1 (will relaunch)
[2026-07-07 10:09:48] START/RESUME gla_ester_50ns  (GPU 46 C)
[2026-07-07 10:10:19] EXIT gla_ester_50ns rc=1 (will relaunch)
[2026-07-07 10:10:20] START/RESUME gla_ester_50ns  (GPU 46 C)
[2026-07-07 10:10:52] EXIT gla_ester_50ns rc=1 (will relaunch)
[2026-07-07 10:10:53] START/RESUME gla_ester_50ns  (GPU 46 C)
[2026-07-07 10:11:25] EXIT gla_ester_50ns rc=1 (will relaunch)
[2026-07-07 10:11:26] START/RESUME gla_ester_50ns  (GPU 45 C)
[2026-07-07 10:11:58] EXIT gla_ester_50ns rc=1 (will relaunch)
[2026-07-07 10:11:59] START/RESUME gla_ester_50ns  (GPU 45 C)
[2026-07-07 10:12:31] EXIT gla_ester_50ns rc=1 (will relaunch)
[2026-07-07 10:12:31] START/RESUME gla_ester_50ns  (GPU 45 C)
[2026-07-07 10:13:02] EXIT gla_ester_50ns rc=1 (will relaunch)
[2026-07-07 10:13:04] START/RESUME gla_ester_50ns  (GPU 47 C)
[2026-07-07 10:13:36] EXIT gla_ester_50ns rc=1 (will relaunch)
[2026-07-07 10:13:37] START/RESUME gla_ester_50ns  (GPU 46 C)
[2026-07-07 10:14:09] EXIT gla_ester_50ns rc=1 (will relaunch)
[2026-07-07 10:14:09] START/RESUME gla_ester_50ns  (GPU 46 C)
[2026-07-07 10:14:41] EXIT gla_ester_50ns rc=1 (will relaunch)
[2026-07-07 10:14:43] START/RESUME gla_ester_50ns  (GPU 47 C)
[2026-07-07 10:15:14] EXIT gla_ester_50ns rc=1 (will relaunch)
[2026-07-07 10:15:15] START/RESUME gla_ester_50ns  (GPU 46 C)
[2026-07-07 10:15:46] EXIT gla_ester_50ns rc=1 (will relaunch)
[2026-07-07 10:15:48] START/RESUME gla_ester_50ns  (GPU 46 C)
[2026-07-07 10:16:20] EXIT gla_ester_50ns rc=1 (will relaunch)
[2026-07-07 10:16:20] START/RESUME gla_ester_50ns  (GPU 47 C)
[2026-07-07 10:16:51] EXIT gla_ester_50ns rc=1 (will relaunch)
[2026-07-07 10:16:52] START/RESUME gla_ester_50ns  (GPU 47 C)
[2026-07-07 10:17:24] EXIT gla_ester_50ns rc=1 (will relaunch)
[2026-07-07 10:17:25] START/RESUME gla_ester_50ns  (GPU 45 C)
[2026-07-07 10:17:57] EXIT gla_ester_50ns rc=1 (will relaunch)
[2026-07-07 10:17:58] START/RESUME gla_ester_50ns  (GPU 48 C)
[2026-07-07 10:18:30] EXIT gla_ester_50ns rc=1 (will relaunch)
[2026-07-07 10:18:31] START/RESUME gla_ester_50ns  (GPU 45 C)
[2026-07-07 10:25:09] Thermal supervisor started. Policy: pause@78C or every 90min, resume@56C.
[2026-07-07 10:25:11] START/RESUME gla_50ns  (GPU 45 C)
[2026-07-07 10:25:42] COMPLETE gla_50ns
[2026-07-07 10:25:42] === DONE gla_50ns ===
[2026-07-07 10:25:43] START/RESUME gla_ester_50ns  (GPU 49 C)
[2026-07-07 11:55:46] PAUSE gla_ester_50ns : ran 90 min (duty-cycle cooldown)
[2026-07-07 11:56:02] COOLED to 51 C after 16 s -> resuming
[2026-07-07 11:56:02] START/RESUME gla_ester_50ns  (GPU 51 C)
[2026-07-07 13:26:04] PAUSE gla_ester_50ns : ran 90 min (duty-cycle cooldown)
[2026-07-07 13:26:21] COOLED to 52 C after 16 s -> resuming
[2026-07-07 13:26:21] START/RESUME gla_ester_50ns  (GPU 52 C)
[2026-07-07 14:56:23] PAUSE gla_ester_50ns : ran 90 min (duty-cycle cooldown)
[2026-07-07 14:56:40] COOLED to 52 C after 16 s -> resuming
[2026-07-07 14:56:40] START/RESUME gla_ester_50ns  (GPU 52 C)
[2026-07-07 16:26:43] PAUSE gla_ester_50ns : ran 90 min (duty-cycle cooldown)
[2026-07-07 16:27:00] COOLED to 53 C after 16 s -> resuming
[2026-07-07 16:27:00] START/RESUME gla_ester_50ns  (GPU 53 C)
[2026-07-07 17:57:02] PAUSE gla_ester_50ns : ran 90 min (duty-cycle cooldown)
[2026-07-07 17:57:19] COOLED to 53 C after 16 s -> resuming
[2026-07-07 17:57:19] START/RESUME gla_ester_50ns  (GPU 53 C)
[2026-07-07 19:27:34] PAUSE gla_ester_50ns : ran 90 min (duty-cycle cooldown)
[2026-07-07 19:27:50] COOLED to 53 C after 16 s -> resuming
[2026-07-07 19:27:51] START/RESUME gla_ester_50ns  (GPU 53 C)
[2026-07-07 20:58:05] PAUSE gla_ester_50ns : ran 90 min (duty-cycle cooldown)
[2026-07-07 20:58:21] COOLED to 55 C after 15 s -> resuming
[2026-07-07 20:58:21] START/RESUME gla_ester_50ns  (GPU 55 C)
[2026-07-08 00:31:55] Thermal supervisor started. Policy: pause@78C or every 90min, resume@56C.
[2026-07-08 00:31:56] START/RESUME gla_50ns  (GPU 45 C)
[2026-07-08 00:32:44] COMPLETE gla_50ns
[2026-07-08 00:32:44] === DONE gla_50ns ===
[2026-07-08 00:32:46] START/RESUME gla_ester_50ns  (GPU 48 C)
[2026-07-08 00:33:17] COMPLETE gla_ester_50ns
[2026-07-08 00:33:17] === DONE gla_ester_50ns ===
[2026-07-08 00:33:19] START/RESUME gla_deprot_50ns  (GPU 48 C)
[2026-07-08 12:26:31] Thermal supervisor started. Policy: pause@78C or every 90min, resume@56C.
[2026-07-08 12:26:32] START/RESUME gla_50ns  (GPU 45 C)
[2026-07-08 12:27:21] COMPLETE gla_50ns
[2026-07-08 12:27:21] === DONE gla_50ns ===
[2026-07-08 12:27:22] START/RESUME gla_ester_50ns  (GPU 46 C)
[2026-07-08 12:27:54] COMPLETE gla_ester_50ns
[2026-07-08 12:27:54] === DONE gla_ester_50ns ===
[2026-07-08 12:27:55] START/RESUME gla_deprot_50ns  (GPU 45 C)
[2026-07-08 13:57:57] PAUSE gla_deprot_50ns : ran 90 min (duty-cycle cooldown)
[2026-07-08 13:58:31] COOLED to 54 C after 33 s -> resuming
[2026-07-08 13:58:31] START/RESUME gla_deprot_50ns  (GPU 54 C)
[2026-07-08 15:28:31] PAUSE gla_deprot_50ns : ran 90 min (duty-cycle cooldown)
[2026-07-08 15:29:04] COOLED to 54 C after 33 s -> resuming
[2026-07-08 15:29:04] START/RESUME gla_deprot_50ns  (GPU 54 C)
[2026-07-08 16:59:04] PAUSE gla_deprot_50ns : ran 90 min (duty-cycle cooldown)
[2026-07-08 16:59:38] COOLED to 55 C after 33 s -> resuming
[2026-07-08 16:59:38] START/RESUME gla_deprot_50ns  (GPU 55 C)
[2026-07-08 18:29:38] PAUSE gla_deprot_50ns : ran 90 min (duty-cycle cooldown)
[2026-07-08 18:30:11] COOLED to 53 C after 33 s -> resuming
[2026-07-08 18:30:11] START/RESUME gla_deprot_50ns  (GPU 53 C)
[2026-07-08 20:00:12] PAUSE gla_deprot_50ns : ran 90 min (duty-cycle cooldown)
[2026-07-08 20:00:43] COOLED to 54 C after 31 s -> resuming
[2026-07-08 20:00:44] START/RESUME gla_deprot_50ns  (GPU 54 C)
[2026-07-08 21:30:44] PAUSE gla_deprot_50ns : ran 90 min (duty-cycle cooldown)
[2026-07-08 21:31:16] COOLED to 53 C after 32 s -> resuming
[2026-07-08 21:31:16] START/RESUME gla_deprot_50ns  (GPU 53 C)
[2026-07-08 23:01:18] PAUSE gla_deprot_50ns : ran 90 min (duty-cycle cooldown)
[2026-07-08 23:01:35] COOLED to 56 C after 16 s -> resuming
[2026-07-08 23:01:35] START/RESUME gla_deprot_50ns  (GPU 56 C)
[2026-07-08 23:05:23] COMPLETE gla_deprot_50ns
[2026-07-08 23:05:23] === DONE gla_deprot_50ns ===
[2026-07-08 23:05:23] START/RESUME palmitic_50ns  (GPU 62 C)
[2026-07-09 00:35:25] PAUSE palmitic_50ns : ran 90 min (duty-cycle cooldown)
[2026-07-09 00:35:57] COOLED to 55 C after 32 s -> resuming
[2026-07-09 00:35:58] START/RESUME palmitic_50ns  (GPU 55 C)
[2026-07-09 02:05:58] PAUSE palmitic_50ns : ran 90 min (duty-cycle cooldown)
[2026-07-09 02:06:31] COOLED to 54 C after 33 s -> resuming
[2026-07-09 02:06:31] START/RESUME palmitic_50ns  (GPU 54 C)
[2026-07-09 03:36:32] PAUSE palmitic_50ns : ran 90 min (duty-cycle cooldown)
[2026-07-09 03:37:05] COOLED to 55 C after 33 s -> resuming
[2026-07-09 03:37:05] START/RESUME palmitic_50ns  (GPU 55 C)
[2026-07-09 05:07:20] PAUSE palmitic_50ns : ran 90 min (duty-cycle cooldown)
[2026-07-09 05:07:53] COOLED to 53 C after 33 s -> resuming
[2026-07-09 05:07:53] START/RESUME palmitic_50ns  (GPU 53 C)
[2026-07-09 06:38:08] PAUSE palmitic_50ns : ran 90 min (duty-cycle cooldown)
[2026-07-09 06:38:40] COOLED to 55 C after 31 s -> resuming
[2026-07-09 06:38:40] START/RESUME palmitic_50ns  (GPU 55 C)
[2026-07-09 08:08:40] PAUSE palmitic_50ns : ran 90 min (duty-cycle cooldown)
[2026-07-09 08:09:13] COOLED to 55 C after 33 s -> resuming
[2026-07-09 08:09:13] START/RESUME palmitic_50ns  (GPU 55 C)
[2026-07-09 09:39:28] PAUSE palmitic_50ns : ran 90 min (duty-cycle cooldown)
[2026-07-09 09:40:01] COOLED to 54 C after 33 s -> resuming
[2026-07-09 09:40:01] START/RESUME palmitic_50ns  (GPU 54 C)
[2026-07-09 10:52:56] COMPLETE palmitic_50ns
[2026-07-09 10:52:56] === DONE palmitic_50ns ===
[2026-07-09 10:52:57] START/RESUME methyl_palmitate_50ns  (GPU 56 C)
[2026-07-09 12:22:58] PAUSE methyl_palmitate_50ns : ran 90 min (duty-cycle cooldown)
[2026-07-09 12:23:30] COOLED to 53 C after 31 s -> resuming
[2026-07-09 12:23:30] START/RESUME methyl_palmitate_50ns  (GPU 53 C)
[2026-07-09 13:53:31] PAUSE methyl_palmitate_50ns : ran 90 min (duty-cycle cooldown)
[2026-07-09 13:54:04] COOLED to 54 C after 33 s -> resuming
[2026-07-09 13:54:05] START/RESUME methyl_palmitate_50ns  (GPU 54 C)
[2026-07-09 15:24:20] PAUSE methyl_palmitate_50ns : ran 90 min (duty-cycle cooldown)
[2026-07-09 15:24:53] COOLED to 55 C after 33 s -> resuming
[2026-07-09 15:24:53] START/RESUME methyl_palmitate_50ns  (GPU 55 C)
[2026-07-09 16:54:53] PAUSE methyl_palmitate_50ns : ran 90 min (duty-cycle cooldown)
[2026-07-09 16:55:26] COOLED to 55 C after 33 s -> resuming
[2026-07-09 16:55:26] START/RESUME methyl_palmitate_50ns  (GPU 55 C)
[2026-07-09 18:25:28] PAUSE methyl_palmitate_50ns : ran 90 min (duty-cycle cooldown)
[2026-07-09 18:26:01] COOLED to 53 C after 33 s -> resuming
[2026-07-09 18:26:01] START/RESUME methyl_palmitate_50ns  (GPU 53 C)
[2026-07-09 19:56:03] PAUSE methyl_palmitate_50ns : ran 90 min (duty-cycle cooldown)
[2026-07-09 19:56:20] COOLED to 56 C after 16 s -> resuming
[2026-07-09 19:56:20] START/RESUME methyl_palmitate_50ns  (GPU 56 C)
[2026-07-09 23:27:53] PAUSE methyl_palmitate_50ns : ran 90 min (duty-cycle cooldown)
[2026-07-09 23:28:09] COOLED to 40 C after 15 s -> resuming
[2026-07-09 23:28:09] START/RESUME methyl_palmitate_50ns  (GPU 40 C)
[2026-07-10 00:58:23] PAUSE methyl_palmitate_50ns : ran 90 min (duty-cycle cooldown)
[2026-07-10 00:58:56] COOLED to 55 C after 32 s -> resuming
[2026-07-10 00:58:56] START/RESUME methyl_palmitate_50ns  (GPU 55 C)
[2026-07-10 01:10:01] COMPLETE methyl_palmitate_50ns
[2026-07-10 01:10:01] === DONE methyl_palmitate_50ns ===
[2026-07-10 01:10:02] START/RESUME palmitic_deprot_50ns  (GPU 59 C)
[2026-07-10 02:40:04] PAUSE palmitic_deprot_50ns : ran 90 min (duty-cycle cooldown)
[2026-07-10 02:40:37] COOLED to 54 C after 33 s -> resuming
[2026-07-10 02:40:37] START/RESUME palmitic_deprot_50ns  (GPU 54 C)
[2026-07-10 04:10:38] PAUSE palmitic_deprot_50ns : ran 90 min (duty-cycle cooldown)
[2026-07-10 04:11:11] COOLED to 55 C after 32 s -> resuming
[2026-07-10 04:11:11] START/RESUME palmitic_deprot_50ns  (GPU 55 C)
[2026-07-10 05:41:25] PAUSE palmitic_deprot_50ns : ran 90 min (duty-cycle cooldown)
[2026-07-10 05:41:57] COOLED to 55 C after 31 s -> resuming
[2026-07-10 05:41:57] START/RESUME palmitic_deprot_50ns  (GPU 55 C)
[2026-07-10 07:12:12] PAUSE palmitic_deprot_50ns : ran 90 min (duty-cycle cooldown)
[2026-07-10 07:12:29] COOLED to 56 C after 16 s -> resuming
[2026-07-10 07:12:29] START/RESUME palmitic_deprot_50ns  (GPU 56 C)
[2026-07-10 08:42:30] PAUSE palmitic_deprot_50ns : ran 90 min (duty-cycle cooldown)
[2026-07-10 08:42:47] COOLED to 55 C after 16 s -> resuming
[2026-07-10 08:42:47] START/RESUME palmitic_deprot_50ns  (GPU 55 C)
[2026-07-10 10:13:01] PAUSE palmitic_deprot_50ns : ran 90 min (duty-cycle cooldown)
[2026-07-10 10:13:33] COOLED to 54 C after 31 s -> resuming
[2026-07-10 10:13:33] START/RESUME palmitic_deprot_50ns  (GPU 54 C)
[2026-07-10 11:43:36] PAUSE palmitic_deprot_50ns : ran 90 min (duty-cycle cooldown)
[2026-07-10 11:44:10] COOLED to 53 C after 33 s -> resuming
[2026-07-10 11:44:10] START/RESUME palmitic_deprot_50ns  (GPU 53 C)
[2026-07-10 13:08:23] COMPLETE palmitic_deprot_50ns
[2026-07-10 13:08:23] === DONE palmitic_deprot_50ns ===
[2026-07-10 13:08:24] START/RESUME pam_50ns  (GPU 60 C)
[2026-07-10 14:28:39] PAUSE pam_50ns : GPU 78 C >= 78
[2026-07-10 14:30:19] COOLED to 56 C after 99 s -> resuming
[2026-07-10 14:30:19] START/RESUME pam_50ns  (GPU 56 C)
[2026-07-10 14:45:40] PAUSE pam_50ns : GPU 78 C >= 78
[2026-07-10 14:47:35] COOLED to 56 C after 114 s -> resuming
[2026-07-10 14:47:35] START/RESUME pam_50ns  (GPU 56 C)
[2026-07-10 15:41:38] PAUSE pam_50ns : GPU 78 C >= 78
[2026-07-10 15:43:01] COOLED to 56 C after 82 s -> resuming
[2026-07-10 15:43:01] START/RESUME pam_50ns  (GPU 56 C)
[2026-07-10 17:13:02] PAUSE pam_50ns : ran 90 min (duty-cycle cooldown)
[2026-07-10 17:13:35] COOLED to 53 C after 33 s -> resuming
[2026-07-10 17:13:35] START/RESUME pam_50ns  (GPU 53 C)
[2026-07-10 18:43:36] PAUSE pam_50ns : ran 90 min (duty-cycle cooldown)
[2026-07-10 18:43:53] COOLED to 55 C after 16 s -> resuming
[2026-07-10 18:43:53] START/RESUME pam_50ns  (GPU 55 C)
[2026-07-10 20:13:54] PAUSE pam_50ns : ran 90 min (duty-cycle cooldown)
[2026-07-10 20:14:27] COOLED to 53 C after 33 s -> resuming
[2026-07-10 20:14:27] START/RESUME pam_50ns  (GPU 53 C)
[2026-07-10 21:44:27] PAUSE pam_50ns : ran 90 min (duty-cycle cooldown)
[2026-07-10 21:44:44] COOLED to 56 C after 16 s -> resuming
[2026-07-10 21:44:44] START/RESUME pam_50ns  (GPU 56 C)
[2026-07-10 23:14:46] PAUSE pam_50ns : ran 90 min (duty-cycle cooldown)
[2026-07-10 23:15:18] COOLED to 55 C after 31 s -> resuming
[2026-07-10 23:15:18] START/RESUME pam_50ns  (GPU 55 C)
[2026-07-11 00:45:23] PAUSE pam_50ns : ran 90 min (duty-cycle cooldown)
[2026-07-11 00:45:56] COOLED to 56 C after 33 s -> resuming
[2026-07-11 00:45:56] START/RESUME pam_50ns  (GPU 56 C)
[2026-07-11 01:04:23] COMPLETE pam_50ns
[2026-07-11 01:04:23] === DONE pam_50ns ===
[2026-07-11 01:04:24] START/RESUME glucose_decoy_50ns  (GPU 63 C)
[2026-07-11 02:34:32] PAUSE glucose_decoy_50ns : ran 90 min (duty-cycle cooldown)
[2026-07-11 02:35:06] COOLED to 54 C after 33 s -> resuming
[2026-07-11 02:35:06] START/RESUME glucose_decoy_50ns  (GPU 54 C)
[2026-07-11 04:05:10] PAUSE glucose_decoy_50ns : ran 90 min (duty-cycle cooldown)
[2026-07-11 04:05:43] COOLED to 54 C after 33 s -> resuming
[2026-07-11 04:05:44] START/RESUME glucose_decoy_50ns  (GPU 54 C)
[2026-07-11 05:35:46] PAUSE glucose_decoy_50ns : ran 90 min (duty-cycle cooldown)
[2026-07-11 05:36:19] COOLED to 53 C after 33 s -> resuming
[2026-07-11 05:36:19] START/RESUME glucose_decoy_50ns  (GPU 53 C)
[2026-07-11 07:06:20] PAUSE glucose_decoy_50ns : ran 90 min (duty-cycle cooldown)
[2026-07-11 07:06:53] COOLED to 55 C after 33 s -> resuming
[2026-07-11 07:06:53] START/RESUME glucose_decoy_50ns  (GPU 55 C)
[2026-07-11 08:36:54] PAUSE glucose_decoy_50ns : ran 90 min (duty-cycle cooldown)
[2026-07-11 08:37:28] COOLED to 53 C after 33 s -> resuming
[2026-07-11 08:37:28] START/RESUME glucose_decoy_50ns  (GPU 53 C)
[2026-07-11 10:07:31] PAUSE glucose_decoy_50ns : ran 90 min (duty-cycle cooldown)
[2026-07-11 10:08:03] COOLED to 55 C after 32 s -> resuming
[2026-07-11 10:08:03] START/RESUME glucose_decoy_50ns  (GPU 55 C)
[2026-07-11 11:38:04] PAUSE glucose_decoy_50ns : ran 90 min (duty-cycle cooldown)
[2026-07-11 11:38:20] COOLED to 56 C after 16 s -> resuming
[2026-07-11 11:38:20] START/RESUME glucose_decoy_50ns  (GPU 56 C)
[2026-07-11 12:58:17] COMPLETE glucose_decoy_50ns
[2026-07-11 12:58:17] === DONE glucose_decoy_50ns ===
[2026-07-11 12:58:19] START/RESUME apo_toxt_50ns  (GPU 61 C)
[2026-07-11 14:28:22] PAUSE apo_toxt_50ns : ran 90 min (duty-cycle cooldown)
[2026-07-11 14:28:55] COOLED to 54 C after 33 s -> resuming
[2026-07-11 14:28:55] START/RESUME apo_toxt_50ns  (GPU 54 C)
[2026-07-11 15:58:58] PAUSE apo_toxt_50ns : ran 90 min (duty-cycle cooldown)
[2026-07-11 15:59:31] COOLED to 55 C after 33 s -> resuming
[2026-07-11 15:59:31] START/RESUME apo_toxt_50ns  (GPU 55 C)
[2026-07-11 17:29:33] PAUSE apo_toxt_50ns : ran 90 min (duty-cycle cooldown)
[2026-07-11 17:30:06] COOLED to 54 C after 33 s -> resuming
[2026-07-11 17:30:06] START/RESUME apo_toxt_50ns  (GPU 54 C)
[2026-07-11 19:00:07] PAUSE apo_toxt_50ns : ran 90 min (duty-cycle cooldown)
[2026-07-11 19:00:39] COOLED to 56 C after 31 s -> resuming
[2026-07-11 19:00:39] START/RESUME apo_toxt_50ns  (GPU 56 C)
[2026-07-11 20:30:54] PAUSE apo_toxt_50ns : ran 90 min (duty-cycle cooldown)
[2026-07-11 20:31:27] COOLED to 56 C after 33 s -> resuming
[2026-07-11 20:31:27] START/RESUME apo_toxt_50ns  (GPU 56 C)
[2026-07-11 22:01:28] PAUSE apo_toxt_50ns : ran 90 min (duty-cycle cooldown)
[2026-07-11 22:02:17] COOLED to 56 C after 48 s -> resuming
[2026-07-11 22:02:17] START/RESUME apo_toxt_50ns  (GPU 56 C)
[2026-07-11 23:32:20] PAUSE apo_toxt_50ns : ran 90 min (duty-cycle cooldown)
[2026-07-11 23:32:53] COOLED to 54 C after 32 s -> resuming
[2026-07-11 23:32:53] START/RESUME apo_toxt_50ns  (GPU 54 C)
[2026-07-12 00:38:45] COMPLETE apo_toxt_50ns
[2026-07-12 00:38:45] === DONE apo_toxt_50ns ===
[2026-07-12 00:38:45] START/RESUME pentadecanal_50ns  (GPU 63 C)
[2026-07-12 02:08:51] PAUSE pentadecanal_50ns : ran 90 min (duty-cycle cooldown)
[2026-07-12 02:09:24] COOLED to 54 C after 32 s -> resuming
[2026-07-12 02:09:24] START/RESUME pentadecanal_50ns  (GPU 54 C)
[2026-07-12 03:39:25] PAUSE pentadecanal_50ns : ran 90 min (duty-cycle cooldown)
[2026-07-12 03:39:57] COOLED to 56 C after 32 s -> resuming
[2026-07-12 03:39:58] START/RESUME pentadecanal_50ns  (GPU 56 C)
[2026-07-12 05:10:00] PAUSE pentadecanal_50ns : ran 90 min (duty-cycle cooldown)
[2026-07-12 05:10:32] COOLED to 56 C after 32 s -> resuming
[2026-07-12 05:10:33] START/RESUME pentadecanal_50ns  (GPU 56 C)
[2026-07-12 06:40:47] PAUSE pentadecanal_50ns : ran 90 min (duty-cycle cooldown)
[2026-07-12 06:41:20] COOLED to 56 C after 32 s -> resuming
[2026-07-12 06:41:20] START/RESUME pentadecanal_50ns  (GPU 56 C)
[2026-07-12 08:11:23] PAUSE pentadecanal_50ns : ran 90 min (duty-cycle cooldown)
[2026-07-12 08:11:55] COOLED to 55 C after 31 s -> resuming
[2026-07-12 08:11:55] START/RESUME pentadecanal_50ns  (GPU 55 C)
[2026-07-12 09:41:56] PAUSE pentadecanal_50ns : ran 90 min (duty-cycle cooldown)
[2026-07-12 09:42:30] COOLED to 53 C after 33 s -> resuming
[2026-07-12 09:42:30] START/RESUME pentadecanal_50ns  (GPU 53 C)
[2026-07-12 11:12:30] PAUSE pentadecanal_50ns : ran 90 min (duty-cycle cooldown)
[2026-07-12 11:13:02] COOLED to 55 C after 31 s -> resuming
[2026-07-12 11:13:02] START/RESUME pentadecanal_50ns  (GPU 55 C)
[2026-07-12 12:29:45] COMPLETE pentadecanal_50ns
[2026-07-12 12:29:45] === DONE pentadecanal_50ns ===
[2026-07-12 12:29:47] START/RESUME tridecanoic_50ns  (GPU 58 C)
[2026-07-12 13:59:52] PAUSE tridecanoic_50ns : ran 90 min (duty-cycle cooldown)
[2026-07-12 14:00:25] COOLED to 54 C after 33 s -> resuming
[2026-07-12 14:00:25] START/RESUME tridecanoic_50ns  (GPU 54 C)
[2026-07-12 15:30:40] PAUSE tridecanoic_50ns : ran 90 min (duty-cycle cooldown)
[2026-07-12 15:30:57] COOLED to 56 C after 16 s -> resuming
[2026-07-12 15:30:57] START/RESUME tridecanoic_50ns  (GPU 56 C)
[2026-07-12 17:01:01] PAUSE tridecanoic_50ns : ran 90 min (duty-cycle cooldown)
[2026-07-12 17:01:34] COOLED to 53 C after 33 s -> resuming
[2026-07-12 17:01:34] START/RESUME tridecanoic_50ns  (GPU 53 C)
[2026-07-12 18:31:35] PAUSE tridecanoic_50ns : ran 90 min (duty-cycle cooldown)
[2026-07-12 18:32:08] COOLED to 53 C after 33 s -> resuming
[2026-07-12 18:32:08] START/RESUME tridecanoic_50ns  (GPU 53 C)
[2026-07-12 20:02:12] PAUSE tridecanoic_50ns : ran 90 min (duty-cycle cooldown)
[2026-07-12 20:02:29] COOLED to 56 C after 16 s -> resuming
[2026-07-12 20:02:29] START/RESUME tridecanoic_50ns  (GPU 56 C)
[2026-07-12 21:32:30] PAUSE tridecanoic_50ns : ran 90 min (duty-cycle cooldown)
[2026-07-12 21:32:46] COOLED to 55 C after 16 s -> resuming
[2026-07-12 21:32:47] START/RESUME tridecanoic_50ns  (GPU 55 C)
[2026-07-12 23:03:01] PAUSE tridecanoic_50ns : ran 90 min (duty-cycle cooldown)
[2026-07-12 23:03:18] COOLED to 55 C after 16 s -> resuming
[2026-07-12 23:03:18] START/RESUME tridecanoic_50ns  (GPU 55 C)
[2026-07-13 00:11:56] COMPLETE tridecanoic_50ns
[2026-07-13 00:11:56] === DONE tridecanoic_50ns ===
[2026-07-13 00:11:56] ALL RUNS COMPLETE.
