#"Step","Time (ps)","Potential Energy (kJ/mole)","Temperature (K)","Density (g/mL)","Speed (ns/day)"
5000,120.00000000005473,-515352.3991500328,298.43625519795273,1.0254257249122851,--
10000,140.00000000003652,-517302.15818712884,304.48329348097803,1.0267863691086943,107
15000,159.9999999999899,-516702.2553031277,304.3118484110763,1.029486344451963,107
20000,179.9999999999433,-517156.9409714595,301.2358109823699,1.0267591819740467,106
25000,199.9999999998967,-515219.52736765356,303.3954443536366,1.021178663011603,106
30000,219.99999999985008,-518536.6088665968,297.46412349698585,1.0300508020648327,105
35000,239.99999999980346,-516715.5344422227,301.6933612580096,1.0232168080475221,105
40000,259.99999999978525,-518401.79378861,303.4898765628942,1.0279094379340845,105
45000,279.99999999988074,-516860.29183874023,301.9111763901728,1.0267916050975254,105
50000,299.99999999997624,-516747.50107485056,301.0234160558415,1.0222118675775813,105
55000,320.00000000007174,-516780.3965456344,301.69151887273824,1.0308695709853049,105
60000,340.00000000016723,-516319.83674295247,303.8745378927339,1.0271046100938217,105
65000,360.00000000026273,-516824.2574796111,298.66824518471344,1.0286812959363412,105
70000,380.0000000003582,-516591.35569237126,301.3106461936902,1.029504720407204,105
75000,400.0000000004537,-516245.62064597616,301.6049794281054,1.0260564003041681,105
80000,420.0000000005492,-515875.15787845664,302.86165228468343,1.0229296291656336,105
85000,440.0000000006447,-517013.5933781599,301.9426893228806,1.0235854874118664,105
90000,460.0000000007402,-515448.0559804817,299.09325380140035,1.018132660997502,105
95000,480.0000000008357,-516803.71739743813,300.7490508431507,1.0229524988772785,105
100000,500.0000000009312,-517092.66091895313,299.9120143261391,1.0244185173794342,105
105000,520.0000000010267,-516534.0231283824,300.8587428703909,1.0236556330869429,105
110000,540.0000000011222,-517667.2171619686,299.4065555394436,1.0232926151634882,105
115000,560.0000000012177,-516504.19773192867,301.02226263283853,1.025005600951122,105
120000,580.0000000013132,-517395.4893461836,301.98552780853817,1.02493716194458,105
125000,600.0000000014087,-517222.4954587957,300.87742539023117,1.0290203761671097,105
130000,620.0000000015042,-517537.44028671714,301.2560253024867,1.026112729890945,105
135000,640.0000000015997,-516436.24752811645,300.43768172219217,1.0228821638470678,105
140000,660.0000000016952,-516447.81088705664,301.1986700871064,1.0239206788301536,105
145000,680.0000000017907,-517434.4011024663,299.4290921328767,1.026017123035492,105
150000,700.0000000018862,-516140.6155960632,301.937111810449,1.0272364167256032,105
155000,720.0000000019817,-517507.2061950085,300.3321576309889,1.0279141296038068,105
160000,740.0000000020772,-517645.87665240327,299.82639817377736,1.0278902984172735,105
165000,760.0000000021727,-517270.5995191701,301.25477782377067,1.0238320678890365,105
170000,780.0000000022682,-518060.63907781313,300.55418454141903,1.0267930161607326,105
175000,800.0000000023637,-516946.73003864987,301.0636227301259,1.0268386928104964,105
180000,820.0000000024592,-516353.91962512815,295.9162126840862,1.0237109468016001,105
185000,840.0000000025547,-516461.78296578093,301.4317721882761,1.0272595621766378,105
190000,860.0000000026502,-516855.07780175563,301.1078503370079,1.0221339660122055,105
195000,880.0000000027457,-517259.7278382352,300.7194660759826,1.0263354363413653,105
200000,900.0000000028411,-516506.2036175269,298.16115626175355,1.02438562154113,105
205000,920.0000000029366,-516110.7817752699,294.974542373905,1.0224937771624736,105
210000,940.0000000030321,-518049.7925862188,299.931234592787,1.0288741477484618,105
215000,960.0000000031276,-517207.8764875757,301.10124852780865,1.0273452901408402,105
220000,980.0000000032231,-517527.39034499717,298.2724188079556,1.0296340202207526,105
225000,1000.0000000033186,-517233.8729519255,303.0345280649355,1.0265401360470177,105
230000,1020.0000000034141,-515841.16804983676,299.1854072992194,1.0236871123457127,105
235000,1040.0000000030548,-516625.2842579654,301.04233464966154,1.0238326945847243,105
240000,1060.0000000025818,-517409.2737231245,301.28395645599034,1.024005407455706,105
245000,1080.000000002109,-516586.91673207027,300.98805042659956,1.0286538368774936,105
250000,1100.000000001636,-517666.3323162971,302.380026800423,1.0251239323054453,105
255000,1120.000000001163,-516518.40906823566,301.9649789854584,1.0284335290597464,105
260000,1140.00000000069,-517042.5535366768,302.47363786902326,1.0258262203755244,105
265000,1160.0000000002171,-515754.60133878654,301.671883121272,1.026396125055068,105
270000,1179.9999999997442,-517210.0754288838,302.96578141866155,1.0256556967956192,105
275000,1199.9999999992713,-517661.13314861036,303.85572805276803,1.0262701253217787,105
280000,1219.9999999987983,-516637.20367472805,302.85202173493695,1.0264611627771958,105
285000,1239.9999999983254,-517012.0913888386,299.73648825561185,1.0293909010085514,105
290000,1259.9999999978525,-518483.31340186764,302.1191939804228,1.0272292505890896,105
295000,1279.9999999973795,-518255.9606037149,301.4644460110663,1.0275983564580489,105
300000,1299.9999999969066,-516863.06695105927,300.25904723449264,1.0223237724238363,105
305000,1319.9999999964336,-516952.54148873803,301.86478608951484,1.0266624633564407,105
310000,1339.9999999959607,-517397.3995411848,303.1010057818219,1.025443862125272,105
315000,1359.9999999954878,-518270.8384461608,299.81824762588184,1.0263880896368582,105
320000,1379.9999999950148,-518718.26923818584,298.43637213401394,1.0242926262039636,105
325000,1399.999999994542,-516441.5626878955,302.07333027128703,1.0206272949449422,105
330000,1419.999999994069,-517711.07325202506,297.7170798631501,1.0266902250735386,105
335000,1439.999999993596,-516992.26331849606,300.77914380146694,1.0279315092452697,105
340000,1459.999999993123,-517902.7721961776,303.2960404561947,1.0299225640671532,105
345000,1479.9999999926501,-517568.6686421195,300.5480836428411,1.0286809465634974,105
350000,1499.9999999921772,-517705.37851195177,299.9974551752949,1.0301096260907738,105
355000,1519.9999999917043,-516247.6765368057,302.29579316831934,1.0232787355078425,105
360000,1539.9999999912313,-517467.99448200874,300.6036315462206,1.0241149332944126,105
365000,1559.9999999907584,-516584.8598857112,298.41329751691694,1.0261591329162019,105
370000,1579.9999999902855,-517082.5066918696,299.25958151241724,1.0269852033327391,105
375000,1599.9999999898125,-517295.84487223346,298.68352708167055,1.0262278579065767,105
380000,1619.9999999893396,-517225.7035995559,302.34304997720227,1.022557483196915,105
385000,1639.9999999888666,-518158.6254235101,300.9884701238138,1.0277215016692383,105
390000,1659.9999999883937,-517614.7310116254,298.89622150050326,1.0290912153978296,105
395000,1679.9999999879208,-517478.3306556842,299.37988158321787,1.0258238129713058,105
400000,1699.9999999874478,-517286.3247466597,300.3867333597465,1.0252105098099613,105
405000,1719.999999986975,-517246.7299474592,302.35490622593295,1.027335068502069,105
410000,1739.999999986502,-516987.83438679576,302.6065455731362,1.0303947696651565,105
415000,1759.999999986029,-515819.700812469,302.4179167052254,1.0225992534581632,105
420000,1779.999999985556,-517198.39628183306,302.1627757119961,1.0259631271179628,105
425000,1799.9999999850832,-515779.82581492607,301.8481378066525,1.0240485871807048,105
430000,1819.9999999846102,-518750.42865418224,300.61826069819915,1.0297678185837418,105
435000,1839.9999999841373,-516737.49832513323,302.0263488432153,1.0252178021021705,105
440000,1859.9999999836643,-516726.1154368154,299.0159577154727,1.0256539759777727,105
445000,1879.9999999831914,-516613.0764142168,304.17857165667385,1.0270374045541881,105
450000,1899.9999999827185,-516943.19315460976,299.56533256296575,1.0295178767337019,105
455000,1919.9999999822455,-516878.2329451137,302.03072513619276,1.0246350659639714,105
460000,1939.9999999817726,-517262.1056256138,300.510293894966,1.0252407403727852,105
465000,1959.9999999812997,-516880.56356362905,301.1074896897948,1.0250846935318594,105
470000,1979.9999999808267,-517072.63254517736,301.0915990223971,1.0223135448863299,105
475000,1999.9999999803538,-517132.0212901884,302.6241856784617,1.0265151959845418,105
480000,2019.9999999798808,-517584.091115535,299.7509797341774,1.0224970701955385,105
485000,2039.999999979408,-518247.0441976788,301.45777189334683,1.0251725750081693,105
490000,2059.999999978935,-517532.232054553,301.6158212888154,1.025941696258856,105
495000,2079.9999999784623,-518395.83818314224,300.6979769242045,1.0243953182578736,105
500000,2099.9999999779893,-517075.8312888604,301.1240063607394,1.0235625589349457,105
505000,2119.9999999775164,-517142.0492631879,300.86174264505934,1.0268779366523875,105
510000,2139.9999999770434,-516070.20685698907,300.4317544569176,1.0231612043146983,105
515000,2159.9999999765705,-515711.721418513,301.67312731704243,1.0239070936790926,105
520000,2179.9999999760976,-516763.9631428451,301.30175317739076,1.0271839923818256,105
525000,2199.9999999756246,-516499.8622584138,299.892724781047,1.0247831660165,105
530000,2219.9999999751517,-518108.79184473655,300.4481595272503,1.031739963419805,105
535000,2239.9999999746788,-515941.8082881188,301.88841872823457,1.0265026483225952,105
540000,2259.999999974206,-517749.6615185959,300.70401478525946,1.0309906618579052,105
545000,2279.999999973733,-517181.8303151729,301.8956848875541,1.029458636653137,105
550000,2299.99999997326,-518346.4086573357,298.0159155947393,1.0227723451805697,105
555000,2319.999999972787,-516999.56622814713,303.0742953095855,1.0294327652962605,105
560000,2339.999999972314,-516603.0732900079,302.5297376739145,1.0238309255105766,105
565000,2359.999999971841,-517943.1870270574,300.51046720494986,1.0266768205127155,105
570000,2379.999999971368,-517418.3263626769,300.08074705052456,1.0231829868060087,105
575000,2399.9999999708953,-516321.50750391907,300.9672920378876,1.0214923674854457,105
580000,2419.9999999704223,-515847.0712727397,299.68583983038593,1.0218801942488656,105
585000,2439.9999999699494,-518041.4348489451,300.8337303119882,1.026631778188717,105
590000,2459.9999999694764,-516793.85117776156,301.7911321953945,1.0205539226918883,105
595000,2479.9999999690035,-517519.8196465089,302.20677368397475,1.0283497871779623,105
600000,2499.9999999685306,-517824.6700141472,300.0558417225777,1.028207740677027,105
605000,2519.9999999680576,-517096.59821753413,302.0020127667286,1.0233123741444798,105
610000,2539.9999999675847,-515873.67163896514,302.02323383216293,1.0218380791915458,105
615000,2559.9999999671118,-517544.5613996885,301.67373519020225,1.0283864151906652,105
620000,2579.999999966639,-518082.2244083979,300.53453272493914,1.0291422701275146,105
625000,2599.999999966166,-517504.5040125244,303.01241881258113,1.0240904723130286,105
630000,2619.999999965693,-515609.7291268667,301.570666843348,1.0188148675278108,105
635000,2639.99999996522,-516126.240286059,302.1771963321536,1.0234708297904467,105
640000,2659.999999964747,-517703.89439587505,300.0694820849303,1.0244664140559778,105
645000,2679.999999964274,-517021.32382757636,304.30647195958636,1.027849406463611,105
650000,2699.999999963801,-515170.1421337947,301.2930155145345,1.028071594975214,105
655000,2719.9999999633283,-517507.1076961553,302.66505623993004,1.0253208360914223,105
660000,2739.9999999628553,-517318.98979551997,299.8660655981467,1.0259485020990728,105
665000,2759.9999999623824,-517410.10443487833,300.2482526224321,1.024988632800049,105
670000,2779.9999999619095,-516211.2044324528,300.87850286850534,1.0252730482236265,105
675000,2799.9999999614365,-517285.7409023917,302.2136421090243,1.025641280264604,105
680000,2819.9999999609636,-516061.68161934894,298.7881402474764,1.0261267452971228,105
685000,2839.9999999604906,-516577.61351431813,300.0351631790123,1.0261714847163057,105
690000,2859.9999999600177,-516793.66582692135,302.4482600307395,1.0262995013566167,105
695000,2879.9999999595448,-517722.0617009152,298.90373703780557,1.0272802063436919,105
700000,2899.999999959072,-518488.42839619424,302.81855789653633,1.0277677459197074,105
705000,2919.999999958599,-515640.9267140834,302.85693163862817,1.0237499334254223,105
710000,2939.999999958126,-517155.8217259587,302.02128359647753,1.0247433256440923,105
715000,2959.999999957653,-517904.45310382405,299.80856482020096,1.025271374217585,105
720000,2979.99999995718,-516405.09150808444,299.861972355541,1.0264717846671398,105
725000,2999.999999956707,-516344.54304021294,302.11567521490684,1.0260575642593643,105
730000,3019.999999956234,-517995.01448586443,297.93552219648626,1.0255000982255151,105
735000,3039.9999999557613,-517778.6489750671,303.74000618506005,1.0303219502956797,105
740000,3059.9999999552883,-517718.7450494722,301.03506669610874,1.0274270272619006,105
745000,3079.9999999548154,-516739.80321522895,302.82652419877604,1.023852593286236,105
750000,3099.9999999543425,-516857.7253374753,298.8010906082278,1.0234859350306489,105
755000,3119.9999999538695,-518733.1598818116,301.2764300504901,1.0257231132413822,105
760000,3139.9999999533966,-515945.98952394584,298.9061327644718,1.0232408447006498,105
765000,3159.9999999529236,-515930.54836977646,302.44066657762403,1.0239490937292226,105
770000,3179.9999999524507,-517378.0294515046,298.7286050713851,1.0281288779067044,105
775000,3199.9999999519778,-516446.2787757367,297.3554667647675,1.023909631814139,105
780000,3219.999999951505,-517055.56379314186,300.49587913623907,1.0275825104269996,105
785000,3239.999999951032,-518096.2486224361,300.8729455073068,1.024434212731944,105
790000,3259.999999950559,-517846.0849869235,301.81339833960635,1.0284006019941427,105
795000,3279.999999950086,-517237.52620723564,298.4491103991827,1.0251513621828225,105
800000,3299.999999949613,-516986.63845894556,297.4075808873187,1.0272059886432345,105
805000,3319.99999994914,-516502.3560739367,301.79317530458525,1.0241441786906025,105
810000,3339.999999948667,-518033.51430456806,299.3370965101095,1.025061632105581,105
815000,3359.9999999481943,-516112.7269103634,302.0389783235554,1.0245182650370062,105
820000,3379.9999999477213,-517333.1736493644,300.67887999508997,1.0257518652369433,105
825000,3399.9999999472484,-517826.01453274814,299.88274986244744,1.026552971070735,105
830000,3419.9999999467755,-517692.8583223084,302.90873332233457,1.0269334124394138,105
835000,3439.9999999463025,-516548.2248246246,299.6016875166424,1.0205783792729448,105
840000,3459.9999999458296,-517299.87748757564,301.2401592183842,1.0242570184508377,105
845000,3479.9999999453566,-516418.68665158655,300.5037497147229,1.021836233830843,105
850000,3499.9999999448837,-518659.84864107217,301.6994909338781,1.0272938664922737,105
855000,3519.999999944411,-516602.44125821115,301.5877202662143,1.0254727860805668,105
860000,3539.999999943938,-516222.0126822267,299.6770372546343,1.024268693176346,105
865000,3559.999999943465,-518059.13785222056,301.31134404288724,1.0240197393191537,105
870000,3579.999999942992,-517675.31379803177,298.41441787775415,1.0227297527760684,105
875000,3599.999999942519,-517004.5535843652,299.5098088140173,1.0250524909622016,105
880000,3619.999999942046,-516346.08159450605,302.6075056772439,1.026180609668417,105
885000,3639.999999941573,-516841.2102148223,300.8919415771427,1.0245211426682903,105
890000,3659.9999999411,-516539.8960159288,302.1217264146897,1.0212505808008794,105
895000,3679.9999999406273,-518032.24426293746,297.7636081894301,1.0260667603114584,105
900000,3699.9999999401543,-516839.0823876336,302.6396253088849,1.0213259058605957,105
905000,3719.9999999396814,-517288.80369348754,301.78206261338397,1.0282259986947109,105
910000,3739.9999999392085,-515845.64852579474,302.2034844019743,1.0254727389500644,105
915000,3759.9999999387355,-517306.7047544094,300.1964668067541,1.0283137697410139,105
920000,3779.9999999382626,-516550.1178416868,300.3560603531045,1.0236513811918926,105
925000,3799.9999999377897,-517456.8032791605,299.81972183379315,1.0289686612068851,105
930000,3819.9999999373167,-517512.7867673433,302.9251567633948,1.0263912452545312,105
935000,3839.999999936844,-517085.4680924781,301.0172547860952,1.0219335501624551,105
940000,3859.999999936371,-517456.38286523824,303.72271120927104,1.0242244018872602,105
945000,3879.999999935898,-515528.2254434519,298.6439430125021,1.0232254869628299,105
950000,3899.999999935425,-516530.9827295069,298.52786091649966,1.0258792823425962,105
955000,3919.999999934952,-517027.4388649964,297.8559750039962,1.0248988510041244,105
960000,3939.999999934479,-516012.9031976592,302.8566872565859,1.0261077377406034,105
965000,3959.999999934006,-517455.74877603445,302.14749099205295,1.0242575930381914,105
970000,3979.999999933533,-516080.6541420084,301.30416421992527,1.0217904605009438,105
975000,3999.9999999330603,-515912.5480033404,299.185416950887,1.0199345627995935,105
980000,4019.9999999325873,-517259.1817843078,300.8422418855595,1.0304556139578738,105
985000,4039.9999999321144,-516904.80394283216,300.6995155803707,1.0232468833895254,105
990000,4059.9999999316415,-517079.8149029964,298.5685011255506,1.0241318677818174,105
995000,4079.9999999311685,-517018.2711899886,301.75348472774004,1.0263031124882807,105
1000000,4099.999999930696,-517392.3392374385,302.6176900356102,1.0261651599387402,105
1005000,4119.999999930223,-517290.76312686526,302.2034426515063,1.0269078445833717,105
1010000,4139.99999992975,-518095.6521100439,303.7369053889145,1.0302711676927871,105
1015000,4159.999999929277,-517050.22455032985,299.62153056443196,1.0272840001689685,105
1020000,4179.999999928804,-517357.2376030574,300.41487039886056,1.0255510114613797,105
1025000,4199.999999928331,-516991.2550365566,300.1527896375826,1.0204827373977075,105
1030000,4219.999999927858,-517638.5460468533,300.8196880901623,1.0284757515295615,105
1035000,4239.999999927385,-517015.6082894732,301.99465957402913,1.0249006757886716,105
1040000,4259.999999926912,-518251.5073614232,300.600549460158,1.026461304365968,105
1045000,4279.999999926439,-517149.3399775659,299.8239323075281,1.0301156938925118,105
1050000,4299.999999925966,-517692.8621282282,300.7262523171446,1.0246747122367617,105
1055000,4319.999999925493,-516791.93716232735,301.583221437047,1.0249609745813502,105
1060000,4339.99999992502,-516290.44612506777,299.6497434803944,1.0264910950049797,105
1065000,4359.999999924547,-515797.4909114344,301.10229018737977,1.0206037764103253,105
1070000,4379.9999999240745,-517826.6227813207,298.287151784366,1.022781646592655,105
1075000,4399.9999999236015,-515278.46638660505,302.31669684573717,1.023212777488513,105
1080000,4419.999999923129,-517156.0908414158,298.1078358264451,1.0249371468476818,105
1085000,4439.999999922656,-516934.73937788326,299.56895146072867,1.025975930787799,105
1065000,4359.999999924547,-517197.2875734528,301.0669583909539,1.0270055850598883,--
1070000,4379.9999999240745,-516930.31526877335,301.42595810257404,1.02403516807136,106
1075000,4399.9999999236015,-517940.97780774115,297.9432085954688,1.0300480783052448,106
1080000,4419.999999923129,-517033.6916889418,302.1336770723191,1.0264433348665436,106
1085000,4439.999999922656,-516040.98651071405,299.3635807137655,1.0228256997696794,106
1090000,4459.999999922183,-516522.22329689376,302.0264546174847,1.0261383786666625,106
1095000,4479.99999992171,-517446.0643745449,301.7922162015617,1.0296836690458782,106
1100000,4499.999999921237,-515956.3276083716,300.9057509223155,1.0231468112163478,106
1105000,4519.999999920764,-515718.2397336846,299.7126663512772,1.0205284275282749,106
1110000,4539.999999920291,-517155.4740901671,299.91997372385936,1.0245069083654916,106
1115000,4559.999999919818,-517675.45653675613,298.984858422745,1.0271169001927476,106
1120000,4579.999999919345,-516673.36831004266,302.3266252359418,1.027027258114613,106
1125000,4599.999999918872,-516151.7116829178,299.4590557315013,1.0228912761687479,106
1130000,4619.999999918399,-516569.78747886047,299.1132898114676,1.0250148026981887,105
1135000,4639.999999917926,-517509.38324309536,300.57514152419355,1.0294551825438822,105
1140000,4659.999999917453,-517307.07970923674,300.7317159415384,1.0253269572853763,105
1145000,4679.99999991698,-516938.7423561495,299.8862179949055,1.0289384628157197,105
1150000,4699.9999999165075,-516707.5676835368,302.40595815126113,1.0200458514866666,105
1155000,4719.9999999160345,-516379.315828257,302.6844479063979,1.0233359605321921,105
1160000,4739.999999915562,-516752.1685812804,299.4984620247699,1.0274440968854686,105
1165000,4759.999999915089,-515563.1480338455,301.12977971864126,1.0215047541949087,105
1170000,4779.999999914616,-517760.48773714807,301.86353884159547,1.0262105371646133,105
1175000,4799.999999914143,-516786.80025531794,300.37164575146954,1.028299077844294,105
1180000,4819.99999991367,-516388.25182455615,300.91044600325955,1.0299947225959312,105
1185000,4839.999999913197,-517943.6713230158,301.0089370474158,1.028450686434197,105
1190000,4859.999999912724,-517052.55309848185,302.66403105854266,1.0268916551033238,105
1195000,4879.999999912251,-517490.39911414543,304.13586332659696,1.0298693450396157,105
1200000,4899.999999911778,-518170.6026430668,300.5272948743095,1.027801737432938,105
1205000,4919.999999911305,-517861.0110629671,300.84865303735825,1.031168963835644,105
1210000,4939.999999910832,-518212.9309019903,301.23359059417135,1.0317381144760553,105
1215000,4959.999999910359,-516587.21840222203,300.6651572898782,1.0240077248602875,105
1220000,4979.999999909886,-517819.7633657085,302.23957187724386,1.0287771014960592,105
1225000,4999.999999909413,-516924.239551398,301.67641815521023,1.025334154758464,105
1230000,5019.9999999089405,-517366.4618418515,301.6299490021997,1.0290266879075334,105
1235000,5039.9999999084675,-517857.7251242425,300.7556918792718,1.0241071139552913,105
1240000,5059.999999907995,-517408.02382409945,300.9753197010258,1.0237007446433635,105
1245000,5079.999999907522,-517393.15095840907,302.3659674352878,1.0250449001976811,105
1250000,5099.999999907049,-517516.00783420354,301.3079947718215,1.027970148076462,105
1255000,5119.999999906576,-516572.40261181584,303.0818371555551,1.0257443728190934,105
1260000,5139.999999906103,-517922.42200547224,302.91266578810803,1.0260073092482995,105
1265000,5159.99999990563,-517600.8573732793,302.08169072996054,1.029749260894339,105
1270000,5179.999999905157,-517731.4609961042,300.8770266935999,1.0224490822368706,105
1275000,5199.999999904684,-516929.91953715845,301.0375327304747,1.0284361001272162,105
1280000,5219.999999904211,-518351.47188465134,302.72454174500115,1.031098163230233,105
1285000,5239.999999903738,-517828.2543892104,302.69978303661986,1.0264397497872746,105
1290000,5259.999999903265,-517932.193957645,299.12370693596995,1.024523743940063,105
1295000,5279.999999902792,-515506.18037192547,304.657560666884,1.023725801053425,105
1300000,5299.999999902319,-518328.97850282886,301.2898016944284,1.0287930504912088,105
1305000,5319.999999901846,-517100.5338512501,301.35871103693194,1.0292638633942777,105
1310000,5339.9999999013735,-516714.41860213387,300.32352034645663,1.0265405647107613,105
1315000,5359.999999900901,-517803.71557503124,300.6003470201368,1.028404656614109,105
1320000,5379.999999900428,-517202.67971887556,306.84078520978625,1.0253107728621262,105
1325000,5399.999999899955,-516348.74838021956,298.9745287786968,1.0233526484578035,105
1330000,5419.999999899482,-516988.0150831349,298.8343031738014,1.0235681766086127,105
1335000,5439.999999899009,-517737.7935067797,300.6439424767042,1.0243762184449092,105
1340000,5459.999999898536,-516100.9665607617,303.74936290196877,1.0247770324474434,105
1345000,5479.999999898063,-518341.87638239213,299.0253090037504,1.0246974782162297,105
1350000,5499.99999989759,-516836.9243238012,299.7096035979802,1.028280726792469,105
1355000,5519.999999897117,-518716.08839405,302.60436877619355,1.0293726230088145,105
1360000,5539.999999896644,-517084.222798049,298.5759979545374,1.026636692448472,105
1365000,5559.999999896171,-517109.2550645885,303.9471335326502,1.027631434104573,105
1370000,5579.999999895698,-516776.3877934215,300.12755850246884,1.0235875255803024,105
1375000,5599.999999895225,-518040.8193586301,302.4397312391714,1.028043794396645,105
1380000,5619.999999894752,-518833.2800282731,302.02636996627507,1.0306416739150415,105
1385000,5639.999999894279,-517310.9591581363,301.47148559847204,1.0250040880039581,105
1390000,5659.9999998938065,-515926.72186236316,299.21787941994876,1.0268737547985294,105
1395000,5679.999999893334,-515448.2134625288,301.49354604880534,1.0226805458155843,105
1400000,5699.999999892861,-517167.78712868295,302.14368880534244,1.0245362025095128,105
1405000,5719.999999892388,-516536.39987711003,301.80068395772133,1.0218378641524049,105
1410000,5739.999999891915,-516902.90301634534,298.2563182158746,1.025083874327867,105
1415000,5759.999999891442,-517918.28266386036,297.715735207435,1.027031640636559,105
1420000,5779.999999890969,-517224.5384628379,302.39868092490156,1.0291980905032707,105
1425000,5799.999999890496,-517509.7957073427,300.7832585138949,1.0252472826101275,105
1430000,5819.999999890023,-517455.5759523802,302.4622572304075,1.0264847098664254,105
1435000,5839.99999988955,-516977.6299906487,302.19094381440186,1.0251541800265984,105
1440000,5859.999999889077,-516667.1382075355,300.4192904119263,1.0215566889920704,105
1445000,5879.999999888604,-518020.7559757149,300.6872944982831,1.0276321498931544,105
1450000,5899.999999888131,-516533.03733276366,301.3397498510182,1.0269416490910932,105
1455000,5919.999999887658,-517700.9535150081,299.83564136080963,1.028449495865168,105
1460000,5939.999999887185,-516582.398639183,298.79101230283624,1.027766515578542,105
1465000,5959.999999886712,-517985.12527803006,301.2849706345562,1.0292335641689851,105
1470000,5979.9999998862395,-517856.1514899931,299.67021344345716,1.0288777888045424,105
1475000,5999.999999885767,-516527.6613352571,298.53556321750085,1.0279946749793905,105
1480000,6019.999999885294,-517953.7090768721,298.7983433054779,1.0321951749208043,105
1485000,6039.999999884821,-518085.4688330251,299.90779839338387,1.0284534037837925,105
1490000,6059.999999884348,-518040.7678383931,304.01404836635317,1.0303567651469971,105
1495000,6079.999999883875,-517950.3578365296,301.24465072995736,1.023345325764137,105
1500000,6099.999999883402,-517759.95051046065,300.0658304841858,1.026127811575167,105
1505000,6119.999999882929,-517224.0957460094,300.26177465190585,1.0229973291474344,105
1510000,6139.999999882456,-516532.81495638285,301.16786642353657,1.0231041155413063,105
1515000,6159.999999881983,-517135.6727136476,300.5968679734781,1.0272871993983943,105
1520000,6179.99999988151,-518929.5118090422,301.09277578690853,1.0264333924552724,105
1525000,6199.999999881037,-517606.38230798906,299.8031052009597,1.0291910072868193,105
1530000,6219.999999880564,-518723.3457048731,298.8111590136094,1.0257572029143416,105
1535000,6239.999999880091,-517068.5515295635,301.36438820076376,1.02890652339576,105
1540000,6259.999999879618,-516634.6668728094,301.2336103255715,1.0246833525012906,105
1545000,6279.999999879145,-517669.9487113266,299.71076791872014,1.0247054956738717,105
1550000,6299.9999998786725,-516768.3213731027,303.0055976638655,1.0245877315651855,105
1555000,6319.9999998782,-519253.4485141849,300.7302833664772,1.0289064339474576,105
1560000,6339.999999877727,-516767.9543806948,300.9057180295923,1.025417278078166,105
1565000,6359.999999877254,-517049.35507323546,301.08378259470715,1.0243452621112885,105
1570000,6379.999999876781,-516828.02263132855,301.86073264096285,1.0255789356135045,105
1575000,6399.999999876308,-517416.21862700745,300.5716957972126,1.0292669562643846,105
1580000,6419.999999875835,-516841.9271624335,301.13863517177316,1.0228790500512288,105
1585000,6439.999999875362,-516337.9552826742,301.64255508122284,1.0259248585035827,105
1590000,6459.999999874889,-516753.7342904988,303.24447664051144,1.0285965635445753,105
1595000,6479.999999874416,-518117.7847133309,300.6880825721018,1.0261728719524967,105
1600000,6499.999999873943,-516755.97232179367,302.0716583700289,1.0242483577020158,105
1605000,6519.99999987347,-517544.98892572825,299.7794199649562,1.0258173590101194,105
1610000,6539.999999872997,-517597.9228755126,301.1007369066998,1.0235401141153535,105
1615000,6559.999999872524,-517751.8646215489,300.2994249183895,1.025941891009276,105
1620000,6579.999999872051,-516434.5916868958,301.9244245110383,1.023843933093736,105
1625000,6599.999999871578,-516642.5856035005,300.63057789005,1.0251933407117975,105
1630000,6619.9999998711055,-517467.43086855067,300.2926627683572,1.0287133560068298,105
1635000,6639.999999870633,-517700.667063026,299.7803337231244,1.0286928748951645,105
1640000,6659.99999987016,-516718.8405543284,300.3110290779838,1.0269162231497588,104
1645000,6679.999999869687,-517701.98904367327,296.91787196884655,1.0264283900947928,104
1650000,6699.999999869214,-517195.3214563229,301.72133783241264,1.0233057538295365,104
1655000,6719.999999868741,-516929.88596370514,299.8411436376908,1.025795171224526,104
1660000,6739.999999868268,-516251.26902405685,300.140672594757,1.0267922686915791,104
1665000,6759.999999867795,-516112.97571224184,302.1099384204502,1.0247276081265766,104
1670000,6779.999999867322,-516422.0729948841,301.77664570911054,1.0280508662781502,104
1675000,6799.999999866849,-517280.83256412554,302.1355737777206,1.0287675689182514,104
1680000,6819.999999866376,-515948.09187016473,300.4061207868661,1.0238431374477763,104
1685000,6839.999999865903,-517903.0152638445,301.9705589181684,1.026338851661889,104
1690000,6859.99999986543,-517001.91446476313,303.4893392115155,1.0263387112669562,104
1695000,6879.999999864957,-517062.2412425906,303.4395744363706,1.0267097237854088,104
1700000,6899.999999864484,-516693.13630108396,302.53097768455257,1.0202533757676684,104
1705000,6919.999999864011,-516266.26068113,300.0764893766217,1.0269204490837398,104
1710000,6939.9999998635385,-517317.0511547327,299.6087498741339,1.0276391146287966,104
1715000,6959.999999863066,-517567.49494907144,300.50343771979243,1.029008675626459,104
1720000,6979.999999862593,-517362.3139514178,299.1353221608978,1.0265700991945899,104
1725000,6999.99999986212,-516684.16600962984,302.54643040582727,1.0277090179842399,104
1730000,7019.999999861647,-519095.37058242643,300.1132387336839,1.026816381687281,104
1735000,7039.999999861174,-516841.5717148171,302.0020640159958,1.025993684398428,104
1740000,7059.999999860701,-517451.48807274527,300.7645980650803,1.0252255737835265,104
1745000,7079.999999860228,-516640.71253341064,300.4768408419031,1.0248094645239767,104
1750000,7099.999999859755,-517328.7491117192,301.23543939964424,1.0246486037304616,104
1755000,7119.999999859282,-517359.05390977464,298.9961477427906,1.025191787677088,104
1760000,7139.999999858809,-516913.58897871664,301.05314984505014,1.0227628641671263,104
1765000,7159.999999858336,-517915.4967613723,299.9681280714142,1.0297384740346018,104
1770000,7179.999999857863,-516973.7086542803,300.263645317189,1.025583782059022,104
1775000,7199.99999985739,-517684.05407965626,300.74169748764115,1.032914804937145,104
1780000,7219.999999856917,-516535.79261286464,301.96848763169703,1.0278860157059444,104
1785000,7239.999999856444,-516913.8471592101,301.43374601740396,1.0277766804988575,104
1790000,7259.9999998559715,-517287.9236789874,301.4967015474423,1.0257650151658118,104
1795000,7279.999999855499,-517572.0441047386,300.4711237581377,1.025052108614053,104
1800000,7299.999999855026,-516548.19620540226,303.2252259025302,1.025519443750162,104
1805000,7319.999999854553,-518079.856016787,303.22613937404583,1.0255918044866343,104
1810000,7339.99999985408,-516588.78694090527,302.4782576099479,1.0238555542174497,104
1815000,7359.999999853607,-517921.5790140969,298.7872413350251,1.0285306343497362,104
1820000,7379.999999853134,-517224.9639741888,300.63796881628423,1.0270212693978187,104
1825000,7399.999999852661,-517934.39867493627,299.9032363608736,1.0253106646256904,104
1830000,7419.999999852188,-516708.10513560707,302.85839916298073,1.0292132276859565,104
1835000,7439.999999851715,-516998.0502362314,301.8626088620009,1.0255574109857188,104
1840000,7459.999999851242,-515761.35139145656,301.72424814677476,1.0283277787952492,104
1845000,7479.999999850769,-517754.6947361352,299.79153054006207,1.027577231178719,104
1850000,7499.999999850296,-516149.9739415436,300.60406658778425,1.0243813396343946,104
1855000,7519.999999849823,-517963.10648883553,302.3409358729752,1.0296572584998525,104
1860000,7539.99999984935,-516301.62228772463,299.57296935233865,1.0254566303944666,104
1865000,7559.999999848877,-517531.018727507,298.56234610706537,1.0253143693398576,104
1870000,7579.9999998484045,-517419.8296326876,302.4254502922666,1.0258910510524288,104
1875000,7599.999999847932,-516269.04054195737,302.16701534598667,1.0275756387474388,104
1880000,7619.999999847459,-516583.7677428792,302.27901310880037,1.0290156021008598,104
1885000,7639.999999846986,-516820.1215363855,301.80589196024647,1.0269313106511444,104
1890000,7659.999999846513,-516481.22720907256,297.3720535541571,1.025121470356714,104
1895000,7679.99999984604,-515890.1596213875,300.46932178489027,1.023764566496702,104
1900000,7699.999999845567,-518085.8804226981,301.5567695081691,1.031966723069965,104
1905000,7719.999999845094,-518401.0285591807,301.49889794431067,1.0252496985355264,104
1910000,7739.999999844621,-516263.18586457404,298.95470530853675,1.0240880039346445,104
1915000,7759.999999844148,-517888.3232197568,302.1984345664944,1.0269198002215854,104
1920000,7779.999999843675,-516515.6518197302,299.92886572880235,1.0220189224228213,104
1925000,7799.999999843202,-517887.43256531097,301.1193902046241,1.02834294167446,104
1930000,7819.999999842729,-518073.52281935466,300.68917337947727,1.0288384633202594,104
1935000,7839.999999842256,-517724.9338122215,298.42510823251973,1.0305801057280999,104
1940000,7859.999999841783,-517184.3881319093,300.7377692394737,1.0237226559063894,104
1945000,7879.9999998413105,-517559.9440262711,302.2514233909455,1.0267916042093623,104
1950000,7899.9999998408375,-516983.38401244045,302.007810188563,1.0248071191408317,104
1955000,7919.999999840365,-517713.7289539606,300.00217211085607,1.0253211769230253,104
1960000,7939.999999839892,-518358.06507167127,300.49501770534386,1.0282107393563833,104
1965000,7959.999999839419,-518016.4757769974,301.38227512524793,1.0255618948581342,104
1970000,7979.999999838946,-517431.352874537,299.30386264138053,1.029431389253481,104
1975000,7999.999999838473,-517272.67090406525,300.8226831219547,1.0213062403246922,104
1980000,8019.999999838,-515824.0221920712,298.00109417013886,1.0244248744964366,104
1985000,8039.999999837527,-517687.9278410063,300.5153881504061,1.0268358850362285,104
1990000,8059.999999837054,-516669.19278569915,301.6122289213473,1.027713132156633,104
1995000,8079.999999836581,-516350.8230203523,300.22403242399037,1.0265761706507543,104
2000000,8099.999999836108,-516488.3229215194,301.02782362687117,1.0299302356010256,104
2005000,8119.999999835635,-518683.51231169724,300.8401815474043,1.0282320294987581,104
2010000,8139.999999835162,-517742.81002434855,299.0176989235676,1.0239573948147944,104
2015000,8159.999999834689,-517142.4503474338,302.3082704068858,1.0266774731832504,104
2020000,8179.999999834216,-518268.1902850061,302.3445188997889,1.0239532265319944,104
2025000,8199.999999835562,-518024.2156650459,298.2766027025553,1.0246467236536796,104
2030000,8219.999999839636,-518934.907667842,301.6116480166253,1.026751120043051,104
2035000,8239.99999984371,-515977.25389978965,302.85125950527316,1.024888333388776,104
2040000,8259.999999847785,-516737.07947058417,300.6439692582424,1.0303454127091514,104
2045000,8279.99999985186,-516530.1269370755,299.6193895789671,1.0274654788696278,104
2050000,8299.999999855934,-516720.39381929394,300.72047167053836,1.0279592081688986,104
2055000,8319.999999860009,-517206.8722032949,301.25575318662203,1.0211389452800301,104
2060000,8339.999999864083,-516775.97899499955,303.28040731443525,1.027324768592893,104
2065000,8359.999999868158,-517506.9511141174,304.30412907319703,1.0233839915094283,104
2070000,8379.999999872232,-516260.31497941446,300.2993664067092,1.0264356015228129,104
2075000,8399.999999876307,-516369.7653162535,302.67823235881156,1.0250677333417948,104
2080000,8419.999999880381,-517903.4031803971,299.03907772786556,1.0283204295971256,104
2085000,8439.999999884456,-516176.2664356902,301.200863064057,1.0260957856773283,104
2090000,8459.99999988853,-516717.2856392069,300.759420481609,1.024599048435819,104
2095000,8479.999999892605,-516787.66150018293,301.92236363400633,1.026118760044649,104
2100000,8499.99999989668,-517393.23849179014,296.63967558381756,1.0281594159731606,104
2105000,8519.999999900754,-516818.29745797,301.28985116086375,1.0240850861744055,104
2110000,8539.999999904829,-517302.4449150271,300.33443328394395,1.0242282192395038,104
2115000,8559.999999908903,-516743.9947555042,302.2648586147025,1.0243872750991523,104
2120000,8579.999999912978,-517332.22045603325,303.59505497469564,1.0267636629232277,104
2125000,8599.999999917052,-516836.2432266013,303.04610286415027,1.0251151068317335,104
2130000,8619.999999921127,-516261.686548901,302.31029750167266,1.024778873163435,104
2135000,8639.999999925201,-515710.6881789472,303.2278231640736,1.0235759244450333,104
2140000,8659.999999929276,-516248.92566925846,300.7157885778039,1.0246201800240364,104
2145000,8679.99999993335,-516701.2850343867,298.71494732043686,1.023463082071306,104
2150000,8699.999999937425,-517288.2498847749,299.6035108152653,1.0270295668288374,104
2155000,8719.9999999415,-517547.36635145335,299.99008384201613,1.0304007728347184,104
2160000,8739.999999945574,-517594.66353064915,300.09180806745337,1.028112619229316,104
2165000,8759.999999949649,-517269.73948644334,301.8567335877543,1.0267493653645843,104
2170000,8779.999999953723,-516881.1863430098,303.6264966615871,1.0244886743332293,104
2175000,8799.999999957798,-517148.93021387677,298.7788805204112,1.024994380647599,104
2180000,8819.999999961872,-518305.78207561816,303.8764239718908,1.0267429397246952,104
2185000,8839.999999965947,-517732.93231942994,304.45611959275465,1.027563172806029,104
2190000,8859.999999970021,-515523.47943047504,300.72046693727305,1.0253484419322354,104
2195000,8879.999999974096,-516369.6230000537,300.8425559344468,1.025950504422324,104
2200000,8899.99999997817,-516409.2850136829,300.0099850844425,1.022172583877762,104
2205000,8919.999999982245,-517494.7089831282,301.2604021828836,1.0232747477823931,104
2210000,8939.99999998632,-519027.54192753485,302.8652066256014,1.0286576660629803,104
2215000,8959.999999990394,-517721.95255020494,300.1246800776099,1.028495448570529,104
2220000,8979.999999994468,-517527.5615009663,299.02906727747984,1.0276631936322709,104
2225000,8999.999999998543,-518412.55338030634,302.5590237624748,1.0277981870651172,104
2230000,9020.000000002618,-516518.4037169374,301.5118130330643,1.026036780675915,104
2235000,9040.000000006692,-517139.2671244673,299.53997069025,1.0275012232645397,104
2240000,9060.000000010767,-518163.27094851155,301.2907963994787,1.0304113395217027,104
2245000,9080.000000014841,-516760.893583745,297.87795812627667,1.0295708425405572,104
2250000,9100.000000018916,-517665.3862543779,298.93791162104907,1.025032152009596,104
2255000,9120.00000002299,-518209.42456890503,299.69091208287153,1.0275441749279768,104
2260000,9140.000000027065,-516332.64359188196,302.51846954834133,1.026380762834847,104
2265000,9160.00000003114,-518463.4290437347,299.520546380119,1.0300149840575554,104
2270000,9180.000000035214,-518869.76819885103,300.3606614366343,1.0277965588720717,104
2275000,9200.000000039288,-517344.44240244594,300.51048221822674,1.028958775086915,104
2280000,9220.000000043363,-516406.30193778593,300.0740704731081,1.027547562001896,104
2285000,9240.000000047437,-517738.5265445423,301.68202230475595,1.0295917392604375,104
2290000,9260.000000051512,-517681.9501894184,300.8850053649065,1.02817818706785,104
2295000,9280.000000055586,-516377.857334696,301.3833116025908,1.0272827993470017,104
2300000,9300.000000059661,-517425.13263992965,300.71314384128794,1.0295430683684001,104
2305000,9320.000000063736,-516834.5363949428,299.2207869819844,1.0225797467092588,104
2310000,9340.00000006781,-517812.67259468953,302.3811447401609,1.0294327142599033,104
2315000,9360.000000071885,-518271.04975639796,301.3675936314701,1.0285786827722236,104
2320000,9380.00000007596,-517546.3738737162,299.58248538807095,1.024423353364194,104
2325000,9400.000000080034,-516686.48742682394,302.8212596489804,1.0303553440388646,104
2330000,9420.000000084108,-517216.19683768996,301.86923600335274,1.0275041378065006,104
2335000,9440.000000088183,-517596.43704980565,300.5870953426019,1.0320905955327055,104
2340000,9460.000000092257,-517234.9323226232,301.1979250908538,1.0268042673453879,104
2345000,9480.000000096332,-516953.70713898935,300.7937890041289,1.0255429094695236,104
2350000,9500.000000100406,-516298.34195979056,304.4898084074718,1.0244253256712232,104
2355000,9520.000000104481,-517156.80770628713,299.37294512954276,1.0272425066236548,104
2360000,9540.000000108555,-517205.15370220854,301.25497456217335,1.0300328708681217,104
2365000,9560.00000011263,-517271.0892649989,301.7135098839449,1.026215267338936,104
2370000,9580.000000116705,-517765.6043405791,298.31087442800094,1.0246165738219444,104
2375000,9600.000000120779,-516725.3805508837,303.145231496554,1.0259846890022934,104
2380000,9620.000000124854,-517559.7198778717,302.4278088607757,1.0272938803257472,104
2385000,9640.000000128928,-516158.61838941113,299.8912459673868,1.027481907812053,104
2390000,9660.000000133003,-517873.98867204064,301.22322700821223,1.0250081063221994,104
2395000,9680.000000137077,-517421.2898457479,302.64371784582556,1.0258592558887878,104
2400000,9700.000000141152,-517245.8404001703,303.3247413575263,1.0256813575553803,104
2405000,9720.000000145226,-517010.1141576115,302.7302505702744,1.0233336875413745,104
2410000,9740.0000001493,-517942.80747502134,300.94343563162107,1.0265468223741292,104
2415000,9760.000000153375,-518222.2219424513,303.2366019849791,1.0260883375149548,104
2420000,9780.00000015745,-517892.3887723575,300.7933735168432,1.0230849973124936,104
2425000,9800.000000161524,-516622.07925058156,302.8754358949408,1.023968887393146,104
2430000,9820.000000165599,-517828.44411086035,300.7305337634044,1.0215892705674983,104
2435000,9840.000000169674,-518276.96897559706,300.9469342832424,1.0250348957881357,104
2440000,9860.000000173748,-518479.26229335857,303.80405855016477,1.02658320777019,104
2445000,9880.000000177823,-517962.53315257677,301.0535088904393,1.02948036690481,104
2450000,9900.000000181897,-517937.05344777834,301.10794364585337,1.0281423760714041,104
2455000,9920.000000185972,-517355.96034830087,301.86219072041837,1.026729588441609,105
2460000,9940.000000190046,-517245.6528788996,299.97544383110045,1.0239070555663978,105
2465000,9960.00000019412,-515984.72136351047,298.9720080288718,1.0266985770186432,105
2470000,9980.000000198195,-517468.4038965388,300.34854751113676,1.0285182175117424,105
2475000,10000.00000020227,-517154.51721390965,298.89447931433574,1.0274015000987688,105
2480000,10020.000000206344,-516744.5669966412,302.74931379576987,1.0291013462564838,105
2485000,10040.000000210419,-517049.50767590804,301.2931870749384,1.0259684260203892,105
2490000,10060.000000214493,-517386.6101507752,300.18845381328447,1.0267023992455158,105
2495000,10080.000000218568,-517790.21692427946,301.16113096262933,1.0291623179827372,105
2500000,10100.000000222642,-516734.2497960655,299.9953436715155,1.025688200996145,105
2505000,10120.000000226717,-517918.63947277097,302.2864741071762,1.02502602843954,105
2510000,10140.000000230792,-517130.9090757377,298.73931653038613,1.0282715522472792,105
2515000,10160.000000234866,-517047.37033028854,301.0899305425394,1.029020058574395,105
2520000,10180.00000023894,-516994.0946406785,303.5839370056757,1.0237407377661525,105
2525000,10200.000000243015,-517522.63935125223,302.51357857536203,1.023220094297623,105
2530000,10220.00000024709,-517060.40690378565,303.88202467594976,1.0254462631702896,105
2535000,10240.000000251164,-517332.097500541,301.7370210729323,1.0260714672953088,105
2540000,10260.000000255239,-517936.2749075941,301.4346746775963,1.0246123725635294,105
2545000,10280.000000259313,-517910.23822607985,300.02021154581496,1.0244378656679993,105
2550000,10300.000000263388,-518685.5505833863,302.3463264900258,1.0277734519963122,105
2555000,10320.000000267462,-516835.739546353,300.88735953154406,1.0279755665461505,105
2560000,10340.000000271537,-516759.22452267376,300.87877742245104,1.0243450506859069,105
2565000,10360.000000275611,-517121.8413889357,299.1997892127724,1.025994539520471,105
2570000,10380.000000279686,-517392.50073436485,298.09227502736,1.0264543699380313,105
2575000,10400.00000028376,-517954.8824234097,301.42449369265375,1.0266467318293044,105
2580000,10420.000000287835,-517723.4561418493,300.307126993733,1.0270688875954381,105
2585000,10440.00000029191,-516556.16896784934,300.5615265302579,1.0273170862607581,105
2590000,10460.000000295984,-517663.8116106093,304.2122468078808,1.0280091145506074,105
2595000,10480.000000300059,-517554.2686667654,301.8848351379213,1.0293689287213528,105
2600000,10500.000000304133,-517262.3902157361,301.8940593271793,1.0249777715261945,105
2605000,10520.000000308208,-517476.25194278965,302.44620989686734,1.0267159405693131,105
2610000,10540.000000312282,-517706.8322459222,301.01946922390255,1.0276539030963043,105
2615000,10560.000000316357,-517848.41884174966,302.65164512345837,1.029840917053936,105
2620000,10580.000000320431,-517328.25552823977,302.81517806416474,1.0285421723865924,105
2625000,10600.000000324506,-516219.9708868093,299.31537096883295,1.0236341729153509,105
2630000,10620.00000032858,-516442.9161986988,299.68864786362667,1.0251150751116278,105
2635000,10640.000000332655,-516827.76518191723,299.01332540006484,1.0277564331260045,105
2640000,10660.00000033673,-515817.5329041006,300.437364646821,1.0206016023405418,105
2645000,10680.000000340804,-517005.1183356717,299.92272839597973,1.0273867596832862,105
2650000,10700.000000344879,-516791.5896721117,300.5126317779375,1.0270110429860175,105
2655000,10720.000000348953,-517972.0579353592,300.27796857643386,1.0320725957974404,105
2660000,10740.000000353028,-516079.24782175384,302.5909578446572,1.025515583432431,105
2665000,10760.000000357102,-516971.0500022473,299.7457478969704,1.0256174281641572,105
2670000,10780.000000361177,-517601.2068379156,299.89666619457336,1.0282802276901402,105
2675000,10800.000000365251,-516247.1518179958,300.08180266555433,1.025381323256233,105
2680000,10820.000000369326,-518398.0881677433,298.3253018423381,1.0303116867803925,105
2685000,10840.0000003734,-516954.4862468438,299.2693448561033,1.023163671654186,105
2690000,10860.000000377475,-517483.01076585404,303.09666015557883,1.0271077005189093,105
2690000,10860.000000377475,-518002.09325344046,304.25984256154356,1.0226905045309962,--
2695000,10880.00000038155,-517092.1677111264,301.0331517153713,1.0235537077506038,107
2700000,10900.000000385624,-517125.3008251083,300.214184063274,1.0263458280698874,107
2705000,10920.000000389698,-518015.41856934084,299.35565674955086,1.0239620927716306,107
2710000,10940.000000393773,-517156.0768384938,299.51763435899,1.0278312470597666,107
2715000,10960.000000397848,-517457.67326018494,299.6440639551036,1.027025068740989,106
2720000,10980.000000401922,-517571.6375487861,304.03297926944435,1.027477472578552,106
2725000,11000.000000405997,-517439.5934408526,301.1434341271282,1.0300890317698113,106
2730000,11020.000000410071,-517346.792614619,300.35612254419243,1.0224460913867315,106
2735000,11040.000000414146,-516995.18421734986,303.52264371608203,1.0254083266544556,106
2740000,11060.00000041822,-516867.1616658289,299.34117399492067,1.0217628934647436,106
2745000,11080.000000422295,-517628.8113673413,299.9504476759493,1.025775205334687,106
2750000,11100.00000042637,-516149.7604881199,302.83326109181627,1.0252849542835962,106
2755000,11120.000000430444,-517542.07544202777,301.3438470566745,1.028747070692205,106
2760000,11140.000000434518,-518125.9126417395,301.28993917156896,1.028329497192341,106
2765000,11160.000000438593,-516614.56804282335,301.20711219659245,1.0282906348035157,106
2770000,11180.000000442667,-517193.7559871599,301.80224202922716,1.0241065652387313,106
2775000,11200.000000446742,-516490.6437301759,303.08556787088105,1.0225226228230129,106
2780000,11220.000000450817,-516915.2074745188,299.4854302682913,1.0282640666116536,106
2785000,11240.000000454891,-517208.27470081765,302.644988094697,1.0255177401197924,106
2790000,11260.000000458966,-517762.5508348332,303.24448370785757,1.0284785687263436,106
2795000,11280.00000046304,-517422.88870272157,301.1506137665607,1.0294826701637751,106
2800000,11300.000000467115,-517314.75321544777,300.0281018515169,1.0271111416238567,106
2805000,11320.00000047119,-517998.8109558574,302.722742258747,1.0289012253330407,106
2810000,11340.000000475264,-517381.8710600408,301.368861564984,1.027513083320292,106
2815000,11360.000000479338,-516647.1735982043,302.2687424394877,1.0292904018169269,106
2820000,11380.000000483413,-516842.206885332,300.75842810453173,1.0240395903351023,106
2825000,11400.000000487487,-517756.6648568369,301.0664648099205,1.0272884096246322,106
2830000,11420.000000491562,-517632.3537324229,301.52763578051935,1.0271539057178418,106
2835000,11440.000000495636,-517849.0068590897,298.2276090799229,1.0247345662658778,106
2840000,11460.000000499711,-516576.8510013891,299.5408313182357,1.0274947461169748,106
2845000,11480.000000503785,-517079.69484241004,299.4132898059559,1.0223655801747829,106
2850000,11500.00000050786,-517774.10128218634,302.8510501532844,1.0252681152139418,106
2855000,11520.000000511935,-517739.00695158634,299.8494652947704,1.0267595159346,106
2860000,11540.00000051601,-517487.52615476935,301.9724112566555,1.02429800015445,106
2865000,11560.000000520084,-516601.20393576915,298.74386540152597,1.0278020190238488,106
2870000,11580.000000524158,-518306.0092206462,302.4140072319806,1.0280205885093745,106
2875000,11600.000000528233,-515958.2703839652,301.38870320187004,1.024535663262738,106
2880000,11620.000000532307,-516965.44338027854,300.82649682970606,1.0283258727786675,106
2885000,11640.000000536382,-517306.19707647525,299.6515714698481,1.0278212638942614,106
2890000,11660.000000540456,-517217.12841959787,300.404205190018,1.0238302542783624,106
2895000,11680.00000054453,-518120.1429122533,299.7349626502856,1.0271727291806088,106
2900000,11700.000000548605,-517475.6271628721,301.56141754393485,1.0298157117306006,106
2905000,11720.00000055268,-517307.8946970294,299.6484760505981,1.0287883787497802,106
2910000,11740.000000556754,-517665.88602589094,300.89226686412707,1.0280086846199146,106
2915000,11760.000000560829,-516732.3565755505,302.45147735418453,1.0208623710029379,106
2920000,11780.000000564904,-516922.8299080217,302.75035041617383,1.0304109845112237,106
2925000,11800.000000568978,-517435.62791356,300.32310865488813,1.0267675974438457,106
2930000,11820.000000573053,-518701.71797903,299.56304862912225,1.0286081252730033,106
2935000,11840.000000577127,-517729.0042809462,300.3380377071704,1.024881010879558,106
2940000,11860.000000581202,-517511.01460389583,300.15483874569793,1.0253164816312292,106
2945000,11880.000000585276,-517509.52560437564,304.2329369731178,1.0268508514888097,106
2950000,11900.00000058935,-516752.52457929193,301.84732710593704,1.023229172845925,106
2955000,11920.000000593425,-516966.07156823203,301.67242299943075,1.0267482732696818,106
2960000,11940.0000005975,-515844.1555233232,299.2321099298086,1.0257505379713516,106
2965000,11960.000000601574,-516629.39424236864,298.6257043004516,1.0249428181023907,105
2970000,11980.000000605649,-517115.19137271936,301.5272870334729,1.028631059120585,105
2975000,12000.000000609723,-517284.6639665563,299.1657136591501,1.0271928373430201,105
2980000,12020.000000613798,-516576.83373812377,301.5421234774777,1.0244361271975326,105
2985000,12040.000000617873,-517012.80476067215,300.67009393506316,1.0256151059770955,105
2990000,12060.000000621947,-516828.23618872184,299.9831792569305,1.0249798096687792,105
2995000,12080.000000626022,-516454.12723749364,299.2797771381869,1.0217046168509174,105
3000000,12100.000000630096,-517763.31545087206,304.5338880428403,1.0266015348900555,105
3005000,12120.00000063417,-517942.0253469534,301.7126559007483,1.0248396077042097,105
3010000,12140.000000638245,-518489.6114493618,301.60050056310826,1.0278119339242784,105
3015000,12160.00000064232,-516989.59871029155,299.41296097655993,1.029276902558118,105
3020000,12180.000000646394,-516228.3116700554,300.17727003073065,1.0219443345036796,105
3025000,12200.000000650469,-518117.77908852044,302.2599336135919,1.0280623300875014,105
3030000,12220.000000654543,-517043.5229514309,301.35891219796963,1.0226572500113156,105
3035000,12240.000000658618,-516212.49550635973,302.7781912849529,1.0281074456630355,105
3040000,12260.000000662692,-518285.6281806971,301.70935015047587,1.0255532812449344,105
3045000,12280.000000666767,-516388.65440960997,300.8927821204102,1.0280371007475861,105
3050000,12300.000000670841,-517536.1254538712,299.96147249638085,1.0247909596387839,105
3055000,12320.000000674916,-517695.5617915031,300.88651568137425,1.0250474039699107,105
3060000,12340.00000067899,-516574.0931191454,300.91455196318856,1.0217558159608287,105
3065000,12360.000000683065,-517051.1361253029,301.1417497136393,1.0270769910794226,105
3070000,12380.00000068714,-517740.45063450164,301.0861200621775,1.0279590500143163,105
3075000,12400.000000691214,-516900.47740768036,303.3704121769979,1.022956854320184,105
3080000,12420.000000695289,-518076.8836496179,299.64156573564696,1.0291126764075957,105
3085000,12440.000000699363,-516969.5518587583,300.07044603349823,1.0234867748316696,105
3090000,12460.000000703438,-517664.4002082753,304.4623482890053,1.0288866229105138,105
3095000,12480.000000707512,-518915.6813281025,301.5076876977998,1.0283080141509084,105
3100000,12500.000000711587,-517002.13939975924,299.6659162453351,1.0235359682125909,105
3105000,12520.000000715661,-516763.40075561614,303.39884369484247,1.029595392732129,105
3110000,12540.000000719736,-518350.53788773203,301.4192421341043,1.0281634422262114,105
3115000,12560.00000072381,-517008.18697463186,300.0508700487219,1.0292077679364044,105
3120000,12580.000000727885,-518041.87412866415,299.94533258297315,1.0272428773021904,105
3125000,12600.00000073196,-517732.7082280286,300.92822519464096,1.0240271519612971,105
3130000,12620.000000736034,-517279.6586006412,300.0155328421587,1.0271834499549042,105
3135000,12640.000000740109,-518056.5725177226,297.4864066623708,1.0231142928363703,105
3140000,12660.000000744183,-517115.7214315918,300.73469368661637,1.023543366868648,105
3145000,12680.000000748258,-516738.1875406045,303.3457776374931,1.0219795249033745,105
3150000,12700.000000752332,-517725.5817249231,299.0591178830106,1.0243487505821538,105
3155000,12720.000000756407,-517555.3952536939,298.35034604678606,1.0267906714349366,105
3160000,12740.000000760481,-515712.5751761752,301.0547785011754,1.0228081089460108,105
3165000,12760.000000764556,-517777.5769124371,300.05350354576194,1.029682696132867,105
3170000,12780.00000076863,-517295.3428126073,301.1228094730811,1.027445724807336,105
3175000,12800.000000772705,-517086.2691683201,301.1460187925821,1.0269648468005799,105
3180000,12820.00000077678,-517789.260188462,299.1408458603992,1.026805177675351,105
3185000,12840.000000780854,-517860.69644466485,301.3314037654261,1.030548797512143,105
3190000,12860.000000784928,-517439.7018763516,303.5841892399243,1.0264594969276748,105
3195000,12880.000000789003,-517601.559501539,299.1378389638617,1.0264930803087768,105
3200000,12900.000000793078,-518180.02528809966,300.1231700846728,1.0232788488161397,105
3205000,12920.000000797152,-516707.15275685675,300.33994295026037,1.021643247742054,105
3210000,12940.000000801227,-515913.06585346255,303.02786087188355,1.0280152094914903,105
3215000,12960.000000805301,-517900.3225808288,298.24971498455557,1.0253901173125128,105
3220000,12980.000000809376,-519106.7596752329,303.93462688748036,1.0272388169328464,105
3225000,13000.00000081345,-516481.41832663934,301.4657327127512,1.0203012087627348,105
3230000,13020.000000817525,-517141.57687087497,301.77432987990494,1.027491517831226,105
3235000,13040.0000008216,-515941.23584618676,302.5739459898097,1.0227325201397783,105
3240000,13060.000000825674,-517403.39582497836,301.06200631513855,1.023019924897159,105
3245000,13080.000000829748,-516976.36769477883,299.540895227419,1.0237824965043656,105
3250000,13100.000000833823,-517849.88250732,298.0440191872103,1.0248479711672809,105
3255000,13120.000000837897,-517093.5229764208,299.8893330845241,1.023553109918075,105
3260000,13140.000000841972,-517756.44328299863,303.15146819513154,1.0244721683682554,105
3265000,13160.000000846047,-518475.1223328884,300.2391444188153,1.0266207169527832,105
3270000,13180.000000850121,-516663.75248005614,300.6354348690466,1.025011477839617,105
3275000,13200.000000854196,-516578.6449983553,302.3883675909415,1.025870718247187,105
3280000,13220.00000085827,-517971.0434900606,300.22615162675044,1.0276943346643166,105
3285000,13240.000000862345,-517084.5766695293,299.42188448639996,1.0258358368953147,105
3290000,13260.00000086642,-517711.21608173987,301.1428218087976,1.0263620829349547,105
3295000,13280.000000870494,-518886.3552484147,301.0497679448709,1.030354519141288,105
3300000,13300.000000874568,-518155.84411521186,301.7710479788211,1.027469907391218,105
3305000,13320.000000878643,-516490.24360251287,302.91242169793674,1.0260041153822683,105
3310000,13340.000000882717,-518265.36492726416,301.63033235603973,1.0258436261206147,105
3315000,13360.000000886792,-517415.9380286699,300.45779701009525,1.0269256610054132,105
3320000,13380.000000890866,-517752.314759701,304.87146278882904,1.0266274305769834,105
3325000,13400.000000894941,-517897.8846425789,303.5944090892933,1.027350909441086,105
3330000,13420.000000899016,-517040.48701357516,300.3769990200437,1.0220580194661995,105
3335000,13440.00000090309,-517780.93977527274,298.88658567429985,1.0266008068932093,105
3340000,13460.000000907165,-517506.94336436805,301.22800430023716,1.0259178289664104,105
3345000,13480.00000091124,-518551.1775818358,298.47385031857294,1.0271274847744383,105
3350000,13500.000000915314,-517543.35485038767,300.7690243001143,1.022081629284401,105
3355000,13520.000000919388,-517626.2429921692,301.68174125626126,1.028537158915296,105
3360000,13540.000000923463,-516656.2055195498,301.7822438183539,1.0264147978471445,105
3365000,13560.000000927537,-517347.54753766046,301.20029442140583,1.029169121171352,105
3370000,13580.000000931612,-516387.0665047902,299.8434651186383,1.0268394192238472,105
3375000,13600.000000935686,-516492.9852404231,300.886097401962,1.0235694960867627,105
3380000,13620.00000093976,-516105.5067017104,304.02613705547685,1.0272747414859464,105
3385000,13640.000000943835,-518520.03548781574,299.1226661780479,1.0268129934357941,105
3390000,13660.00000094791,-517000.47120689764,302.639510751184,1.025342253168435,105
3395000,13680.000000951984,-518309.31023891363,301.39381269994175,1.0251618803930715,105
3400000,13700.000000956059,-517829.5844737841,302.19104328003044,1.033287267401041,105
3405000,13720.000000960134,-518630.69028320373,301.71738536537356,1.030033658670313,105
3410000,13740.000000964208,-518678.51565767685,300.3739521430322,1.028378583415542,105
3415000,13760.000000968283,-517470.18306445284,303.1396104314559,1.0246211056261063,105
3420000,13780.000000972357,-517012.50047462643,302.12534349683625,1.0284468525160797,105
3425000,13800.000000976432,-517713.1283013439,297.7128968742809,1.0245870373135666,105
3430000,13820.000000980506,-517710.1607101669,301.8726995932309,1.0271622934953069,105
3435000,13840.00000098458,-516577.89718604623,299.3760385934199,1.028425180808337,105
3440000,13860.000000988655,-517958.2697108234,297.1221256534418,1.0278816755498419,105
3445000,13880.00000099273,-516759.32869626605,301.05492713948956,1.0281371417517216,105
3450000,13900.000000996804,-516460.55530028814,302.38704439235886,1.0231184425953526,105
3455000,13920.000001000879,-517692.6232813129,301.4189913658977,1.024841925215258,105
3460000,13940.000001004953,-517350.0197079815,302.47111386524193,1.0241132551655368,105
3465000,13960.000001009028,-517410.0961989872,300.36708412439873,1.0290235511599994,105
3470000,13980.000001013103,-516036.49363937066,302.0408289567613,1.0278901400623748,105
3475000,14000.000001017177,-517324.82788975793,300.50561656775085,1.0252049999432356,105
3480000,14020.000001021252,-516968.4195553474,299.9241262257737,1.026760157462019,105
3485000,14040.000001025326,-516039.59007306653,300.00912525552303,1.0258490036059034,105
3490000,14060.0000010294,-517368.3244242503,299.77714820564927,1.0226466931567482,105
3495000,14080.000001033475,-517451.44663288747,301.15418749922287,1.023982560026704,105
3500000,14100.00000103755,-517636.4111411022,299.2265924688138,1.0288917783140017,105
3505000,14120.000001041624,-517382.9082636174,300.13142576449616,1.0230907855022364,105
3510000,14140.000001045699,-516445.3503268636,299.34578568043554,1.023927259014294,105
3515000,14160.000001049773,-517797.44652846595,302.45100361799496,1.0268396279973835,105
3520000,14180.000001053848,-517070.18218815234,300.2196528167909,1.0267903221922232,105
3525000,14200.000001057922,-518395.52447838034,301.80729752983285,1.0252497701434258,105
3530000,14220.000001061997,-517311.6963103267,302.13983917516595,1.0268949477595357,105
3535000,14240.000001066071,-516906.13325453503,301.44083380095464,1.0222311289668917,105
3540000,14260.000001070146,-516765.9411727004,299.7014710695157,1.0269460739644314,105
3545000,14280.00000107422,-517592.6180396434,301.0710446881139,1.0276152253948847,105
3550000,14300.000001078295,-516671.9076219187,304.43424127285124,1.023911375274829,105
3555000,14320.00000108237,-516498.1895416882,301.5926497552753,1.0272677947286408,105
3560000,14340.000001086444,-516193.5761731679,300.3954638092401,1.0257083022067526,105
3565000,14360.000001090519,-518727.3989788401,303.0708275298755,1.0274327443297002,105
3570000,14380.000001094593,-516377.61861281795,303.1320205326579,1.0264788816206283,105
3575000,14400.000001098668,-517632.5158729863,301.24674140184914,1.0275174755766243,105
3580000,14420.000001102742,-516801.3228963108,301.11162175521025,1.0256052926402897,105
3585000,14440.000001106817,-518278.8315252899,300.74176608060856,1.0259985519582657,105
3590000,14460.000001110891,-517647.0434635612,302.8114497855047,1.028624395470237,105
3595000,14480.000001114966,-516454.6320337467,302.97184525143456,1.0251836275788249,105
3600000,14500.00000111904,-516002.3215523772,301.1771236802028,1.028489104727153,105
3605000,14520.000001123115,-517515.6672179608,299.91834321993645,1.0255950397727849,105
3610000,14540.00000112719,-517753.52448122203,301.530609120058,1.0250557051534674,105
3615000,14560.000001131264,-517189.63794042123,301.8225831246537,1.0278491410130977,105
3620000,14580.000001135339,-517571.8416927492,303.3031793340317,1.0272049904897576,105
3625000,14600.000001139413,-516455.04698142386,300.1031619446676,1.023020807829904,105
3630000,14620.000001143488,-517382.11005055415,298.512785734219,1.0279484601248376,105
3635000,14640.000001147562,-518540.2781338922,304.7926062869859,1.0268937864879357,105
3640000,14660.000001151637,-516362.9982280922,300.18439673070344,1.0235990953115266,105
3645000,14680.000001155711,-517561.3401158911,302.1440454782116,1.0265977847008623,105
3650000,14700.000001159786,-516515.2826550561,299.51515534233806,1.0256592852826552,105
3655000,14720.00000116386,-517941.87640124187,298.9392292976023,1.0291596680045416,105
3660000,14740.000001167935,-518418.4500012866,299.50248687094114,1.0279952793668314,105
3665000,14760.00000117201,-517398.8598042794,300.4813108499842,1.02778351188981,105
3670000,14780.000001176084,-516864.5757815307,298.99862387495256,1.0267352138810844,105
3675000,14800.000001180159,-517804.0400804491,300.1361281207386,1.028070506881769,105
3680000,14820.000001184233,-516986.1803888397,301.2837643355103,1.023236569716764,105
3685000,14840.000001188308,-516733.5557862441,298.98700885007685,1.0233431151931351,105
3690000,14860.000001192382,-516565.52194856945,298.1835541565207,1.0244862711685612,105
3695000,14880.000001196457,-516381.5415724865,301.49368352308056,1.026553007993212,105
3700000,14900.000001200531,-517507.8012378786,299.2339230411716,1.0251295090843269,105
3705000,14920.000001204606,-517078.7083661712,299.605535809074,1.0271102500472102,105
3710000,14940.00000120868,-517719.53308399743,299.33389845207506,1.0262634057169906,105
3715000,14960.000001212755,-516403.52307880484,299.2721213028735,1.0246601895826886,105
3720000,14980.00000121683,-517885.2470282852,299.5255507248266,1.023051618870668,105
3725000,15000.000001220904,-516942.36425689654,299.4670619265548,1.0304809345452464,105
3730000,15020.000001224978,-517592.8823191514,301.4915783402994,1.0267472685926615,105
3735000,15040.000001229053,-517267.418514366,301.5447061709642,1.023937600337822,105
3740000,15060.000001233127,-516762.7959827385,302.21181223287545,1.0291500870584358,105
3745000,15080.000001237202,-517019.9545635644,301.48727877042063,1.0251640798098092,105
3750000,15100.000001241277,-518295.0987578721,302.8834836179411,1.026867999813733,105
3755000,15120.000001245351,-517386.5829638352,297.98375840752357,1.0241340112278392,105
3760000,15140.000001249426,-516648.4101886656,302.06024797193606,1.0234292249686923,105
3765000,15160.0000012535,-516322.781474052,298.97960926503407,1.0215977060316912,105
3770000,15180.000001257575,-517657.92108372576,298.44907765033304,1.027076533018934,105
3775000,15200.00000126165,-517414.6925352537,300.7195461208782,1.0252864114319022,105
3780000,15220.000001265724,-516376.724642806,301.11994746569786,1.0283739673659158,105
3785000,15240.000001269798,-517897.1000423557,301.7914745195038,1.0287482715123013,105
3790000,15260.000001273873,-517479.74009131035,299.99282982693944,1.0322548246497405,105
3795000,15280.000001277947,-518190.56551782624,303.9755990769513,1.0272324677519944,105
3800000,15300.000001282022,-517559.060562694,300.8909843062231,1.0251440087392023,105
3805000,15320.000001286096,-516755.32683306956,301.4701903311944,1.029654223928254,105
3810000,15340.000001290171,-518070.6588392048,302.8825624215291,1.0252664806798866,105
3815000,15360.000001294246,-517392.82393611316,299.63729370796096,1.0251426497532838,105
3820000,15380.00000129832,-518668.40574547206,301.61638690794115,1.0255249766333776,105
3825000,15400.000001302395,-518258.18631095206,299.3448255356042,1.0325370599433457,105
3830000,15420.00000130647,-519309.9785896912,304.88954528775395,1.0283785665014393,105
3835000,15440.000001310544,-516388.645061007,300.86065221378135,1.0287340184588285,105
3840000,15460.000001314618,-518308.9123299238,300.45631107382025,1.027654753917928,105
3845000,15480.000001318693,-517174.58256113017,299.0084379122294,1.0243327040488144,105
3850000,15500.000001322767,-516709.79809339065,304.2126234915516,1.0223894468577903,105
3855000,15520.000001326842,-516534.1092218326,299.2608633663667,1.0238857625872442,105
3860000,15540.000001330916,-516721.9582111947,303.76047063804344,1.0227446848606576,105
3865000,15560.00000133499,-517729.59359312686,302.70647177064006,1.0248728910555966,105
3870000,15580.000001339065,-517068.96060624905,299.82027788173116,1.0259609782016519,105
3875000,15600.00000134314,-517072.6768431633,301.5850190260951,1.026899218261198,105
3880000,15620.000001347214,-517262.90109231276,299.2222137442624,1.0283928739761363,105
3885000,15640.000001351289,-518810.8272599252,302.98264267081214,1.0285695483413166,105
3890000,15660.000001355364,-517295.9291304513,298.59829786045935,1.0254084634564384,105
3895000,15680.000001359438,-516244.9360194546,298.6887229226194,1.0231614820793764,105
3900000,15700.000001363513,-516135.89199457364,301.8489684254544,1.0254510955203362,105
3905000,15720.000001367587,-516893.07699314784,302.467136513173,1.027255180865341,105
3910000,15740.000001371662,-518035.4735597742,298.71167554926905,1.025838494617023,105
3915000,15760.000001375736,-516914.6292672395,301.1574129219611,1.0255195822662173,105
3920000,15780.00000137981,-517219.2761019273,300.378611113956,1.0268458367204512,105
3925000,15800.000001383885,-517040.1241997804,303.7439556569885,1.0246686120250135,105
3930000,15820.00000138796,-516388.6272613767,302.1307846244184,1.0254844528384761,105
3935000,15840.000001392034,-516610.38877194305,302.29856656279185,1.0234571430362318,105
3940000,15860.000001396109,-517675.85376543575,301.2067183619462,1.0283307620218007,105
3945000,15880.000001400183,-516533.1129247197,298.7913767996088,1.023895057437651,105
3950000,15900.000001404258,-517902.68720636447,301.0863504269477,1.0276413622941387,105
3955000,15920.000001408333,-515968.09222735,301.16234879656383,1.0237931933080033,105
3960000,15940.000001412407,-517605.5263740029,302.181294276886,1.0274025010695178,105
3965000,15960.000001416482,-517162.70586952753,301.30749506358586,1.0268670293387228,105
3970000,15980.000001420556,-517962.79857109115,301.19718438466947,1.0283205500065025,105
3975000,16000.00000142463,-517791.31503064185,302.9252200569243,1.0251578643796755,105
3980000,16020.000001428705,-517261.8568596395,300.73541729203276,1.0281141586453464,105
3985000,16040.00000143278,-518327.3858492805,302.25336297142354,1.0269019436210254,105
3990000,16060.000001436854,-516489.389586132,301.20283566047146,1.0238888810583597,105
3995000,16080.000001440929,-517851.87619932205,298.6360622361259,1.0250251815812805,105
4000000,16100.000001445003,-517349.99111138843,302.72200998688135,1.0279605551436795,105
4005000,16120.000001449078,-517857.15204877616,300.19101571046843,1.0310247650073245,105
4010000,16140.000001453152,-517106.09221928567,298.54638800161797,1.0281846963110888,105
4015000,16160.000001457227,-516549.15160626615,302.05864597967616,1.0260674236898066,105
4020000,16180.000001461302,-517398.7155140396,300.44776573367244,1.0288605552926045,105
4025000,16200.000001465376,-518460.6716356294,299.0512290985692,1.0277475008204564,105
4030000,16220.00000146945,-517594.95813376363,302.067101254826,1.0241690719055028,105
4035000,16240.000001473525,-517042.6765846908,301.45036122581405,1.0236978172031297,105
4040000,16260.0000014776,-516812.47470802744,301.4407037144826,1.0249288416324924,105
4045000,16280.000001481674,-518064.9189499412,302.8406322729371,1.027802917609853,105
4050000,16300.000001485749,-517161.1860164674,300.1181262153097,1.0256049271473777,105
4055000,16320.000001489823,-516123.23632867634,303.56044681672853,1.0280473971494732,105
4060000,16340.000001493898,-517827.19283101405,300.47854675560257,1.0256963702313586,105
4065000,16360.000001497972,-516815.1555003319,299.19306495536074,1.0262573574445575,105
4070000,16380.000001502047,-516241.9706380167,302.07504094186527,1.0231943827578776,105
4075000,16400.00000150612,-517358.92524578003,300.77756803775907,1.0271114392970382,105
4080000,16420.000001510194,-518504.26900451584,302.42366353805056,1.0270295706956893,105
4085000,16440.00000151427,-516677.68288493645,301.3268432899744,1.0249347903988157,105
4090000,16460.000001518343,-516749.4385760641,305.9718882386374,1.0237122694010012,105
4095000,16480.000001522418,-517676.8926892029,301.21866339650063,1.0249921573141956,105
4100000,16500.000001526492,-518837.218141465,302.99247020536023,1.0277635713594317,105
4105000,16520.000001530567,-518287.3439758958,299.58085156446145,1.02713678347741,105
4110000,16540.00000153464,-517048.2715969954,299.00004864908783,1.0282912343217074,105
4115000,16560.000001538716,-517130.6594406371,299.25756527829014,1.0258714073477389,105
4120000,16580.00000154279,-517660.7747330894,301.18551873307064,1.0265743604037136,105
4125000,16600.000001546865,-517357.49152615364,302.1264159589744,1.027720579890444,105
4130000,16620.00000155094,-517043.50536119984,301.1079455048961,1.0220076077047966,105
4135000,16640.000001555014,-515761.0839644135,300.0825035202685,1.0248048154938025,105
4140000,16660.00000155909,-517654.4998170468,299.8357322789446,1.0272396848280774,105
4145000,16680.000001563163,-517909.4981046964,303.5993009394156,1.0274442014407716,105
4150000,16700.000001567238,-516830.3070399966,301.96744922060776,1.0251513043926939,105
4155000,16720.000001571312,-517261.4453679591,299.10125254597483,1.025008390635015,105
4160000,16740.000001575387,-517099.2270508106,303.74744269085505,1.0261174961287831,105
4165000,16760.00000157946,-517124.9590211797,299.3182526280936,1.0252711136696684,105
4170000,16780.000001583536,-516962.5163702513,301.1946937633297,1.0266893073050831,105
4175000,16800.00000158761,-516747.0746408247,296.28076279159114,1.0299298955073086,105
4180000,16820.000001591685,-517125.7628558283,298.53817554144985,1.0238373705772075,105
4185000,16840.00000159576,-517758.08074908704,300.74183819548574,1.0268585404480375,105
4190000,16860.000001599834,-516484.6017039928,302.5114963326444,1.0269448859374715,105
4195000,16880.00000160391,-517616.53375897766,300.9521793407975,1.024411793985067,105
4200000,16900.000001607983,-517331.0448946748,302.0197114201779,1.025564446439387,105
4205000,16920.000001612058,-516781.49036064954,301.18092832343496,1.0289587633307755,105
4210000,16940.000001616132,-518077.71003835276,302.0217171798702,1.0257791546974164,105
4215000,16960.000001620207,-514987.3580992718,301.6420309535114,1.0211534798230537,105
4220000,16980.00000162428,-516853.2786074935,300.1478326601011,1.0280948828342478,105
4225000,17000.000001628356,-517319.35013405164,302.13300839044115,1.0285686307152244,105
4230000,17020.00000163243,-515587.5829001812,302.40614933065945,1.0255929039680003,105
4235000,17040.000001636505,-517272.95875579584,302.309570869128,1.025143888615332,105
4240000,17060.00000164058,-518077.0613814306,299.2705271709822,1.0268509056849078,105
4245000,17080.000001644654,-517345.67788995174,298.2469810337565,1.0291655382410265,105
4250000,17100.00000164873,-517447.61985631846,298.76629081391314,1.0220594175318338,105
4255000,17120.000001652803,-516494.62745365803,300.70474406743875,1.0259365359865913,105
4260000,17140.000001656877,-516245.78597304993,302.04402439346177,1.0268115572038243,105
4265000,17160.000001660952,-517876.49868296646,298.4900623590842,1.0255063046408726,105
4270000,17180.000001665027,-517970.39712912263,301.5473284264776,1.0275849344831225,105
4275000,17200.0000016691,-518053.9353727151,300.5764073035718,1.0275457306960396,105
4280000,17220.000001673176,-517926.7332736484,299.9470434276325,1.0265099031797942,105
4285000,17240.00000167725,-517293.1546456411,300.66758013490426,1.026098937938031,105
4290000,17260.000001681325,-516609.06081769103,302.02256074463736,1.0221235181737562,105
4295000,17280.0000016854,-517274.86636698036,298.6071314626444,1.0248275758650223,105
4300000,17300.000001689474,-516860.5483059108,301.78858611260523,1.0269737923579594,105
4305000,17320.00000169355,-517586.5493882408,301.18985145821136,1.02500139263332,105
4310000,17340.000001697623,-518660.7722629374,299.49294575968236,1.0236073715632332,105
4315000,17360.000001701697,-516795.3289520205,302.952073855392,1.0255461847316805,105
4320000,17380.000001705772,-517302.84336638474,300.3662702399094,1.0278328532490848,105
4325000,17400.000001709846,-515496.7131709184,301.9746479891413,1.0238488463541342,105
4315000,17360.000001701697,-516847.699688307,301.6289970114199,1.0282510281454253,--
4320000,17380.000001705772,-516266.23520405055,296.91319114867497,1.0260454605285074,107
4325000,17400.000001709846,-517594.7245788679,302.90405728853216,1.0299085112655735,107
4330000,17420.00000171392,-517860.8220671215,301.48433006116034,1.0284117057893323,106
4335000,17440.000001717995,-516819.9755243829,301.55785277511166,1.0259039973965962,106
4340000,17460.00000172207,-517284.66123003094,299.47634762370956,1.0264275877772657,106
4345000,17480.000001726145,-517640.20715438714,301.7207429255994,1.0261706211757184,106
4350000,17500.00000173022,-517640.18902934133,300.77732414155133,1.0280909942777958,106
4355000,17520.000001734294,-517300.0625993281,302.8456617013774,1.026699148175014,106
4360000,17540.000001738368,-517282.1278243824,301.36477933032495,1.0254865966582025,106
4365000,17560.000001742443,-517868.5051716566,298.1945263186534,1.024558132394155,106
4370000,17580.000001746517,-516868.42338686576,298.8540686471814,1.0281048847203684,106
4375000,17600.00000175059,-515344.4774324787,299.4239217049629,1.022159486413026,106
4380000,17620.000001754666,-516077.27366789104,302.1694354347211,1.0276532883253606,106
4385000,17640.00000175874,-517215.49176137126,302.8329565468379,1.0281394501676615,106
4390000,17660.000001762815,-518157.39386351337,301.2684364361165,1.0255645527990622,106
4395000,17680.00000176689,-517372.00469690654,298.97841428834863,1.0278415154023712,106
4400000,17700.000001770964,-517312.9040681743,299.1948407296742,1.0257410114434278,106
4405000,17720.00000177504,-517498.87281187694,302.7372396129232,1.0266098974529163,106
4410000,17740.000001779114,-517757.00906095887,298.8624324109841,1.0276127139944133,105
4415000,17760.000001783188,-517932.51340971864,301.1794548514983,1.0275837854819334,105
4420000,17780.000001787263,-515835.3491368133,301.6081038155333,1.0249271686269255,105
4425000,17800.000001791337,-517732.21191907185,301.46745771175296,1.0263554562949277,105
4430000,17820.00000179541,-518087.1792666721,300.7902290147654,1.0281762311726452,105
4435000,17840.000001799486,-518012.2837239036,299.975003187328,1.0262518326715624,105
4440000,17860.00000180356,-516911.6065235883,300.81822985258054,1.0261720975976412,105
4445000,17880.000001807635,-518368.61991801625,297.42160733050144,1.0293410138453811,105
4450000,17900.00000181171,-516802.1093596637,302.77097045877053,1.0257700257734625,105
4455000,17920.000001815784,-516851.63038931554,299.5958603747477,1.026780937505285,105
4460000,17940.00000181986,-517422.7005128381,300.08231840929227,1.0299135313905021,105
4465000,17960.000001823933,-516858.58851724304,298.1841544314573,1.029475840419561,105
4470000,17980.000001828008,-517849.7178964878,299.7700905614789,1.0232562979303885,105
4475000,18000.000001832082,-518710.729723979,300.2034865121613,1.0277834012214557,105
4480000,18020.000001836157,-516703.3310595541,302.61834542178786,1.0294363561283062,105
4485000,18040.00000184023,-517090.28901059274,297.450140606634,1.0240628415676802,105
4490000,18060.000001844306,-517883.15374360373,301.5585943510251,1.0304924196094392,105
4495000,18080.00000184838,-515720.2729308668,299.32980793030833,1.0242390714521588,105
4500000,18100.000001852455,-517166.5957097765,300.6079557550768,1.0272880807851543,105
4505000,18120.00000185653,-517264.002887432,301.3979507567028,1.0281201652122358,105
4510000,18140.000001860604,-516786.97624660796,300.58844003431346,1.0278974013265598,105
4515000,18160.00000186468,-516497.6614841004,301.3517177456215,1.0271764691478669,105
4520000,18180.000001868753,-516423.3052878105,302.6040699004324,1.0225107889487957,105
4525000,18200.000001872828,-516474.028431274,298.9192411044186,1.026821613695664,105
4530000,18220.000001876902,-517416.7362495845,296.96441418264254,1.0250843984560234,105
4535000,18240.000001880977,-518717.54417554825,302.006893520125,1.0243749979694046,105
4540000,18260.00000188505,-517324.7300715565,299.9947329058413,1.0251504964584222,105
4545000,18280.000001889126,-516652.8502224528,300.2503954838256,1.026799021998412,105
4550000,18300.0000018932,-516802.1185129024,300.90927607334123,1.0259884692731485,105
4555000,18320.000001897275,-517166.07060345844,302.1290133739806,1.026902672114845,105
4560000,18340.00000190135,-517959.6929434838,300.1769661534494,1.0258171831495249,105
4565000,18360.000001905424,-517445.29645250505,297.53589492391586,1.0276331897372197,105
4570000,18380.0000019095,-517002.6111297172,299.41659763947854,1.0247229822592663,105
4575000,18400.000001913573,-518602.33200434246,301.24724584376236,1.0272455210576996,105
4580000,18420.000001917648,-516478.2126714494,301.02724629284046,1.0260998186318608,105
4585000,18440.000001921722,-516617.31618120265,304.2318845370467,1.030368853920008,105
4590000,18460.000001925797,-516523.45243945904,302.923128124144,1.0259013829375672,105
4595000,18480.00000192987,-518350.8335805279,301.4552180065399,1.0288764083669597,105
4600000,18500.000001933946,-516167.2426388941,299.4620685114365,1.0220273876337882,105
4605000,18520.00000193802,-517357.70657552616,298.69893896363845,1.0229752113846775,105
4610000,18540.000001942095,-518183.7772806622,299.9127641557409,1.0289191983756258,105
4615000,18560.00000194617,-517897.07850014814,298.73438970922643,1.0277761654431232,105
4620000,18580.000001950244,-517320.9847183097,303.19432854215154,1.0274686786771245,105
4625000,18600.00000195432,-516636.30176593456,300.58989500765654,1.0226091715527597,105
4630000,18620.000001958393,-517619.3910522822,300.59304398392385,1.0286796085752121,105
4635000,18640.000001962468,-516799.4184049468,300.2827775542245,1.0276330752112444,105
4640000,18660.000001966542,-518068.9488398121,299.6590612748456,1.0254686461097982,105
4645000,18680.000001970617,-516912.825502835,298.7886200365815,1.0264885782049515,105
4650000,18700.00000197469,-517866.31399804447,300.5476054070379,1.0293348682039567,105
4655000,18720.000001978766,-517591.57892017905,299.0783263158724,1.031289264248632,105
4660000,18740.00000198284,-516498.51834216854,299.6729677069987,1.025455295903425,105
4665000,18760.000001986915,-518044.80131317815,301.0686598477232,1.0257812473241639,105
4670000,18780.00000199099,-517055.5142841162,301.9184085523593,1.0269720814067553,105
4675000,18800.000001995064,-517520.89595724083,301.72301572908225,1.0280963537093035,105
4680000,18820.00000199914,-516750.8398711872,299.4600782581359,1.023111313729003,105
4685000,18840.000002003213,-516863.65675682784,300.411463582988,1.0279815530152072,105
4690000,18860.000002007288,-517663.4983296031,299.68497383485027,1.0288135080397678,105
4695000,18880.000002011362,-516697.4716510335,303.0243443436795,1.0246078848826392,105
4700000,18900.000002015437,-517326.35248695826,300.95236225611706,1.03034522376359,105
4705000,18920.00000201951,-517777.2681891676,301.33466634995017,1.0252703372556053,105
4710000,18940.000002023586,-518235.63234069664,303.7643705302185,1.0261262156459419,105
4715000,18960.00000202766,-518687.72236218327,300.7676930165929,1.0287754725030538,105
4720000,18980.000002031735,-516308.97209103266,301.6171014568524,1.0282265544642997,105
4725000,19000.00000203581,-516921.64479290554,299.88693472809655,1.023475999805383,105
4730000,19020.000002039884,-516320.73290501046,299.41979529710886,1.0241121169770684,105
4735000,19040.00000204396,-516288.3013837384,298.2623826001037,1.0225758326381136,105
4740000,19060.000002048033,-515381.82540049846,300.52705234669145,1.0273069950683447,105
4745000,19080.000002052107,-516851.5632799084,300.626659710181,1.0220469540552148,105
4750000,19100.000002056182,-517169.6905358196,299.84216490062187,1.024431126170033,105
4755000,19120.000002060257,-518769.35451363353,299.84729318987553,1.0301563379912837,105
4760000,19140.00000206433,-517222.7770331225,300.78739043160687,1.0268711016614633,105
4765000,19160.000002068406,-518020.1173430842,300.33846238841636,1.0293232819405196,105
4770000,19180.00000207248,-516457.4433270118,298.5154931155043,1.0224689191672236,105
4775000,19200.000002076555,-517647.78565814137,301.95557754742634,1.0284532506016975,105
4780000,19220.00000208063,-517530.3661140816,299.8374259354086,1.021408606148707,105
4785000,19240.000002084704,-518305.42921504285,300.8667112139119,1.0275922513844433,105
4790000,19260.00000208878,-515998.4414029182,301.8365162689906,1.0198103027130723,105
4795000,19280.000002092853,-515979.0675782759,299.5105144897757,1.026419130137313,105
4800000,19300.000002096927,-518136.3578530571,301.41703927991693,1.026137787955738,105
4805000,19320.000002101002,-515815.2562483067,303.7986465489643,1.0253307942041023,105
4810000,19340.000002105076,-517961.67523440486,302.18178658754107,1.0278905051373446,105
4815000,19360.00000210915,-517217.64491001633,297.93142160709283,1.0242875682442343,105
4820000,19380.000002113225,-517561.5774912515,302.17382641926713,1.029873379900533,105
4825000,19400.0000021173,-517948.4621415157,301.881614986008,1.0273256406988425,105
4830000,19420.000002121375,-516567.94194125384,297.6821644399882,1.027841666741777,105
4835000,19440.00000212545,-516433.64407503116,300.8262416791962,1.0260121291675972,105
4840000,19460.000002129524,-516181.76439819345,302.576482782768,1.0262028320042251,105
4845000,19480.000002133598,-517642.2415875187,299.49827553112203,1.0301874691749426,105
4850000,19500.000002137673,-518716.8982989297,301.0656950869371,1.0259222233119882,105
4855000,19520.000002141747,-515927.1271456096,300.3690036894846,1.0257986834468729,105
4860000,19540.00000214582,-515160.6380969188,302.89792284921566,1.0234087123011513,105
4865000,19560.000002149896,-517658.33810825646,298.72016465237243,1.0242467794955985,105
4870000,19580.00000215397,-518757.9421865116,300.2275285013184,1.025855319347933,105
4875000,19600.000002158045,-517351.65249708435,299.85586458597436,1.0312482716966538,105
4880000,19620.00000216212,-516522.9833460166,303.4616489939028,1.0230940298080213,105
4885000,19640.000002166194,-515476.30998876155,300.15185050789904,1.022830434346786,105
4890000,19660.00000217027,-518127.01247894624,302.42332830433253,1.0299550550276633,105
4895000,19680.000002174344,-517281.5984357649,301.59470113284874,1.0241035377849663,105
4900000,19700.000002178418,-516113.7884889648,300.75602571117656,1.0263894959646076,105
4905000,19720.000002182493,-517805.6086579496,300.80893568048884,1.0283669521923038,105
4910000,19740.000002186567,-517234.76155869965,302.37115003811545,1.0267849803234077,105
4915000,19760.00000219064,-517531.3823469903,298.82637052336895,1.0262296275265579,105
4920000,19780.000002194716,-517552.12567062164,300.03572687521415,1.0279286592988977,105
4925000,19800.00000219879,-516614.86235241476,298.65821718544987,1.0215089929544203,105
4930000,19820.000002202865,-515649.5125051583,300.67416403858095,1.023713990276878,105
4935000,19840.00000220694,-517855.27015159954,301.3628435233226,1.025597422877511,105
4940000,19860.000002211014,-516846.90176121006,300.718273540994,1.022862245038263,105
4945000,19880.00000221509,-517063.350311327,301.44222315465066,1.024921018771455,105
4950000,19900.000002219163,-516881.3373482607,301.34224469855826,1.0261408773517735,105
4955000,19920.000002223238,-516716.86311405175,299.09593855587497,1.0254285418808866,105
4960000,19940.000002227313,-517853.6393232455,301.4437971682214,1.026055575464667,105
4965000,19960.000002231387,-516919.5481076087,302.9421183762367,1.025985373653401,105
4970000,19980.00000223546,-516825.0089013283,302.04115171213283,1.0213964030373368,105
4975000,20000.000002239536,-517562.3928395575,299.9122592141915,1.0264551771980743,105
4980000,20020.00000224361,-516245.91253997805,298.90270061744656,1.0280239683272885,105
4985000,20040.000002247685,-516597.197363687,301.5747306677884,1.0256290277067277,105
4990000,20060.00000225176,-516361.5526418688,301.16893789702345,1.0273970557626038,105
4995000,20080.000002255834,-516461.66431915225,301.18613520310714,1.0227747994533714,105
5000000,20100.00000225991,-517489.58328586374,299.57434601883887,1.0251135536661957,105
5005000,20120.000002263983,-516945.93355365214,301.34415654533495,1.0232943865837787,105
5010000,20140.000002268058,-515268.95907329465,300.2341925124628,1.0258406910254865,105
5015000,20160.000002272132,-517443.7047171446,299.75280880258634,1.0271366609924708,105
5020000,20180.000002276207,-518256.4698227579,301.1403465240837,1.0248883689118893,105
5025000,20200.00000228028,-517415.14315852034,300.7443765866432,1.0283210126285687,105
5030000,20220.000002284356,-516653.38458057446,299.9774752570992,1.0229275923414167,105
5035000,20240.00000228843,-518527.0750140657,299.6027574895848,1.0279366526796796,105
5040000,20260.000002292505,-517388.492147024,298.67636849492965,1.027016498807856,105
5045000,20280.00000229658,-517713.1571707339,301.6052096928075,1.026862307027803,105
5050000,20300.000002300654,-518450.20910767023,300.1046785184648,1.0313032946969098,105
5055000,20320.00000230473,-516144.800164368,299.5569700651122,1.0265829034300522,105
5060000,20340.000002308803,-516774.2113108132,300.6353412697015,1.0273241472401888,105
5065000,20360.000002312878,-517405.6639763359,301.2048900545384,1.0290537045449606,105
5070000,20380.000002316952,-518217.9185965832,301.0996721249015,1.027710143537204,105
5075000,20400.000002321027,-516500.6977902041,300.8278670334802,1.02336562864929,105
5080000,20420.0000023251,-516783.703490566,299.5915192599941,1.0175932631072147,105
5085000,20440.000002329176,-516723.011232876,298.77387557831713,1.0258744479195971,105
5090000,20460.00000233325,-518107.92585735116,302.96639958972787,1.022860692784536,105
5095000,20480.000002337325,-517353.543676578,299.6430767089379,1.0293635513683703,105
5100000,20500.0000023414,-516316.61697689374,298.9488770814218,1.0245414380048385,105
5105000,20520.000002345474,-516081.1963228546,300.96366591854417,1.0252085456783882,105
5110000,20540.00000234955,-518303.1000207877,301.3895784271322,1.028279502843069,105
5115000,20560.000002353623,-517941.7937819946,300.109000788501,1.0265200521610962,105
5120000,20580.000002357698,-517932.75503064715,301.09074466533156,1.0274296759253083,105
5125000,20600.000002361772,-517108.5706456993,304.3495287857098,1.0232870828104736,105
5130000,20620.000002365847,-517764.14904127386,298.9309439415904,1.024828993285615,105
5135000,20640.00000236992,-516255.53630270273,299.056610033848,1.0202870703442024,105
5140000,20660.000002373996,-516487.58289911086,299.7432111530403,1.0247614183946494,105
5145000,20680.00000237807,-517158.26441560127,301.74502007194553,1.024195819908979,105
5150000,20700.000002382145,-518205.40493534226,297.0403796887548,1.0291860935555162,105
5155000,20720.00000238622,-517061.4172732581,299.9899831916852,1.0279646507607598,105
5160000,20740.000002390294,-516791.60050624143,302.45713046920986,1.0255592398682143,105
5165000,20760.00000239437,-516720.4445701109,302.4632001269518,1.0294289096951108,105
5170000,20780.000002398443,-516763.5255085877,300.4948796875564,1.024224821824447,105
5175000,20800.000002402518,-516875.69406801276,300.9914681838113,1.0229752926720102,105
5180000,20820.000002406592,-517805.7787941282,301.26291511607036,1.026336228546093,105
5185000,20840.000002410667,-517703.49766678107,302.1979525285355,1.0263269870849216,105
5190000,20860.00000241474,-517200.67145705107,301.15033211374555,1.0281003799120436,105
5195000,20880.000002418816,-518384.51732160384,302.2613237061657,1.0271031764649516,105
5200000,20900.00000242289,-517815.2936081905,299.96277917647006,1.03054892004522,105
5205000,20920.000002426965,-517352.90892724786,303.0823522710032,1.0272272972102798,105
5210000,20940.00000243104,-517778.08142142254,302.62746521241576,1.0257678537861805,105
5215000,20960.000002435114,-516658.0188180716,299.6958191485165,1.0265358172051915,105
5220000,20980.00000243919,-516998.34204549645,301.3520518703646,1.0294531115785026,105
5225000,21000.000002443263,-516578.8728617991,301.0131709576544,1.0241922514007797,105
5230000,21020.000002447337,-517094.2276326737,300.60478632148266,1.0270940650129168,105
5235000,21040.000002451412,-517696.06004643743,302.52428807425196,1.027473157530401,105
5240000,21060.000002455487,-515615.22996434243,300.92068739125784,1.022841272754163,105
5245000,21080.00000245956,-517355.6036743026,300.1206068180369,1.0250762137678724,105
5250000,21100.000002463636,-516816.50832284335,301.9205964264977,1.0288892320081209,105
5255000,21120.00000246771,-516447.434800423,299.79094359024066,1.0234618230436037,105
5260000,21140.000002471785,-517548.79437984107,303.49343453258876,1.0265361845989736,105
5265000,21160.00000247586,-516928.61267132126,302.02977101782494,1.0240263607488918,105
5270000,21180.000002479934,-516614.84133081115,301.6882313046261,1.025885390794875,105
5275000,21200.00000248401,-518773.3621954983,301.1942430668333,1.0277840095936028,105
5280000,21220.000002488083,-517721.0376599943,302.696967852013,1.027814718409669,105
5285000,21240.000002492157,-517720.5813715956,300.026875983433,1.0252052118738162,105
5290000,21260.000002496232,-516674.2547780175,301.3214289448635,1.0272275235956745,105
5295000,21280.000002500306,-517242.0119228414,300.44215900183497,1.0255392119798237,105
5300000,21300.00000250438,-516794.57079585386,300.2718977908401,1.0277882718040061,105
5305000,21320.000002508456,-517814.66943103913,300.2148755137199,1.0258348387750826,105
5310000,21340.00000251253,-516823.80935816676,302.0544085819266,1.0276351702830648,105
5315000,21360.000002516605,-516887.64352596155,299.1135502675079,1.024024942951324,105
5320000,21380.00000252068,-515900.00740378955,304.3832389039155,1.0218728694725612,105
5325000,21400.000002524754,-516728.2648492942,300.91740920854164,1.0236196865613578,105
5330000,21420.00000252883,-517366.7734443152,297.1267891991085,1.0251512835756673,105
5335000,21440.000002532903,-516643.3038325,300.902959819384,1.0275507881771444,105
5340000,21460.000002536977,-518295.2924883922,303.9177927439196,1.0275251024741026,105
5345000,21480.00000254105,-518896.77512755315,298.6065344666271,1.0277556115375477,105
5350000,21500.000002545126,-516810.34387738723,300.0376770911405,1.0262991928354201,105
5355000,21520.0000025492,-517361.6669555318,299.1661036473225,1.029611307069733,105
5360000,21540.000002553275,-516652.7463596626,300.6021585882287,1.025941482339398,105
5365000,21560.00000255735,-516138.5534516352,302.9540698034242,1.0231836262222171,105
5370000,21580.000002561424,-518288.5591822979,300.39622466291047,1.026509227203171,105
5375000,21600.0000025655,-517077.4371861939,299.34696392757814,1.0261619870213146,105
5380000,21620.000002569574,-518622.861149346,301.5160937551141,1.0265646865661453,105
5385000,21640.000002573648,-516985.9985886975,301.7434787286335,1.0258229208011653,105
5390000,21660.000002577723,-516465.8150271764,298.8850656949202,1.0231322795252276,105
5395000,21680.000002581797,-516442.4436723578,301.0475571751956,1.0222821122712624,105
5400000,21700.00000258587,-516985.13286553626,301.7241473113052,1.0254504367529262,105
5405000,21720.000002589946,-518501.41456923145,300.51826616555513,1.0299626898192773,105
5410000,21740.00000259402,-517015.9884957203,300.6535880627065,1.0241061292997546,105
5415000,21760.000002598095,-517290.3350201973,302.09446936773526,1.0290480794067385,105
5420000,21780.00000260217,-518039.4848038999,300.7206829512576,1.0282212610822035,105
5425000,21800.000002606244,-517174.5404342902,300.0949966195489,1.0225711536325615,105
5430000,21820.00000261032,-517108.10257023154,301.6036409040379,1.0255771655567985,105
5435000,21840.000002614393,-516131.4482590095,299.1558336774014,1.0222596346173796,105
5440000,21860.000002618468,-516045.2042955572,297.0178757954783,1.0225114498603654,105
5445000,21880.000002622543,-517152.59592571086,302.36621912522935,1.0244286166663366,105
5450000,21900.000002626617,-518126.26369918324,298.9434000728188,1.0289625224913306,105
5455000,21920.00000263069,-517132.3823533368,299.75109005856274,1.0277827703227291,105
5460000,21940.000002634766,-517215.4386790127,300.9093529062986,1.0295553175028527,105
5465000,21960.00000263884,-517223.35037048743,303.0687562726336,1.0240336975873408,105
5470000,21980.000002642915,-517202.0960197535,300.3525041086035,1.023651881321921,105
5475000,22000.00000264699,-517579.00137876347,302.3600646786034,1.0275369035512842,105
5480000,22020.000002651064,-517566.0967800985,303.1503320096915,1.0285820596229915,105
5485000,22040.00000265514,-517116.343542272,300.02993341586557,1.0272260866479732,105
5490000,22060.000002659213,-517474.2936809305,300.5430591888209,1.0306034333891843,105
5495000,22080.000002663288,-517021.67530756,299.4801948661759,1.0232839643855183,105
5500000,22100.000002667362,-517389.5411986888,300.5475781490739,1.0256448783011767,105
5505000,22120.000002671437,-517715.91893084394,301.3330400614724,1.024660583789494,105
5510000,22140.00000267551,-516446.099364192,303.18214160860435,1.029180071383814,105
5515000,22160.000002679586,-516884.1305092089,301.6835053667064,1.0251311766241402,105
5520000,22180.00000268366,-517194.78594405367,301.54079178555526,1.0267709420173616,105
5525000,22200.000002687735,-517606.3326923796,301.14940000017396,1.0203882354089284,105
5530000,22220.00000269181,-516061.45334652276,301.90498625803514,1.024149276539556,105
5535000,22240.000002695884,-517169.2445800053,305.41479640629683,1.0263580776601817,105
5540000,22260.00000269996,-517381.53418632643,301.1232613158745,1.0261836267872066,105
5545000,22280.000002704033,-518002.1028961211,299.8296136230524,1.0282025701849535,105
5550000,22300.000002708108,-517974.319886649,299.942083409603,1.0263573851360077,105
5555000,22320.000002712182,-517627.3095521552,302.9009719170836,1.024833416647199,105
5560000,22340.000002716257,-516486.59727165685,299.3665171047408,1.0248798503429009,105
5565000,22360.00000272033,-517268.8038725627,300.12698513914,1.0217538077083435,105
5570000,22380.000002724406,-516872.5177597846,301.906116879431,1.0245475050392892,105
5575000,22400.00000272848,-516977.2303129886,299.2192814491723,1.0228844693629977,105
5580000,22420.000002732555,-518326.197651976,301.51930713136136,1.0268321611040983,105
5585000,22440.00000273663,-517792.8907328448,302.8143039901256,1.029659198411942,105
5590000,22460.000002740704,-517392.4522286982,301.64029606639326,1.0252437363347107,105
5595000,22480.00000274478,-517660.1372324955,302.95755151212063,1.0285921983667197,105
5600000,22500.000002748853,-516885.8249324069,301.4223735038237,1.0252132579972237,105
5605000,22520.000002752928,-519498.98519875435,301.82976445993245,1.0261021354172766,105
5610000,22540.000002757002,-517404.8288077803,301.55794062577115,1.0307375623978727,105
5615000,22560.000002761077,-515529.128902104,300.32928174022817,1.0259588509465303,105
5620000,22580.00000276515,-515676.3132708727,299.4050312258524,1.0260640264395382,105
5625000,22600.000002769226,-516318.5715593521,299.26582687616514,1.0212637117070387,105
5630000,22620.0000027733,-517193.55305519584,302.23425187482036,1.0264887181596911,105
5635000,22640.000002777375,-517181.4437837163,299.6551629364325,1.0221879818652182,105
5640000,22660.00000278145,-516934.784415256,301.1854780835357,1.0265691483946884,105
5645000,22680.000002785524,-516681.7218177768,302.7615089772692,1.0249476683509986,105
5650000,22700.0000027896,-517902.56547950604,300.45227190129634,1.028001609482049,105
5655000,22720.000002793673,-518027.9132127892,303.286039341932,1.0272470444558794,105
5660000,22740.000002797748,-517222.62422081875,302.08376825693614,1.0268105402590455,105
5665000,22760.000002801822,-517098.8298889282,299.6956660654027,1.0290977640531405,105
5670000,22780.000002805897,-517144.14514833526,298.8520332625461,1.0277557014996135,105
5675000,22800.00000280997,-516950.9760918773,300.698188570359,1.025195104996795,105
5680000,22820.000002814046,-517505.03547105985,303.0488061859862,1.02149693956412,105
5685000,22840.00000281812,-516771.38156936737,300.8776126254302,1.0257142111123752,105
5690000,22860.000002822195,-517594.6795464589,296.7605018728719,1.0296507678954778,105
5695000,22880.00000282627,-518062.5988854135,297.7039609228617,1.0272489908091549,105
5700000,22900.000002830344,-517190.94761677994,300.6740010912021,1.026994738836905,105
5705000,22920.00000283442,-516965.9193072957,302.62563098983225,1.0247538048212654,105
5710000,22940.000002838493,-516062.48682618514,301.71470624213777,1.0258356822978711,105
5715000,22960.000002842567,-516998.84860400995,298.5982928632457,1.023022774262389,105
5720000,22980.000002846642,-517227.4784612246,301.9836046351711,1.0263987191987407,105
5725000,23000.000002850717,-517070.325061901,302.81345854932016,1.0287881790918392,105
5730000,23020.00000285479,-517335.4636411229,297.6385226606877,1.0272800015056571,105
5735000,23040.000002858866,-518247.34343635035,298.6914728864236,1.0276422019209728,105
5740000,23060.00000286294,-518040.9033035976,300.05619476349676,1.0243466870713467,105
5745000,23080.000002867015,-517887.34545065346,300.71698493199847,1.0267708926846806,105
5750000,23100.00000287109,-518555.8050107667,300.9979898689977,1.0281941380234962,105
5755000,23120.000002875164,-517374.8341292017,301.40227815963397,1.0263272852258412,105
5760000,23140.00000287924,-516666.89383015945,303.9277002203159,1.0262194205727384,105
5765000,23160.000002883313,-518668.85928871343,302.6503993045441,1.0325727215218143,105
5770000,23180.000002887387,-517195.1836258434,301.38843064714865,1.0249986253443142,105
5775000,23200.000002891462,-517892.29228895437,301.04883064882705,1.0250533290784014,105
5780000,23220.000002895536,-516704.9981983467,300.3030430236604,1.025856702832621,105
5785000,23240.00000289961,-516737.86290437845,300.13876849373133,1.0251337011538038,105
5790000,23260.000002903686,-516553.03578323894,299.9660724132729,1.0242937873867524,105
5795000,23280.00000290776,-517073.058385025,302.9756857518544,1.0226179628147156,105
5800000,23300.000002911835,-517434.9019066221,300.77853773895237,1.0250469121377042,105
5805000,23320.00000291591,-517342.4712486614,299.85574905957304,1.0284493160217947,105
5810000,23340.000002919984,-517885.9435556177,299.6882378641008,1.0273271535244874,105
5815000,23360.00000292406,-516449.3823221796,298.63821753934695,1.025170358740324,105
5820000,23380.000002928133,-516676.98133697663,301.7585383949005,1.025220124083844,105
5825000,23400.000002932207,-516645.2477931257,300.64353873767953,1.0261275884608048,105
5830000,23420.00000293628,-517231.04370637797,300.11024046014296,1.0274302690934567,105
5835000,23440.000002940356,-517899.3828015169,302.56816178061615,1.0300906467318016,105
5840000,23460.00000294443,-518249.704268381,300.9607851825567,1.0292428873979647,105
5845000,23480.000002948505,-516386.1249530732,300.6725810262639,1.0244528244583124,105
5850000,23500.00000295258,-517054.1270457173,301.99477665312935,1.0251853823892954,105
5855000,23520.000002956654,-516406.1164491384,300.22543919292644,1.0278619898858188,105
5860000,23540.00000296073,-516782.3713599241,301.45422090061186,1.0271924428824573,105
5865000,23560.000002964804,-519113.72230434953,302.2368363291982,1.0279996390449377,105
5870000,23580.000002968878,-516746.97780353925,301.03203406329385,1.0264608209872752,105
5875000,23600.000002972953,-515588.1815796271,302.789132439722,1.0276103144265687,105
5880000,23620.000002977027,-516292.2798479439,300.1171275579337,1.0252614264039692,105
5885000,23640.0000029811,-518213.443298358,299.06345146113784,1.0279711393333557,105
5890000,23660.000002985176,-518579.6904296316,303.4361727981084,1.0219464532218683,105
5895000,23680.00000298925,-517802.099480896,303.20129495911544,1.0246366965003373,105
5900000,23700.000002993325,-518728.971353465,301.0234322458351,1.0245956366969746,105
5905000,23720.0000029974,-516893.4262069904,299.81903904602126,1.0283221287000446,105
5910000,23740.000003001474,-517938.6727118776,300.0876285219839,1.0255616294597332,105
5915000,23760.00000300555,-518396.7149236677,301.12323862708746,1.0258673697911536,105
5920000,23780.000003009623,-518305.81627118867,299.2119587305284,1.02392819765785,105
5925000,23800.000003013698,-516189.69852186926,300.5407088358336,1.0268980730200468,105
5930000,23820.000003017773,-517556.11007790966,300.3152643547072,1.0249317867029133,105
5935000,23840.000003021847,-516899.6677004846,303.0201961027045,1.0270004050276036,105
5940000,23860.00000302592,-516995.76381330634,300.10173657775823,1.0242992275633485,105
5945000,23880.000003029996,-517651.1536801972,302.2846610940672,1.0219973118758299,105
5940000,23860.00000302592,-516787.835405855,300.6786627919953,1.0233612157149452,--
5945000,23880.000003029996,-515929.798906656,301.718128001198,1.0214352071020427,107
5950000,23900.00000303407,-517987.0429775941,302.0773225774219,1.0290206471249492,107
5955000,23920.000003038145,-517422.4893664501,301.57629600072147,1.030071799412144,107
5960000,23940.00000304222,-517558.8469243783,299.3302306711312,1.0270368597135928,107
5965000,23960.000003046294,-516992.1502531003,299.4575182791352,1.027456478495318,106
5970000,23980.00000305037,-518277.8042760785,303.36659783577244,1.0264001417293829,106
5975000,24000.000003054443,-517023.720516277,299.6344269823925,1.0247803624683838,106
5980000,24020.000003058518,-518866.62784886104,298.65691353562386,1.0274774937779836,106
5985000,24040.000003062592,-518158.0415866331,299.0329196972491,1.0290962280538725,106
5990000,24060.000003066667,-517028.2231550389,301.8559894557257,1.0275463043853224,106
5995000,24080.00000307074,-515098.7957333219,299.6807145821687,1.0235016405540442,106
6000000,24100.000003074816,-517477.64930341183,302.0191427386111,1.0291549369469757,106
6005000,24120.00000307889,-516398.3318754146,300.3399748091614,1.0277014840165943,106
6010000,24140.000003082965,-517498.4304114699,300.8444861967795,1.0222741838665426,106
6015000,24160.00000308704,-517691.58455718285,301.32296054898126,1.0251090265378255,106
6020000,24180.000003091114,-517704.46739428723,302.2194860749181,1.0284143040662186,106
6025000,24200.00000309519,-518955.08258836577,300.461810994146,1.023814788735576,106
6030000,24220.000003099263,-516981.115434862,301.16403142117326,1.0235732334501513,106
6035000,24240.000003103338,-516455.29986450495,302.1772834199753,1.0218969012818393,106
6040000,24260.000003107412,-517890.8336441105,304.896900549641,1.029735206887812,106
6045000,24280.000003111487,-517778.0638653138,299.32162549428546,1.0271958028343022,106
6050000,24300.00000311556,-516889.0816969825,301.2938621875542,1.0230883511179882,106
6055000,24320.000003119636,-517189.0363182954,300.8780088497416,1.0275884321136695,106
6060000,24340.00000312371,-515793.13766616327,299.0610522732896,1.0285538575805722,106
6065000,24360.000003127785,-516599.9418767523,297.91138152334673,1.0257097168143325,106
6070000,24380.00000313186,-517521.53759758547,301.2124917809697,1.026233285896668,106
6075000,24400.000003135934,-517553.58854273893,298.90189469407755,1.0242585451305473,106
6080000,24420.00000314001,-516922.00828890805,299.9155327861846,1.0265235888251016,106
6085000,24440.000003144083,-517600.6677887074,299.536340677664,1.0271700317429973,106
6090000,24460.000003148158,-518142.4891214741,302.1276990543382,1.0289798645468633,105
6095000,24480.000003152232,-517362.92555508064,301.452787447248,1.027036253334962,105
6100000,24500.000003156307,-517495.8777117098,300.0942559716468,1.0253997060160502,105
6105000,24520.00000316038,-517690.1531627963,302.0962328086679,1.0263334811930536,105
6110000,24540.000003164456,-516839.89555057744,298.5169833113744,1.025925585858301,105
6115000,24560.00000316853,-516234.3614690283,299.3024495199794,1.024559159118763,105
6120000,24580.000003172605,-518015.2094696511,303.35467164099856,1.030916004371327,105
6125000,24600.00000317668,-517970.803712633,304.77235380184635,1.0272743268186435,105
6130000,24620.000003180754,-516641.0977896098,298.8405816614002,1.0271036292128912,105
6135000,24640.00000318483,-516930.1713102367,301.09496789483285,1.0266584171505955,105
6140000,24660.000003188903,-517481.98814873304,301.4442918031983,1.0317482783407206,105
6145000,24680.000003192978,-517549.6897328375,300.1247321706057,1.025742923872115,105
6150000,24700.000003197052,-517686.3922534159,299.47225451772033,1.0275429622813008,105
6155000,24720.000003201127,-517067.2303177435,301.85195655451287,1.0258746188010244,105
6160000,24740.0000032052,-517193.0335873505,301.87181555435205,1.0249952312874582,105
6165000,24760.000003209276,-516388.5568749523,302.0199121741545,1.0254613296102926,105
6170000,24780.00000321335,-518868.0898493144,301.83072965517647,1.0298955338936937,105
6175000,24800.000003217425,-517506.03269988694,299.24547555915706,1.027220441406556,105
6180000,24820.0000032215,-516667.2626647712,300.7685098171838,1.0267556908281843,105
6185000,24840.000003225574,-517148.8940784752,302.65203082803777,1.0243341676512128,105
6190000,24860.00000322965,-518404.1424558363,300.3080529874591,1.025399439986155,105
6195000,24880.000003233723,-517907.0311942813,299.7660773901484,1.022170676833299,105
6200000,24900.000003237798,-516386.6902512873,302.82212438992553,1.0235292487561183,105
6205000,24920.000003241872,-515880.3585883265,299.77302649519487,1.024662078752376,105
6210000,24940.000003245947,-515009.0160712353,301.0156292365326,1.0193910649510471,105
6215000,24960.00000325002,-516965.1828385447,299.77677136951445,1.0271312694149795,105
6220000,24980.000003254096,-517232.73021135526,302.42841445730045,1.0254761983267253,105
6225000,25000.00000325817,-517140.29038511193,300.2988243857398,1.0281510215780043,105
6230000,25020.000003262245,-517153.57401081827,303.40244335693774,1.0257893232226754,105
6235000,25040.00000326632,-517381.41119096754,302.93220824070704,1.023048654204819,105
6240000,25060.000003270394,-516947.8885865598,301.3117490304296,1.0242906364498476,105
6245000,25080.00000327447,-517850.38636041153,301.8061427883388,1.0261725285527747,105
6250000,25100.000003278543,-516878.84254402784,301.7904508114917,1.0247768690035957,105
6255000,25120.000003282617,-517930.71007649647,303.35658741450084,1.0287551666187569,105
6260000,25140.000003286692,-517382.1970631615,301.5361230474465,1.0248192201870543,105
6265000,25160.000003290766,-517155.4298320976,299.60990347620293,1.0240728565741042,105
6270000,25180.00000329484,-516287.353774016,301.4248059461687,1.0216166474809347,105
6275000,25200.000003298916,-518571.02582345554,300.3552368300699,1.0294171456041221,105
6280000,25220.00000330299,-516700.23396800086,301.0862699535561,1.0243571324026608,105
6285000,25240.000003307065,-516343.37501932424,301.8626203666466,1.0255847839203458,105
6290000,25260.00000331114,-517303.2193806018,299.87825986937264,1.027264400985635,105
6295000,25280.000003315214,-516643.56175727,301.5854691575903,1.0239522042324825,105
6300000,25300.00000331929,-517425.0976866535,301.98699755953436,1.0280651833133054,105
6305000,25320.000003323363,-515395.8961350792,300.88215964248894,1.0258487178033318,105
6310000,25340.000003327437,-517295.30037193606,300.5309893975346,1.0247944046840167,105
6315000,25360.000003331512,-515994.1863731991,300.7104360403092,1.0204444786446443,105
6320000,25380.000003335586,-517297.29934952385,301.5375223855833,1.0307073879474844,105
6325000,25400.00000333966,-516841.6593436927,301.71773447255464,1.0244557270555334,105
6330000,25420.000003343735,-516295.4680995068,303.86720278689256,1.0225723312359087,105
6335000,25440.00000334781,-516983.46727172565,300.6966159052116,1.024211420104148,105
6340000,25460.000003351885,-517468.48693714105,299.2256364257287,1.0262828038024119,105
6345000,25480.00000335596,-517374.4485042484,301.2112304043748,1.0271142179529134,105
6350000,25500.000003360034,-516516.3613287294,301.9571948649672,1.0240359214852164,105
6355000,25520.000003364108,-517001.23256494873,300.0416235681234,1.0272963412718976,105
6360000,25540.000003368183,-516462.91786554083,302.7227382934169,1.0252973656057336,105
6365000,25560.000003372257,-519342.2470289029,301.4584063077216,1.030107183014614,105
6370000,25580.00000337633,-518499.93017562944,301.68917973820317,1.0273608468040758,105
6375000,25600.000003380406,-516785.02977827564,300.36949092636434,1.021078162470516,105
6380000,25620.00000338448,-517996.3686737525,301.5339380368138,1.0250031578106875,105
6385000,25640.000003388555,-517261.32238228875,302.3317773671208,1.0263438762166575,105
6390000,25660.00000339263,-516987.89323709277,299.6751310038863,1.0278960150859988,105
6395000,25680.000003396704,-516774.0275749052,300.13914577318707,1.0257251902501832,105
6400000,25700.00000340078,-517215.80148659414,303.1285158908244,1.0226117280485425,105
6405000,25720.000003404853,-517663.14017881616,300.55003701558525,1.0273669588210703,105
6410000,25740.000003408928,-517608.8569485047,300.88791882723154,1.0229319762279319,105
6415000,25760.000003413003,-517547.9184139548,299.7189713752467,1.0279248194422415,105
6420000,25780.000003417077,-516106.5631899829,301.7378479996048,1.0264112631420657,105
6425000,25800.00000342115,-517311.4932371711,302.29372009959593,1.0264796242012268,105
6430000,25820.000003425226,-517032.97446393943,302.2880001197472,1.0271422454533348,105
6435000,25840.0000034293,-516577.22694150195,299.5763892278281,1.0230174804771441,105
6440000,25860.000003433375,-516792.84125791164,303.6153153305251,1.0240451036574578,105
6445000,25880.00000343745,-518407.960418846,304.4510764012295,1.0218343947176851,105
6450000,25900.000003441524,-516198.70527644246,300.9317524646053,1.0230479631315283,105
6455000,25920.0000034456,-517975.1352947524,301.3434503714596,1.0279393404474853,105
6460000,25940.000003449673,-517602.25275411154,300.9069139565146,1.0267234598155839,105
6465000,25960.000003453748,-517403.5498066121,299.68839271766984,1.0257663387054319,105
6470000,25980.000003457822,-517676.9686641784,302.18341559469275,1.0310119956355115,105
6475000,26000.000003461897,-517648.52549465233,299.8130397789354,1.0240502711040478,105
6480000,26020.00000346597,-518039.2490634201,300.5119939443614,1.0266993844455516,105
6485000,26040.000003470046,-516212.6653605008,298.0097066349666,1.0254217065728857,105
6490000,26060.00000347412,-517128.19492137246,303.8947476333172,1.0267517025024433,105
6495000,26080.000003478195,-518198.7580032139,300.2137803455407,1.0255370377072552,105
6500000,26100.00000348227,-517635.6285560657,300.49516115930396,1.0231786657834308,105
6505000,26120.000003486344,-517490.98414896056,301.2888409520513,1.0257789983573506,105
6510000,26140.00000349042,-516998.14396635327,301.57278137163553,1.026282323847815,105
6515000,26160.000003494493,-517159.64118128247,301.63697515325697,1.0272437822489922,105
6520000,26180.000003498568,-516941.29987033503,299.96584209486673,1.0300515675358457,105
6525000,26200.000003502642,-516189.8591227243,302.02904270205437,1.0248266303195608,105
6530000,26220.000003506717,-517237.67653764575,300.17713279658784,1.028239763963552,105
6535000,26240.00000351079,-518009.640143967,302.0911733287436,1.0243205074819715,105
6540000,26260.000003514866,-516601.01209864044,299.82747740891034,1.0254747607177368,105
6545000,26280.00000351894,-516123.8626911561,302.4457960092621,1.0226161199713597,105
6550000,26300.000003523015,-518643.73750855634,303.27465310363215,1.0265487359028778,105
6555000,26320.00000352709,-517306.21875487734,300.4659568119531,1.0268053008009526,105
6560000,26340.000003531164,-517101.68356142286,302.1187835462944,1.025142215402154,105
6565000,26360.00000353524,-516315.20120781334,300.4219054577002,1.0220731202364641,105
6570000,26380.000003539313,-516726.9618047157,298.7460279801543,1.0234928433698687,105
6575000,26400.000003543388,-517632.3871257403,301.9476463148181,1.0247910726897962,105
6580000,26420.000003547462,-517188.5929586368,301.31885368945166,1.0297857581450274,105
6585000,26440.000003551537,-517471.1762447804,301.9306450917951,1.0283682824460674,105
6590000,26460.00000355561,-517429.2080013987,301.8433835826684,1.0268566225253588,105
6595000,26480.000003559686,-516456.91536261095,299.403675658854,1.0264606190685976,105
6600000,26500.00000356376,-517298.4235953763,300.3040612785893,1.0243509124622845,105
6605000,26520.000003567835,-517435.22366564046,300.56384807481817,1.0256482975608392,105
6610000,26540.00000357191,-517155.72440417507,300.01836389716476,1.0294567891411897,105
6615000,26560.000003575984,-516270.4920528142,300.5728065336908,1.0232450452845516,105
6620000,26580.00000358006,-517143.0652821064,300.1633243830336,1.0232995883596643,105
6625000,26600.000003584133,-517491.6636472307,300.9280266974074,1.0268567241045474,105
6630000,26620.000003588208,-517425.09545007045,300.7121451787986,1.0256855552714221,105
6635000,26640.000003592282,-517942.4915188481,298.93774431024417,1.0271484565730271,105
6640000,26660.000003596357,-516225.2618784921,298.89815107733006,1.0230309659678132,105
6645000,26680.00000360043,-517194.6738082499,299.3385579975342,1.0282191299508985,105
6650000,26700.000003604506,-517253.5942762124,302.21047105701643,1.0251697794972388,105
6655000,26720.00000360858,-516940.9957022865,301.79641799224225,1.0275406372895777,105
6660000,26740.000003612655,-518286.71301330416,300.5854998405968,1.0308943756051172,105
6665000,26760.00000361673,-518570.4524866112,302.43039312217815,1.0293565491059506,105
6670000,26780.000003620804,-518547.1715400496,300.83175935884293,1.0278203012262226,105
6675000,26800.00000362488,-516921.97010406223,301.02861578139317,1.0252143777996399,105
6680000,26820.000003628953,-517090.9934284,303.8607369337243,1.0295248310361846,105
6685000,26840.000003633028,-517609.2152614596,302.89697006544463,1.029609548345421,105
6690000,26860.000003637102,-517058.3467168163,300.90643520528164,1.0242480734680757,105
6695000,26880.000003641177,-517439.5476219675,299.2904182493351,1.0258391298945715,105
6700000,26900.00000364525,-516863.25170050166,300.28547189060214,1.0236917432890158,105
6705000,26920.000003649326,-517483.4560685039,302.22015302639915,1.0239225078774958,105
6710000,26940.0000036534,-518144.80287243985,302.9016995719037,1.0260281835637888,105
6715000,26960.000003657475,-517344.45396252116,299.963772162613,1.0253903407767864,105
6720000,26980.00000366155,-518277.310030567,302.77176060752373,1.0240505072937993,105
6725000,27000.000003665624,-518592.4683550657,300.39808750993654,1.0306287987581164,105
6730000,27020.0000036697,-517356.6526928565,302.02176051172717,1.0254685443695477,105
6735000,27040.000003673773,-516971.2922589076,300.6600807262819,1.0247794569458994,105
6740000,27060.000003677847,-516874.4036434868,304.53646870332545,1.025403234508993,105
6745000,27080.000003681922,-517709.9250984893,303.06613476491646,1.02207134368002,105
6750000,27100.000003685996,-518274.06729092123,298.98527709580367,1.0295560875326326,105
6755000,27120.00000369007,-519240.6298556216,300.6290517669703,1.0293336116505363,105
6760000,27140.000003694146,-517431.89439898706,301.80303690690937,1.031016175049143,105
6765000,27160.00000369822,-516783.1325523176,301.3439732330117,1.0273001147573855,105
6770000,27180.000003702295,-516501.2251149523,305.4637541904589,1.0280284735938088,105
6775000,27200.00000370637,-518053.5235925878,301.8732461109801,1.027335495068811,105
6780000,27220.000003710444,-518329.6415248341,301.2177707397107,1.0282753584288071,105
6785000,27240.00000371452,-516750.1347791166,300.2236462397418,1.0261961331592953,105
6790000,27260.000003718593,-515743.8467414954,301.1564208784779,1.027931017906904,105
6795000,27280.000003722667,-517624.06634772616,298.8304922031601,1.0290372335251594,105
6800000,27300.000003726742,-516845.609869367,299.0223602192539,1.0268756293783063,105
6805000,27320.000003730816,-517816.778518246,299.47587529915023,1.0287626438932418,105
6810000,27340.00000373489,-517816.7706952472,303.11743530649954,1.028039594059501,105
6815000,27360.000003738965,-516420.8264304898,299.21413260185204,1.028333740785226,105
6820000,27380.00000374304,-517482.52014764585,299.91685284107785,1.0292956195582954,105
6825000,27400.000003747115,-517360.8597651303,298.9375475579025,1.027091580568941,105
6830000,27420.00000375119,-517361.2211304081,300.52295984947597,1.0266768597414226,105
6835000,27440.000003755264,-516075.2677716578,299.6348493759093,1.0218725844068879,105
6840000,27460.000003759338,-517723.0154394142,302.2842869903014,1.0264291884703731,105
6845000,27480.000003763413,-518570.96451306064,301.9911430126538,1.0321719015068824,105
6850000,27500.000003767487,-517477.2177703441,305.6832489987262,1.025214596209278,105
6855000,27520.00000377156,-516920.4719460509,301.8381557258074,1.023968658374799,105
6860000,27540.000003775636,-517152.9306112372,299.8414689467227,1.0237027273356154,105
6865000,27560.00000377971,-516886.9836563377,304.18309246678245,1.0217920771131261,105
6870000,27580.000003783785,-517221.78139423137,303.9920308432569,1.0243725310982148,105
6875000,27600.00000378786,-516353.0147374831,302.3476051032667,1.0280533426503393,105
6880000,27620.000003791934,-517414.3925461676,300.7989783040631,1.0280082864743363,105
6885000,27640.00000379601,-518612.0304083363,299.2862810345447,1.0264814163742348,105
6890000,27660.000003800084,-517510.0149237723,297.9763782022696,1.0307977146153535,105
6895000,27680.000003804158,-515478.89829556295,301.6185108532929,1.0252294090114429,105
6900000,27700.000003808233,-517282.86357309204,302.4648184106601,1.0255209705986523,105
6905000,27720.000003812307,-516749.46651113615,303.21126717725514,1.0243217605518646,105
6910000,27740.00000381638,-517295.36093165725,300.3710631974553,1.0270437174470672,105
6915000,27760.000003820456,-516384.20492021437,300.9043177916711,1.028357716019131,105
6920000,27780.00000382453,-517887.24904146185,300.88421206757147,1.026143795093694,105
6925000,27800.000003828605,-517726.12856154516,301.5268097838831,1.0260974748342402,105
6930000,27820.00000383268,-515482.3427563943,299.8017300923593,1.0260068933791664,105
6935000,27840.000003836754,-516965.04791757953,302.0930107421347,1.0285428914246908,105
6940000,27860.00000384083,-517633.74308255105,299.39928297419385,1.023944102901219,105
6945000,27880.000003844903,-515692.8196197599,297.14259079829327,1.0244696276386687,105
6950000,27900.000003848978,-517087.48413488036,301.22715744944685,1.0264756743066756,105
6955000,27920.000003853052,-516797.55137640215,301.59035837764054,1.0276480969779533,105
6960000,27940.000003857127,-516621.1612511007,304.37513428763987,1.0231336717074035,105
6965000,27960.0000038612,-517352.6957426369,299.69624230127533,1.0278236030098797,105
6970000,27980.000003865276,-517721.2101264044,299.7785397006687,1.027364686062949,105
6975000,28000.00000386935,-517187.6668902184,299.1935164753691,1.0248640544933867,105
6980000,28020.000003873425,-517178.81969540054,300.8419284223454,1.0277474726960647,105
6985000,28040.0000038775,-517081.9017925004,301.8231779742281,1.0290474569616284,105
6990000,28060.000003881574,-517831.2136501102,301.19263800392883,1.0282015211593885,105
6995000,28080.00000388565,-517405.175550048,301.81268789188977,1.0269482327580286,105
7000000,28100.000003889723,-517761.4798388609,304.5282310270269,1.0256117702157177,105
7005000,28120.000003893798,-516327.4532065487,302.41735191199604,1.0251128221770336,105
7010000,28140.000003897872,-518570.9604346936,300.09781855013665,1.0299896120530454,105
7015000,28160.000003901947,-517166.0329034568,303.88194233435826,1.0318787180261912,105
7020000,28180.00000390602,-516319.9681971774,300.3190604206264,1.0241361431523102,105
7025000,28200.000003910096,-517905.5924216069,299.94173003609166,1.0293631504111196,105
7030000,28220.00000391417,-518293.08366457676,301.91723528388735,1.0292954833988042,105
7035000,28240.000003918245,-518430.04091040744,298.42102081889493,1.0280798663818114,105
7040000,28260.00000392232,-517462.3532605148,300.2098607910761,1.0264945639517262,105
7045000,28280.000003926394,-518267.77759094676,300.73568942032625,1.0280727473563738,105
7050000,28300.00000393047,-518383.06971143954,299.95715244332837,1.0247954382174342,105
7055000,28320.000003934543,-517668.7785126704,301.9761226535709,1.0289392362270249,105
7060000,28340.000003938618,-514700.1812869718,301.46376702791423,1.0237761577761944,105
7065000,28360.000003942692,-517611.34627263085,300.7840431713035,1.0267387330949374,105
7070000,28380.000003946767,-517861.09351923456,299.39441308764384,1.0258295968495998,105
7075000,28400.00000395084,-517387.5826422754,300.16728643876934,1.0285326743074688,105
7080000,28420.000003954916,-516973.63903613645,301.1244669648843,1.0245059350020747,105
7085000,28440.00000395899,-516803.828361779,299.3781442734527,1.0265333469408262,105
7090000,28460.000003963065,-516449.7389131009,301.9271184154722,1.0269277421154752,105
7095000,28480.00000396714,-516957.73784347926,301.9183213269874,1.0228103381069413,105
7100000,28500.000003971214,-518420.7320917775,300.50114297265236,1.028617810479948,105
7105000,28520.00000397529,-516850.07382529695,301.43871390886375,1.028108080646582,105
7110000,28540.000003979363,-517579.9715519643,303.83140721496204,1.0262131214613026,105
7115000,28560.000003983438,-517110.97727019526,303.0438891809338,1.0250162760771022,105
7120000,28580.000003987512,-517622.6770198897,297.03894066382964,1.0271234529631281,105
7125000,28600.000003991587,-516475.5323038441,302.69431466053487,1.026425469921996,105
7130000,28620.00000399566,-517580.495928911,301.93787758285123,1.0308800552805262,105
7135000,28640.000003999736,-516702.225623772,302.3121182472552,1.0265689023097606,105
7140000,28660.00000400381,-518563.23075594543,300.9219451948938,1.0282823384050008,105
7145000,28680.000004007885,-517530.33002349385,301.3279829792994,1.0286648894826191,105
7150000,28700.00000401196,-516678.58102156315,300.13703290390674,1.0281740017955152,105
7155000,28720.000004016034,-517384.5119431992,303.89787160686427,1.0268547010906668,105
7160000,28740.00000402011,-515934.1971977139,299.1634161609432,1.0246964443066202,105
7165000,28760.000004024183,-516140.6042930037,302.3846567136959,1.0246448900775549,105
7170000,28780.000004028258,-517457.547961849,302.8256604661578,1.0250111425443076,105
7175000,28800.000004032332,-516281.60525202495,299.9718638990486,1.0238283732919653,105
7180000,28820.000004036407,-516566.2580144291,301.1861421225893,1.0216716535506176,105
7185000,28840.00000404048,-517663.97950607585,298.6572185283177,1.024975121886253,105
7190000,28860.000004044556,-517534.72887599166,300.837075716942,1.0300758768462894,105
7195000,28880.00000404863,-517012.1216754413,298.55182826131227,1.0310918161623688,105
7200000,28900.000004052705,-516357.28013793426,300.3268324828298,1.024030340049161,105
7205000,28920.00000405678,-517373.9087008664,302.15854564663164,1.0254571789155498,105
7210000,28940.000004060854,-516051.3102664952,302.1436695225557,1.029319813121311,105
7215000,28960.00000406493,-518055.95802769996,302.6146099182887,1.0263264854982512,105
7220000,28980.000004069003,-517712.6536765762,299.0218089975287,1.0264699817687808,105
7225000,29000.000004073077,-517461.62041434436,300.1292082487519,1.02624462631959,105
7230000,29020.000004077152,-518369.3974999839,300.9892647079528,1.0244355770330524,105
7235000,29040.000004081227,-516898.30918904464,299.35145237943163,1.0261643341526652,105
7240000,29060.0000040853,-517194.9302440658,298.79402071565625,1.0284630225374174,105
7245000,29080.000004089376,-517031.7978323528,301.5824537192189,1.0225797047738996,105
7250000,29100.00000409345,-517858.8443538209,299.79314188010693,1.027833013480793,105
7255000,29120.000004097525,-517059.2883575107,302.20417130165566,1.0262274251412833,105
7260000,29140.0000041016,-517276.9281267526,299.853573498625,1.0275233032427205,105
7265000,29160.000004105674,-517819.04867587006,299.18611241899566,1.0285169534245844,105
7270000,29180.00000410975,-517009.62307204097,299.22046216321854,1.0260113432652334,105
7275000,29200.000004113823,-517883.2429599073,300.7013956182785,1.0295978810243054,105
7280000,29220.000004117897,-517243.2078181652,302.6383652787661,1.023569642771441,105
7285000,29240.000004121972,-517266.4324493811,299.4616108377138,1.0281823843547013,105
7290000,29260.000004126046,-516974.2625780422,302.5921779416574,1.025240710643946,105
7295000,29280.00000413012,-517155.56468802015,301.08949284797524,1.0253814107666726,105
7300000,29300.000004134195,-518939.1096693054,299.37014314509634,1.032254217289671,105
7305000,29320.00000413827,-518577.8457665262,300.45201297682115,1.0331909575293619,105
7310000,29340.000004142345,-515878.9070647466,300.4523364831665,1.0238115466746156,105
7315000,29360.00000414642,-517926.68606846966,300.78380025723,1.0304636251799495,105
7320000,29380.000004150494,-519161.33855355764,301.45174361309125,1.0293628169999665,105
7325000,29400.000004154568,-517282.1164318344,297.8433000561867,1.0261270215013816,105
7330000,29420.000004158643,-517596.768951833,301.56007698282275,1.0233604201612976,105
7335000,29440.000004162717,-516868.2430380562,301.59094102271547,1.0256784597189,105
7340000,29460.00000416679,-518313.26069960697,300.7187894310821,1.026797364364784,105
7345000,29480.000004170866,-517008.75928182737,298.67967137743904,1.0208011667131645,105
7350000,29500.00000417494,-518065.1904205505,301.769397788251,1.0294241412272322,105
7355000,29520.000004179015,-517534.3173286938,299.2603303957226,1.0322579278955144,105
7360000,29540.00000418309,-516856.59493270214,301.89189974691936,1.0212463341391411,105
7365000,29560.000004187164,-518226.20316431974,300.877640619744,1.0270839418387339,105
7370000,29580.00000419124,-517901.5434066537,300.7805479559828,1.0277124639995114,105
7375000,29600.000004195314,-516504.66089772386,299.1628347061667,1.0266749581234116,105
7380000,29620.000004199388,-517644.07246600906,300.2220741086439,1.0255389221148532,105
7385000,29640.000004203463,-518044.9250625719,298.57189955927146,1.0268821008489708,105
7390000,29660.000004207537,-518521.0585423298,301.7857633105153,1.0240854343157078,105
7395000,29680.00000421161,-516057.8975018596,301.60356329419477,1.0239982580242157,105
7400000,29700.000004215686,-517416.10082480544,302.1053326767583,1.024440266687035,105
7405000,29720.00000421976,-516005.4915902456,299.15338979347825,1.0227336310046624,105
7410000,29740.000004223835,-517589.39093880495,300.9654632280239,1.0251266584255445,105
7415000,29760.00000422791,-517710.45874932944,301.7346111276162,1.0274904521610664,105
7420000,29780.000004231984,-516577.0966274245,301.63309035890944,1.025990148530351,105
7425000,29800.00000423606,-516359.51225874084,302.9969883454904,1.0211093652395495,105
7430000,29820.000004240133,-517514.73717257497,302.262004494747,1.02811320090032,105
7435000,29840.000004244208,-517204.35626013926,300.0147634954486,1.0268652609822588,105
7440000,29860.000004248282,-517076.1404986237,301.0443965022082,1.02623467640402,105
7445000,29880.000004252357,-515958.8079242315,301.17191547690567,1.02612906559178,105
7450000,29900.00000425643,-517771.819756374,300.3109647253731,1.0254028261013586,105
7455000,29920.000004260506,-517181.6407427108,303.4471098110186,1.0229524712840836,105
7460000,29940.00000426458,-516890.18265696685,300.2286412201954,1.023420615973338,105
7465000,29960.000004268655,-517940.76223973767,302.81899282395034,1.0272169999135061,105
7470000,29980.00000427273,-517174.1599038043,304.4909930483258,1.0244613352682375,105
7475000,30000.000004276804,-516296.59663922735,300.31128818880524,1.0223630579679435,105
7480000,30020.00000428088,-516889.13128149137,300.64830245531584,1.026977019377908,105
7485000,30040.000004284953,-518294.0020043405,301.6311589259952,1.0296852765733067,105
7490000,30060.000004289028,-516823.38287061686,300.5883927200494,1.0265355247827532,105
7495000,30080.000004293102,-517597.81578559754,301.7216380887772,1.025934552460386,105
7500000,30100.000004297177,-516493.3623735367,301.3452018233179,1.0232747934679598,105
7505000,30120.00000430125,-517663.88710620767,302.5396925159592,1.0232016119726188,105
7510000,30140.000004305326,-515989.5285604128,300.1353217950024,1.0228103740672538,105
7515000,30160.0000043094,-517033.04323977954,299.99952491211724,1.0275788543634115,105
7520000,30180.000004313475,-516594.8585332711,300.2671663856554,1.0229457839082783,105
7525000,30200.00000431755,-517573.58758931677,300.73830098190496,1.0291804301937768,105
7530000,30220.000004321624,-517518.4798540969,300.70101446164074,1.0290986633448407,105
7535000,30240.0000043257,-516614.4175130138,302.71395895558993,1.0243735930488869,105
7540000,30260.000004329773,-516780.72788782464,301.4159904072257,1.0236216421136093,105
7545000,30280.000004333848,-516396.74436972453,299.26629980350185,1.0260214810986008,105
7550000,30300.000004337922,-516880.6636030995,300.4257761140877,1.0258140601852024,105
7555000,30320.000004341997,-517860.49443381606,300.79734304430286,1.0247283325781924,105
7560000,30340.00000434607,-517540.48289603787,301.95649405875133,1.0261955354216783,105
7565000,30360.000004350146,-516085.2477544518,300.8458529180928,1.023477425380709,105
7570000,30380.00000435422,-517162.8587594812,299.9873198065354,1.0268097116180104,105
7565000,30360.000004350146,-518132.72893038346,303.6631152188641,1.030885494645053,--
7570000,30380.00000435422,-517551.84350859374,299.0797836171314,1.0227973397419015,107
7575000,30400.000004358295,-517124.75228891266,301.08092122725276,1.0258075137670881,107
7580000,30420.00000436237,-518440.1210539248,300.6237049816786,1.0226644981950288,106
7585000,30440.000004366444,-517166.15855327994,299.8400433654534,1.0262034597526513,106
7590000,30460.00000437052,-516979.76235820656,303.6228569853958,1.0236310250745075,106
7595000,30480.000004374593,-516988.3966054835,301.34446682102765,1.018873306047009,106
7600000,30500.000004378668,-518241.57695948845,301.03615611019256,1.028519712754548,106
7605000,30520.000004382742,-517723.33134355955,302.3665688857307,1.0295533878002738,106
7610000,30540.000004386817,-517413.6844630281,301.14484112471536,1.0236145037658944,106
7615000,30560.00000439089,-515996.45406695176,303.3621383749352,1.0249579981269787,106
7620000,30580.000004394966,-515890.9475658557,300.8992456107526,1.025730645841936,106
7625000,30600.00000439904,-517929.15700704046,298.8682239644479,1.0277860876272478,106
7630000,30620.000004403115,-516509.16792311263,299.17332029196893,1.0283774125012026,106
7635000,30640.00000440719,-516745.51612685807,300.53650346977065,1.0290091945646525,106
7640000,30660.000004411264,-517977.11366235,300.5815539475181,1.028381162590723,106
7645000,30680.00000441534,-518277.4756431794,302.2322603942448,1.0273863265330587,106
7650000,30700.000004419413,-518679.5567084742,300.37455790844024,1.0289821219451551,106
7655000,30720.000004423488,-515917.80820141546,300.4561683318947,1.0214630769317599,106
7660000,30740.000004427562,-517538.70202831784,302.09910931303074,1.0263854743993701,105
7665000,30760.000004431637,-518264.1976296338,301.3661336288283,1.0288056026484287,105
7670000,30780.00000443571,-519027.817006659,301.0074287416901,1.0298245862698134,105
7675000,30800.000004439786,-517576.5307691437,302.1392921362782,1.0265543546985332,105
7680000,30820.00000444386,-516385.09692832734,302.3603215614573,1.0222280595705437,105
7685000,30840.000004447935,-517302.9181770405,300.2833076985561,1.025990536176119,105
7690000,30860.00000445201,-516192.35293418216,300.8334328336704,1.0256400803190595,105
7695000,30880.000004456084,-515948.6561128141,303.4568331172872,1.0268355735359989,105
7700000,30900.00000446016,-516226.34853522107,298.7809986511979,1.0228262954787704,105
7705000,30920.000004464233,-517810.6871087868,299.49575725027023,1.0251981581146155,105
7710000,30940.000004468307,-516990.7541481615,297.6198166611752,1.0273551453999081,105
7715000,30960.000004472382,-516393.58503402467,303.32328498480575,1.02819652273269,105
7720000,30980.000004476457,-518398.0944113345,300.37570032317734,1.0323848421787107,105
7725000,31000.00000448053,-516874.32720889826,300.51865964801414,1.0245662058032643,105
7730000,31020.000004484606,-518642.15615106677,300.03968626939013,1.0268207234138642,105
7735000,31040.00000448868,-517323.11008139094,299.62719305425753,1.0275509230915012,105
7740000,31060.000004492755,-518084.03714710963,300.2614505015971,1.027829200295392,105
7745000,31080.00000449683,-517644.3456954567,299.30696235954224,1.028423435628645,105
7750000,31100.000004500904,-517709.05258615245,300.82623941889733,1.0269604340674794,105
7755000,31120.00000450498,-518353.9317161171,302.6058177684915,1.02670832106783,105
7760000,31140.000004509053,-517837.2798634863,301.23138970095687,1.025257078426084,105
7765000,31160.000004513127,-516914.0744591295,300.6215495376063,1.0254939408903814,105
7770000,31180.000004517202,-518321.2016540356,302.41561967623954,1.0267674549464196,105
7775000,31200.000004521276,-516847.19359506224,301.4811586007933,1.0272672379074415,105
7780000,31220.00000452535,-517588.4170215146,301.0657375023122,1.0288088310437669,105
7785000,31240.000004529425,-517365.86485596676,300.13750994719095,1.0247841266675826,105
7790000,31260.0000045335,-517600.1084209606,300.9789459481992,1.0298566541032208,105
7795000,31280.000004537575,-516419.13281278475,300.8499353111329,1.0260046556874127,105
7800000,31300.00000454165,-518732.2730298047,301.92890625381483,1.0273304463015878,105
7805000,31320.000004545724,-517134.2231500929,302.0403252100664,1.0280525597493835,105
7810000,31340.000004549798,-516773.97724115546,301.89184938698315,1.024305186070152,105
7815000,31360.000004553873,-516214.7650827905,299.97464705360954,1.0220950271327727,105
7820000,31380.000004557947,-518556.46832714323,302.09491131173314,1.0296721787648877,105
7825000,31400.00000456202,-517168.9996705549,302.07985751572966,1.024894187956116,105
7830000,31420.000004566096,-516669.9811228444,301.4275469865301,1.0251370393146866,105
7835000,31440.00000457017,-517250.5274926848,300.48325664210006,1.028905607146723,105
7840000,31460.000004574245,-517155.6434098629,298.92171915372853,1.0255472435907358,105
7845000,31480.00000457832,-516489.44710913044,299.8747160142436,1.0240142005782658,105
7850000,31500.000004582394,-517599.76958388975,302.1281616860683,1.0282194025532583,105
7855000,31520.00000458647,-517641.42227246193,300.95284409004574,1.0275536041936026,105
7860000,31540.000004590544,-517361.85311259935,302.49365892883804,1.0231895923545318,105
7865000,31560.000004594618,-517808.3512349229,302.1240985954338,1.0262301699702745,105
7870000,31580.000004598693,-518253.9224644094,302.86085636005345,1.0291685480642414,105
7875000,31600.000004602767,-517800.79575345526,302.17600554016906,1.0230769768818384,105
7880000,31620.00000460684,-517110.17299980624,301.685593524621,1.0250767560197853,105
7885000,31640.000004610916,-517540.81156173605,301.5394196674748,1.0283476628568604,105
7890000,31660.00000461499,-516460.61703724763,301.7625153159738,1.0264113886978623,105
7895000,31680.000004619065,-517469.9076043393,302.1001198325606,1.024546393385434,105
7900000,31700.00000462314,-517247.3763522322,300.82443725978624,1.0285142653249517,105
7905000,31720.000004627214,-517916.3779651979,301.87560564195513,1.025759927102546,105
7910000,31740.00000463129,-517029.99192418694,300.80215730162644,1.0270345219817751,105
7915000,31760.000004635363,-517311.2845512731,299.1141886376797,1.0291535732809396,105
7920000,31780.000004639438,-516240.6827810977,300.5749546338058,1.0243458430998975,105
7925000,31800.000004643513,-517645.18707670155,301.85757473868244,1.0267841038478465,105
7930000,31820.000004647587,-515898.6787200647,302.3410466166646,1.0273732437149528,105
7935000,31840.00000465166,-516153.4618831852,300.27389884892114,1.0242595337776368,105
7940000,31860.000004655736,-515564.0427148924,300.6000281909424,1.0270141994940234,105
7945000,31880.00000465981,-518207.0608540436,300.2495242143709,1.027119791941054,105
7950000,31900.000004663885,-517140.79066210217,300.3153820760657,1.0259831362526048,105
7955000,31920.00000466796,-516788.67378446856,301.3033101147506,1.0278325967240471,105
7960000,31940.000004672034,-517044.8015181401,303.08212370993044,1.0260382510508284,105
7965000,31960.00000467611,-517454.7081604062,300.1938615444401,1.0256017640025885,105
7970000,31980.000004680183,-518337.7649438109,300.5791567667565,1.0284148074239776,105
7975000,32000.000004684258,-518088.5180633748,302.28862253925587,1.031428588112452,105
7980000,32020.000004688332,-517547.7328875582,300.15167419054836,1.0275483841335393,105
7985000,32040.000004692407,-516968.12577914726,301.51528055532344,1.0248166367155287,105
7990000,32060.00000469648,-518802.273756281,300.35845434278855,1.0293065813271793,105
7995000,32080.000004700556,-516999.2859389358,300.7655763842211,1.0228345427452898,105
8000000,32100.00000470463,-518328.2530286256,299.14744606765765,1.0290847697384273,105
8005000,32120.000004708705,-517095.19346723054,302.44769105838657,1.0274094325672123,105
8010000,32140.00000471278,-518067.67938402016,302.2145907687304,1.0272022226671913,105
8015000,32160.000004716854,-516308.85176815116,303.44160590767143,1.0274362285603569,105
8020000,32180.00000472093,-516894.20953486674,301.5629238090403,1.0222197136413207,105
8025000,32200.000004725003,-517912.5694818436,303.25512460497384,1.0301081344043734,105
8030000,32220.000004729078,-516181.42658478813,296.5033579231249,1.0225176264524705,105
8035000,32240.000004733152,-516647.05052213906,301.4102320122383,1.0254709272771263,105
8040000,32260.000004737227,-517880.9694405799,298.89839651051415,1.0246816951539692,105
8045000,32280.0000047413,-518483.98478541686,300.83267208469647,1.0266704118904535,105
8050000,32300.000004745376,-517499.42335740174,300.16789057927673,1.023304755044878,105
8055000,32320.00000474945,-516384.1433234494,299.39276350434653,1.023858781845198,105
8060000,32340.000004753525,-517878.2556098688,300.1055282282089,1.0243875586919446,105
8065000,32360.0000047576,-518221.69803163083,303.05291259122305,1.0239511860429,105
8070000,32380.000004761674,-516716.5637685179,304.0923804367935,1.0251232305114792,105
8075000,32400.00000476575,-518219.5230474344,299.6324992653187,1.026470785221374,105
8080000,32420.000004769823,-517046.14162019966,304.37336478254656,1.0241199123959104,105
8085000,32440.000004773898,-516138.75417113374,300.5220748265888,1.0260103786934982,105
8090000,32460.000004777972,-516844.1466365501,301.24997030591845,1.0257424843653167,105
8095000,32480.000004782047,-515602.72657543607,303.74107164450834,1.0242934975678895,105
8100000,32500.00000478612,-516753.13296532235,301.55237581090665,1.0261822605843551,105
8105000,32520.000004790196,-517474.8604706279,300.9174204028228,1.0273301229166816,105
8110000,32540.00000479427,-517244.991048099,302.5337916911152,1.0259230317066759,105
8115000,32560.000004798345,-517852.22183351824,298.95211405963687,1.0260317209263725,105
8120000,32580.00000480242,-515382.6980908001,299.6198216051849,1.024142614570584,105
8125000,32600.000004806494,-517588.0672201258,302.71338436304256,1.0255677885336434,105
8130000,32620.00000481057,-516385.24941287725,299.13121198765526,1.0206746956100938,105
8135000,32640.000004814643,-517383.37027737405,304.98405952212283,1.0232595714474189,105
8140000,32660.000004818718,-517943.61782729905,298.18082709101503,1.026398917941987,105
8145000,32680.000004822792,-517936.52588016656,299.99759428919447,1.0267630098626424,105
8150000,32700.000004826867,-517170.27120301686,301.52966343276626,1.025497348279332,105
8155000,32720.00000483094,-518754.18431993155,299.131049384422,1.0302092698534877,105
8160000,32740.000004835016,-515391.380337826,301.51215856147456,1.0218885516513345,105
8165000,32760.00000483909,-517344.33643853175,301.7152980240279,1.030277644459407,105
8170000,32780.00000484316,-517038.9914592586,299.60379281731497,1.0237794225273031,105
8175000,32800.000004847236,-517170.7475716253,301.3035287532824,1.0250884320779492,105
8180000,32820.00000485131,-516833.8858559837,300.20639907420997,1.025558254134345,105
8185000,32840.000004855385,-517730.6521484605,301.74382055872564,1.0295275027863289,105
8190000,32860.00000485946,-516997.71906499844,301.502657343597,1.0251614076598417,105
8195000,32880.000004863534,-517842.90770204854,300.41963130874166,1.02714694569946,105
8200000,32900.00000486761,-516243.4127057947,301.4300730459471,1.0266304316577712,105
8205000,32920.00000487168,-517828.9802302567,299.7549148880788,1.0248314464801784,105
8210000,32940.00000487576,-517390.7318467917,301.31516048649354,1.0268867733791962,105
8215000,32960.00000487983,-517727.35730778286,304.7759343254718,1.0251975803809972,105
8220000,32980.00000488391,-516664.9934907842,302.15526802044536,1.026559207467922,105
8225000,33000.00000488798,-516970.6053708161,300.22138034628875,1.0210855286721539,105
8230000,33020.000004892056,-517276.1706269395,300.44423808781863,1.026895818767726,105
8235000,33040.00000489613,-517503.9645625935,303.40336811444837,1.023081600629718,105
8240000,33060.000004900205,-516563.84537752415,301.11846383217846,1.0255873741662054,105
8245000,33080.00000490428,-517938.97045633965,299.81356516340736,1.0308698188442635,105
8250000,33100.000004908354,-516786.3894892761,301.5241534876591,1.023482236634239,105
8255000,33120.00000491243,-517474.8996555824,299.83577838372105,1.025245814263414,105
8260000,33140.0000049165,-517888.65372209554,301.26476240346665,1.0286823810306638,105
8265000,33160.00000492058,-516779.512887337,301.1110951516598,1.0231113583646596,105
8270000,33180.00000492465,-517642.5436417223,299.9152117999889,1.0300812176908294,105
8275000,33200.00000492873,-517589.11604375765,298.8005459656944,1.0273877789074028,105
8280000,33220.0000049328,-516437.632435614,301.7653723061647,1.0262922965638515,105
8285000,33240.000004936875,-518190.01146149356,300.6996255175898,1.0236546548299983,105
8290000,33260.00000494095,-516741.6503360504,300.9533698576476,1.0272312786214544,105
8295000,33280.000004945025,-518490.93268519687,299.44466522185,1.0295946029276208,105
8300000,33300.0000049491,-516609.266693332,299.54469789846047,1.0308014137919215,105
8305000,33320.00000495317,-517137.4058139806,303.88108789502786,1.0217929148403486,105
8310000,33340.00000495725,-516954.0085898598,299.78263929095755,1.024171217172131,105
8315000,33360.00000496132,-517223.2051481053,303.3244001080666,1.0260266007662076,105
8320000,33380.0000049654,-516480.6953783964,301.3614193571021,1.0275572472129686,105
8325000,33400.00000496947,-518676.2078099551,301.1210652308987,1.028371389860147,105
8330000,33420.000004973546,-516266.46036551055,302.55348449516015,1.0246770565590233,105
8335000,33440.00000497762,-518399.85271350504,301.81047937819403,1.0272055147624444,105
8340000,33460.000004981695,-517864.2939330556,300.59306976561936,1.0295443243085587,105
8345000,33480.00000498577,-518386.4261890184,300.10312617951666,1.0293808333921384,105
8350000,33500.000004989844,-517453.5834163497,302.34041335467634,1.0276285288309597,105
8355000,33520.00000499392,-518092.59766166285,302.36866375382414,1.0302478336445442,105
8360000,33540.00000499799,-516590.4466625466,301.90004685695453,1.0238007281765737,105
8365000,33560.00000500207,-517809.261046492,298.05067001098104,1.024651564640767,105
8370000,33580.00000500614,-517389.5296558691,299.9190847833375,1.0223438755578536,105
8375000,33600.00000501022,-516786.098152698,300.3628089553901,1.0275572065224798,105
8380000,33620.00000501429,-515638.8426213702,298.59052611997953,1.0251094858307186,105
8385000,33640.000005018366,-517737.4390220812,301.87395392297014,1.0279901479872202,105
8390000,33660.00000502244,-517494.22918945854,299.4120545248375,1.0248593218924555,105
8395000,33680.000005026515,-518003.39262780873,299.73613332006397,1.0253345735074453,105
8400000,33700.00000503059,-517750.1843099529,301.8764293929104,1.0273375279163388,105
8405000,33720.000005034664,-516952.25541995536,303.30062580722,1.0236772089639932,105
8410000,33740.00000503874,-517186.29539967794,299.7496694001121,1.02498347506744,105
8415000,33760.00000504281,-517615.1729180331,297.55694065279295,1.0235506667479237,105
8420000,33780.00000504689,-518225.70922689,300.4201952056785,1.0269687686990367,105
8425000,33800.00000505096,-515131.0704466065,304.2472037972276,1.0207183989477862,105
8430000,33820.00000505504,-516333.6226512403,300.76635372638003,1.0295917631847094,105
8435000,33840.00000505911,-516530.58763818676,302.9965762521544,1.0254054576015807,105
8440000,33860.000005063186,-517233.5992336499,301.27314025756476,1.0249100024502453,105
8445000,33880.00000506726,-518295.9433537605,299.45353446399383,1.02818388015876,105
8450000,33900.000005071335,-517293.66875307565,300.33291295528653,1.0233723083806867,105
8455000,33920.00000507541,-517760.8517851811,303.3279258732449,1.0256265235391429,105
8460000,33940.000005079484,-516608.33606658364,301.4735269840798,1.024628061668629,105
8465000,33960.00000508356,-518112.494478354,301.9215047481538,1.0309298652375087,105
8470000,33980.00000508763,-517973.68301305245,303.12039236063237,1.0237839433790723,105
8475000,34000.00000509171,-517654.0065622879,298.31858478475436,1.024966126635682,105
8480000,34020.00000509578,-517495.8151701926,302.0685889557614,1.0283091995661922,105
8485000,34040.00000509986,-517528.5911699424,302.75544999812894,1.0261279053093535,105
8490000,34060.00000510393,-517253.873308833,302.3431580631134,1.0231707479858647,105
8495000,34080.000005108006,-516314.32905760524,302.2563891791182,1.021834789087298,105
8500000,34100.00000511208,-517484.5916531298,302.3177748815359,1.0231366055978537,105
8505000,34120.000005116155,-516393.5264350141,302.4458178165457,1.025046337381485,105
8510000,34140.00000512023,-518328.074840321,300.9346149316709,1.0323841175873298,105
8515000,34160.000005124304,-517641.8405200448,300.46586845187596,1.0238242541783955,105
8520000,34180.00000512838,-516526.01929550176,300.558217654756,1.0250696881765633,105
8525000,34200.00000513245,-518021.57657211134,300.3017229815357,1.0304459043200658,105
8530000,34220.00000513653,-517274.4511896975,301.9874458324609,1.0254130845636737,105
8535000,34240.0000051406,-516678.3651748763,301.0111364027575,1.0257375509661995,105
8540000,34260.00000514468,-516793.16715435893,301.5291453552565,1.02347596020274,105
8545000,34280.00000514875,-517298.79859239934,300.8151553909204,1.0253497549881312,105
8550000,34300.000005152826,-516309.816383485,303.1515139218385,1.0240641445634011,105
8555000,34320.0000051569,-517322.59006925207,300.1828432723765,1.0276444094743376,105
8560000,34340.000005160975,-515924.05747120455,301.32379154396546,1.0234405958295143,105
8565000,34360.00000516505,-517341.6123824138,301.73325122496954,1.0291580326207308,105
8570000,34380.000005169124,-517110.12117166864,302.90822255393397,1.0241353303297578,105
8575000,34400.0000051732,-517996.64971824805,295.659892159666,1.0229828833103363,105
8580000,34420.00000517727,-517503.2391828394,299.9641786008277,1.0244278754232303,105
8585000,34440.00000518135,-516699.43712104927,300.6318885552967,1.0221135052216024,105
8590000,34460.00000518542,-517133.12387110805,300.72131598564636,1.0269977463445892,105
8595000,34480.0000051895,-516811.6040244845,302.4393589638337,1.0231243407926005,105
8600000,34500.00000519357,-516180.656390795,298.84900939815543,1.0260030499440125,105
8605000,34520.000005197646,-517011.66377951857,301.4284769714644,1.0292640896712155,105
8610000,34540.00000520172,-517603.15850305976,302.59343408353124,1.0274700893139121,105
8615000,34560.000005205795,-517554.90014100866,296.7752754366881,1.0260405535618022,105
8620000,34580.00000520987,-517012.81058490556,300.70987211005087,1.0267358709257628,105
8625000,34600.000005213944,-518190.8810393538,302.8699976118787,1.0239525794639404,105
8630000,34620.00000521802,-517807.2072415957,297.8332532253924,1.0286068203188448,105
8635000,34640.00000522209,-517325.62239755667,300.659352346533,1.0265840959440946,105
8640000,34660.00000522617,-517582.8537000667,299.6756007144221,1.0228283401877796,105
8645000,34680.00000523024,-517101.9194573299,299.38479859317727,1.0238989843052684,105
8650000,34700.00000523432,-517664.93686965853,299.4258829198015,1.0249980284831104,105
8655000,34720.00000523839,-517154.3348927421,300.7912336759723,1.0240084988682068,105
8660000,34740.000005242466,-517196.0237801105,302.348427076962,1.0268702998364783,105
8665000,34760.00000524654,-517054.89277155255,302.34937151248994,1.0280610664882919,105
8670000,34780.000005250615,-517947.72279792256,302.2006101978139,1.0264156997622993,105
8675000,34800.00000525469,-517297.7851937283,300.90260703117946,1.026632371010372,105
8680000,34820.000005258764,-517141.49253698485,300.06869878980376,1.0275409561404942,105
8685000,34840.00000526284,-515910.1667700559,301.4217714250352,1.0230174820157103,105
8690000,34860.00000526691,-517517.82195296045,299.73672419907206,1.0248009997559242,105
8695000,34880.00000527099,-517078.36418319494,302.38366447402166,1.0223024295796532,105
8700000,34900.00000527506,-516709.24025210924,301.4366000638557,1.0256119990991588,105
8705000,34920.00000527914,-517655.3413462653,300.142379564516,1.0221735583166909,105
8710000,34940.00000528321,-517254.0515366362,302.7483597590466,1.0256127553478562,105
8715000,34960.000005287286,-517116.6612554388,302.2874801549376,1.0255799195005575,105
8720000,34980.00000529136,-517059.036000171,301.6572777524373,1.0277402576342896,105
8725000,35000.000005295435,-516519.4994418968,300.5249024752393,1.0243465309740851,105
8730000,35020.00000529951,-517380.10501057794,301.29726013169545,1.0282401276267725,105
8735000,35040.000005303584,-517109.17544324393,304.20436514058537,1.0274528408597714,105
8740000,35060.00000530766,-516702.54609054,301.2255099741623,1.0236373747708662,105
8745000,35080.00000531173,-517229.8498701651,301.328311174547,1.0239455633468306,105
8750000,35100.00000531581,-517011.1517111417,302.6059601151363,1.0291427302190082,105
8755000,35120.00000531988,-516578.529132074,298.79233793949425,1.0247165639249396,105
8760000,35140.00000532396,-519383.14193248586,298.61854767758564,1.0286739632588369,105
8765000,35160.00000532803,-517115.1638693081,302.3637285759444,1.026111014810305,105
8770000,35180.000005332106,-516820.54035064904,301.2460231583507,1.0277207704440605,105
8775000,35200.00000533618,-517219.8889510683,300.38092437165835,1.0250584369620868,105
8780000,35220.000005340255,-515322.40123000974,299.1751765886973,1.0236385609114138,105
8785000,35240.00000534433,-517226.8219145227,301.3170316093014,1.0266511883204226,105
8790000,35260.000005348404,-516672.1510471627,299.058845328596,1.0236496886340767,105
8795000,35280.00000535248,-517244.28576796455,298.8823946779478,1.0277255720714618,105
8800000,35300.00000535655,-516877.00256499066,299.013850561153,1.0228051520231538,105
8805000,35320.00000536063,-516746.23572227056,300.75755266021963,1.0251588922532902,105
8810000,35340.0000053647,-517817.30483453185,299.61451629284363,1.0246159462476827,105
8815000,35360.000005368776,-515961.4978223443,302.14897021150387,1.022854019305359,105
8820000,35380.00000537285,-518408.83562729275,302.0441751001408,1.0312871772575154,105
8825000,35400.000005376925,-517184.6995809197,303.7969375720886,1.0255754084619058,105
8830000,35420.000005381,-517165.093946442,301.3423413502203,1.0280034133151412,105
8835000,35440.000005385074,-517384.05800695904,301.0019489320776,1.0230418631398552,105
8840000,35460.00000538915,-516600.53696274967,300.4969059116694,1.0243810231083872,105
8845000,35480.00000539322,-516791.28187947,301.3139639688021,1.0238075142410776,105
8850000,35500.0000053973,-516627.1267955289,302.0259041726763,1.0269414784342064,105
8855000,35520.00000540137,-516714.7274115267,300.17609010799595,1.0232719296007664,105
8860000,35540.00000540545,-517942.83091279934,300.5920899921203,1.0295623260450966,105
8865000,35560.00000540952,-518851.49107277323,302.97568806839666,1.0243326998338353,105
8870000,35580.000005413596,-517931.8874659345,301.32599428716065,1.0288592527936247,105
8875000,35600.00000541767,-517357.2196364333,303.5002767506354,1.0260591841988076,105
8880000,35620.000005421745,-517514.051879568,300.2828091290309,1.0252358685443277,105
8885000,35640.00000542582,-516955.35028797644,300.81130117145756,1.0267055765916122,105
8890000,35660.000005429894,-516634.66369794495,302.98987568744764,1.0226225521719992,105
8895000,35680.00000543397,-517321.3838868432,298.4519276933812,1.0266342288800343,105
8900000,35700.00000543804,-518955.78053755173,302.62755665861005,1.0318820393310413,105
8905000,35720.00000544212,-516834.0890232492,302.82901307255344,1.0277519645529098,105
8910000,35740.00000544619,-516544.863285779,299.3374548415089,1.027220839030821,105
8915000,35760.00000545027,-518096.8556138384,300.8521740695382,1.0291065124511274,105
8920000,35780.00000545434,-517516.13570436276,303.28120167379814,1.0248581541761372,105
8925000,35800.000005458416,-518637.4688646267,300.2000547334864,1.0295571503030023,105
8930000,35820.00000546249,-517966.03735659784,300.36026078041164,1.0275636513990607,105
8935000,35840.000005466565,-517009.0523428912,299.5395220931642,1.0269628846842478,105
8940000,35860.00000547064,-516791.1214585793,301.814101979392,1.0268687666234175,105
8945000,35880.000005474714,-518181.1855089788,303.6913555554495,1.0264055652740012,105
8950000,35900.00000547879,-517267.30685610883,301.59524131709594,1.0259803343778338,105
8955000,35920.00000548286,-517511.08856121125,300.76898116542066,1.0267119192113892,105
8960000,35940.00000548694,-518587.28465719754,299.19551430383655,1.0267737512521686,105
8965000,35960.00000549101,-517253.56704535964,299.3266535113408,1.027266610460009,105
8970000,35980.00000549509,-516579.1488621691,302.07388113099825,1.024806950870364,105
8975000,36000.00000549916,-518519.82786908234,299.96613178856654,1.0302941258755902,105
8980000,36020.000005503236,-517153.7225362663,299.4328711163708,1.025016728409981,105
8985000,36040.00000550731,-516725.95499163284,302.89269772152915,1.0239491433882628,105
8990000,36060.000005511385,-517586.17970179906,300.4804472894432,1.0268378275738617,105
8995000,36080.00000551546,-518217.36959664524,303.52752210243926,1.024984099913928,105
9000000,36100.000005519534,-517587.84393452853,299.9330127067187,1.0254698372693,105
9005000,36120.00000552361,-516342.04281783407,300.39653953744767,1.0250709502482205,105
9010000,36140.00000552768,-517232.0969952615,300.780210699624,1.030009434837271,105
9015000,36160.00000553176,-517276.84710861463,303.25960269588666,1.0250634187163241,105
9020000,36180.00000553583,-518046.6882483498,300.4442670540696,1.0290244541458224,105
9025000,36200.00000553991,-515951.25709698186,300.76111416288086,1.0204844342529713,105
9030000,36220.00000554398,-517852.34093711944,300.94091058043523,1.0264221034331857,105
9035000,36240.000005548056,-518108.80484596477,301.67568327195113,1.0265576218720278,105
9040000,36260.00000555213,-516617.4639470277,301.2575713530947,1.0243780838977035,105
9045000,36280.000005556205,-517106.6150187638,301.9075405715931,1.0244477697618906,105
9050000,36300.00000556028,-517861.325458165,298.28151960552657,1.0250248336147705,105
9055000,36320.000005564354,-516135.00913937204,298.790207180062,1.0254840056422292,105
9060000,36340.00000556843,-517459.30120162247,302.41961116318333,1.0261622864871724,105
9065000,36360.0000055725,-517230.921132606,301.12803208398805,1.0302659623550654,105
9070000,36380.00000557658,-518177.5512404409,304.45341609594345,1.023532348383232,105
9075000,36400.00000558065,-515831.32585520274,303.8629997575053,1.0248286680387706,105
9080000,36420.00000558473,-518273.21523966873,299.55064773284704,1.0269238938493344,105
9085000,36440.0000055888,-517391.33897177456,300.2634766685719,1.0250414394464675,105
9090000,36460.000005592876,-517013.92227448546,300.7075068488656,1.0236486841462171,105
9095000,36480.00000559695,-516041.4181323836,301.08288511712607,1.0188483209481802,105
9100000,36500.000005601025,-516692.52289988287,300.97093700551176,1.0251212864580512,105
9105000,36520.0000056051,-518415.58797592577,302.9621641464849,1.0280609973302772,105
9110000,36540.000005609174,-518445.01755913184,302.95404331680237,1.026588286609124,105
9115000,36560.00000561325,-517527.20735215954,298.58549574435204,1.0269428260775166,105
9120000,36580.00000561732,-518284.56839974574,300.6594291226909,1.02876694444302,105
9125000,36600.0000056214,-517161.5471157294,301.57098347429246,1.0237625088955444,105
9130000,36620.00000562547,-517069.44427906605,303.1801226437773,1.026569021104783,105
9135000,36640.00000562955,-516927.924305195,302.0946436858725,1.0264452627140788,105
9140000,36660.00000563362,-517988.45946086757,302.0104136968349,1.0259789446396803,105
9145000,36680.000005637696,-516081.98708521156,303.40141192666573,1.02612281823966,105
9150000,36700.00000564177,-516212.2528006863,301.4365625512905,1.0230087124425953,105
9155000,36720.000005645845,-516281.6517215115,301.9175958511025,1.0209073320243587,105
9160000,36740.00000564992,-515948.26383801294,300.2286413007014,1.0234839366268613,105
9165000,36760.000005653994,-516291.26653932105,301.2079907561895,1.0236656921680634,105
9170000,36780.00000565807,-517702.9971979698,300.46749724085214,1.0274963895731881,105
9175000,36800.00000566214,-517532.7005784719,305.0352063465214,1.0307234477925111,105
9180000,36820.00000566622,-517667.9526762904,302.543589799191,1.025936163654172,105
9185000,36840.00000567029,-516990.65338032343,303.08668322434636,1.024231920603944,105
9190000,36860.00000567437,-517478.11238516937,299.454529400253,1.0259441666864473,105
9195000,36880.00000567844,-517577.9148692079,301.23343615961556,1.0273538313684683,105
9200000,36900.000005682516,-517059.6505244903,302.8025349321907,1.0267775227493523,105
9190000,36860.00000567437,-517213.64509054134,301.5404953116785,1.0278451333675325,--
9195000,36880.00000567844,-517291.75288756075,300.5548253904037,1.0265284848406622,106
9200000,36900.000005682516,-518062.04540411197,299.44191611345576,1.028310084823579,106
9205000,36920.00000568659,-517236.7785419903,300.87850715094044,1.026413893493812,106
9210000,36940.000005690665,-517693.2147625433,299.72152508463387,1.0254805171575174,106
9215000,36960.00000569474,-518542.719174823,298.50942913888673,1.0249524440421225,106
9220000,36980.000005698814,-517010.2743544881,301.4570589488705,1.0299935873672998,106
9225000,37000.00000570289,-516218.9310449383,299.10063765394716,1.0242596341826087,105
9230000,37020.00000570696,-518032.1046171803,299.3291320417469,1.0267456128028243,105
9235000,37040.00000571104,-516314.889512375,301.1108641538025,1.0245086164674695,105
9240000,37060.00000571511,-517346.14438358205,301.07135191675775,1.0235101796895874,105
9245000,37080.00000571919,-516342.53573173354,300.65705502852944,1.023631915899641,105
9250000,37100.00000572326,-516485.8765600645,299.85227649285736,1.0189648417021264,105
9255000,37120.000005727336,-517143.23866769066,300.22592539328963,1.027779701510209,105
9260000,37140.00000573141,-516741.05609331327,301.37607551212113,1.0246945696371095,105
9265000,37160.000005735485,-517905.4095839858,299.1364212870775,1.0193613068892275,105
9270000,37180.00000573956,-516832.18243803154,299.4051566397303,1.0251416706511596,105
9275000,37200.000005743634,-517002.0064246629,301.5799129899628,1.0299342106419043,105
9280000,37220.00000574771,-517378.068928296,302.17401987543104,1.023016963984919,105
9285000,37240.00000575178,-517820.34647487756,300.07437532729654,1.0278311255891943,105
9290000,37260.00000575586,-517491.38914236776,302.8676686640249,1.0261502475242434,105
9295000,37280.00000575993,-516391.82126209117,300.3465655103216,1.0242286474930202,105
9300000,37300.000005764006,-516496.62226363574,299.8585201363087,1.0285307591685466,105
9305000,37320.00000576808,-517135.8072854099,301.31914481697873,1.026815169004093,105
9310000,37340.000005772155,-517354.5525744138,300.02637494194676,1.0307758141899024,105
9315000,37360.00000577623,-517058.51083412813,297.68232922955514,1.0258497178293051,105
9320000,37380.000005780304,-516535.63793876744,302.1485577413308,1.0245989572726082,105
9325000,37400.00000578438,-517318.8617008026,303.69011979939023,1.0272366031049052,105
9330000,37420.00000578845,-517334.693590577,301.0506751092543,1.0259531844287093,105
9335000,37440.00000579253,-517250.01499057375,300.4221242249361,1.0238016808715211,105
9340000,37460.0000057966,-518329.25936940475,299.6103036896943,1.0301195760166262,105
9345000,37480.00000580068,-516042.6952852253,300.1520492137208,1.0243415011761472,105
9350000,37500.00000580475,-517376.7176098495,302.4298818588128,1.0292413742238857,105
9355000,37520.000005808826,-517245.44983926904,301.89229851171535,1.0270481444027486,105
9360000,37540.0000058129,-517449.7656040611,299.01139216665933,1.022981171944314,105
9365000,37560.000005816975,-518275.8905949781,302.48590604010474,1.0274316606512812,105
9370000,37580.00000582105,-517933.5311657898,298.95575501969455,1.026710513127563,105
9375000,37600.000005825124,-516466.9710496068,302.4819727382468,1.025051356248444,105
9380000,37620.0000058292,-517609.6358155657,300.8847045485813,1.028254195675065,105
9385000,37640.00000583327,-517127.8924718369,299.9519784671066,1.02764925383734,105
9390000,37660.00000583735,-517818.4054427999,299.99250634830554,1.0301529175468005,105
9395000,37680.00000584142,-517758.28461938025,299.9729025469676,1.026127362016485,105
9400000,37700.0000058455,-516990.6049133078,302.5036585920087,1.0202206336832673,105
9405000,37720.00000584957,-517352.75017497456,299.923458099862,1.0213279274435867,105
9410000,37740.000005853646,-516592.9033605661,299.13578017102674,1.027689059519167,105
9415000,37760.00000585772,-517445.7119912659,300.23252702171646,1.0273085411424376,105
9420000,37780.000005861795,-516022.56774732773,301.2411643960706,1.0261953766510692,105
9425000,37800.00000586587,-516567.250770441,302.18145867060764,1.023622968455464,105
9430000,37820.000005869944,-517659.4429816515,300.8086572967441,1.0269303889038337,105
9435000,37840.00000587402,-517918.82526991307,304.47161385991853,1.0291786427979819,105
9440000,37860.00000587809,-517299.7464299067,298.43761501768125,1.0259077721141574,105
9445000,37880.00000588217,-517934.0080692824,301.94704733621796,1.029550883409949,105
9450000,37900.00000588624,-518373.2870359032,298.62293120142806,1.0280799689463374,105
9455000,37920.00000589032,-517457.3708993667,298.85065277518436,1.0241598534861804,105
9460000,37940.00000589439,-516870.7440770352,300.05773455684516,1.0277430620385863,105
9465000,37960.000005898466,-517100.21449601674,300.33377969916165,1.0239831693642698,105
9470000,37980.00000590254,-515802.78142682114,301.71320313123033,1.0259056232492856,105
9475000,38000.000005906615,-516945.7529233685,301.038702228092,1.0250376863046466,105
9480000,38020.00000591069,-516690.93111069663,299.84135995639014,1.0251653093520678,105
9485000,38040.000005914764,-517852.5598116005,298.31489218541327,1.023923160693587,105
9490000,38060.00000591884,-517485.0296458937,301.8464099060587,1.0252068845530775,105
9495000,38080.00000592291,-517599.54629652365,299.4535732752369,1.0240224498948034,105
9500000,38100.00000592699,-516908.8068463844,297.6335558634251,1.0265701748070322,105
9505000,38120.00000593106,-517118.8954529804,300.9040026679736,1.0263307884522606,105
9510000,38140.00000593514,-517253.0947157976,304.10782087844944,1.0246170863675432,105
9515000,38160.00000593921,-518807.01512542134,300.5343709157327,1.0245914671166876,105
9520000,38180.000005943286,-517502.5989557181,300.69113438969276,1.026615142723461,105
9525000,38200.00000594736,-516961.46244926937,299.5141661916598,1.0212876301747387,105
9530000,38220.000005951435,-517608.3722574215,299.3394596720076,1.0281060808751077,105
9535000,38240.00000595551,-517204.58155117254,299.6203834640509,1.0292969254149271,105
9540000,38260.000005959584,-516519.31557484646,302.6477809669419,1.0249160295607733,105
9545000,38280.00000596366,-516752.621286771,301.00006921120826,1.0263721121760616,105
9550000,38300.00000596773,-517602.4596576034,301.57992796286646,1.0268725772316079,105
9555000,38320.00000597181,-516768.2568057098,298.05873952026616,1.0214054518385585,105
9560000,38340.00000597588,-516820.25569491996,298.95604513861946,1.0219961873510994,105
9565000,38360.00000597996,-517772.8476195324,302.5371135911999,1.0256848146283841,105
9570000,38380.00000598403,-516922.2380356712,303.0875711059,1.0312244945193823,105
9575000,38400.000005988106,-516566.379380872,298.36337574828053,1.0291191258387324,105
9580000,38420.00000599218,-517593.32682535285,298.84564907610843,1.0240284899306593,105
9585000,38440.000005996255,-516908.7159300479,298.6237650164335,1.0264641676431416,105
9590000,38460.00000600033,-516669.44509436423,301.1777984709579,1.0233956399325148,105
9595000,38480.000006004404,-516504.7694641033,300.9010685500527,1.0212651802896084,105
9600000,38500.00000600848,-516739.2103687916,302.4489327441703,1.0234659685999106,105
9605000,38520.00000601255,-516361.6117462276,300.27447925858723,1.0192255851701522,105
9610000,38540.00000601663,-517630.6485658949,298.9236227395131,1.0264932844195542,105
9615000,38560.0000060207,-516349.78974012216,300.1771338791204,1.024690018232669,105
9620000,38580.00000602478,-516792.36017214763,300.78734553009787,1.0247622544689408,105
9625000,38600.00000602885,-517785.7303152445,299.98384797345904,1.0295731520774911,105
9630000,38620.000006032926,-516550.11958783166,303.53521942154055,1.0244244979419594,105
9635000,38640.000006037,-516220.6278916204,302.1392370009191,1.0261293277381618,105
9640000,38660.000006041075,-517154.7597197653,297.97604126669097,1.0230157599217509,105
9645000,38680.00000604515,-515908.1253812767,303.81830337125706,1.0215033418092243,105
9650000,38700.000006049224,-516585.392767343,303.4385098047508,1.0255938365076644,105
9655000,38720.0000060533,-516857.14158600615,300.54419352442557,1.0234143873094663,105
9660000,38740.00000605737,-517288.0034591509,299.37414985636866,1.0275463972652048,105
9665000,38760.00000606145,-515617.08862323477,298.9079616501663,1.0225622586303493,105
9670000,38780.00000606552,-517532.41779063875,299.7427323848208,1.029407632969708,105
9675000,38800.0000060696,-516088.17707697954,300.5658280316915,1.0282263478649083,105
9680000,38820.00000607367,-516312.48127602553,301.5729479970847,1.0261258800794912,105
9685000,38840.000006077746,-517882.1813243099,301.3310182934651,1.0294488149587981,105
9690000,38860.00000608182,-516885.4954837884,302.20703549117013,1.0267370009835697,105
9695000,38880.000006085895,-517039.46521280985,300.2180167645639,1.026808384208121,105
9700000,38900.00000608997,-517703.724160264,301.88679588536894,1.0277627512396819,105
9705000,38920.000006094044,-517309.19373693294,299.3929006762801,1.024273865272475,105
9710000,38940.00000609812,-517892.47020506207,299.27043186138224,1.0226644245895238,105
9715000,38960.00000610219,-517855.1273282829,301.69485738461265,1.0283649612835362,105
9720000,38980.00000610627,-518346.49464445305,299.35739770053226,1.0271723092773828,105
9725000,39000.00000611034,-517348.2353030972,302.2783255567057,1.0292346035972066,105
9730000,39020.00000611442,-518041.03790948074,298.37652653954325,1.0258884275986604,105
9735000,39040.00000611849,-516641.6644013834,300.4221928426679,1.025731932346945,105
9740000,39060.000006122566,-517995.8357508066,302.83714543011837,1.028977139246107,105
9745000,39080.00000612664,-517238.389581586,300.28999399934196,1.0241710882135222,105
9750000,39100.000006130715,-517762.02479356364,302.8650445626181,1.0257737936699696,105
9755000,39120.00000613479,-518161.85511667025,301.94280040418255,1.025316357892067,105
9760000,39140.000006138864,-517306.33422789257,300.424625187357,1.0254730436330792,105
9765000,39160.00000614294,-517957.9054357072,299.56333509511944,1.0272704596603761,105
9770000,39180.00000614701,-517227.78486196604,299.36909960074655,1.0233097462189693,105
9775000,39200.00000615109,-517913.3604724093,299.8713802191245,1.0290255419714218,105
9780000,39220.00000615516,-516758.94852805254,300.91467486925944,1.0237788084155444,105
9785000,39240.00000615924,-516088.1412163356,301.81245644905596,1.0248519171132202,105
9790000,39260.00000616331,-516118.79135480896,299.4867562077061,1.0242511911655388,105
9795000,39280.000006167385,-518134.9819816919,300.97502885748736,1.0296217273306243,105
9800000,39300.00000617146,-517624.3093924895,299.5822002558483,1.0276561418231807,105
9805000,39320.000006175535,-516866.8465769356,301.7166227974377,1.0247575833639189,105
9810000,39340.00000617961,-517987.2902230008,302.4450210931942,1.02783985953757,105
9815000,39360.00000618368,-516548.2631007447,302.7018259111475,1.0269268067615565,105
9820000,39380.00000618776,-516966.80265650223,300.2649496799397,1.0212892899487782,105
9825000,39400.00000619183,-518539.8517314056,298.641640104321,1.026116652697997,105
9830000,39420.00000619591,-517632.03889053385,299.4026327554319,1.0222183980341215,105
9835000,39440.00000619998,-516950.60829281504,299.638976164534,1.0245067379283317,105
9840000,39460.000006204056,-516879.6996581345,303.1149571942139,1.0240944254432613,105
9845000,39480.00000620813,-516853.3421475785,301.307036583678,1.0225395891060314,105
9850000,39500.000006212205,-517689.69829426636,301.0727383020472,1.0261271290024985,105
9855000,39520.00000621628,-515809.01802723994,300.8058951729195,1.0237460457974534,105
9860000,39540.000006220354,-517202.8749651308,300.98790083222167,1.0273330064010033,105
9865000,39560.00000622443,-517912.48371847323,302.61159701186125,1.026488564347048,105
9870000,39580.0000062285,-516798.3638331075,298.9156237209313,1.0291892038162695,105
9875000,39600.00000623258,-517641.34837577376,305.92064040041987,1.027494598366888,105
9880000,39620.00000623665,-517077.5542625112,303.12018802511056,1.0269991874789788,105
9885000,39640.00000624073,-517529.5102493779,300.0203660609975,1.027234196829035,105
9890000,39660.0000062448,-516899.0611737666,301.02594833471636,1.0224409163966404,105
9895000,39680.000006248876,-515860.1128299297,300.8016433338281,1.0238579213641394,105
9900000,39700.00000625295,-516851.6821258741,300.659291673095,1.0264855184610215,105
9905000,39720.000006257025,-516149.93449992966,300.7160154294422,1.02638235065212,105
9910000,39740.0000062611,-516814.8784142658,301.48668233144787,1.0258134865916109,105
9915000,39760.000006265174,-517239.1373624131,299.09735377194403,1.0288656078035605,105
9920000,39780.00000626925,-518550.77683206066,302.53152786942405,1.0258714809737974,105
9925000,39800.00000627332,-517933.5876527254,298.9808284398851,1.0261250491632825,105
9930000,39820.0000062774,-516247.84066070034,302.0103162890684,1.0245665696196553,105
9935000,39840.00000628147,-516954.22684734175,301.93597025725285,1.025162872687922,105
9940000,39860.00000628555,-516405.1789539398,299.1005323924075,1.0222900070538918,105
9945000,39880.00000628962,-517376.1073705279,301.82507117820603,1.0251388434786968,105
9950000,39900.000006293696,-516214.6017843236,300.35358143001037,1.0255015884072287,105
9955000,39920.00000629777,-517160.1773415662,299.3305555620484,1.0276293034039168,105
9960000,39940.000006301845,-516452.11877377355,300.7843482318103,1.0266898650587177,105
9965000,39960.00000630592,-518196.3669733049,299.87128444248856,1.0255045249573047,105
9970000,39980.000006309994,-516642.11825674865,298.4855928186797,1.028988197626803,105
9975000,40000.00000631407,-517425.0830816219,301.398464709646,1.0320543590040894,105
9980000,40020.00000631814,-516875.8104860266,300.694102150138,1.0276255287996447,105
9985000,40040.00000632222,-517345.06893955497,299.8876289872565,1.0274196376638802,105
9990000,40060.00000632629,-516742.5682091117,301.71118451639046,1.0245191866819736,105
9995000,40080.00000633037,-517410.19849284575,302.31365629098906,1.0248856444515273,105
10000000,40100.00000633444,-518209.3774691061,300.3021961327947,1.0250120966454135,105
10005000,40120.000006338516,-516481.4785928014,301.2288302785718,1.0261488919358694,105
10010000,40140.00000634259,-517091.45168781304,300.84050314287686,1.026281283460574,105
10015000,40160.000006346665,-517001.0497981019,302.8803523518351,1.0246258459621025,105
10020000,40180.00000635074,-515554.9058224957,300.9644683847543,1.0230245459749352,105
10025000,40200.000006354814,-516298.2551680021,302.2017274774516,1.0239092709212694,105
10030000,40220.00000635889,-517988.8519690598,301.0553406057347,1.026210451011007,105
10035000,40240.00000636296,-517579.54390853667,299.92237428543433,1.0284876618069494,105
10040000,40260.00000636704,-517683.9586380294,303.7899846226352,1.028051297657067,105
10045000,40280.00000637111,-518085.5813417593,301.98270984115,1.0284497542246198,105
10050000,40300.00000637519,-518487.4672498035,300.6089911818739,1.0279022559211881,105
10055000,40320.00000637926,-517353.3014506097,300.6322069260856,1.0281479239112656,105
10060000,40340.000006383336,-517952.7201929055,301.25368974889096,1.029141836810076,105
10065000,40360.00000638741,-517423.4946074884,300.51969775008666,1.0297350740370235,105
10070000,40380.000006391485,-518191.19131879485,301.36625814662966,1.0281760999263407,105
10075000,40400.00000639556,-516574.1190504718,300.09319103311776,1.0287601093749648,105
10080000,40420.000006399634,-516394.0464586967,299.704688630903,1.0217173894361316,105
10085000,40440.00000640371,-516681.2714387998,300.9032681711302,1.0238531820224352,105
10090000,40460.00000640778,-516706.0024768284,299.8344815295656,1.0287959765414179,105
10095000,40480.00000641186,-516720.3774513877,299.7631137735495,1.0264256032581391,105
10100000,40500.00000641593,-517152.6182139728,303.0020911140934,1.0264549432771721,105
10105000,40520.00000642001,-517045.7306121045,303.75264799065354,1.0240060327180605,105
10110000,40540.00000642408,-517529.4956230093,299.96441331946113,1.0267947476983976,105
10115000,40560.000006428156,-516888.1704273997,301.09669105054223,1.0232494267498107,105
10120000,40580.00000643223,-518566.80388871604,301.582161632987,1.029870676516703,105
10125000,40600.000006436305,-518223.95153107634,300.65337798509324,1.0285491002446545,105
10130000,40620.00000644038,-517555.25158283,299.5344436864615,1.0263315159911512,105
10135000,40640.000006444454,-516507.40133534186,303.5367815136432,1.0266269291935783,105
10140000,40660.00000644853,-516709.5013787688,299.0707862687282,1.0281743804964114,105
10145000,40680.0000064526,-516268.1682235375,304.29705913207357,1.0269712638884674,105
10150000,40700.00000645668,-518146.325135052,302.11608736441167,1.028920179575015,105
10155000,40720.00000646075,-515539.1931480875,301.48279714550966,1.0236182187312355,105
10160000,40740.00000646483,-517854.2233454962,299.2481262904849,1.0257921348482049,105
10165000,40760.0000064689,-517595.56005346426,303.1132612984927,1.0261842226293627,105
10170000,40780.000006472976,-516891.3778502799,299.82051549812155,1.0244405707893431,105
10175000,40800.00000647705,-517504.4956687235,300.5432927538358,1.0251258147446016,105
10180000,40820.000006481125,-517452.2954560602,300.59791480912054,1.027394884856586,105
10185000,40840.0000064852,-517702.86588361394,302.51397693166206,1.0241247901923876,105
10190000,40860.000006489274,-518488.2141758343,303.15878415739684,1.0285881229230638,105
10195000,40880.00000649335,-517110.47773246095,299.5768389651239,1.0287103153758657,105
10200000,40900.00000649742,-517753.9731691114,301.43453401069246,1.0301296664414954,105
10205000,40920.0000065015,-516947.8093154847,298.42259196406576,1.0245434394990869,105
10210000,40940.00000650557,-516715.0433155056,302.48236893664546,1.0301493954522902,105
10215000,40960.00000650965,-517641.1832662574,301.45314283088317,1.0231962317543402,105
10220000,40980.00000651372,-518095.33614063356,299.07743436076527,1.030753961264387,105
10225000,41000.000006517796,-517703.75612037675,302.9493660219553,1.0258718166234482,105
10230000,41020.00000652187,-518307.91563393036,299.9746921368734,1.02373923011633,105
10235000,41040.000006525945,-517714.8423229852,301.47058721006573,1.02660529997094,105
10240000,41060.00000653002,-517735.6335213771,297.82732797247354,1.0225682006467651,105
10245000,41080.000006534094,-518136.9791147711,300.5301109876045,1.0260283674757222,105
10250000,41100.00000653817,-517097.49815459945,297.2667707052869,1.0267202012167613,105
10255000,41120.00000654224,-517083.5840001018,299.21804845709454,1.024471838749745,105
10260000,41140.00000654632,-516049.12437956524,301.0483392687041,1.0234047923888978,105
10265000,41160.00000655039,-519022.61719682976,301.27307544715046,1.024209675486783,105
10270000,41180.00000655447,-516335.73698459356,302.4789596235741,1.0290131628048553,105
10275000,41200.00000655854,-516588.1037275337,297.2461995240768,1.0260920781848173,105
10280000,41220.000006562615,-518154.957655207,301.3449946315902,1.0261660357647535,105
10285000,41240.00000656669,-516339.0218528798,302.3559602632904,1.0250547779153008,105
10290000,41260.000006570765,-517597.4755742622,301.70903900859884,1.0228207764575272,105
10295000,41280.00000657484,-517352.82223381964,301.07179039690953,1.0269318886675605,105
10300000,41300.00000657891,-518528.9315655518,300.7273759395561,1.0294936917559634,105
10305000,41320.00000658299,-517763.0653119334,301.8560487771655,1.0266430575102148,105
10310000,41340.00000658706,-517706.5721924673,303.319901504126,1.0270047227724588,105
10315000,41360.00000659114,-516991.2944874158,300.0630196503021,1.0289883809082,105
10320000,41380.00000659521,-516682.45194989466,301.2547955911007,1.0276375141291683,105
10325000,41400.000006599286,-518049.1719178497,303.09561687322685,1.029028623871308,105
10330000,41420.00000660336,-516959.8076443721,301.2391999291565,1.0268948184018676,105
10335000,41440.000006607435,-517138.0420607971,301.3512002598399,1.0275623086254404,105
10340000,41460.00000661151,-518000.9202768032,300.9505867438746,1.0299420006849607,105
10345000,41480.000006615584,-517420.75892992946,299.53834719128594,1.0282963951818918,105
10350000,41500.00000661966,-518048.7242238147,299.9198560307086,1.0291563790866518,105
10355000,41520.00000662373,-517893.66252936004,301.690211077744,1.0270843448054217,105
10360000,41540.00000662781,-517320.2507091402,300.39250728064815,1.0226935343905277,105
10365000,41560.00000663188,-518576.41538796364,299.25563932683775,1.0270393221182121,105
10370000,41580.00000663596,-517645.6197551186,299.4165452314187,1.0289721215948273,105
10375000,41600.00000664003,-518785.998885778,299.3221456603143,1.025442234134572,105
10380000,41620.000006644106,-516488.0187816846,301.2377532496096,1.0249491105755937,105
10385000,41640.00000664818,-518107.0343990093,300.1832759269796,1.0249937252606525,105
10390000,41660.000006652255,-517537.87585195433,301.9267529241592,1.0283199305835222,105
10395000,41680.00000665633,-516923.7746391683,302.8588928623047,1.0244655008637884,105
10400000,41700.000006660404,-516394.9425647645,299.86290404886216,1.0250773136148896,105
10405000,41720.00000666448,-517847.43138322094,301.8058612129958,1.0286151510655528,105
10410000,41740.00000666855,-517660.2834195073,302.42303379890717,1.0263088546434458,105
10415000,41760.00000667263,-517271.1909277572,301.5259588240037,1.0283372198339447,105
10420000,41780.0000066767,-517907.18072002404,300.36050278582303,1.025772583079286,105
10425000,41800.00000668078,-517993.89908696036,300.8778323911513,1.0297567656840008,105
10430000,41820.00000668485,-515916.10407037265,302.2270170318291,1.0251979063852288,105
10435000,41840.000006688926,-516772.2722055847,302.2506945182032,1.0253256319325992,105
10440000,41860.000006693,-516560.3692328164,302.5393251744286,1.028718975456017,105
10445000,41880.000006697075,-518746.33209875086,300.7556540618506,1.0259960587076287,105
10450000,41900.00000670115,-517688.5305733853,303.39525817472963,1.030225444769979,105
10455000,41920.000006705224,-518629.42447827593,299.4070460913414,1.0288538107263507,105
10460000,41940.0000067093,-517273.9989525522,301.31057328706515,1.0264239876866503,105
10465000,41960.00000671337,-516083.3897909811,303.8741508005692,1.0257267896824682,105
10470000,41980.00000671745,-517626.76131255785,299.8984233919403,1.0271653533452778,105
10475000,42000.00000672152,-516666.25126016163,301.20897308682015,1.0254843113336858,105
10480000,42020.0000067256,-518418.03714832803,302.4677239496704,1.0279355147475044,105
10485000,42040.00000672967,-517938.07850885135,301.22298576389807,1.0293379125266648,105
10490000,42060.000006733746,-517067.10821591667,300.3525386641715,1.0233559832143722,105
10495000,42080.00000673782,-517013.08192863455,299.48074740615743,1.0225776752352986,105
10500000,42100.000006741895,-517337.312762002,300.8194179800807,1.0293217024001984,105
10505000,42120.00000674597,-517890.60831099935,301.44382431799704,1.0268136468222118,105
10510000,42140.000006750044,-516935.4466209817,300.7924081877198,1.0288764740331704,105
10515000,42160.00000675412,-516280.07699755323,300.26668695892613,1.0262556708530874,105
10520000,42180.00000675819,-518156.3150062035,300.3509258800256,1.0296265219981782,105
10525000,42200.00000676227,-517188.242699435,302.4885673114953,1.02479207827768,105
10530000,42220.00000676634,-517181.0106681965,303.79901901484567,1.0232052126394708,105
10535000,42240.00000677042,-517121.2239520487,299.19554382311037,1.0275098807057992,105
10540000,42260.00000677449,-516791.14015468396,300.2154754494675,1.0241301433207608,105
10545000,42280.000006778566,-517756.2281929187,304.02582099676795,1.0242037274719005,105
10550000,42300.00000678264,-516333.9311219461,303.13400072045704,1.0268021887958219,105
10555000,42320.000006786715,-517034.1044962439,300.93670152747933,1.0277640067808282,105
10560000,42340.00000679079,-516783.41397046787,302.50719411371324,1.0257748093679115,105
10565000,42360.000006794864,-515754.1999615538,300.45613854498333,1.024580320826584,105
10570000,42380.00000679894,-517552.0430922797,299.54591524223883,1.023531871405107,105
10575000,42400.00000680301,-517335.7171029737,299.6283323694757,1.0279582762109971,105
10580000,42420.00000680709,-517793.79589943774,299.5033586030296,1.023733573441176,105
10585000,42440.00000681116,-516202.7251195817,299.97101353508873,1.0264811522157111,105
10590000,42460.00000681524,-516841.6247357745,301.9037062092352,1.0251759152398214,105
10595000,42480.00000681931,-517923.14987305296,299.18842900027556,1.0248094851717973,105
10600000,42500.000006823386,-517732.6053610409,303.2099468469592,1.028730020764434,105
10605000,42520.00000682746,-517048.1685723285,300.3895514248358,1.0268572001875886,105
10610000,42540.000006831535,-517462.0043224965,300.0113509714557,1.027805799774427,105
10615000,42560.00000683561,-516267.2556781671,300.5412052661076,1.0264371328603072,105
10620000,42580.000006839684,-516303.3035838427,298.02400472833773,1.022563545625402,105
10625000,42600.00000684376,-517550.0164734344,302.5939283387533,1.0275288890360117,105
10630000,42620.00000684783,-517687.3080033513,300.33868442922903,1.0255476560106396,105
10635000,42640.00000685191,-518694.6545535489,301.7308543387837,1.0308483803622748,105
10640000,42660.00000685598,-518364.48144354136,299.8116624920149,1.0222137820998645,105
10645000,42680.00000686006,-517886.9171572125,302.39278642517905,1.0307473396641669,105
10650000,42700.00000686413,-516642.49366062577,301.526024959672,1.0284532194820817,105
10655000,42720.000006868206,-517461.6618858862,301.2140995756807,1.0262071709963383,105
10660000,42740.00000687228,-517851.6557517459,301.0415541643067,1.0241501212603092,105
10665000,42760.000006876355,-518600.57669487153,302.1560561703911,1.0243759039070497,105
10670000,42780.00000688043,-517046.9718185293,299.3736737193589,1.022243151555516,105
10675000,42800.000006884504,-516156.27175738034,299.90756229814593,1.026281197674375,105
10680000,42820.00000688858,-517853.42067828006,302.83108581348097,1.0281338930912889,105
10685000,42840.00000689265,-518176.44385328726,300.5814904174652,1.0258624425006277,105
10690000,42860.00000689673,-517000.61938675144,298.3012243493228,1.0236053767890643,105
10695000,42880.0000069008,-516718.9669410717,303.19159525155266,1.0229005536695002,105
10700000,42900.00000690488,-517405.6100157357,301.5298955871167,1.022826055622911,105
10705000,42920.00000690895,-517711.3901862642,300.2386907755588,1.0255026343584304,105
10710000,42940.000006913026,-517226.5410727062,302.6891648901088,1.0252313974805596,105
10715000,42960.0000069171,-517421.4320779615,301.06892456704446,1.029529806436543,105
10720000,42980.000006921175,-516825.5044800539,299.96808903286694,1.0266763470332132,105
10725000,43000.00000692525,-518098.74697289546,301.006354489232,1.0277852716091866,105
10730000,43020.000006929324,-517391.3291752534,302.52268801461395,1.0300857452932917,105
10735000,43040.0000069334,-516349.53298726305,302.2298003484411,1.0252441364373175,104
10740000,43060.00000693747,-516059.5183054588,302.476485639935,1.0261547121544443,104
10745000,43080.00000694155,-517790.3021177924,300.70175158052126,1.0249000104437789,104
10750000,43100.00000694562,-518091.1402816789,300.54408837104717,1.0294928690885923,104
10755000,43120.0000069497,-519223.1728145734,299.88995147809226,1.027392554280162,104
10760000,43140.00000695377,-517572.924878716,301.0941218063514,1.0281620197263,104
10765000,43160.000006957845,-517753.8614973633,299.224137956291,1.032778517158073,104
10770000,43180.00000696192,-516695.0093341605,302.11006963026176,1.0246202081579237,104
10775000,43200.000006965995,-517338.852882531,298.31814625876785,1.0263475094416377,104
10780000,43220.00000697007,-515846.0565448918,300.76235573899544,1.0284496757838677,104
10785000,43240.00000697414,-518335.9935353163,299.5293618625455,1.025113026123754,104
10790000,43260.00000697822,-516969.2888226735,301.0571335335363,1.0229732543684595,104
10795000,43280.00000698229,-517407.6790947411,298.60394119889105,1.029665598581429,104
10800000,43300.00000698637,-516253.60011307197,301.25673903018236,1.0269222082052245,104
10805000,43320.00000699044,-516769.2781127845,303.7740439758728,1.0233858019628554,104
10810000,43340.000006994516,-517785.0676937029,303.6959440766121,1.029629499074568,104
10815000,43360.00000699859,-517839.6243970776,302.9669637332675,1.0288262322474946,--
10820000,43380.000007002665,-517930.54052615725,303.2842837754981,1.0262924141228156,105
10825000,43400.00000700674,-517933.2538327223,302.56853993022236,1.0262499490767483,105
10830000,43420.000007010814,-516591.5090319477,301.60689581365665,1.0272320307292295,105
10835000,43440.00000701489,-516892.0354189286,301.39877704627366,1.0262709218935642,105
10840000,43460.00000701896,-516083.37388833705,301.45233874168537,1.027135684575219,105
10845000,43480.00000702304,-516920.32103137043,303.12876445794603,1.02946052890834,105
10850000,43500.00000702711,-516109.2808004271,299.09599779669566,1.0254718203444912,105
10855000,43520.00000703119,-516868.9266778226,300.7925580522037,1.0239424274301459,104
10860000,43540.00000703526,-516870.7614779305,300.2720031098187,1.0296655113945514,104
10865000,43560.000007039336,-518607.58745127916,303.0541543244845,1.0315678343599588,104
10870000,43580.00000704341,-517268.2299057632,299.1519097300962,1.027922931954261,104
10875000,43600.000007047485,-517534.8867898353,302.51353197306383,1.0263602142793182,104
10880000,43620.00000705156,-517903.83205999853,300.5132532044788,1.0277169512844024,104
10885000,43640.000007055634,-518497.0458348172,300.7030678587557,1.0277102380113352,104
10890000,43660.00000705971,-516725.19075030554,299.0236390074503,1.0256874073213906,104
10895000,43680.00000706378,-517647.3789569116,305.2258002449504,1.0298276600784406,104
10900000,43700.00000706786,-517032.10959912697,303.69599693134245,1.028538240810635,104
10905000,43720.00000707193,-517873.12507388764,301.25034319290313,1.0276735019567698,104
10910000,43740.00000707601,-516889.29676745273,302.45368872969897,1.02557464329535,104
10915000,43760.00000708008,-517893.0166587576,301.2191820373103,1.0274814549108733,104
10920000,43780.000007084156,-517285.9355144624,301.0053444464393,1.027164771254434,104
10925000,43800.00000708823,-517110.1645247445,301.6407308614607,1.0283101898012363,104
10930000,43820.000007092305,-516194.0117971522,300.9765117812264,1.0272991416810187,104
10935000,43840.00000709638,-518268.59265404614,298.7054490284551,1.0251301780008248,104
10940000,43860.000007100454,-516390.71795551386,300.4676038947068,1.0310638777757166,104
10945000,43880.00000710453,-518692.02480370784,302.80973872809284,1.026033457936503,104
10950000,43900.0000071086,-518712.17037385143,301.6894798528279,1.027090801985889,104
10955000,43920.00000711268,-517837.17909814906,300.2864975182442,1.028437246434726,104
10960000,43940.00000711675,-516587.38693071273,299.09273201273163,1.0246397309604154,104
10965000,43960.00000712083,-517641.6905676217,301.65726438346115,1.025012917455531,104
10970000,43980.0000071249,-517216.2880471435,300.8709442794364,1.0259816958990373,104
10975000,44000.000007128976,-518006.80883999844,301.5378656965543,1.0279505325913576,104
10980000,44020.00000713305,-516021.37789784186,301.9675194065486,1.0240490713637955,104
10985000,44040.000007137125,-517569.98784889025,303.3780508778759,1.0244648210891139,104
10990000,44060.0000071412,-516359.30273954896,301.7257933362654,1.02705324248398,104
10995000,44080.000007145274,-517196.34269221174,299.8878644703079,1.025381598636107,104
11000000,44100.00000714935,-517471.7300491601,300.2958029692956,1.028032044290196,104
11005000,44120.00000715342,-518053.7546126023,301.8211867348816,1.0264422583618478,104
11010000,44140.0000071575,-516989.0627006111,301.86873459105396,1.0206434110079972,104
11015000,44160.00000716157,-516437.4571944587,299.96107573039814,1.0248958420844678,104
11020000,44180.00000716565,-517423.31219540327,300.36787736508165,1.0252504753398666,104
11025000,44200.00000716972,-517125.5908677075,302.0150493625821,1.0208834364888,104
11030000,44220.000007173796,-515980.5540625546,300.8279182677715,1.022202275681041,104
11035000,44240.00000717787,-516909.1825751106,298.60125816902035,1.0263276513924566,104
11040000,44260.000007181945,-517555.529722071,301.14144672999913,1.029016464179836,104
11045000,44280.00000718602,-518564.55781519087,302.13067649958606,1.0241393320364727,104
11050000,44300.000007190094,-516835.30745084793,300.6900420230707,1.0264445382542238,104
11055000,44320.00000719417,-517546.9957637673,304.11671374479886,1.0301554151696675,104
11060000,44340.00000719824,-517223.57558674645,301.48888756150143,1.0229288997322197,104
11065000,44360.00000720232,-518044.65030659596,299.7834959913305,1.0269647738964331,103
11070000,44380.00000720639,-518029.7496386664,299.72711590853623,1.0247011300090607,104
11075000,44400.00000721047,-516355.3805817168,300.22012439920843,1.0220180628104967,104
11080000,44420.00000721454,-516948.99152450636,301.4856340788387,1.0289172132628286,104
11085000,44440.000007218616,-515948.98481874005,302.29696569282106,1.02406850339922,104
11090000,44460.00000722269,-516791.0257115506,301.79155403345584,1.0253805545540458,104
11095000,44480.000007226765,-517511.11485736165,297.75100186142083,1.0275465553568415,104
11100000,44500.00000723084,-516045.76683447254,301.47959737201796,1.027789604453296,104
11105000,44520.000007234914,-516782.14543308504,301.4928446045226,1.0236609411148778,104
11110000,44540.00000723899,-517906.55930300546,300.682883220287,1.0222704981122979,104
11115000,44560.00000724306,-516949.03609346435,300.94707859099066,1.0300615778788478,104
11120000,44580.00000724714,-516992.7131189825,300.76371102572114,1.0260055144967413,104
11125000,44600.00000725121,-518285.04905281984,301.88622893815375,1.0261178580722965,104
11130000,44620.00000725529,-517043.30546256714,301.8625149942409,1.0277450886716895,104
11135000,44640.00000725936,-517074.26641550916,302.8665969755211,1.0336427063819849,104
11140000,44660.000007263436,-516701.9996843627,301.3375983344522,1.0267860638092288,104
11145000,44680.00000726751,-517037.23810377135,299.44257553253055,1.0253833993664578,104
11150000,44700.000007271585,-517231.94860438607,298.64896115635435,1.0239730007872057,104
11155000,44720.00000727566,-517750.7284827174,300.0043287025889,1.024947613514495,104
11160000,44740.000007279734,-516547.47511540423,301.64705223955525,1.0253636991167983,104
11165000,44760.00000728381,-517222.0244947241,301.9272876877052,1.0252015605750118,104
11170000,44780.00000728788,-517677.26486130315,297.88930130552825,1.0276326790959571,104
11175000,44800.00000729196,-517076.9352234518,302.10215867950393,1.0264853643581415,104
11180000,44820.00000729603,-517109.0375210084,300.6636711686241,1.0254283579827046,104
11185000,44840.00000730011,-517375.4009887604,299.6315679508455,1.0247610426356095,104
11190000,44860.00000730418,-517826.7833317374,299.76008596624087,1.0286212207547294,104
11195000,44880.000007308256,-516028.8165503468,300.29903060082154,1.0301280434411126,104
11200000,44900.00000731233,-517688.63126223325,301.5901503563142,1.0287252075385038,104
11205000,44920.000007316405,-516220.7931937713,301.9271717340786,1.0223852456720632,104
11210000,44940.00000732048,-517732.7496661893,303.33628624415513,1.0278391423407902,104
11215000,44960.000007324554,-518443.49888450396,300.2083202711786,1.0260999140305433,104
11220000,44980.00000732863,-516590.0182081794,301.3703501217197,1.0243031192496306,104
11225000,45000.0000073327,-515568.88707950106,302.1930043133913,1.024297350201217,104
11230000,45020.00000733678,-516816.3933324809,301.3687483135697,1.0257532156325864,104
11235000,45040.00000734085,-517641.3515269004,300.1735864044479,1.0248937914058487,104
11240000,45060.00000734493,-518019.6701013071,304.0882767098719,1.0250514747795598,104
11245000,45080.000007349,-516811.422868612,301.81628454182504,1.0227178379361215,104
11250000,45100.000007353075,-516809.42890198063,302.87412067028663,1.0229310395120996,104
11255000,45120.00000735715,-517103.4488060663,297.96870498339814,1.0272050132568078,104
11260000,45140.000007361225,-517535.5067133729,301.49544403531314,1.0247730756810003,104
11265000,45160.0000073653,-517381.06726752804,301.3378322588525,1.0226997995143274,104
11270000,45180.00000736937,-515965.32326062256,299.77946066640027,1.020075023244798,104
11275000,45200.00000737345,-516658.38693720987,300.19596571797496,1.0247241331098755,104
11280000,45220.00000737752,-517581.4509926117,300.2107109707689,1.0239796220014254,104
11285000,45240.0000073816,-517427.160377668,301.6887671202736,1.0252621289328347,104
11290000,45260.00000738567,-517347.6606151685,299.19895304015563,1.029708739692716,104
11295000,45280.000007389746,-517014.81769397506,301.21748347623384,1.0260657974133969,104
11300000,45300.00000739382,-517288.6206474046,303.2469343060595,1.025918201751718,104
11305000,45320.000007397895,-517516.20716967457,297.77245147135494,1.026803375799724,104
11310000,45340.00000740197,-518483.2088953685,299.1426581577406,1.028342251022599,104
11315000,45360.000007406044,-518191.2128095175,301.59417994836394,1.029045597840858,104
11320000,45380.00000741012,-517070.9327290603,302.1176401058709,1.0239024126260279,104
11325000,45400.00000741419,-516519.4864530682,300.5622711736445,1.026192968636292,104
11330000,45420.00000741827,-517629.0760160987,300.39135481847006,1.0276661120977502,104
11335000,45440.00000742234,-518354.98323982256,301.55506124827264,1.0285139502734066,104
11340000,45460.00000742642,-517410.5066102708,300.4901332612241,1.024354053495714,104
11345000,45480.00000743049,-517642.4733743309,300.56081138880893,1.0289059062009533,104
11350000,45500.000007434566,-516854.42243481963,300.1211925224819,1.0274302889649922,104
11355000,45520.00000743864,-518162.9836299771,302.8433454882299,1.0274719852339043,104
11360000,45540.000007442715,-517500.8812577238,298.00033734910284,1.0257900013034007,104
11365000,45560.00000744679,-516389.2694482885,302.90094587173047,1.0284781165164212,104
11370000,45580.000007450864,-516814.6792891342,300.57176366263224,1.0240275760910076,104
11375000,45600.00000745494,-517807.82998452056,299.40918737689157,1.0244921415848915,104
11380000,45620.00000745901,-517057.7388453961,299.0760717038817,1.0234652914119644,104
11385000,45640.00000746309,-516377.8800459816,301.28591022871797,1.0265482279841116,104
11390000,45660.00000746716,-517556.29445087234,300.5693212014933,1.0249187252270542,104
11395000,45680.00000747124,-517633.3107852929,300.5150284271243,1.021515210170189,104
11400000,45700.00000747531,-516465.556920307,303.8383882271767,1.0227730445956218,104
11405000,45720.000007479386,-516997.2275455466,298.05737111873987,1.0242516198988636,104
11410000,45740.00000748346,-516978.21740718046,299.9097658646522,1.0265906794643516,104
11415000,45760.000007487535,-518102.1285824792,299.1585576586644,1.0229667055592895,104
11420000,45780.00000749161,-517529.4741053551,303.6744134554194,1.028597206175479,104
11425000,45800.000007495684,-517788.5047984759,298.8204804568305,1.0272857383657512,104
11430000,45820.00000749976,-517460.9234247843,300.7263983780458,1.026288572119686,104
11435000,45840.00000750383,-517882.4945232542,300.98779419632484,1.0208499223974126,104
11440000,45860.00000750791,-517216.37132278504,300.4993841862718,1.0261032978065583,104
11445000,45880.00000751198,-517145.0041852577,302.7949369102698,1.0255975138313496,104
11450000,45900.00000751606,-517535.1614593612,300.75973370409196,1.0280901365015491,104
11455000,45920.00000752013,-516440.2439143008,300.4735857428756,1.0199144131982412,104
11460000,45940.000007524206,-516953.7014116559,300.70942112735855,1.0225972656923579,104
11465000,45960.00000752828,-517109.363457897,301.51791487447235,1.0229601374293318,104
11470000,45980.000007532355,-516825.0685481853,301.3050454681664,1.027050204188425,104
11475000,46000.00000753643,-518380.4062420684,298.7904249668677,1.0261755083787674,104
11480000,46020.000007540504,-517324.17584107537,301.4096232490812,1.027022884560707,104
11485000,46040.00000754458,-517162.05729958625,302.2492519238296,1.0245051049212452,104
11490000,46060.00000754865,-516177.8187455379,303.45821825987036,1.023643077467671,104
11495000,46080.00000755273,-517497.4980592106,297.47717198101566,1.0259480538391443,104
11500000,46100.0000075568,-516319.0106849205,300.9507560681947,1.0251022035717112,104
11505000,46120.00000756088,-516823.70461893594,300.81504360379415,1.0254782288594009,104
11510000,46140.00000756495,-517528.67730078497,304.156031770269,1.024741394794087,104
11515000,46160.000007569026,-517476.29964653216,299.3319240986207,1.0250186510262878,104
11520000,46180.0000075731,-516667.65793151595,301.29046827082834,1.022641856720441,104
11525000,46200.000007577175,-517305.7869398012,301.0202226879198,1.0264932452290678,104
11530000,46220.00000758125,-517909.6658091706,302.08154087728866,1.0247863487087836,104
11535000,46240.000007585324,-518145.24423950375,297.85701980548805,1.0242466914766428,104
11540000,46260.0000075894,-516970.53413384734,298.95982836068794,1.0298846830092723,104
11545000,46280.00000759347,-517364.1983820356,302.0877228686339,1.0230516343506864,104
11550000,46300.00000759755,-517733.9353466227,299.9657107035717,1.0260241388731606,104
11555000,46320.00000760162,-517703.4079597348,299.99489754393113,1.0254032470416274,104
11560000,46340.0000076057,-516651.26311914856,299.8558159029088,1.023588300784358,104
11565000,46360.00000760977,-518925.8633416598,299.83904757422545,1.025548205800068,104
11570000,46380.000007613846,-516771.3820201887,302.535791819392,1.026142317594819,104
11575000,46400.00000761792,-516428.1995007091,301.10718465940164,1.020780642077397,104
11580000,46420.000007621995,-515194.5044033546,303.30515778866936,1.025627977784008,104
11585000,46440.00000762607,-516913.6605108252,300.201917542755,1.0239327351893248,104
11590000,46460.000007630144,-516783.1467084638,301.4885417422486,1.0264265823255094,104
11595000,46480.00000763422,-518531.6188074688,302.3003917964052,1.0269907604703163,104
11600000,46500.00000763829,-517191.5547249126,301.46928234247207,1.02775401165015,104
11605000,46520.00000764237,-518151.4103011396,300.9980784707288,1.0265625172257995,104
11610000,46540.00000764644,-517500.0274320431,299.29962810853476,1.0255950928754678,104
11615000,46560.00000765052,-516113.98912359145,299.97455698761496,1.0251163685764448,104
11620000,46580.00000765459,-516958.75231029466,303.52196622748625,1.026164072713282,104
11625000,46600.000007658666,-516759.81382865156,299.96315789541563,1.0232904065304458,104
11630000,46620.00000766274,-517880.68531331816,296.96567307503386,1.0247825507251143,104
11635000,46640.000007666815,-517283.4451668174,301.21176713141716,1.0247134191667733,104
11640000,46660.00000767089,-517860.7007712752,301.3495479862457,1.0263317356518529,104
11645000,46680.000007674964,-517295.86308040423,302.79240652496424,1.0276065846885114,104
11650000,46700.00000767904,-517258.72262725234,300.133348643001,1.0243844475226964,104
11655000,46720.00000768311,-516879.2138071563,300.8475923989851,1.0257624487616444,104
11660000,46740.00000768719,-517374.57671202975,303.06117355276325,1.0256675021236399,104
11665000,46760.00000769126,-515230.41047248826,302.76443377506513,1.0265437724608455,104
11670000,46780.00000769534,-518087.4574755349,301.32217162974894,1.0296279981784584,104
11675000,46800.00000769941,-516434.3294334428,300.78529704608593,1.0275604058778443,104
11680000,46820.000007703486,-516694.29197816877,301.10428061951,1.0245492556160338,104
11685000,46840.00000770756,-517760.47497938294,298.85732411229645,1.0236479359782005,104
11690000,46860.000007711635,-516685.0243242921,301.86760919690954,1.0245953259769716,104
11695000,46880.00000771571,-517646.65712004737,298.5639342688973,1.0236826675001451,104
11700000,46900.000007719784,-518319.31228220626,299.53760465230727,1.0268823587129248,104
11705000,46920.00000772386,-517824.76069924585,299.6940539994443,1.0237710172939511,104
11710000,46940.00000772793,-517854.6202791631,301.47199080436394,1.0247241717859217,104
11715000,46960.00000773201,-518366.4714614793,299.76046654839166,1.0233656128357993,104
11720000,46980.00000773608,-518119.55462951143,301.30347033280617,1.0278895648887905,104
11725000,47000.00000774016,-517571.6867198965,301.0349308742132,1.0287929476301017,105
11730000,47020.00000774423,-517187.9946072118,300.6497093361679,1.0261950816837262,105
11735000,47040.000007748306,-517998.0393354816,300.57742309511013,1.0305926614895844,105
11740000,47060.00000775238,-516992.9296711099,299.68913939111513,1.0233047874566596,105
11745000,47080.000007756455,-517673.262453452,301.8745003483164,1.024720651140059,105
11750000,47100.00000776053,-517365.76686174097,302.57953044983316,1.0253215056690437,105
11755000,47120.000007764604,-517448.2597605083,300.86027492915053,1.0270975435282603,105
11760000,47140.00000776868,-517755.15611923276,299.72814760007896,1.0265028501700224,105
11765000,47160.00000777275,-516869.35574882687,301.86026416953314,1.0273697880669717,105
11770000,47180.00000777683,-517935.4261314536,301.7814927805634,1.0253304919533384,105
11775000,47200.0000077809,-517869.4007821954,301.0774159628513,1.0290079026580565,105
11780000,47220.000007784976,-516380.5867163332,300.7731964976319,1.0251103083590332,105
11785000,47240.00000778905,-515931.94083971414,301.61423672780586,1.0224080295507634,105
11790000,47260.000007793125,-518315.7632275431,301.6690436356187,1.0269137046754488,105
11795000,47280.0000077972,-516640.1681758291,301.4887024594658,1.026286670458594,105
11800000,47300.000007801274,-517457.1837910821,298.8906077071984,1.0263685723692433,105
11805000,47320.00000780535,-518926.5297047966,297.96135276923786,1.0277008272806274,105
11810000,47340.00000780942,-516491.0526616045,299.7203395579124,1.0200990039341542,105
11815000,47360.0000078135,-518739.6234814662,301.1715843066976,1.0228790101802905,105
11820000,47380.00000781757,-518310.8950761906,300.0404684112397,1.0271528887787225,105
11825000,47400.00000782165,-517608.20413546986,303.172280728956,1.029433935566064,105
11830000,47420.00000782572,-518635.07037268765,300.3402159270158,1.0277718059781134,105
11835000,47440.000007829796,-518915.6897284831,301.34401348715073,1.030452477603502,105
11840000,47460.00000783387,-515975.08869385347,302.2586617499093,1.0224555157466624,105
11845000,47480.000007837945,-517197.4863607723,301.733438382821,1.0269919130051082,105
11850000,47500.00000784202,-517896.94379451056,303.22808359472344,1.0261981441166854,105
11855000,47520.000007846094,-516106.0517430182,304.43399828750574,1.026699470279865,105
11860000,47540.00000785017,-518305.8843774693,303.14888846417756,1.0286782020578864,105
11865000,47560.00000785424,-518489.18785783625,298.69123261843475,1.0217243531031974,105
11870000,47580.00000785832,-517747.1384311004,300.2813408735203,1.029057159243512,105
11875000,47600.00000786239,-516698.63016342744,299.96370520142654,1.0237240809993724,105
11880000,47620.00000786647,-516560.1619961846,301.42599420044485,1.0242062033849932,105
11885000,47640.00000787054,-517384.2709111222,299.76082923077695,1.0273992196160104,105
11890000,47660.000007874616,-516297.43391481834,301.16844516709614,1.0261077834633217,105
11895000,47680.00000787869,-517052.90426587895,300.14059027258116,1.0272184881694808,105
11900000,47700.000007882765,-517411.21740844403,301.70976986133576,1.0241871687120718,105
11905000,47720.00000788684,-517388.7830568452,302.97553840212123,1.0267439876845006,105
11910000,47740.000007890914,-517369.3237250224,299.77424469869834,1.0234538419909607,105
11915000,47760.00000789499,-516527.7297659267,301.6738008078229,1.0272322573109758,105
11920000,47780.00000789906,-518456.3012515565,298.86380383709354,1.0248635334392424,105
11925000,47800.00000790314,-516944.4606058032,303.8044600470871,1.0241194987497086,105
11930000,47820.00000790721,-516725.11077954946,300.63590564037565,1.028353006328424,105
11935000,47840.00000791129,-516740.2318091104,298.28484680659164,1.0278986542691204,105
11940000,47860.00000791536,-517317.3893093446,300.4277150771715,1.0274060043222095,105
11945000,47880.000007919436,-516504.8599003977,301.59312280973336,1.0253454476798145,105
11950000,47900.00000792351,-516748.51425556745,300.19479171826686,1.0272798969837225,105
11955000,47920.000007927585,-517417.0332318535,299.5279393349574,1.0227236668500257,105
11960000,47940.00000793166,-517252.0892530144,301.213093765235,1.0256983938780289,105
11965000,47960.000007935734,-517903.663648627,305.14492349389235,1.0286578221327096,105
11970000,47980.00000793981,-517772.5345794398,303.9520481941113,1.0264281670340905,105
11975000,48000.00000794388,-518596.09631075733,301.6446899572971,1.0253463041323623,105
11980000,48020.00000794796,-517175.5180158564,302.05473358651017,1.0273498454247305,105
11985000,48040.00000795203,-516855.125954587,301.1547031160176,1.0228536020814576,105
11990000,48060.00000795611,-517675.02930300054,301.3453652542663,1.0296174858333658,105
11995000,48080.00000796018,-517404.65780197526,299.4053216184239,1.026201122033225,105
12000000,48100.000007964256,-517721.85665139323,301.6617975813396,1.0243579586149718,105
12005000,48120.00000796833,-517082.76274003275,300.8122224323263,1.0262185328577642,105
12010000,48140.000007972405,-517622.514026789,300.1912494165298,1.0245369242009046,105
12015000,48160.00000797648,-517106.5124630532,301.9777045705185,1.0287513646698372,105
12020000,48180.000007980554,-518249.75281369593,298.92020475889336,1.0267447123462163,105
12025000,48200.00000798463,-515544.51489309454,301.5997263597992,1.0188715899165093,105
12030000,48220.0000079887,-517449.74281034805,302.31652164962094,1.0285306709910103,105
12035000,48240.00000799278,-517940.43129771226,299.12493650421766,1.0277425126225004,105
12040000,48260.00000799685,-516983.96705152374,304.26150312753646,1.025589879463404,105
12045000,48280.00000800093,-518881.94955703453,300.5503480983412,1.028116228120495,105
12050000,48300.000008005,-516359.06626259745,300.0690551033708,1.024181148922572,105
12055000,48320.000008009076,-518426.8487338114,303.50617957008757,1.032549627301201,105
12060000,48340.00000801315,-517384.337692878,301.4421144686958,1.0221611054400725,105
12065000,48360.000008017225,-516651.85684156464,300.7166845205343,1.0237043808528201,105
12070000,48380.0000080213,-517597.365399295,298.50313024017913,1.0265939027473712,105
12075000,48400.000008025374,-516617.11592118116,299.9690134487583,1.021902665388785,105
12080000,48420.00000802945,-516404.94215798914,298.9428419015335,1.0247298872329205,105
12085000,48440.00000803352,-516755.4376842412,297.8776620147568,1.0234469460611517,105
12090000,48460.0000080376,-517114.4680049089,300.85523269900006,1.0294182446626667,105
12095000,48480.00000804167,-516411.5446216208,300.07305253644654,1.0237178059495584,105
12100000,48500.00000804575,-516125.96761417715,300.42546736951385,1.0250497611324547,105
12105000,48520.00000804982,-518195.828892234,302.0757566973933,1.023857558932486,105
12110000,48540.000008053896,-517801.4260524493,301.2276536257958,1.0246409998906605,105
12115000,48560.00000805797,-516337.77680548956,301.01888794421114,1.0277828985065574,105
12120000,48580.000008062045,-517403.59994907444,302.6757199036878,1.0276772612770284,105
12125000,48600.00000806612,-517343.7395438615,300.32449641268835,1.0230521124104295,105
12130000,48620.000008070194,-518823.2908097734,301.4228367192331,1.0252570993908203,105
12135000,48640.00000807427,-518028.20303525776,299.57010874625485,1.026593480312706,105
12140000,48660.00000807834,-518394.05869304226,302.6671027220921,1.0271545618883469,105
12145000,48680.00000808242,-517898.00677697733,301.21004889154995,1.0288537936935667,105
12150000,48700.00000808649,-517390.2641344841,300.79468042575803,1.0323382017789176,105
12155000,48720.00000809057,-517382.8495845108,298.5574221833089,1.023483595070396,105
12160000,48740.00000809464,-517907.5284524639,301.63619311391534,1.0265558217116904,105
12165000,48760.000008098716,-517535.1366733308,300.63828472554894,1.026450956592468,105
12170000,48780.00000810279,-517239.83471869025,300.16249920371115,1.0298583385651168,105
12175000,48800.000008106865,-516139.3534028237,300.08371398442915,1.0226719875873402,105
12180000,48820.00000811094,-518171.8787259096,299.5497145765065,1.0311835128691478,105
12185000,48840.000008115014,-517168.95226729196,302.0236602142515,1.025944556282123,105
12190000,48860.00000811909,-517588.7678465231,298.9212453727544,1.028252022282197,105
12195000,48880.00000812316,-515944.237491379,299.51372284916073,1.0240260118579432,105
12200000,48900.00000812724,-517974.32838659687,304.6037272600107,1.0248462588119045,105
12205000,48920.00000813131,-517197.5354792916,302.55111051357187,1.0258334116291261,105
12210000,48940.00000813539,-517195.2002405685,297.8119867224928,1.0242772254935057,105
12215000,48960.00000813946,-516634.0650954414,301.0305510484965,1.025289073637417,105
12220000,48980.000008143536,-516886.6707015496,300.3913742406921,1.0251364320570966,105
12225000,49000.00000814761,-517523.3248901479,303.4695480446037,1.0270290809805618,105
12230000,49020.000008151685,-518463.0338425441,298.942749413046,1.0302941006334165,105
12235000,49040.00000815576,-518875.7388176024,300.14040818286395,1.0297282224563802,105
12240000,49060.000008159834,-516983.456154112,300.37330400232753,1.0241359770289185,105
12245000,49080.00000816391,-517150.36070068786,300.49021160358194,1.025918639800746,105
12250000,49100.00000816798,-517635.25227752514,298.62988041643143,1.0302155842318979,105
12255000,49120.00000817206,-517750.92858887813,301.08732634187027,1.0254362103124448,105
12260000,49140.00000817613,-516958.3187520902,302.3006966399865,1.0271125122152656,105
12265000,49160.000008180206,-517285.89738740236,301.0008837402954,1.0238460076699245,105
12270000,49180.00000818428,-516046.74858788704,301.15346152918636,1.02338580573857,105
12275000,49200.000008188355,-517685.9888333422,297.89732271819287,1.0226728093104467,105
12280000,49220.00000819243,-515918.4195601165,302.86593487138697,1.028074135399016,105
12285000,49240.000008196504,-517125.6675169857,300.64557273570324,1.0238212660339445,105
12290000,49260.00000820058,-517199.02815376176,301.7729569425575,1.0280407083160426,105
12295000,49280.00000820465,-516200.3290305103,302.43019453504655,1.0241853943843409,105
12300000,49300.00000820873,-517447.2655833729,298.3494657104573,1.0258734535522884,105
12305000,49320.0000082128,-516177.08381708176,301.5382807059518,1.0223922468311029,105
12310000,49340.00000821688,-516393.26271686424,299.9191301080783,1.0249269056760595,105
12315000,49360.00000822095,-517553.9729793789,301.4995026013721,1.025332316929416,105
12320000,49380.000008225026,-517650.9315534849,301.38547901564294,1.026587149829177,105
12325000,49400.0000082291,-518905.13326558075,296.6624861569983,1.028377689136534,105
12330000,49420.000008233175,-517928.4523984161,301.05527622314327,1.0271141631773384,105
12335000,49440.00000823725,-518375.57137415116,300.83962356234224,1.0262450884153207,105
12340000,49460.000008241324,-518078.5693457264,304.9255975264902,1.0280296447145854,105
12345000,49480.0000082454,-515787.5027139636,302.69314843189227,1.0205766215977075,105
12350000,49500.00000824947,-517860.9027467619,299.7241193263571,1.0248776076125257,105
12355000,49520.00000825355,-517740.2586513548,300.2321560708145,1.0285853127461475,105
12360000,49540.00000825762,-516950.0436221268,300.25456381172717,1.0257354094782123,105
12365000,49560.0000082617,-516750.04648012295,299.52223591938304,1.0246725384802293,105
12370000,49580.00000826577,-517491.43781957915,300.91448898455536,1.0242503059196013,105
12375000,49600.000008269846,-517457.511832081,301.96690746120197,1.025186724642946,105
12380000,49620.00000827392,-516782.8319786363,298.5698979489027,1.023136684864869,105
12385000,49640.000008277995,-516198.57199216774,302.49460062663053,1.0224225672795992,105
12390000,49660.00000828207,-517982.2998134445,299.4211623769036,1.0214165730195048,105
12395000,49680.000008286144,-516539.7988874209,300.63894156819316,1.0255523745285207,105
12400000,49700.00000829022,-517685.6387013707,298.8340815127742,1.0280385361599966,105
12405000,49720.00000829429,-517925.94077224075,298.85043274854786,1.0215905757409038,105
12410000,49740.00000829837,-516903.1171437213,302.0632512499246,1.0234894629677533,105
12415000,49760.00000830244,-517521.0370177638,302.4734084270699,1.0237467438495191,105
12420000,49780.00000830652,-517241.86629026127,302.98483766840974,1.0265572056188519,105
12425000,49800.00000831059,-516754.9726795091,301.742600653946,1.0265169151367002,105
12430000,49820.000008314666,-517682.7308601516,302.3267137415923,1.024759739417307,105
12435000,49840.00000831874,-517417.3134211558,302.9454451150087,1.0292147208720341,105
12440000,49860.000008322815,-517678.5586558806,301.40793847797875,1.0253606378718323,--
12445000,49880.00000832689,-517092.9531755261,297.9168129132185,1.0268783473828582,107
12450000,49900.000008330964,-518638.871878786,300.88194680494416,1.0275510866933752,107
12455000,49920.00000833504,-517211.227147439,300.80942464948976,1.0279261183429644,107
12460000,49940.00000833911,-517129.97913712496,299.8993622885167,1.0252075529418876,106
12465000,49960.00000834319,-516875.5502810548,299.709242790774,1.0260546667133723,106
12470000,49980.00000834726,-516668.9582586256,302.53408443818654,1.0289956555560005,106
12475000,50000.00000835134,-518837.827607885,302.4030299835026,1.0273824934397706,106
12480000,50020.00000835541,-517686.97645498,301.04020677483135,1.0267784268594013,106
12485000,50040.000008359486,-516735.6398006687,301.88234584915574,1.0266655730653869,106
12490000,50060.00000836356,-518972.6772676767,301.1015451023999,1.0282029923824567,106
12495000,50080.000008367635,-517276.4908648357,298.7185586583618,1.0251122147770684,106
12500000,50100.00000837171,-517300.11447673105,300.76372479173557,1.0250033804738479,106
