#"Step","Time (ps)","Potential Energy (kJ/mole)","Temperature (K)","Density (g/mL)","Speed (ns/day)"
5000,120.00000000005473,-516093.2124344441,302.6338394000083,1.0282279923211564,--
10000,140.00000000003652,-514924.280392271,301.01769708183934,1.024864015874969,106
15000,159.9999999999899,-516647.4413367817,299.30879345283466,1.0236630956493853,106
20000,179.9999999999433,-515277.66552711837,301.0504388908268,1.0254081391437655,106
25000,199.9999999998967,-515075.30200845003,300.60392525767185,1.024905732202896,106
30000,219.99999999985008,-515394.1453374871,300.9466793796605,1.026605510136644,106
35000,239.99999999980346,-517157.93878381257,299.1054509315497,1.0244208886662194,106
40000,259.99999999978525,-515216.45745669026,301.36054609355557,1.0270438380388764,106
45000,279.99999999988074,-516260.5144708222,301.5334344408094,1.0235569522276888,106
50000,299.99999999997624,-515811.9075365432,300.3262438809862,1.028554564626946,106
55000,320.00000000007174,-515089.85671280674,302.0717638267569,1.0220217720737048,106
60000,340.00000000016723,-516132.1351739147,303.88852746266065,1.0248091141476265,106
65000,360.00000000026273,-515519.45717002545,301.49004412516126,1.0256627707806627,106
70000,380.0000000003582,-515965.123844987,302.43558434465166,1.028050352487707,106
75000,400.0000000004537,-516197.0822237083,300.0668126772499,1.0245225898616466,106
80000,420.0000000005492,-515836.972665563,302.1313641982694,1.026342490278677,106
85000,440.0000000006447,-515636.47211777046,301.70629347185303,1.0256347958577456,106
90000,460.0000000007402,-516459.64485668926,300.89963872838837,1.024361389545584,106
95000,480.0000000008357,-516694.5307392762,300.1153372446861,1.0236249013234053,106
100000,500.0000000009312,-515903.2648827564,299.05646601424843,1.0236641345673057,106
105000,520.0000000010267,-515858.96158777806,303.30899147279877,1.021673292687464,106
110000,540.0000000011222,-516872.4131722823,302.6984305710815,1.0268493424092497,106
115000,560.0000000012177,-516313.5338223316,301.0688402954143,1.0253175143675555,106
120000,580.0000000013132,-516196.7242456749,300.0093488851427,1.0241931889335045,106
125000,600.0000000014087,-516724.60657488625,298.47521884525923,1.0251573588326877,106
130000,620.0000000015042,-516932.67540450883,300.35771650401364,1.024640143869692,105
135000,640.0000000015997,-517127.2932917129,302.6101520702207,1.021631991556285,105
140000,660.0000000016952,-515966.8471221386,301.248692384816,1.0257877305236545,105
145000,680.0000000017907,-516603.7660995163,300.6365131512168,1.0243085318423508,105
150000,700.0000000018862,-515704.23943028855,298.7118072451347,1.0238294098909917,105
155000,720.0000000019817,-515135.78342406335,301.6712279728863,1.0247280451305525,105
160000,740.0000000020772,-516051.60946052265,302.54164912076925,1.0251433963924301,105
165000,760.0000000021727,-517009.68807289144,302.97222578921685,1.025976289854675,105
170000,780.0000000022682,-516955.14036467555,300.2470778510521,1.024496199045849,105
175000,800.0000000023637,-516678.08896502363,301.6874864309239,1.0270332557497663,105
180000,820.0000000024592,-517258.84629199794,302.01104604526313,1.0273617839563587,105
185000,840.0000000025547,-515662.20610049996,301.4531432766116,1.0259664410301104,105
190000,860.0000000026502,-516568.85197250615,300.3500831895118,1.0268626974234278,105
195000,880.0000000027457,-516864.7916398621,299.00075833331084,1.0271583425462254,105
200000,900.0000000028411,-516788.0797941738,298.6736948449115,1.029547239791956,105
205000,920.0000000029366,-515642.2258172862,302.1171173839737,1.0252421418547335,105
210000,940.0000000030321,-516077.97316833725,298.4643951631433,1.026397555770752,105
215000,960.0000000031276,-517109.30467341887,300.9938982468823,1.0291142920502783,105
220000,980.0000000032231,-516708.4012544062,298.3363278750759,1.0308403697599222,105
225000,1000.0000000033186,-517181.98051913874,301.2156229823393,1.0250233573700693,105
230000,1020.0000000034141,-516463.55890537775,300.20913440556944,1.0286014111583728,105
235000,1040.0000000030548,-516006.82683258597,302.8682093440318,1.025812796930921,105
240000,1060.0000000025818,-515180.3228104485,302.4629864604034,1.0265061472693677,105
245000,1080.000000002109,-516477.2455035681,301.12073886030316,1.0269300530658145,105
250000,1100.000000001636,-515088.0766453366,297.7659269619933,1.023774762396346,105
255000,1120.000000001163,-516146.1092005968,304.15189295630114,1.0293333646220335,105
260000,1140.00000000069,-516403.8568457167,302.0820596125497,1.0259457840360553,105
265000,1160.0000000002171,-516944.5827663257,302.238679052542,1.0261414935002107,105
270000,1179.9999999997442,-515959.10953343124,303.97116109541577,1.023024752889164,105
275000,1199.9999999992713,-515444.9384680623,299.3136209086301,1.0233540719214267,105
280000,1219.9999999987983,-516975.16443705675,302.25204386758327,1.0256694271483717,105
285000,1239.9999999983254,-515574.974118134,302.34127456254333,1.0238414221872743,105
290000,1259.9999999978525,-516607.01097755623,299.89907960570514,1.0263012263014137,105
295000,1279.9999999973795,-516406.32491382165,302.8778810244361,1.0243053709802552,105
300000,1299.9999999969066,-516741.74595275545,302.9436560079184,1.0224992856492308,105
305000,1319.9999999964336,-516030.5921644664,300.30277731220366,1.0288343314848025,105
310000,1339.9999999959607,-516641.9038080955,298.53675816423043,1.0273980852657667,105
315000,1359.9999999954878,-518294.50641906215,301.9726171736818,1.0312983911904754,105
320000,1379.9999999950148,-517008.6626998733,303.3914847198619,1.0325103987186768,105
325000,1399.999999994542,-516731.4279513622,299.5982174082305,1.0230642690265908,105
330000,1419.999999994069,-516245.69264306244,302.5573646948875,1.0238765850244336,105
335000,1439.999999993596,-517258.2177016763,300.05487839804516,1.0248742246456064,105
340000,1459.999999993123,-516504.5342298569,300.8621072463081,1.0233332500792367,105
345000,1479.9999999926501,-516601.40575987566,302.27618943183245,1.0291051334858285,105
350000,1499.9999999921772,-517809.89274070505,303.198164238173,1.0285471562737312,105
355000,1519.9999999917043,-516761.56033447804,301.80087014479113,1.0240804198337927,105
360000,1539.9999999912313,-516755.8165054426,301.692223967886,1.0281656649229305,105
365000,1559.9999999907584,-517100.2905420917,301.47181749074053,1.0248852627086598,105
370000,1579.9999999902855,-516543.96625507856,302.67076224748985,1.0266342986438775,105
375000,1599.9999999898125,-516493.99477194785,301.54512249192095,1.027694360147619,105
380000,1619.9999999893396,-515902.245500532,302.3958318882859,1.0253619173597601,105
385000,1639.9999999888666,-516823.14696062123,303.9951669582842,1.0282541167696144,105
390000,1659.9999999883937,-517408.0679525973,301.97335753354264,1.0278147461065965,105
395000,1679.9999999879208,-516327.8880724404,301.82362532689046,1.0283687387454397,105
400000,1699.9999999874478,-515650.20528120804,303.58388207672573,1.0244942841602458,105
405000,1719.999999986975,-516568.34553621314,301.90967768829216,1.022815894308976,105
410000,1739.999999986502,-515844.0364168945,301.78084157547374,1.0251494798830594,105
415000,1759.999999986029,-518087.8048212186,300.82289887822503,1.0307011198481708,105
420000,1779.999999985556,-516460.85813590395,300.8600159635505,1.0218622981067236,105
425000,1799.9999999850832,-517018.13291261764,303.34178611002284,1.0290496288745963,105
430000,1819.9999999846102,-516834.19262712635,303.4127546690888,1.0265203579052165,105
435000,1839.9999999841373,-517382.4452259904,301.52482458626133,1.0261076854917515,105
440000,1859.9999999836643,-516366.24461005,300.5888874027626,1.0273660784878027,105
445000,1879.9999999831914,-516578.0167638883,301.65029243437954,1.0317373347296936,105
450000,1899.9999999827185,-517138.37350754417,299.85777440812836,1.0265701785925205,105
455000,1919.9999999822455,-517003.8521104653,301.7091888581462,1.024488636329385,105
460000,1939.9999999817726,-516301.9515322186,300.207595717433,1.0229001739431498,105
465000,1959.9999999812997,-516765.1909647479,299.79194171928265,1.0295929914672601,105
470000,1979.9999999808267,-515355.9313439713,301.53883410272203,1.0211030797532203,105
475000,1999.9999999803538,-516396.260587062,297.0550963542503,1.0269964532805291,105
480000,2019.9999999798808,-517090.11064323667,300.7555164794828,1.024676742780141,105
485000,2039.999999979408,-515701.51873757853,304.04493091020146,1.0241599903585041,105
490000,2059.999999978935,-516103.8604553335,299.06970688331694,1.0215603370132271,105
495000,2079.9999999784623,-517802.82122435793,301.64189095057196,1.0292596344994462,105
500000,2099.9999999779893,-516174.14339466137,302.1314125475707,1.023939268516988,105
505000,2119.9999999775164,-516617.2935236606,301.12815104389847,1.0260438009321144,105
510000,2139.9999999770434,-515122.37528834864,299.5540082634313,1.0245243107802076,105
515000,2159.9999999765705,-515615.01725683804,300.83319434907787,1.0207415406096176,105
520000,2179.9999999760976,-517115.822344508,303.4631438842011,1.0300657803311097,105
525000,2199.9999999756246,-517697.8461560416,299.9954840060568,1.0274242437452683,105
530000,2219.9999999751517,-516483.33292110055,301.3614569232464,1.0222620977610204,105
535000,2239.9999999746788,-515964.32274823566,301.39824622850625,1.023448145584326,105
540000,2259.999999974206,-516446.26644690847,302.4466045015327,1.0256474452846476,106
545000,2279.999999973733,-516597.3831023269,301.3728773736061,1.0232637381521277,106
550000,2299.99999997326,-515864.96729254,300.32042645921945,1.0246486143504678,106
555000,2319.999999972787,-516645.3547675968,302.3035682749292,1.0239248445834561,106
560000,2339.999999972314,-516409.09973221575,301.8853936354583,1.023428442334751,106
565000,2359.999999971841,-516172.5618926494,301.9909771181935,1.0260452665753275,106
570000,2379.999999971368,-517672.55608916073,301.05941633089947,1.0300426331108092,106
575000,2399.9999999708953,-517389.35346297454,300.77836527034833,1.0300544374276224,106
580000,2419.9999999704223,-517329.5025021669,299.88605672184843,1.0255602574597318,106
585000,2439.9999999699494,-516512.7231352166,299.1374304955248,1.0286677113429845,106
590000,2459.9999999694764,-518220.4436206443,302.4685300331738,1.0271330319296637,106
595000,2479.9999999690035,-515897.2424040192,300.92853461992513,1.0276200450224144,106
600000,2499.9999999685306,-517308.7485068049,300.4609373839835,1.0252972611233249,106
605000,2519.9999999680576,-517700.44213764695,301.6682156125876,1.025187481770253,106
610000,2539.9999999675847,-516837.80342982383,300.0292384513303,1.0225563353687872,106
615000,2559.9999999671118,-515747.4931904143,301.7077022267512,1.0241224885359608,106
620000,2579.999999966639,-516566.3031938458,300.47681749878444,1.0220803218160395,106
625000,2599.999999966166,-516414.6449425339,303.3378296206054,1.026777328100278,106
630000,2619.999999965693,-516490.69770267373,301.90731220145807,1.0256723435846014,106
635000,2639.99999996522,-516403.65645576664,300.83978024086684,1.0259901328945846,106
640000,2659.999999964747,-518093.78069816716,303.33178406330507,1.029479776951975,106
645000,2679.999999964274,-517046.56395311235,299.09271494873036,1.0231643423460268,106
650000,2699.999999963801,-517494.12737851054,299.70917682053835,1.0249263599005272,106
655000,2719.9999999633283,-516343.2019676722,299.3052352618315,1.0230231647047727,106
660000,2739.9999999628553,-516857.33190751495,300.5281286662322,1.0240960383949285,106
665000,2759.9999999623824,-516694.39082786744,302.4041658351375,1.0217928205724656,106
670000,2779.9999999619095,-516210.13330713403,301.0912469462416,1.0262754345703375,106
675000,2799.9999999614365,-515823.0367460095,299.54815705442036,1.0227744377339005,106
680000,2819.9999999609636,-516564.8199948238,300.66269494769756,1.0243894701064944,106
685000,2839.9999999604906,-517401.68608300504,300.4762692735757,1.0268094344476748,106
690000,2859.9999999600177,-516630.5204622876,299.6462681612092,1.028570336316898,106
695000,2879.9999999595448,-515545.4168483664,299.79092795716764,1.0235236377929777,106
700000,2899.999999959072,-516308.09462296637,302.58975060423126,1.0237088841667112,106
705000,2919.999999958599,-516492.28618079936,301.14085102710106,1.0271002684911676,106
710000,2939.999999958126,-517470.86330833356,301.1842063674189,1.0270553503930533,106
715000,2959.999999957653,-516498.89741855115,299.78973296049884,1.0223358309140036,106
720000,2979.99999995718,-517096.8511661426,298.74195734031997,1.027097615099544,106
725000,2999.999999956707,-517818.75830067904,303.2429411389882,1.0257383909446134,106
730000,3019.999999956234,-515578.229259772,301.1269063449678,1.0265572170060997,106
735000,3039.9999999557613,-516114.1470852881,301.8588414563567,1.0233131482342968,106
740000,3059.9999999552883,-516708.91680184845,302.0048464295852,1.0272317988397976,106
745000,3079.9999999548154,-516151.7646471625,304.17391954715094,1.0260915573982674,106
750000,3099.9999999543425,-517704.4961243768,301.9864375600791,1.028413103938332,106
755000,3119.9999999538695,-516623.8287684282,300.1063951487562,1.024546179897969,106
760000,3139.9999999533966,-516642.13674022537,296.7959445800242,1.0244159171131513,106
765000,3159.9999999529236,-516078.0254663024,300.493489008838,1.0254846651082679,106
770000,3179.9999999524507,-517496.3757843545,298.3012081592435,1.0251327535655563,106
775000,3199.9999999519778,-517291.63985397853,301.2853430794179,1.026798943660519,106
780000,3219.999999951505,-517581.33518633293,301.4316169826084,1.0290440287040408,106
785000,3239.999999951032,-517269.9505663302,303.2026143743082,1.0225662065508705,106
790000,3259.999999950559,-517057.62657735404,302.62759371509577,1.0283143310907557,106
795000,3279.999999950086,-517139.68787245895,301.13585058329113,1.026075365760296,106
800000,3299.999999949613,-517443.5358028158,298.33944285722464,1.02657874880178,106
805000,3319.99999994914,-516864.46489961655,299.6194396245829,1.026037963850623,106
810000,3339.999999948667,-516703.60586792394,302.83541888531215,1.0255550014544321,106
815000,3359.9999999481943,-516013.9122447879,299.4646497998896,1.0214105976967887,106
820000,3379.9999999477213,-515992.1774306684,298.831989517807,1.0231844764142322,106
825000,3399.9999999472484,-516612.4722117216,298.0844776277437,1.0224044270977257,106
830000,3419.9999999467755,-517544.729015002,302.09167275790594,1.027508806023431,106
835000,3439.9999999463025,-517230.72343173553,301.5535061868622,1.024875696838888,106
840000,3459.9999999458296,-515646.43124768115,300.3966034738824,1.020537353637079,106
845000,3479.9999999453566,-517163.09107863344,298.3629944177859,1.0269585662080774,106
850000,3499.9999999448837,-516467.9797282743,299.83833391666633,1.024813317847524,106
855000,3519.999999944411,-516194.3314124963,302.3612018514401,1.0235273315443836,106
860000,3539.999999943938,-516656.04877657886,302.1737774911879,1.0228428520841797,106
865000,3559.999999943465,-515388.35417787265,300.0687925709995,1.0236806934899574,106
870000,3579.999999942992,-517005.3549894539,301.4518240885505,1.0241536490998993,106
875000,3599.999999942519,-516112.63228197256,301.77984134476145,1.0273977838394164,106
880000,3619.999999942046,-517217.360534617,301.97610414794445,1.0244159623096685,106
885000,3639.999999941573,-516895.8603673326,302.36559611734566,1.0253410020775364,106
890000,3659.9999999411,-517399.56959386566,299.82858205847606,1.0273663814071203,106
895000,3679.9999999406273,-517035.46402512514,300.70468033345355,1.0242139846990446,106
900000,3699.9999999401543,-515117.63809039607,301.2163450083943,1.0228884132174996,106
905000,3719.9999999396814,-517136.38903297484,303.65571350301286,1.025786151099385,106
910000,3739.9999999392085,-515667.7799279804,301.79324779352993,1.0152940863789122,106
915000,3759.9999999387355,-515969.0961966859,300.81396886261814,1.0239169068848082,106
920000,3779.9999999382626,-516593.770383253,300.7708580656562,1.0236919552438177,106
925000,3799.9999999377897,-517482.25730335293,301.4613228237141,1.0268499517829204,106
930000,3819.9999999373167,-516431.57944501494,302.2479149194815,1.0220699050112303,106
935000,3839.999999936844,-517757.9105185864,302.8626680633415,1.0240106578835364,106
940000,3859.999999936371,-516207.85486821155,303.2152762706677,1.0207051847391577,106
945000,3879.999999935898,-517025.1947101685,299.5101964572158,1.0254979859198134,106
950000,3899.999999935425,-516269.59997630306,300.1335300627411,1.027478058632351,106
955000,3919.999999934952,-516887.4102118155,301.8491500335335,1.0270098502909577,106
960000,3939.999999934479,-516755.9390855285,302.4175778678488,1.0218202546182384,106
965000,3959.999999934006,-518393.5542975678,300.60091686240764,1.0252121215309247,106
970000,3979.999999933533,-516247.87773089064,301.7630999434931,1.0273603122022563,106
975000,3999.9999999330603,-516192.30116400705,301.35891927184207,1.0284090550085452,106
980000,4019.9999999325873,-517547.36790138343,300.111780344245,1.02351743150428,106
985000,4039.9999999321144,-516985.27780340775,303.2941298891082,1.028943386902044,106
990000,4059.9999999316415,-517604.1203667184,299.19089503566295,1.0244055232821638,106
995000,4079.9999999311685,-516804.91268972354,301.8785759792826,1.0259709297192428,106
1000000,4099.999999930696,-515918.6995294378,301.1570842684505,1.023273182318604,106
1005000,4119.999999930223,-515962.4585947329,300.29331806585935,1.0275890902427773,106
1010000,4139.99999992975,-517120.3056058248,300.6435674867054,1.0269407907663466,106
1015000,4159.999999929277,-515655.51997224963,300.78106198906323,1.0202837819155048,106
1020000,4179.999999928804,-518165.6803867242,299.40900345396506,1.0214696832564105,106
1025000,4199.999999928331,-515470.9356313299,299.7076494655723,1.0234126739264737,106
1030000,4219.999999927858,-517913.43326487415,301.2910848167821,1.0285333289330547,106
1035000,4239.999999927385,-517040.7168591493,301.7628187099241,1.0322544844424673,106
1040000,4259.999999926912,-514880.723245719,304.9118616199862,1.0234303400660196,106
1045000,4279.999999926439,-517326.08820555545,300.9747131399797,1.0248103647383118,106
1050000,4299.999999925966,-516934.49920206075,298.84839450217896,1.0259161283859313,106
1055000,4319.999999925493,-516346.31988951727,297.7912345919139,1.0236123752165405,106
1060000,4339.99999992502,-516720.4239329279,300.46246732316064,1.0254801728687841,106
1065000,4359.999999924547,-517423.95006507565,302.145277874519,1.0240958684535169,106
1070000,4379.9999999240745,-517998.8420034116,301.53781144890235,1.0263267000516363,106
1075000,4399.9999999236015,-517080.46763757267,301.76836631847397,1.0289383905697058,106
1080000,4419.999999923129,-516585.47224512533,301.50555233352003,1.024132238627293,106
1085000,4439.999999922656,-516043.44629803,301.8333367395915,1.0271788087241118,106
1090000,4459.999999922183,-516978.2560221341,304.28458362098615,1.0269671351340257,106
1095000,4479.99999992171,-515822.41934918123,301.15436023103416,1.0240902183655685,106
1100000,4499.999999921237,-516849.927629618,301.8228572819256,1.0261571976549007,106
1105000,4519.999999920764,-518280.98019300634,300.6485603899804,1.0280611135804925,106
1110000,4539.999999920291,-517284.64591762377,299.7921481309921,1.0309461394684654,106
1115000,4559.999999919818,-516915.1771486376,301.40844189570964,1.0224464783821232,106
1120000,4579.999999919345,-516922.30908381566,300.6329235804342,1.02871443818292,106
1125000,4599.999999918872,-515667.6834549492,299.68189417041503,1.0234869231278692,106
1130000,4619.999999918399,-516839.85380739253,300.3867369077972,1.025321488193068,106
1135000,4639.999999917926,-517049.8382718833,300.25414249259336,1.0252413010475794,106
1140000,4659.999999917453,-515456.64318588027,299.6181524968527,1.0233337192078926,106
1145000,4679.99999991698,-516128.9853337039,300.7064439201622,1.0251939807360761,106
1150000,4699.9999999165075,-516428.2630913444,303.4762256039689,1.0273607037651524,106
1155000,4719.9999999160345,-516440.9536219456,300.4881903268781,1.0226511858898433,106
1160000,4739.999999915562,-516370.0579712365,301.45045623646894,1.0239400230439624,106
1165000,4759.999999915089,-515959.32103261654,301.263265282514,1.0262491266680418,106
1170000,4779.999999914616,-517277.3137613514,301.83690432851506,1.030122795369116,106
1175000,4799.999999914143,-517614.38494201726,305.21348457304003,1.024581006971271,106
1180000,4819.99999991367,-516179.3665589881,303.1407388577724,1.0300490108222213,106
1185000,4839.999999913197,-517228.54623330734,298.2999698144933,1.0244578640724036,106
1190000,4859.999999912724,-516932.1000080027,301.24500871581256,1.0269361885054384,106
1195000,4879.999999912251,-514907.1021999896,298.2702368798869,1.0246485162374541,106
1200000,4899.999999911778,-515780.15992043493,300.2281590653204,1.0262681596435468,106
1205000,4919.999999911305,-516399.6301115714,299.74413022773274,1.0249813400437258,106
1210000,4939.999999910832,-515738.8755800873,299.7954830990898,1.0261531438127471,106
1215000,4959.999999910359,-515940.5966539306,302.1499430734578,1.0242978351773562,106
1220000,4979.999999909886,-515865.84314048104,299.1588194798091,1.02648647323075,106
1225000,4999.999999909413,-515615.9965062451,301.4357521019188,1.0237764331396584,106
1230000,5019.9999999089405,-517559.0173451528,297.95641145009904,1.029626299892012,106
1235000,5039.9999999084675,-517950.169176057,299.9840082318676,1.0290096147475747,106
1240000,5059.999999907995,-517359.4414314048,303.6051370387858,1.0245574760954295,106
1245000,5079.999999907522,-516784.262863582,301.8069696918107,1.0253319271708936,106
1250000,5099.999999907049,-517004.91251827683,301.9906491818179,1.028684510547406,106
1255000,5119.999999906576,-516910.88692245376,302.4215815502614,1.027515255440151,106
1260000,5139.999999906103,-516249.7078160527,301.4800648753521,1.0269701018536745,106
1265000,5159.99999990563,-517145.69239504845,299.32330078526616,1.0252213538874142,106
1270000,5179.999999905157,-517091.5131306974,300.4451526456209,1.0259525977099468,106
1275000,5199.999999904684,-517048.002694516,303.3193587290119,1.0304287106069274,106
1280000,5219.999999904211,-516914.6274373848,301.972933188692,1.0263481834696377,106
1285000,5239.999999903738,-516391.63670645515,298.67141282081167,1.0223930145303124,106
1290000,5259.999999903265,-515364.8479406242,300.98804948084825,1.0245150343591547,106
1295000,5279.999999902792,-514842.7832602868,302.2190486601079,1.0208278034793892,106
1300000,5299.999999902319,-516947.45195947983,301.1801065135744,1.0231484805998348,106
1305000,5319.999999901846,-515740.99259853037,299.37923602924513,1.0201136525223422,106
1310000,5339.9999999013735,-516830.9486979309,300.09712669367286,1.0285304780400397,106
1315000,5359.999999900901,-517263.92844008305,300.43929967363977,1.0286187020088289,106
1320000,5379.999999900428,-516759.6378757297,302.30814961577204,1.024087433588749,106
1325000,5399.999999899955,-516875.22786196903,301.76553532560087,1.025083378631411,106
1330000,5419.999999899482,-516640.8595094641,300.61314353239555,1.0244958349881716,106
1335000,5439.999999899009,-517490.9497072911,300.6392849290313,1.0285944028101346,106
1340000,5459.999999898536,-517219.337944865,298.5779168519056,1.0250568752479285,106
1345000,5479.999999898063,-516044.1708113551,302.6495944151318,1.0265386171092155,106
1350000,5499.99999989759,-517233.87863868475,300.0046281799707,1.0225420234434393,106
1355000,5519.999999897117,-516379.6248694353,303.56195098254346,1.0283756030784938,106
1360000,5539.999999896644,-516857.5079349277,301.3086392079758,1.0296689802502543,106
1365000,5559.999999896171,-516315.5169848143,300.2944963869867,1.0254407730197141,106
1370000,5579.999999895698,-517313.43185245804,300.7674504101466,1.0207865382843118,106
1375000,5599.999999895225,-516973.90921049775,302.4859679861267,1.0263819662524711,106
1380000,5619.999999894752,-516661.30834931973,301.5724538998423,1.0273680326373327,106
1385000,5639.999999894279,-517513.0903699894,301.2318697250956,1.0200754717258282,106
1390000,5659.9999998938065,-516369.64299184433,299.37159102653663,1.0303149712991417,106
1395000,5679.999999893334,-517270.44879151764,300.55557216614096,1.0272959059295612,106
1400000,5699.999999892861,-517922.9661377249,299.6510005554293,1.028842191123054,106
1405000,5719.999999892388,-516748.45335473516,302.18269964635874,1.0260407856238793,106
1410000,5739.999999891915,-517341.93707263074,301.1356049586039,1.0303815946876167,106
1415000,5759.999999891442,-515617.338376387,301.31801993892435,1.0227447920782289,106
1420000,5779.999999890969,-516302.8420638782,301.83839846914617,1.0234454949881786,106
1425000,5799.999999890496,-515766.1544401967,300.22760975940616,1.0241639326947032,106
1430000,5819.999999890023,-517143.4295466519,303.64082257268956,1.0262470507915429,106
1435000,5839.99999988955,-516231.62300953874,298.15142848017734,1.0261146924670599,106
1440000,5859.999999889077,-516728.8302348261,301.0383496439536,1.024130787969349,106
1445000,5879.999999888604,-516737.54961153166,299.07188961083403,1.0250820685983886,106
1450000,5899.999999888131,-517495.1525080912,300.2692589136286,1.0256287862377036,106
1455000,5919.999999887658,-515275.48897217284,300.9166338691657,1.023727710417153,106
1460000,5939.999999887185,-516579.38024139474,299.71861072906705,1.0253913038787854,106
1465000,5959.999999886712,-516290.48497861135,301.28204675065183,1.0237573059977523,106
1470000,5979.9999998862395,-516198.425836422,297.93175736218245,1.0269055393160447,106
1475000,5999.999999885767,-516870.0854828388,300.99126245193054,1.0254369808969435,106
1480000,6019.999999885294,-517049.0118438089,299.35761896446587,1.0264592397813994,106
1485000,6039.999999884821,-517303.6416049157,297.27486129650856,1.0277455686113341,106
1490000,6059.999999884348,-516372.63677766034,302.46831467529336,1.0270379466673105,106
1495000,6079.999999883875,-517564.7945541062,300.5808487023602,1.027207778824287,106
1500000,6099.999999883402,-516955.7386907493,300.045516758378,1.0283861140398822,106
1505000,6119.999999882929,-518400.7834953896,301.5196985749664,1.0279963032600588,106
1510000,6139.999999882456,-517056.9737968189,298.26582694841056,1.0245051414754347,106
1515000,6159.999999881983,-515272.31438123924,304.493006530041,1.024186047509321,106
1520000,6179.99999988151,-516746.94802141865,297.14644822332764,1.0292101577208694,106
1525000,6199.999999881037,-517032.2269905398,302.04200635668565,1.0268728857535458,106
1530000,6219.999999880564,-516590.68348759506,303.009533557296,1.025764287271048,106
1535000,6239.999999880091,-515992.7837015195,300.8905827290867,1.0268139235517109,106
1540000,6259.999999879618,-517273.37828427344,299.33736504954857,1.02539665276168,106
1545000,6279.999999879145,-516393.56443005684,299.5901549305172,1.0253555641429557,106
1550000,6299.9999998786725,-516991.5288594912,302.0125513422556,1.0259693359591409,106
1555000,6319.9999998782,-517537.4274414433,302.4266111399354,1.032659101886817,106
1560000,6339.999999877727,-516690.0132214648,303.2311565931638,1.02373544501404,106
1565000,6359.999999877254,-516809.18709371076,303.05978300284016,1.027669835792699,106
1570000,6379.999999876781,-517558.16529127397,302.42191501102354,1.0284718168042137,106
1575000,6399.999999876308,-517104.9417425243,297.4077017288884,1.0302193348168875,106
1580000,6419.999999875835,-516311.2343729546,301.4466857886076,1.0243448732498186,106
1585000,6439.999999875362,-516383.29053558735,303.65726387761146,1.0280649587552393,106
1590000,6459.999999874889,-516765.39927821746,299.6106448006585,1.02833092347859,106
1595000,6479.999999874416,-514952.44556107954,301.1646909631759,1.0249178217750399,106
1600000,6499.999999873943,-517841.87710026256,302.8488880554555,1.026123625152477,106
1565000,6359.999999877254,-515586.7814604873,300.848363062154,1.0240666001856882,--
1570000,6379.999999876781,-516949.2792638787,303.7852641739986,1.0280336784796915,106
1575000,6399.999999876308,-515346.85559335724,301.10602268329296,1.0228022038188682,105
1580000,6419.999999875835,-517033.5866654406,301.09127619068914,1.029427088535232,105
1585000,6439.999999875362,-517597.6725213749,299.0277463366363,1.0311499701864242,105
1590000,6459.999999874889,-517362.81852042745,300.1603157454067,1.0283249082548263,104
1595000,6479.999999874416,-515380.3194459209,298.10983683122663,1.0216142534457004,104
1600000,6499.999999873943,-517193.9863767051,301.5336835065031,1.0272078628395682,104
1605000,6519.99999987347,-516517.9155677252,299.3142160281059,1.0242359204268534,104
1610000,6539.999999872997,-517346.6566691331,301.11509814850507,1.0281452488185172,104
1615000,6559.999999872524,-516923.2813022288,299.91103307624604,1.0243800834731018,104
1620000,6579.999999872051,-516901.3042031715,297.91125131108436,1.0263010471027738,104
1625000,6599.999999871578,-517331.7454000227,299.95458062371586,1.026725336239996,104
1630000,6619.9999998711055,-516942.6598249625,299.5190091153621,1.0258841109019925,104
1635000,6639.999999870633,-516518.70317555475,304.2006635561633,1.0296020933582464,104
1640000,6659.99999987016,-516175.44055552967,299.7273532861661,1.0258540952998743,104
1645000,6679.999999869687,-516901.0124147744,304.244238286383,1.024095930907432,104
1650000,6699.999999869214,-518815.47702156333,299.94946968644433,1.0248000944715763,104
1655000,6719.999999868741,-516326.6260160783,302.35194369475295,1.0244549256813427,104
1660000,6739.999999868268,-517527.5944074779,300.783028073735,1.026874023710908,104
1665000,6759.999999867795,-516205.4661859113,299.7207051031407,1.0260098151821075,104
1670000,6779.999999867322,-516912.0645143194,301.16127558247905,1.0281244859892227,104
1675000,6799.999999866849,-517415.40033452096,300.2126988253324,1.0284942913101265,104
1680000,6819.999999866376,-518505.1726637003,299.46800565375344,1.0306760498485958,104
1685000,6839.999999865903,-517280.582366745,302.59745590999563,1.0215502043832658,104
1690000,6859.99999986543,-518155.95642572735,303.6421487781369,1.0281253298186477,104
1695000,6879.999999864957,-516950.80136969895,299.9288769734034,1.0275329237384618,104
1700000,6899.999999864484,-517561.88842163817,300.23353560353536,1.0284281428772695,104
1705000,6919.999999864011,-517099.9349132087,301.4173340354168,1.0272929370028772,104
1710000,6939.9999998635385,-517147.9649284987,301.4169132440176,1.0264028803896554,104
1715000,6959.999999863066,-516207.77792159934,301.9798611826129,1.0243216259574741,104
1720000,6979.999999862593,-516101.29133250355,302.739469558017,1.0253819228101095,104
1725000,6999.99999986212,-516302.96872735815,301.880629408991,1.0247973107092294,104
1730000,7019.999999861647,-518469.2258083632,302.14882881119865,1.030218291179002,104
1735000,7039.999999861174,-515982.3389467653,299.124653009106,1.0275997316982497,104
1740000,7059.999999860701,-517456.825696626,299.9939826775017,1.0283068512396387,104
1745000,7079.999999860228,-515684.7644188828,301.32558655346156,1.0216990118644256,104
1750000,7099.999999859755,-517462.96179198334,299.02077434426417,1.027926356820406,104
1755000,7119.999999859282,-516698.7002367489,299.4652776882273,1.0232436671355531,104
1760000,7139.999999858809,-515079.6493653527,301.55598918511464,1.0272056919493717,104
1765000,7159.999999858336,-515034.8985809884,300.8821722745364,1.022718569060331,104
1770000,7179.999999857863,-516847.2100091202,302.1917081561173,1.0239326523307548,104
1775000,7199.99999985739,-517357.84894090495,301.29123696776617,1.0268591250532357,104
1780000,7219.999999856917,-516420.4342632147,298.3835338015445,1.025125276417324,104
1785000,7239.999999856444,-516717.97739290213,298.9685792723069,1.0296754292203345,104
1790000,7259.9999998559715,-518264.4769129378,300.64374666001135,1.0310387376649521,103
1795000,7279.999999855499,-517502.3069121477,302.57079722153986,1.0272470498948933,103
1800000,7299.999999855026,-517401.7997738712,300.2990824779913,1.0308335257037917,103
1805000,7319.999999854553,-517778.80370640615,301.12476166459516,1.0263909839372902,103
1810000,7339.99999985408,-517036.44060946396,301.40715912444944,1.028632991790011,103
1815000,7359.999999853607,-516402.3077910717,298.1933577933146,1.0245218038447212,103
1820000,7379.999999853134,-517235.2618847075,300.15086287266644,1.027762307891852,103
1825000,7399.999999852661,-516841.7240469728,299.8025882590437,1.0250713545145276,103
1830000,7419.999999852188,-516486.91868127626,301.9572381048362,1.0244512606282397,103
1835000,7439.999999851715,-515897.5460374472,301.51336207777507,1.0260883683367383,103
1840000,7459.999999851242,-517537.94032448763,300.57288224031606,1.0283532412020773,103
1845000,7479.999999850769,-517330.1214959768,300.7057152068267,1.026578743340715,103
1850000,7499.999999850296,-517781.83338562935,300.7112081062321,1.030552311244903,103
1855000,7519.999999849823,-515830.3597342507,300.4564861846498,1.020729379616021,103
1860000,7539.99999984935,-515800.7065774752,303.384840666656,1.0245151382390827,103
1865000,7559.999999848877,-515791.11956439563,302.4692539615223,1.0240628951109463,103
1870000,7579.9999998484045,-517052.26990104676,303.2864476110522,1.0257788511921893,103
1875000,7599.999999847932,-516647.2119872463,303.5193046322084,1.024649719177262,103
1880000,7619.999999847459,-516096.3265040687,297.70700001995925,1.0235577270102534,103
1885000,7639.999999846986,-515590.9819033337,301.452726267331,1.0262659874849602,103
1890000,7659.999999846513,-517332.12569060014,302.1951816282714,1.0309139174940523,103
1895000,7679.99999984604,-515848.41090127407,298.4723314860538,1.0265976706070206,103
1900000,7699.999999845567,-516439.8372284195,299.8012276412646,1.024192356857856,103
1905000,7719.999999845094,-516618.71279134485,303.8430508627965,1.0237153674523447,103
1910000,7739.999999844621,-516907.23161823605,301.38389079324827,1.0224986815919856,104
1915000,7759.999999844148,-517089.0145810093,303.386036140368,1.0244659918280108,104
1920000,7779.999999843675,-516961.36442226963,301.19509177131545,1.0251484541198999,104
1925000,7799.999999843202,-518346.1555803942,303.1099291733078,1.0259049952191295,104
1930000,7819.999999842729,-517484.55756881554,298.7795917795707,1.0275267671111068,104
1935000,7839.999999842256,-515958.67825449794,300.75654656714113,1.0255531052733244,104
1940000,7859.999999841783,-517271.97351329634,301.41113303529386,1.0264162923774163,104
1945000,7879.9999998413105,-516525.90678072115,302.6384955177725,1.026366660723994,104
1950000,7899.9999998408375,-517642.1824078902,302.35927697664454,1.0267719119857808,104
1955000,7919.999999840365,-516479.89876161655,299.5556533301852,1.0234849469374796,104
1960000,7939.999999839892,-515930.4430328496,301.07687314696483,1.0251599102755207,104
1965000,7959.999999839419,-516621.7262768047,300.61895938107585,1.0239813988204916,104
1970000,7979.999999838946,-516908.5244463561,301.7748002416242,1.025224991237887,104
1975000,7999.999999838473,-517257.56367839896,300.32554081486353,1.0247304214745965,104
1980000,8019.999999838,-518531.4039874601,300.31333096808567,1.0251229329305565,104
1985000,8039.999999837527,-517085.4968117606,300.1196939545887,1.0278362655975848,104
1990000,8059.999999837054,-516783.28996263514,300.2752456034282,1.0235115686400393,104
1995000,8079.999999836581,-516782.78579745884,301.12159207630845,1.0266845171921828,104
2000000,8099.999999836108,-516090.00275805173,300.15914638318776,1.0228969521354614,104
2005000,8119.999999835635,-515544.2337463517,301.60528596520095,1.0233000505266123,104
2010000,8139.999999835162,-517272.1698391244,302.5382620679955,1.0272929208342716,104
2015000,8159.999999834689,-517059.2493238265,302.61284674563586,1.0294832491590864,104
2020000,8179.999999834216,-515079.2989448481,303.69862934316455,1.0236131957567625,104
2025000,8199.999999835562,-515442.0151126769,303.1869589126176,1.022889775402938,104
2030000,8219.999999839636,-515530.77570985793,300.09425562960865,1.0243261527745908,104
2035000,8239.99999984371,-516351.7834380795,301.7962566566387,1.0255078005897236,104
2040000,8259.999999847785,-515162.21287840605,300.6391379915088,1.0271787567742388,104
2045000,8279.99999985186,-517797.57040647464,297.2491943478216,1.0236796906760208,104
2050000,8299.999999855934,-515953.2663853469,299.96492630065643,1.0270776183631711,104
2055000,8319.999999860009,-516617.59791772254,301.68883398768895,1.024888094862114,104
2060000,8339.999999864083,-515435.3672094201,299.43041134353103,1.0201664313863812,104
2065000,8359.999999868158,-517226.5698443821,303.7899648745375,1.025946136954445,104
2070000,8379.999999872232,-517079.03457207023,299.2108671332857,1.0252669538826316,104
2075000,8399.999999876307,-515833.35326034506,298.9586064140489,1.0255299867312804,104
2080000,8419.999999880381,-516098.94518462033,298.7314880924254,1.0238227448819421,104
2085000,8439.999999884456,-517119.7183100651,301.7950013924511,1.0245922274036527,104
2090000,8459.99999988853,-517065.4289455572,300.00946707898714,1.026685427872396,104
2095000,8479.999999892605,-516647.8446080766,297.1045136798833,1.0278559505932228,104
2100000,8499.99999989668,-517491.5839360859,300.37948180460205,1.029695624432606,104
2105000,8519.999999900754,-517326.00247467915,301.08957951231196,1.0250940229018721,104
2110000,8539.999999904829,-516322.9996017164,300.8416829228215,1.029009742691561,104
2115000,8559.999999908903,-516936.7848859464,302.4043883369922,1.0288613757066896,104
2120000,8579.999999912978,-517820.1494206418,301.7399663371722,1.029248383332788,104
2125000,8599.999999917052,-517029.12127224286,300.9007535537946,1.0253387082926906,104
2130000,8619.999999921127,-516194.5660468319,300.53874387358263,1.0239325895355176,104
2135000,8639.999999925201,-516252.5570384569,300.8390962662814,1.025569417240776,104
2140000,8659.999999929276,-517641.59639223735,300.06486882000814,1.0253351401462407,105
2145000,8679.99999993335,-516656.5546667038,300.61834798357927,1.0197906595716173,105
2150000,8699.999999937425,-518183.1912035111,300.3347641242147,1.0293862978932786,105
2155000,8719.9999999415,-516886.41307026823,299.98100562806627,1.0243562709232528,105
2160000,8739.999999945574,-516930.3279267694,301.59210992439876,1.0288231238214065,105
2165000,8759.999999949649,-516302.5677940366,299.687256498344,1.0253263763428202,105
2170000,8779.999999953723,-517865.29814317054,301.91816802036794,1.0262473430200707,105
2175000,8799.999999957798,-516287.28754731896,301.56548259650253,1.0235919718320106,105
2180000,8819.999999961872,-517501.53525105026,300.2133439853954,1.0293902118891485,105
2185000,8839.999999965947,-516549.89831821295,300.12648945134254,1.0258647283980393,105
2190000,8859.999999970021,-517127.5940585921,297.27159300990917,1.0247621641255273,105
2195000,8879.999999974096,-516673.7992603616,300.9081891437248,1.024289755750922,105
2200000,8899.99999997817,-516535.7020864985,300.8779611322059,1.0271814483618116,105
2205000,8919.999999982245,-516970.7710906372,303.07576984808287,1.0243815072387024,105
2210000,8939.99999998632,-515712.5184265687,301.47377540552867,1.0241594771810714,105
2215000,8959.999999990394,-516842.88760973886,301.1549862383964,1.026678409592097,105
2220000,8979.999999994468,-517849.6391044012,299.9877636013047,1.0286343394859552,105
2225000,8999.999999998543,-517253.9827824719,299.5715855743391,1.0289183363404868,105
2230000,9020.000000002618,-515948.65182841267,300.8556931987344,1.0258975835927227,105
2235000,9040.000000006692,-516774.6442447463,300.19775242701644,1.0212315499160673,105
2240000,9060.000000010767,-516924.0766970345,299.50525371078623,1.0210096012218435,105
2245000,9080.000000014841,-517438.2980199836,299.4418270741641,1.0249763951579816,105
2250000,9100.000000018916,-517137.2156653602,299.52339465632906,1.022244702218006,105
2255000,9120.00000002299,-516377.4970900442,299.48594014946394,1.0302991773396073,105
2260000,9140.000000027065,-517648.45211470523,297.91034602115354,1.0254452739474853,105
2265000,9160.00000003114,-516410.3079521598,301.79269502912416,1.0265172848157966,105
2270000,9180.000000035214,-516406.73815846816,299.95509497827413,1.0249140856912144,105
2275000,9200.000000039288,-517849.3398847452,298.9368216803365,1.0331382663698931,105
2280000,9220.000000043363,-517231.2104723933,303.5425797620085,1.0276028920828495,105
2285000,9240.000000047437,-515882.71650930983,298.86114458327825,1.0240692024960718,105
2290000,9260.000000051512,-517883.51283010305,300.2497233947643,1.0260248917070376,105
2295000,9280.000000055586,-517722.41551268985,302.23283451937544,1.024455743058656,105
2300000,9300.000000059661,-517617.40768662444,301.8212078468835,1.0293484893680045,105
2305000,9320.000000063736,-517073.2234818337,299.48319629574934,1.0286062270358844,105
2310000,9340.00000006781,-517157.00166227086,299.62777684822873,1.0286288653240854,105
2315000,9360.000000071885,-516563.10346863396,303.02617379920036,1.0264448372506338,105
2320000,9380.00000007596,-518161.4209057654,300.6232939380521,1.028697486376722,105
2325000,9400.000000080034,-518054.85646747006,300.2526674138371,1.0274422911372634,105
2330000,9420.000000084108,-518032.3663189062,301.03611423387264,1.0304024599060282,105
2335000,9440.000000088183,-515955.9134567485,301.2137517684425,1.0229175919599043,105
2340000,9460.000000092257,-516655.9545794609,299.01750632687543,1.0258948842838198,105
2345000,9480.000000096332,-516052.244439916,299.3785709105227,1.0230296714401947,105
2350000,9500.000000100406,-516818.07468641805,301.62700199314463,1.0191892990452476,105
2355000,9520.000000104481,-516192.2874083256,303.75317064208065,1.0264919760797566,105
2360000,9540.000000108555,-516295.5740325495,299.3695732613727,1.0251863982538367,105
2365000,9560.00000011263,-516424.8603515185,302.0505109117347,1.0228773085282463,105
2370000,9580.000000116705,-517059.7777791519,302.04747592920097,1.0275536235611797,105
2375000,9600.000000120779,-516457.6824600154,298.08034718002585,1.0285558989057535,105
2380000,9620.000000124854,-516642.4971932818,301.8610804038042,1.0258607522149048,105
2385000,9640.000000128928,-518119.2503272081,301.80187588253006,1.030335707610877,105
2390000,9660.000000133003,-516856.0645011193,301.01761285200143,1.026477805611051,105
2395000,9680.000000137077,-517170.9259354742,300.6025469158966,1.0251950561706673,105
2400000,9700.000000141152,-516970.73794521927,299.64829054921324,1.0264586202283839,105
2405000,9720.000000145226,-516642.7485738271,300.4671827926835,1.0307597736576641,105
2410000,9740.0000001493,-518163.6498095738,296.86475404393804,1.0255883047538434,105
2415000,9760.000000153375,-517093.5323681354,300.7538227679772,1.0247007961978067,105
2420000,9780.00000015745,-517638.81744948705,300.76720634788364,1.0283250864561275,105
2425000,9800.000000161524,-516046.1915891934,298.9839028375973,1.0253731641081423,105
2430000,9820.000000165599,-517101.4789428243,301.1704040748016,1.0279070915376034,105
2435000,9840.000000169674,-516905.0981128395,305.0125599803231,1.0254464650420976,105
2440000,9860.000000173748,-516906.93327561603,303.50808216835316,1.026976457077096,105
2445000,9880.000000177823,-516295.8300695736,302.2407432613917,1.0265084883924747,105
2450000,9900.000000181897,-515266.6693520085,303.1472648156683,1.0220738697969587,105
2455000,9920.000000185972,-515153.6480043456,302.63651614529283,1.0272544796596852,105
2460000,9940.000000190046,-516907.9925394256,301.8265908593939,1.0318793501628158,105
2465000,9960.00000019412,-517114.89125363925,299.9401688773725,1.0263550795275558,105
2470000,9980.000000198195,-516977.1976478796,300.488485103902,1.024761310986988,105
2475000,10000.00000020227,-516456.52367289946,300.3509613182563,1.0275351491146048,105
2480000,10020.000000206344,-517024.707391256,302.7394748943925,1.0278693410410527,105
2485000,10040.000000210419,-517827.72227069014,301.20538066449586,1.029326012756909,105
2490000,10060.000000214493,-517302.163946745,301.8261181989599,1.0253025054397564,105
2495000,10080.000000218568,-516763.1074576166,302.86613850692856,1.028389900909502,105
2500000,10100.000000222642,-516870.01289670006,301.56794102354667,1.0253425631677977,105
2505000,10120.000000226717,-516520.0886041331,301.7807119717313,1.023694684623184,105
2510000,10140.000000230792,-517034.32195013156,299.2513383477307,1.0251389567192215,105
2515000,10160.000000234866,-515939.8298323902,301.05820141694556,1.025755389855976,105
2520000,10180.00000023894,-515532.6982097749,301.68679519409216,1.025015605557314,105
2525000,10200.000000243015,-516115.5911516412,300.82344184903957,1.0260047977085853,105
2530000,10220.00000024709,-516952.38044487964,299.55291868910166,1.0233199330846212,105
2535000,10240.000000251164,-517967.15942773595,300.14272112741105,1.0301241920563686,105
2540000,10260.000000255239,-516558.2460452814,302.6678045781452,1.0220853047821084,105
2545000,10280.000000259313,-516853.27803628426,301.14336260931213,1.0237368213132976,105
2550000,10300.000000263388,-515195.0864346598,302.5058123352624,1.019884567082574,105
2555000,10320.000000267462,-516162.3682471772,301.4763543123934,1.0249098825123675,105
2560000,10340.000000271537,-516365.19195041107,302.5619229298388,1.0248406847275482,105
2565000,10360.000000275611,-517664.1083981693,296.9047963415633,1.027805814857785,105
2570000,10380.000000279686,-518068.62105958676,304.89571869283355,1.0313596032086394,105
2575000,10400.00000028376,-516132.5555156495,302.72833904596575,1.0244793995433925,105
2580000,10420.000000287835,-517139.4228929118,299.4435280262591,1.026382430323356,105
2585000,10440.00000029191,-517953.5877416055,301.51936083084047,1.0234125234965947,105
2590000,10460.000000295984,-517263.2051508231,300.32482187021554,1.0292247243500672,105
2595000,10480.000000300059,-516241.30017696926,300.23236961668516,1.0221267454902252,105
2600000,10500.000000304133,-517305.2925018708,300.5730335400829,1.026337221851259,105
2605000,10520.000000308208,-517197.27105805045,299.67520580499865,1.0275107763750575,105
2610000,10540.000000312282,-517505.74341692356,302.09764778988256,1.027054977026875,105
2615000,10560.000000316357,-515509.9883618953,297.8664243821363,1.0230118851962706,105
2620000,10580.000000320431,-516230.4622870346,300.3579871071195,1.02710467227319,105
2625000,10600.000000324506,-516194.5928361374,299.14651575434925,1.0238779438609285,105
2630000,10620.00000032858,-516216.00135691673,301.8487397115614,1.0231831088258139,105
2635000,10640.000000332655,-516548.5237094192,301.6243502132277,1.0312076915713884,105
2640000,10660.00000033673,-515788.93195734615,302.02252061796304,1.0255621121302159,105
2645000,10680.000000340804,-517416.997838299,301.2347853926974,1.0260171304244219,105
2650000,10700.000000344879,-517237.41170316655,301.30250971774694,1.0245964371362026,105
2655000,10720.000000348953,-517154.66826719604,299.1552191315252,1.024963911622604,105
2660000,10740.000000353028,-516487.0480083544,302.3266554324905,1.0250153355997464,105
2665000,10760.000000357102,-516622.2754762161,301.41437883706703,1.0256553726143411,105
2670000,10780.000000361177,-517405.7431426791,299.7994775181408,1.0279072284152493,105
2675000,10800.000000365251,-515523.63646965544,301.91694200320126,1.024475548262113,105
2680000,10820.000000369326,-516697.2385701623,299.9818640183373,1.0223703585567312,105
2685000,10840.0000003734,-515701.2934154668,302.1023620650822,1.026786318453099,105
2690000,10860.000000377475,-516834.2407868209,298.3246106322826,1.0254026384114217,105
2695000,10880.00000038155,-517218.7850196513,298.60053059775737,1.0280535368345871,105
2700000,10900.000000385624,-517771.6277398295,303.3159649153999,1.025277276876225,105
2705000,10920.000000389698,-516785.1057103884,300.77951659745275,1.0248499359591488,105
2710000,10940.000000393773,-515930.82867752854,300.8510026482405,1.0256141870876263,105
2715000,10960.000000397848,-517647.06742713973,298.32530667586326,1.0269438953513537,105
2720000,10980.000000401922,-517674.9975513662,298.68275950854047,1.0242670897752568,105
2725000,11000.000000405997,-514783.06510915747,300.4057825209673,1.0234240166243957,105
2730000,11020.000000410071,-517635.5151980319,300.63306919166854,1.0280439027069297,105
2735000,11040.000000414146,-516668.37928290665,300.0450606827473,1.0253852534787888,105
2740000,11060.00000041822,-516794.880914103,303.8439535811713,1.0250123074872375,105
2745000,11080.000000422295,-516929.59678643476,302.28380301117215,1.0252816404293343,105
2750000,11100.00000042637,-516817.08597054076,301.09006128298523,1.024695983338623,105
2755000,11120.000000430444,-517520.0589758686,300.69873276696785,1.0280139300801696,105
2760000,11140.000000434518,-517321.3226619393,299.0394523229786,1.0261437063564685,105
2765000,11160.000000438593,-516583.8292944906,300.9665192707061,1.0280037546340095,105
2770000,11180.000000442667,-515681.9690753247,301.34789440629226,1.0262902385811403,105
2775000,11200.000000446742,-516840.6906095098,302.31335907039795,1.0272706153845488,105
2780000,11220.000000450817,-516821.2096857785,302.52257092308093,1.0230007414879527,105
2785000,11240.000000454891,-517947.3432570591,301.2034307515639,1.0262515485697927,105
2790000,11260.000000458966,-516962.6466445499,297.0012111270503,1.0300767465897904,105
2795000,11280.00000046304,-517474.046411718,301.91016837930505,1.0259718836143314,105
2800000,11300.000000467115,-517939.1343947686,299.5487227018478,1.0242687270444377,105
2805000,11320.00000047119,-517285.7843912826,301.4831948143443,1.026326786313405,105
2810000,11340.000000475264,-516855.3160027182,301.7013438309075,1.0271218849818682,105
2815000,11360.000000479338,-515578.3247194735,303.03542610739447,1.0243738306782804,105
2820000,11380.000000483413,-515719.15280137956,299.00716677815234,1.0229176989343045,105
2825000,11400.000000487487,-516430.21980341803,297.50866664207365,1.02510134256754,105
2830000,11420.000000491562,-517175.4658445702,301.36110251169043,1.0253892820418629,105
2835000,11440.000000495636,-517429.12808850873,300.6142955688229,1.0242290847625115,105
2840000,11460.000000499711,-517689.85701156897,298.10496276314706,1.0262420130596825,105
2845000,11480.000000503785,-517519.77531717834,299.96507391804835,1.0267255065895153,105
2850000,11500.00000050786,-515763.29696907126,302.8698493990809,1.0248003035693005,105
2855000,11520.000000511935,-516341.48617724236,300.973652074987,1.0260660627549374,105
2860000,11540.00000051601,-516312.7801804438,301.163303445769,1.025948129920813,105
2865000,11560.000000520084,-515295.1379916831,300.82473270327336,1.0218521891376613,105
2870000,11580.000000524158,-517223.6689737055,300.6389255630758,1.026460092699609,105
2875000,11600.000000528233,-517693.2014108235,300.12374676291637,1.0276046501821194,105
2880000,11620.000000532307,-516643.0191569405,304.0637036107766,1.0216204698740996,105
2885000,11640.000000536382,-515339.28167159087,301.84149109258897,1.0279189071339627,105
2890000,11660.000000540456,-517270.6908499738,300.2938028697659,1.0286523649423107,105
2895000,11680.00000054453,-517084.05274545774,300.98053938513476,1.0271587240999895,105
2900000,11700.000000548605,-516046.240222214,302.27222295015616,1.0228429247503317,105
2905000,11720.00000055268,-516877.48512179125,300.6014614695909,1.0271613780877875,105
2910000,11740.000000556754,-515803.8947950036,297.1020311578593,1.0265965444517584,105
2915000,11760.000000560829,-516614.5256574303,299.4998246139657,1.0274554131778084,105
2920000,11780.000000564904,-516790.4856308596,298.8163737205154,1.0211308833553236,105
2925000,11800.000000568978,-516594.5498827563,300.89342807167674,1.021930762910403,105
2930000,11820.000000573053,-516539.3200953305,302.7705419168958,1.028496520972844,105
2935000,11840.000000577127,-517109.8687458753,301.83548120889935,1.0233941777375335,105
2940000,11860.000000581202,-517839.5754923264,302.71525181637065,1.0277929981120133,105
2945000,11880.000000585276,-516180.9004207526,302.87702352858594,1.0272220160703753,105
2950000,11900.00000058935,-517049.41416852456,300.05990622509444,1.0274608850367681,105
2955000,11920.000000593425,-516576.49073695624,299.55090106389014,1.0292089770543977,105
2960000,11940.0000005975,-516537.44220075407,299.63238250513245,1.0245707052530597,105
2965000,11960.000000601574,-517573.63959894143,299.29766062767914,1.0289176140471046,105
2970000,11980.000000605649,-516827.8925052441,299.77742375946,1.0275100709041438,105
2975000,12000.000000609723,-516999.0423692537,302.95879833265127,1.0245795480430084,105
2980000,12020.000000613798,-515513.0592905518,302.257609458419,1.0219723335939745,105
2985000,12040.000000617873,-517320.6077971286,302.5880048391191,1.0250422109456998,105
2990000,12060.000000621947,-516752.7548960892,298.9627997837464,1.0219276033502334,105
2995000,12080.000000626022,-515850.74575056136,300.5650184276285,1.0260633159489612,105
3000000,12100.000000630096,-516023.0185455454,298.6370075431862,1.0263062121071347,105
3005000,12120.00000063417,-517050.82261848194,301.3407998769705,1.0230990824314052,105
3010000,12140.000000638245,-516915.8743958282,302.33077392317847,1.026978798792206,105
3015000,12160.00000064232,-516549.7379614494,303.419731467039,1.0245150654147763,105
3020000,12180.000000646394,-517455.8320056724,301.08627729245745,1.028562834313873,105
3025000,12200.000000650469,-516891.64925039955,299.32393309272595,1.026413724288412,105
3030000,12220.000000654543,-516076.07352304785,301.33506186261206,1.0258894046729963,105
3035000,12240.000000658618,-516465.6590348,301.4854222135571,1.0248205411854374,105
3040000,12260.000000662692,-516666.5240081223,301.8173670218349,1.0288393548056853,105
3045000,12280.000000666767,-517104.3776486651,299.5767065214997,1.0243775884089512,105
3050000,12300.000000670841,-516453.23086830275,303.9017841166714,1.0261253683052336,105
3055000,12320.000000674916,-517407.35935877333,300.6054581978235,1.028318623732056,105
3060000,12340.00000067899,-516137.7066118603,300.1694696947599,1.0273987813237893,105
3065000,12360.000000683065,-516773.74270703644,302.3215615690209,1.0262375721177504,105
3070000,12380.00000068714,-516992.7400576463,303.166082140181,1.0266684870406337,105
3075000,12400.000000691214,-515785.148317758,299.111443072623,1.0264648674204437,105
3080000,12420.000000695289,-516517.6155434549,300.3933036672179,1.0270147691300409,105
3085000,12440.000000699363,-516440.8176387502,301.4608420704436,1.0229899294825326,105
3090000,12460.000000703438,-516877.0143590092,302.4528521915799,1.025451593296733,105
3095000,12480.000000707512,-517075.1490675255,302.8827795426048,1.021698089325409,105
3100000,12500.000000711587,-517231.7473543333,301.5537879744333,1.0301918206787428,105
3105000,12520.000000715661,-517451.378901877,299.001002175323,1.023537384997807,105
3110000,12540.000000719736,-516691.5469201901,301.9217810739018,1.026806238456603,105
3115000,12560.00000072381,-516099.13798428234,298.85124479917727,1.0269983168919448,105
3120000,12580.000000727885,-516413.13867658656,298.9218901638102,1.028435500150929,105
3125000,12600.00000073196,-516154.45988775557,300.13273271495973,1.0243987008003497,105
3130000,12620.000000736034,-516489.2096173323,302.22613087688944,1.0294341274921244,105
3135000,12640.000000740109,-517237.2993842908,299.54128079908236,1.026949513695115,105
3140000,12660.000000744183,-517604.2214907191,299.7201046622567,1.02773693418278,105
3145000,12680.000000748258,-517672.5850100692,300.52083554490343,1.031007257452797,105
3150000,12700.000000752332,-517721.2211867464,298.12562668150844,1.030659192551655,105
3155000,12720.000000756407,-516854.2611236479,299.6306701116926,1.0245971761977575,105
3160000,12740.000000760481,-515503.4699684549,302.16823287423017,1.0253158789840837,105
3165000,12760.000000764556,-516903.6217875036,296.92789330676555,1.0255987733482261,105
3170000,12780.00000076863,-517326.17398501,300.17315668243236,1.0258394053842317,105
3175000,12800.000000772705,-515760.3515449378,300.8278610473759,1.0238305353681756,105
3180000,12820.00000077678,-517776.0886333438,298.8529521934466,1.0258829579209139,105
3185000,12840.000000780854,-515776.33740125503,298.32022471201094,1.019889544137027,105
3190000,12860.000000784928,-516331.9204155607,300.58338135119084,1.0269459397367036,105
3195000,12880.000000789003,-516667.8645204955,302.1445657646231,1.0245181538573391,105
3200000,12900.000000793078,-516853.60382008855,300.6922733408229,1.024465785007114,105
3190000,12860.000000784928,-516879.56642865064,301.5332606202144,1.0294267808783906,--
3195000,12880.000000789003,-514932.2370565403,303.2568503418853,1.0205780956085917,105
3200000,12900.000000793078,-517192.3320090929,300.9719002025312,1.0273140047356881,105
3205000,12920.000000797152,-517308.8794131186,301.96847083855255,1.0251168555220773,105
3210000,12940.000000801227,-517271.1489081301,300.44141531054674,1.0271395505822873,105
3215000,12960.000000805301,-516289.9149086126,300.0897133613443,1.027599183851532,105
3220000,12980.000000809376,-516443.72320803953,299.9852926975167,1.0246638544644726,105
3225000,13000.00000081345,-516456.19916085433,299.4491530643661,1.0281918115935846,105
3230000,13020.000000817525,-517057.49780556886,301.9324909654261,1.0245845594723955,105
3235000,13040.0000008216,-516511.35914277844,300.5996780580381,1.0220766481167025,105
3240000,13060.000000825674,-517228.99428596254,298.6798521895938,1.0264946961790724,105
3245000,13080.000000829748,-516926.1611461041,299.72378612435455,1.0268462821193147,105
3250000,13100.000000833823,-516221.2817674582,303.221065634125,1.025873256067863,105
3255000,13120.000000837897,-516216.8335313916,300.2463727200014,1.0223437917944196,105
3260000,13140.000000841972,-516751.33459007693,301.3932705659308,1.0271984270649515,105
3265000,13160.000000846047,-515156.40651735035,298.95005943619594,1.026319749938781,105
3270000,13180.000000850121,-516810.6557066047,302.25271465218106,1.0223361832525564,105
3275000,13200.000000854196,-517608.03086592094,300.89025716446406,1.0253317892838882,105
3280000,13220.00000085827,-518042.7020206582,299.28114695470043,1.0223393288720122,105
3285000,13240.000000862345,-516544.79177048476,302.06739754103893,1.0245960492381452,105
3290000,13260.00000086642,-516568.8980229618,298.8486392970474,1.0271623712796558,105
3295000,13280.000000870494,-517330.6021551213,301.79605440807046,1.0267220872691767,105
3300000,13300.000000874568,-517611.337841657,301.6916202991222,1.0283263745566018,105
3305000,13320.000000878643,-517479.1105271219,301.6923054929341,1.0261651992291445,105
3310000,13340.000000882717,-516566.7271164316,302.12172403694973,1.027693149064924,105
3315000,13360.000000886792,-516167.2520896527,300.43829802002466,1.0251364666555014,105
3320000,13380.000000890866,-518453.847441013,298.5859354929175,1.028495138703218,105
3325000,13400.000000894941,-517100.21336732013,302.8992154696926,1.0250649159688294,105
3330000,13420.000000899016,-517442.4310469406,302.2229442918211,1.0229486176031946,105
3335000,13440.00000090309,-516291.52069024695,298.87378032257755,1.026629454238486,105
3340000,13460.000000907165,-516366.96255596564,298.47775571915406,1.0253749486126884,105
3345000,13480.00000091124,-518141.5688009192,300.18502287488263,1.030388814754197,105
3350000,13500.000000915314,-517556.39040067955,300.9105934909026,1.0259838415491354,105
3355000,13520.000000919388,-517943.65442336025,300.7158013196552,1.026464045891149,105
3360000,13540.000000923463,-516578.9910885787,300.55838469365165,1.0264571874864072,105
3365000,13560.000000927537,-517807.7240356719,300.43475965985044,1.026549424816214,105
3370000,13580.000000931612,-516492.9233490231,300.36333426939484,1.0219406887021931,105
3375000,13600.000000935686,-516743.35034592054,300.7616813651212,1.0252068767853446,105
3380000,13620.00000093976,-516458.893733348,302.2960254877592,1.0256474776319466,105
3385000,13640.000000943835,-517271.1572428646,302.68006663827555,1.0290813011730129,105
3390000,13660.00000094791,-516170.0703164395,300.6618226578028,1.0253317574251457,105
3395000,13680.000000951984,-516454.3192969423,300.406128598918,1.0237912278780879,105
3400000,13700.000000956059,-516290.149666704,298.8595373177928,1.023782558645548,105
3405000,13720.000000960134,-517064.11638976214,301.5214706931533,1.0284991799790442,105
3410000,13740.000000964208,-517807.9152033846,304.33283589030873,1.025381854527021,105
3415000,13760.000000968283,-516429.25309494766,297.7115880836489,1.0276172906402883,105
3420000,13780.000000972357,-515559.5577435733,302.08155835676206,1.023335440393052,105
3425000,13800.000000976432,-517213.9758843384,299.0345280412162,1.0259670111441286,105
3430000,13820.000000980506,-516339.3733433201,303.49681357075457,1.0238535559550588,105
3435000,13840.00000098458,-516544.5979890118,300.5355178357824,1.0280327896751311,105
3440000,13860.000000988655,-517510.19419522234,302.00163043305577,1.0227945558537181,105
3445000,13880.00000099273,-517868.96178875025,301.9792716675525,1.0278863452396967,105
3450000,13900.000000996804,-516856.4418105066,300.7913511618767,1.028911702430416,105
3455000,13920.000001000879,-515308.27601544093,302.39323978174286,1.0265269166056878,105
3460000,13940.000001004953,-516613.3178029584,301.6596554365337,1.0252055172650179,105
3465000,13960.000001009028,-517822.8563302434,297.8256677547705,1.0282628680767547,105
3470000,13980.000001013103,-517210.9981278514,300.6260040351201,1.027011609447905,104
3475000,14000.000001017177,-516831.29022270814,302.98396390429167,1.0225940344263407,104
3480000,14020.000001021252,-516753.97605508985,299.70234525737067,1.0259017248518982,104
3485000,14040.000001025326,-517570.066559501,299.3322869649791,1.0271975532607853,104
3490000,14060.0000010294,-516522.6387517452,303.85501053581584,1.0263697968439005,104
3495000,14080.000001033475,-517306.1472649779,301.20945902138726,1.028443848236509,104
3500000,14100.00000103755,-515843.3864946838,299.2291547703281,1.025658563580458,104
3505000,14120.000001041624,-516398.51272586384,300.6689997494752,1.0289636090348662,104
3510000,14140.000001045699,-517138.01304832986,299.6132396542718,1.0289294113312106,104
3515000,14160.000001049773,-516638.2954279925,301.4926292188001,1.0271776225761515,104
3520000,14180.000001053848,-516771.38228627713,301.8613312810406,1.0257463310604404,104
3525000,14200.000001057922,-517060.8895818242,299.4719796321738,1.0226750945917737,104
3530000,14220.000001061997,-517315.3197671736,302.69954111001204,1.0295642466754353,104
3535000,14240.000001066071,-515902.7389956233,301.5323651205541,1.025793946516556,104
3540000,14260.000001070146,-516168.5323658094,303.1508288242661,1.0206700137150602,104
3545000,14280.00000107422,-516720.2728312593,300.2774397812651,1.0239581773366286,104
3550000,14300.000001078295,-515813.10717350757,300.08593099070464,1.0209321481060545,104
3555000,14320.00000108237,-516373.59308678284,301.6099663871382,1.0258221739281068,104
3560000,14340.000001086444,-517272.8025182828,299.40208774431534,1.0252864757761397,104
3565000,14360.000001090519,-518213.80457864306,300.3511910409189,1.0263647948199672,104
3570000,14380.000001094593,-516714.3770100032,302.68357349866477,1.024958631989481,104
3575000,14400.000001098668,-516148.01496495004,299.98480543058724,1.026796547807463,104
3580000,14420.000001102742,-516933.81782230735,301.8356732854083,1.0247463236955894,104
3585000,14440.000001106817,-516465.9718228134,303.71962657995647,1.023111786588644,104
3590000,14460.000001110891,-516555.4601782162,299.78532061907214,1.033807030523913,104
3595000,14480.000001114966,-517032.8670641107,303.86878479399616,1.0290141122230692,104
3600000,14500.00000111904,-517137.9697753042,303.6452216691399,1.0277279630504312,104
3605000,14520.000001123115,-515415.5135896653,302.5544437066666,1.0264005168159713,104
3610000,14540.00000112719,-517112.410383584,299.74056125234324,1.0269627738304172,104
3615000,14560.000001131264,-516966.9937566335,298.74800343811813,1.0296706453862796,104
3620000,14580.000001135339,-516723.77920515696,302.60951535571957,1.026951458557736,104
3625000,14600.000001139413,-516480.3147607066,303.4332851405282,1.0282190353750735,104
3630000,14620.000001143488,-517165.67115281406,303.14494691759376,1.0265866128598211,104
3635000,14640.000001147562,-517318.97023595707,302.61540671474927,1.022778432897145,104
3640000,14660.000001151637,-515583.9699796098,302.85189094012014,1.0225479425767352,104
3645000,14680.000001155711,-517574.8774012143,300.31704339425596,1.0301012144058281,104
3650000,14700.000001159786,-516492.85930772685,301.3076212677785,1.0247577196427433,104
3655000,14720.00000116386,-516502.4063288693,300.19700869025104,1.0256970926730018,104
3660000,14740.000001167935,-516980.66542098275,303.3351974882059,1.0293671915418818,104
3665000,14760.00000117201,-516529.16008859524,301.7639836729922,1.030684362725033,104
3670000,14780.000001176084,-516059.3242454266,302.8687625664461,1.0263943572535912,104
3675000,14800.000001180159,-515249.75992786,300.9700772084747,1.0246261957456142,104
3680000,14820.000001184233,-515148.07200867846,302.2626180095933,1.0271756576783753,104
3685000,14840.000001188308,-517670.97701973584,299.7367428343078,1.0264157211591336,104
3690000,14860.000001192382,-517342.24180013384,302.45783204598723,1.0246015438016431,104
3695000,14880.000001196457,-517495.78626905615,300.1944846391191,1.0275261949479284,104
3700000,14900.000001200531,-517832.93783267075,302.67894846332507,1.0253874772236684,104
3705000,14920.000001204606,-517740.8192548738,302.57741846708694,1.0259635329290164,104
3710000,14940.00000120868,-516342.30223005335,302.52618613867406,1.0267128459420962,104
3715000,14960.000001212755,-515910.81587259495,300.244948454372,1.0243692188979052,104
3720000,14980.00000121683,-515452.4795169714,299.86582060319057,1.025615909109022,104
3725000,15000.000001220904,-516238.58367517404,299.5140631834424,1.0240066473547453,104
3730000,15020.000001224978,-516827.7091785183,301.75992699937984,1.02801555148383,104
3735000,15040.000001229053,-517608.48014036287,302.0857433033581,1.0271545474177102,104
3740000,15060.000001233127,-516674.2175361267,301.0900010367451,1.0232036257797714,104
3745000,15080.000001237202,-517314.47180958535,300.37069816685965,1.02785341136792,104
3750000,15100.000001241277,-517649.9846386239,300.8067004285032,1.0291231812843535,104
3755000,15120.000001245351,-516777.4831091929,299.5922115378113,1.0270827085098624,104
3760000,15140.000001249426,-517902.1225461052,301.9652838287577,1.0279328409880626,104
3765000,15160.0000012535,-517508.2522251108,301.32855191412335,1.0285684225995082,104
3770000,15180.000001257575,-517042.02811506484,295.69187942201063,1.0262430250875318,104
3775000,15200.00000126165,-517022.3823635739,302.1587848185224,1.0269328455676345,104
3780000,15220.000001265724,-516701.3897157265,300.50282223420055,1.0250715883981827,104
3785000,15240.000001269798,-517563.194742176,298.67221476990284,1.0271688961550212,104
3790000,15260.000001273873,-517703.98056462803,301.02189313974316,1.0259663212087282,104
3755000,15120.000001245351,-515687.83944270737,302.9736375049501,1.0258022542416816,--
3760000,15140.000001249426,-517653.04127107095,299.35339415293123,1.0269202313861574,107
3765000,15160.0000012535,-517767.421039206,301.88086998994993,1.027485892005886,107
3770000,15180.000001257575,-515904.0148896389,300.3991086983297,1.0274811648380775,107
3775000,15200.00000126165,-517451.78184720594,301.26214903515654,1.0279995839725478,107
3780000,15220.000001265724,-516895.6134368086,302.2112024580416,1.0284878371541615,107
3785000,15240.000001269798,-516273.9509299889,301.48231986245685,1.020352616788469,107
3790000,15260.000001273873,-518569.02321680705,300.80432883652884,1.0303139692031351,107
3795000,15280.000001277947,-516703.4094439759,299.81050750887437,1.0302085917765622,107
3800000,15300.000001282022,-517792.29619544256,301.2947218317921,1.0297407165880712,107
3805000,15320.000001286096,-516921.71877064207,302.8200048641106,1.028840908839718,107
3810000,15340.000001290171,-517257.39798066975,301.81778937136016,1.0247357830791646,107
3815000,15360.000001294246,-516633.1455379275,303.37304550627533,1.0275144594810364,106
3820000,15380.00000129832,-517943.0325617851,300.10454090313857,1.0298979824294014,106
3825000,15400.000001302395,-516695.3751898126,301.8878290507309,1.0286782399326813,106
3830000,15420.00000130647,-517663.3431842602,301.3658770439878,1.0266481191433168,106
3835000,15440.000001310544,-516965.99671711563,300.5626450248864,1.0246265705333013,106
3840000,15460.000001314618,-516789.3011246084,302.7718520925027,1.025811448040984,106
3845000,15480.000001318693,-516344.82606550516,300.12698195819473,1.0261486041690673,106
3850000,15500.000001322767,-516442.8740446053,302.4616248632941,1.0243158167620612,106
3855000,15520.000001326842,-518166.6282368647,299.085389599682,1.0286857770400397,106
3860000,15540.000001330916,-517110.55203236686,302.9623589771451,1.0267647921538359,106
3865000,15560.00000133499,-517429.0406022761,300.7494317931908,1.0219499061491304,106
3870000,15580.000001339065,-517127.7226261371,300.7292514737228,1.0258321589254873,106
3875000,15600.00000134314,-516435.3481813045,303.01034207389904,1.0262396720168172,106
3880000,15620.000001347214,-517604.0958391442,298.0397892108861,1.025764410545817,106
3885000,15640.000001351289,-518486.89787068125,300.2267532973821,1.027101344651048,106
3890000,15660.000001355364,-515595.60534936585,300.7607721559407,1.0258128164934275,106
3895000,15680.000001359438,-516068.93589074793,302.01060438156725,1.0242324666375078,106
3900000,15700.000001363513,-517825.48432661686,298.2722751845475,1.0294524111718577,106
3905000,15720.000001367587,-516813.24730822863,299.01537875542016,1.025428718023096,106
3910000,15740.000001371662,-517157.6749363402,301.9315350163946,1.0267282681200838,106
3915000,15760.000001375736,-516859.4623118781,300.9812859856099,1.0285589970007962,106
3920000,15780.00000137981,-517339.44344551885,300.32107159447384,1.031801273535327,106
3925000,15800.000001383885,-516840.5846907729,300.51184597802956,1.0228754572999672,106
3930000,15820.00000138796,-516617.36745262286,299.4653819077244,1.0258616788071706,106
3935000,15840.000001392034,-517518.6541601743,302.4890647144998,1.0264455099298413,106
3940000,15860.000001396109,-516414.39015951427,301.02229475819865,1.0245044413091857,106
3945000,15880.000001400183,-517754.2927841372,302.880214363957,1.0273997398292776,106
3950000,15900.000001404258,-516302.54057737906,302.3676101643561,1.02721286050022,106
3955000,15920.000001408333,-516907.59613574855,296.6103093668059,1.0240560345461251,106
3960000,15940.000001412407,-517366.26685173926,299.8919306428206,1.0260130664132994,106
3965000,15960.000001416482,-516877.30728557054,303.4551880915787,1.0251489153227165,106
3970000,15980.000001420556,-517378.0915068402,301.80691165278853,1.0239925096108868,106
3975000,16000.00000142463,-517276.2448618321,300.6961438746821,1.0272506169035376,106
3980000,16020.000001428705,-517591.34644312155,301.4997269273132,1.0288620426569113,106
3985000,16040.00000143278,-515731.8769766472,300.97494451150163,1.0231684629249758,106
3990000,16060.000001436854,-517198.8082919023,301.30270067957196,1.0221770152677594,106
3995000,16080.000001440929,-517387.38929185923,299.9376459678998,1.0242986863511803,106
4000000,16100.000001445003,-517077.4713914413,298.72996960354334,1.0260493158815134,106
4005000,16120.000001449078,-516815.89828906115,300.23040786724613,1.026418175293459,106
4010000,16140.000001453152,-516172.4750894103,301.6306732242388,1.0275501350299798,106
4015000,16160.000001457227,-517493.39462314174,301.23330423778077,1.0253736254480692,106
4020000,16180.000001461302,-517995.37917047646,302.06867968924166,1.0256439284994199,106
4025000,16200.000001465376,-516612.00755185494,304.378689334802,1.0237335631116329,106
4030000,16220.00000146945,-516365.48616280616,301.7812689714377,1.0230753192389495,106
4035000,16240.000001473525,-516454.05965643213,302.5514096319693,1.0236897356514085,106
4040000,16260.0000014776,-515957.0108480109,302.70222663818004,1.0226380427198054,106
4045000,16280.000001481674,-518038.74644438503,300.33287055576153,1.0264971774885767,106
4050000,16300.000001485749,-518054.832349645,301.1411500294194,1.022638794074728,106
4055000,16320.000001489823,-517544.6444935524,303.8189681020285,1.0243066808049275,106
4060000,16340.000001493898,-516966.23525474896,301.69490824251335,1.0269462786501597,106
4065000,16360.000001497972,-517375.9151624858,297.03154783308435,1.0257649487573748,106
4070000,16380.000001502047,-515517.9215826546,305.087550576798,1.0223508737010913,106
4075000,16400.00000150612,-516986.78962472687,300.1206763098111,1.0299253848426533,106
4080000,16420.000001510194,-514991.08257778874,301.15954772745874,1.0250793221169099,106
4085000,16440.00000151427,-517467.5972841643,299.81858940513365,1.025789379706129,106
4090000,16460.000001518343,-517503.9523752751,300.0309116182786,1.0313502072618743,106
4095000,16480.000001522418,-516051.47699868237,302.2009228334208,1.0234447800254838,106
4100000,16500.000001526492,-514532.8397653338,300.6645282753234,1.0208822603238734,106
4105000,16520.000001530567,-516423.5901376745,302.15286872307945,1.0267121187987913,106
4110000,16540.00000153464,-516524.41740302485,299.9433222232109,1.02387297664072,106
4115000,16560.000001538716,-515676.7879698111,302.30951746754465,1.024254887840639,106
4120000,16580.00000154279,-516074.38489793683,303.0201023858671,1.027399763009403,106
4125000,16600.000001546865,-516333.8005450403,301.0390443053874,1.026724360021697,106
4130000,16620.00000155094,-517236.26337753446,301.4881948900616,1.0243474029138886,106
4135000,16640.000001555014,-517166.8657492057,300.7669415282334,1.0260791308495816,106
4140000,16660.00000155909,-517193.9599689592,300.84007141494385,1.0280908931633193,106
4145000,16680.000001563163,-517078.734413126,299.3019745938578,1.0241787549195545,106
4150000,16700.000001567238,-515991.9457915628,301.02588339427416,1.0236427666791141,106
4155000,16720.000001571312,-517051.1942125242,300.8416034900408,1.0240943947384242,106
4160000,16740.000001575387,-515827.60306684417,300.538621638166,1.0252416579312016,106
4165000,16760.00000157946,-515976.74780269247,301.2824071351739,1.0243522298082646,106
4170000,16780.000001583536,-516310.96142907767,299.0585441216853,1.0236011352364467,106
4175000,16800.00000158761,-516708.48536054697,303.0782926632189,1.030915314529069,106
4180000,16820.000001591685,-516553.50599265634,303.79400690571765,1.0292193987913787,106
4185000,16840.00000159576,-517071.2587145495,301.5619291755143,1.0311682633697312,106
4190000,16860.000001599834,-516402.8795859092,300.32829029215577,1.0178693402972732,106
4195000,16880.00000160391,-516449.15608761273,299.5932746110758,1.0238782462975715,106
4200000,16900.000001607983,-516044.3641991352,301.16998252738006,1.0266800350246743,106
4205000,16920.000001612058,-517779.18117267475,301.1685043255439,1.0253914984842292,106
4210000,16940.000001616132,-517411.93076504464,299.3425164747915,1.027658745924529,106
4215000,16960.000001620207,-515443.0181852083,298.7127299405356,1.0266685758487055,106
4220000,16980.00000162428,-517399.51472819434,300.6399372227932,1.0247618489957486,105
4225000,17000.000001628356,-516520.5081303234,300.13449201912397,1.0253017661243204,105
4230000,17020.00000163243,-516890.8189662129,298.9191985434285,1.025412428391203,105
4235000,17040.000001636505,-516949.14181795414,300.7537691221823,1.0249504235115459,105
4240000,17060.00000164058,-516533.754960116,298.4154754760328,1.0274724445571812,105
4245000,17080.000001644654,-514866.530892896,300.34620536482703,1.025489165080993,105
4250000,17100.00000164873,-516062.6200607794,299.91921209757834,1.0238057594367944,105
4255000,17120.000001652803,-517475.07542136335,303.3672344016505,1.0311399235394019,105
4260000,17140.000001656877,-516916.5035938043,299.89024783674216,1.0242956766961149,105
4265000,17160.000001660952,-516897.5280729532,301.45081899353687,1.0225155859842632,105
4270000,17180.000001665027,-516787.640896559,301.08200958038015,1.026905985223844,105
4275000,17200.0000016691,-518150.8301785898,300.14134311827854,1.028285501496389,105
4280000,17220.000001673176,-516887.39901592373,302.7154706800202,1.026870737637638,105
4285000,17240.00000167725,-516048.6788776226,300.7701762588039,1.0274161038438758,105
4290000,17260.000001681325,-517146.59786665067,299.7697572040098,1.0230129228278608,105
4295000,17280.0000016854,-515695.705101168,297.86811809193955,1.0265113372475672,105
4300000,17300.000001689474,-516792.32627185504,304.3247819510911,1.0230479891341369,105
4305000,17320.00000169355,-517909.5966184223,300.9137039560817,1.025642799654998,105
4310000,17340.000001697623,-516900.45266442606,302.7320731096018,1.0297052914322238,105
4315000,17360.000001701697,-516760.7365631822,299.8058774614208,1.0277551043887032,105
4320000,17380.000001705772,-517426.67283390206,300.2265296588367,1.0277309706752231,105
4325000,17400.000001709846,-517351.00155634736,301.38715850092126,1.0265165028887464,105
4330000,17420.00000171392,-517491.16027435055,301.04627676443283,1.02761210555117,105
4335000,17440.000001717995,-516753.6101778608,301.655494794325,1.0252954078323075,105
4340000,17460.00000172207,-516310.67275627377,301.36009685933766,1.0261997500396554,105
4345000,17480.000001726145,-516170.21837604325,301.2988171323376,1.0215078807704163,105
4350000,17500.00000173022,-516274.20490038674,300.95280149067105,1.026323503325155,105
4355000,17520.000001734294,-518043.39185683685,302.4302457002685,1.026197688365494,105
4360000,17540.000001738368,-516217.43728680536,299.4999460136295,1.0271590330474067,105
4365000,17560.000001742443,-516557.56598041207,300.74461789549264,1.0230784362008172,105
4370000,17580.000001746517,-517009.1185343857,300.25929943707513,1.023712395981676,105
4375000,17600.00000175059,-517151.84080614033,298.4857395613464,1.0247808629881072,105
4380000,17620.000001754666,-517137.2425388938,300.9197198513359,1.0264409044989542,105
4385000,17640.00000175874,-518004.23570732004,299.7448133490503,1.0289190367210623,105
4390000,17660.000001762815,-517329.7954825659,302.43495505196955,1.02789244050937,105
4395000,17680.00000176689,-517050.863686807,304.3134394967784,1.0282969390402306,105
4400000,17700.000001770964,-516530.5300232766,301.9797604931682,1.0285235625059859,105
4405000,17720.00000177504,-516938.0567649659,303.69243395508187,1.0229979759096197,105
4410000,17740.000001779114,-516381.17735993885,300.7933348638545,1.028023360651436,105
4415000,17760.000001783188,-516070.756554893,302.56713677448374,1.0264758294489544,105
4420000,17780.000001787263,-516915.94136767206,302.5093661179597,1.0295423719670305,105
4425000,17800.000001791337,-516473.09267396946,297.25799981141404,1.024733510102027,105
4430000,17820.00000179541,-516114.98835958773,299.2109252803443,1.0272340769770312,105
4435000,17840.000001799486,-517213.87087917235,298.5175559485794,1.0284717894926536,105
4440000,17860.00000180356,-516547.9659537028,301.4580514131602,1.027762087340473,105
4445000,17880.000001807635,-516638.53773617884,301.7589409278338,1.0252330850554385,105
4450000,17900.00000181171,-516386.8443911462,301.16521305929064,1.028105397310559,105
4455000,17920.000001815784,-516869.8380755861,298.6637370066274,1.0262263495261366,105
4460000,17940.00000181986,-516347.44967966713,300.3067412172835,1.025991937960643,105
4465000,17960.000001823933,-517910.8009254285,299.5038285307952,1.0260986583477028,105
4470000,17980.000001828008,-516394.395567212,300.4995147335923,1.0256289663254565,105
4475000,18000.000001832082,-517080.16657470027,301.2237092461532,1.0269873453007572,105
4480000,18020.000001836157,-515541.0876355169,301.60387831369013,1.0245396292624636,105
4485000,18040.00000184023,-516827.5158920705,302.1917939364413,1.0264299529824554,105
4490000,18060.000001844306,-516740.36940871226,301.7253720278108,1.0259733908699078,105
4495000,18080.00000184838,-515702.902656408,299.51951322943086,1.027796556709081,105
4500000,18100.000001852455,-517827.41396589275,300.7887407689723,1.0253561858845808,105
4505000,18120.00000185653,-516531.03141612024,302.03735996963997,1.0267644362941544,105
4510000,18140.000001860604,-516684.4101612987,303.297396456403,1.0266786676115662,105
4515000,18160.00000186468,-516072.3765318238,300.73945783004706,1.0247253235262326,105
4520000,18180.000001868753,-517153.58645231486,300.75898098048407,1.0265984237490646,105
4525000,18200.000001872828,-516445.24239160516,302.7018793668326,1.024394122357988,105
4530000,18220.000001876902,-516845.84040589747,303.6434641653029,1.0262841180171522,105
4535000,18240.000001880977,-516875.0217330074,300.40813777518423,1.0293158295882927,105
4540000,18260.00000188505,-516785.2464456733,300.91840197020537,1.021065517163004,105
4545000,18280.000001889126,-515191.494812493,302.6518322429568,1.0239680114346967,105
4550000,18300.0000018932,-516255.204105726,304.11584779131493,1.0277593411755737,105
4555000,18320.000001897275,-516876.1216512413,300.64455200750194,1.0271894316821006,105
4560000,18340.00000190135,-517232.26793084247,298.9234078479986,1.0252613701155906,105
4565000,18360.000001905424,-517229.50633525895,301.10093573492935,1.0259048697545592,105
4570000,18380.0000019095,-516737.18248040415,302.2347826317257,1.0228079522750175,105
4575000,18400.000001913573,-518571.345006421,302.9034337806442,1.0284394908795764,105
4580000,18420.000001917648,-517719.88538314984,301.23097528758456,1.0283107980622257,105
4585000,18440.000001921722,-516446.7461777937,304.9885329915494,1.0292951109982147,105
4590000,18460.000001925797,-516804.67736055166,302.8207710852987,1.0281642380331046,105
4595000,18480.00000192987,-517914.7369084074,299.6754290581069,1.0279173113065805,105
4600000,18500.000001933946,-516912.51198252244,298.3980545503423,1.0269771546656772,105
4605000,18520.00000193802,-516019.56050954363,301.86199306157897,1.028557565749601,105
4610000,18540.000001942095,-517125.033792533,299.7888884977781,1.027946328245012,105
4615000,18560.00000194617,-517441.99762864364,301.4524976839302,1.0278274304483863,105
4620000,18580.000001950244,-516206.68658923195,300.3998423974554,1.023166494247305,105
4625000,18600.00000195432,-517664.71114512114,299.93682530726676,1.024369448174039,105
4630000,18620.000001958393,-517419.5173327385,301.184309115024,1.029725495966243,105
4635000,18640.000001962468,-515828.3635707821,300.84704472627686,1.0241997659895854,105
4640000,18660.000001966542,-516982.4800607292,302.05143948369107,1.026588687339098,105
4645000,18680.000001970617,-516728.2509624332,302.3790726020341,1.0239575060393642,105
4650000,18700.00000197469,-517380.2677807552,298.7629384026427,1.024124155267143,105
4655000,18720.000001978766,-517250.5938155148,301.14371412847265,1.0278269623194212,105
4660000,18740.00000198284,-515700.63074694434,301.0079101490378,1.0282566046629766,105
4665000,18760.000001986915,-516326.7164648706,302.4781648592883,1.0261574762982866,105
4670000,18780.00000199099,-517174.48919775407,300.2665270992478,1.0277045547889407,105
4675000,18800.000001995064,-516554.9403256001,305.23646118387535,1.0241971250978232,105
4680000,18820.00000199914,-517039.4313746395,302.08453736322286,1.0294746369830903,105
4685000,18840.000002003213,-516968.07198244496,300.9220694363568,1.028118024153853,105
4690000,18860.000002007288,-516382.7612933209,302.32901389103546,1.0274843528343622,105
4695000,18880.000002011362,-518113.3540747799,301.3383836842206,1.0299082428141428,105
4700000,18900.000002015437,-516863.780171718,301.55351348925205,1.0260846837391024,105
4705000,18920.00000201951,-517446.7917117339,300.77269928521304,1.0257594582943979,105
4710000,18940.000002023586,-517576.30619527586,299.5582772334125,1.030983633789907,105
4715000,18960.00000202766,-516637.5350288034,300.52559710130805,1.0233307750261742,105
4720000,18980.000002031735,-517379.996176803,300.09276207851434,1.025999383613707,105
4725000,19000.00000203581,-516713.1621377547,300.1315722892949,1.0251707139112811,105
4730000,19020.000002039884,-517587.4347156368,301.9454141554521,1.0238944145270887,105
4735000,19040.00000204396,-516043.65174287325,300.0903143573987,1.0275675768557937,105
4740000,19060.000002048033,-515875.62679442414,301.2210254917411,1.027612605958159,106
4745000,19080.000002052107,-517430.5830157888,302.2264686289777,1.0294655201205138,106
4750000,19100.000002056182,-516844.9718671839,300.13648496523416,1.0241203921744493,106
4755000,19120.000002060257,-516841.5445667838,297.4163409014552,1.0235318688486128,106
4760000,19140.00000206433,-517314.1494308128,298.8814346798258,1.0314673349580563,106
4765000,19160.000002068406,-517365.3072819002,302.20515509574034,1.023435967523747,106
4770000,19180.00000207248,-516185.4582022866,303.00799340827757,1.0245273941196134,106
4775000,19200.000002076555,-517377.56522699073,300.94207285521594,1.0270221477130355,106
4780000,19220.00000208063,-517794.46397220925,301.07866702589143,1.032615486691154,106
4785000,19240.000002084704,-517750.38540437,302.34777756372455,1.0239127092912392,106
4790000,19260.00000208878,-517486.55563318334,299.7985821945536,1.0262498408561855,106
4795000,19280.000002092853,-517001.5442881556,300.117306309494,1.024507820871454,106
4800000,19300.000002096927,-517628.85598073574,299.8320152100184,1.025390023728119,106
4805000,19320.000002101002,-517357.3535610081,303.5145027307623,1.0286568177185367,106
4810000,19340.000002105076,-516329.5947999656,301.837648745293,1.026414077520734,106
4815000,19360.00000210915,-516124.8827997511,299.77626750782264,1.0237252881399461,106
4820000,19380.000002113225,-517368.8259197038,301.48147580566206,1.0233714378982768,106
4825000,19400.0000021173,-516958.3202173826,301.20525300960196,1.0262362062930903,106
4830000,19420.000002121375,-517802.11263153655,298.52718347686545,1.0259929083939379,106
4835000,19440.00000212545,-517088.74821798503,299.47370454140344,1.0250780596098252,106
4840000,19460.000002129524,-516336.09055202757,300.7713715051928,1.0214493879884659,106
4845000,19480.000002133598,-516987.58067766787,301.76715606779004,1.0259829109673277,106
4850000,19500.000002137673,-515973.6280045528,301.99324909653456,1.0262424040475622,106
4855000,19520.000002141747,-517023.09528520843,301.06147029499976,1.0258460842322652,106
4860000,19540.00000214582,-516992.3314269236,297.86912834392666,1.0271391460265726,106
4865000,19560.000002149896,-516071.92107989104,300.9039765477238,1.0262254673538131,106
4870000,19580.00000215397,-516066.73091783933,301.5784527030159,1.0242190993000724,106
4875000,19600.000002158045,-516035.3186978309,303.9872736702663,1.0261295850401415,106
4880000,19620.00000216212,-516635.0817664636,301.8130740194068,1.0273865286323312,106
4885000,19640.000002166194,-517691.5312919349,303.4705883492242,1.0326615247914623,106
4890000,19660.00000217027,-517099.2056327788,298.98232787478923,1.026082409780744,106
4895000,19680.000002174344,-515467.97012565564,303.1000166477943,1.0226933496238457,106
4900000,19700.000002178418,-516339.3229290084,301.4710671809934,1.023328528242912,106
4905000,19720.000002182493,-515614.0286795602,300.7726822460887,1.0311483518972495,106
4910000,19740.000002186567,-516084.23890839797,300.6646401679266,1.0230534643369913,106
4915000,19760.00000219064,-516372.9445019278,299.8878691895427,1.0258532237980413,106
4920000,19780.000002194716,-517115.57067537773,300.5246634607026,1.028520324742125,106
4925000,19800.00000219879,-516921.5672716922,302.94020604805587,1.0261631799424775,106
4930000,19820.000002202865,-516306.2800273984,302.28559164470084,1.0258417213570508,106
4935000,19840.00000220694,-516780.3754299269,301.4667543620231,1.0268107363443564,106
4940000,19860.000002211014,-517177.72331100795,300.90939362524307,1.0256650197724524,106
4945000,19880.00000221509,-516464.1755019843,302.8668954246827,1.026323691688162,106
4950000,19900.000002219163,-517200.8070276894,301.18041723276076,1.0283671352028998,106
4955000,19920.000002223238,-516394.1613095647,298.2213617360953,1.0278737528061412,106
4960000,19940.000002227313,-517151.43144517555,299.976712277805,1.0251576270712555,106
4965000,19960.000002231387,-516692.80374326627,302.4605706556873,1.026256168976448,106
4970000,19980.00000223546,-516222.9059599596,297.84785736783726,1.0221903562706178,106
4975000,20000.000002239536,-517234.1540154286,301.11897777348264,1.028373461157942,106
4980000,20020.00000224361,-517140.57841108507,302.5823522479412,1.0289085012944343,106
4985000,20040.000002247685,-517495.1564232474,300.5397256184518,1.0299078536132433,106
4990000,20060.00000225176,-516865.7503690622,301.4609906512682,1.0225162788683668,106
4995000,20080.000002255834,-517706.6414618213,303.7361992793487,1.0244350845897081,106
5000000,20100.00000225991,-517712.151107701,301.89863327577376,1.0294799194216955,106
5005000,20120.000002263983,-517659.55992024136,300.77199187873913,1.0289038687173766,106
5010000,20140.000002268058,-516245.1823372871,301.86397686331145,1.0240267194887436,106
5015000,20160.000002272132,-516730.2592068382,301.1541078775428,1.0246476526718222,106
5020000,20180.000002276207,-517426.0076903496,298.6214608529083,1.027571852772047,106
5025000,20200.00000228028,-518112.43520838907,302.71810441516095,1.0249461237061412,106
5030000,20220.000002284356,-516990.3356028986,298.52190419881725,1.0254281761702904,106
5035000,20240.00000228843,-515717.88394291163,302.4313231507496,1.025792961924215,106
5040000,20260.000002292505,-518182.6120395099,300.60702086463573,1.029836104679905,106
5045000,20280.00000229658,-516676.00045898836,302.24632807353197,1.0250708722589197,106
5050000,20300.000002300654,-516717.71385744866,299.8741949970744,1.0224356706180262,106
5055000,20320.00000230473,-517160.71171633294,302.1259513823505,1.0263663104565512,106
5060000,20340.000002308803,-516736.5872841596,301.0604839057385,1.0238998899129708,106
5065000,20360.000002312878,-516111.4266755744,299.3976340341862,1.026622788983748,106
5070000,20380.000002316952,-516246.965381735,300.90173071664316,1.0256974505015222,106
5075000,20400.000002321027,-515445.0534535395,300.77834433091874,1.0228910841468186,106
5080000,20420.0000023251,-516863.5959399685,300.0435822870767,1.027604707255181,106
5085000,20440.000002329176,-516802.7321714235,301.1310118450084,1.0270352887320777,106
5090000,20460.00000233325,-517428.48707035906,300.8161542521823,1.0241404858662533,106
5095000,20480.000002337325,-517216.3833070162,301.0175801622833,1.0303341194219005,106
5100000,20500.0000023414,-516457.84906371403,299.29626116217264,1.025876786773736,106
5105000,20520.000002345474,-516454.5170091146,303.4706592801977,1.0227095610090953,106
5110000,20540.00000234955,-517809.3190594928,302.0981521105149,1.0264408234220501,106
5115000,20560.000002353623,-517109.0119864701,301.8518510242864,1.0245738568783478,106
5120000,20580.000002357698,-516705.73777166405,302.0856342965551,1.0265947360514267,106
5125000,20600.000002361772,-517492.6203473457,304.8698347093945,1.027450722608036,106
5130000,20620.000002365847,-515475.0751676471,302.97413467501053,1.0226704609549886,106
5135000,20640.00000236992,-516955.34828311694,303.7446941660371,1.0248793100829712,106
5140000,20660.000002373996,-517316.1606280464,302.79121207658324,1.0254341009469765,106
5145000,20680.00000237807,-517248.8186368905,300.3338634988685,1.0268728008462198,106
5150000,20700.000002382145,-516152.3131553384,303.8510654986444,1.0266506529132204,106
5155000,20720.00000238622,-516766.68083564844,304.54733915826955,1.0271774226692882,106
5160000,20740.000002390294,-517822.25200273003,298.4906742968722,1.027516906054795,106
5165000,20760.00000239437,-516943.21473993105,300.3136084801845,1.0251554305079775,106
5170000,20780.000002398443,-517862.67822111165,301.3966368962131,1.032162474395405,106
5175000,20800.000002402518,-515702.1418077925,301.1755876997665,1.027824619822479,106
5180000,20820.000002406592,-516921.6412694149,301.0210794608293,1.025870105284561,106
5185000,20840.000002410667,-515285.4688446154,303.2573468538446,1.0253095625953004,106
5190000,20860.00000241474,-516334.73328708136,299.99994470815375,1.026477559985472,106
5195000,20880.000002418816,-517068.50041776546,301.3659081200649,1.0275028005952125,106
5200000,20900.00000242289,-517436.8816303378,300.1094726911567,1.026661951246903,106
5205000,20920.000002426965,-517788.07379993773,298.82460459166947,1.0267531211663605,106
5210000,20940.00000243104,-518142.6457292973,301.19877847671364,1.0272974909165997,106
5215000,20960.000002435114,-517151.9444362824,297.5845767587554,1.029744979539297,106
5220000,20980.00000243919,-516853.21386868344,301.35586147995605,1.027284825051375,106
5225000,21000.000002443263,-518277.71929589775,300.3991791097288,1.028836020844279,106
5230000,21020.000002447337,-516284.16617131373,302.0049301830561,1.0226195667963243,106
5235000,21040.000002451412,-516664.1829073697,301.6745888533247,1.025491313892438,106
5240000,21060.000002455487,-516875.7105323861,299.49706891545617,1.0216016430279569,106
5245000,21080.00000245956,-517214.8260474254,302.3842869873331,1.0273677279958164,106
5250000,21100.000002463636,-517253.9222684768,299.96425256874153,1.0270653132261849,106
5255000,21120.00000246771,-516538.8314892461,301.34484937668446,1.0275175542853894,106
5260000,21140.000002471785,-517567.2726039612,300.08040183202934,1.0278314097187595,106
5265000,21160.00000247586,-516141.8628520195,301.9243046579911,1.0269206467283707,106
5270000,21180.000002479934,-516600.28936510487,299.4356603558865,1.0256945561783064,106
5275000,21200.00000248401,-516978.30602346454,302.4956361921885,1.0260522902165687,106
5280000,21220.000002488083,-515609.46259858855,299.59850203154025,1.0257770527763397,106
5285000,21240.000002492157,-518245.2020720977,298.9779038259702,1.029935399766897,106
5290000,21260.000002496232,-516350.0651224619,300.6117435615562,1.0254572537861315,106
5295000,21280.000002500306,-518360.3040306957,298.40187908621584,1.0242224213141815,106
5300000,21300.00000250438,-516153.75990810595,299.49178242464825,1.027507087502477,106
5305000,21320.000002508456,-516744.4240555137,301.4231730573075,1.0263768801538098,106
5310000,21340.00000251253,-516656.90575347,304.38525135188405,1.024569111081704,106
5315000,21360.000002516605,-516890.00935506076,300.0864935953106,1.024810211498386,106
5320000,21380.00000252068,-515811.91949727805,301.4317439667389,1.0259882034690258,106
5325000,21400.000002524754,-515702.0973484169,300.02475888711723,1.0236605856015402,106
5330000,21420.00000252883,-516758.0078186302,301.41093710713506,1.0273354533285828,106
5335000,21440.000002532903,-516214.11486613005,299.79348680085735,1.0286085434101737,106
5340000,21460.000002536977,-518358.8231976093,301.2961564534775,1.0283881278373805,106
5345000,21480.00000254105,-516830.35606077407,302.76910895752195,1.0261909543029046,106
5350000,21500.000002545126,-517447.60884620296,301.01639442247,1.027220761893005,106
5355000,21520.0000025492,-517346.6786005867,300.5791616922305,1.0262782291067751,106
5360000,21540.000002553275,-517242.1179310458,301.16322665866517,1.0263790922406002,106
5365000,21560.00000255735,-516864.5420550741,299.7648924532723,1.0252694406009835,106
5370000,21580.000002561424,-517550.2302025892,300.6919907633859,1.0257527555562773,106
5375000,21600.0000025655,-516849.3338449416,300.6032774226727,1.0265971585606906,106
5380000,21620.000002569574,-516316.69785734126,302.57015174927324,1.0275939577891002,106
5385000,21640.000002573648,-517398.28067920473,300.63015146776195,1.0242938440234892,106
5390000,21660.000002577723,-517226.44925042754,299.7535546267931,1.0310300436666742,106
5395000,21680.000002581797,-517006.1785197437,302.5084749114158,1.028063890421399,106
5380000,21620.000002569574,-515650.13862129,304.08199926710773,1.0233886210215668,--
5385000,21640.000002573648,-516914.3574683303,298.5466593039613,1.0272968136340077,108
5390000,21660.000002577723,-517032.8157613294,301.0766902825378,1.030706861567258,107
5395000,21680.000002581797,-516693.8129908687,299.96441866328723,1.0299659147135662,107
5400000,21700.00000258587,-516892.43339639064,299.8433723698638,1.0263047378012589,107
5405000,21720.000002589946,-516610.5464056032,299.150539422908,1.0252180586008437,107
5410000,21740.00000259402,-516490.30871583195,298.58069669812005,1.0272236327746924,107
5415000,21760.000002598095,-517576.53926563496,300.832297143352,1.030826996010021,106
5420000,21780.00000260217,-517035.5455852647,300.04098470950083,1.029347501931471,106
5425000,21800.000002606244,-518041.2846095222,302.4569350836961,1.0232235659578761,106
5430000,21820.00000261032,-516594.26395334187,300.6319122731809,1.0204293953420933,105
5435000,21840.000002614393,-516372.4594571439,302.44028705451484,1.029243838329853,105
5440000,21860.000002618468,-517452.1182687399,301.5470419359123,1.0250546871957353,105
5445000,21880.000002622543,-517475.753706567,298.9194208627202,1.024510207134133,104
5450000,21900.000002626617,-516225.17769253533,300.51608106901625,1.0236881074993174,104
5455000,21920.00000263069,-516953.74642584263,302.9707358206225,1.0255907335582624,104
5460000,21940.000002634766,-516821.5852517707,299.9605542464067,1.0264148063009346,104
5465000,21960.00000263884,-517499.73458282556,300.9400264327976,1.0232205198553133,104
5470000,21980.000002642915,-517022.937267398,302.25401147215337,1.030606215733611,103
5475000,22000.00000264699,-517746.07850498124,301.35727125338167,1.0286475188265751,103
5480000,22020.000002651064,-516049.6806575095,298.7567112773486,1.0269914730972864,103
5485000,22040.00000265514,-517103.0143501479,299.82547738081064,1.026397139581168,103
5490000,22060.000002659213,-517602.7625118785,301.8082027565291,1.0265970887743425,103
5495000,22080.000002663288,-516967.065719964,300.73129710587165,1.0244337556439056,103
5500000,22100.000002667362,-516569.5690162636,302.0575360071441,1.0282304200273895,103
5505000,22120.000002671437,-516808.1946530449,299.94860478944986,1.0243651645041552,103
5510000,22140.00000267551,-517557.8788353454,300.1622307264912,1.0263863923208967,103
5515000,22160.000002679586,-517400.35278966255,299.4215747888647,1.0254596288152538,103
5520000,22180.00000268366,-515854.14220893895,302.83187425565785,1.0281861126014185,103
5525000,22200.000002687735,-518181.48412780627,300.0784426845389,1.0270647971656117,103
5530000,22220.00000269181,-517165.11433255346,300.77387573302843,1.028428858846262,102
5535000,22240.000002695884,-518050.6041869051,303.0587552969261,1.02949089343117,102
5540000,22260.00000269996,-517457.7289644552,301.57488189146756,1.029958338225117,102
5545000,22280.000002704033,-518313.51447594236,303.61271474886,1.0256229810816218,102
5550000,22300.000002708108,-518899.82441999204,300.13927897497217,1.0273502360114257,102
5555000,22320.000002712182,-516992.6189110307,300.559617200877,1.025581471781187,102
5560000,22340.000002716257,-516334.1035310314,300.2644668965348,1.0242658250336505,102
5565000,22360.00000272033,-515652.0924572493,300.8262016051196,1.0261152132347304,102
5570000,22380.000002724406,-517465.3561414615,302.0882232868954,1.027968058815517,102
5575000,22400.00000272848,-518794.1051699177,302.0787611016463,1.0324540162734739,102
5580000,22420.000002732555,-516667.9278047045,299.0045374612852,1.0251289840826958,102
5585000,22440.00000273663,-517231.83463639976,300.03728445847537,1.0274889227669297,102
5590000,22460.000002740704,-516075.8975494765,300.7767173332838,1.0249526721602218,102
5595000,22480.00000274478,-516477.00228514546,302.6701215836214,1.0296230934508095,102
5600000,22500.000002748853,-516253.0833860056,300.14972331809236,1.027408462255811,102
5605000,22520.000002752928,-516280.67583252676,301.2342795558666,1.019685429355621,102
5610000,22540.000002757002,-517199.25754687143,301.1537398916221,1.0302098542004192,102
5615000,22560.000002761077,-517350.74510575784,298.6483821603618,1.0265586276570453,102
5620000,22580.00000276515,-517308.0959086823,299.9983639435523,1.0235450746188552,102
5625000,22600.000002769226,-516644.63383634924,301.4357193132084,1.0263707619475981,102
5630000,22620.0000027733,-516218.5260302124,301.94894671769356,1.0246712901921595,102
5635000,22640.000002777375,-515977.1186649513,299.30744736618,1.0241701553037554,102
5640000,22660.00000278145,-518175.0974204941,301.86873289907464,1.0264881637672492,102
5645000,22680.000002785524,-517230.0863997382,300.51255698421204,1.027564302145116,102
5650000,22700.0000027896,-517890.5470122786,300.5026842364248,1.0264599908733683,102
5655000,22720.000002793673,-517530.8621803066,298.9361709416067,1.0267173599475632,102
5660000,22740.000002797748,-517040.4388526443,301.9271430646538,1.0247951789763723,102
5665000,22760.000002801822,-516496.4198642217,299.655328129499,1.0276455209637605,102
5670000,22780.000002805897,-517145.6127730983,300.31462887516653,1.0296761786204152,102
5675000,22800.00000280997,-517219.4027620752,301.617934435365,1.0279524760728356,102
5680000,22820.000002814046,-517872.8289895966,299.7146055296338,1.0277342591562353,102
5685000,22840.00000281812,-516429.5940004899,300.5356659621528,1.023753827460611,102
5690000,22860.000002822195,-515926.9482493019,302.10002999369624,1.02298411968338,102
5695000,22880.00000282627,-516573.54969342146,303.8654608912049,1.0287188424510114,102
5700000,22900.000002830344,-517932.24653976876,301.42900125441054,1.0286133803079847,102
5705000,22920.00000283442,-518201.16573273763,302.5243748257816,1.0250013402959808,102
5710000,22940.000002838493,-516884.74786605337,301.77693911825196,1.023768331051872,102
5715000,22960.000002842567,-517564.5556244501,301.76388560978967,1.0297075211180773,102
5720000,22980.000002846642,-517779.50704407576,299.8828876557214,1.0282736021106784,102
5725000,23000.000002850717,-516696.6997433619,303.4285553246534,1.026844821849337,102
5730000,23020.00000285479,-516581.5551513741,301.1144882056948,1.0304950643958906,102
5735000,23040.000002858866,-517371.1874192327,300.6020691716071,1.0281963686198086,102
5740000,23060.00000286294,-517155.7671405205,299.36535457108874,1.0248137592366497,102
5745000,23080.000002867015,-517106.89415765577,298.826053300636,1.0261724478254217,102
5750000,23100.00000287109,-516888.39369910187,302.1298522358141,1.0276295262321082,102
5755000,23120.000002875164,-517301.7300676415,302.49763884055034,1.0270696386011116,102
5760000,23140.00000287924,-516257.6239617318,301.6724430867258,1.0272939484307488,102
5765000,23160.000002883313,-517317.4859959029,302.92170060693644,1.0242812280975109,102
5770000,23180.000002887387,-517747.9220256461,301.9100436423128,1.0273405808762677,102
5775000,23200.000002891462,-517501.1874704142,302.87021165381054,1.0257177752673494,102
5780000,23220.000002895536,-517333.7652911332,300.6114477715724,1.0263307381999585,102
5785000,23240.00000289961,-517258.51779379277,300.6444586706504,1.0266466657155138,102
5790000,23260.000002903686,-515453.70232310635,300.5311662861395,1.0214482702153858,102
5795000,23280.00000290776,-517275.6389314374,300.72064740585085,1.027551458678983,102
5800000,23300.000002911835,-516209.71127168625,301.45744662999766,1.024003429692571,102
5805000,23320.00000291591,-516278.7123521436,302.14032721971233,1.0271654776664823,102
5810000,23340.000002919984,-516477.93345129536,299.38012791715124,1.0220144841411487,102
5815000,23360.00000292406,-515263.1740314604,299.8731820613936,1.022059676987578,102
5820000,23380.000002928133,-517279.5113851258,300.2245462918605,1.028730101124606,102
5825000,23400.000002932207,-517346.83893280127,300.96338786477924,1.0264013323879242,102
5830000,23420.00000293628,-516996.3333197539,300.6439706040121,1.0261927115426985,102
5835000,23440.000002940356,-515848.87767413026,301.5982541826178,1.0267831749962661,102
5840000,23460.00000294443,-516693.6679103954,301.282710675437,1.021716622814622,102
5845000,23480.000002948505,-516354.2074699993,302.2808922923701,1.0217788300110193,102
5850000,23500.00000295258,-516267.13383174664,300.5962833833384,1.025519935983103,102
5855000,23520.000002956654,-517041.6880868189,301.2198995706592,1.0271671344115951,102
5860000,23540.00000296073,-515869.50295036077,300.99085515316614,1.0255792758563926,102
5865000,23560.000002964804,-517963.57002759306,301.8589652187166,1.0268989147579688,102
5870000,23580.000002968878,-516359.1743157897,299.47701069179533,1.0257626468259475,102
5875000,23600.000002972953,-515831.17044507014,297.6914579902584,1.0258378798813197,102
5880000,23620.000002977027,-517383.91467474727,301.714961246069,1.0297281729564314,102
5885000,23640.0000029811,-516691.59198911744,300.97118843157625,1.0287270660744872,102
5890000,23660.000002985176,-516034.4276469273,300.162609221984,1.0262979777924364,102
5895000,23680.00000298925,-516683.74939291086,300.949294918702,1.0270843319939646,102
5900000,23700.000002993325,-517628.29194136616,298.3077861765362,1.0236974001285335,102
5905000,23720.0000029974,-516944.5945569936,301.23491908321114,1.0220075984462913,102
5910000,23740.000003001474,-516010.4523206912,300.2974668357181,1.0286281700790876,102
5915000,23760.00000300555,-517258.4741808197,301.7455428180952,1.0267717902561475,102
5920000,23780.000003009623,-516521.81893000845,298.800265040827,1.022407492833755,102
5925000,23800.000003013698,-518045.96269757627,298.8575468519966,1.0267266726794022,102
5930000,23820.000003017773,-516790.4117588352,302.2616697221923,1.0308596049684875,102
5935000,23840.000003021847,-517438.62805841514,300.97786924785976,1.0274553685613985,102
5940000,23860.00000302592,-516306.82301332965,300.81434646267627,1.0297736882738264,102
5945000,23880.000003029996,-518212.1410401035,300.9621964101927,1.0252991078801497,102
5950000,23900.00000303407,-516097.4325845868,299.94174808656084,1.0242335022854505,102
5955000,23920.000003038145,-517003.3572357029,301.6299956430214,1.027497823173556,102
5960000,23940.00000304222,-516065.52007002383,300.1943472913653,1.0214760609161548,102
5965000,23960.000003046294,-516526.9770904165,299.3101097393358,1.024391666449616,102
5970000,23980.00000305037,-515190.83001623955,300.8027259815778,1.027016940064852,102
5975000,24000.000003054443,-515358.5867278164,301.23814170910595,1.0244046685099855,102
5980000,24020.000003058518,-517830.1555773297,300.16622928694636,1.0263374631742455,102
5985000,24040.000003062592,-517549.6386861715,298.0771342213754,1.0279295210189638,102
5990000,24060.000003066667,-516963.6294502192,300.87377885859917,1.0267209392495185,102
5995000,24080.00000307074,-515352.157278341,302.3111039182902,1.0223768173408603,102
6000000,24100.000003074816,-516180.1095248533,300.80071422046217,1.0252643012693943,102
6005000,24120.00000307889,-517222.1338529531,298.26306290508927,1.0240638646926925,102
6010000,24140.000003082965,-516242.08081121347,301.1740607490942,1.0238758523860874,102
6015000,24160.00000308704,-517060.68541930406,299.4825176108087,1.024682961441854,102
6020000,24180.000003091114,-517093.04025563947,302.3942912022018,1.0250112112650398,102
6025000,24200.00000309519,-517646.155942088,299.6117462613222,1.0279177438181624,102
6030000,24220.000003099263,-516783.15611767815,300.7822823378628,1.0250706527027846,102
6035000,24240.000003103338,-516446.99630021746,299.9856760141746,1.0253519459851441,102
6040000,24260.000003107412,-517196.91684460477,299.9693976860546,1.0319741099688966,102
6045000,24280.000003111487,-517433.87667606026,302.17418904392315,1.0241607725218165,102
6050000,24300.00000311556,-517212.89459773526,301.23211013802046,1.0283191429161591,102
6055000,24320.000003119636,-517063.72731814184,300.40895088131595,1.0236402271783722,102
6060000,24340.00000312371,-517116.03088532365,298.7955228876844,1.0251220639347007,102
6065000,24360.000003127785,-517029.49264383037,303.18820122591876,1.0273376460984514,102
6070000,24380.00000313186,-516979.2746882106,299.3909301030843,1.0256541152864644,102
6075000,24400.000003135934,-516693.937766799,301.87239958230526,1.0205643504004085,102
6080000,24420.00000314001,-515891.86901707784,301.33857190231754,1.0246396902575496,102
6085000,24440.000003144083,-517098.469531178,300.31624960576937,1.0261786084122637,102
6090000,24460.000003148158,-516484.57910879795,300.4633499499896,1.025213848066193,102
6095000,24480.000003152232,-515878.47359806346,300.9234980215091,1.0256806826646476,102
6100000,24500.000003156307,-516578.9231146225,299.6502809609568,1.0251163662253369,102
6105000,24520.00000316038,-516723.4652171051,301.3761248045541,1.0231958413887787,102
6110000,24540.000003164456,-517687.0603932964,302.64090763146794,1.0302202030372634,102
6115000,24560.00000316853,-515813.46754667326,300.29543885136457,1.0234015654410136,102
6120000,24580.000003172605,-516836.6168028279,300.16977407714035,1.0280652706377227,102
6125000,24600.00000317668,-516238.5410432273,300.30671256445197,1.0248349027217951,102
6130000,24620.000003180754,-517641.9052103013,302.63438051398145,1.0238611048878552,102
6135000,24640.00000318483,-517519.9977306903,301.7032051358986,1.0283464872953039,102
6140000,24660.000003188903,-517235.5713830758,300.1467272385708,1.0282475533535678,102
6145000,24680.000003192978,-517615.1946743892,300.40848219885777,1.0278819863398867,102
6150000,24700.000003197052,-518551.08811951894,300.4343723460866,1.0281233574023065,102
6155000,24720.000003201127,-515483.1800285564,300.3763239567982,1.024363819308551,102
6160000,24740.0000032052,-517237.226943173,303.47048763695074,1.0256352903022068,102
6165000,24760.000003209276,-516940.02131874114,300.869177940381,1.0273253074241089,102
6170000,24780.00000321335,-516881.6000775981,298.3992331643321,1.0269913088658809,103
6175000,24800.000003217425,-516000.13696304965,299.66141460483743,1.0254424422795891,103
6180000,24820.0000032215,-516797.769302096,301.7813900111919,1.0291045600197377,103
6185000,24840.000003225574,-517606.2802948847,301.62554952522396,1.0267688225881877,103
6190000,24860.00000322965,-516004.42706575384,302.9377400549272,1.0266550320178864,103
6195000,24880.000003233723,-516319.28121880954,301.0584213565252,1.0262664600681883,103
6200000,24900.000003237798,-516727.7620093571,300.7934354398351,1.0250437361693017,103
6205000,24920.000003241872,-517255.7344276032,301.19019888164536,1.028113148175381,103
6210000,24940.000003245947,-516166.8755009072,302.09733831838884,1.0260782063956397,103
6215000,24960.00000325002,-517843.7647281769,298.48511143387964,1.0277279688226089,103
6220000,24980.000003254096,-517245.9952601539,302.2500144154519,1.0256648907092416,103
6225000,25000.00000325817,-515947.90769915096,300.3077975495006,1.024368979415787,103
6230000,25020.000003262245,-517098.3987089419,302.5454886320425,1.025969590593455,103
6235000,25040.00000326632,-516177.79927921505,299.8901400661648,1.02787697842812,103
6240000,25060.000003270394,-516365.38194384356,299.7569212542289,1.0268074955494546,103
6245000,25080.00000327447,-516387.60345664853,300.6616919194828,1.0275816976374887,103
6250000,25100.000003278543,-517575.47959127557,299.9409279316168,1.0300823388319076,103
6255000,25120.000003282617,-516342.5735470762,298.64200510107906,1.0266778246373787,103
6260000,25140.000003286692,-516624.71375050093,302.6360259124677,1.026334125884911,103
6265000,25160.000003290766,-517252.41735697794,301.6679478388419,1.0243138097349693,103
6270000,25180.00000329484,-515212.2984142655,300.7208709926577,1.0218454508623995,103
6275000,25200.000003298916,-517812.0255416378,300.1981739224528,1.0275638249253398,103
6280000,25220.00000330299,-515529.5280029136,302.1201535789017,1.0251077954830656,103
6285000,25240.000003307065,-515672.9640190031,299.2180025121382,1.0271621754638496,103
6290000,25260.00000331114,-518105.51342205075,300.33856670382033,1.0267327649113878,103
6295000,25280.000003315214,-517584.73962281947,300.13443633220635,1.0256569993622442,103
6300000,25300.00000331929,-518160.01362508256,301.0540871616771,1.0284721212891526,103
6305000,25320.000003323363,-516135.5283468843,298.52071084657496,1.025001956973874,103
6310000,25340.000003327437,-518081.92401220347,299.33398297736505,1.0265252648616607,103
6315000,25360.000003331512,-517332.07279119035,302.3880072934417,1.029088175705321,103
6320000,25380.000003335586,-517411.14148077136,297.06130479068094,1.0243800279141762,103
6325000,25400.00000333966,-516090.54637975595,303.5351361973784,1.0207093555161935,103
6330000,25420.000003343735,-516947.6582681325,301.2433673261108,1.0264006299814863,103
6335000,25440.00000334781,-515599.42117988714,299.7300618648056,1.0264290914548964,103
6340000,25460.000003351885,-518291.8153924532,303.57162296825754,1.0267674823188346,103
6345000,25480.00000335596,-516738.86635897914,299.95653517777043,1.027899226399848,103
6350000,25500.000003360034,-516306.20404848875,300.37980812782934,1.02557075798886,103
6355000,25520.000003364108,-517531.2393301034,299.99570535897004,1.029186768891787,103
6360000,25540.000003368183,-515711.3376789652,301.53488029437506,1.0254085952636276,103
6365000,25560.000003372257,-517876.5806646524,300.01518518044537,1.029451055840731,103
6370000,25580.00000337633,-518002.50355001516,301.5569226486386,1.0267323445702705,103
6375000,25600.000003380406,-516547.99860542244,304.16128339527967,1.0266033102042307,103
6380000,25620.00000338448,-517251.2441756814,300.298975667589,1.0255335188663388,103
6385000,25640.000003388555,-517064.4590615728,297.7923772718513,1.0243055549074096,103
6390000,25660.00000339263,-516816.740354117,303.36108993638607,1.0269622186649359,103
6395000,25680.000003396704,-516895.7677613201,301.13907107416884,1.025961234301797,103
6400000,25700.00000340078,-516442.501607443,302.2735701619054,1.0280377468013366,103
6405000,25720.000003404853,-516942.19461398735,300.7444837156289,1.024243098224984,103
6410000,25740.000003408928,-518150.02126251743,301.178686479979,1.0275633127419819,103
6415000,25760.000003413003,-516957.6960805296,301.56180242620417,1.0287272918407302,103
6420000,25780.000003417077,-517248.523495578,299.17333408562865,1.024132752408318,103
6425000,25800.00000342115,-516874.9194887639,299.45704804391943,1.024274195594402,103
6430000,25820.000003425226,-516887.12441067,298.8084844425033,1.028566387169464,103
6435000,25840.0000034293,-516354.2104429968,300.9653986063662,1.0293300247307375,103
6440000,25860.000003433375,-516573.72813455155,302.44565618646357,1.0275317664064825,103
6445000,25880.00000343745,-517312.8272163037,302.52979225299964,1.0286363397267786,103
6450000,25900.000003441524,-517392.6687532109,299.7174428133478,1.024235262437874,103
6455000,25920.0000034456,-516438.23970475025,300.02573846747197,1.0268380915467339,103
6460000,25940.000003449673,-518676.1510623151,298.84171047716785,1.0273817856395633,103
6465000,25960.000003453748,-516693.8289615798,301.81336151667637,1.0258951258320257,103
6470000,25980.000003457822,-518122.82147972053,299.5249687763212,1.0319997354194743,103
6475000,26000.000003461897,-516592.9018976989,298.7262038128864,1.0302343375763392,103
6480000,26020.00000346597,-516767.05914646527,299.87095776739943,1.0247380808951434,103
6485000,26040.000003470046,-517027.4092935899,301.48795763788695,1.0287398558079526,103
6490000,26060.00000347412,-515945.7058963734,300.974690063723,1.0263603715160525,103
6495000,26080.000003478195,-516109.64614999923,297.0782316344606,1.0279134642391439,103
6500000,26100.00000348227,-517432.7302712423,302.53426629908626,1.0266674802315636,103
6505000,26120.000003486344,-516118.8095022992,299.25933546532815,1.0244973106994293,103
6510000,26140.00000349042,-516590.693931713,299.82484944802763,1.0271956675054996,103
6515000,26160.000003494493,-516886.72527070367,301.02026765652295,1.0293466138673002,103
6520000,26180.000003498568,-517332.58242758526,300.76969460191884,1.0289985311506404,103
6525000,26200.000003502642,-515814.0753035359,301.7029285528845,1.0240899898877804,103
6530000,26220.000003506717,-515738.74077012227,296.8621047646596,1.025324421768981,103
6535000,26240.00000351079,-516805.0725131894,302.25523702149655,1.0245955272198077,103
6540000,26260.000003514866,-517431.0996567663,300.5796818162348,1.028926432955983,103
6545000,26280.00000351894,-518296.9383124225,300.16028526762466,1.0268527320629224,103
6550000,26300.000003523015,-516621.7450014129,302.94397186079874,1.0244289193847536,103
6555000,26320.00000352709,-519003.25683016237,301.762070587298,1.0272224529766578,103
6560000,26340.000003531164,-517593.1070323433,299.39791840597724,1.0265112358205193,103
6565000,26360.00000353524,-515928.5725186807,302.31007691226847,1.0231229156798558,103
6570000,26380.000003539313,-517326.7540568481,302.97729385610484,1.0261879956558901,103
6575000,26400.000003543388,-516814.7239492836,299.32260643280006,1.0271859055552495,103
6580000,26420.000003547462,-517625.2624725506,300.8775725670832,1.029202588508095,103
6585000,26440.000003551537,-517231.1514313617,300.92815833503266,1.0244638970936222,103
6590000,26460.00000355561,-517646.9875527816,299.8326215205633,1.0252195785821585,103
6595000,26480.000003559686,-517157.7849070397,300.6456765261039,1.0284429467148617,103
6600000,26500.00000356376,-516581.21514012665,301.6344899609746,1.023399435607359,103
6605000,26520.000003567835,-517567.5259921225,302.24877859896304,1.0280125546658057,103
6610000,26540.00000357191,-516746.6863204555,299.67440219375726,1.0269392298831201,103
6615000,26560.000003575984,-517208.13736784644,302.4507858659279,1.0277641634326329,103
6620000,26580.00000358006,-517091.23503850424,301.1504912296845,1.023743788992904,103
6625000,26600.000003584133,-516531.19222279545,299.8907261961279,1.0239760947032883,103
6630000,26620.000003588208,-517996.1045416633,301.65701751120974,1.0281195930098586,103
6635000,26640.000003592282,-516673.5388683262,301.00482227892593,1.0209496972943306,103
6640000,26660.000003596357,-517264.54102877923,303.88452777236955,1.022634551287133,103
6645000,26680.00000360043,-516211.0538673508,300.74922245472305,1.0252306666943471,103
6650000,26700.000003604506,-516269.99505472835,303.3423246730992,1.0229398498345539,103
6655000,26720.00000360858,-516427.7723909642,302.77103584719515,1.0242406883709736,103
6660000,26740.000003612655,-516758.51871220255,299.4097295338126,1.0264717830778147,103
6665000,26760.00000361673,-517058.7998513861,298.1686911976931,1.0261556683825062,103
6670000,26780.000003620804,-517485.5781752956,302.58970393575976,1.026982205051412,103
6675000,26800.00000362488,-517594.4956572519,301.38821440108484,1.0274163619513974,103
6680000,26820.000003628953,-517998.89417589735,302.7003564890183,1.031376855201839,103
6685000,26840.000003633028,-516575.37316115084,299.5099085725725,1.0296169828748236,103
6690000,26860.000003637102,-516124.89678387274,300.58362453510665,1.0276632208462806,103
6695000,26880.000003641177,-516701.5024051403,303.3142354109866,1.0256887299061954,103
6700000,26900.00000364525,-517075.1544646532,299.3848232915008,1.0254486569827834,103
6705000,26920.000003649326,-516634.9231211082,302.1679557580044,1.0283755427586219,103
6710000,26940.0000036534,-515812.6714667303,302.0784465496917,1.0269245974075274,103
6715000,26960.000003657475,-517277.2114112498,300.3541614883454,1.0329431218166918,103
6720000,26980.00000366155,-517882.5242303766,301.3641390735405,1.0243474595943955,103
6725000,27000.000003665624,-516596.57960255654,303.61901188086887,1.024092618832091,103
6730000,27020.0000036697,-517939.54376949044,301.83062753853517,1.0282704481815659,103
6735000,27040.000003673773,-516914.6459152114,303.076046791935,1.0239843952071443,103
6740000,27060.000003677847,-517685.8265024468,301.38028137693016,1.0269323926865106,103
6745000,27080.000003681922,-517962.0671082847,299.9352980235657,1.0250418062778475,103
6750000,27100.000003685996,-518575.3496803376,304.69370844404284,1.031962239107337,103
6755000,27120.00000369007,-516071.6776016352,300.3674437345381,1.0269460850644363,103
6760000,27140.000003694146,-516733.83269762364,300.45290660211293,1.0296775490000654,103
6765000,27160.00000369822,-516372.6059109287,300.58913673101904,1.025257015137715,103
6770000,27180.000003702295,-517814.7727499062,302.45668052046983,1.0269011219483513,103
6775000,27200.00000370637,-516509.48912492464,302.656842940373,1.023398010928228,103
6780000,27220.000003710444,-515385.7462019394,301.3258057439516,1.0233513876301281,103
6785000,27240.00000371452,-518096.4739773134,302.4762182189506,1.0288952649403638,103
6790000,27260.000003718593,-517778.80227854755,300.24571915535546,1.0291168349315287,104
6795000,27280.000003722667,-518790.41055602534,300.008762895006,1.0285815595459105,104
6800000,27300.000003726742,-515709.2141139603,303.4549377120864,1.0244773368400832,104
6805000,27320.000003730816,-517230.1182625259,300.62821880622107,1.0294531319844056,104
6810000,27340.00000373489,-516706.05208106805,302.64836664676506,1.0267884530720341,104
6815000,27360.000003738965,-516281.2220369498,301.5772549038171,1.0268381893552372,104
6820000,27380.00000374304,-517222.74911697744,299.99735376056327,1.0277689786999258,104
6825000,27400.000003747115,-516671.4655424203,301.3067953179113,1.0249516596563761,104
6830000,27420.00000375119,-516403.69678430655,300.7646186936131,1.025797356143969,104
6835000,27440.000003755264,-517566.15119481157,302.5781465411393,1.0266810387117637,104
6840000,27460.000003759338,-515327.1526473905,299.6117294653295,1.02496760026198,104
6845000,27480.000003763413,-516889.548063091,300.05023452450024,1.0249752986371414,104
6850000,27500.000003767487,-517238.6697339243,300.49273850714997,1.0249998366650837,104
6855000,27520.00000377156,-516258.43347387086,299.43409400387543,1.0272011713262057,104
6860000,27540.000003775636,-517576.13389424863,301.81822850202815,1.0244190801252002,104
6865000,27560.00000377971,-517475.29150479706,302.637251553123,1.0290257126848827,104
6870000,27580.000003783785,-516193.56414003856,299.0816502695695,1.0210445222971607,104
6875000,27600.00000378786,-515918.01560045476,303.0147288625851,1.02783374195993,104
6880000,27620.000003791934,-517258.6924973754,303.2146232407286,1.0314763763006176,104
6885000,27640.00000379601,-517295.413046764,301.98808337375135,1.026247206460074,104
6890000,27660.000003800084,-517783.00423035584,297.83410796774126,1.0255017187984314,104
6895000,27680.000003804158,-517334.8728015644,300.4537051483953,1.0288104879403872,104
6900000,27700.000003808233,-517373.3616858183,302.0784389113254,1.0269590132854785,104
6905000,27720.000003812307,-516820.25115966005,304.87298916796584,1.026751505761849,104
6910000,27740.00000381638,-517155.1484586892,300.29886646644326,1.028054417769593,104
6915000,27760.000003820456,-517130.43284132215,299.92961243740615,1.0271539627453108,104
6920000,27780.00000382453,-517993.6264410843,298.94895242510154,1.0262986781375565,104
6925000,27800.000003828605,-517696.914006731,299.29044905072163,1.0259753024486813,104
6930000,27820.00000383268,-516302.35535177006,304.14496803142083,1.0219800769576484,104
6935000,27840.000003836754,-516805.294544413,301.667852834121,1.0267354298290734,104
6940000,27860.00000384083,-517634.2752749834,302.0102023783631,1.027266661675313,104
6945000,27880.000003844903,-516364.93679673225,301.36016236034226,1.0280606039877598,104
6950000,27900.000003848978,-517496.4354314613,299.94732768351764,1.0291779185743544,104
6955000,27920.000003853052,-517665.5650010244,298.86287004842575,1.0305005067275306,104
6960000,27940.000003857127,-516646.4810796459,300.92896479208474,1.0252926392953072,104
6965000,27960.0000038612,-517061.7043167292,300.8353958697895,1.0248685064834593,104
6970000,27980.000003865276,-516829.1681482347,302.2806771336125,1.0226937163504064,104
6975000,28000.00000386935,-517327.5082264114,299.9606847289871,1.029818927996641,104
6980000,28020.000003873425,-517468.84153467277,300.4271870185451,1.0272424195077599,104
6985000,28040.0000038775,-515231.72598820063,301.1120662201394,1.0260752665105175,104
6940000,27860.00000384083,-515594.3174604834,300.6829289627879,1.0244429255144638,--
6945000,27880.000003844903,-517902.3876719789,300.94266421658983,1.030052151706886,108
6950000,27900.000003848978,-516972.70297241,301.53821263253417,1.028920809776552,107
6955000,27920.000003853052,-516602.83955751033,300.99446949921924,1.0278053877691296,107
6960000,27940.000003857127,-517785.2511312221,300.96296169576215,1.0272457462218845,107
6965000,27960.0000038612,-516988.9889107933,300.9471368764159,1.0313196520241494,107
6970000,27980.000003865276,-517537.45478707016,297.47845978127907,1.0283039367329057,107
6975000,28000.00000386935,-517485.9403149504,302.1175440951526,1.0327043512527083,107
6980000,28020.000003873425,-517207.0400706867,298.4870165219277,1.0295252878018732,107
6985000,28040.0000038775,-516526.9410248329,301.15022948749544,1.024769484464289,107
6990000,28060.000003881574,-516754.7074000451,299.60458884984536,1.0265159547970761,107
6995000,28080.00000388565,-517161.32886903384,299.21363504291855,1.022895389532347,106
7000000,28100.000003889723,-517021.1228664741,302.83344307056785,1.0265742613473205,106
7005000,28120.000003893798,-517561.50917259906,300.4548184772178,1.026206156655065,106
7010000,28140.000003897872,-516669.85125509836,301.1840697555703,1.025319733822496,106
7015000,28160.000003901947,-517847.2408648005,301.0351079493378,1.0268443143802657,106
7020000,28180.00000390602,-516676.7974622173,298.7679518839303,1.0262262258561818,106
7025000,28200.000003910096,-517604.17771263234,301.1087716638846,1.0236085595093327,106
7030000,28220.00000391417,-517223.9026739171,299.87291872857634,1.0296146052366206,106
7035000,28240.000003918245,-517867.83057932486,301.8684732945824,1.0294376335826783,106
7040000,28260.00000392232,-517054.98651215783,301.08724465925377,1.0284114360311272,106
7045000,28280.000003926394,-518109.5659875041,301.10221757878753,1.026075069865118,106
7050000,28300.00000393047,-517151.30302313203,301.62508132819886,1.0273443628317893,106
7055000,28320.000003934543,-515839.1504885277,297.00806623437023,1.025875092349089,106
7060000,28340.000003938618,-516506.9155523903,301.5062325589422,1.0258200007268348,106
7065000,28360.000003942692,-516073.67062420724,300.48656962684936,1.025562168219596,106
7070000,28380.000003946767,-516396.73735807184,299.6420406104976,1.0250931959531087,106
7075000,28400.00000395084,-518440.5845253903,300.73316504991635,1.031466721034969,106
7080000,28420.000003954916,-517471.85466306587,302.0101894487699,1.0246436671659611,106
7085000,28440.00000395899,-515814.51702344045,304.9338540736996,1.0287361526226577,106
7090000,28460.000003963065,-516923.0862123389,299.14373801057343,1.0256649982961232,106
7095000,28480.00000396714,-518399.2393711335,303.0230575263189,1.0255034742620028,106
7100000,28500.000003971214,-516235.32228913205,300.95961184463596,1.0247048665361835,106
7105000,28520.00000397529,-515829.21950007766,301.66299448839294,1.0216089625331635,106
7110000,28540.000003979363,-516374.2530771466,302.6908001175158,1.0241668571059102,106
7115000,28560.000003983438,-517008.15221843147,299.12009885228355,1.0264681324635656,106
7120000,28580.000003987512,-517618.90636923816,301.24496483889203,1.0249746807223377,106
7125000,28600.000003991587,-516421.2060502346,299.7602726083259,1.0307868836567595,106
7130000,28620.00000399566,-516254.74043040397,300.6351821803519,1.0242377541890306,106
7135000,28640.000003999736,-518571.6645305271,300.0734922434304,1.0249331689050993,106
7140000,28660.00000400381,-517512.9116797077,298.2786160982464,1.0289872362436534,106
7145000,28680.000004007885,-517085.76780046313,300.1800355738655,1.0220575038490358,106
7150000,28700.00000401196,-517668.5794898933,300.6681855464009,1.026326984414722,106
7155000,28720.000004016034,-515930.0671451839,302.62278146314907,1.021961048300488,106
7160000,28740.00000402011,-516047.08887844696,300.6051478330386,1.0265390309318543,106
7165000,28760.000004024183,-516304.9693223471,302.03629505618915,1.0244013801943965,106
7170000,28780.000004028258,-516644.49551024335,301.33332264605974,1.026670883958699,106
7175000,28800.000004032332,-517729.60125174467,302.62631758702736,1.026308045699139,106
7180000,28820.000004036407,-517313.8756330062,299.40393704861134,1.025840722710133,106
7185000,28840.00000404048,-516026.8161031427,299.7758575168336,1.0259899984699319,106
7190000,28860.000004044556,-516297.1385247903,303.2113193640734,1.0280052543704503,106
7195000,28880.00000404863,-515748.21178477746,299.68106674974496,1.0247013149369626,106
7200000,28900.000004052705,-516295.9391957219,300.65585475556014,1.0313759391109445,106
7205000,28920.00000405678,-516381.54918870656,301.379476960938,1.0268835401018022,106
7210000,28940.000004060854,-516970.52778849495,303.693712720376,1.029723430392123,106
7215000,28960.00000406493,-516930.49741911935,299.096752199803,1.0293565132591511,106
7220000,28980.000004069003,-515521.9835447448,302.7665343263138,1.021938924659326,106
7225000,29000.000004073077,-516977.8804987541,299.15578408577085,1.0231556405241864,106
7230000,29020.000004077152,-516514.9449152702,300.23071467342305,1.024439244235809,106
7235000,29040.000004081227,-516489.41317939246,300.273406693696,1.0222423743739797,106
7240000,29060.0000040853,-517284.1360134785,299.82311819206103,1.02624664655892,106
7245000,29080.000004089376,-517424.5526652641,301.5139486013891,1.0285886660368861,106
7250000,29100.00000409345,-515710.0208728949,302.12622129239094,1.02626572529374,106
7255000,29120.000004097525,-517404.7068800514,300.3749149525515,1.0247133034391596,106
7260000,29140.0000041016,-517339.02046243264,304.67040452466784,1.0313167733150856,106
7265000,29160.000004105674,-517108.9863940971,300.77201159243725,1.0305973279038558,106
7270000,29180.00000410975,-517519.313341222,301.1480124352166,1.0307166486754553,106
7275000,29200.000004113823,-517702.00286697573,301.3522825175107,1.0243015587450435,106
7280000,29220.000004117897,-517410.9422354563,299.587154586566,1.0246130904763597,106
7285000,29240.000004121972,-515968.22178009385,300.83601159064415,1.026590312057699,106
7290000,29260.000004126046,-517068.938365916,298.9828294927984,1.0303727819860156,106
7295000,29280.00000413012,-516831.38990602177,302.08081139183054,1.024865842887631,106
7300000,29300.000004134195,-517484.0976743703,300.18739928527094,1.0250993584979151,106
7305000,29320.00000413827,-515790.61078595393,300.9018953159668,1.0249544791707232,106
7310000,29340.000004142345,-515817.6133339866,303.0173693804973,1.0262174389644991,106
7315000,29360.00000414642,-517149.7420806396,298.1848789900181,1.0256666910258179,106
7320000,29380.000004150494,-516330.3283530704,300.07769463631854,1.027551238599886,106
7325000,29400.000004154568,-515611.78949640994,302.52431111058024,1.0225509840761673,106
7330000,29420.000004158643,-516903.564786108,303.43216591115987,1.0268446330764607,106
7335000,29440.000004162717,-518117.31999641005,303.5947107632709,1.0283855145251573,106
7340000,29460.00000416679,-517220.82367934776,301.7152138163311,1.0280997080350245,106
7345000,29480.000004170866,-516531.0294888383,300.55179706385974,1.0310331693964685,106
7350000,29500.00000417494,-517000.5100963649,299.1903193695263,1.0228143938399497,106
7355000,29520.000004179015,-517177.9603460436,300.7396512399417,1.031301014471062,106
7360000,29540.00000418309,-516524.3236001306,303.5244218553071,1.0224946409362743,106
7365000,29560.000004187164,-515676.86178630125,299.66083153757336,1.0235287838069693,106
7370000,29580.00000419124,-517141.10590011044,300.0644050611534,1.0274130873380805,106
7375000,29600.000004195314,-516929.1951082123,303.0946158673653,1.0273949404053873,106
7380000,29620.000004199388,-516394.69596196874,302.3968886937245,1.029040995744202,106
7385000,29640.000004203463,-516468.3273216698,302.2971835646566,1.0247033533273544,106
7390000,29660.000004207537,-516711.33370687184,300.81462454909956,1.028549935958048,106
7395000,29680.00000421161,-516823.6801853799,304.7206088606475,1.0304890373675615,106
7400000,29700.000004215686,-517227.5301600713,301.78284715121856,1.0267158555867577,106
7405000,29720.00000421976,-517037.9124869029,299.6829688312424,1.0288461146458598,106
7410000,29740.000004223835,-517107.23624221585,301.16410365711965,1.0235903313318246,106
7415000,29760.00000422791,-517252.44729740545,300.22901330345263,1.0245961694696837,106
7420000,29780.000004231984,-516594.97366729076,298.2815646764637,1.0314182728224113,106
7425000,29800.00000423606,-517899.5728293257,301.5878033213013,1.027320213170764,106
7430000,29820.000004240133,-517902.5008496775,300.66092448834405,1.027564701387206,106
7435000,29840.000004244208,-516732.31267853896,300.4320564531927,1.025493180579287,106
7440000,29860.000004248282,-516142.24367370806,299.7444323955973,1.0232722619828638,106
7445000,29880.000004252357,-516664.9392516301,301.6890795667414,1.030189313183598,106
7450000,29900.00000425643,-518048.5500468558,302.138843086131,1.0309716918190006,106
7455000,29920.000004260506,-517552.00864363485,301.1094117126217,1.0318219779720397,106
7460000,29940.00000426458,-516764.88461276935,301.3059654873367,1.0294367770193154,106
7465000,29960.000004268655,-518097.9323202076,301.4401138088176,1.0274949732525025,106
7470000,29980.00000427273,-515805.4586761722,302.1228208964213,1.025885616648856,106
7475000,30000.000004276804,-517455.3073980245,302.83272798718446,1.0265043030400662,106
7480000,30020.00000428088,-517016.3688111822,301.8189817406479,1.0273258506285114,106
7485000,30040.000004284953,-517046.87934348243,299.31450087870616,1.0252785825682962,106
7490000,30060.000004289028,-517098.27705412405,298.8419270682836,1.0266243221597464,106
7495000,30080.000004293102,-517542.23705520853,301.5879238842112,1.0285842657574795,106
7500000,30100.000004297177,-517241.9171504502,301.21491393729343,1.030196193057632,106
7505000,30120.00000430125,-517069.9521280988,299.4891768400891,1.0270669118194502,106
7510000,30140.000004305326,-516998.7794081459,298.2454506486295,1.0304188962949048,106
7515000,30160.0000043094,-516891.64566240716,301.3524370674642,1.0278323218654835,106
7520000,30180.000004313475,-516619.637187548,300.74829171312285,1.0246661954495526,106
7525000,30200.00000431755,-517622.4789008354,300.46255787846127,1.0285479765152739,106
7530000,30220.000004321624,-516729.36000569933,304.70461081586734,1.0253161846497634,106
7535000,30240.0000043257,-516272.84945753147,301.79280503047335,1.02531488740514,106
7540000,30260.000004329773,-515894.4000808792,300.69021832920623,1.0285092207975068,106
7545000,30280.000004333848,-516794.5932811969,299.57387047667277,1.027177134832051,106
7550000,30300.000004337922,-516401.6260309678,301.6474852697528,1.0274823842801202,106
7555000,30320.000004341997,-518013.83864585846,299.69025601037174,1.0281484701938939,106
7560000,30340.00000434607,-516929.17647222546,301.4712785045942,1.0272832015140694,106
7565000,30360.000004350146,-516194.9459728543,300.9565824354103,1.0244392180970974,106
7570000,30380.00000435422,-515706.829585355,301.25268064319044,1.0225405978511468,106
7575000,30400.000004358295,-517112.0139665308,300.7655737866399,1.026902601177861,106
7580000,30420.00000436237,-518083.9009006312,299.08908249698567,1.025505433947111,106
7585000,30440.000004366444,-518029.1227309287,301.65287649264167,1.0225103307440206,106
7590000,30460.00000437052,-517351.912658385,301.3362839808174,1.0309241224991663,106
7595000,30480.000004374593,-517044.38442123006,300.485415976449,1.0288346579109602,106
7600000,30500.000004378668,-515891.0154559454,300.67248486417446,1.0250099715856766,106
7605000,30520.000004382742,-516936.70443005697,299.1288149683793,1.0291251918846855,106
7610000,30540.000004386817,-517525.2422971104,301.96539747577634,1.0247176479143232,106
7615000,30560.00000439089,-516359.96443869034,301.24076387651394,1.0254204092632835,106
7620000,30580.000004394966,-516140.52864205884,301.1536326402787,1.0278090184171156,106
7625000,30600.00000439904,-517779.78846664354,303.3505905032813,1.0295186662011053,106
7630000,30620.000004403115,-517694.1372412599,301.25366234799907,1.0292750231716143,106
7635000,30640.00000440719,-518311.53043991816,299.77524616624214,1.0238301219110224,106
7640000,30660.000004411264,-516526.3577682157,302.6721149306547,1.0252001702631015,106
7645000,30680.00000441534,-518800.59042048757,302.42542841338064,1.0303853246571177,106
7650000,30700.000004419413,-517234.445566762,300.147925453269,1.0233415428075872,106
7655000,30720.000004423488,-516144.09336751956,302.0501275332968,1.0234591346823705,106
7660000,30740.000004427562,-516576.2669830767,302.2376145117246,1.0247393095847948,106
7665000,30760.000004431637,-518160.59757217416,302.15967248981036,1.0298010839925231,106
7670000,30780.00000443571,-516635.81055560196,302.42071232618497,1.0249029708248505,106
7675000,30800.000004439786,-516961.9781890069,298.2567008427443,1.0241526172909339,106
7680000,30820.00000444386,-517436.15338706225,299.57724990190235,1.0270228940296366,106
7685000,30840.000004447935,-517748.5282594499,299.7246934743559,1.0258702117587482,106
7690000,30860.00000445201,-515515.1758965489,302.9606693875048,1.0253945298401566,106
7695000,30880.000004456084,-517075.1893659767,300.6556555777479,1.0238600691624877,106
7700000,30900.00000446016,-518571.7011348703,301.0300000130072,1.0248814048568529,106
7705000,30920.000004464233,-516799.09356896626,301.568533067836,1.0271028820504118,106
7710000,30940.000004468307,-517327.0425301448,299.7534683826418,1.0249533702678697,106
7715000,30960.000004472382,-516560.78136446537,301.5905593308813,1.0253521547283875,106
7720000,30980.000004476457,-517660.2912110558,301.6351707636685,1.0265756568209932,106
7725000,31000.00000448053,-516201.9412498202,299.80923015945024,1.0223473754309482,106
7730000,31020.000004484606,-518182.78286247654,301.74526931931837,1.024377494642079,106
7735000,31040.00000448868,-516729.8577455436,301.03468354186094,1.0271188063063836,106
7740000,31060.000004492755,-516204.05421880726,302.16257207240614,1.0253255295313954,106
7745000,31080.00000449683,-516645.44960175105,299.8121865375306,1.022969000644011,106
7750000,31100.000004500904,-516357.50283498317,302.333370427827,1.0239550956353054,106
7755000,31120.00000450498,-515845.4467454117,300.70933975754656,1.0293347167709632,106
7760000,31140.000004509053,-515995.9018979864,302.0370882341837,1.0242352927750877,106
7765000,31160.000004513127,-517686.55230893707,301.20673505216797,1.0261037078190094,106
7770000,31180.000004517202,-517007.18935190793,301.4957085930667,1.0274525445056912,106
7775000,31200.000004521276,-515525.9296811931,301.75367052628485,1.0217869650784024,106
7780000,31220.00000452535,-518037.28873376804,300.393775724269,1.0255623516134906,106
7785000,31240.000004529425,-517377.9686092485,301.7428767203479,1.0253955585568801,106
7790000,31260.0000045335,-517681.67526346585,302.50537093942376,1.0271367217804694,106
7795000,31280.000004537575,-517873.32303627,300.96801998606696,1.0322554165789983,106
7800000,31300.00000454165,-516661.3450675218,302.156826566865,1.0246905553625492,106
7805000,31320.000004545724,-515811.06571195973,301.13328150543754,1.024961450894618,106
7810000,31340.000004549798,-516421.0611812384,302.7749130519116,1.0272306162878928,106
7815000,31360.000004553873,-518021.4182686177,301.52477053062177,1.025555549100542,106
7820000,31380.000004557947,-516953.07159199845,300.42759609620475,1.0284759894563744,106
7825000,31400.00000456202,-516990.0464047936,301.46917497625367,1.0316822703723787,106
7830000,31420.000004566096,-517164.9123607287,298.67701753909,1.0281304715616513,106
7835000,31440.00000457017,-516849.2310714314,301.3199387443836,1.0286943405047595,106
7840000,31460.000004574245,-516162.75895943795,300.2987035076207,1.0268249857068577,106
7845000,31480.00000457832,-517058.8850285851,302.96121271946095,1.0290713456681526,106
7850000,31500.000004582394,-516730.9196247824,300.55303111638835,1.0269179779069806,106
7855000,31520.00000458647,-515812.9633695313,299.08182924034344,1.0230062754095717,106
7860000,31540.000004590544,-516876.77300086454,301.9683903037348,1.0227148756148934,106
7865000,31560.000004594618,-515548.4539434535,300.0522318764256,1.0258763044253327,106
7870000,31580.000004598693,-517483.1333267682,300.6034654969874,1.0284711413935457,106
7875000,31600.000004602767,-517268.7383019028,301.3495757243784,1.028939367274155,106
7880000,31620.00000460684,-515993.37302836333,305.15751538224174,1.0285263593020273,106
7885000,31640.000004610916,-516923.2515701391,303.38710803747716,1.0285620774968094,106
7890000,31660.00000461499,-516627.8518460435,302.30917354437645,1.0307443584178873,106
7895000,31680.000004619065,-517001.7255245433,299.5419430851145,1.0284278823203798,106
7900000,31700.00000462314,-517556.8809370727,302.5625849905945,1.0282493477867787,106
7905000,31720.000004627214,-516427.38195203966,302.6041044964297,1.0223479001877935,106
7910000,31740.00000463129,-516899.6971400825,302.22204271285585,1.0266265359606936,106
7915000,31760.000004635363,-517066.3441873344,300.60375529758227,1.0245535482137187,106
7920000,31780.000004639438,-516843.5873801226,301.1803818156196,1.024856907005864,106
7925000,31800.000004643513,-518204.5039485148,299.13106040054606,1.0302290445020568,106
7930000,31820.000004647587,-517499.9218913261,301.4703883764508,1.0287313693196787,106
7935000,31840.00000465166,-517542.0869606221,298.6333596967288,1.025133179847214,106
7940000,31860.000004655736,-516677.8303748432,300.3448355372128,1.0254464546597015,106
7945000,31880.00000465981,-516965.6558810619,303.14345527970374,1.0269862600062387,106
7950000,31900.000004663885,-516668.2133395849,297.5086537086884,1.028947592783321,106
7955000,31920.00000466796,-516832.68722577044,303.8348042276151,1.0293065061148798,106
7960000,31940.000004672034,-516596.10738536203,301.07406493408655,1.0260423438076804,106
7965000,31960.00000467611,-516890.9900208723,301.2151394547674,1.02628824444658,106
7970000,31980.000004680183,-518242.1016639571,301.2126605168409,1.027873369708087,106
7975000,32000.000004684258,-517167.5649457993,301.0205966993907,1.0311157145953915,106
7980000,32020.000004688332,-516832.90763915656,300.97014353795026,1.0263645462852828,106
7985000,32040.000004692407,-516821.85965671856,301.5158935338992,1.0297306693386918,106
7990000,32060.00000469648,-517825.3784635456,300.2257340715332,1.027484715304192,106
7995000,32080.000004700556,-517127.02151529235,298.1736846574178,1.0290977347187795,106
8000000,32100.00000470463,-517600.44609978213,300.3958712321013,1.0282991985208545,106
8005000,32120.000004708705,-518221.8877204617,301.023579775912,1.0270608301365112,106
8010000,32140.00000471278,-517334.8541714004,298.1446768321933,1.028294936934531,106
8015000,32160.000004716854,-516835.98848459055,301.97482112621344,1.0279606265697416,106
8020000,32180.00000472093,-516395.4836514464,300.6475436613712,1.0280532413612256,106
8025000,32200.000004725003,-517140.08037415566,300.76536685935696,1.0270864232515817,106
8030000,32220.000004729078,-516573.2660518009,300.3095088389248,1.0252161725243132,106
8035000,32240.000004733152,-516628.3496800028,299.2017160939561,1.0257513463486723,106
8040000,32260.000004737227,-517285.5658693982,302.8735530835855,1.0256346578324922,106
8045000,32280.0000047413,-514993.9090523734,303.3904565708971,1.0236573678057068,106
8050000,32300.000004745376,-515640.6984431846,301.5047325511997,1.0261720928026226,106
8055000,32320.00000474945,-515890.4377705015,302.41338908643615,1.0246815073730193,106
8060000,32340.000004753525,-516851.2583739399,296.3648213110974,1.0303572840889343,106
8065000,32360.0000047576,-517442.1343063235,299.3467967192428,1.0282572842739373,106
8070000,32380.000004761674,-517704.49822317576,302.23615334372164,1.028755979845084,106
8075000,32400.00000476575,-517625.2324162128,299.4123968971893,1.0288988124624157,106
8080000,32420.000004769823,-518110.35430761846,301.79320213696315,1.0300523633474536,106
8085000,32440.000004773898,-516349.9041180578,301.0292414258385,1.0213529343105165,106
8090000,32460.000004777972,-516602.6194424962,302.31543096702035,1.0273408613938924,106
8095000,32480.000004782047,-516196.7087465981,301.9038068162316,1.0227818603303027,106
8100000,32500.00000478612,-517913.6743534547,300.6143693887447,1.0298348247663227,106
8105000,32520.000004790196,-515896.110078573,301.81214956638354,1.0263186746875317,106
8110000,32540.00000479427,-517475.8994887611,300.4915595428168,1.0264375191466764,106
8115000,32560.000004798345,-516900.6723869329,299.5569762904041,1.026006982376793,106
8120000,32580.00000480242,-516726.22684112214,302.6605497888898,1.0273019415064322,106
8125000,32600.000004806494,-515982.2590021689,299.40327376912524,1.0250091937609567,106
8130000,32620.00000481057,-516115.88931247476,300.93737647438223,1.0270691759981259,106
8135000,32640.000004814643,-516842.43439823645,299.75635072974904,1.0244441584080286,106
8140000,32660.000004818718,-516785.4194981498,302.805413521084,1.026795991929062,106
8145000,32680.000004822792,-516608.4569874774,298.24590408310905,1.0232175856369772,106
8150000,32700.000004826867,-517235.70529027795,301.0914084754974,1.029628846626096,106
8155000,32720.00000483094,-515904.5171078888,300.4659165879536,1.0260614913615989,106
8160000,32740.000004835016,-516405.2162269342,302.4520739270556,1.020622075341425,106
8165000,32760.00000483909,-517593.86187250563,299.1028383649417,1.0300472693956648,106
8170000,32780.00000484316,-516945.26022197935,301.4799972553773,1.0249139993521141,106
8175000,32800.000004847236,-517166.5909613515,300.9178228355598,1.0278497634390018,106
8180000,32820.00000485131,-516662.4220101705,300.83768649188846,1.0230645235608458,106
8185000,32840.000004855385,-518362.43051779736,302.1637290010006,1.0318335491957682,106
8190000,32860.00000485946,-518637.76208691904,301.474974705857,1.023170830984913,106
8195000,32880.000004863534,-516676.16488678055,299.1770238885762,1.0256621009479276,106
8200000,32900.00000486761,-517451.4583954185,299.19645127306234,1.0265329958005107,106
8205000,32920.00000487168,-516139.0945367473,300.59505839085256,1.025872110995268,106
8210000,32940.00000487576,-516563.4817212289,300.7735424135051,1.0250439535462645,106
8215000,32960.00000487983,-517640.8352240382,301.03234469464803,1.0287642332789608,106
8220000,32980.00000488391,-516371.50833314727,303.73591854745627,1.024103737578503,106
8225000,33000.00000488798,-516878.47090038867,302.6023944559895,1.0266493841933586,106
8230000,33020.000004892056,-516782.6012821968,300.71892691470987,1.0272755877257094,106
8235000,33040.00000489613,-516944.13057672116,303.28981978410485,1.0274942307326378,106
8240000,33060.000004900205,-517690.686938589,300.28192396440164,1.0253052244728924,106
8245000,33080.00000490428,-517904.8884789082,300.56512547850804,1.0284956854964173,106
8250000,33100.000004908354,-515824.6771619094,300.87337632834914,1.0242755193740798,106
8255000,33120.00000491243,-518453.65154574113,302.27553360807104,1.0320455659246646,106
8260000,33140.0000049165,-516735.8588739401,302.4525923250464,1.032441564452738,106
8265000,33160.00000492058,-518430.17612486216,300.87885239636665,1.0269038980579646,106
8270000,33180.00000492465,-516861.5175427785,302.5566402017966,1.0207589250011087,106
8275000,33200.00000492873,-516885.57181325764,301.5030672104792,1.0286446533685483,106
8280000,33220.0000049328,-517419.2456920212,302.19970982583567,1.023958809133103,106
8285000,33240.000004936875,-517410.4850130775,301.5385683238246,1.0277819378389361,106
8290000,33260.00000494095,-517484.8145513912,301.8123609893123,1.0292680270405146,106
8295000,33280.000004945025,-516476.2910164022,304.81492825248336,1.024881670116905,106
8300000,33300.0000049491,-518130.4831528454,302.21478316651513,1.0312657301202302,106
8305000,33320.00000495317,-517465.61036507436,299.8820907721287,1.0260857352343646,106
8310000,33340.00000495725,-515898.31404253305,300.1274950411686,1.0268644759140764,106
8315000,33360.00000496132,-517220.7022702296,302.95821643551403,1.024612885418208,106
8320000,33380.0000049654,-516893.1651113308,299.3853617276104,1.0270918988777942,106
8325000,33400.00000496947,-516982.7750133297,301.72543652923434,1.0249934998917098,106
8330000,33420.000004973546,-516833.1629959685,300.9998559824833,1.0278839412749847,106
8335000,33440.00000497762,-517168.80055096163,300.5871849849735,1.0319196360361478,106
8340000,33460.000004981695,-517100.9296275666,298.5310907785686,1.0274401489153293,106
8345000,33480.00000498577,-517886.97456291015,302.20077586041447,1.0298172344950158,106
8350000,33500.000004989844,-517277.8798349132,300.10525748458775,1.0265812596107238,106
8355000,33520.00000499392,-516250.5623168256,300.5844294818586,1.021156164322805,106
8360000,33540.00000499799,-516438.3393010488,300.75209370292436,1.0253468683636056,106
8365000,33560.00000500207,-515928.81502523925,300.9854981941817,1.0261758996854016,106
8370000,33580.00000500614,-517695.315993933,299.40318205432084,1.025344641595049,106
8375000,33600.00000501022,-516343.06745163375,302.6785083164399,1.0257257285218404,106
8380000,33620.00000501429,-516914.2962143682,299.7080722922716,1.0281163128275408,106
8385000,33640.000005018366,-516873.52678078203,299.82424457443364,1.0252330597671722,106
8390000,33660.00000502244,-516870.7210645366,301.24257951483696,1.0286526645618443,106
8395000,33680.000005026515,-516531.4112039665,302.2596274747141,1.0284316185261406,106
8400000,33700.00000503059,-516218.86570562935,303.5213830482724,1.0218666750319818,106
8405000,33720.000005034664,-517967.93237786833,301.8795700831459,1.0266041302019617,106
8410000,33740.00000503874,-516162.225196254,300.6035066219415,1.0268102218681994,106
8415000,33760.00000504281,-516637.03767138696,300.8606254383181,1.0228216770143508,106
8420000,33780.00000504689,-515884.412842948,300.9701151114506,1.0267853184718791,106
8425000,33800.00000505096,-517332.47220594226,301.9108320415192,1.0224812482743144,106
8430000,33820.00000505504,-517013.01185001386,301.0904735725271,1.0265435003065737,106
8435000,33840.00000505911,-518026.33884302946,300.6951546786631,1.028995668836617,106
8440000,33860.000005063186,-518957.75007313094,303.5745010486692,1.0264925488985408,106
8445000,33880.00000506726,-516408.57500227843,304.07815283217275,1.0286728308017168,106
8450000,33900.000005071335,-516945.5143501174,301.9109273146156,1.0244812396518086,106
8455000,33920.00000507541,-517596.8110445407,301.5726005306592,1.0272839659749837,106
8460000,33940.000005079484,-516803.9462521842,300.54019602506844,1.0243667481120837,106
8465000,33960.00000508356,-517557.8230362432,299.93708641504566,1.0268650975554123,106
8470000,33980.00000508763,-517337.03148515895,304.74934843133303,1.0270774174222443,106
8475000,34000.00000509171,-515996.9057034594,300.9706095716397,1.0264817160261543,106
8480000,34020.00000509578,-516993.6224746003,302.0680444313045,1.029420016761837,106
8485000,34040.00000509986,-517282.2475298876,300.58798437642014,1.0269993388940555,106
8490000,34060.00000510393,-516688.32388036745,301.63691542645796,1.0243606257463056,106
8495000,34080.000005108006,-518031.1780475888,298.68075561394284,1.0303492764316728,106
8500000,34100.00000511208,-516942.2896011111,300.0724380921051,1.027579603575764,106
8505000,34120.000005116155,-517497.9781280288,300.61352954214124,1.0289953876726399,106
8510000,34140.00000512023,-516913.83214954636,303.35668395437756,1.024881293285934,106
8515000,34160.000005124304,-517352.9994416158,302.73406117493846,1.0286385159896023,106
8520000,34180.00000512838,-516324.76406185306,299.9227742340507,1.0208492076769082,106
8525000,34200.00000513245,-517504.10517790634,303.93178009082226,1.0263030331460303,106
8530000,34220.00000513653,-516593.9074207824,301.426131916543,1.0235623114104828,106
8535000,34240.0000051406,-516060.8051027055,303.4577043253368,1.0248049362952796,106
8540000,34260.00000514468,-517673.58682040847,300.0167964851086,1.0297682566768727,106
8545000,34280.00000514875,-517249.1694603008,301.531397968484,1.0306185941527728,106
8550000,34300.000005152826,-516104.6004084083,297.8577217573541,1.0262551248871497,106
8555000,34320.0000051569,-516539.1473057717,302.7155893181785,1.0272992768937508,106
8560000,34340.000005160975,-517322.334913946,300.0085995472298,1.0262390151161913,106
8565000,34360.00000516505,-517064.63031466096,303.6973532415017,1.0239641421029366,106
8570000,34380.000005169124,-518951.39911926724,301.9039452457816,1.0280712450648046,106
8575000,34400.0000051732,-516833.5631840816,303.22208234211996,1.0275797322937887,106
8580000,34420.00000517727,-516039.67362417653,303.9173555564657,1.0225835484614576,106
8565000,34360.00000516505,-516958.73786687036,300.8645677854382,1.0268826372400381,--
8570000,34380.000005169124,-516458.1547719352,300.17136940403117,1.0242214141195705,108
8575000,34400.0000051732,-517841.19546849513,300.78224942150763,1.0282274203019854,108
8580000,34420.00000517727,-518167.9305899502,301.3481600746359,1.0313374773182356,107
8585000,34440.00000518135,-517675.124453194,300.7302244460158,1.0260609362186321,107
8590000,34460.00000518542,-517137.16525353305,301.780291857059,1.0285005117769,107
8595000,34480.0000051895,-516183.6269373754,303.35631910835633,1.025991268048324,107
8600000,34500.00000519357,-516461.33216449106,300.20722204287694,1.0304440406759279,107
8605000,34520.000005197646,-516660.4705863267,302.39141602170514,1.027139115783505,107
8610000,34540.00000520172,-518041.27011854225,298.7643447934071,1.0273273779121175,107
8615000,34560.000005205795,-517118.3418704653,303.1096953864743,1.0274180766977823,107
8620000,34580.00000520987,-517831.17293791147,300.89547680020013,1.028150414155607,107
8625000,34600.000005213944,-517911.19517542934,304.40161659459335,1.0309553105302616,107
8630000,34620.00000521802,-517789.21740841866,302.8083078418915,1.0287233795387547,106
8635000,34640.00000522209,-517362.8576642794,300.4796064449905,1.0281755846341902,106
8640000,34660.00000522617,-516489.4111134112,301.84157210587387,1.0284526535992713,106
8645000,34680.00000523024,-516968.12235401175,299.31452927244584,1.0293661731540726,106
8650000,34700.00000523432,-516377.62109643547,299.49569204671957,1.0292780786604552,106
8655000,34720.00000523839,-516652.1491775254,300.5817687617228,1.0235125505817744,106
8660000,34740.000005242466,-516736.12390083144,303.7800660175144,1.025740781192236,106
8665000,34760.00000524654,-516977.9368927246,303.23399605189536,1.0270623498160354,106
8670000,34780.000005250615,-516995.50031103287,297.94846387883604,1.023049749023366,106
8675000,34800.00000525469,-517350.3770675047,301.25092613432054,1.026610798354789,106
8680000,34820.000005258764,-516609.8464942076,300.7141252241453,1.0261763151252639,106
8685000,34840.00000526284,-516475.6350037083,299.621924510884,1.0274280906414377,106
8690000,34860.00000526691,-516654.47449962073,299.3367106338779,1.0266993938937796,106
8695000,34880.00000527099,-517010.16616486385,300.92463922914055,1.0252247424577141,106
8700000,34900.00000527506,-516252.00423074025,300.95391005287667,1.0237604221025356,106
8705000,34920.00000527914,-515719.8525520188,300.4168715035848,1.0233684594358483,106
8710000,34940.00000528321,-516132.0982072288,299.8720812580113,1.025977689117264,106
8715000,34960.000005287286,-517080.231215646,302.1512752398281,1.029047856111085,106
8720000,34980.00000529136,-516259.79220038257,302.4221993136863,1.0229500112434056,106
8725000,35000.000005295435,-516912.65795605746,303.4202223113356,1.025624262354663,106
8730000,35020.00000529951,-516589.84762651427,301.070776328198,1.0263935320997302,106
8735000,35040.000005303584,-517293.10941394884,301.55656918210497,1.029287857215653,106
8740000,35060.00000530766,-517236.23008941836,298.0981080061261,1.0270102172901743,106
8745000,35080.00000531173,-517472.4372211457,302.38139351995784,1.0298729312481623,106
8750000,35100.00000531581,-516370.08490778296,300.95232559984703,1.0248861038090389,106
8755000,35120.00000531988,-517099.2059444471,301.5358474528266,1.0247184701622623,106
8760000,35140.00000532396,-517817.057087047,300.91999281626266,1.02331447293065,106
8765000,35160.00000532803,-517283.096185897,299.91872556083456,1.022161281949388,106
8770000,35180.000005332106,-515384.53913736553,302.0456319598597,1.0264728386230533,106
8775000,35200.00000533618,-517010.3522196042,303.8491569059256,1.0278552209003267,106
8780000,35220.000005340255,-517378.949465957,301.62619550787,1.0238865004418556,106
8785000,35240.00000534433,-517056.2358500138,302.86401337313515,1.0285817201144962,106
8790000,35260.000005348404,-517495.43706185836,300.8730404954224,1.027061655780925,106
8795000,35280.00000535248,-518203.7930465129,300.2788271363627,1.0302526477267817,106
8800000,35300.00000535655,-517745.50480150525,302.75069574244475,1.0240872031905297,106
8805000,35320.00000536063,-518476.0371512857,300.58563841184167,1.0296301072065055,106
8810000,35340.0000053647,-517568.7047402165,300.1602121996899,1.02755578047398,106
8815000,35360.000005368776,-516673.19777122,299.64262102348965,1.029035067223624,106
8820000,35380.00000537285,-516011.3366297253,298.76576859430577,1.028093658379793,106
8825000,35400.000005376925,-516495.8878881298,302.66006943844917,1.0279636145621034,106
8830000,35420.000005381,-514776.85615833406,300.22724109288333,1.0230663347603273,106
8835000,35440.000005385074,-517174.01703555323,300.53354058790734,1.027488437043242,106
8840000,35460.00000538915,-515293.4729474685,300.61286726230975,1.0265891186467868,106
8845000,35480.00000539322,-516739.13039915427,302.136735668679,1.0267028223077481,106
8850000,35500.0000053973,-517765.5806256959,300.74873488082744,1.0309472027472175,106
8855000,35520.00000540137,-516410.4917290502,302.4816069767219,1.026719592396744,106
8860000,35540.00000540545,-516995.26438493,301.58632032487566,1.0273946092723496,106
8865000,35560.00000540952,-518043.9080480742,300.1254342791262,1.028231183819377,106
8870000,35580.000005413596,-516953.7979367585,303.58192348934,1.0263700611037052,106
8875000,35600.00000541767,-518093.1905452681,301.22690812085614,1.0299041790612224,106
8880000,35620.000005421745,-517391.28729531146,301.12256836901554,1.0268802597781619,106
8885000,35640.00000542582,-518803.4778953828,301.29321286333163,1.0296616049794391,106
8890000,35660.000005429894,-517113.4624585684,301.07617653614614,1.0284685704855256,106
8895000,35680.00000543397,-516894.9238662035,301.43683180062095,1.0269238251046295,106
8900000,35700.00000543804,-517603.6596625603,302.2794199151973,1.0274631250570079,106
8905000,35720.00000544212,-516980.8204267018,302.66015082127626,1.0252808263520792,106
8910000,35740.00000544619,-517051.0982622707,301.0122118304928,1.0249602529760298,106
8915000,35760.00000545027,-516139.2595256951,299.77860150857913,1.0270892344259563,106
8920000,35780.00000545434,-516434.07465788117,300.0080047048485,1.0239879570386325,106
8925000,35800.000005458416,-516742.8043151484,300.5838495398,1.023317634579229,106
8930000,35820.00000546249,-517229.6355822275,304.3673288878391,1.0327201404763398,106
8935000,35840.000005466565,-517277.5568730065,300.1878890745084,1.0243679310285674,106
8940000,35860.00000547064,-516388.06738732546,299.4451412815007,1.0252922235743718,106
8945000,35880.000005474714,-516896.8985079841,300.78614203353084,1.026901826698667,106
8950000,35900.00000547879,-515682.6175355946,299.2277423456758,1.0258481798658226,106
8955000,35920.00000548286,-515824.7620384004,299.76140561174645,1.02520616252853,106
8960000,35940.00000548694,-517902.7438040294,299.8038002901412,1.0256937494874454,106
8965000,35960.00000549101,-517439.6034111208,302.00985170712636,1.0252780427838144,106
8970000,35980.00000549509,-517246.8226817292,302.44212259149253,1.024309250674901,106
8975000,36000.00000549916,-517420.4588423865,300.90263877700943,1.0283317936295167,106
8980000,36020.000005503236,-516285.1728622399,300.4007538025956,1.0278317279732891,106
8985000,36040.00000550731,-516283.83523902274,301.4030129313671,1.0251564503305284,106
8990000,36060.000005511385,-517418.6625663866,298.72050293749936,1.0268433325834139,106
8995000,36080.00000551546,-517503.70414607367,303.2389939003835,1.0301199565326828,106
9000000,36100.000005519534,-516014.4669819556,301.6961630961457,1.0251615893065689,106
9005000,36120.00000552361,-517616.5675576159,304.02169445409123,1.027110543525754,106
9010000,36140.00000552768,-515720.6736609794,300.3938754923901,1.024605971149583,106
9015000,36160.00000553176,-517521.4800861606,301.9889403869138,1.0264335642686986,106
9020000,36180.00000553583,-517138.2178405584,304.3794431730741,1.0284402759638889,106
9025000,36200.00000553991,-516487.71740096225,301.1854044772599,1.0229923970689914,106
9030000,36220.00000554398,-517291.46997715766,299.6397775909386,1.0304834440072472,106
9035000,36240.000005548056,-516195.58639579103,299.047880269815,1.0289355505232525,106
9040000,36260.00000555213,-515102.48558796546,300.113576836337,1.024775563560899,106
9045000,36280.000005556205,-517287.5645010071,299.05789648623016,1.0316981752560004,106
9050000,36300.00000556028,-516658.715920168,299.69476981796817,1.022242950764181,106
9055000,36320.000005564354,-516914.91730353213,299.44754318573996,1.0258574287754234,106
9060000,36340.00000556843,-517379.06719971215,301.4647450303515,1.0280972773672379,106
9065000,36360.0000055725,-516760.5647683025,301.318473889407,1.0260946603097125,106
9070000,36380.00000557658,-516422.5148129668,300.1099227596903,1.0262395413814578,106
9075000,36400.00000558065,-517242.3787655521,301.26628297355757,1.0267981211821802,106
9080000,36420.00000558473,-516092.97320931056,299.00885477541317,1.0256233057097508,106
9085000,36440.0000055888,-517153.8012431909,302.8880169509379,1.0244355792504152,106
9090000,36460.000005592876,-516075.11330697336,301.38716700744124,1.026683172138872,106
9095000,36480.00000559695,-516732.74333407753,300.6127886484404,1.027386059785059,106
9100000,36500.000005601025,-517174.2209649021,298.63857844579127,1.0276039700525958,106
9105000,36520.0000056051,-518125.72349386127,299.3064109959922,1.0311132190674417,106
9110000,36540.000005609174,-517474.1153604819,302.4381776266307,1.0243894503195388,106
9115000,36560.00000561325,-516986.5790952777,299.27860002720536,1.0236691079397964,106
9120000,36580.00000561732,-517603.0114822611,300.2950491330249,1.0256207034539344,106
9125000,36600.0000056214,-515504.8279294276,301.83742843566097,1.0268619366189016,106
9130000,36620.00000562547,-517686.41609364096,298.75004083644563,1.0269307890828274,106
9135000,36640.00000562955,-515900.8861304226,299.16060318457147,1.023708036451215,106
9140000,36660.00000563362,-516557.0840144644,298.66495606732786,1.0262905509675044,106
9145000,36680.000005637696,-515816.03311008355,305.18856711977344,1.0244166046117524,106
9150000,36700.00000564177,-517185.1065874356,302.3352644437838,1.0241836017736012,106
9155000,36720.000005645845,-516961.0555937516,300.99476443521274,1.0257051132513082,106
9160000,36740.00000564992,-517065.2345912277,303.13717532722467,1.0304726638255108,106
9165000,36760.000005653994,-518137.4382808495,302.74515277220013,1.0284109035218394,106
9170000,36780.00000565807,-515994.64655164746,297.96247429003114,1.0248954151133935,106
9175000,36800.00000566214,-516635.1711501805,297.4293313573668,1.029077754975545,106
9180000,36820.00000566622,-517857.06630459777,304.107897978568,1.0264744252003097,106
9185000,36840.00000567029,-516475.8143291499,301.228295353374,1.0256154487411309,106
9190000,36860.00000567437,-515538.27973793494,298.9262383674147,1.0250067479028715,106
9195000,36880.00000567844,-516131.74034173647,302.8297852757712,1.0247519829981908,106
9200000,36900.000005682516,-517683.8781366884,302.6820994015428,1.0283445630464718,106
9205000,36920.00000568659,-517085.7059318244,302.86583796211977,1.0257569101617983,106
9210000,36940.000005690665,-516653.3973023277,300.23599503388743,1.0222701236990637,106
9215000,36960.00000569474,-517487.336153324,301.4396992621718,1.0277890571773591,106
9220000,36980.000005698814,-517081.0506665867,300.82236601588266,1.0253127949474288,106
9225000,37000.00000570289,-516707.6798136013,300.6555543149725,1.0241331524988813,106
9230000,37020.00000570696,-518205.3927066582,302.0187666479372,1.027633286295929,106
9235000,37040.00000571104,-517936.44316450483,300.57807021572694,1.0245855899456058,106
9240000,37060.00000571511,-516205.8985717965,300.54623784957386,1.025291614400599,106
9245000,37080.00000571919,-517091.40086544235,303.1879945380206,1.0278188454117623,106
9250000,37100.00000572326,-517502.3834544013,300.8381028165455,1.030579981360449,106
9255000,37120.000005727336,-516779.29608727107,298.93578530032374,1.025820617842008,106
9260000,37140.00000573141,-517233.14293434285,299.3423213905997,1.0269944321441495,106
9265000,37160.000005735485,-516237.11823058524,302.54530835111274,1.0230548040578071,106
9270000,37180.00000573956,-516612.71688880003,299.48142581986014,1.0266677425732729,106
9275000,37200.000005743634,-516833.5493185206,302.54875246892925,1.0277629646393345,106
9280000,37220.00000574771,-515519.769518303,300.5676515056725,1.0244029237186472,106
9285000,37240.00000575178,-515904.555688153,301.97925840855953,1.0236694240287432,106
9290000,37260.00000575586,-517101.66789149656,302.581563893875,1.0278291269951043,106
9295000,37280.00000575993,-516658.64720962406,301.1034309912793,1.0272869385469285,106
9300000,37300.000005764006,-517330.72482358594,301.3845044018313,1.0280791933635007,106
9305000,37320.00000576808,-514935.712349979,299.14771465941453,1.024968485285139,106
9310000,37340.000005772155,-518433.13134485413,299.59422656778946,1.025265442513043,106
9315000,37360.00000577623,-516874.4248895233,302.8957127353692,1.029751419229316,106
9320000,37380.000005780304,-516596.88948485395,301.5380038150034,1.026874277883821,106
9325000,37400.00000578438,-517655.57038473175,299.5275107264391,1.0242817376310516,106
9330000,37420.00000578845,-516986.8742664666,302.3420911059697,1.0244206668758031,106
9335000,37440.00000579253,-515830.53225461463,301.8647299773871,1.0266976404324744,106
9340000,37460.0000057966,-517307.7599719793,301.29731397335445,1.0272674428948452,106
9345000,37480.00000580068,-516287.89817336807,301.13550379382036,1.0236373904788119,106
9350000,37500.00000580475,-516393.3475414382,301.6091581461963,1.0290737836232802,106
9355000,37520.000005808826,-517427.73281241,299.15514592288713,1.0270196208763924,106
9360000,37540.0000058129,-516894.53831891087,298.94430284719573,1.0276143952950805,106
9365000,37560.000005816975,-516542.1565529355,298.7852848165771,1.02524211540519,106
9370000,37580.00000582105,-516456.583948717,298.9552868569584,1.02567235167281,106
9375000,37600.000005825124,-517941.18489998346,301.6517072848822,1.0293238344399012,106
9380000,37620.0000058292,-518455.87151117297,299.8451544127117,1.0337922257176357,106
9385000,37640.00000583327,-516874.87362961075,299.61503440848963,1.027369151789042,106
9390000,37660.00000583735,-517238.9136845262,302.1738125565866,1.0298360363021553,106
9395000,37680.00000584142,-516828.4099172829,298.5714648287836,1.0288315218640256,106
9400000,37700.0000058455,-517344.0068158305,300.596129514101,1.0279846972395377,106
9405000,37720.00000584957,-517269.20600361377,302.2041626111656,1.026898362435941,106
9410000,37740.000005853646,-516023.0212189609,300.23614135115565,1.0289931251464082,106
9415000,37760.00000585772,-518168.30441561993,300.7088882897182,1.0280770707656974,106
9420000,37780.000005861795,-516866.8467965333,302.1524776476328,1.0229273761001674,106
9425000,37800.00000586587,-518114.068125376,300.5555804807302,1.0269142033748169,106
9430000,37820.000005869944,-516542.3669346059,298.35317570659174,1.0251446907960395,106
9435000,37840.00000587402,-517409.3629651121,301.77255408332553,1.025439960824929,106
9440000,37860.00000587809,-516133.8193731853,300.8039941574584,1.0284197843034202,106
9445000,37880.00000588217,-517554.0189652336,298.41934248427805,1.030299007815926,106
9450000,37900.00000588624,-517158.6421694746,301.5603636912559,1.024724768637744,106
9455000,37920.00000589032,-516958.66043932596,297.95492237669015,1.0267240547993677,106
9460000,37940.00000589439,-517298.0869947681,299.14582499565347,1.0299429236037358,106
9465000,37960.000005898466,-518579.9935132512,299.7031694007941,1.0283524498774703,106
9470000,37980.00000590254,-517239.22989951307,298.72359086417237,1.0266880513742318,106
9475000,38000.000005906615,-516863.0356918331,302.7952189210516,1.0244145601509314,106
9480000,38020.00000591069,-517226.18165822816,298.254449609055,1.027458152840354,106
9485000,38040.000005914764,-518206.17209164286,302.13744173482246,1.0284031162451925,106
9490000,38060.00000591884,-518466.3620266237,299.7338725421852,1.0272446750708635,106
9495000,38080.00000592291,-517587.76548453793,300.68598453667784,1.0286708966202414,106
9500000,38100.00000592699,-516805.13567287964,300.8012836037732,1.023340708391555,106
9505000,38120.00000593106,-517185.6170372607,303.329039284076,1.0277370376635013,106
9510000,38140.00000593514,-517394.9812715049,300.9500684243351,1.0266526591694831,106
9515000,38160.00000593921,-517267.092976297,299.5729772534823,1.0201696208243214,106
9520000,38180.000005943286,-517226.34174249973,298.43523519000655,1.0259303387852141,106
9525000,38200.00000594736,-518546.0706075202,302.9586111383186,1.032109868750699,106
9530000,38220.000005951435,-517783.5584009229,299.8587806270476,1.0286625292764497,106
9535000,38240.00000595551,-516291.7071722597,301.68023742717253,1.0263295414373115,106
9540000,38260.000005959584,-517074.79053126974,300.969273725881,1.025236057678096,106
9545000,38280.00000596366,-516605.08500408614,298.05018881710066,1.024245609944153,106
9550000,38300.00000596773,-517162.8129381845,299.611165452831,1.024282710045424,106
9555000,38320.00000597181,-517067.3358776744,298.3446138002888,1.028830260046869,106
9560000,38340.00000597588,-517993.28703534324,300.36699844405024,1.0279866922507872,106
9565000,38360.00000597996,-516429.62967542023,301.3668295679677,1.0254288197957464,106
9570000,38380.00000598403,-517360.06073314836,301.00318544597934,1.0283184318071348,106
9575000,38400.000005988106,-517140.6465233569,298.8052755756132,1.0254067145439982,106
9580000,38420.00000599218,-517288.354828903,304.33665281941205,1.0266686735286343,106
9585000,38440.000005996255,-517200.1484561784,300.4132075473235,1.0271390182295965,106
9590000,38460.00000600033,-517597.25407674094,303.51913893061294,1.0290278361731393,106
9595000,38480.000006004404,-516469.96274032583,298.8222715216687,1.020942164592599,106
9600000,38500.00000600848,-516711.94027287373,301.5182168679875,1.0280429528684274,106
9605000,38520.00000601255,-517156.4182518611,302.2633217376774,1.0309371987457103,106
9610000,38540.00000601663,-516743.09249177016,303.1682449000028,1.0264254507841089,106
9615000,38560.0000060207,-517610.17676733364,299.8819282381793,1.0283919853181323,106
9620000,38580.00000602478,-516186.1527062084,302.82594048592443,1.0287584551247728,106
9625000,38600.00000602885,-518141.2521962181,300.3962585961522,1.0272994272905989,106
9630000,38620.000006032926,-516924.7066718738,300.8368219822045,1.025138130235797,106
9635000,38640.000006037,-517550.97682185983,299.72658975760186,1.0286269188849828,106
9640000,38660.000006041075,-516874.95843069395,301.1500283073772,1.0248618331587447,106
9645000,38680.00000604515,-517206.56318726554,303.2916934846989,1.0245654781046398,106
9650000,38700.000006049224,-515954.01330200885,298.9157179104374,1.022336216356729,106
9655000,38720.0000060533,-516733.9029913801,303.4704319016753,1.0254677605819402,106
9660000,38740.00000605737,-517956.7464638131,300.4455964944241,1.0300892284742178,106
9665000,38760.00000606145,-516800.7168366045,301.08831877611334,1.0253862835404035,106
9670000,38780.00000606552,-518661.199861886,300.41792191505425,1.0257480003101673,106
9675000,38800.0000060696,-517137.9504472879,302.44585085021754,1.0300590328331685,106
9680000,38820.00000607367,-516644.3989287403,300.1820136587621,1.02642535137148,106
9685000,38840.000006077746,-516358.59060299234,300.8689895150388,1.0280516348268434,106
9690000,38860.00000608182,-515491.48344294657,301.9875174371807,1.0226381354971026,106
9695000,38880.000006085895,-516087.8077972501,300.00544754420406,1.0279916679840628,106
9700000,38900.00000608997,-517740.8002485221,299.11673377097804,1.0269605157888475,106
9705000,38920.000006094044,-517169.4100989767,301.39632512609904,1.0273394576599597,106
9710000,38940.00000609812,-516867.8170193585,300.86127766035486,1.024659052131495,106
9715000,38960.00000610219,-518240.3450512532,298.5308449692981,1.0318045448220878,106
9720000,38980.00000610627,-516968.6691941833,301.88057682222694,1.025237568430467,106
9725000,39000.00000611034,-517558.5279933801,297.65157582045117,1.0220494382803704,106
9730000,39020.00000611442,-515367.8266213953,303.9888981419629,1.0247876537389566,106
9735000,39040.00000611849,-516469.590501647,300.59214564618225,1.0245078292191798,106
9740000,39060.000006122566,-516878.9205989437,300.5774265059792,1.0294552374639947,106
9745000,39080.00000612664,-515828.7884240551,299.41862803478637,1.0246332756700527,106
9750000,39100.000006130715,-516300.27738402877,302.9445769374184,1.0242916805246451,106
9755000,39120.00000613479,-516874.3562332259,301.10699420822544,1.0279034748712441,106
9760000,39140.000006138864,-516684.4363757924,301.9182074551795,1.0243714132301953,106
9765000,39160.00000614294,-516623.5275934348,298.9217580159171,1.025579689322542,106
9770000,39180.00000614701,-517209.2338085971,300.84170634559297,1.025603857439324,106
9775000,39200.00000615109,-517093.4801542377,300.03702923465374,1.0250530937583389,106
9780000,39220.00000615516,-517958.0131141001,302.99912214439644,1.0260138868132938,106
9785000,39240.00000615924,-515831.54129673843,300.4965764070406,1.0272269136176715,106
9790000,39260.00000616331,-517014.71005645464,301.8478613560717,1.0282926266603352,106
9795000,39280.000006167385,-516289.3240827166,300.86545725783077,1.0273836293680263,106
9800000,39300.00000617146,-518049.735367568,302.36381563870214,1.029644640109639,106
9805000,39320.000006175535,-516372.8467958702,299.27135000084286,1.026787413254691,106
9810000,39340.00000617961,-517336.3601760366,302.8579090533938,1.0257469476921433,106
9815000,39360.00000618368,-516441.97990399133,295.812643121404,1.0225097577513766,106
9820000,39380.00000618776,-517293.32748320885,302.10808017708126,1.023514092319149,106
9825000,39400.00000619183,-516549.52027953044,301.54605017629956,1.0255694849220984,106
9830000,39420.00000619591,-516720.90198527696,300.0719488812969,1.0236115110920951,106
9835000,39440.00000619998,-516461.49636730645,300.9984637256737,1.025960532813189,106
9840000,39460.000006204056,-517275.9750510063,301.6991384288731,1.0268990675159926,106
9845000,39480.00000620813,-517689.3732969251,302.7522600077582,1.0259532775568152,106
9850000,39500.000006212205,-516975.5691636563,301.7490929003935,1.0235364797239541,106
9855000,39520.00000621628,-516967.50531035615,301.68555741588096,1.029674984504413,106
9860000,39540.000006220354,-518002.07515524863,300.31678545436085,1.0292877907771485,106
9865000,39560.00000622443,-516687.33226267574,299.3383412804318,1.0283007855703097,106
9870000,39580.0000062285,-517657.7571396723,299.6359749484142,1.024713400265323,106
9875000,39600.00000623258,-516208.83336070366,302.8065185081565,1.0280340397722,106
9880000,39620.00000623665,-517965.59897400625,302.08327929180797,1.0276486176390796,106
9885000,39640.00000624073,-516789.69155886373,299.1364402320035,1.0291583575758874,106
9890000,39660.0000062448,-517880.78588919714,302.64845958815124,1.0239079860924707,106
9895000,39680.000006248876,-517548.7035266985,304.1085329087358,1.028019631055204,106
9900000,39700.00000625295,-516561.8694199857,297.5562715725195,1.030556999152663,106
9905000,39720.000006257025,-517636.9915225848,299.6814638460757,1.0259634744269297,106
9910000,39740.0000062611,-515988.9097264868,299.0801058144608,1.0274400062977034,106
9915000,39760.000006265174,-517308.04662945797,302.30243812923953,1.0259674422344698,106
9920000,39780.00000626925,-517056.5385361137,302.04008111161204,1.0263615804691983,106
9925000,39800.00000627332,-516371.49843414547,300.16146249114155,1.0231284736502568,106
9930000,39820.0000062774,-517203.351037774,299.5122682939305,1.0302135122140557,106
9935000,39840.00000628147,-516182.0525429144,301.7643589287593,1.0282361004289748,106
9940000,39860.00000628555,-517034.0826104833,301.92903574140877,1.028611190088724,106
9945000,39880.00000628962,-517976.88094927487,300.1927722691806,1.0273895087599962,106
9950000,39900.000006293696,-517212.24399285484,302.0784368535093,1.024637136506268,106
9955000,39920.00000629777,-515923.35581093095,300.45512942481685,1.0235006916400868,106
9960000,39940.000006301845,-515212.840840213,300.5730370579634,1.0249973183438599,106
9965000,39960.00000630592,-516449.646038095,299.7236010862344,1.0241625902286728,106
9970000,39980.000006309994,-517125.85400765855,301.0125321365515,1.0277494270003626,106
9975000,40000.00000631407,-516433.1714787623,303.58098765350644,1.0276195204459226,106
9980000,40020.00000631814,-516677.53306259704,302.86731826849234,1.0295134394908085,106
9985000,40040.00000632222,-515706.47515486274,301.26024912830667,1.027751814745337,106
9990000,40060.00000632629,-516726.10417576367,301.20351942581215,1.0280260331410211,106
9995000,40080.00000633037,-516539.0138612278,300.4385081458629,1.0259404492064677,106
10000000,40100.00000633444,-516963.61454160884,300.12407113721696,1.026119926104698,106
10005000,40120.000006338516,-516239.10321665416,301.97229885716683,1.0210728198950185,106
10010000,40140.00000634259,-516854.8450059346,299.10318644404066,1.0240451657462941,106
10015000,40160.000006346665,-517741.70070682187,300.1506927962512,1.0300402866987102,106
10020000,40180.00000635074,-516942.1892788594,303.4369108152701,1.0273820557486666,106
10025000,40200.000006354814,-518854.2098306834,300.66711843015145,1.0272215621968044,106
10030000,40220.00000635889,-517206.4563489177,302.6827754230507,1.0259707945659524,106
10035000,40240.00000636296,-516844.5682094344,302.7157115736287,1.0260823282583271,106
10040000,40260.00000636704,-516068.72822339577,301.9397535029807,1.02882204631695,106
10045000,40280.00000637111,-517162.54743869253,302.1523310363474,1.0292577508913507,106
10050000,40300.00000637519,-518704.61739759194,302.3648523368414,1.0219778686560528,106
10055000,40320.00000637926,-516829.2986470128,301.34243497070196,1.0297948234073473,106
10060000,40340.000006383336,-516597.17821673374,299.8721881475559,1.0250990243534814,106
10065000,40360.00000638741,-517828.41160051455,300.1537264761323,1.0250714959083602,106
10070000,40380.000006391485,-517086.0961565967,302.0387096702596,1.0226943344052428,106
10075000,40400.00000639556,-516890.48244284233,302.21620773852817,1.029196980174328,106
10080000,40420.000006399634,-516491.60597368656,301.5466950668222,1.0245635584426884,106
10085000,40440.00000640371,-517374.62579611107,299.20135514400874,1.0251143103667832,106
10090000,40460.00000640778,-516663.34829397243,299.93091284036285,1.022198509223211,106
10095000,40480.00000641186,-516472.5136553538,299.0092788912598,1.026336901487396,106
10100000,40500.00000641593,-517380.20680474094,302.1682796012274,1.0302567534843508,106
10105000,40520.00000642001,-516333.9405736241,300.81759485053635,1.026936647084179,106
10110000,40540.00000642408,-518688.1237223514,301.130266075519,1.025552580788914,106
10115000,40560.000006428156,-516271.26828691736,300.18903288974894,1.0308161041125525,106
10120000,40580.00000643223,-516811.36734806956,301.01354519840015,1.0260622061041276,106
10125000,40600.000006436305,-516222.9864432893,301.5822784754252,1.0298121359422712,106
10130000,40620.00000644038,-516279.06993421935,302.798812029527,1.0240806940531426,106
10135000,40640.000006444454,-518484.3857710238,298.70681336868535,1.0268576241631109,106
10140000,40660.00000644853,-518406.1697702054,300.83295548324185,1.02881592047529,106
10145000,40680.0000064526,-516808.0453353287,302.23482712008445,1.0284792112805656,106
10150000,40700.00000645668,-517846.0014568316,300.8111343634603,1.029282261696121,106
10155000,40720.00000646075,-516693.65818645176,301.5931371651875,1.0312784827749313,106
10160000,40740.00000646483,-517003.2119412187,300.042526493931,1.0236846738688383,106
10165000,40760.0000064689,-516219.89561315184,301.8339627469667,1.0268990437633263,106
10170000,40780.000006472976,-515758.96267046896,300.8734973210323,1.0237810413990787,106
10175000,40800.00000647705,-517852.2745974653,299.8416781103429,1.0298119147256273,106
10180000,40820.000006481125,-517936.33819056116,299.59186296546625,1.0291253792343473,106
10185000,40840.0000064852,-516726.49821435474,302.18412992825233,1.0249973256968528,106
10190000,40860.000006489274,-515966.98965816223,300.8950537165826,1.0276333975275787,106
10195000,40880.00000649335,-515955.0581946701,301.88881771331955,1.0216224488285255,106
10200000,40900.00000649742,-517926.416934456,299.0583090966362,1.0287705374262635,106
10205000,40920.0000065015,-518008.2044217386,302.30216618350414,1.026553864415581,106
10190000,40860.000006489274,-518251.3922522906,302.1636285865003,1.0281907819981753,--
10195000,40880.00000649335,-516265.1676463017,302.5752519190258,1.0259257600316578,107
10200000,40900.00000649742,-515196.0642288402,299.9455235179965,1.0177234515612936,107
10205000,40920.0000065015,-515740.87401241204,299.97423731677594,1.0215616778845122,107
10210000,40940.00000650557,-517715.30695084203,302.07150139585286,1.032750053424914,106
10215000,40960.00000650965,-517207.9772695382,299.7679921004416,1.0317557480975064,106
10220000,40980.00000651372,-516500.3229549986,300.7956243040843,1.0223055891095167,106
10225000,41000.000006517796,-516097.61634572945,301.03052914051864,1.0267977825512824,106
10230000,41020.00000652187,-518017.91323039494,300.35539492293816,1.0295605999974582,106
10235000,41040.000006525945,-516285.7778540265,298.14525796234517,1.0246375502218816,106
10240000,41060.00000653002,-517356.2947960277,299.38594710528685,1.0265176353665413,106
10245000,41080.000006534094,-516061.1912867769,301.8003025234257,1.0271820693974942,106
10250000,41100.00000653817,-518599.3437013852,298.29438475604104,1.0298570251079386,106
10255000,41120.00000654224,-517709.17094211443,300.74721159451457,1.030835960869775,106
10260000,41140.00000654632,-517333.0903045761,300.0748011339282,1.0275250907971054,106
10265000,41160.00000655039,-517172.2163045581,301.4041199146695,1.0262313940851604,106
10270000,41180.00000655447,-517420.41751386854,299.39512483308766,1.0267530544434622,106
10275000,41200.00000655854,-517359.75675593223,300.95634705855394,1.0262191534015783,106
10280000,41220.000006562615,-517895.2968150375,301.79279200107794,1.0293871366507155,106
10285000,41240.00000656669,-516696.76405160525,302.9042252557902,1.0263995257611194,106
10290000,41260.000006570765,-516797.5241047463,302.4629950616175,1.0231894642518746,106
10295000,41280.00000657484,-515765.32693802053,300.09697179108343,1.0293974355218276,106
10300000,41300.00000657891,-516528.244937293,301.72358710861806,1.025405450997555,106
10305000,41320.00000658299,-515965.30193233164,301.2499568151409,1.024561412956332,106
10310000,41340.00000658706,-516700.04197585117,302.48565717041583,1.0240546139452933,106
10315000,41360.00000659114,-517128.82767389226,302.55267958975975,1.0285547705069564,106
10320000,41380.00000659521,-517676.3153182531,303.5075675859637,1.0283955321027551,106
10325000,41400.000006599286,-516741.6514186142,303.2335100013709,1.0246003800346635,106
10330000,41420.00000660336,-517461.4234236521,303.26551904246014,1.0286700019302615,106
10335000,41440.000006607435,-516658.0961446315,299.4749534572393,1.0232158932888955,106
10340000,41460.00000661151,-517141.0647276065,297.2586993984437,1.0296530033136198,106
10345000,41480.000006615584,-516300.7226442259,301.32303571545344,1.0258910075581231,106
10350000,41500.00000661966,-517322.1571768606,300.0348245858602,1.0271863405046096,106
10355000,41520.00000662373,-518771.6131583273,300.0441311788003,1.0297292038828902,106
10360000,41540.00000662781,-517489.46853433247,301.5803215774392,1.0273060048711868,106
10365000,41560.00000663188,-518211.75366063556,302.30457950403985,1.0257990633719283,106
10370000,41580.00000663596,-516095.43112776196,301.83844656572916,1.0272871485827824,105
10375000,41600.00000664003,-516252.2711292831,298.7599796555367,1.0249112129791458,105
10380000,41620.000006644106,-516615.9657847481,301.4862898181092,1.0249889107925467,105
10385000,41640.00000664818,-518145.4583453839,300.10784159945507,1.028145117296367,105
10390000,41660.000006652255,-516760.050494527,300.2051921693603,1.0261006934160255,105
10395000,41680.00000665633,-516041.7826390646,302.3018180554766,1.0235069627191478,105
10400000,41700.000006660404,-516378.2658861114,300.72936049777326,1.0246427175112192,105
10405000,41720.00000666448,-515728.77729887376,299.9417497937394,1.0214506074321896,105
10410000,41740.00000666855,-518216.8903665799,302.75578415988053,1.0285994357867319,105
10415000,41760.00000667263,-517552.33068562066,301.0935448911855,1.0270680498044729,105
10420000,41780.0000066767,-516939.45198946004,303.1309918999644,1.0238673439979546,105
10425000,41800.00000668078,-517494.82983362186,303.88121388026406,1.0274592900552726,105
10430000,41820.00000668485,-515869.9708624361,302.8744876411244,1.0243046475580326,105
10435000,41840.000006688926,-517320.6933197207,301.32385965918985,1.0253843108720175,105
10440000,41860.000006693,-516957.798682468,302.20818795116065,1.0250065751639608,105
10445000,41880.000006697075,-516827.1129477755,301.9514484049388,1.0285502506538835,105
10450000,41900.00000670115,-517229.99113698397,304.20355945138124,1.028449861579676,105
10455000,41920.000006705224,-516288.1616121263,302.2669633577125,1.0250851706710984,105
10460000,41940.0000067093,-516415.7151135674,298.65990801237524,1.0257620440697095,105
10465000,41960.00000671337,-517082.12243311363,300.4168867558835,1.023371613472034,105
10470000,41980.00000671745,-516438.21819960116,299.97758360808086,1.022873027220477,105
10475000,42000.00000672152,-517426.3810254284,301.541150832006,1.0238370853543162,105
10480000,42020.0000067256,-516503.39806759055,299.2441530017047,1.024035219864031,105
10485000,42040.00000672967,-516986.2962038326,301.5782374929505,1.0273196505309292,105
10490000,42060.000006733746,-518155.8724585045,301.36867056351446,1.02447638989857,105
10495000,42080.00000673782,-517305.6249188988,298.7640919035883,1.0310186593086104,105
10500000,42100.000006741895,-517404.2598230785,300.3555138827634,1.026582772004137,105
10505000,42120.00000674597,-517124.92959963623,300.1590018632045,1.0269797205440603,105
10510000,42140.000006750044,-517764.93240042054,299.28170264695456,1.0253701362503065,105
10515000,42160.00000675412,-517346.85089775245,300.98540003994486,1.0309904020849774,105
10520000,42180.00000675819,-516983.99489628477,302.3205765715382,1.0240995703739142,105
10525000,42200.00000676227,-516328.8959283887,300.2616151418351,1.0232588063431547,105
10530000,42220.00000676634,-515951.5377025129,301.8913724062284,1.0273320114026347,105
10535000,42240.00000677042,-516801.7261832466,302.5579794904507,1.0266141074741717,105
10540000,42260.00000677449,-516829.66592956334,300.26610146877897,1.028112758070308,105
10545000,42280.000006778566,-517833.57912751357,301.1762955773347,1.0324411335357435,105
10550000,42300.00000678264,-516706.19213994173,302.0655392355946,1.02445648786841,105
10555000,42320.000006786715,-516792.31705018715,302.89160245354066,1.0293130508064015,105
10560000,42340.00000679079,-517120.4341746557,299.6898769911797,1.0276503495227134,105
10565000,42360.000006794864,-517640.43921140675,300.236563299496,1.0256222277669385,105
10570000,42380.00000679894,-517637.11778403237,299.27728117696836,1.0330876067514816,105
10575000,42400.00000680301,-516407.01005517575,301.6716959519597,1.0273772801577727,105
10580000,42420.00000680709,-516549.2565578702,302.1263470164823,1.0269052563458998,105
10585000,42440.00000681116,-518253.1850017719,299.033869820295,1.0264281935088875,105
10590000,42460.00000681524,-517284.1616839187,301.4038686604063,1.0294130332136402,105
10595000,42480.00000681931,-517974.7025468112,300.0134109699823,1.0269790643361718,105
10600000,42500.000006823386,-517232.21573143126,302.2355543787373,1.0290266553745158,105
10605000,42520.00000682746,-517146.02150745364,299.41736581659563,1.0291993678082227,105
10610000,42540.000006831535,-517620.7662969334,300.0374891687116,1.0301541702524246,105
10615000,42560.00000683561,-518172.6121534633,301.2261677495073,1.02840909093845,105
10620000,42580.000006839684,-517555.13165579387,302.5826608748259,1.0243538035940185,105
10625000,42600.00000684376,-517169.93153895857,299.8616761841419,1.0293774509583626,105
10630000,42620.00000684783,-516264.61008803826,300.13795833734025,1.02715312102772,105
10635000,42640.00000685191,-517411.52147495025,302.8403879668827,1.0309170645164591,105
10640000,42660.00000685598,-518869.59893780015,298.7604483983958,1.0297245137360982,105
10645000,42680.00000686006,-517510.8397211998,303.68002417344877,1.027337790298263,105
10650000,42700.00000686413,-517296.83527503046,301.9231349284946,1.0269641865649406,105
10655000,42720.000006868206,-517050.3573762609,301.10368603326475,1.02655599533785,105
10660000,42740.00000687228,-516947.7785271993,298.71136014645083,1.0264451921220163,105
10665000,42760.000006876355,-515938.02093256824,300.7863171566387,1.0229160717936008,105
10670000,42780.00000688043,-517061.04292750964,301.82503677237395,1.0255781093138345,105
10675000,42800.000006884504,-516106.2011662186,300.23522308762205,1.0273195002900624,105
10680000,42820.00000688858,-517153.2840261436,299.51528391426024,1.0254399298110344,105
10685000,42840.00000689265,-517954.3616006833,301.31743348534417,1.0278874900107138,105
10690000,42860.00000689673,-516953.02002081764,302.78307739465987,1.0274326803083127,105
10695000,42880.0000069008,-518140.42948380136,299.6668714658562,1.0293032492148535,105
10700000,42900.00000690488,-519127.72466959874,300.0175119843644,1.0331614309279546,105
10705000,42920.00000690895,-517699.15791949374,301.0692745076304,1.0274080597487598,105
10710000,42940.000006913026,-516352.2163124082,301.4474919312085,1.0259280790960847,105
10715000,42960.0000069171,-516388.83017686405,300.1070198169192,1.0280972796574537,105
10720000,42980.000006921175,-518535.3608776047,303.12366253468724,1.0318667885263533,105
10725000,43000.00000692525,-517683.3268983029,301.02425727624734,1.0292939574137527,105
10730000,43020.000006929324,-518224.41948852525,300.2218561275175,1.0280948590934988,105
10735000,43040.0000069334,-516376.207084354,299.2385571730229,1.0228779851455765,105
10740000,43060.00000693747,-517527.12003809516,302.3241442936977,1.0285553166027959,105
10745000,43080.00000694155,-517939.4914308628,300.0904023889675,1.0277944027299983,105
10750000,43100.00000694562,-518260.69017674844,300.93865685510764,1.028094698168273,105
10755000,43120.0000069497,-517523.90742720035,303.3627240479239,1.0255522294184498,105
10760000,43140.00000695377,-516656.408033401,301.3369392487492,1.0207490349698811,105
10765000,43160.000006957845,-516913.86902572843,298.8185837381879,1.0212963797377397,105
10770000,43180.00000696192,-516151.5533678867,304.00912574112493,1.0261341329526006,105
10775000,43200.000006965995,-517855.01453263196,303.6558768936199,1.0298949335577718,105
10780000,43220.00000697007,-517518.70912801777,301.44732570033574,1.0248173995602317,105
10785000,43240.00000697414,-516064.0769159249,301.0326736871429,1.0280701719039427,105
10790000,43260.00000697822,-515790.8283552113,304.0831065130101,1.0226311503946914,105
10795000,43280.00000698229,-518430.7687048747,301.4312108933741,1.0276990175866898,105
10800000,43300.00000698637,-517032.498794904,298.1761083869348,1.0265139063417061,105
10805000,43320.00000699044,-517262.42428406724,301.2592543248686,1.0260209483903815,105
10810000,43340.000006994516,-517489.0300243513,299.38117354004856,1.0302840299058216,105
10815000,43360.00000699859,-517887.5307288475,297.3160117233332,1.0225766041487687,105
10820000,43380.000007002665,-516837.4304772918,300.17727594857456,1.0244716955477668,105
10825000,43400.00000700674,-516295.60939543135,302.57552384104616,1.027443550632482,105
10830000,43420.000007010814,-517033.5744713603,301.0799520176832,1.0305279550020614,105
10835000,43440.00000701489,-516511.3772488588,299.5087883631212,1.0261058677259456,105
10840000,43460.00000701896,-517698.826765151,302.0256732297632,1.0251732704240057,105
10845000,43480.00000702304,-516080.22266640095,300.9095231968078,1.0241662988865268,105
10850000,43500.00000702711,-517416.9173881281,299.8818385515272,1.021833987706751,105
10855000,43520.00000703119,-517461.1492224969,302.44919294497834,1.0283659557908378,105
10860000,43540.00000703526,-516368.383212483,301.37344579098294,1.0277253230375365,105
10865000,43560.000007039336,-518055.9936021054,302.30674312027884,1.028625608534237,105
10870000,43580.00000704341,-516714.8721145124,301.97696679168246,1.0227270866883904,105
10875000,43600.000007047485,-516760.6235969546,303.2667610195096,1.0310987279613757,105
10880000,43620.00000705156,-517807.77432990866,301.43942795061736,1.0262430449811482,105
10885000,43640.000007055634,-516559.87385117286,302.9067671652286,1.0255838499058962,105
10890000,43660.00000705971,-517343.49712982867,302.7063545384812,1.023053747697188,105
10895000,43680.00000706378,-516943.4556582493,303.2374210563792,1.0294677020843637,105
10900000,43700.00000706786,-517110.7441523771,301.72322083020003,1.0281717878555012,105
10905000,43720.00000707193,-517062.17962401453,302.50624571127815,1.0260367841610625,105
10910000,43740.00000707601,-516618.13159982767,300.9597270867484,1.0313122002468817,105
10915000,43760.00000708008,-516721.1104108859,298.68108136238027,1.0283875430009533,105
10920000,43780.000007084156,-516742.46216016845,302.31605394206866,1.0251171045025564,105
10925000,43800.00000708823,-516339.0020703715,302.01310809253454,1.0254426542315949,105
10930000,43820.000007092305,-517263.4025771471,301.85942408421005,1.0265944817624222,105
10935000,43840.00000709638,-516950.1008794147,301.24029603613945,1.0245005838203463,105
10940000,43860.000007100454,-517631.10088398913,302.625700302148,1.0292305705744969,105
10945000,43880.00000710453,-517724.86198371067,301.4819433289406,1.0282837907721956,105
10950000,43900.0000071086,-518548.8567097825,298.30458378746687,1.0283967895907198,105
10955000,43920.00000711268,-516738.9045580658,300.7876543432977,1.0292889590979035,105
10960000,43940.00000711675,-517376.06169726304,301.88842530775264,1.0277714080266331,105
10965000,43960.00000712083,-517612.33926847694,300.5146298837546,1.0276281604555755,105
10970000,43980.0000071249,-517607.36994335917,300.50405488729564,1.0268534800190323,105
10975000,44000.000007128976,-518758.065593706,303.03396280901126,1.026596211161381,105
10980000,44020.00000713305,-517659.36670519947,299.4703732059682,1.024516019098343,105
10985000,44040.000007137125,-517782.9856544838,300.45600616703314,1.0232366148163807,105
10990000,44060.0000071412,-517964.003271844,302.9269207882293,1.0263054142178836,105
10995000,44080.000007145274,-518638.51665116777,302.92018280974037,1.0300785866531117,105
11000000,44100.00000714935,-516681.94777655904,303.4830223872197,1.028294719009842,105
11005000,44120.00000715342,-516209.58259161655,298.5746309423074,1.027809050003019,105
11010000,44140.0000071575,-517112.9836829244,300.57088413814745,1.034183145163778,105
11015000,44160.00000716157,-518120.2331693913,299.61815529292693,1.0295684710556794,105
11020000,44180.00000716565,-517321.34360947297,303.5656550739667,1.0300710028382094,105
11025000,44200.00000716972,-516463.9889626424,299.7364956861164,1.0287948085002538,105
11030000,44220.000007173796,-517941.49015796836,299.81703302201254,1.0295683153999298,105
11035000,44240.00000717787,-517591.5043279738,299.44025780568825,1.02642929228237,105
11040000,44260.000007181945,-516431.83639062755,299.3034981662013,1.0261617054316883,105
11045000,44280.00000718602,-516676.5179539509,300.9944086715545,1.026183477228682,105
11050000,44300.000007190094,-517440.14642190957,304.3667550868059,1.025600563984292,105
11055000,44320.00000719417,-517137.0560982153,299.06973618345774,1.0304427241355087,105
11060000,44340.00000719824,-517265.99626446026,300.4793986196829,1.0291617579524035,105
11065000,44360.00000720232,-516931.36605566577,302.28732058395065,1.02875271862082,105
11070000,44380.00000720639,-517047.0725902361,302.4577678725983,1.023329419066331,105
11075000,44400.00000721047,-517998.314209617,303.6517499605284,1.0269504969576968,105
11080000,44420.00000721454,-517433.78752710973,301.07363838160575,1.0269006449740814,105
11085000,44440.000007218616,-517060.87941568415,301.8014842991163,1.028860904571938,105
11090000,44460.00000722269,-516666.3776326289,301.2520441632608,1.024941387811887,105
11095000,44480.000007226765,-516317.6194790818,302.44138767730647,1.024596438424359,105
11100000,44500.00000723084,-516953.41483791824,299.5799408401918,1.024227587475629,105
11105000,44520.000007234914,-516808.57640449493,300.3862230249784,1.0235542000204831,105
11110000,44540.00000723899,-516478.9684634621,303.27700500136535,1.0258584402246438,105
11115000,44560.00000724306,-516576.16621147003,301.14315998601114,1.0265755022632024,105
11120000,44580.00000724714,-517257.019784932,300.91367788995325,1.0247788518810939,105
11125000,44600.00000725121,-515816.6983109447,303.11906085672007,1.0256261096239934,105
11130000,44620.00000725529,-517349.61517469934,305.3657735467722,1.0248949035595094,105
11135000,44640.00000725936,-517105.55752500053,299.7723078940062,1.0266032177894269,105
11140000,44660.000007263436,-516838.9673433711,301.6438540554017,1.0263529576785038,105
11145000,44680.00000726751,-517378.85945441504,299.70481387417493,1.0296012338111025,105
11150000,44700.000007271585,-517275.3346130275,300.900602785803,1.0246672865817095,105
11155000,44720.00000727566,-516978.468566241,302.9708296215174,1.0272717827397,105
11160000,44740.000007279734,-516666.45878003514,302.5690921207622,1.0266455414612774,105
11165000,44760.00000728381,-516572.60619020043,300.5306553269771,1.0260857390537383,105
11170000,44780.00000728788,-517035.78147508204,301.533934712082,1.025000945872045,105
11175000,44800.00000729196,-516578.57507228456,301.81581621404524,1.0310937190504663,105
11180000,44820.00000729603,-516984.17186558247,303.4235234489735,1.0237032300172617,105
11185000,44840.00000730011,-516415.0238729506,299.5838168780052,1.0284815457728613,105
11190000,44860.00000730418,-516750.6442858486,298.7018524651383,1.0265852186198257,105
11195000,44880.000007308256,-517622.198386515,303.62480134762313,1.026920401243874,105
11200000,44900.00000731233,-518087.8800105576,302.1866405496214,1.031949847679282,105
11205000,44920.000007316405,-517646.2009034343,303.0465579488715,1.0252958061476491,105
11210000,44940.00000732048,-516304.2317328162,302.8705906653024,1.0278379806222198,105
11215000,44960.000007324554,-518396.94204010745,302.9267186017531,1.0299063407125075,105
11220000,44980.00000732863,-517684.3277271704,302.3487172752143,1.0270396305351415,105
11225000,45000.0000073327,-516885.9268343011,299.9608147290059,1.028626254338251,105
11230000,45020.00000733678,-516936.78298255685,303.2678818148836,1.024929565514144,105
11235000,45040.00000734085,-517782.1405865995,299.78423202435465,1.026415026126902,105
11240000,45060.00000734493,-517324.74900593795,300.3474331214067,1.0228984380872697,105
11245000,45080.000007349,-516834.82783448836,298.9306183425709,1.0254798016105786,105
11250000,45100.000007353075,-516363.5843207822,299.25705341472315,1.028060950224908,105
11255000,45120.00000735715,-516992.45792055153,304.156889294906,1.0274196302057867,105
11260000,45140.000007361225,-517156.0367695759,300.89494691564977,1.0255394581712771,105
11265000,45160.0000073653,-517269.9346705605,300.13061911964456,1.0292353555787053,105
11270000,45180.00000736937,-516599.3360946798,298.65557817481135,1.0296774986221509,105
11275000,45200.00000737345,-517226.3719765849,299.7675709862284,1.0272059908919866,105
11280000,45220.00000737752,-516677.623175594,301.47758571857537,1.028374045155266,105
11285000,45240.0000073816,-517530.1394959409,302.5558181754958,1.0271423108013287,105
11290000,45260.00000738567,-517895.0611648599,300.4679498479867,1.02801735392277,105
11295000,45280.000007389746,-517879.1380288454,301.7590759134354,1.027385563741343,105
11300000,45300.00000739382,-516204.8170423729,299.11649868510654,1.0266329561706085,105
11305000,45320.000007397895,-516856.3210487531,299.9662250354162,1.0253447286937045,105
11310000,45340.00000740197,-518041.72306916607,301.32218728948806,1.0291266341048566,105
11315000,45360.000007406044,-517156.9073259523,299.9331309030649,1.0210193631960929,105
11320000,45380.00000741012,-517249.49958695984,301.58740621552425,1.0273595106721003,105
11325000,45400.00000741419,-516875.0078021069,300.69647140975945,1.0295816497979835,105
11330000,45420.00000741827,-517180.06678699283,299.7923025103668,1.0248129020622163,105
11335000,45440.00000742234,-519121.7991757854,298.9102480658213,1.0338474736590315,105
11340000,45460.00000742642,-517093.5793593682,300.9108316974668,1.0215946444283441,105
11345000,45480.00000743049,-515749.9228710034,300.35533745610616,1.0230704154207482,105
11350000,45500.000007434566,-517767.6062260433,300.5139480114307,1.0232544516848414,105
11355000,45520.00000743864,-516026.3616631611,300.95489991344857,1.028052544285273,105
11360000,45540.000007442715,-516577.3585620539,300.56641199686766,1.0242567197555916,105
11365000,45560.00000744679,-516948.59099292895,301.92160818160573,1.025497870609255,105
11370000,45580.000007450864,-517522.36332081025,302.5121411291667,1.0263061296473903,105
11375000,45600.00000745494,-517799.33189210505,300.41577401203875,1.027765957557598,105
11380000,45620.00000745901,-517547.11836495367,299.99630535257984,1.0262871545991754,105
11385000,45640.00000746309,-516767.1827255287,300.85248756363893,1.0252419898452276,105
11390000,45660.00000746716,-515619.5849574893,301.1502379684637,1.0231044521619594,105
11395000,45680.00000747124,-516962.80961120874,299.87469683596737,1.0303510313983537,105
11400000,45700.00000747531,-518593.05434469413,301.1076999341148,1.0294600779754728,105
11405000,45720.000007479386,-517076.7391791027,301.62045474204825,1.029506683979073,105
11410000,45740.00000748346,-517527.070334655,300.9228557267276,1.0260370957679363,105
11415000,45760.000007487535,-515765.69619721756,303.99571944751386,1.0283595457755994,105
11420000,45780.00000749161,-517015.1509362159,299.535974105562,1.0255859975849542,105
11425000,45800.000007495684,-515531.8805559403,301.5975840701322,1.022892340335587,105
11430000,45820.00000749976,-517225.63755094004,302.07481544538143,1.0294620331726538,105
11435000,45840.00000750383,-517196.32730989344,297.6963756612647,1.0255314592760656,105
11440000,45860.00000750791,-516893.0968422645,301.7037397248803,1.02514343225557,105
11445000,45880.00000751198,-517151.31004563486,299.969232845693,1.0272830525099677,105
11450000,45900.00000751606,-517979.96320039895,300.7474142350004,1.0279117049083772,105
11455000,45920.00000752013,-515891.151908739,301.5586503537432,1.0252539059026666,105
11460000,45940.000007524206,-516808.7799534707,304.24033930719065,1.027352611063796,105
11465000,45960.00000752828,-515628.41282451316,301.8950339721734,1.0241179613804912,105
11470000,45980.000007532355,-517133.1643130963,301.1757540986039,1.0271824503119438,105
11475000,46000.00000753643,-516907.62863798486,298.97254482707365,1.0240562113198595,105
11480000,46020.000007540504,-516563.40726766293,301.23319433309456,1.0268871009208134,105
11485000,46040.00000754458,-516905.22212260566,300.7596322525547,1.0273770091341812,105
11490000,46060.00000754865,-516887.432181807,302.68074015790427,1.0288775581986211,105
11495000,46080.00000755273,-516088.5681296217,301.16248557963945,1.0261857175283082,105
11500000,46100.0000075568,-516632.1770708484,304.17099487439947,1.02500289117766,105
11505000,46120.00000756088,-517668.0673610396,300.5126580452448,1.0317212423381334,105
11510000,46140.00000756495,-516980.0055173901,301.12825720189545,1.0290264045483692,105
11515000,46160.000007569026,-516468.01585981576,301.871007020406,1.0275033995185898,105
11520000,46180.0000075731,-516364.85335459304,301.1377173850477,1.0292363494584025,105
11525000,46200.000007577175,-517679.01725655096,301.7265167080875,1.0316535844667982,105
11530000,46220.00000758125,-516840.58826112817,297.5715161326348,1.023418646213736,105
11535000,46240.000007585324,-516935.88801163435,299.25329289628263,1.0266959498297363,105
11540000,46260.0000075894,-516575.4402405573,300.7685602430665,1.0272372246743242,105
11545000,46280.00000759347,-517060.6522071196,300.91097563877383,1.0268757978109355,105
11550000,46300.00000759755,-516574.8751270182,299.94665168243347,1.0304506746984055,105
11555000,46320.00000760162,-517481.8265015315,298.77838321778836,1.024586023829206,105
11560000,46340.0000076057,-516656.5674028704,302.83522808910783,1.0274270136555839,105
11565000,46360.00000760977,-516617.73727039667,301.59764412158046,1.0285389797970155,105
11570000,46380.000007613846,-517036.8443019232,303.1185554410482,1.0279593458616503,105
11575000,46400.00000761792,-516523.38756961795,300.42852854363593,1.0213147698645035,105
11580000,46420.000007621995,-516027.2856344322,300.3745592946713,1.0246305042293207,105
11585000,46440.00000762607,-515595.08871069644,301.0788620181937,1.0242951329159338,105
11590000,46460.000007630144,-517173.8737683792,299.310443496535,1.0251563605950322,105
11595000,46480.00000763422,-516755.48853615834,300.6090769944459,1.0235939203923263,105
11600000,46500.00000763829,-518081.11391234305,301.49496425383757,1.0294451413784633,105
11605000,46520.00000764237,-517197.29979108344,299.9157131209705,1.0287661365657712,105
11610000,46540.00000764644,-516555.747763857,302.52491622358866,1.0277095287003633,105
11615000,46560.00000765052,-517765.22159187915,300.57478114157516,1.0282419892731078,105
11620000,46580.00000765459,-516930.1050108238,299.5150958577395,1.0254657706508299,105
11625000,46600.000007658666,-516408.22970841546,302.81700425236795,1.0267480508683446,105
11630000,46620.00000766274,-516631.866103309,302.1695203162641,1.0246838756432397,105
11635000,46640.000007666815,-517162.5165315673,299.2586735046319,1.0277524822671849,105
11640000,46660.00000767089,-516391.1232264717,300.98464901667927,1.0308601620137094,105
11645000,46680.000007674964,-517781.93985977396,300.2068393194058,1.0230841483005404,105
11650000,46700.00000767904,-515509.8636520903,300.95335546549563,1.028111933897733,105
11655000,46720.00000768311,-517287.6452226925,302.68752927603686,1.0299643234986988,105
11660000,46740.00000768719,-516293.8403804491,301.50226040751824,1.0257324428879542,105
11665000,46760.00000769126,-516916.6113369155,299.11315518595313,1.0261219806646718,105
11670000,46780.00000769534,-517352.5607843208,298.5408934821072,1.0308543132894286,105
11675000,46800.00000769941,-517575.7796307814,298.97930539999885,1.027808585326726,105
11680000,46820.000007703486,-516935.1247998143,298.8700392969034,1.0328718508129164,105
11685000,46840.00000770756,-517069.18518526806,301.7982750831966,1.0280557924874079,105
11690000,46860.000007711635,-516412.7203700009,301.3510087458606,1.0217036684953789,105
11695000,46880.00000771571,-515791.50267526414,299.97494816226754,1.0249146159103235,105
11700000,46900.000007719784,-516177.7217065252,298.6245654934215,1.0318531061519305,105
11705000,46920.00000772386,-516366.4524931458,302.27509791377327,1.0252476334825007,105
11710000,46940.00000772793,-516189.3021983311,298.2873402447351,1.0235276457762086,105
11715000,46960.00000773201,-517808.0817863443,300.7369274511532,1.0268746919581557,105
11720000,46980.00000773608,-517079.01869781944,303.53709346836513,1.028293525513219,105
11725000,47000.00000774016,-516884.2107657688,301.12749078911816,1.0273370736238023,105
11730000,47020.00000774423,-516932.2860808526,301.3146836084136,1.0263891774711296,105
11735000,47040.000007748306,-517527.1630471479,300.70380433140053,1.0256670629085278,105
11740000,47060.00000775238,-516439.2967821453,301.42098384383496,1.0240319179827215,105
11745000,47080.000007756455,-517738.0682305128,301.89720758244243,1.0297355094124394,105
11750000,47100.00000776053,-515431.911281646,300.35248932686153,1.0268901173661529,105
11755000,47120.000007764604,-517074.02651870716,299.27297433652103,1.025211151245872,105
11760000,47140.00000776868,-517113.5952420898,301.6593626082829,1.0280105808918911,105
11765000,47160.00000777275,-516775.2876433553,299.40116534700013,1.028329791506266,105
11770000,47180.00000777683,-516772.4081480275,302.9975377553683,1.027131023584356,105
11775000,47200.0000077809,-515745.48824489745,301.4725546858118,1.0244565587899241,105
11780000,47220.000007784976,-516939.48866251623,301.48049709725376,1.0263682685515256,105
11785000,47240.00000778905,-517083.32160984376,302.3722582609981,1.026638981338713,105
11790000,47260.000007793125,-516053.4995279608,301.81520557645945,1.0274319170299735,105
11795000,47280.0000077972,-517375.8626331701,300.8766939378518,1.0261798072072763,105
11800000,47300.000007801274,-516298.06067869184,302.4158273131699,1.0293522076703694,105
11805000,47320.00000780535,-516727.36977181956,300.06056273295184,1.0214754733583133,105
11810000,47340.00000780942,-516163.24645323376,302.30120674046555,1.0235969214431324,105
11815000,47360.0000078135,-516026.6831385032,299.03920572718687,1.0257473549540534,105
11820000,47380.00000781757,-516756.6492890918,299.73470421755974,1.0302887241784726,105
11815000,47360.0000078135,-516954.83513065893,300.39979917881374,1.0213585695650313,0
11820000,47380.00000781757,-517662.93438877445,301.62678910528746,1.026295140538126,107
11825000,47400.00000782165,-517756.6018821292,298.6146229938209,1.023985633693047,107
11830000,47420.00000782572,-517870.28242594376,302.2562068688491,1.027783024999845,107
11835000,47440.000007829796,-516052.0234178365,300.486054287602,1.0233282251035651,107
11840000,47460.00000783387,-516243.20152513986,302.20038984826795,1.023808499631087,107
11845000,47480.000007837945,-517266.2188488946,298.24187425002214,1.0256293624156982,106
11850000,47500.00000784202,-516080.49649974937,301.305551758732,1.0258872140747899,106
11855000,47520.000007846094,-516487.9144362451,299.6869870784679,1.0218690721900048,106
11860000,47540.00000785017,-516683.7559282908,300.0143771391157,1.0307230653249893,106
11865000,47560.00000785424,-519151.9360217019,299.99149764848585,1.0296762625308231,106
11870000,47580.00000785832,-517458.4950022809,301.1371366737201,1.0211689997494708,106
11875000,47600.00000786239,-517657.3718436677,301.40530684588094,1.0300713792886265,106
11880000,47620.00000786647,-517598.5294232727,297.6367641819395,1.0272974649495912,106
11885000,47640.00000787054,-516285.3057104831,299.8960911035233,1.0254385386371903,106
11890000,47660.000007874616,-517940.13367959135,301.9582359042522,1.0246556205117399,106
11895000,47680.00000787869,-517409.8588008876,301.6997776247218,1.0247453013022676,106
11900000,47700.000007882765,-517269.84073998383,301.6279985238253,1.0261895744047564,106
11905000,47720.00000788684,-517979.475639642,300.4393660086272,1.0285697375527696,106
11910000,47740.000007890914,-517249.8137006473,301.1103206818127,1.0269178919145499,106
11915000,47760.00000789499,-517780.78176543675,300.3936908104685,1.0262617979459565,106
11920000,47780.00000789906,-517785.1452255561,300.3698094531139,1.0265568322395109,106
11925000,47800.00000790314,-516499.1079964861,300.8836818483176,1.0278044030512137,106
11930000,47820.00000790721,-517455.1889988184,301.5472096697272,1.0299060289125543,106
11935000,47840.00000791129,-516370.79819566826,301.7359181881012,1.0266982741503579,106
11940000,47860.00000791536,-517668.17203212227,302.91078481894385,1.0286211253214859,106
11945000,47880.000007919436,-516900.4378570989,300.8968675488979,1.0276105763504477,106
11950000,47900.00000792351,-516108.9746295458,300.8970297948885,1.0231763598948773,106
11955000,47920.000007927585,-517419.97989157424,300.07414757190367,1.0249498140380608,106
11960000,47940.00000793166,-517314.42048225435,301.34581219815834,1.0263259614757891,106
11965000,47960.000007935734,-516867.6688852932,302.1512868227965,1.0250433185548424,106
11970000,47980.00000793981,-517065.96554391365,302.5555551979256,1.028048628494385,106
11975000,48000.00000794388,-517305.2931168177,300.8254760036209,1.0261577231570702,106
11980000,48020.00000794796,-517357.20374674303,298.98718445569483,1.02594487192598,106
11985000,48040.00000795203,-517224.301989669,299.2045982831178,1.0273539257867148,106
11990000,48060.00000795611,-517530.5201818843,301.4834052322848,1.0285282814448988,106
11995000,48080.00000796018,-516366.2867347107,301.25790828115584,1.022342245330694,106
12000000,48100.000007964256,-517229.57669357164,299.4703462170362,1.0275740881738609,106
12005000,48120.00000796833,-516414.5044343772,298.9283382473791,1.0241020036213548,106
12010000,48140.000007972405,-516543.6094903394,303.0636421169311,1.0207475052094672,106
12015000,48160.00000797648,-516037.95219980064,300.46947564542063,1.0255404368791587,106
12020000,48180.000007980554,-515566.8486596332,301.26423850258885,1.0246701750144875,106
12025000,48200.00000798463,-516804.19955662335,302.47699013617995,1.0244964698801036,106
12030000,48220.0000079887,-515097.99390083714,301.37087001663417,1.024233545489095,106
12035000,48240.00000799278,-516665.8122068506,302.42093968027115,1.0265943287127453,106
12040000,48260.00000799685,-518343.2133123332,300.5655038598897,1.0267953337669689,106
12045000,48280.00000800093,-516586.239055922,297.91460834128276,1.0237978088863733,106
12050000,48300.000008005,-515363.92971284525,302.12886982262967,1.0243208404741955,106
12055000,48320.000008009076,-516523.7895283522,301.0935530127977,1.0294453571056439,106
12060000,48340.00000801315,-517810.5901320637,300.0905026798198,1.02881535312115,106
12065000,48360.000008017225,-515950.55746221053,300.10343115252607,1.0250880039892767,106
12070000,48380.0000080213,-515619.01182303834,302.65665052790007,1.0256143389029875,106
12075000,48400.000008025374,-516683.141168152,297.4353976510828,1.0285265779295525,106
12080000,48420.00000802945,-516988.32296359516,300.9844016975126,1.027344277345743,106
12085000,48440.00000803352,-518381.6869705892,300.3649820331095,1.0300427313058347,106
12090000,48460.0000080376,-517154.3916877955,299.46247464951404,1.0252529827633836,106
12095000,48480.00000804167,-517949.6573673575,300.93986890814415,1.0278421752262485,106
12100000,48500.00000804575,-517536.4499858173,298.75095375519675,1.02451985598827,106
12105000,48520.00000804982,-516873.0386800589,301.03129478495333,1.026539391592705,106
12110000,48540.000008053896,-517100.75417757593,300.4193165958738,1.0244110658116832,106
12115000,48560.00000805797,-517218.8331290514,299.32199390018513,1.022475042908052,106
12120000,48580.000008062045,-516585.11446636287,298.21562328105034,1.029130027416824,106
12125000,48600.00000806612,-517015.509350362,302.6881943315197,1.0243420866180388,106
12130000,48620.000008070194,-515819.5596106963,301.5703955453238,1.0238311043636048,106
12135000,48640.00000807427,-516583.34521941026,302.8672713261069,1.0270925615643312,106
12140000,48660.00000807834,-516431.61042056256,297.9103715849307,1.023575866671058,106
12145000,48680.00000808242,-517178.1189502578,301.3725477511247,1.0264085747893914,106
12150000,48700.00000808649,-517285.17801122623,301.73041312513817,1.0272234069107917,106
12155000,48720.00000809057,-516275.2000427102,301.43960501955223,1.0225631755195612,106
12160000,48740.00000809464,-516950.63955547335,298.8488078410256,1.0287888852960838,106
12165000,48760.000008098716,-516211.2479911698,300.90616015196537,1.0237915989102986,106
12170000,48780.00000810279,-516787.2337137072,301.899154732853,1.0270872032236968,106
12175000,48800.000008106865,-518411.0514610396,299.7257094229258,1.0270431553841277,106
12180000,48820.00000811094,-516498.2298008215,301.0091366007467,1.0295804973099811,106
12185000,48840.000008115014,-515698.3250273336,298.47160327515513,1.022279508542155,106
12190000,48860.00000811909,-515713.0167580154,301.63206613457385,1.0241854691233891,106
12195000,48880.00000812316,-518105.6070830545,301.07768386740594,1.0264923221131206,106
12200000,48900.00000812724,-518337.91551147215,300.3844572213919,1.0263577973567224,106
12205000,48920.00000813131,-516475.0242560529,302.73542972798964,1.022587213086028,106
12210000,48940.00000813539,-516143.48354112636,300.9984420105466,1.0244284170361115,106
12215000,48960.00000813946,-516137.9849055649,301.79043616557215,1.0237807993319596,106
12220000,48980.000008143536,-517147.3639862719,301.77117566400256,1.024053921537058,106
12225000,49000.00000814761,-517416.6741810322,299.8387886210466,1.0261992236387434,106
12230000,49020.000008151685,-516294.04625481693,298.70116425420304,1.025278649989244,106
12235000,49040.00000815576,-516770.6147215185,301.5740149340926,1.0234387121014477,106
12240000,49060.000008159834,-517045.69731253013,301.98101904135603,1.02963526057165,106
12245000,49080.00000816391,-516786.5096803787,299.80182008150086,1.0263522628976216,106
12250000,49100.00000816798,-517629.78058512975,301.7029350060472,1.0293463109684964,106
12255000,49120.00000817206,-516985.6556260127,303.13172249315016,1.027560238872959,106
12260000,49140.00000817613,-517945.4512629011,302.3633374120101,1.0258263461292387,106
12265000,49160.000008180206,-516657.5093112851,300.5366285213279,1.027344270072288,106
12270000,49180.00000818428,-516920.3758014587,301.41375406897663,1.0309583176957449,106
12275000,49200.000008188355,-516714.3919886383,301.96045089114614,1.0275277720688951,106
12280000,49220.00000819243,-516478.2555130506,302.8611162758105,1.025158955632356,106
12285000,49240.000008196504,-516844.8542081064,298.2233114334579,1.0250933754781877,106
12290000,49260.00000820058,-517349.1417838719,302.3074754726861,1.0284445876061514,106
12295000,49280.00000820465,-516488.21044760686,299.7746203349149,1.0266780986799984,106
12300000,49300.00000820873,-517452.79570615664,300.7380811093601,1.0292522000656779,106
12305000,49320.0000082128,-515501.5055080317,302.0776751394091,1.0228084535398503,106
12310000,49340.00000821688,-516434.3622734172,301.3106248483979,1.02372778756771,106
12315000,49360.00000822095,-517368.6597884111,301.2834291327786,1.0248107597777085,106
12320000,49380.000008225026,-516546.857207539,301.60104195621346,1.026800968860653,106
12325000,49400.0000082291,-516752.0212093815,301.69099394280335,1.025106511577797,106
12330000,49420.000008233175,-518013.44821675005,301.1657433202967,1.0269075325352017,106
12335000,49440.00000823725,-517321.0227064835,300.9712181312182,1.0268549068472688,106
12340000,49460.000008241324,-517540.67571224994,301.6040969485801,1.0282357119787158,106
12345000,49480.0000082454,-517872.7708275516,301.3440063084775,1.0313475171589954,106
12350000,49500.00000824947,-517412.2456591502,301.4763070407161,1.0243471002012927,106
12355000,49520.00000825355,-516823.2903280365,299.0730266115372,1.0238003884151008,106
12360000,49540.00000825762,-515954.17803492583,300.0297944361924,1.0263021919301714,106
12365000,49560.0000082617,-517037.6922550013,300.35261542599693,1.0300218804955255,106
12370000,49580.00000826577,-516295.8044651118,304.09796220450863,1.0258151205590051,106
12375000,49600.000008269846,-516690.53606259706,300.03686314993337,1.029485743900912,106
12380000,49620.00000827392,-516233.4903011706,300.68359711574755,1.0276544685696005,106
12385000,49640.000008277995,-517086.27170127607,302.33657166708673,1.0281301524809274,106
12390000,49660.00000828207,-517084.07479815884,299.90624515276716,1.0253794417846873,106
12395000,49680.000008286144,-515690.74192812364,302.38301490144914,1.0236215249731975,106
12400000,49700.00000829022,-517515.8718203048,300.3293609088017,1.0268704093126384,106
12405000,49720.00000829429,-517573.09583783965,299.39309785986467,1.0261006022635424,106
12410000,49740.00000829837,-516930.4630393847,301.6751871707397,1.0265022087829185,106
12415000,49760.00000830244,-516911.3495064676,301.5264087040978,1.027363691810714,106
12420000,49780.00000830652,-516942.70908219856,300.80295878980104,1.0262237984483058,106
12425000,49800.00000831059,-516314.627379837,299.24058142040707,1.0268361869519884,106
12430000,49820.000008314666,-517727.7070443046,302.32547625922757,1.0285660596345858,106
12435000,49840.00000831874,-516900.3360715087,299.82460371854,1.0254126236153238,106
12440000,49860.000008322815,-517732.1070512645,301.2936231832759,1.0278882442365456,106
12445000,49880.00000832689,-516297.80398915266,301.9477074802922,1.0262710414418301,106
12450000,49900.000008330964,-516244.05127420416,302.24802730044024,1.0268974993071311,106
12455000,49920.00000833504,-516907.6515878304,300.9086885526097,1.022658240957349,106
12460000,49940.00000833911,-516682.14900553157,301.7702285182651,1.0286588778852859,106
12465000,49960.00000834319,-517601.6708927802,300.6418366610732,1.024775305549838,106
12470000,49980.00000834726,-516745.0247929599,302.3371232445764,1.0332976387707848,106
12475000,50000.00000835134,-517780.2971981189,301.34940924931703,1.0261654198861265,106
12480000,50020.00000835541,-516032.35630394565,299.6848391208104,1.0253497908232236,106
12485000,50040.000008359486,-515534.19879907044,301.1093194992119,1.0262871012502917,106
12490000,50060.00000836356,-517935.21233534487,301.29431484701155,1.020687199971527,106
12495000,50080.000008367635,-517027.6738725493,301.37539557300454,1.0254813718054328,106
12500000,50100.00000837171,-516479.1316470646,297.77187722850965,1.0237275335433014,106
