#"Step","Time (ps)","Potential Energy (kJ/mole)","Temperature (K)","Density (g/mL)","Speed (ns/day)"
5000,120.00000000005473,-518709.9072639975,299.8862235405408,1.0272814249024493,0
10000,140.00000000003652,-520554.36605367344,300.64773288001464,1.0300054684781415,104
15000,159.9999999999899,-519184.8734125423,302.47724761623726,1.0240813275763614,104
20000,179.9999999999433,-518069.89185781777,300.05728083610256,1.026091039648245,104
25000,199.9999999998967,-518840.7368510463,301.8572861711287,1.0202573682909575,104
30000,219.99999999985008,-518079.6714333594,300.28862920158093,1.0247437766737009,104
35000,239.99999999980346,-516486.9055267165,299.1153782655971,1.0233706616219649,104
40000,259.99999999978525,-519380.77437538654,298.71854742563556,1.021402359602202,104
45000,279.99999999988074,-518213.3415972418,303.5940105253534,1.0234316476332936,104
50000,299.99999999997624,-517941.08238073275,301.09079229048126,1.026605119900832,104
55000,320.00000000007174,-519109.95866239304,300.44062379252483,1.025286545728583,104
60000,340.00000000016723,-518351.05535009457,300.1539526870675,1.0266931563051125,104
65000,360.00000000026273,-518320.88339385437,301.84601956985927,1.0213407201756342,104
70000,380.0000000003582,-517902.42181626987,303.29479836475673,1.0261392311502977,104
75000,400.0000000004537,-519213.0059662014,298.8077051327622,1.0288248526234522,104
80000,420.0000000005492,-518580.6136618068,300.8266402755696,1.0262097363817202,104
85000,440.0000000006447,-518548.41097866837,300.6610660710166,1.0270357741048581,104
90000,460.0000000007402,-518199.31544340285,302.2646592839843,1.0234498132480765,104
95000,480.0000000008357,-519467.77036108915,301.5077401990838,1.0289127341341362,104
100000,500.0000000009312,-517894.1130871817,299.8596238194145,1.0246915887217196,104
105000,520.0000000010267,-519034.2982230787,302.62190195544724,1.0244762222711736,104
110000,540.0000000011222,-517527.08692490286,302.84682919749497,1.0224017729333965,104
115000,560.0000000012177,-516749.6146518658,297.6569832002033,1.0225524184932924,104
120000,580.0000000013132,-519052.07688278635,300.5080633204606,1.0238212952899253,104
125000,600.0000000014087,-519100.5619942737,302.63272432629543,1.0272505828234726,104
130000,620.0000000015042,-518621.0596139245,302.631382618117,1.0260310880522612,104
135000,640.0000000015997,-518849.68458643067,301.50635230138874,1.0297556598216353,104
140000,660.0000000016952,-517743.0529585192,302.8721509153977,1.0237916342121285,104
145000,680.0000000017907,-518522.87891889666,300.80184931745913,1.0241639674056602,104
150000,700.0000000018862,-519285.02141832444,300.9481725610846,1.028026114963813,104
155000,720.0000000019817,-516950.7388631527,300.68779799908845,1.025732934969788,104
160000,740.0000000020772,-519447.90792282624,301.22523767501383,1.0272855679484343,104
165000,760.0000000021727,-517823.66644144873,301.6277816961182,1.0272665586964531,104
170000,780.0000000022682,-518280.05305210594,299.0075227875956,1.0247208566520123,104
175000,800.0000000023637,-517021.37008509436,301.42173598659014,1.022495322307439,104
180000,820.0000000024592,-518993.8117988969,302.69468663055034,1.026045692373567,104
185000,840.0000000025547,-518953.31300930516,300.750032236764,1.025378622002283,104
190000,860.0000000026502,-518915.0036964491,303.0297871958502,1.0279115472331841,104
195000,880.0000000027457,-518513.0199392142,300.8390065303967,1.027246664881732,104
200000,900.0000000028411,-518936.24215181544,300.7941637872085,1.0259029653946643,104
205000,920.0000000029366,-518012.9793357062,301.3009060387652,1.0235356424844737,104
210000,940.0000000030321,-518933.5957691085,303.17216357648914,1.025827463717798,104
215000,960.0000000031276,-516739.93418366066,299.7388873148091,1.023446614816722,104
220000,980.0000000032231,-517621.1507348176,300.7323039953811,1.0230492969133909,104
225000,1000.0000000033186,-518911.3182100982,300.5786246992411,1.0252966105152235,104
230000,1020.0000000034141,-518667.0998422208,302.1693056768734,1.0242604906002,104
235000,1040.0000000030548,-518145.8271013631,299.8703425933015,1.0216577064992376,104
240000,1060.0000000025818,-518352.4909917845,298.6360836487079,1.0270217856465103,104
245000,1080.000000002109,-517851.18095020624,298.662327900832,1.0251895577563717,104
250000,1100.000000001636,-517839.2121997499,302.09944971172814,1.026098211654331,104
255000,1120.000000001163,-517381.64847442973,300.5473306323893,1.0228874063559668,104
260000,1140.00000000069,-518112.7428117378,299.62392545308904,1.026183276236998,104
265000,1160.0000000002171,-517622.58094903314,300.6143011085101,1.0255306479256672,104
270000,1179.9999999997442,-519034.6341491111,298.70599507581363,1.027146636171683,104
275000,1199.9999999992713,-519611.23647970473,298.99213770235264,1.025908904473836,104
280000,1219.9999999987983,-517600.24764201464,301.6062074508305,1.026229456135846,104
285000,1239.9999999983254,-518532.18088395544,298.82637238987786,1.0240405185677026,104
290000,1259.9999999978525,-518122.6823697409,298.8462178898394,1.0252022505420915,104
295000,1279.9999999973795,-518098.4437687339,300.14025165768885,1.0244805431378448,104
300000,1299.9999999969066,-517846.07102843234,302.117980777086,1.0219764411194432,104
305000,1319.9999999964336,-518962.7950720764,301.4435745265973,1.027028227302388,104
310000,1339.9999999959607,-517689.0447527799,301.58988148154117,1.023817832711449,104
315000,1359.9999999954878,-516990.759860612,300.8166260123681,1.0243881918095263,104
320000,1379.9999999950148,-518359.06588911684,299.3368991904035,1.027236737201543,104
325000,1399.999999994542,-518012.27236625366,298.96147517290234,1.0264181347434649,104
330000,1419.999999994069,-516565.28773669293,299.89135692218025,1.0288763817703668,104
335000,1439.999999993596,-517745.44894477585,302.2841229155506,1.0250737879719183,104
340000,1459.999999993123,-517970.16373316245,303.1489634005437,1.0266506959574575,104
345000,1479.9999999926501,-517893.8777238629,302.15134758465547,1.0221888684736216,104
350000,1499.9999999921772,-517459.2905946714,299.9630025680205,1.0233787966927645,104
355000,1519.9999999917043,-519824.0687163423,300.65959629492113,1.0294521953451645,104
360000,1539.9999999912313,-518704.82628618623,301.5861409067909,1.0301342702865475,104
365000,1559.9999999907584,-518790.87963869586,300.44337255078807,1.0249886448383496,104
370000,1579.9999999902855,-519323.87685274193,302.82568658527646,1.0290786867267414,104
375000,1599.9999999898125,-518675.49286119523,301.3819735780576,1.0292924798403704,104
380000,1619.9999999893396,-517700.79370650696,300.5077582475266,1.0222190168177268,104
385000,1639.9999999888666,-517315.9336914574,301.6465915547283,1.0257866747154345,104
390000,1659.9999999883937,-518590.1691225881,300.42239724400855,1.025850546325805,104
395000,1679.9999999879208,-519041.6432081568,301.55816284073495,1.030422384574281,104
400000,1699.9999999874478,-517699.1828736779,298.53215974888496,1.0217749528402085,104
405000,1719.999999986975,-517175.91329295584,303.0321913010826,1.0238390113120834,104
410000,1739.999999986502,-518867.97049229336,299.62478901895633,1.026819891443299,104
415000,1759.999999986029,-517668.45223681536,305.25908310527734,1.02289822698465,104
420000,1779.999999985556,-520047.78672494506,302.4181388456265,1.028163770882746,104
425000,1799.9999999850832,-520689.6880246252,300.0248685599505,1.0269461745516841,104
430000,1819.9999999846102,-517468.835970853,301.8573218957681,1.025354702529979,104
435000,1839.9999999841373,-518781.52233382827,303.1997612831241,1.0240451257497227,104
440000,1859.9999999836643,-518072.2671404772,301.6477734650042,1.0244887698996297,104
445000,1879.9999999831914,-518403.3704606439,299.0426835771424,1.026253196212506,104
450000,1899.9999999827185,-519010.53825424286,303.11250711667714,1.0239866962304387,104
455000,1919.9999999822455,-518795.68626963417,300.1504574105974,1.026855199842665,104
460000,1939.9999999817726,-519381.9799137248,301.437528830062,1.0294622124668886,104
465000,1959.9999999812997,-518980.5574526619,302.38545477894536,1.0260081516352184,104
470000,1979.9999999808267,-518714.24489128916,299.16415073280837,1.0252550408517034,104
475000,1999.9999999803538,-517317.3358996187,303.75407744822184,1.02487502843773,104
480000,2019.9999999798808,-517723.82865329226,299.9862815917821,1.0280505301754885,104
485000,2039.999999979408,-518662.7087314164,301.6762312562985,1.0258957510302082,104
490000,2059.999999978935,-518314.52644739766,301.51364678627175,1.0248213286891077,104
495000,2079.9999999784623,-519481.21581324027,304.0303043546668,1.0268319437887174,104
500000,2099.9999999779893,-518802.69161453284,300.43061861927566,1.0295648538351616,104
505000,2119.9999999775164,-518124.29994716356,298.023382463621,1.0251126715229015,104
510000,2139.9999999770434,-517763.5875641699,299.048929340199,1.026627674340846,104
515000,2159.9999999765705,-517821.6099337095,297.56750733407955,1.0266419065509012,104
520000,2179.9999999760976,-518023.9380244592,299.1268467804026,1.0299667584204557,104
525000,2199.9999999756246,-517942.703968748,302.0041567699475,1.025893069851605,104
530000,2219.9999999751517,-519295.4826163396,301.6462037042553,1.0296992013654076,104
535000,2239.9999999746788,-517463.69017525413,300.0115355286472,1.0254069384115094,104
540000,2259.999999974206,-517902.8098492967,299.1939404934745,1.025511300471369,104
545000,2279.999999973733,-518378.42693110625,301.9418909419931,1.0292371434805598,104
550000,2299.99999997326,-517546.5473687516,298.9258738149313,1.0202183787623504,104
555000,2319.999999972787,-519739.7326015525,302.42698993887296,1.0267973980265108,104
560000,2339.999999972314,-518513.1274512829,298.38221379038043,1.0242220019129047,104
565000,2359.999999971841,-516458.9218558967,299.72633893349996,1.0299328017647689,104
570000,2379.999999971368,-519835.6471827659,302.9641471926303,1.0276857991868407,104
575000,2399.9999999708953,-519243.1384035214,299.72137393154685,1.0240403643519043,104
580000,2419.9999999704223,-517737.04388538515,299.52619374722764,1.0268861514229464,104
585000,2439.9999999699494,-517153.0625111847,297.98799688821566,1.0231800835211997,104
590000,2459.9999999694764,-519337.88340325793,300.9345830794162,1.0272220427139476,104
595000,2479.9999999690035,-516003.4250703582,303.97471108773163,1.0204113019434164,104
600000,2499.9999999685306,-519535.6721397189,300.3543673807404,1.0259088224003683,104
605000,2519.9999999680576,-518962.2270842106,303.9776571144036,1.0318856989651572,104
610000,2539.9999999675847,-519178.67089341674,301.1005679823969,1.026610707965866,104
615000,2559.9999999671118,-519208.16858775006,299.5266920581719,1.0202930016976965,104
620000,2579.999999966639,-518552.87626371,298.9019001397541,1.0262313627011048,104
625000,2599.999999966166,-518026.0022514297,303.22377751155557,1.0221794546838119,104
630000,2619.999999965693,-518280.7901418889,302.99151749479,1.0288528405299877,104
635000,2639.99999996522,-518773.1585505279,299.4544108303538,1.0251280848025075,104
640000,2659.999999964747,-518541.60181440436,299.3623285068632,1.024029132298488,104
645000,2679.999999964274,-519605.6145274057,299.42432770524795,1.0267523105095477,104
650000,2699.999999963801,-518132.68069869233,300.15908830975354,1.0260758969040822,104
655000,2719.9999999633283,-519406.0695405025,302.57030089953315,1.0240292167781244,104
660000,2739.9999999628553,-518620.9137888951,302.7922540303231,1.02399309172032,104
665000,2759.9999999623824,-517782.5591436839,300.4383853460716,1.0219968669706718,104
670000,2779.9999999619095,-518186.70925671747,299.176337281662,1.021533195242656,104
675000,2799.9999999614365,-518548.03372610407,300.1686743165247,1.0273420846222363,104
680000,2819.9999999609636,-518163.6647156128,302.176197059222,1.0269904198570423,104
685000,2839.9999999604906,-518716.6338819051,300.89789577680824,1.0265707388586531,104
690000,2859.9999999600177,-518002.54827852803,301.6258786194215,1.0268876734307486,104
695000,2879.9999999595448,-519088.9627611614,302.4015165382279,1.0247103142445395,104
700000,2899.999999959072,-517566.70352627896,301.49618797928235,1.02125136888912,104
705000,2919.999999958599,-518163.06983327377,299.93594216117646,1.02602757707434,104
710000,2939.999999958126,-519331.0541304478,301.5798169610031,1.031027482807406,104
715000,2959.999999957653,-517813.556127205,300.9038867847314,1.0221778106038235,104
720000,2979.99999995718,-517534.2653813197,301.6547639209514,1.0239640167938573,104
725000,2999.999999956707,-518953.7210845938,301.0167439361768,1.0281189648805114,104
730000,3019.999999956234,-518683.10028157965,300.2296718446581,1.0262381771103548,104
735000,3039.9999999557613,-519358.08463327657,299.1122451548484,1.025664315596773,104
740000,3059.9999999552883,-518225.25703284214,300.8989169179781,1.0295828279978185,104
745000,3079.9999999548154,-517736.96821009857,298.9303518640807,1.0222152735245194,104
750000,3099.9999999543425,-519720.6093188813,299.03421344568807,1.0284201178816985,104
755000,3119.9999999538695,-518843.95387766114,301.21683693457993,1.022320395250115,104
760000,3139.9999999533966,-519012.61628561956,299.8356981052246,1.0265924397166954,104
765000,3159.9999999529236,-518734.4319165796,301.7592256731371,1.027809565031889,104
770000,3179.9999999524507,-518314.3927819105,301.60245251338046,1.0266386565953598,104
775000,3199.9999999519778,-519432.61355458316,302.01372031734337,1.0248063920966628,104
780000,3219.999999951505,-519546.37055899086,299.8140763722912,1.0310012106569812,104
785000,3239.999999951032,-519190.904594962,300.1688163273407,1.0249181576774429,104
790000,3259.999999950559,-519022.426539887,302.5808972429333,1.0273692815360822,104
795000,3279.999999950086,-517915.61188175296,301.0381859002675,1.0268708032469198,104
800000,3299.999999949613,-517890.8343209389,302.0529773309167,1.0279127473932212,104
805000,3319.99999994914,-518313.2560371002,300.6203039949601,1.0242224882743756,104
810000,3339.999999948667,-518504.59845695575,301.4150846121685,1.028016935601216,104
815000,3359.9999999481943,-517816.464978355,299.65616774774526,1.026100543167431,104
820000,3379.9999999477213,-519232.88391819876,302.691323355915,1.0248389687887811,104
825000,3399.9999999472484,-520074.35727853933,301.17426070345084,1.0267150971567143,104
830000,3419.9999999467755,-518684.9328415771,301.3902455991557,1.0274627074682616,104
835000,3439.9999999463025,-517731.39638854144,298.65236110537194,1.025605224474094,104
840000,3459.9999999458296,-516718.003312323,301.9182191961873,1.0278637669649555,104
845000,3479.9999999453566,-519111.4093255275,302.47660100309145,1.0286220775615909,104
850000,3499.9999999448837,-518738.8866895705,299.1624221975116,1.0261685620084122,104
855000,3519.999999944411,-518668.5270757994,299.34837376154985,1.0263873565079802,104
860000,3539.999999943938,-517599.8700099385,299.44797435178833,1.0251579761558514,104
865000,3559.999999943465,-519151.0048922179,301.5583304670446,1.0249488740032549,104
870000,3579.999999942992,-518456.75184421893,303.4716218248111,1.0272073203425542,104
875000,3599.999999942519,-517740.9526240702,298.484562982692,1.0250819377251392,104
880000,3619.999999942046,-520189.5141006466,298.91194635002836,1.0308162114065988,104
885000,3639.999999941573,-518496.4163713751,302.5438538469835,1.026639866764657,104
890000,3659.9999999411,-519054.5672141479,299.503241878806,1.0248663751212914,104
895000,3679.9999999406273,-520288.5330578624,301.4302860354418,1.026197744025185,104
900000,3699.9999999401543,-519047.6217392895,302.86277505632745,1.025779185036568,104
905000,3719.9999999396814,-519523.47782626026,297.4942704973974,1.0247242188245216,104
910000,3739.9999999392085,-517074.3973522282,302.81399871761414,1.0279675754314679,104
915000,3759.9999999387355,-519392.96893625124,303.9411560545743,1.0272373573076048,104
920000,3779.9999999382626,-519117.1606520761,298.0233180618523,1.026098010835727,104
925000,3799.9999999377897,-519886.09101249394,301.4327343999913,1.0248843259635494,104
930000,3819.9999999373167,-518901.32341403817,301.60535814915096,1.0242507488604409,104
935000,3839.999999936844,-518846.5767980013,299.08786859859214,1.025466922493949,104
940000,3859.999999936371,-519212.31136242626,299.4273668294401,1.0255082136713576,104
945000,3879.999999935898,-518933.0452240065,300.3760740137664,1.0280220324419664,104
950000,3899.999999935425,-517368.39137521735,300.54017010781297,1.0259263819505113,104
955000,3919.999999934952,-518515.1894446623,303.5350510749532,1.0225376767395638,104
960000,3939.999999934479,-520214.0841880997,302.1500930212532,1.0306122004472338,104
965000,3959.999999934006,-518377.6783611919,302.6352498991874,1.0225366546749688,104
970000,3979.999999933533,-518193.6923522332,298.6073420026539,1.0218590666955292,104
975000,3999.9999999330603,-519469.1603886336,300.3320193561538,1.0279869253173517,104
980000,4019.9999999325873,-518380.858057203,299.31606763176967,1.0284218757436303,104
985000,4039.9999999321144,-519593.72745123575,301.3563454354567,1.0303984462224374,104
990000,4059.9999999316415,-518446.2564009193,300.8765750467694,1.0257426324234118,104
995000,4079.9999999311685,-518152.19322323357,301.0028851858136,1.025899255787137,104
1000000,4099.999999930696,-518276.59245801275,297.79099813038454,1.0226392375717737,104
1005000,4119.999999930223,-520909.55116642825,301.2291709947153,1.0296648312220524,104
1010000,4139.99999992975,-519356.42897286476,303.82007967998993,1.0277188902057488,104
1015000,4159.999999929277,-517647.5823136105,303.34816748355144,1.0229194568635849,104
1020000,4179.999999928804,-518185.8752258618,305.35431695203386,1.0263359735124291,104
1025000,4199.999999928331,-519186.2763601439,300.57011188711346,1.0271694838587968,104
1030000,4219.999999927858,-518845.72448195587,302.52582971550106,1.027680757556688,104
1035000,4239.999999927385,-519293.9917456149,301.2577960548449,1.0289553399989166,104
1040000,4259.999999926912,-518467.0440558314,301.8487588367584,1.0284520550297298,104
1045000,4279.999999926439,-519530.83525162144,298.0447771654361,1.022899740288464,104
1050000,4299.999999925966,-518528.3877986397,298.3255874024418,1.0231516789498905,104
1055000,4319.999999925493,-519652.6713623558,301.76129009096417,1.0297907724824293,104
1060000,4339.99999992502,-519135.329440427,301.4093981037313,1.028685625661248,104
1065000,4359.999999924547,-518982.6189429411,302.5852181590681,1.0298355590306512,104
1070000,4379.9999999240745,-518294.9085699301,301.39266542536586,1.0265417540001802,104
1075000,4399.9999999236015,-518371.8362919581,301.05484768154815,1.0264359532042628,104
1080000,4419.999999923129,-518814.62638773746,300.3792607683139,1.0233616084440749,104
1085000,4439.999999922656,-518518.2090167091,298.7024003242702,1.0232371090243992,104
1090000,4459.999999922183,-519217.78475399734,301.0643633988125,1.0229107801916264,104
1095000,4479.99999992171,-519104.5790618351,300.6111056472006,1.0295166032077019,104
1100000,4499.999999921237,-518532.5216878585,301.91157348558306,1.0251964110584677,104
1105000,4519.999999920764,-519324.425697142,300.0703717573577,1.0236216374779041,104
1110000,4539.999999920291,-518447.43194147176,302.94899682055524,1.0272981345840888,104
1115000,4559.999999919818,-519095.37247712025,303.02683766643526,1.0262678817474684,104
1120000,4579.999999919345,-518823.87502453267,300.8263385432091,1.0273184903141968,104
1125000,4599.999999918872,-518741.46767675807,300.2342940189618,1.0276842954813317,104
1130000,4619.999999918399,-518429.8972461922,300.9806511860007,1.0265990154366553,104
1135000,4639.999999917926,-518512.8265953567,301.780927534189,1.0289810642733312,104
1140000,4659.999999917453,-518826.20422307076,300.3361771600701,1.0258009573651585,104
1145000,4679.99999991698,-518863.5773236903,299.9949876075904,1.0263802004641724,104
1150000,4699.9999999165075,-519696.7764309733,301.3533111613743,1.025764497929523,104
1155000,4719.9999999160345,-519121.05490823276,300.1046839883,1.0251161411202276,104
1160000,4739.999999915562,-518124.34890363645,297.42865969191735,1.0249758542880096,104
1165000,4759.999999915089,-519356.38740938343,300.03493829122016,1.0266764076933894,104
1170000,4779.999999914616,-519862.7945384444,300.34708337380295,1.0269596217986572,104
1175000,4799.999999914143,-517958.70504545537,299.9848868569091,1.022831661401739,104
1180000,4819.99999991367,-518115.8756090747,301.83939857248237,1.0248491546492227,104
1185000,4839.999999913197,-519092.86544783786,302.5659373755914,1.0234532217654349,104
1190000,4859.999999912724,-518422.3560083676,302.4009600877711,1.0247274900117394,104
1195000,4879.999999912251,-519765.7683833656,299.192047752429,1.027697731934611,104
1200000,4899.999999911778,-517412.84203044674,302.5211209155105,1.0227185723620422,104
1205000,4919.999999911305,-519501.2014051075,301.61463335600445,1.0271574053886074,104
1210000,4939.999999910832,-518274.73649058,302.16266030023445,1.026622765881512,104
1215000,4959.999999910359,-518601.83285884466,302.89502104868177,1.0301629220275443,104
1220000,4979.999999909886,-519007.48503641924,301.0707095872477,1.0278835581612453,104
1225000,4999.999999909413,-516781.9746590224,302.8438161813927,1.0239163361279793,104
1230000,5019.9999999089405,-519207.47024275176,302.39989654351353,1.0264959311045894,104
1235000,5039.9999999084675,-518082.1692198473,303.1564740567413,1.0236694958581434,104
1240000,5059.999999907995,-519660.9875510994,300.9116297320511,1.0271593037757842,104
1245000,5079.999999907522,-518390.3951088339,299.91326826449733,1.025076862714227,104
1250000,5099.999999907049,-519800.6772006636,300.4867361432432,1.0296619840773142,104
1255000,5119.999999906576,-518328.93510273215,300.0396093885436,1.0252834622078741,104
1260000,5139.999999906103,-518853.4347141206,301.7783153578328,1.0237710416833747,104
1265000,5159.99999990563,-520351.4098696746,297.6632823577176,1.0274936558380368,104
1270000,5179.999999905157,-519912.74500540574,302.2052296199983,1.026240239452641,104
1275000,5199.999999904684,-520205.8350512262,301.4884088508527,1.0287441293265185,104
1280000,5219.999999904211,-518482.47347914823,298.9925437824394,1.025863451371683,104
1285000,5239.999999903738,-518388.4622865792,303.4636924832014,1.0261591756762025,104
1290000,5259.999999903265,-518338.5017917729,299.03958194510034,1.0294315338666165,104
1295000,5279.999999902792,-518653.048405451,301.86996095298434,1.0282712650195704,104
1300000,5299.999999902319,-519445.57209448516,302.74544091733975,1.029363004526072,104
1305000,5319.999999901846,-518267.2153239397,302.41940775753346,1.0294075580519275,104
1310000,5339.9999999013735,-518578.0166648263,301.47986192196777,1.0300004798498739,104
1315000,5359.999999900901,-517731.7843711509,302.4260976320012,1.027532294588774,104
1320000,5379.999999900428,-519282.3449179365,301.6913827367085,1.0282945553333813,104
1325000,5399.999999899955,-519165.1484451005,299.9241245656783,1.02840088741305,104
1330000,5419.999999899482,-518852.1287252072,302.2010533741284,1.0238222980360019,104
1335000,5439.999999899009,-518860.7632558679,299.7214722301534,1.0237931473857103,104
1340000,5459.999999898536,-519199.6295089624,300.91353099857656,1.027764913814713,104
1345000,5479.999999898063,-517834.91337602143,299.34066551284815,1.0271152602604587,104
1350000,5499.99999989759,-519816.9543011745,298.0270913790702,1.0274747757450355,104
1355000,5519.999999897117,-518612.2802167549,298.6073055362972,1.0268734200214458,104
1360000,5539.999999896644,-518764.1117418567,301.2181854807026,1.0307960394440263,104
1365000,5559.999999896171,-517741.5220419136,300.3471616308595,1.027086764763304,104
1370000,5579.999999895698,-518509.7820587943,301.10527810560166,1.022736550361065,104
1375000,5599.999999895225,-519046.82433339255,300.17651129976537,1.0257048238423017,104
1380000,5619.999999894752,-518147.1714558513,302.0673238766786,1.0242674475670857,104
1385000,5639.999999894279,-518649.5967036621,302.182120671359,1.028181295944704,104
1390000,5659.9999998938065,-519967.8854985456,300.9570963469592,1.028852977167268,104
1395000,5679.999999893334,-518521.45527281193,299.44231049175477,1.0241783062506646,104
1400000,5699.999999892861,-518557.1145781635,300.95181618520706,1.0249172582373476,104
1405000,5719.999999892388,-519295.8067792221,300.6500479208057,1.0270494054935693,104
1410000,5739.999999891915,-520292.31155542587,300.19262068377543,1.031917571773343,104
1415000,5759.999999891442,-520570.52118366654,299.7665649585541,1.0261860930322269,104
1420000,5779.999999890969,-518846.69839332346,301.8216717659518,1.0266593658302798,104
1425000,5799.999999890496,-518176.58902636915,301.4095847589996,1.0306241184644547,104
1430000,5819.999999890023,-518593.6148973333,301.40958618778166,1.0271000632423846,104
1435000,5839.99999988955,-519104.66763028293,300.3433547653657,1.024749764787691,104
1440000,5859.999999889077,-519607.010751514,302.9929030090504,1.026544618478689,104
1445000,5879.999999888604,-518365.33830753085,299.2803126307576,1.0218842948050524,104
1450000,5899.999999888131,-518894.15810389025,303.4604503090381,1.0302695876353287,104
1455000,5919.999999887658,-520011.26582097355,300.5596820019682,1.028968148812998,104
1460000,5939.999999887185,-519645.64681214,299.9004387292458,1.0320726718199336,104
1465000,5959.999999886712,-519061.40037587425,301.71933315476804,1.024388916793653,104
1470000,5979.9999998862395,-517179.26235115225,298.43663301290303,1.0218461703483492,104
1475000,5999.999999885767,-519927.1417631353,299.14025042874647,1.0275792891126576,104
1480000,6019.999999885294,-518838.05799215543,301.8325419476632,1.025179377478695,104
1485000,6039.999999884821,-518246.8116341629,301.89006791100417,1.0276627045078246,104
1490000,6059.999999884348,-519024.7158017922,303.44418493029923,1.0237588365808965,104
1495000,6079.999999883875,-518230.3281004019,299.82700928578004,1.0252965769947668,104
1500000,6099.999999883402,-519015.03690525354,298.93332718492746,1.026693998837489,104
1505000,6119.999999882929,-517195.4180828964,301.47538389277895,1.0192976945607055,104
1510000,6139.999999882456,-517535.596628536,303.2038029268163,1.024012126312746,104
1515000,6159.999999881983,-519255.3609210907,300.2188546469352,1.0268200500883735,104
1520000,6179.99999988151,-519300.9473975082,300.51375792492485,1.025071869195454,104
1525000,6199.999999881037,-520455.64234394,304.575282093526,1.0288828447586496,104
1530000,6219.999999880564,-518979.72642044374,301.97330777545193,1.0302640810223762,104
1535000,6239.999999880091,-517342.5810784539,300.27163173964755,1.0229701358908396,104
1540000,6259.999999879618,-517326.9826788637,301.816129174043,1.0253705096406636,104
1545000,6279.999999879145,-518404.3513411146,300.5376318465288,1.0282480716780418,104
1550000,6299.9999998786725,-518324.6512309939,300.6986277340112,1.0297276973057679,104
1555000,6319.9999998782,-518251.6588221486,300.7862114281287,1.0239781707174676,104
1560000,6339.999999877727,-517586.2250353142,301.1615276161105,1.0262882480256277,104
1565000,6359.999999877254,-518805.62315199873,301.1944409773623,1.0268716719396234,104
1570000,6379.999999876781,-519527.9825129921,299.36635781090405,1.0307425453304877,104
1565000,6359.999999877254,-517906.71838213736,298.4696220114124,1.025079109046454,--
1570000,6379.999999876781,-518464.24808504386,298.94632871049856,1.0253857030403704,107
1575000,6399.999999876308,-519437.55961323227,302.7855490252182,1.0259901850983049,107
1580000,6419.999999875835,-518281.9472881595,301.0658872479037,1.0284805373360866,107
1585000,6439.999999875362,-517730.5390779192,300.4369200584782,1.0264890906566742,107
1590000,6459.999999874889,-517224.7050903719,302.52864031398207,1.0259073856234144,106
1595000,6479.999999874416,-518316.8134787972,302.735061511297,1.021937335099467,106
1600000,6499.999999873943,-518758.4335029018,301.7322253075397,1.0285204532044496,106
1605000,6519.99999987347,-518221.63538217545,301.5332100030771,1.024563083124387,106
1610000,6539.999999872997,-517917.9300453826,299.9984619920162,1.0241216088194713,106
1615000,6559.999999872524,-517490.16790753324,297.7866753919618,1.0219991159070967,106
1620000,6579.999999872051,-519182.5724997646,299.5987639039618,1.0235356771060584,106
1625000,6599.999999871578,-518686.9076736234,300.95624567322676,1.0273269856029041,106
1630000,6619.9999998711055,-518417.9429209088,301.57576132296214,1.0279739554915155,106
1635000,6639.999999870633,-520048.04148084647,298.4365820041094,1.02541912481333,106
1640000,6659.99999987016,-518558.8250045269,300.93803926880196,1.0274697900253713,106
1645000,6679.999999869687,-518466.1675129761,301.13308480680985,1.0267303464239443,106
1650000,6699.999999869214,-517737.3830868583,303.37550056576697,1.0272858134191074,106
1655000,6719.999999868741,-518558.19580492633,300.5758705740665,1.0258126202341253,106
1660000,6739.999999868268,-518420.0529988173,301.4493094542465,1.02407350522329,106
1665000,6759.999999867795,-519281.4787827905,300.77276352455135,1.0272158469093124,106
1670000,6779.999999867322,-518557.9085239961,300.82008030918195,1.0257646003426588,106
1675000,6799.999999866849,-518413.2957172559,300.8978059006041,1.0252138690180435,106
1680000,6819.999999866376,-518823.78133716737,301.5669228107299,1.0280373863445436,106
1685000,6839.999999865903,-520686.13203420234,299.40191642102593,1.0338812653815566,106
1690000,6859.99999986543,-519141.2804958301,299.3327472595214,1.028585420668397,106
1695000,6879.999999864957,-518558.82512039156,301.5502747854676,1.0257408323676507,106
1700000,6899.999999864484,-517132.58565436513,298.8519259082717,1.0245646184423263,106
1705000,6919.999999864011,-518482.995917595,301.3793010497425,1.0285153586303026,106
1710000,6939.9999998635385,-518546.6937532041,300.0105876289495,1.0234379399405036,106
1715000,6959.999999863066,-517788.20443690475,301.2293573770109,1.024384348684684,106
1720000,6979.999999862593,-518163.41348869214,299.4337067323688,1.0235398924970054,106
1725000,6999.99999986212,-519120.07717023883,302.5730613857329,1.028484115333851,106
1730000,7019.999999861647,-518192.2986775215,299.91044437689783,1.0234191888951758,106
1735000,7039.999999861174,-518474.30329771084,304.0062902378627,1.0263890340621153,106
1740000,7059.999999860701,-518572.0342482561,301.313615749227,1.0267459423529766,106
1745000,7079.999999860228,-517699.36763343704,300.72306432989274,1.0256294582957795,106
1750000,7099.999999859755,-518363.3776609469,301.7706395463532,1.0210711263910317,106
1755000,7119.999999859282,-517787.16536644683,300.58760049487046,1.0203101371748309,106
1760000,7139.999999858809,-518795.49831611547,299.92027592323393,1.0265425025244503,106
1765000,7159.999999858336,-519339.4895246038,298.712912287639,1.0280583588347665,106
1770000,7179.999999857863,-519958.2582194512,299.0816827239876,1.0268575314445023,106
1775000,7199.99999985739,-518874.9731014611,301.4443946750151,1.0268687724261725,106
1780000,7219.999999856917,-516959.53066610615,303.10840038572564,1.0244680115334024,106
1785000,7239.999999856444,-519709.34456456546,299.2349527356923,1.0310923633070186,105
1790000,7259.9999998559715,-518468.3313333539,300.1188063555647,1.0259549495066969,105
1795000,7279.999999855499,-520235.85902227764,299.7873729840566,1.0257192824293664,105
1800000,7299.999999855026,-518510.2057966187,301.8875102798749,1.0293556964162036,105
1805000,7319.999999854553,-518492.5412071424,299.3997688900698,1.0250919166966566,105
1810000,7339.99999985408,-516990.8095034433,301.301570408276,1.0251414957877905,105
1815000,7359.999999853607,-519969.3316710382,301.49573617514176,1.0274670533365575,105
1820000,7379.999999853134,-517906.47032658197,301.95151032933046,1.0271291569552594,105
1825000,7399.999999852661,-517154.2654575212,303.0290063826561,1.021830454051987,105
1830000,7419.999999852188,-519781.37000465184,300.6787813124611,1.0227536953600218,105
1835000,7439.999999851715,-517279.2169274902,301.5473397058341,1.02212947829308,105
1840000,7459.999999851242,-517344.47011716757,300.431869477682,1.0252902238139159,105
1845000,7479.999999850769,-519555.51612305595,302.93034098783744,1.026572581839641,105
1850000,7499.999999850296,-518587.77149023046,299.2495086803188,1.027591979455987,105
1855000,7519.999999849823,-518494.1903336721,301.1730000476475,1.0259504648329878,105
1860000,7539.99999984935,-518618.9939352048,299.59286436741775,1.0240360641197195,105
1865000,7559.999999848877,-519197.7119365104,302.0728820885919,1.0232609112182443,105
1870000,7579.9999998484045,-518460.11709969514,299.2834884896076,1.024231687973215,105
1875000,7599.999999847932,-518328.17585096695,301.6285134782737,1.0266537514007272,105
1880000,7619.999999847459,-519288.41089659394,300.2179022302677,1.0237917062448378,105
1885000,7639.999999846986,-518045.1422231735,301.33889221980473,1.0312118361473424,105
1890000,7659.999999846513,-517289.1855608886,301.03759598933755,1.0259063643217132,105
1895000,7679.99999984604,-519725.8029960699,302.67324481199967,1.0260831659762235,105
1900000,7699.999999845567,-517878.64979363955,301.56880988362263,1.0238134475575027,105
1905000,7719.999999845094,-518977.36575751775,301.6957899190336,1.0271709130969269,105
1910000,7739.999999844621,-520061.7928279864,297.9640670532486,1.0254266742965674,105
1915000,7759.999999844148,-518361.32600405114,303.9549392402465,1.024507711183142,105
1920000,7779.999999843675,-518831.56971136294,301.85580185914023,1.0249799228753649,105
1925000,7799.999999843202,-518814.5498317338,301.2365843642968,1.0283443369917757,105
1930000,7819.999999842729,-518464.9342678657,300.2478286146539,1.0261914646076775,105
1935000,7839.999999842256,-519689.60924412473,301.15207691406346,1.027868103839817,105
1940000,7859.999999841783,-517927.17099684756,299.5469441631392,1.027926087024859,105
1945000,7879.9999998413105,-518455.27028519707,301.3718454508579,1.025045835047589,105
1950000,7899.9999998408375,-519312.2862029695,300.1973342000778,1.029414371041171,105
1955000,7919.999999840365,-517418.20366142155,299.6480354341363,1.024893791418271,105
1960000,7939.999999839892,-518565.46339384164,302.0927689537193,1.0245694673912455,105
1965000,7959.999999839419,-518236.51711995807,303.11944720562957,1.0263731003126693,105
1970000,7979.999999838946,-518669.4802498217,298.7762463878657,1.0263729016688985,105
1975000,7999.999999838473,-519662.26857655426,301.38959232484774,1.0293362518533544,105
1980000,8019.999999838,-517381.07321062684,299.36389986405226,1.0213916241443117,105
1985000,8039.999999837527,-517870.80270442204,300.296490461597,1.0273271369702621,105
1990000,8059.999999837054,-518825.6937845908,302.33442030525316,1.0261679069656269,105
1995000,8079.999999836581,-519157.820354806,302.0766071106015,1.0299665462216516,105
2000000,8099.999999836108,-519830.5419258678,299.27605196387606,1.0281527542888576,105
2005000,8119.999999835635,-518260.750172419,301.6323290346794,1.0273917190062323,105
2010000,8139.999999835162,-518793.91542369546,301.67663731916963,1.0239464349387348,105
2015000,8159.999999834689,-520227.432192639,300.18437266386553,1.0310040706064312,105
2020000,8179.999999834216,-518139.20360635244,300.5659090123308,1.0261232068135786,105
2025000,8199.999999835562,-518748.45195778273,300.30007843106785,1.0297960659208074,105
2030000,8219.999999839636,-519408.8445466135,298.5696116885255,1.0272623650838455,105
2035000,8239.99999984371,-519159.7827367862,300.76827929528906,1.02985309945705,105
2040000,8259.999999847785,-518275.3552882902,301.44739774024214,1.0249776890751487,105
2045000,8279.99999985186,-518639.4637735593,303.49443603480654,1.030193328704251,105
2050000,8299.999999855934,-519128.95071355184,299.8173307978263,1.0258852134333445,105
2055000,8319.999999860009,-518951.817198236,299.97999594136854,1.0250484027417721,105
2060000,8339.999999864083,-518181.64089128026,300.888998777454,1.025695649478673,105
2065000,8359.999999868158,-519044.43954318156,302.44444099396117,1.0244990719559846,105
2070000,8379.999999872232,-517080.98866635445,298.91342169655496,1.0252563262207404,105
2075000,8399.999999876307,-518815.49193777307,301.9774560254909,1.0291490185659151,105
2080000,8419.999999880381,-517915.1602508798,301.7082689981372,1.0278120404668551,105
2085000,8439.999999884456,-519492.1405801361,300.11912348994423,1.028025131794881,105
2090000,8459.99999988853,-518743.7246377764,301.93336683120367,1.0266297875736141,105
2095000,8479.999999892605,-518310.1679172623,302.92966197921675,1.0292767420178603,105
2100000,8499.99999989668,-519626.8306344005,301.30600406790415,1.028074639942245,105
2105000,8519.999999900754,-519322.105988808,299.4741954520371,1.0299507264399266,105
2110000,8539.999999904829,-518854.34051602683,299.5270603451727,1.0266819694561398,105
2115000,8559.999999908903,-519476.755416211,299.04274781991717,1.0240333684998062,105
2120000,8579.999999912978,-518466.56516887667,300.13370966736994,1.0259479700575276,105
2125000,8599.999999917052,-518679.286502135,299.5745841412644,1.0230102599873347,105
2130000,8619.999999921127,-519346.0708905407,302.87444154465464,1.0262562404935422,105
2135000,8639.999999925201,-518720.74579425924,302.3361203871284,1.0222408334850401,105
2140000,8659.999999929276,-519408.57236063085,300.2621425960679,1.0285704241397065,105
2145000,8679.99999993335,-518791.2871553628,299.5468070314504,1.0254838658082177,105
2150000,8699.999999937425,-519146.7622750313,302.34716235542237,1.031358205056501,105
2155000,8719.9999999415,-519067.25939976797,300.26805017287387,1.0260352641546937,105
2160000,8739.999999945574,-516822.2987981788,302.099425619331,1.0203698813890458,105
2165000,8759.999999949649,-518991.0510238812,301.8366927706343,1.0275232595582886,105
2170000,8779.999999953723,-520504.09654290485,296.653723308663,1.0277474655716397,105
2175000,8799.999999957798,-518844.30589682655,301.2415175389903,1.025924862867321,105
2180000,8819.999999961872,-519077.0339159807,300.89388135413105,1.024617983402058,105
2185000,8839.999999965947,-518443.02167329774,300.51176854993696,1.030462789364822,105
2190000,8859.999999970021,-516609.21515185176,299.04222563360923,1.0225189745777434,105
2195000,8879.999999974096,-517643.4711498688,300.97284333599083,1.023477380220773,105
2200000,8899.99999997817,-518505.9542147431,303.3531398300695,1.0237064541385508,105
2205000,8919.999999982245,-517793.7933085046,304.7686760529256,1.0255382606107029,105
2210000,8939.99999998632,-517195.9827174824,299.45960607029593,1.0242975083680166,105
2215000,8959.999999990394,-518255.3190334772,301.8052709949169,1.0221224569922478,105
2220000,8979.999999994468,-518843.78466130607,301.6563793600663,1.0265170813331452,105
2225000,8999.999999998543,-518198.76653097477,300.6398137112329,1.0235494156469087,105
2230000,9020.000000002618,-518285.0980092904,302.86198887395744,1.0214509566453644,105
2235000,9040.000000006692,-517951.76853727805,302.6876530415742,1.0288787340086403,105
2240000,9060.000000010767,-517509.1524247264,301.6256492902374,1.0225271544387557,105
2245000,9080.000000014841,-517577.5363317593,300.52748106070203,1.0229427841650032,105
2250000,9100.000000018916,-516828.33582811244,303.1877904261102,1.0216051446635477,105
2255000,9120.00000002299,-519549.1846986925,300.1630164472145,1.0285058188960863,105
2260000,9140.000000027065,-518254.8568569764,299.0765268007804,1.0253569522602484,105
2265000,9160.00000003114,-517733.48588728206,301.49720368372743,1.025945084014646,105
2270000,9180.000000035214,-518725.8032897371,300.62610657886296,1.0281734240502896,105
2275000,9200.000000039288,-518184.7811244095,303.15591420690515,1.0252885236183233,105
2280000,9220.000000043363,-517462.5925037463,300.2929521206158,1.025477507899483,105
2285000,9240.000000047437,-519334.4021718281,297.7707337747256,1.0277403129513263,105
2290000,9260.000000051512,-518871.39074750105,302.47682819915354,1.026672182431404,105
2295000,9280.000000055586,-517655.01457533566,301.5083712959398,1.0239900886901998,105
2300000,9300.000000059661,-518916.97830293654,303.6219257825165,1.0270647347610826,105
2305000,9320.000000063736,-519532.4895450154,301.8142642477132,1.0246943977385288,105
2310000,9340.00000006781,-517496.18185486365,300.62822378563146,1.0270971854965993,105
2315000,9360.000000071885,-519433.12885832717,300.1182303392587,1.0222453343286657,105
2320000,9380.00000007596,-517263.3678230739,299.16022891111174,1.0254957439773067,105
2325000,9400.000000080034,-517231.85643906123,301.5410690202829,1.0252128376998138,105
2330000,9420.000000084108,-518827.4434325283,299.7758426881176,1.0260243520138883,105
2335000,9440.000000088183,-518552.9240837053,302.94417148376857,1.0263189118956224,105
2340000,9460.000000092257,-519321.2760481818,301.3401493293269,1.029929265556572,105
2345000,9480.000000096332,-518567.7421276483,297.9483362465266,1.0233125605900213,105
2350000,9500.000000100406,-519787.1964108411,299.7615189423046,1.0291280526630517,105
2355000,9520.000000104481,-518536.78110055276,303.81056309149716,1.0221511086881379,105
2360000,9540.000000108555,-518077.9778045162,299.24420639702345,1.0261294130633507,105
2365000,9560.00000011263,-519434.62379881204,298.46731190243935,1.0265754669394227,105
2370000,9580.000000116705,-518217.39815699426,302.71199820194533,1.0253220554651994,105
2375000,9600.000000120779,-518873.3577798053,301.4341136310828,1.0243363564963528,105
2380000,9620.000000124854,-519536.16532186046,302.25080018117944,1.0293804413129712,105
2385000,9640.000000128928,-518448.17742132815,302.7431046321799,1.0298847789831773,105
2390000,9660.000000133003,-519217.4784123732,298.6434983800108,1.0239231985897197,105
2395000,9680.000000137077,-517641.0404380963,302.31939682103933,1.0266754567180905,105
2400000,9700.000000141152,-517993.2722919269,299.6519572967641,1.0254570769255669,105
2405000,9720.000000145226,-517943.44534611073,301.2905172827607,1.0274347428313821,105
2410000,9740.0000001493,-517540.047435554,302.82204979057616,1.0241794475930617,105
2415000,9760.000000153375,-519241.7458346365,300.45284761991076,1.0280969755281957,105
2420000,9780.00000015745,-518524.3622851111,302.00330726209387,1.0236041310077824,105
2425000,9800.000000161524,-516737.0066060624,297.30828585508687,1.026092853314514,105
2430000,9820.000000165599,-517604.76573389536,301.08451661163707,1.026758875341746,105
2435000,9840.000000169674,-518934.51082644705,302.4669528782971,1.025088068989724,105
2440000,9860.000000173748,-519606.39797947207,300.4928860744552,1.0283172164507506,105
2445000,9880.000000177823,-518687.38630757015,299.5324765272794,1.0283831702377328,105
2450000,9900.000000181897,-519608.3066806975,303.77558828023047,1.0260949201190128,105
2455000,9920.000000185972,-518015.42865228443,302.8798325459424,1.026283300992665,105
2460000,9940.000000190046,-518484.01769401226,298.77457102215936,1.0301743976869253,105
2465000,9960.00000019412,-518391.43199843843,298.2063009112777,1.0269342680415696,105
2470000,9980.000000198195,-518439.1510297719,302.83019636866493,1.0248853484171083,105
2475000,10000.00000020227,-518623.48820637097,300.5197226510238,1.0265739193465773,105
2480000,10020.000000206344,-519557.7362625224,303.61848497027563,1.0334003817220254,105
2485000,10040.000000210419,-518742.8532987577,299.45542103278115,1.0270889041259088,105
2490000,10060.000000214493,-519562.3858716921,299.3822997324569,1.0275774117792522,105
2495000,10080.000000218568,-518848.07835428324,303.65760926093367,1.0249216526268692,105
2500000,10100.000000222642,-517949.22542051715,299.89077826167096,1.0273331663476808,105
2505000,10120.000000226717,-518225.662241352,299.73316241046564,1.0269288581197815,105
2510000,10140.000000230792,-518846.4301609418,304.6881750242815,1.0273378177852666,105
2515000,10160.000000234866,-518313.2872962435,301.51578569549446,1.0249768314465044,105
2520000,10180.00000023894,-518571.05694488226,298.9293673363225,1.022930253513956,105
2525000,10200.000000243015,-518492.0028195337,302.8654946736467,1.0228055691763829,105
2530000,10220.00000024709,-517706.0427432498,301.6806518107122,1.0256980521528718,105
2535000,10240.000000251164,-518833.2223520493,300.87229230547797,1.0270448584053822,105
2540000,10260.000000255239,-518801.3164320551,302.9957693686728,1.0235102302637946,105
2545000,10280.000000259313,-518428.5977873965,302.36302098363063,1.029207818915824,105
2550000,10300.000000263388,-518023.14346058713,300.56246060679433,1.0259307139121832,105
2555000,10320.000000267462,-518595.1688263295,297.92157302835824,1.0246381133129314,105
2560000,10340.000000271537,-517331.5587509165,302.9440182520265,1.0249859534995207,105
2565000,10360.000000275611,-518745.4223411614,304.28796424167695,1.0249332603107972,105
2570000,10380.000000279686,-519654.065578233,298.57528237712927,1.0293272405788523,105
2575000,10400.00000028376,-518237.10854473826,302.6113956667482,1.0272032221923513,105
2580000,10420.000000287835,-518533.5963817977,301.1162834177603,1.0241554014913228,105
2585000,10440.00000029191,-518623.31954073,301.2773314564975,1.0261849028274743,105
2590000,10460.000000295984,-517561.17909027264,303.4172404020192,1.0281189237018142,105
2595000,10480.000000300059,-518526.6018461257,303.0168471410126,1.0264036967576964,105
2600000,10500.000000304133,-519230.3854229562,303.5095665472108,1.0253270561893322,105
2605000,10520.000000308208,-518596.2521066703,302.35786387303637,1.0263324753641292,105
2610000,10540.000000312282,-518234.95160361356,298.8817410959126,1.023980541372136,105
2615000,10560.000000316357,-519166.87610620353,300.9497833912169,1.0258747129649173,105
2620000,10580.000000320431,-518404.7700602957,301.53179432686295,1.0273873879069628,105
2625000,10600.000000324506,-518525.06078922306,300.5917574319705,1.027818897144263,105
2630000,10620.00000032858,-519225.013872355,303.90590740712264,1.02909517782187,105
2635000,10640.000000332655,-519286.4560389891,297.9431881507158,1.024103892451652,105
2640000,10660.00000033673,-519615.0458787889,301.8636965256511,1.0268632373043614,105
2645000,10680.000000340804,-518245.656008926,301.39048643660215,1.0264105324876192,105
2650000,10700.000000344879,-518746.8346120438,299.4370530535269,1.0284801179619019,105
2655000,10720.000000348953,-519103.47600981314,302.56149793342155,1.0313762032677842,105
2660000,10740.000000353028,-518741.5851483308,302.0391069835179,1.027584535733461,105
2665000,10760.000000357102,-519173.16727580875,302.3415339320609,1.027483065840384,105
2670000,10780.000000361177,-519477.079993112,300.22315233978276,1.0274654559343905,105
2675000,10800.000000365251,-518645.0616025131,299.64442699274895,1.0280106840261072,105
2680000,10820.000000369326,-517407.2114715122,299.0391355543597,1.02365252431719,105
2685000,10840.0000003734,-518990.67905025673,302.4000787113825,1.0328237241523912,105
2690000,10860.000000377475,-518556.4450460556,302.9034594503427,1.02970834870865,105
2695000,10880.00000038155,-518804.3763076083,298.606477361498,1.0258055785226565,105
2700000,10900.000000385624,-518812.6971741966,300.0661255476024,1.026945526039825,105
2705000,10920.000000389698,-518234.1385972388,301.8200230463056,1.0243979097236997,105
2710000,10940.000000393773,-518261.0567620001,302.62522020103603,1.026125014048608,105
2715000,10960.000000397848,-519927.5500081342,302.42929529765263,1.0290249718483218,105
2720000,10980.000000401922,-518500.99345212453,303.11005504104367,1.0247959536295386,105
2725000,11000.000000405997,-518483.9383480458,303.74514965896765,1.0266804355126151,105
2730000,11020.000000410071,-519411.4848624612,302.2590183817615,1.0283512614655634,105
2735000,11040.000000414146,-517911.3707371594,300.67482397247517,1.024298797073615,105
2740000,11060.00000041822,-518428.2548202134,300.0128102071062,1.024914492164599,105
2745000,11080.000000422295,-517701.550587642,302.02902539949224,1.02454732412865,105
2750000,11100.00000042637,-517571.0717541785,301.3571801725832,1.0251091842180093,105
2755000,11120.000000430444,-518590.8815427283,300.87280722552174,1.0281325112408572,105
2760000,11140.000000434518,-518918.0828525701,300.6676155860699,1.0253247682181568,105
2765000,11160.000000438593,-520139.9459377832,302.06343712693837,1.0337553326458524,105
2770000,11180.000000442667,-517854.56409265916,300.63595978653507,1.0239608041977615,105
2775000,11200.000000446742,-519357.94880079525,300.10453669150314,1.0249315167403323,105
2780000,11220.000000450817,-519432.2184317019,299.92519191859117,1.0275859639186629,105
2785000,11240.000000454891,-519605.8400742104,301.89825733869986,1.0289961175428528,105
2790000,11260.000000458966,-519574.6545402105,298.2316985564632,1.023772905011731,105
2795000,11280.00000046304,-518688.14694722276,301.97006763065855,1.0250450684456727,105
2800000,11300.000000467115,-518561.47021224163,300.6994743664551,1.0226244444713202,105
2805000,11320.00000047119,-518687.36304138484,298.4294335098668,1.0275204105876843,105
2810000,11340.000000475264,-520961.3672745023,303.650465383393,1.0302495003764613,105
2815000,11360.000000479338,-519407.46806967095,303.48789140197584,1.026701193491895,105
2820000,11380.000000483413,-517853.2508269807,299.52463931229397,1.0270280553588296,105
2825000,11400.000000487487,-519337.8703831595,302.24268162540744,1.0284712562446188,105
2830000,11420.000000491562,-519333.8282119557,302.5720387751551,1.0304995782027118,105
2835000,11440.000000495636,-518665.0549640639,299.0625256427593,1.0227806743588865,105
2840000,11460.000000499711,-518931.7130689714,300.41764935360777,1.0264104146538982,105
2845000,11480.000000503785,-519005.4375185829,299.2014481293546,1.0273636030068465,105
2850000,11500.00000050786,-518512.24537381483,300.46424510897896,1.027305396799896,105
2855000,11520.000000511935,-518330.5091374945,302.6414499518503,1.0218773144744413,105
2860000,11540.00000051601,-518618.4187487322,301.87998215697536,1.0303476604326292,105
2865000,11560.000000520084,-518405.533605027,300.86658331248947,1.0233131867610727,105
2870000,11580.000000524158,-519240.8001719087,301.61665305059506,1.0208908105532641,105
2875000,11600.000000528233,-517948.0806479496,299.1066929701046,1.0242214001966532,105
2880000,11620.000000532307,-518817.89715400035,301.6698311036755,1.025671316107834,105
2885000,11640.000000536382,-518356.8424368212,298.90658185446915,1.026836660055914,105
2890000,11660.000000540456,-519329.4431353535,302.10481677267154,1.0289371846480277,105
2895000,11680.00000054453,-519276.21927288105,302.46613857913945,1.0264053279906835,105
2900000,11700.000000548605,-516937.9696300125,302.54207771057963,1.0252471940692431,105
2905000,11720.00000055268,-518282.55958224414,297.56036375964516,1.022756895044578,105
2910000,11740.000000556754,-518425.9372108318,303.3921087542023,1.024322144618183,105
2915000,11760.000000560829,-517628.1826973127,303.55822263905713,1.0271025106207685,105
2920000,11780.000000564904,-519369.05120897386,302.4903977353912,1.025657871059836,105
2925000,11800.000000568978,-520280.6395881905,299.2956931669529,1.0269479881573682,105
2930000,11820.000000573053,-518607.7717397432,300.34952186146376,1.0246440185220922,105
2935000,11840.000000577127,-519458.93718021526,303.8193170361547,1.028230599432693,105
2940000,11860.000000581202,-519797.9920601628,300.70370491397887,1.025337692812164,105
2945000,11880.000000585276,-519381.34228629037,299.8927571306539,1.025895124218978,105
2950000,11900.00000058935,-518889.81519733137,300.6538322533436,1.0253320998794428,105
2955000,11920.000000593425,-517533.33887874754,300.15265205333793,1.0275674590769792,105
2960000,11940.0000005975,-518871.9636872895,300.2635462187702,1.0297134026101782,105
2965000,11960.000000601574,-517893.7901967459,302.2798806330103,1.0253706338748036,105
2970000,11980.000000605649,-518315.0177093891,300.84163768750864,1.0278672381220997,105
2975000,12000.000000609723,-518438.79735237756,301.94169084455683,1.0270298966924314,105
2980000,12020.000000613798,-518800.58445763704,303.0437295981535,1.024153304798973,105
2985000,12040.000000617873,-519081.1799666381,300.71177233017676,1.0242616099806743,105
2990000,12060.000000621947,-517611.72676611575,301.096211784069,1.0219934882395312,105
2995000,12080.000000626022,-519035.08276081365,303.6124416804488,1.0263679273475868,105
3000000,12100.000000630096,-518470.5407825152,302.66073544173605,1.0290415179288832,105
3005000,12120.00000063417,-519314.35345698847,302.2608479913283,1.0237857331344864,105
3010000,12140.000000638245,-518852.8172022116,301.57776788055,1.024213266637656,105
3015000,12160.00000064232,-519002.8621235606,304.63297655653025,1.0261972121809728,105
3020000,12180.000000646394,-519243.9912509464,300.7567456204603,1.0273700337435474,105
3025000,12200.000000650469,-518078.33907021675,301.98658479479997,1.0239140717287483,105
3030000,12220.000000654543,-518121.6397031257,301.19461412889854,1.0231942135987884,105
3035000,12240.000000658618,-517965.7607106301,301.7755524436657,1.0260403339114599,105
3040000,12260.000000662692,-518479.99288314534,304.0557620042535,1.0224942970107056,105
3045000,12280.000000666767,-518235.98312854604,302.0325410097085,1.0268678018443356,105
3050000,12300.000000670841,-519073.4491158109,301.466262813552,1.0255600382424295,105
3055000,12320.000000674916,-519122.11009100475,300.2908398292111,1.0279432161192104,105
3060000,12340.00000067899,-518197.1980681536,298.12250244235497,1.0240512297297695,105
3065000,12360.000000683065,-518514.4288754128,297.84650161494733,1.0235382751411264,105
3070000,12380.00000068714,-517533.5358103309,301.30139386998576,1.022004683448088,105
3075000,12400.000000691214,-518843.3184715719,298.8621024324069,1.0263911308968967,105
3080000,12420.000000695289,-519792.524833899,299.58477860327054,1.0288916427370753,105
3085000,12440.000000699363,-517866.7852226156,301.81993610209446,1.0252835437656285,105
3090000,12460.000000703438,-518606.97163414885,301.59355047754167,1.0258410332141072,105
3095000,12480.000000707512,-518893.2812377063,300.56014435556114,1.0271210994613726,105
3100000,12500.000000711587,-519317.490008523,302.4152801779284,1.029103838226212,105
3105000,12520.000000715661,-519207.09336867835,302.94173405063293,1.025749065479136,105
3110000,12540.000000719736,-520075.5826939433,302.11003956450054,1.0276997753333665,105
3115000,12560.00000072381,-519561.06223395816,302.8302399702364,1.0253984209762144,105
3120000,12580.000000727885,-518946.0664346507,300.39082450370597,1.0270731655162895,105
3125000,12600.00000073196,-516601.028467342,300.3206050116832,1.0191370760054637,105
3130000,12620.000000736034,-517767.7735197665,300.5636329809234,1.0296706286801658,105
3135000,12640.000000740109,-519273.53185315407,300.77683014075905,1.0267324887654308,105
3140000,12660.000000744183,-519312.141799059,301.53891622168175,1.0270106832802637,105
3145000,12680.000000748258,-518440.2348989784,299.3665933084554,1.0237336008046867,105
3150000,12700.000000752332,-519221.8401827621,302.1086840594405,1.0283997137142555,105
3155000,12720.000000756407,-518045.51940398803,299.5998154175522,1.023004686102566,105
3160000,12740.000000760481,-519207.03518492845,302.7065229302551,1.0286635239351958,105
3165000,12760.000000764556,-517286.1264227496,299.62812044067607,1.0234917359783917,105
3170000,12780.00000076863,-517218.0169328004,302.2842604245262,1.0242029666914627,105
3175000,12800.000000772705,-518588.2304002715,300.32026081653197,1.0250685072689552,105
3180000,12820.00000077678,-518712.0697721101,302.53904892406405,1.0259871350005612,105
3185000,12840.000000780854,-518767.2248014556,301.20198348551827,1.0263669834991822,105
3190000,12860.000000784928,-519643.2616582862,300.3751057875299,1.026720696619853,105
3195000,12880.000000789003,-519875.20775907,301.14305306682087,1.0271505715582139,105
3190000,12860.000000784928,-519586.74091469403,301.6697943943351,1.0289194789633147,--
3195000,12880.000000789003,-518219.32025986887,298.23800013316685,1.0263871620092677,106
3200000,12900.000000793078,-518083.4469514943,301.5633296907923,1.022791560099208,106
3205000,12920.000000797152,-518082.6048443506,299.4065033126042,1.0264038369702675,106
3210000,12940.000000801227,-519110.4623548032,301.13805554284943,1.0270426422682852,106
3215000,12960.000000805301,-519471.0059326661,299.2397052738551,1.026734743091372,106
3220000,12980.000000809376,-518390.0124955496,299.7179131621662,1.0267631721978114,106
3225000,13000.00000081345,-519211.357828574,300.4228769799317,1.0269736362017148,106
3230000,13020.000000817525,-518815.45576209645,303.4230998396691,1.026691649224509,106
3235000,13040.0000008216,-519589.73494901555,301.18950299548163,1.0268305407573903,105
3240000,13060.000000825674,-518241.74551874865,299.83541144250216,1.0285225289494826,105
3245000,13080.000000829748,-518071.45747182844,298.6959453938075,1.0270294917004894,105
3250000,13100.000000833823,-518520.977921827,300.65409137629797,1.0263641398673724,105
3255000,13120.000000837897,-519412.7001668173,299.34156658932415,1.024577014740589,105
3260000,13140.000000841972,-518236.1090278658,301.82524627227303,1.0289271175147898,105
3265000,13160.000000846047,-518936.5124957806,301.6054967311632,1.021053216440784,105
3270000,13180.000000850121,-518464.46087651025,298.6110570855878,1.0283176436854624,105
3275000,13200.000000854196,-518317.2977433449,302.78568671289906,1.0250449620680404,105
3280000,13220.00000085827,-517939.4017868885,300.3710855132575,1.024092760430899,105
3285000,13240.000000862345,-518513.12672557705,300.6861116173906,1.021627458129992,105
3290000,13260.00000086642,-518843.20024233055,298.6931157029998,1.0276686023077664,105
3295000,13280.000000870494,-517956.31000844575,301.7159586695577,1.0237902224474382,105
3300000,13300.000000874568,-519330.88714381587,303.0969197707567,1.0273076802510868,105
3305000,13320.000000878643,-518945.0552637405,300.2275335983757,1.0247404549335797,105
3310000,13340.000000882717,-518503.73479589075,300.4854673252779,1.028209698400105,105
3315000,13360.000000886792,-518956.78091705916,301.5138087424187,1.0262851707065703,105
3320000,13380.000000890866,-516999.87726687547,302.7507066422829,1.0250304033511008,105
3325000,13400.000000894941,-518776.5476439891,299.5662504591594,1.0286524516517925,105
3330000,13420.000000899016,-518714.50186852994,299.55184948279197,1.0283967082984344,105
3335000,13440.00000090309,-517398.8691447072,302.04077262020166,1.025898779205536,105
3340000,13460.000000907165,-518208.17525655613,299.2525443147506,1.0298450893777054,105
3345000,13480.00000091124,-517492.00271629426,301.8489152029712,1.0242899630241442,105
3350000,13500.000000915314,-519121.182368716,300.108059699574,1.0301477487673754,105
3355000,13520.000000919388,-518021.23293046234,298.72040079904406,1.026438328338878,105
3360000,13540.000000923463,-517254.67853269493,300.44473789789413,1.0284760888001492,105
3365000,13560.000000927537,-520690.6742213159,301.808160694654,1.0251954561765177,105
3370000,13580.000000931612,-518706.4456693444,303.05997504081705,1.0260042979326334,105
3375000,13600.000000935686,-518237.78246774245,300.68925891659484,1.0275634814330072,105
3380000,13620.00000093976,-518562.53800112545,299.64255882414125,1.0258447324888411,105
3385000,13640.000000943835,-518498.4648137342,301.2105354341249,1.026257124662693,105
3390000,13660.00000094791,-519224.9819863129,301.03218439512614,1.0234733220100634,105
3395000,13680.000000951984,-518649.31185301347,300.43837172735545,1.025839287101995,105
3400000,13700.000000956059,-518682.30333456816,301.1629951319649,1.024644355500524,105
3405000,13720.000000960134,-518629.84651152836,298.80436113083863,1.0261122200025306,105
3410000,13740.000000964208,-518033.2926596976,300.2934065742132,1.030391063006386,105
3415000,13760.000000968283,-519489.05954336165,299.840116266096,1.024892293677734,105
3420000,13780.000000972357,-519493.72727257805,298.68637912310317,1.0263130091653478,105
3425000,13800.000000976432,-518734.5296338047,300.89020164549265,1.0235959457857937,105
3430000,13820.000000980506,-519103.33753357804,299.53082898735767,1.0269907720514055,105
3435000,13840.00000098458,-518607.84243954765,300.6963352325316,1.0252030881316891,105
3440000,13860.000000988655,-518639.2960007079,299.68326938779967,1.0292408404804478,105
3445000,13880.00000099273,-518223.2193602426,299.2753240204083,1.0232567241872845,105
3450000,13900.000000996804,-518937.4105949134,301.9883377924865,1.031010942941219,105
3455000,13920.000001000879,-519671.9184477776,297.8731728647289,1.0302982241529763,105
3460000,13940.000001004953,-519228.60491281934,302.19346966411257,1.0278383562936981,105
3465000,13960.000001009028,-519191.4696851813,300.904795426745,1.0241799891158836,105
3470000,13980.000001013103,-519311.31614715117,301.47611280448376,1.0293350568232544,105
3475000,14000.000001017177,-518420.9609036911,299.1719189579201,1.023397296740363,105
3480000,14020.000001021252,-519474.06449848553,299.1500262247448,1.0306620120447765,105
3485000,14040.000001025326,-519455.6243148325,300.8107177311909,1.0278938114355056,105
3490000,14060.0000010294,-518979.15933954204,298.9049563411394,1.0261042943264973,105
3495000,14080.000001033475,-518350.77031759615,301.3039436611614,1.0280294982578773,105
3500000,14100.00000103755,-519042.37875800533,301.00315258020856,1.0281077911327148,105
3505000,14120.000001041624,-518410.65467235376,301.8796505312142,1.0280536680769374,105
3510000,14140.000001045699,-519722.85694309627,300.76316164509444,1.0303858351296613,105
3515000,14160.000001049773,-518182.6415249738,301.219175966091,1.0258728381075106,105
3520000,14180.000001053848,-519229.96518763946,297.6233184384256,1.0257413333956362,105
3525000,14200.000001057922,-517513.7611771927,300.5499337292534,1.0253691909992426,105
3530000,14220.000001061997,-520068.5409867915,300.93038542002853,1.030504232425406,105
3535000,14240.000001066071,-518752.1576531383,299.48215994212325,1.0249587978224184,105
3540000,14260.000001070146,-518816.8273208514,301.846393820014,1.0243977228903953,105
3545000,14280.00000107422,-518391.89052363345,304.03056825034514,1.0260645086951858,105
3550000,14300.000001078295,-519661.7885246675,301.2504007674595,1.024060643546344,105
3555000,14320.00000108237,-518325.16056612344,300.74992410422874,1.0267325134107663,105
3560000,14340.000001086444,-518834.4578796292,300.1053301034118,1.0295927104222273,105
3565000,14360.000001090519,-519784.1613315251,300.1326452214919,1.0279131159089436,105
3570000,14380.000001094593,-518167.89698681934,301.91945070641833,1.026715629006925,105
3575000,14400.000001098668,-517096.6822580134,300.72580668087113,1.024338035477142,105
3580000,14420.000001102742,-517890.5439168599,299.5585513168289,1.0227921795090165,105
3585000,14440.000001106817,-517629.8871703942,301.61521211366585,1.0242652597459112,105
3590000,14460.000001110891,-517797.5996761583,302.6791166604672,1.0249434586333914,105
3595000,14480.000001114966,-518782.55267353915,298.31457065798907,1.028499761566435,105
3600000,14500.00000111904,-518161.75861812034,299.4800493102188,1.0252633297673037,105
3605000,14520.000001123115,-518393.2584606984,301.78966947246823,1.0261798405275484,105
3610000,14540.00000112719,-517923.96974658687,301.6757704862685,1.024676702449297,105
3615000,14560.000001131264,-520118.83841000404,302.4645789148289,1.0247396888597589,105
3620000,14580.000001135339,-519021.69704981684,299.21029041007944,1.0263589676010085,105
3625000,14600.000001139413,-517494.7187744039,302.60493794646055,1.024510247903297,105
3630000,14620.000001143488,-518189.0641346832,300.1619923370894,1.0289850521617,105
3635000,14640.000001147562,-519041.59638098744,302.55360254367065,1.0269263072025963,105
3640000,14660.000001151637,-518688.2510786336,299.708047190194,1.024251231659022,105
3645000,14680.000001155711,-518864.204506631,302.45570220289574,1.0292958227651938,105
3650000,14700.000001159786,-518495.12812154763,296.85625993213915,1.02864626064911,105
3655000,14720.00000116386,-518600.4006796733,301.46317647774,1.023029624706695,105
3660000,14740.000001167935,-518255.490433611,297.301353652412,1.0232117589802638,105
3665000,14760.00000117201,-518740.94410847477,297.06127926896636,1.0283567660899426,105
3670000,14780.000001176084,-519010.96074600704,302.032732485118,1.0298834988404006,105
3675000,14800.000001180159,-518830.903274104,299.91072398930913,1.0288860592230817,105
3680000,14820.000001184233,-518436.13542967336,301.6027169928377,1.026672177538709,105
3685000,14840.000001188308,-519433.73074952886,299.73637228223026,1.0278497205893435,105
3690000,14860.000001192382,-518605.04679629905,300.32597878113853,1.0247217750561992,105
3695000,14880.000001196457,-517738.77225831687,302.29557637352445,1.0255744141491872,105
3700000,14900.000001200531,-518913.6450531215,302.21098587541593,1.0275160811727377,105
3705000,14920.000001204606,-517936.61244791443,305.4003325436273,1.021097837210745,105
3710000,14940.00000120868,-518826.16785142827,302.1699860862162,1.0270547324353945,105
3715000,14960.000001212755,-518167.66678345576,300.1657067637475,1.0248736884571827,105
3720000,14980.00000121683,-519502.0281313993,300.9197674201742,1.0258333601225944,105
3725000,15000.000001220904,-518282.73344991123,300.9454721070458,1.0251070927270192,105
3730000,15020.000001224978,-518047.50801449246,300.6547592737117,1.0245802117617795,105
3735000,15040.000001229053,-518947.19109201455,299.92230919693355,1.030599125559508,105
3740000,15060.000001233127,-517572.7204050238,301.6621227410722,1.0272007196278583,105
3745000,15080.000001237202,-519456.66698587127,302.9614188984793,1.0269323298267834,105
3750000,15100.000001241277,-517671.4803672759,298.58601497744075,1.0253571096168328,105
3755000,15120.000001245351,-519279.6943897535,299.7537315517849,1.0285974189031728,105
3760000,15140.000001249426,-518134.30977092613,301.80966134699185,1.026516043360888,105
3765000,15160.0000012535,-518269.32237798953,302.2509098994467,1.023170326136581,105
3770000,15180.000001257575,-518740.6359167574,300.2323034588377,1.0260487852322788,105
3775000,15200.00000126165,-518941.7576009326,301.4789699642385,1.0287135368223468,105
3780000,15220.000001265724,-519644.7599262416,298.04231458934737,1.026167576702919,105
3785000,15240.000001269798,-520724.2642789837,302.9745421725845,1.0295133402994916,105
3790000,15260.000001273873,-519436.88014034764,300.8690706221991,1.026144396698135,105
3795000,15280.000001277947,-518181.6433358269,299.9052324566197,1.029560048252262,105
3800000,15300.000001282022,-518619.4679862615,301.55322489301176,1.027217208278767,105
3805000,15320.000001286096,-518450.806891826,303.0766140901847,1.0273049219662445,105
3810000,15340.000001290171,-519071.2261553451,300.57587429342556,1.0279232644901672,105
3815000,15360.000001294246,-518253.38694803556,299.7889596593366,1.0232638620339827,105
3820000,15380.00000129832,-518961.02303724946,300.74873037138593,1.0247462122371038,105
3825000,15400.000001302395,-518435.88854987314,299.14652739794855,1.0240634867338676,105
3830000,15420.00000130647,-518832.36098222435,300.54284296339546,1.028505753287369,105
3835000,15440.000001310544,-518582.27037275117,299.6475873355901,1.0305233829894342,105
3840000,15460.000001314618,-518275.58326849947,302.3509249397204,1.0284419553916209,105
3845000,15480.000001318693,-518893.7582887595,302.0005461691997,1.025826451213595,105
3850000,15500.000001322767,-518144.31366833043,302.9267398249146,1.0297122960446998,105
3855000,15520.000001326842,-519396.11778600095,300.83338147006583,1.0251941201007737,105
3860000,15540.000001330916,-518515.45462378766,302.31972474818957,1.0221835977228086,105
3865000,15560.00000133499,-519846.8833673983,300.07654550958733,1.0257712400567138,105
3870000,15580.000001339065,-518585.47763192933,302.6257158828115,1.0286035104198812,105
3875000,15600.00000134314,-517531.2636528178,300.77651340476973,1.0280831574426317,105
3880000,15620.000001347214,-519960.04499448696,304.28378082110083,1.0252591172872747,105
3885000,15640.000001351289,-518214.6005027797,299.519801257987,1.0215068109813101,105
3890000,15660.000001355364,-519469.6185358593,301.3465585079778,1.027831945600608,105
3895000,15680.000001359438,-517122.29525208194,300.8223530820671,1.0223596287515786,105
3900000,15700.000001363513,-518941.44055930874,301.28823458013846,1.0278856829496685,105
3905000,15720.000001367587,-519486.6482284835,300.2985925522716,1.0294550145771308,105
3910000,15740.000001371662,-519024.84362945915,299.21131913360915,1.0289206593814395,105
3915000,15760.000001375736,-518367.9145298421,301.40316336390856,1.0215755520710912,105
3920000,15780.00000137981,-518481.091744096,298.4337089619362,1.0267447354499737,105
3925000,15800.000001383885,-518725.68128026533,299.7189897960259,1.0255673473945404,105
3930000,15820.00000138796,-517962.54137000395,303.195501082687,1.0252217606850087,105
3935000,15840.000001392034,-518857.3133858,305.0818998119587,1.0306782251699174,105
3940000,15860.000001396109,-519047.06603105157,301.63303662735274,1.0234279582713026,105
3945000,15880.000001400183,-518998.22943713516,301.6561618718966,1.0319914640923165,105
3950000,15900.000001404258,-516911.06135700736,305.2036692577949,1.025829652105731,105
3955000,15920.000001408333,-519398.69908033824,299.9694202771971,1.0259891911656314,105
3960000,15940.000001412407,-519314.0499874046,300.2758208286333,1.0280207743322571,105
3965000,15960.000001416482,-517862.8081621998,301.4991378104258,1.0253945006683047,105
3970000,15980.000001420556,-517713.14194460213,302.8317401166437,1.0212547113562696,105
3975000,16000.00000142463,-518530.50538799167,300.5539466979243,1.0217661547392627,105
3980000,16020.000001428705,-519196.83247370017,300.07385189887634,1.0241026277461942,105
3985000,16040.00000143278,-517597.99373562424,300.58116997006806,1.026336465840708,105
3990000,16060.000001436854,-518606.0463749992,300.9691720405104,1.0279262840875982,105
3995000,16080.000001440929,-519202.41937005124,300.3049921728104,1.0208604842315616,105
4000000,16100.000001445003,-519968.1252770121,301.1469623897659,1.030453362087183,105
4005000,16120.000001449078,-519173.1415615936,300.31014226661904,1.0267935683387588,105
4010000,16140.000001453152,-517153.2707994464,303.8088634155508,1.0266828675692752,105
4015000,16160.000001457227,-518913.288264771,302.9368589724338,1.0312209961127914,105
4020000,16180.000001461302,-518533.6727052466,300.42311455854974,1.0254756055091374,105
4025000,16200.000001465376,-518192.70144967665,298.3284485911365,1.022997472045488,105
4030000,16220.00000146945,-517301.5068680118,302.26978153269295,1.0249676511282901,105
4035000,16240.000001473525,-517730.8548894541,300.9623198058937,1.0237433498280883,105
4040000,16260.0000014776,-519289.26208826015,299.5221872710367,1.0248202024561748,105
4045000,16280.000001481674,-517663.69236053317,302.64857528134326,1.0235101724003315,105
4050000,16300.000001485749,-517766.17952156346,299.2569141313391,1.0244210027151692,105
4055000,16320.000001489823,-518746.75231385604,299.9929460674194,1.0250259198121987,105
4060000,16340.000001493898,-519183.9616476251,303.1983646083216,1.0268791146461602,105
4065000,16360.000001497972,-516931.3994782944,299.6045432713726,1.0255885262359217,105
4070000,16380.000001502047,-518739.734598394,302.3009439687026,1.02854064647654,105
4075000,16400.00000150612,-519829.7910381863,303.6416167650808,1.027381930689713,105
4080000,16420.000001510194,-519594.8049648886,301.437264887989,1.029412461102334,105
4085000,16440.00000151427,-518103.2215298943,301.9960720137098,1.0284635751729885,105
4090000,16460.000001518343,-517842.29658578243,300.9166869329276,1.027581523511447,105
4095000,16480.000001522418,-518584.077155252,298.80028944426186,1.0265417784893736,105
4100000,16500.000001526492,-517454.1321161636,301.4760262261725,1.0259734140273364,105
4105000,16520.000001530567,-519451.0002942756,300.2838147399499,1.0284649375404327,105
4110000,16540.00000153464,-519550.92438828945,299.1950338295557,1.0274521184827543,105
4115000,16560.000001538716,-518832.9176745678,299.73311308764903,1.0236652758453344,105
4120000,16580.00000154279,-517798.2553109573,302.2255345708532,1.030205636710655,105
4125000,16600.000001546865,-518493.12385765417,301.3080009273111,1.0287857050760318,105
4130000,16620.00000155094,-517742.10550241265,296.88692188454206,1.027661032523326,105
4135000,16640.000001555014,-519561.62760132365,301.04667245835117,1.0265717714170792,105
4140000,16660.00000155909,-518967.19485509396,298.7218357902303,1.0273794066369994,105
4145000,16680.000001563163,-519094.8120249994,301.12012125491776,1.0263123857267973,105
4150000,16700.000001567238,-518544.28724832856,300.6437822197356,1.027298314654986,105
4155000,16720.000001571312,-519219.3977366665,300.625231860847,1.030545025807485,105
4160000,16740.000001575387,-518883.322048116,301.1447537491367,1.0259259888105465,105
4165000,16760.00000157946,-519300.93797327275,302.1050361144418,1.0305755543625954,105
4170000,16780.000001583536,-519153.4475887185,306.0810734650262,1.0262090337143421,105
4175000,16800.00000158761,-517869.9553928713,302.53054648904254,1.025456856386657,105
4180000,16820.000001591685,-518399.7560452835,300.40425561858433,1.0250880641681703,105
4185000,16840.00000159576,-517940.906705057,302.9284963132449,1.0284619740158851,105
4190000,16860.000001599834,-518189.8510141489,303.1583232691426,1.0258141228703297,105
4195000,16880.00000160391,-518655.5512348423,300.05165612406756,1.0294680856341631,105
4200000,16900.000001607983,-518575.76143498486,299.71115169987763,1.028981758557749,105
4205000,16920.000001612058,-519900.5462457321,301.1146433887377,1.029287940052369,105
4210000,16940.000001616132,-517988.05085418397,302.25869340661114,1.0282477655538513,105
4215000,16960.000001620207,-519198.40585151454,300.20452071446596,1.0283283599901762,105
4220000,16980.00000162428,-518796.3420703935,301.3573679105577,1.023331349526639,105
4225000,17000.000001628356,-518754.58635668154,300.1508328024349,1.026479369235214,105
4230000,17020.00000163243,-517813.42148132785,301.6222147078651,1.0291333442771782,105
4235000,17040.000001636505,-519094.96939541236,300.8433999298703,1.026220753369827,105
4240000,17060.00000164058,-519351.1342178162,301.80353884175366,1.027089841961334,105
4245000,17080.000001644654,-518470.6712738059,300.0528756858788,1.0306811610688873,105
4250000,17100.00000164873,-518598.0374385668,301.83800950084236,1.0282804443843687,105
4255000,17120.000001652803,-517630.8789177139,303.5210332010509,1.0269854434405015,105
4260000,17140.000001656877,-518311.81963445176,301.73048518633277,1.0251418010067492,105
4265000,17160.000001660952,-518282.04500126047,301.87890500092055,1.0231426061112685,105
4270000,17180.000001665027,-518443.62694151513,299.3823794468937,1.027994941947132,105
4275000,17200.0000016691,-518706.8812032081,300.9233085078357,1.0307108297712275,105
4280000,17220.000001673176,-518911.4402276664,300.0912673531756,1.0268144255455833,105
4285000,17240.00000167725,-519054.5471422048,298.96347055710544,1.0282795440611756,105
4290000,17260.000001681325,-518137.1322918872,299.95721164137404,1.024728968982382,105
4295000,17280.0000016854,-517967.0401782193,301.5833139376669,1.0251901028173342,105
4300000,17300.000001689474,-519204.08435488446,300.52440415438474,1.0255000759367998,105
4305000,17320.00000169355,-519160.9629752387,302.1073023988463,1.0276374983528642,105
4310000,17340.000001697623,-519258.1436036385,300.3079653017844,1.0288932340768786,105
4315000,17360.000001701697,-518301.56048714323,300.89107511410754,1.0243609092299286,105
4320000,17380.000001705772,-519468.98618680844,299.76798954294344,1.0269383221936832,105
4325000,17400.000001709846,-518387.8014960557,302.58611616651166,1.02517712831281,105
4330000,17420.00000171392,-519343.3589163525,302.2489787712478,1.0264574658410102,105
4335000,17440.000001717995,-518777.39499992644,301.521030750694,1.0229088492757887,105
4340000,17460.00000172207,-519487.35694621294,299.37916535973727,1.0266430080444193,105
4345000,17480.000001726145,-519211.2312984809,298.43578693192,1.0294203459133875,105
4350000,17500.00000173022,-519638.34747162065,299.6669695422758,1.0267431264116262,105
4355000,17520.000001734294,-518346.1683608582,300.6394140560469,1.0275889747146698,105
4360000,17540.000001738368,-518402.1154891276,299.7117629913784,1.022873175160784,105
4365000,17560.000001742443,-518226.6458258687,299.5158477789547,1.0282857586732843,105
4370000,17580.000001746517,-520423.89437318593,299.46576544757664,1.0324950456003605,105
4375000,17600.00000175059,-520083.00244909036,299.4085271302019,1.0284301525953645,105
4380000,17620.000001754666,-518207.508864186,300.033350059574,1.0227876608640065,105
4385000,17640.00000175874,-519578.5317399127,301.8666233681838,1.0279124765047867,105
4390000,17660.000001762815,-517647.39289939567,299.95357589741513,1.0207954943604804,105
4395000,17680.00000176689,-518895.3011857567,299.22920041145113,1.0232512183591753,105
4400000,17700.000001770964,-518344.0302049848,299.92834550606574,1.0231802124159812,105
4405000,17720.00000177504,-519905.96993791196,302.99693283479854,1.0270867618583315,105
4410000,17740.000001779114,-519193.22488528746,300.48161893505295,1.0249075153671274,105
4415000,17760.000001783188,-518699.8044485545,301.4679702984317,1.0236720286109937,105
4420000,17780.000001787263,-519609.23758217366,301.8694878795774,1.0236066029060453,105
4425000,17800.000001791337,-517580.3607155662,300.8931865656354,1.021533415660648,105
4430000,17820.00000179541,-517734.5744418609,302.04733231245217,1.023469607179084,105
4435000,17840.000001799486,-518115.33166436036,300.9805097251388,1.0264141234410846,105
4440000,17860.00000180356,-517622.01574413176,300.6280127995357,1.0226454649028396,105
4445000,17880.000001807635,-518665.22438030154,303.1115745663136,1.0245974276719307,105
4450000,17900.00000181171,-518827.59640347166,300.36291084766384,1.0286643310704426,105
4455000,17920.000001815784,-517744.41825993266,299.9958874768913,1.0265031861024683,105
4460000,17940.00000181986,-518805.7479512282,298.71160059883914,1.0236748644188802,105
4465000,17960.000001823933,-518380.97541417787,298.97384132403494,1.0241918920987951,105
4470000,17980.000001828008,-519318.97213671147,301.2813312136086,1.0276990053104427,105
4475000,18000.000001832082,-517821.73098278674,300.8369730637063,1.024142487568247,105
4480000,18020.000001836157,-518369.87794384523,298.27564387253983,1.0301663167183743,105
4485000,18040.00000184023,-519268.15394781996,300.98509439443956,1.0286739576209845,105
4490000,18060.000001844306,-519920.998885812,301.46279899292205,1.025944368740788,105
4495000,18080.00000184838,-519024.6567795845,303.4110345084942,1.0234575607449132,105
4500000,18100.000001852455,-518783.0198403504,299.78158922456896,1.0255656122492083,105
4505000,18120.00000185653,-519261.3189223702,301.53195553104825,1.026654802814876,105
4510000,18140.000001860604,-518069.6532468358,303.2867849894716,1.0237264061829627,105
4515000,18160.00000186468,-519286.59027182544,303.0078505224988,1.0308567795885049,105
4520000,18180.000001868753,-518499.72152273124,301.2447179483018,1.0289459378342207,105
4525000,18200.000001872828,-519105.41504761926,300.8700527758433,1.025810266965275,105
4530000,18220.000001876902,-518153.9595993031,301.5283323887956,1.0240133603731714,105
4535000,18240.000001880977,-518310.83845296246,301.5220512541817,1.0285000628610323,105
4540000,18260.00000188505,-519228.8700144971,301.27526212647416,1.0267949041476254,105
4545000,18280.000001889126,-518979.8642681788,301.99335244602094,1.0251852869362852,105
4550000,18300.0000018932,-518240.3442568546,301.0444200547143,1.0232875416881189,105
4555000,18320.000001897275,-518947.45058885333,301.9846521704838,1.0239793908759145,105
4560000,18340.00000190135,-517726.0578626497,299.2552948661426,1.0253336156669928,105
4565000,18360.000001905424,-518868.5652351782,300.5650478925862,1.024725354148671,105
4570000,18380.0000019095,-518796.9417676071,302.377682998653,1.0253514093043417,105
4575000,18400.000001913573,-518749.6779898375,299.9347420164874,1.0259082521009528,105
4580000,18420.000001917648,-519416.8225099663,299.2789623651511,1.025116122081651,105
4585000,18440.000001921722,-518219.30502085504,301.3640796664708,1.0267067609590794,105
4590000,18460.000001925797,-519490.55816270947,302.77508307087555,1.0281653389668395,105
4595000,18480.00000192987,-518905.2557481879,302.07153093616336,1.0245483814784238,105
4600000,18500.000001933946,-519068.2931641948,298.6176170513527,1.0269831254628217,105
4605000,18520.00000193802,-518621.8320803216,299.5632044172112,1.0278650888145182,105
4610000,18540.000001942095,-517795.5667302916,299.7326106886453,1.0306371180142773,105
4615000,18560.00000194617,-518614.46293037524,301.67500191281283,1.0293308642283723,105
4620000,18580.000001950244,-519202.4138473207,302.93516494960795,1.0254587054180164,105
4625000,18600.00000195432,-518774.70304930676,300.1909949169653,1.0236401071615187,105
4630000,18620.000001958393,-519469.63967221975,301.3027710195377,1.024043989676163,105
4635000,18640.000001962468,-519304.49091511033,299.0414328919083,1.0224303628851374,105
4640000,18660.000001966542,-518362.5634047047,302.5120240443928,1.0262509624057752,105
4645000,18680.000001970617,-518730.3822463313,299.25754897280245,1.023306608943117,105
4650000,18700.00000197469,-518262.653696893,299.76428865724574,1.0264331159709934,105
4655000,18720.000001978766,-519418.99592242157,299.7302699952208,1.028744484432269,105
4660000,18740.00000198284,-518134.03741609305,300.77009482189857,1.0238403351324428,105
4665000,18760.000001986915,-518357.81549205934,297.988933940607,1.0258938450953834,105
4670000,18780.00000199099,-519508.3223657722,300.33398686818043,1.0231245473105652,105
4675000,18800.000001995064,-518623.91341335676,299.66424574406125,1.0283642042692622,105
4680000,18820.00000199914,-518538.08275300055,299.0454466541656,1.0288409550696522,105
4685000,18840.000002003213,-518917.51661328226,300.98191970070576,1.0261451608175773,105
4690000,18860.000002007288,-519048.3875161153,301.7852189829197,1.0267554953242637,105
4695000,18880.000002011362,-519443.7452444786,302.08991792485375,1.0271852129420633,105
4700000,18900.000002015437,-518630.43521593884,299.9042812919304,1.0277753476080038,105
4705000,18920.00000201951,-517702.8109374612,301.0819293118393,1.024819186779326,105
4710000,18940.000002023586,-519709.5766210675,299.64566329753524,1.0293236845440397,105
4715000,18960.00000202766,-518748.319627441,299.68404909090293,1.0280913863602577,105
4720000,18980.000002031735,-518579.38500602567,301.40846116680814,1.0268668481964232,105
4725000,19000.00000203581,-517980.3830554525,298.231058242473,1.0260321728021256,105
4730000,19020.000002039884,-518669.990915169,303.28875048991773,1.0259846563844925,105
4735000,19040.00000204396,-518678.57575573167,302.74705746907125,1.0274092287831496,105
4740000,19060.000002048033,-517213.14765700325,301.78547549894716,1.027473061167103,105
4745000,19080.000002052107,-519257.78066941793,300.26165243343166,1.0257182265638836,105
4750000,19100.000002056182,-518553.53995591495,299.7233918989251,1.0276655387142517,105
4755000,19120.000002060257,-518299.1817791185,300.11354118637456,1.0290034649803617,105
4760000,19140.00000206433,-518329.7902622749,303.13692412776595,1.0244895375875291,105
4765000,19160.000002068406,-519465.3787290971,301.96753044707367,1.027161268665428,105
4770000,19180.00000207248,-518477.352758707,301.5961595527327,1.0273482435375503,105
4775000,19200.000002076555,-517498.6295533846,300.2900764701691,1.0226765552697075,105
4780000,19220.00000208063,-517295.65291530173,299.2633783083946,1.0211170965006273,105
4785000,19240.000002084704,-518449.3076024626,298.53303890209634,1.0298619228309982,105
4790000,19260.00000208878,-517472.9178173654,300.4542674279612,1.0223888603108229,105
4795000,19280.000002092853,-518815.9861424826,299.61285022131494,1.0259667059557718,105
4800000,19300.000002096927,-519468.9788837412,303.37478842500883,1.0284504638513734,105
4805000,19320.000002101002,-518733.8046963741,302.6903133881991,1.0268105506886134,105
4810000,19340.000002105076,-519557.98215381755,303.47126300966,1.026893787740051,105
4815000,19360.00000210915,-518970.3750537352,302.6807913703173,1.0270391029177057,105
4820000,19380.000002113225,-517793.5946169144,301.2911461166902,1.0224570701214164,105
4815000,19360.00000210915,-519405.2176041913,301.58710666348424,1.0263670014212343,--
4820000,19380.000002113225,-518598.67451740685,299.78178261333807,1.0243744184590768,106
4825000,19400.0000021173,-518003.9661625575,298.69995064475876,1.0210418553075875,106
4830000,19420.000002121375,-518947.01822489896,298.47961578090224,1.0251121294546903,106
4835000,19440.00000212545,-519784.9833800667,303.82747052163427,1.02743139940971,106
4840000,19460.000002129524,-517390.18530297466,302.4834970583856,1.0224523645681551,105
4845000,19480.000002133598,-518599.98486072826,299.19221444945316,1.0253829275331419,105
4850000,19500.000002137673,-519047.18190116086,301.8457184805743,1.0282976365204797,105
4855000,19520.000002141747,-519046.0066174648,300.97964570930213,1.028856440603697,105
4860000,19540.00000214582,-518014.26672620676,299.53000965287004,1.027665842580659,105
4865000,19560.000002149896,-518818.7662396205,300.1650936492446,1.027741337351446,105
4870000,19580.00000215397,-517721.95743505284,299.87792728187594,1.027598890104288,105
4875000,19600.000002158045,-518633.1392944674,304.07137755908434,1.0254368454925378,105
4880000,19620.00000216212,-518935.3242058123,299.6331905991101,1.0214323052240544,105
4885000,19640.000002166194,-519210.99424555595,301.37840663783805,1.0274740648503842,105
4890000,19660.00000217027,-518976.66714603733,301.03610931767605,1.0256508024555373,105
4895000,19680.000002174344,-517589.7923927936,302.5895832007252,1.021834725404441,105
4900000,19700.000002178418,-519599.1520532826,300.27250769691466,1.0272363122051344,105
4905000,19720.000002182493,-518563.039833684,300.9932229946548,1.0269448355110096,105
4910000,19740.000002186567,-519722.54782534624,302.16947929359986,1.0322917931259976,105
4915000,19760.00000219064,-519980.9906520208,299.886633836408,1.0277149526807055,105
4920000,19780.000002194716,-519329.08124634856,301.69980328406024,1.0291388263664059,105
4925000,19800.00000219879,-518701.4417015065,300.4035736265696,1.0279997300643477,105
4930000,19820.000002202865,-517476.5730682458,300.9280369135559,1.0282836943149065,105
4935000,19840.00000220694,-518160.38171987,299.8429618279248,1.024911236961034,105
4940000,19860.000002211014,-519403.60074231913,300.9280668910658,1.0242118864083973,105
4945000,19880.00000221509,-518310.78574089333,299.82131828315545,1.0239559211850535,105
4950000,19900.000002219163,-519099.33630647394,299.31375906738515,1.028462887394769,105
4955000,19920.000002223238,-518188.4240618225,301.3048843903537,1.0231105430077692,105
4960000,19940.000002227313,-519750.4547224408,303.1178566540088,1.0283882640501592,105
4965000,19960.000002231387,-519345.96936919866,301.3387681550635,1.0280734370610844,105
4970000,19980.00000223546,-518683.3339022447,300.35789398054084,1.0297219020993256,105
4975000,20000.000002239536,-518453.67890201346,301.2411847595376,1.0262658812653078,105
4980000,20020.00000224361,-518624.17367467657,300.14289802775323,1.0301412902516789,105
4985000,20040.000002247685,-518335.80228243815,301.2554646451478,1.0275706762486019,105
4990000,20060.00000225176,-518954.5091473588,299.4199547320267,1.0270733014364575,105
4995000,20080.000002255834,-518922.55626867036,298.82740449884597,1.0272281053330912,105
5000000,20100.00000225991,-518022.66246557864,302.1220142009333,1.024929809871512,105
5005000,20120.000002263983,-519732.9721743448,302.82727394306943,1.0268738269511457,105
5010000,20140.000002268058,-518559.2784988242,301.21022408348773,1.0267009884628462,105
5015000,20160.000002272132,-518162.0636585525,301.8074482768268,1.0263060269411237,105
5020000,20180.000002276207,-519039.00809213147,300.2893844935374,1.0275285750713543,105
5025000,20200.00000228028,-518849.33198282006,300.2925229641064,1.0280586639977858,105
5030000,20220.000002284356,-518013.797891587,301.281319630532,1.02694273311737,105
5035000,20240.00000228843,-517561.8137695857,299.32053601220787,1.0275872605138592,105
5040000,20260.000002292505,-519299.2288062351,300.7851369207114,1.0286692395823342,105
5045000,20280.00000229658,-519194.65717630554,302.84209216316106,1.0265781499440874,105
5050000,20300.000002300654,-519531.23044210626,303.3413520379934,1.031286319143135,105
5055000,20320.00000230473,-519517.4586656252,298.7098405395762,1.026387999159571,105
5060000,20340.000002308803,-518622.3761911541,300.9461601092935,1.0292163109266608,105
5065000,20360.000002312878,-517530.5017442964,299.9655113594591,1.0246515179814946,105
5070000,20380.000002316952,-518952.7873570479,301.7440476404435,1.025931306114205,105
5075000,20400.000002321027,-518979.18785048905,301.58918329135514,1.029554625166308,105
5080000,20420.0000023251,-519095.7132537367,303.5879327596081,1.03199917604412,105
5085000,20440.000002329176,-518355.4443011214,301.19328349184144,1.0253325913422253,105
5090000,20460.00000233325,-518163.2089608796,299.64542431999405,1.021939370021001,105
5095000,20480.000002337325,-518137.9030985574,303.0852435882874,1.0268246181577187,105
5100000,20500.0000023414,-519839.9865837835,301.57787053488136,1.0234597384702833,105
5105000,20520.000002345474,-518992.7602415825,300.1736305501694,1.0280938241479063,105
5110000,20540.00000234955,-517526.25370148686,300.80107451069534,1.0259389722414693,105
5115000,20560.000002353623,-519129.77522572083,300.3572792345745,1.0264431119309094,105
5120000,20580.000002357698,-518501.7533705712,301.3318763809334,1.0275799877295126,105
5125000,20600.000002361772,-520402.5861936796,298.87567928684985,1.0300980338202617,105
5130000,20620.000002365847,-518216.1007205618,301.7177366190786,1.0253282756747626,105
5135000,20640.00000236992,-519024.406273782,299.05204277589917,1.0284094809047473,105
5140000,20660.000002373996,-518805.31199816684,300.94889725058164,1.0279325366684091,105
5145000,20680.00000237807,-518978.9304792662,303.1757764686135,1.0259173359259077,105
5150000,20700.000002382145,-517798.6358829492,299.1889261318919,1.0224733945488544,105
5155000,20720.00000238622,-518726.1045701336,301.24812294096245,1.0260457163365937,105
5160000,20740.000002390294,-518541.9369840466,297.6326992632638,1.0237105441507643,105
5165000,20760.00000239437,-519748.9694384134,301.350781913229,1.0278231176459114,105
5170000,20780.000002398443,-519373.9274341678,301.0637454865218,1.0234874059180334,105
5175000,20800.000002402518,-518792.8004433501,302.4240493822729,1.0239214176507108,105
5180000,20820.000002406592,-518726.13339930354,301.0748169458414,1.023534379305093,105
5185000,20840.000002410667,-519010.1813519781,302.71274425291944,1.0259612286369046,105
5190000,20860.00000241474,-518669.6242636591,301.44884889525514,1.0242131694537469,105
5195000,20880.000002418816,-518391.4883025752,299.31311038162846,1.0260599659935024,105
5200000,20900.00000242289,-518101.74987101625,299.72268009233863,1.0255259249696977,105
5205000,20920.000002426965,-519653.42837201734,302.8737216809038,1.0281533110582557,105
5210000,20940.00000243104,-519201.07597338967,299.14241211016423,1.0253914331227256,105
5215000,20960.000002435114,-516846.2363466916,301.6686595045948,1.0254276475640278,105
5220000,20980.00000243919,-517905.1200190701,300.92768416060903,1.024530624030075,105
5225000,21000.000002443263,-517303.7046137827,302.32578694601165,1.0248721062170831,105
5230000,21020.000002447337,-519560.6930397637,300.0912072747304,1.0293827839349667,105
5235000,21040.000002451412,-518769.4298029777,300.7753673379507,1.0268126845405248,105
5240000,21060.000002455487,-518947.1337790736,300.1134152823047,1.02233012813593,105
5245000,21080.00000245956,-519664.8443460041,296.9506118711843,1.027908852077319,105
5250000,21100.000002463636,-518398.88821869297,298.5741296957009,1.0274007682891506,105
5255000,21120.00000246771,-516171.7402497665,300.4674575710109,1.0219932958493871,105
5260000,21140.000002471785,-517864.26106469636,302.7747369411385,1.0229999796854459,105
5265000,21160.00000247586,-517701.7381099723,301.0978072302023,1.024437740786865,105
5270000,21180.000002479934,-518548.37092793826,301.6951415421979,1.0251011726136685,105
5275000,21200.00000248401,-518768.1016371334,302.4056812020576,1.0298481456784423,105
5280000,21220.000002488083,-518303.8755010376,303.9096237650032,1.0265358412479082,105
5285000,21240.000002492157,-518256.2557500694,301.13343874143544,1.0250879752688977,105
5290000,21260.000002496232,-516799.2083832042,297.33777361021583,1.0242606537038392,105
5295000,21280.000002500306,-518796.9152648465,302.2865734011226,1.0265146323290382,105
5300000,21300.00000250438,-520454.4022185006,300.2500743927603,1.025283875816751,105
5305000,21320.000002508456,-519592.7193023877,299.2522189065738,1.0266124098378302,105
5310000,21340.00000251253,-518445.4369930476,300.1481620857202,1.0272651614511488,105
5315000,21360.000002516605,-518330.6667758466,299.30811452005923,1.0243303517235973,105
5320000,21380.00000252068,-518762.7117260804,300.0976523782541,1.0253240003726223,105
5325000,21400.000002524754,-518375.18787942873,300.8095348608109,1.0300882549135388,105
5330000,21420.00000252883,-517240.0955338699,303.33429765136617,1.022322663780151,105
5335000,21440.000002532903,-518414.48426510324,302.48944288694406,1.0246423220916507,105
5340000,21460.000002536977,-518476.8821562517,301.82262422552174,1.02458751367632,105
5345000,21480.00000254105,-518917.70226380555,300.44009401530747,1.0254640005792306,105
5350000,21500.000002545126,-518684.33783117216,299.1242220263967,1.028934630725309,105
5355000,21520.0000025492,-518465.9649635465,298.80769835217103,1.0260531522232716,105
5360000,21540.000002553275,-518683.9319454725,302.42012477106755,1.0265844038052643,105
5365000,21560.00000255735,-518980.99858769844,301.1272512548788,1.0251078478519124,105
5370000,21580.000002561424,-519369.8909603548,300.843894255372,1.0285825636741373,105
5375000,21600.0000025655,-518995.8555729694,301.61719526784026,1.0233459481060285,105
5380000,21620.000002569574,-518478.47188876057,302.55684321856626,1.0263356992212125,105
5385000,21640.000002573648,-517853.6473118367,296.8682082334367,1.022646744169334,105
5390000,21660.000002577723,-518907.03052705433,301.9216794616101,1.0261075456025126,105
5395000,21680.000002581797,-518525.5818623153,301.31580852108476,1.0277764075086788,105
5400000,21700.00000258587,-519852.5834318679,298.04381729680233,1.0308561181223548,105
5405000,21720.000002589946,-519656.68027964165,301.03943804431566,1.0242267371421108,105
5410000,21740.00000259402,-517733.510743489,300.8838786028349,1.0270386122445416,105
5415000,21760.000002598095,-518472.8604619622,302.033528111804,1.0208072582496055,105
5420000,21780.00000260217,-518401.03030919353,299.37281139433185,1.0227659495478505,105
5425000,21800.000002606244,-518811.57184509235,300.8029433734207,1.025914488341779,105
5430000,21820.00000261032,-518504.87961218436,301.7842969304139,1.0241405017722307,105
5435000,21840.000002614393,-519065.0277785987,301.56304704383103,1.0306298973465493,105
5440000,21860.000002618468,-519646.7590938378,301.15365561035406,1.0316319803434957,105
5445000,21880.000002622543,-517822.8328617355,300.33604271938015,1.0296166024295659,105
5450000,21900.000002626617,-517281.52802196797,298.72063502178764,1.023304962021877,105
5455000,21920.00000263069,-518410.67908951035,301.53432447288026,1.0258337270249536,105
5460000,21940.000002634766,-517435.0322248137,301.378130702089,1.0267634261083851,105
5465000,21960.00000263884,-519249.0033789843,301.22586060301484,1.0292709077388722,105
5470000,21980.000002642915,-517776.2020298012,302.72137792551024,1.0254927506755989,105
5475000,22000.00000264699,-518456.4303947673,302.6972188560957,1.0280090212261392,105
5480000,22020.000002651064,-518360.4830905539,299.58570302061844,1.022372142401012,105
5485000,22040.00000265514,-519559.66026839823,298.3166077727652,1.0276251482290328,105
5490000,22060.000002659213,-517697.8694291038,298.1513922804166,1.0225457982170527,105
5495000,22080.000002663288,-520184.8931444972,300.45122185402204,1.0267178168133035,105
5500000,22100.000002667362,-517095.98272654833,300.30181543973316,1.0222142650400832,105
5505000,22120.000002671437,-517903.424911069,301.20442588238444,1.02317570185471,105
5510000,22140.00000267551,-519280.4569381424,300.7708789155544,1.0290183725014437,105
5515000,22160.000002679586,-519152.55496918946,303.1169137102649,1.0276289121580566,105
5520000,22180.00000268366,-518405.32880412205,299.05489375754667,1.0248324890603573,105
5525000,22200.000002687735,-517190.35805163276,300.42874561337754,1.0230581925877782,105
5530000,22220.00000269181,-518605.0889681119,300.55123872039763,1.028532788882112,105
5535000,22240.000002695884,-518389.797270278,300.00586117112886,1.0237382023643287,105
5540000,22260.00000269996,-518599.7083616599,301.09249879607046,1.0261252408416348,105
5545000,22280.000002704033,-518629.8534275254,299.6053359586846,1.0298207722877943,105
5550000,22300.000002708108,-518907.6221283411,301.2851086188191,1.0238543533092466,105
5555000,22320.000002712182,-520202.24638190214,304.60349644094754,1.0309099747836434,105
5560000,22340.000002716257,-518889.8839557313,302.80046577703894,1.026793671389428,105
5565000,22360.00000272033,-518994.8380167624,297.87602401398374,1.027434490155488,105
5570000,22380.000002724406,-519563.9293579536,301.6993801324306,1.0273399640943959,105
5575000,22400.00000272848,-517225.0350163325,300.38112267429915,1.0226514659720407,105
5580000,22420.000002732555,-518264.3091472399,299.14484953011623,1.0273766675769207,105
5585000,22440.00000273663,-518440.8285901805,303.57170257322133,1.0235155089602046,105
5590000,22460.000002740704,-518969.24678855296,299.4436585671505,1.0244010927711993,105
5595000,22480.00000274478,-519780.3517085912,298.93087653903234,1.0265120759674553,105
5600000,22500.000002748853,-518095.64272885537,301.851347772159,1.0255767942142116,105
5605000,22520.000002752928,-519092.12588137086,298.68074688418494,1.0264979080252865,105
5610000,22540.000002757002,-519027.7317003594,301.1359326133937,1.0280493244656277,105
5615000,22560.000002761077,-518443.1405690524,300.7645877226512,1.024931329131732,105
5620000,22580.00000276515,-518528.0747490304,303.3257709423869,1.023480847992869,105
5625000,22600.000002769226,-519477.93234191206,301.45104700754126,1.025119010421938,105
5630000,22620.0000027733,-518850.54845195776,300.40621135598036,1.0268270767868115,105
5635000,22640.000002777375,-518887.5182878403,303.6795023618713,1.026142585375251,105
5640000,22660.00000278145,-518224.4691408002,300.24331156207944,1.0285347993658185,105
5645000,22680.000002785524,-519068.82673414703,300.47886301275133,1.0298521525270028,105
5650000,22700.0000027896,-519772.4274982251,299.9391329634902,1.024641103409159,105
5655000,22720.000002793673,-518139.2620863626,301.5663550240051,1.0272796271142155,105
5660000,22740.000002797748,-518838.6559247484,301.46986022128715,1.022751285153627,105
5665000,22760.000002801822,-517622.21187774,302.00950623316066,1.0245009691710987,105
5670000,22780.000002805897,-518070.74192170426,302.062398969213,1.0274899373534163,105
5675000,22800.00000280997,-519072.45722907945,301.4108371330166,1.0295573478733893,105
5680000,22820.000002814046,-518066.31387840584,300.0693860816407,1.0245407562396849,105
5685000,22840.00000281812,-518272.32513012225,300.61518236728836,1.0282597747449993,105
5690000,22860.000002822195,-517869.2304120974,300.1715969462395,1.0192347467237426,105
5695000,22880.00000282627,-518079.46258048643,302.44025348322816,1.0276725434682399,105
5700000,22900.000002830344,-518912.5812363678,298.44986618752756,1.0316150200710905,105
5705000,22920.00000283442,-518787.9935223565,298.9296866983409,1.0269693348798414,105
5710000,22940.000002838493,-519230.7184603587,299.11952656118115,1.027613499506702,105
5715000,22960.000002842567,-518970.15573997214,296.68732831470317,1.0267939259474619,105
5720000,22980.000002846642,-519330.26934063784,299.918083784469,1.0309446578351396,105
5725000,23000.000002850717,-518847.94826722424,300.963173319568,1.0286807918843441,105
5730000,23020.00000285479,-517904.0521386324,301.53049830329786,1.0262686117877926,105
5735000,23040.000002858866,-519261.0291016102,299.49999936681957,1.0250559942255109,105
5740000,23060.00000286294,-518921.4042179624,302.0782993603276,1.0277184372000108,105
5745000,23080.000002867015,-519418.7420419764,300.4980613296967,1.0326281163154571,105
5750000,23100.00000287109,-518143.68910457403,301.9948023006238,1.0247918263803237,105
5755000,23120.000002875164,-518488.39696965925,303.03642107051843,1.0264944699854894,105
5760000,23140.00000287924,-519132.10305037,302.6864311186746,1.0276380534330496,105
5765000,23160.000002883313,-519034.9535453473,301.31213107158794,1.025462872551389,105
5770000,23180.000002887387,-518083.67024070467,302.5137611246838,1.02439675631867,105
5775000,23200.000002891462,-517642.59796604724,299.1352382163297,1.0234657103835345,105
5780000,23220.000002895536,-518124.2647649287,300.79959128006936,1.0289872013499393,105
5785000,23240.00000289961,-518930.43943759496,301.6904098953443,1.0310503296466034,105
5790000,23260.000002903686,-518780.2139144051,303.030068700622,1.0257806676522694,105
5795000,23280.00000290776,-518573.0075637279,301.99360903112216,1.023371539944005,105
5800000,23300.000002911835,-518475.3924579122,299.46908011173775,1.0246669716192003,105
5805000,23320.00000291591,-519831.0922264522,300.13143681459184,1.0289329418331612,105
5810000,23340.000002919984,-518702.8369486183,303.37073785804694,1.0255317151048402,105
5815000,23360.00000292406,-519780.74600935425,300.6965375838664,1.0258483922644541,105
5820000,23380.000002928133,-519979.8614777948,299.15031981986004,1.028627027063793,105
5825000,23400.000002932207,-519171.0046933049,301.80942063492427,1.0221265981049765,105
5830000,23420.00000293628,-518136.47769758874,299.1994511725158,1.0224445082983882,105
5835000,23440.000002940356,-518220.94122742536,303.25365907585683,1.0252957276109282,105
5840000,23460.00000294443,-518023.4350013125,298.3504619749754,1.0231512153934297,105
5845000,23480.000002948505,-518866.35492183315,300.29180064152104,1.0268076153050418,105
5850000,23500.00000295258,-518569.81222576136,300.95756222297496,1.0253274128547627,105
5855000,23520.000002956654,-519867.846965394,300.25954746019954,1.0304245182723628,105
5860000,23540.00000296073,-518760.2300670042,298.2975656320366,1.024372207033128,105
5865000,23560.000002964804,-518747.26035304763,301.42750584966035,1.025173798979963,105
5870000,23580.000002968878,-519316.253208359,299.25193080154617,1.0258714741675856,105
5875000,23600.000002972953,-519071.2283086807,303.3525992888919,1.0248915675876937,105
5880000,23620.000002977027,-518711.1313965956,301.93411972133237,1.026957490080087,105
5885000,23640.0000029811,-519281.5926045866,301.907725079673,1.0286111743644972,105
5890000,23660.000002985176,-519032.22039967426,301.3478308294679,1.0244827280563837,105
5895000,23680.00000298925,-518741.822271073,300.4351411991288,1.0265506435466896,105
5900000,23700.000002993325,-519304.65022726194,302.34667656849064,1.0254746009138265,105
5905000,23720.0000029974,-519738.29282017634,301.9748224001562,1.0307105164709398,105
5910000,23740.000003001474,-519028.79224340967,301.30566612497705,1.0284477348550354,105
5915000,23760.00000300555,-518394.92232805234,300.84591461236346,1.025440509328494,105
5920000,23780.000003009623,-518821.13363528065,302.11665311944955,1.024710671964944,105
5925000,23800.000003013698,-518005.5412336013,302.58384806837836,1.0232754865924603,105
5930000,23820.000003017773,-518069.05399496364,301.0750352781992,1.0259656885638766,105
5935000,23840.000003021847,-518796.39524712483,301.9986676556126,1.0226515145945927,105
5940000,23860.00000302592,-518023.38282539556,300.3356911768196,1.0247981820784724,105
5945000,23880.000003029996,-518915.4787831693,300.3195631722984,1.0279863393476074,105
5950000,23900.00000303407,-518866.19347188366,300.17570447045347,1.0277988900860615,105
5955000,23920.000003038145,-517618.80721771135,299.2020487601393,1.0248991180634002,105
5960000,23940.00000304222,-520047.37712072115,299.9204401719231,1.0265671384377186,105
5965000,23960.000003046294,-518148.3882522462,302.34667753631595,1.0221620805776122,105
5970000,23980.00000305037,-517940.98578386055,300.9354166742313,1.031308035468199,105
5975000,24000.000003054443,-517815.4483850582,300.41309645517487,1.0271675830466926,105
5980000,24020.000003058518,-518500.07192579075,300.4920052947363,1.0261399244588074,105
5985000,24040.000003062592,-518993.15875425725,300.8293834773648,1.026963883975845,105
5990000,24060.000003066667,-519541.4419829317,299.86251455835156,1.0263382227535853,105
5995000,24080.00000307074,-518916.2070887382,299.4784318815902,1.0283088616255753,105
6000000,24100.000003074816,-518599.1125081002,301.295929557122,1.0237850297401643,105
6005000,24120.00000307889,-518717.4221787867,300.5588582990993,1.0258440727463465,105
6010000,24140.000003082965,-518130.2337040731,301.57276678454764,1.0278055534620698,105
6015000,24160.00000308704,-519052.03874967527,301.67574776439557,1.0248992380854003,105
6020000,24180.000003091114,-519158.01475255564,300.90484459607507,1.0264561359806599,105
6025000,24200.00000309519,-518717.2704135354,301.46647681273276,1.0323673735041285,105
6030000,24220.000003099263,-518941.74748671846,299.82048859067186,1.0262530295382088,105
6035000,24240.000003103338,-519354.644138149,298.58687837239773,1.0273264807672782,105
6040000,24260.000003107412,-518365.7160785317,300.2846266559595,1.0209535910564564,105
6045000,24280.000003111487,-518206.0863194191,301.63663791510623,1.0244836683477492,105
6050000,24300.00000311556,-518638.109226841,300.4107390474111,1.0246704665615425,105
6055000,24320.000003119636,-519928.2469839235,301.9993297442544,1.0285605345018864,105
6060000,24340.00000312371,-519518.1925916008,299.1843682522768,1.0254596729634136,105
6065000,24360.000003127785,-518736.09781259624,300.4468082368934,1.0271171913267523,105
6070000,24380.00000313186,-518588.4543007412,303.32485261772837,1.0252862129248748,105
6075000,24400.000003135934,-519475.34807315934,301.5955144851898,1.030558429462492,105
6080000,24420.00000314001,-518397.4744459477,301.37560450711027,1.0215910201659395,105
6085000,24440.000003144083,-518500.64731320576,301.6366871518855,1.0219382955609146,105
6090000,24460.000003148158,-518553.18822274706,301.3353433403527,1.0290910568519827,105
6095000,24480.000003152232,-518665.08017892856,301.6418106847309,1.022576633041069,105
6100000,24500.000003156307,-520257.6896404403,303.88938496625985,1.0296535512198837,105
6105000,24520.00000316038,-519915.1575038647,301.49610424607073,1.0301127038650042,105
6110000,24540.000003164456,-519030.3589579433,300.8682971408035,1.029074839344707,105
6115000,24560.00000316853,-519172.9187075549,298.7506040866428,1.026864748115906,105
6120000,24580.000003172605,-518730.2122164096,301.90091097413864,1.025087412591061,105
6125000,24600.00000317668,-518232.8255354683,302.83744309714655,1.0286713499251703,105
6130000,24620.000003180754,-517747.46227404196,302.7419358835688,1.023664508219648,105
6135000,24640.00000318483,-519389.0084225689,302.2491049653379,1.0244866239798045,105
6140000,24660.000003188903,-519555.1283388771,302.15851735060556,1.0277277209446027,105
6145000,24680.000003192978,-519207.04120475054,299.4276851023099,1.0226391024324057,105
6150000,24700.000003197052,-519228.30870147026,299.9272176418393,1.0272653007730854,105
6155000,24720.000003201127,-519392.9908701207,301.4926053284957,1.026465885805199,105
6160000,24740.0000032052,-517470.26257775,304.1589613435408,1.0261677688814315,105
6165000,24760.000003209276,-518528.028721164,300.6404769880403,1.0249327638742447,105
6170000,24780.00000321335,-518716.5207692066,299.27541223020916,1.0253098517983796,105
6175000,24800.000003217425,-519282.1757141177,301.63645430830934,1.025825873139199,105
6180000,24820.0000032215,-519367.55135787325,299.9423089007441,1.0255878257953457,105
6185000,24840.000003225574,-518953.0941701622,303.1281240705714,1.023701297421025,105
6190000,24860.00000322965,-518560.4570077639,301.73503150111526,1.0245721702772976,105
6195000,24880.000003233723,-518623.5605739921,302.3655431524945,1.024530039086598,105
6200000,24900.000003237798,-519681.87250461406,299.5637548334311,1.0304948313714395,105
6205000,24920.000003241872,-519713.0947875804,304.1988829767899,1.028407992701687,105
6210000,24940.000003245947,-517582.63025828963,301.53859248342604,1.0228543443347962,105
6215000,24960.00000325002,-519583.56873820163,300.68147415128834,1.0281299272713025,105
6220000,24980.000003254096,-518193.50459002703,299.80573336571064,1.02297084894098,105
6225000,25000.00000325817,-517413.33454344794,303.3939118457796,1.022214801431702,105
6230000,25020.000003262245,-518491.3735620363,301.7968201190928,1.0290298614802478,105
6235000,25040.00000326632,-519263.94741117023,301.52534577208326,1.0299487159056242,105
6240000,25060.000003270394,-519520.1275233817,299.51564801769433,1.0276021935739088,105
6245000,25080.00000327447,-519248.8692936234,302.67063192683236,1.024421935377697,105
6250000,25100.000003278543,-518378.46071715374,300.1186818629105,1.0223315322144322,105
6255000,25120.000003282617,-519059.2195877142,299.9411523561199,1.0267296202460814,105
6260000,25140.000003286692,-520132.87259929325,300.6517748391008,1.0291568866723697,105
6265000,25160.000003290766,-518398.20170951914,298.62939376593664,1.0267209544977278,105
6270000,25180.00000329484,-518052.4608950168,303.31208661691034,1.0298770574289973,105
6275000,25200.000003298916,-518510.053975045,299.43227955977426,1.0233583757911118,105
6280000,25220.00000330299,-518586.5845016965,301.6423597073534,1.028013350246026,105
6285000,25240.000003307065,-519961.6362208603,304.1120090364545,1.0247270411787661,105
6290000,25260.00000331114,-518484.26766019175,300.32232876885195,1.0228806099470802,105
6295000,25280.000003315214,-519319.0574357491,298.606460915757,1.0264060884937674,105
6300000,25300.00000331929,-519032.17818262684,300.478942026309,1.0269021127336204,105
6305000,25320.000003323363,-519502.2603472227,304.420777799252,1.0276163367393154,105
6310000,25340.000003327437,-518750.000257503,303.40600847515304,1.0234741831091176,105
6315000,25360.000003331512,-518768.6693459328,302.1403607697818,1.0202461437564565,105
6320000,25380.000003335586,-518792.75929829385,301.715217244301,1.0290689392154448,105
6325000,25400.00000333966,-518449.8007669756,300.169715818147,1.028302306505439,105
6330000,25420.000003343735,-519214.89865100174,301.9168932057567,1.0266070268265097,105
6335000,25440.00000334781,-518494.83375218,301.14707344566295,1.0240450905487668,105
6340000,25460.000003351885,-519896.5257110931,301.79886103418113,1.0277720272144393,105
6345000,25480.00000335596,-517761.53236099007,300.7372785335832,1.0268702970616583,105
6350000,25500.000003360034,-517927.9173444519,300.2427642725396,1.0242295030122583,105
6355000,25520.000003364108,-519058.90061222715,301.10242237034055,1.0242408020035176,105
6360000,25540.000003368183,-519775.5303429512,304.0180305045664,1.0280717812806823,105
6365000,25560.000003372257,-517387.2388645946,301.9164852710925,1.024769547644064,105
6370000,25580.00000337633,-518757.5764606125,298.2176599317949,1.027205674282069,105
6375000,25600.000003380406,-518673.9083157929,299.8359320281952,1.0275438214126602,105
6380000,25620.00000338448,-518437.50743072527,302.4669762555477,1.0248931875929734,105
6385000,25640.000003388555,-518957.3383085439,301.66167740383673,1.0283479887251346,105
6390000,25660.00000339263,-519480.32127782097,299.50789606467015,1.029012336857999,105
6395000,25680.000003396704,-519179.3258111279,302.14736689112596,1.0293266503834833,105
6400000,25700.00000340078,-519356.42097314517,299.8393989849448,1.0260576866601203,105
6405000,25720.000003404853,-518549.49589411356,299.403735592394,1.022424179557554,105
6410000,25740.000003408928,-519160.6738829855,302.28361432846697,1.0252848678559252,105
6415000,25760.000003413003,-518760.54405839765,301.57715843041746,1.0288632680065735,105
6420000,25780.000003417077,-519595.365753046,300.5723850689954,1.030500234773753,105
6425000,25800.00000342115,-519030.4029468198,301.0744450219617,1.0277259336395068,105
6430000,25820.000003425226,-519499.4362736761,298.8703857538669,1.027255727240095,105
6435000,25840.0000034293,-518755.7400910128,301.4685839006912,1.0282063095940355,105
6440000,25860.000003433375,-518981.6818279538,300.34345091152505,1.0293094003888488,105
6445000,25880.00000343745,-518141.94153745705,299.15302826526755,1.0285291693810654,105
6440000,25860.000003433375,-519738.8684586517,301.9420037035676,1.0301235733252454,--
6445000,25880.00000343745,-518709.0871604078,304.17945979085266,1.0262421236895833,106
6450000,25900.000003441524,-519376.9311386903,301.43991781595076,1.0293270000210015,105
6455000,25920.0000034456,-519398.03629767476,300.6386944677949,1.0223208898961782,105
6460000,25940.000003449673,-519008.9015955364,298.77973422162887,1.0254564119243752,105
6465000,25960.000003453748,-519159.6345905652,300.9192091148512,1.0286791048096091,105
6470000,25980.000003457822,-518147.1609010161,301.18244880735057,1.0243241842618904,105
6475000,26000.000003461897,-519156.0466136178,299.20213985559974,1.0286905291553659,105
6480000,26020.00000346597,-518273.88520409656,300.00840040521933,1.0214363109548557,105
6485000,26040.000003470046,-518665.4311976384,301.1921410376807,1.0252888143877847,105
6490000,26060.00000347412,-519753.99485641904,300.2915194649679,1.0289484615523232,105
6495000,26080.000003478195,-518833.67979567824,300.2881715095012,1.0306001342785853,105
6500000,26100.00000348227,-519147.2776680009,298.505802905828,1.0286698848672813,105
6505000,26120.000003486344,-518198.07301884657,301.11775014369493,1.0268775198323385,105
6510000,26140.00000349042,-519389.8606965372,302.18781411281566,1.028642483871201,105
6515000,26160.000003494493,-519225.3028630358,302.0495440157452,1.0247254781019446,105
6520000,26180.000003498568,-518884.1536752796,300.59289426670455,1.0253406387987192,105
6525000,26200.000003502642,-518633.8564127877,301.97593366111624,1.0247597358852625,105
6530000,26220.000003506717,-519323.407971228,299.86999394862823,1.022353779636478,105
6535000,26240.00000351079,-519123.4499986747,301.1135581613285,1.0260876680915019,105
6540000,26260.000003514866,-517374.4545358587,299.6769693319329,1.0268777258439994,105
6545000,26280.00000351894,-519421.37991263135,300.5638522362438,1.027152269184629,105
6550000,26300.000003523015,-517041.7766711931,299.4240165107239,1.0214371390423986,105
6555000,26320.00000352709,-518591.51303779846,300.79578516764974,1.0273035560192578,105
6560000,26340.000003531164,-517456.44558999944,303.9361279902977,1.024340368080607,105
6565000,26360.00000353524,-519002.90779045457,299.7852035640895,1.02745028535776,105
6570000,26380.000003539313,-520197.94579141005,298.51622763785093,1.0274752270347964,105
6575000,26400.000003543388,-518264.09328309284,301.8275212441646,1.0265964207198657,105
6580000,26420.000003547462,-518429.92688425165,301.49303222205214,1.0251923228975084,105
6585000,26440.000003551537,-518972.59143098816,299.1330467485348,1.0264158113674673,105
6590000,26460.00000355561,-518046.98211999657,300.3570602497529,1.025889112360495,105
6595000,26480.000003559686,-518784.45856192824,298.47100271537283,1.027468915065534,105
6600000,26500.00000356376,-518334.62889011786,305.1706653766156,1.0255503272024693,105
6605000,26520.000003567835,-519174.4194276191,302.15475775607933,1.0196297373522745,105
6610000,26540.00000357191,-519561.9381873219,299.97199109045226,1.0280440588780726,105
6615000,26560.000003575984,-518121.0341734062,302.2021711644326,1.0254025749037687,105
6620000,26580.00000358006,-519417.1851049785,300.9492189837952,1.0229658948951708,105
6625000,26600.000003584133,-518323.4707610253,300.84795571337094,1.024840150327615,105
6630000,26620.000003588208,-518180.0917669886,301.07418740013605,1.0227117953968143,105
6635000,26640.000003592282,-518648.89956475166,300.3456883051263,1.027527261469055,105
6640000,26660.000003596357,-517748.5888365654,303.6730390741727,1.030027215991054,105
6645000,26680.00000360043,-519138.77163292095,300.6925912514575,1.026889561271862,105
6650000,26700.000003604506,-519622.7326957085,301.39632504629185,1.0293512162011897,105
6655000,26720.00000360858,-518419.31840929925,301.67978885192167,1.0240500915868012,105
6660000,26740.000003612655,-519143.20840189327,301.3967900298626,1.0261685701130254,105
6665000,26760.00000361673,-518442.99391032895,303.413672226457,1.030813832336095,105
6670000,26780.000003620804,-518107.4206073575,302.13299139368485,1.0235974657030105,105
6675000,26800.00000362488,-519571.93415251886,301.07525738641516,1.0286799822696129,105
6680000,26820.000003628953,-520114.05011591804,298.4425456260193,1.0266372127124594,105
6685000,26840.000003633028,-518833.9514978179,298.3228726195729,1.025997106155276,105
6690000,26860.000003637102,-519159.5647002226,297.8774659086785,1.0245855254493081,105
6695000,26880.000003641177,-518415.6139338298,300.23574294384696,1.024737829559211,105
6700000,26900.00000364525,-518019.29659296037,302.90729398154974,1.0254821065598156,105
6705000,26920.000003649326,-518759.5910628021,301.439902415665,1.0241450364071876,105
6710000,26940.0000036534,-519230.3619589675,301.6476010982038,1.027597317474153,105
6715000,26960.000003657475,-519142.5691909916,298.3854160056742,1.0255259744794516,105
6720000,26980.00000366155,-519221.79109799373,301.1062593539661,1.0239236213289682,105
6725000,27000.000003665624,-518607.5940581581,300.87976725567364,1.0219383931611563,105
6730000,27020.0000036697,-518786.18266643584,300.89592725377196,1.02669157786832,105
6735000,27040.000003673773,-519641.3496208072,300.66656991092066,1.0303105590144188,105
6740000,27060.000003677847,-520013.21892107953,300.7549961815858,1.0263513744578023,105
6745000,27080.000003681922,-518618.9150356115,299.67341345940326,1.026185024413338,105
6750000,27100.000003685996,-521044.21377768903,302.1266640107015,1.0305871343025848,105
6755000,27120.00000369007,-518218.31575256516,301.2037654669749,1.0241140790362113,105
6760000,27140.000003694146,-518494.9924267507,302.8937902207933,1.0284808093137765,105
6765000,27160.00000369822,-519184.3639039085,300.0461429346244,1.0280733686300518,105
6770000,27180.000003702295,-517711.2874509236,303.06468256950683,1.0252255399933363,105
6775000,27200.00000370637,-518532.0920583829,303.511981702588,1.0222604867805407,105
6780000,27220.000003710444,-519674.16283105756,300.2912384411151,1.0276908911525962,105
6785000,27240.00000371452,-517612.88172776066,301.90269056103523,1.0283990945961656,105
6790000,27260.000003718593,-519600.34160882165,300.33071763616607,1.0275099224601396,105
6795000,27280.000003722667,-518687.8806156574,302.32268588262866,1.0235344028047537,105
6800000,27300.000003726742,-519831.63398653036,301.2151311963775,1.0304399809242368,105
6805000,27320.000003730816,-519492.5814162048,303.01596662599115,1.0269092792865215,105
6810000,27340.00000373489,-518978.18202332733,299.37651506951875,1.0300018777462794,105
6815000,27360.000003738965,-518464.6383621951,300.3304315048971,1.0317866255312254,105
6820000,27380.00000374304,-519319.7686720828,300.09046486672116,1.0306043488232866,105
6825000,27400.000003747115,-518104.90155370324,299.4462468565945,1.029961538669402,105
6830000,27420.00000375119,-518366.838732078,302.9158927409092,1.0285441437515084,105
6835000,27440.000003755264,-518232.55662745563,301.6863699353318,1.0254037914566598,105
6840000,27460.000003759338,-518809.3255018566,302.3103711501478,1.0262581149954744,105
6845000,27480.000003763413,-517983.71332668466,298.4891351852548,1.0231436846590203,105
6850000,27500.000003767487,-518868.98945711413,301.9422427087022,1.0265529229100299,105
6855000,27520.00000377156,-518971.0685404518,302.076678904537,1.0287203513518448,105
6860000,27540.000003775636,-518460.89488453907,301.03842429172346,1.0288971697422442,105
6865000,27560.00000377971,-519976.8129838363,300.22822362099475,1.0262022754688809,105
6870000,27580.000003783785,-518713.0394354407,301.98609361977105,1.0263229444036714,105
6875000,27600.00000378786,-519127.6216847105,299.54128481131335,1.027131125179007,105
6880000,27620.000003791934,-519576.82318321266,300.4549334055595,1.0274575435916857,105
6885000,27640.00000379601,-518695.3906903255,298.74671374302284,1.0279329967847168,105
6890000,27660.000003800084,-518604.40525434865,301.72074142146255,1.0282095003970115,105
6895000,27680.000003804158,-518413.4533579333,300.0368304233076,1.0247050961526807,105
6900000,27700.000003808233,-519276.3373498779,303.82653023859984,1.0301169104799033,105
6905000,27720.000003812307,-519247.952932606,299.7232698738987,1.032030951686075,105
6910000,27740.00000381638,-518400.5819229786,303.95558216497795,1.0280228798018571,105
6915000,27760.000003820456,-519362.7013776088,301.6229205819543,1.0251190627833415,105
6920000,27780.00000382453,-518078.30032037385,302.8454913204325,1.0233490589469199,105
6925000,27800.000003828605,-518212.680290011,298.3441464541806,1.0271897925547278,105
6930000,27820.00000383268,-518947.2092397949,301.33584446441597,1.0258282641618903,105
6935000,27840.000003836754,-519194.2672825828,298.9632524505399,1.027987338874897,105
6940000,27860.00000384083,-519855.87954018405,301.79606408174857,1.0317542751202733,105
6945000,27880.000003844903,-518795.501855399,301.8916304204159,1.0230500865575352,105
6950000,27900.000003848978,-519014.59210329247,299.4489808607986,1.0235326099489201,105
6955000,27920.000003853052,-519288.82245534845,301.1378427139727,1.0271000993686688,105
6960000,27940.000003857127,-519747.0545371559,298.7904260894778,1.027771268550582,105
6965000,27960.0000038612,-518884.8352244941,302.33275422586576,1.0230810235387524,105
6970000,27980.000003865276,-519905.12279940094,303.21082609431954,1.0301273799429196,105
6975000,28000.00000386935,-518388.4229714512,300.42969220222096,1.0226001767406834,105
6980000,28020.000003873425,-518645.40162150795,300.9622053474344,1.0280462518668847,105
6985000,28040.0000038775,-520536.8561628072,300.4090875648549,1.028735521809082,105
6990000,28060.000003881574,-518318.31442593853,300.6909944845214,1.0289614475340032,105
6995000,28080.00000388565,-518463.4126285026,300.1461095266864,1.022072761001067,105
7000000,28100.000003889723,-519202.8206270207,302.8267837937543,1.0297941675286189,105
7005000,28120.000003893798,-518929.44852774916,298.7979656764072,1.0276148615123701,105
7010000,28140.000003897872,-518516.49857713445,300.12085074692646,1.0259408324494173,105
7015000,28160.000003901947,-517088.4818124168,302.77911686072684,1.026168468372818,105
7020000,28180.00000390602,-520163.55441328324,298.9637337350628,1.0271252356313527,105
7025000,28200.000003910096,-518901.58057286986,300.7260099367544,1.0276362718744925,105
7030000,28220.00000391417,-519028.5043182557,303.27425884791325,1.0283051639474745,105
7035000,28240.000003918245,-517967.82319825026,300.6207548252537,1.028021373591046,105
7040000,28260.00000392232,-518321.72721804865,302.9398729419302,1.0265571535735127,105
7045000,28280.000003926394,-519802.64350214624,298.56751930439515,1.0295458312460264,105
7050000,28300.00000393047,-518362.5463143531,300.0286155923984,1.020475606330731,105
7055000,28320.000003934543,-518302.62156468607,301.1568640164225,1.0238179781815544,105
7060000,28340.000003938618,-519253.06045805244,299.6927854446045,1.0255698889845293,105
7065000,28360.000003942692,-518774.0287595133,301.7221862496529,1.0276688483281804,105
7070000,28380.000003946767,-518344.30054796673,299.52036875652783,1.0296375550932657,105
7075000,28400.00000395084,-518999.30843799654,299.7159372270084,1.027249720001028,105
7080000,28420.000003954916,-518731.2441713428,302.0476009588218,1.0261922034699849,105
7085000,28440.00000395899,-517878.66073688865,303.44612320446436,1.0267865553418858,105
7090000,28460.000003963065,-518726.92601876403,300.76645521846984,1.0261919108383368,105
7095000,28480.00000396714,-519091.13383360766,299.7731899894791,1.024641346729083,105
7100000,28500.000003971214,-517677.97612465266,300.6082605839997,1.0226702328015196,105
7105000,28520.00000397529,-518713.84526144015,301.95303409571994,1.0260440725598272,105
7110000,28540.000003979363,-518621.58324543596,302.2961633630039,1.0236658118645576,105
7115000,28560.000003983438,-517732.6900658896,301.61290151984167,1.0258378945702071,105
7120000,28580.000003987512,-517589.94759708154,299.31059065558054,1.0235088053317136,105
7125000,28600.000003991587,-518630.88087342493,300.1879063394966,1.0236350867927169,105
7130000,28620.00000399566,-518841.20522150956,302.249394868282,1.02510273782811,105
7135000,28640.000003999736,-518749.35734742903,300.9047641068214,1.0270478423586282,105
7140000,28660.00000400381,-518641.55028535146,304.5741111180483,1.026536832971769,105
7145000,28680.000004007885,-517469.65386491176,300.9559115029099,1.023616731227252,105
7150000,28700.00000401196,-517484.3378902518,302.0062063710674,1.0198170598439986,105
7155000,28720.000004016034,-519128.0250809947,297.71953585990303,1.025838934701685,105
7160000,28740.00000402011,-517665.80345557793,301.17523498202917,1.0253505813854142,105
7165000,28760.000004024183,-518849.6477589491,298.78607504092236,1.0240748847350216,105
7170000,28780.000004028258,-519194.7228575018,300.64696063359156,1.026245859599558,105
7175000,28800.000004032332,-518719.01570754824,304.33603380938115,1.0233182309875812,105
7180000,28820.000004036407,-518566.83551725256,301.8859692177092,1.0281874057275595,105
7185000,28840.00000404048,-518588.6372531459,297.7952488585889,1.0253297127253742,105
7190000,28860.000004044556,-518403.5681682946,299.2068858964975,1.0268628322211242,105
7195000,28880.00000404863,-519440.63098373194,299.5814821305952,1.0288630110541304,105
7200000,28900.000004052705,-519592.77434637095,298.42427254305363,1.032740169751179,105
7205000,28920.00000405678,-518460.03466571285,301.06566674551766,1.0245715694616828,105
7210000,28940.000004060854,-518205.52662920696,302.3502681649958,1.0270139902130762,105
7215000,28960.00000406493,-518602.39611482434,302.7256745509043,1.0281101510277737,105
7220000,28980.000004069003,-519077.6840896006,301.91315972993556,1.023736469369485,105
7225000,29000.000004073077,-518549.40529377246,302.6274682876498,1.0256970516515922,105
7230000,29020.000004077152,-519951.50799838826,300.13461000718377,1.0242673360663375,105
7235000,29040.000004081227,-518842.124182252,301.62224771145327,1.0266721643236385,105
7240000,29060.0000040853,-518559.8592632562,304.69670679063233,1.0214433962316363,105
7245000,29080.000004089376,-518205.36291675805,300.6831205138061,1.0245843271724568,105
7250000,29100.00000409345,-518166.3375644246,300.96093692592444,1.025491928290849,105
7255000,29120.000004097525,-519594.14181842026,297.31511914433537,1.0261922698308372,105
7260000,29140.0000041016,-518755.38403034885,300.3331266925424,1.026324856259303,105
7265000,29160.000004105674,-518503.0337796104,300.88336000737564,1.0253554485081502,105
7270000,29180.00000410975,-519867.90448233276,303.68631696106485,1.0272888451036548,105
7275000,29200.000004113823,-519655.3984330804,299.69115574669524,1.029950325825324,105
7280000,29220.000004117897,-517468.058309166,300.32403586333726,1.0255621508400121,105
7285000,29240.000004121972,-518789.9024472125,301.1604922938618,1.0257446104433392,105
7290000,29260.000004126046,-520731.9234414003,298.86338826501213,1.029019461430504,105
7295000,29280.00000413012,-519151.6432416057,301.82874313117236,1.0253670950629945,105
7300000,29300.000004134195,-519660.7396536132,301.985697796714,1.0271454620954514,105
7305000,29320.00000413827,-519576.1786412513,302.39361744904477,1.0294910872859833,105
7310000,29340.000004142345,-518771.09616794717,300.78875794117687,1.0244634579629706,105
7315000,29360.00000414642,-518864.80770368106,301.26393190997413,1.0304562526398906,105
7320000,29380.000004150494,-518533.23390453914,300.94783450280426,1.0253094099375464,105
7325000,29400.000004154568,-519154.7500400115,301.9432121804515,1.0273222964889626,105
7330000,29420.000004158643,-519916.9280997063,299.40397474589344,1.031641802572722,105
7335000,29440.000004162717,-519603.3834867121,302.5869779942034,1.0292429318829377,105
7340000,29460.00000416679,-517164.3268069597,301.36052904860094,1.0227618545969577,105
7345000,29480.000004170866,-518591.27958095097,299.23956246416077,1.0220774879102519,105
7350000,29500.00000417494,-519262.1302677393,302.2445421843587,1.0260332408559865,105
7355000,29520.000004179015,-519100.3471136545,301.4308667403644,1.0274126085741953,105
7360000,29540.00000418309,-517792.23281193804,302.85866809685007,1.0231657787567099,105
7365000,29560.000004187164,-518872.28966693,302.05672729354325,1.0278678999848343,105
7370000,29580.00000419124,-519602.03416236094,300.8372678724754,1.0278683245432483,105
7375000,29600.000004195314,-518520.74324568454,300.508830828731,1.0275478992432772,105
7380000,29620.000004199388,-518843.5349030888,298.2063025170219,1.0294210543094675,105
7385000,29640.000004203463,-518640.011611131,297.60067516081426,1.0245539000263444,105
7390000,29660.000004207537,-518899.0809790031,303.08272436977063,1.027071909337033,105
7395000,29680.00000421161,-518888.0469484406,302.57704467756406,1.0264482355525841,105
7400000,29700.000004215686,-518789.71735760616,301.44686296796016,1.0244648855859437,105
7405000,29720.00000421976,-519607.27123454725,300.0898870450762,1.0268002417678022,105
7410000,29740.000004223835,-519550.6837339639,301.79645670316364,1.0298228156039346,105
7415000,29760.00000422791,-518265.84286619,302.7991582414156,1.031647938204987,105
7420000,29780.000004231984,-518183.71154032205,297.3708109419436,1.0222908706597689,105
7425000,29800.00000423606,-519565.9634245059,301.17420532086356,1.02559135759815,105
7430000,29820.000004240133,-519848.843643212,300.72504697409175,1.0307096481057998,105
7435000,29840.000004244208,-518495.2340938216,298.4984861618918,1.023993964917741,105
7440000,29860.000004248282,-520076.21383127663,301.5758156519817,1.026199806206704,105
7445000,29880.000004252357,-519854.0304918252,305.0677843880862,1.027121411575475,105
7450000,29900.00000425643,-519257.5209811353,301.9201268005163,1.032659922489782,105
7455000,29920.000004260506,-519599.96899603563,301.9542782803603,1.0270716841502414,105
7460000,29940.00000426458,-517639.5870102553,299.773270664524,1.0253040071787047,105
7465000,29960.000004268655,-518397.190810401,301.3441980741324,1.0279109568068332,105
7470000,29980.00000427273,-519192.31158256624,302.2762399525591,1.029292539861135,105
7475000,30000.000004276804,-518756.39622784336,302.2083406417805,1.0246763841865094,105
7480000,30020.00000428088,-519214.7696639502,304.1329966467439,1.0273546481370848,105
7485000,30040.000004284953,-519735.6628897479,299.2009053770698,1.0285004749858568,105
7490000,30060.000004289028,-518890.13554616715,301.5161875392672,1.0272024335073398,105
7495000,30080.000004293102,-517914.1740271386,301.95586435847827,1.0278821460795038,105
7500000,30100.000004297177,-520305.1636820913,302.5853253390908,1.0266292443221612,105
7505000,30120.00000430125,-518947.9954121453,298.85661235131226,1.0254031676133808,105
7510000,30140.000004305326,-517955.30217852374,299.8284964201458,1.0265055018439615,105
7515000,30160.0000043094,-519660.3369879613,299.9169532435191,1.027080283551364,105
7520000,30180.000004313475,-519730.41880362644,298.8342979136038,1.0278317485604103,105
7525000,30200.00000431755,-518075.36732020695,302.5264216430358,1.0283153219907546,105
7530000,30220.000004321624,-518212.05693438277,300.62109166721297,1.024742342295915,105
7535000,30240.0000043257,-517862.0142881272,301.6385042448372,1.0237644409365758,105
7540000,30260.000004329773,-519368.3596601293,300.33360053759577,1.026815560316655,105
7545000,30280.000004333848,-519486.6601890442,301.0565565504039,1.0271017177245312,105
7550000,30300.000004337922,-518419.79030799377,298.4084686144307,1.0273717542094158,105
7555000,30320.000004341997,-519594.00974910986,301.0697760419579,1.0282955932401143,105
7560000,30340.00000434607,-518396.48403637554,302.1444730732539,1.0282015035958187,105
7565000,30360.000004350146,-518294.0705521391,300.8450407531033,1.0259693888515447,105
7570000,30380.00000435422,-518139.5275981247,300.7868865392822,1.025619636724886,105
7575000,30400.000004358295,-516743.72982604196,303.10820106519304,1.0231217157697468,105
7580000,30420.00000436237,-518546.86532518174,302.0430677697076,1.0252776504733836,105
7585000,30440.000004366444,-518940.95931949816,299.2362347133442,1.0222920383721326,105
7590000,30460.00000437052,-518637.29200809053,300.70331935136073,1.0209275471685224,105
7595000,30480.000004374593,-518234.1388588024,300.13730851930086,1.0262070461387072,105
7600000,30500.000004378668,-518542.0057436123,300.1089583528417,1.0250652675308223,105
7605000,30520.000004382742,-517760.4018432447,298.99517256732025,1.0236407410824027,105
7610000,30540.000004386817,-519692.6841676496,302.08414927218064,1.0281347367275762,105
7615000,30560.00000439089,-517715.30041942676,300.6098918468666,1.0275886446381368,105
7620000,30580.000004394966,-519141.53181872214,303.3280652537144,1.0263266645586586,105
7625000,30600.00000439904,-519285.35481488775,299.6239652681066,1.0260507187927996,105
7630000,30620.000004403115,-518442.71450699284,303.27900496643457,1.0280458576078157,105
7635000,30640.00000440719,-520124.4338040247,300.94833934888703,1.029488830503026,105
7640000,30660.000004411264,-517695.19154184894,299.4234818878346,1.0246079017247545,105
7645000,30680.00000441534,-518175.4515785014,299.723320846362,1.0234392757821167,105
7650000,30700.000004419413,-518299.43120072875,300.071823330844,1.0285511265111065,105
7655000,30720.000004423488,-516897.24086234975,300.1843288888723,1.0273816789850854,105
7660000,30740.000004427562,-519671.8241042325,302.12786254012093,1.0286311215185389,105
7665000,30760.000004431637,-518783.63708181167,298.16498342198406,1.0249648058208183,105
7670000,30780.00000443571,-519010.15134220757,301.0573733163365,1.0276535174100774,105
7675000,30800.000004439786,-518029.65848675277,303.9048192861244,1.0290805478914538,105
7680000,30820.00000444386,-517019.37535502855,299.9540213515311,1.0184891951712256,105
7685000,30840.000004447935,-519692.0325617716,300.40131042108186,1.0238215698944975,105
7690000,30860.00000445201,-519939.13475888735,300.9744713313036,1.026545243896237,105
7695000,30880.000004456084,-518712.27634957177,303.68779318262517,1.0229000060151452,105
7700000,30900.00000446016,-519056.8402665886,299.8859130407818,1.0275328856055033,105
7705000,30920.000004464233,-519073.50761605613,300.307675960045,1.0285691072821184,105
7710000,30940.000004468307,-517722.6370457893,300.198043467065,1.0265253738253188,105
7715000,30960.000004472382,-517869.4262134617,299.4084361430969,1.0224491258786281,105
7720000,30980.000004476457,-519242.5858112627,302.71097715620704,1.0234849262579144,105
7725000,31000.00000448053,-518759.4310510475,302.39510344809355,1.0221432114761224,105
7730000,31020.000004484606,-519986.62690017116,298.7478304083812,1.0322625801638625,105
7735000,31040.00000448868,-517827.9256188809,301.17716187685187,1.0241375164577338,105
7740000,31060.000004492755,-519209.3642709609,302.5617654961377,1.0225016742986093,105
7745000,31080.00000449683,-519170.3494226171,300.94476697298825,1.0265720808149932,105
7750000,31100.000004500904,-518216.2105925146,300.94301122699665,1.026737514370568,105
7755000,31120.00000450498,-518257.41588374437,300.56294557978254,1.027212225126762,105
7760000,31140.000004509053,-519095.3948749383,297.3853067563789,1.030224619252007,105
7765000,31160.000004513127,-518633.17761186697,300.21879916026603,1.0248078251888182,105
7770000,31180.000004517202,-518137.46492709033,299.94678489180956,1.0236350224129955,105
7775000,31200.000004521276,-519541.7221612199,300.7389146385906,1.0236667949863658,105
7780000,31220.00000452535,-518842.6294161191,303.19665137147155,1.0250294711512788,105
7785000,31240.000004529425,-517474.76797062205,301.4705266340468,1.0245190568946603,105
7790000,31260.0000045335,-518995.0009778929,299.23339707773664,1.0266470293732968,105
7795000,31280.000004537575,-518655.14136332506,300.5381182638409,1.0233563564734487,105
7800000,31300.00000454165,-517832.3004956022,303.95247280577206,1.0277859678626846,105
7805000,31320.000004545724,-519171.7682183194,300.96521669159864,1.0286357826115393,105
7810000,31340.000004549798,-518900.7812467781,300.90873609264105,1.0245476944985226,105
7815000,31360.000004553873,-519225.34717107913,300.974796472045,1.0316975781781927,105
7820000,31380.000004557947,-519123.2065557495,298.26216512493664,1.023598654506142,105
7825000,31400.00000456202,-518248.2335334611,303.17577291185114,1.023548180150659,105
7830000,31420.000004566096,-518759.84912718274,300.3854511686436,1.0239757307047128,105
7835000,31440.00000457017,-520023.6502347684,300.1419143936915,1.0282688138966771,105
7840000,31460.000004574245,-518098.9224416171,298.6442137933427,1.0228125159806198,105
7845000,31480.00000457832,-518899.2443625997,301.53805407929286,1.0257866903179724,105
7850000,31500.000004582394,-518780.75917133945,301.71826598879073,1.0273237922008602,105
7855000,31520.00000458647,-518513.43193266075,301.7972201321286,1.0249005986365285,105
7860000,31540.000004590544,-517937.469419549,298.0048990168634,1.0240698620318658,105
7865000,31560.000004594618,-518061.20970888785,304.2161108908194,1.0269036881884244,105
7870000,31580.000004598693,-519984.65783927706,298.9225246848567,1.0244191004701901,105
7875000,31600.000004602767,-518424.22516712244,301.06051970212064,1.0240616369423163,105
7880000,31620.00000460684,-519143.7335358639,299.29026364193396,1.0288494161292598,105
7885000,31640.000004610916,-518874.958025167,301.56948042806704,1.0255590167412472,105
7890000,31660.00000461499,-518872.55570347514,301.12478352555416,1.026705754494967,105
7895000,31680.000004619065,-518445.5566170241,303.41454619875645,1.0282078409660513,105
7900000,31700.00000462314,-518724.1872759629,299.3203804894532,1.0253773142465357,105
7905000,31720.000004627214,-518772.2334295071,301.80159821126284,1.0246407503740105,105
7910000,31740.00000463129,-519100.8582439327,303.2154111718401,1.0246959695261304,105
7915000,31760.000004635363,-517717.0029444138,300.6815919027849,1.0231471073394813,105
7920000,31780.000004639438,-518657.7922120318,298.3998734416835,1.0252801831515108,105
7925000,31800.000004643513,-518696.1294034354,299.4101591463647,1.0290777546549712,105
7930000,31820.000004647587,-517917.2314594581,301.0032166805108,1.0266150912876566,105
7935000,31840.00000465166,-518642.4018189809,300.4862599989721,1.025412697862355,105
7940000,31860.000004655736,-517834.2195785665,299.8723513685762,1.0248209242602055,105
7945000,31880.00000465981,-518860.4626177,298.47935832288346,1.0257521175311446,105
7950000,31900.000004663885,-519150.7372513104,301.04609050505337,1.0298598401412995,105
7955000,31920.00000466796,-517909.0281149461,300.95542062772154,1.0243329990486068,105
7960000,31940.000004672034,-518158.18536829157,301.87144297562946,1.0249744699284065,105
7965000,31960.00000467611,-518522.9165032436,297.11948071522795,1.025287897723751,105
7970000,31980.000004680183,-518663.8487812106,301.23220291785964,1.0255359032694833,105
7975000,32000.000004684258,-518951.76045305515,301.7761780155331,1.0269413871264785,105
7980000,32020.000004688332,-519668.5569946172,299.8670550444962,1.0294479800937997,105
7985000,32040.000004692407,-518474.86403118423,298.4728684857161,1.025684424057083,105
7990000,32060.00000469648,-518306.787291022,303.30629315402734,1.0222966066927424,105
7995000,32080.000004700556,-518926.0378412497,300.74923830126005,1.0259829418475848,105
8000000,32100.00000470463,-518262.69197636005,301.43189760730763,1.02485121118678,105
8005000,32120.000004708705,-518888.57751731947,300.2402754937293,1.0303221433559142,105
8010000,32140.00000471278,-518070.9959190532,301.49930322907346,1.026853719053581,105
8015000,32160.000004716854,-518091.2188939622,302.1545273223813,1.026955303612418,105
8020000,32180.00000472093,-519309.696950682,301.1694061001838,1.028060867941673,105
8025000,32200.000004725003,-517485.880192484,300.7569800863295,1.0225919102755159,105
8030000,32220.000004729078,-518208.6815712233,301.54835824720544,1.0285884060215302,105
8035000,32240.000004733152,-518644.71686369507,300.2779074961835,1.0264751355662105,105
8040000,32260.000004737227,-518231.8825871034,300.9793971933028,1.0259758953450242,105
8045000,32280.0000047413,-518155.8533533125,299.86061565353066,1.022550232413126,105
8050000,32300.000004745376,-518605.74138980755,301.9984464431118,1.0242025701892232,105
8055000,32320.00000474945,-518012.62637845683,299.19652189563857,1.0245333366727163,105
8060000,32340.000004753525,-519747.36564702285,300.0926089473885,1.0240024033633057,105
8065000,32360.0000047576,-518534.20231036656,300.10153117463426,1.0246214947239969,105
8070000,32380.000004761674,-517066.2403577019,298.4037627066151,1.0223817109951276,105
8075000,32400.00000476575,-519426.74351463094,300.06797074169015,1.0248773979634307,105
8065000,32360.0000047576,-519767.226940349,300.5130507634166,1.0291473615378626,--
8070000,32380.000004761674,-518524.301570839,301.43006598239276,1.0267529685077552,106
8075000,32400.00000476575,-519263.08752330556,303.20160999230023,1.027624733139835,106
8080000,32420.000004769823,-517322.51757167233,300.5744863204475,1.022478494065834,106
8085000,32440.000004773898,-518766.0681984518,302.1094537906978,1.0267726997440425,106
8090000,32460.000004777972,-519625.28662017104,301.36097283434793,1.0314513294834156,106
8095000,32480.000004782047,-518583.26165944384,300.0176054648625,1.0267362350984097,105
8100000,32500.00000478612,-517882.3157919983,299.52391196031357,1.0285394684874942,105
8105000,32520.000004790196,-519321.4197977439,300.15603910574583,1.0270223014333482,105
8110000,32540.00000479427,-518548.9407469956,301.9061722573819,1.0294006025290618,105
8115000,32560.000004798345,-518927.44509381405,300.5050921755764,1.023901231125845,105
8120000,32580.00000480242,-518179.76248952816,301.2209386813668,1.0247394977875164,105
8125000,32600.000004806494,-519385.1614316101,301.7045222940339,1.0279435841678946,105
8130000,32620.00000481057,-519101.13464777824,300.5187581168047,1.0255719297773338,105
8135000,32640.000004814643,-518551.7513146985,299.6884008068635,1.0253222757989449,105
8140000,32660.000004818718,-519772.5612270436,300.44362895034925,1.024702080144147,105
8145000,32680.000004822792,-518714.1474749218,302.20173473589546,1.0264517537174611,105
8150000,32700.000004826867,-518884.3226771613,297.85805485440085,1.0236116236551949,105
8155000,32720.00000483094,-518787.5719324681,301.5879894922116,1.0241954528554151,105
8160000,32740.000004835016,-518052.940439316,302.02427086965514,1.0237555267692615,105
8165000,32760.00000483909,-519577.884457018,298.7258938032728,1.0260719335512014,105
8170000,32780.00000484316,-521079.64854408894,301.7947359830395,1.0291265129086289,105
8175000,32800.000004847236,-517571.0306751237,301.6960908778806,1.021752348974398,105
8180000,32820.00000485131,-519936.66576649225,299.7179658113049,1.027241709862791,105
8185000,32840.000004855385,-518927.70287445444,300.38935877157525,1.0308214606889619,105
8190000,32860.00000485946,-519744.1124133738,302.44302398028645,1.0285387201956573,105
8195000,32880.000004863534,-518539.5281683814,300.7692976693322,1.0220683195742544,105
8200000,32900.00000486761,-518604.1055952653,302.2539142952896,1.0247477853866098,105
8205000,32920.00000487168,-519078.55552711664,299.5072735254507,1.0271665709165037,105
8210000,32940.00000487576,-518518.76966144866,302.3065941120644,1.0281122803553073,105
8215000,32960.00000487983,-517797.59172502276,301.91809999702394,1.0260185070821193,105
8220000,32980.00000488391,-517703.90338017,301.1419182453985,1.0229532010561455,105
8225000,33000.00000488798,-517800.5700275772,302.70844740129576,1.0251148108055748,105
8230000,33020.000004892056,-520361.0237850044,300.1023594758731,1.029818401084958,105
8235000,33040.00000489613,-518944.60495038494,300.50848424390875,1.0270534366040323,105
8240000,33060.000004900205,-518596.2249839462,300.8984057021041,1.0264609255656736,105
8245000,33080.00000490428,-519212.8061101029,300.6315122299423,1.0263790938336759,105
8250000,33100.000004908354,-517446.55368581787,302.5220066639986,1.0253481353796599,105
8255000,33120.00000491243,-518155.4009243569,300.9407453505415,1.0270575989283728,105
8260000,33140.0000049165,-519816.3872016894,299.0183591647338,1.0283441028913798,105
8265000,33160.00000492058,-520090.54017041926,301.34611577568745,1.025778893125195,105
8270000,33180.00000492465,-518702.2450044912,299.3159137354848,1.0278812968324618,105
8275000,33200.00000492873,-518423.8950582084,303.2069317475828,1.0222357814882717,105
8280000,33220.0000049328,-518004.47631659475,300.52480273394457,1.0270747541137464,105
8285000,33240.000004936875,-517986.9137399185,299.9331241411213,1.025646049583941,105
8290000,33260.00000494095,-518618.95465544984,301.20672367551316,1.0259373136178198,105
8295000,33280.000004945025,-517817.29417629074,300.2671260814415,1.0240600948437935,105
8300000,33300.0000049491,-518689.42465631454,299.2589469694862,1.0239628459093246,105
8305000,33320.00000495317,-518047.24671075493,299.16863676633363,1.0214375718196855,105
8310000,33340.00000495725,-517516.5866595432,301.00770979518313,1.024034328041913,105
8315000,33360.00000496132,-518886.50397375925,304.47407762927395,1.0257260226258664,105
8320000,33380.0000049654,-519107.29767688736,302.0209148680031,1.0255132420964308,105
8325000,33400.00000496947,-519729.00427394384,298.78365134875486,1.0273099906051326,105
8330000,33420.000004973546,-517848.8853367951,301.1052540532789,1.027105020994606,105
8335000,33440.00000497762,-518365.9969162133,299.108567940499,1.0270935653752569,105
8340000,33460.000004981695,-518339.742855489,297.19670058149256,1.0241100648473889,105
8345000,33480.00000498577,-518391.78987166146,299.75715339045416,1.025604362825988,105
8350000,33500.000004989844,-519212.03184091044,301.23635404020274,1.0293615978718669,105
8355000,33520.00000499392,-517990.638626182,298.0712875918776,1.0250670237906718,105
8360000,33540.00000499799,-518018.3048337153,298.87714976856125,1.0227066354828536,105
8365000,33560.00000500207,-518682.63534050714,300.08783089740325,1.025169252669691,105
8370000,33580.00000500614,-519143.2234988725,299.78822852609625,1.0266981224991574,105
8375000,33600.00000501022,-517638.39823285653,301.41501700609064,1.025349671753342,105
8380000,33620.00000501429,-518743.21694969526,300.60703574478356,1.0307880630193083,105
8385000,33640.000005018366,-518950.1517039309,303.0281836104678,1.0300434505875273,105
8390000,33660.00000502244,-518407.6214436162,299.8042724109016,1.0259887671737624,105
8395000,33680.000005026515,-519280.32549875067,300.5374696246454,1.0288048993600214,105
8400000,33700.00000503059,-518693.6868989386,302.080358122321,1.0264642457327613,105
8405000,33720.000005034664,-519522.284567842,299.48057270062276,1.0308531857996701,105
8410000,33740.00000503874,-517927.5429689612,303.1243474756591,1.0288110696890942,105
8415000,33760.00000504281,-519290.7351061397,300.094123324039,1.0277940452828995,105
8420000,33780.00000504689,-517479.1052525232,300.8010801344058,1.0247265412733202,105
8425000,33800.00000505096,-518935.5956618604,300.0878568213954,1.0241346110016238,105
8430000,33820.00000505504,-518998.84329992277,298.93374779258943,1.0266205390638814,105
8435000,33840.00000505911,-518333.2488674356,300.957569128599,1.0247126077053148,105
8440000,33860.000005063186,-519734.3659162498,302.78590057351454,1.0268231787639268,105
8445000,33880.00000506726,-519218.8934454594,303.34691242416085,1.0279071908325248,105
8450000,33900.000005071335,-518435.49100963795,299.7180861844357,1.0260958186459146,105
8455000,33920.00000507541,-518497.51723932335,300.00460967400176,1.0267358374176672,105
8460000,33940.000005079484,-519244.3026638832,302.7357779540742,1.0283912364248886,105
8465000,33960.00000508356,-519369.878946482,303.34353641690666,1.0281111199415576,105
8470000,33980.00000508763,-518308.7291226953,298.76311946696865,1.0264086841008284,105
8475000,34000.00000509171,-519601.7335965007,301.48678406929037,1.025285256769655,105
8480000,34020.00000509578,-518679.65369722387,303.73963090828295,1.0221760693982707,105
8485000,34040.00000509986,-518055.8970542832,300.802207195074,1.0229478443324527,105
8490000,34060.00000510393,-518308.9542796083,301.3114790605608,1.0254348647999285,105
8495000,34080.000005108006,-518263.7249104697,301.18707793969594,1.0249934179063094,105
8500000,34100.00000511208,-518560.34149318887,300.85799917586684,1.0270262722247785,105
8505000,34120.000005116155,-518977.65360763157,303.2274315348988,1.0275680537296774,105
8510000,34140.00000512023,-519189.2570935993,300.89234074527684,1.026915586637242,105
8515000,34160.000005124304,-518371.23321709596,299.94611156602997,1.0276972536022646,105
8520000,34180.00000512838,-519011.68615663843,302.9867077226323,1.0270128570846433,105
8525000,34200.00000513245,-517712.6146774143,301.0820092895981,1.026914567291646,105
8530000,34220.00000513653,-518446.3643661542,299.2451612491707,1.0280432232539258,105
8535000,34240.0000051406,-516887.4361060567,301.5932448611109,1.0201975796308016,105
8540000,34260.00000514468,-518892.1332225364,299.4225956384355,1.0266432337016809,105
8545000,34280.00000514875,-519124.5660857395,299.57483190922926,1.0269869092538912,105
8550000,34300.000005152826,-519113.97282958357,302.40867253899285,1.0238757838300692,105
8555000,34320.0000051569,-518884.2608900503,300.4671561317681,1.0205915441109608,105
8560000,34340.000005160975,-518449.48013547226,299.6966855762569,1.0244289469337944,105
8565000,34360.00000516505,-519187.0459679605,300.84148911270825,1.0252247986240497,105
8570000,34380.000005169124,-519094.3591401812,298.195984294753,1.0281774282430987,105
8575000,34400.0000051732,-518316.4426811759,301.7616937453204,1.0262714952986833,105
8580000,34420.00000517727,-518206.93263804796,301.03096855183435,1.0247275980375363,105
8585000,34440.00000518135,-518127.1007603116,301.59258107851264,1.022108160958949,105
8590000,34460.00000518542,-519063.5077099863,304.24807299338033,1.0268619599240472,105
8595000,34480.0000051895,-518536.13494598726,300.93115658187395,1.0214861586093396,105
8600000,34500.00000519357,-519452.7794041126,300.8956917062866,1.0252503035417628,105
8605000,34520.000005197646,-520344.3983693463,301.21844856893335,1.0272712116684901,105
8610000,34540.00000520172,-518817.2729655048,299.3305971030912,1.0226608229372844,105
8615000,34560.000005205795,-519368.257846158,301.4252854930305,1.0312156834436996,105
8620000,34580.00000520987,-518721.6087203678,300.7350233221338,1.0251728020732729,105
8625000,34600.000005213944,-519993.59865204734,301.65099159038306,1.0289855004624202,105
8630000,34620.00000521802,-519649.80334057147,297.6045983591932,1.026322551509198,105
8635000,34640.00000522209,-519869.0011737386,300.31903462881155,1.024931660733041,105
8640000,34660.00000522617,-519180.39947925135,298.90085379883686,1.024074323155747,105
8645000,34680.00000523024,-519245.953515033,301.6516057420415,1.0219488446339213,105
8650000,34700.00000523432,-518601.1053386498,299.8186086542132,1.0246588155745482,105
8655000,34720.00000523839,-519021.5555441545,301.07766619726414,1.0250841832504216,105
8660000,34740.000005242466,-519523.5924418962,300.11502017120324,1.026643606005546,105
8665000,34760.00000524654,-517795.78670808976,299.5933981848177,1.0271431554111816,105
8670000,34780.000005250615,-517644.6290542735,297.80700092572636,1.0218544660146838,105
8675000,34800.00000525469,-517436.0736208898,300.18536993742174,1.0251441496688831,105
8680000,34820.000005258764,-519032.041989784,298.8418092862461,1.0259184694783223,105
8685000,34840.00000526284,-520075.88236600976,302.00017106799476,1.0287609322704998,105
8690000,34860.00000526691,-518418.299710338,301.9403110719325,1.0277851127546924,105
8695000,34880.00000527099,-519443.1993571357,302.4977118733219,1.0281294090813207,105
8700000,34900.00000527506,-520392.4566396724,301.9060235913094,1.0266641941961838,105
8705000,34920.00000527914,-519076.15424665855,301.02658126779744,1.0257901773590614,105
8710000,34940.00000528321,-518357.6479419593,303.1683359958185,1.0259942200168273,105
8715000,34960.000005287286,-518894.04580707266,302.97774228981,1.0278159300099172,105
8720000,34980.00000529136,-518603.12215820863,300.84648572558314,1.027421198161324,105
8725000,35000.000005295435,-519775.3699339996,300.26448316022686,1.0259697088306572,105
8730000,35020.00000529951,-519730.14085002826,300.9955169050232,1.0276668484377496,105
8735000,35040.000005303584,-518902.5899560787,300.89084153697036,1.0256532002987448,105
8740000,35060.00000530766,-517956.48080897355,300.580215004874,1.0232240457930502,105
8745000,35080.00000531173,-518455.29924519267,300.93745685315616,1.025957561609631,105
8750000,35100.00000531581,-518584.9604568668,300.8101693263833,1.0265820449578325,105
8755000,35120.00000531988,-519370.98884745385,298.4916986605758,1.0235625047311436,105
8760000,35140.00000532396,-518754.8860578437,301.7615101022547,1.0275461099205672,105
8765000,35160.00000532803,-517677.9461412288,301.15947220845527,1.0245034353737552,105
8770000,35180.000005332106,-518635.53316634777,300.2694239925345,1.0281927080921562,105
8775000,35200.00000533618,-519249.30414074566,302.46009913830414,1.0284748895950875,105
8780000,35220.000005340255,-519213.45401757513,299.14656382046405,1.0295761246767074,105
8785000,35240.00000534433,-519700.114045982,302.11164351232304,1.0284744847683365,105
8790000,35260.000005348404,-518594.6377170456,301.67333231269225,1.023584532860999,105
8795000,35280.00000535248,-518984.65660430863,301.53187235262106,1.0286870531599028,105
8800000,35300.00000535655,-519121.458725309,301.13200537633486,1.026538850986563,105
8805000,35320.00000536063,-518901.4395725997,300.1719760463431,1.0246697169330998,105
8810000,35340.0000053647,-518727.6061636051,302.12061703609606,1.0284038199731529,105
8815000,35360.000005368776,-518716.04888157686,302.339249652181,1.0261096231125044,105
8820000,35380.00000537285,-519532.36177246016,300.545599320734,1.0262515772744898,105
8825000,35400.000005376925,-518067.5746190741,299.69773798105615,1.0232456957112726,105
8830000,35420.000005381,-519631.48282924364,300.62234889346615,1.0235596543431724,105
8835000,35440.000005385074,-518390.8763259577,299.31066903613555,1.0281737104022808,105
8840000,35460.00000538915,-519387.4689553855,300.95142527694617,1.02591920065815,105
8845000,35480.00000539322,-518341.29485591245,302.7018414878865,1.027012325416384,105
8850000,35500.0000053973,-517469.2359779468,303.52800058271436,1.0291400950829366,105
8855000,35520.00000540137,-518143.4817420377,301.1332771024092,1.0201361243687095,105
8860000,35540.00000540545,-518846.62873445963,298.9588158770351,1.0246795522967211,105
8865000,35560.00000540952,-518236.79372058646,299.7339126168756,1.0270312263008792,105
8870000,35580.000005413596,-517935.12822602666,299.6691903887857,1.025127136058032,105
8875000,35600.00000541767,-517694.3468816187,300.41784985477506,1.0201204585466521,105
8880000,35620.000005421745,-517376.2041364999,299.8575069448282,1.023596955846227,105
8885000,35640.00000542582,-519366.1689637508,303.49747533317606,1.0261786433940119,105
8890000,35660.000005429894,-519406.78449555836,301.281351070097,1.029550627179386,105
8895000,35680.00000543397,-519038.23871955345,300.48833158347884,1.0246277219849154,105
8900000,35700.00000543804,-517936.0478948788,301.0999409803252,1.0218942256709453,105
8905000,35720.00000544212,-519115.5132971192,299.7530052731156,1.0286892817878344,105
8910000,35740.00000544619,-519269.62714336766,303.41667797885424,1.025629621739921,105
8915000,35760.00000545027,-518103.14291783073,302.19064516253445,1.0238289835043173,105
8920000,35780.00000545434,-518996.45037884265,300.0918721741964,1.0260083360954235,105
8925000,35800.000005458416,-520295.91726396093,298.1103931759529,1.0271236954304601,105
8930000,35820.00000546249,-520068.4057823187,301.2430967976595,1.0307538100473836,105
8935000,35840.000005466565,-518248.6502244617,300.2520967239879,1.025479272142257,105
8940000,35860.00000547064,-520340.6575348617,302.72088309383633,1.0271834584696062,105
8945000,35880.000005474714,-519306.3857524367,300.06003967732937,1.0294117924419208,105
8950000,35900.00000547879,-518209.4236338907,301.1924048467773,1.0257291671034232,105
8955000,35920.00000548286,-518538.0753261449,301.80151065181235,1.0233674295212216,105
8960000,35940.00000548694,-517970.53730044817,303.1452132729689,1.0251535999110697,105
8965000,35960.00000549101,-519672.13624693174,298.65370922312565,1.027785819644952,105
8970000,35980.00000549509,-519028.34614575305,300.5580120840768,1.0258456434895626,105
8975000,36000.00000549916,-518381.2606115609,299.5696389007798,1.0277072714978437,105
8980000,36020.000005503236,-517024.9131147482,300.2242623184051,1.02746790619215,105
8985000,36040.00000550731,-519620.79529971303,301.42908183757856,1.0241233411448267,105
8990000,36060.000005511385,-519530.19845101493,303.3202604931021,1.0297805546577878,105
8995000,36080.00000551546,-518592.34720950853,300.9680496333202,1.0262334080636788,105
9000000,36100.000005519534,-518561.0319915232,303.6546092978697,1.0251496591559426,105
9005000,36120.00000552361,-518775.21752549545,301.69201128265166,1.0255628263458156,105
9010000,36140.00000552768,-519468.02468275535,301.26676352798273,1.02582960399983,105
9015000,36160.00000553176,-519402.1681298481,300.3227221073807,1.0240667148401332,105
9020000,36180.00000553583,-518696.2023302568,303.04056824010917,1.026366702926234,105
9025000,36200.00000553991,-518941.1145217905,301.716620435384,1.028568329315208,105
9030000,36220.00000554398,-518705.3386117702,299.16473559025593,1.0270113585466263,105
9035000,36240.000005548056,-519818.1106956424,302.8578605317744,1.0255025992288491,105
9040000,36260.00000555213,-518560.86433467385,300.6238848243198,1.0236055908636168,105
9045000,36280.000005556205,-518646.7749444437,298.88904721338514,1.0245320269385076,105
9050000,36300.00000556028,-518321.58547166525,299.909370528162,1.0298081997625212,105
9055000,36320.000005564354,-518695.87265334,300.5388716208042,1.0271291690458306,105
9060000,36340.00000556843,-518758.083659244,303.27547933748747,1.0263953019999141,105
9065000,36360.0000055725,-518045.73658309947,300.4244053726027,1.02510169115167,105
9070000,36380.00000557658,-519359.9082458713,300.94290524166433,1.0287772858229376,105
9075000,36400.00000558065,-519378.4561198114,300.46153061513667,1.0242793692284644,105
9080000,36420.00000558473,-518471.5940308515,300.415061486418,1.025320543862131,105
9085000,36440.0000055888,-518385.36747477134,300.1141363179448,1.026413545252265,105
9090000,36460.000005592876,-518959.86013562884,301.9332490158591,1.0251600934032365,105
9095000,36480.00000559695,-518846.06451273686,300.34541053721034,1.0291076735718063,105
9100000,36500.000005601025,-519835.3591781177,301.7449799876753,1.0294927680907635,105
9105000,36520.0000056051,-517590.459977614,301.4324879305883,1.027788386469264,105
9110000,36540.000005609174,-517828.5391221836,301.6964132886215,1.0253375240652085,105
9115000,36560.00000561325,-518751.9688828192,301.67229685421506,1.0251469516857183,105
9120000,36580.00000561732,-518566.27708266024,301.01098887437917,1.0304756174290464,105
9125000,36600.0000056214,-519243.44875278766,300.09200797882306,1.0230845272120495,105
9130000,36620.00000562547,-519003.185060536,299.8698171515146,1.0250636856673516,105
9135000,36640.00000562955,-517775.668615384,301.7108047552071,1.0233462434223837,105
9140000,36660.00000563362,-517923.5923127441,297.97998608494635,1.0252813317459346,105
9145000,36680.000005637696,-517812.87495556264,300.7416113628733,1.02523311264392,105
9150000,36700.00000564177,-518898.5222094981,301.74242179673456,1.0258961715440549,105
9155000,36720.000005645845,-519110.36146169994,301.69396847711147,1.0279689670693046,105
9160000,36740.00000564992,-519558.322789083,298.2559277695284,1.0277570619845815,105
9165000,36760.000005653994,-517966.682215614,302.1977786274521,1.0278726862710788,105
9170000,36780.00000565807,-518989.70641558385,301.76591713381714,1.0242139401171315,105
9175000,36800.00000566214,-519021.3221195715,303.38928670491856,1.0262315163423459,105
9180000,36820.00000566622,-518719.8660487931,297.0318089928977,1.0261159984827395,105
9185000,36840.00000567029,-518988.03875538637,301.7576052262776,1.025855956962524,105
9190000,36860.00000567437,-518242.0597993557,301.2248917247028,1.0279274502363982,105
9195000,36880.00000567844,-518721.98846742674,299.00935715876324,1.0246693329955778,105
9200000,36900.000005682516,-518372.065524956,300.1859026639473,1.0227396176333485,105
9205000,36920.00000568659,-519210.4933434322,300.883779483373,1.0326029841419042,105
9210000,36940.000005690665,-518640.8292139012,301.23258373722564,1.0263312164893255,105
9215000,36960.00000569474,-518440.96424913825,301.83999147737717,1.0242472317285019,105
9220000,36980.000005698814,-518381.5241710711,301.9737262941017,1.0225287713314215,105
9225000,37000.00000570289,-518267.0820761712,299.86641180864643,1.0292090323202325,105
9230000,37020.00000570696,-519024.12764679664,300.2664473465235,1.0256219106194724,105
9235000,37040.00000571104,-518117.6602071838,300.39842856949406,1.026149918659623,105
9240000,37060.00000571511,-518867.59405176947,301.0364176286676,1.0278428651413334,105
9245000,37080.00000571919,-518362.6753580142,299.16789794068427,1.0235812880933253,105
9250000,37100.00000572326,-516858.12052074936,301.19135332724017,1.0264857180044196,105
9255000,37120.000005727336,-518567.56989508076,300.81036107227584,1.0266984241790704,105
9260000,37140.00000573141,-518570.41015239945,299.9788308180065,1.0266600873331948,105
9265000,37160.000005735485,-519119.0801762841,300.9807448688752,1.0257206940457304,105
9270000,37180.00000573956,-518777.1496669636,302.6430411636611,1.025047613493634,105
9275000,37200.000005743634,-518241.86839925754,300.97308508611616,1.0254446543678783,105
9280000,37220.00000574771,-518857.92563774367,300.8335517942517,1.023952848653815,105
9285000,37240.00000575178,-517997.1770006926,300.3109758323752,1.0265127731036485,105
9290000,37260.00000575586,-519169.0797652579,302.8548430939922,1.0260020902051057,105
9295000,37280.00000575993,-518409.31829455355,302.13597987523156,1.0288105517785198,105
9300000,37300.000005764006,-518447.4411725495,299.7732413751529,1.0296893436001786,105
9305000,37320.00000576808,-518990.8091434522,302.0391685192501,1.026055153376273,105
9310000,37340.000005772155,-519651.59657325223,301.8449346518498,1.0270271429432878,105
9315000,37360.00000577623,-518932.2186340485,302.4580401420186,1.0249841896914094,105
9320000,37380.000005780304,-518742.0806452804,301.1850622996563,1.0287883922911116,105
9325000,37400.00000578438,-519327.8390935757,300.1227203772652,1.025792372265511,105
9330000,37420.00000578845,-519505.00262135034,298.6874739781731,1.0259328641536576,105
9335000,37440.00000579253,-519141.11827008566,300.1009178100854,1.0250050708569913,105
9340000,37460.0000057966,-518843.23486537044,298.71764059212217,1.0269403731627862,105
9345000,37480.00000580068,-520030.00915788836,298.78536614329704,1.030521995819386,105
9350000,37500.00000580475,-517782.44868675736,300.2545372335109,1.0284196938270131,105
9355000,37520.000005808826,-518006.99862469896,302.8859813707579,1.0248898697494417,105
9360000,37540.0000058129,-518716.13439253066,299.9627958953264,1.0279126278394364,105
9365000,37560.000005816975,-520337.35069646663,299.4677941994388,1.0274181509105302,105
9370000,37580.00000582105,-518727.5721374359,300.07418969697056,1.02678573609796,105
9375000,37600.000005825124,-518714.45687968144,299.7872803355841,1.029116646092676,105
9380000,37620.0000058292,-518109.0276528422,301.62958777151107,1.0254090309750874,105
9385000,37640.00000583327,-517503.54266015603,304.0388497273239,1.0262284392640553,105
9390000,37660.00000583735,-520045.6491384099,300.89716935739995,1.0289928618163655,105
9395000,37680.00000584142,-520200.2451437146,298.1208377803728,1.0282107147804846,105
9400000,37700.0000058455,-519562.4805411666,300.9235273198945,1.02547560898799,105
9405000,37720.00000584957,-519034.79281152575,303.06319973842614,1.0257883359990254,105
9410000,37740.000005853646,-518551.464605941,301.57949703387374,1.0257232709810824,105
9415000,37760.00000585772,-519120.01920997817,302.7464769316066,1.0266629495336883,105
9420000,37780.000005861795,-518166.401585907,302.40447262166435,1.025252344011013,105
9425000,37800.00000586587,-518729.7421582998,298.5192794828947,1.0274596075544984,105
9430000,37820.000005869944,-519072.01641695295,299.31475211008893,1.0271412780914169,105
9435000,37840.00000587402,-519372.1057405027,302.1730104273762,1.0279158841886256,105
9440000,37860.00000587809,-519348.1423429013,302.5419083118638,1.026913731603835,105
9445000,37880.00000588217,-518755.22920605657,298.7381607617742,1.0244224571743465,105
9450000,37900.00000588624,-519203.41668013204,303.3293409318631,1.026353478397215,105
9455000,37920.00000589032,-519684.230501181,302.2151684047812,1.0229195748686812,105
9460000,37940.00000589439,-518510.2985768954,300.3705522369892,1.028465786712874,105
9465000,37960.000005898466,-518877.05943362694,299.8856208643281,1.022547467902732,105
9470000,37980.00000590254,-518744.297608525,302.318176410716,1.0272727780906523,105
9475000,38000.000005906615,-518151.2808353838,303.08346870893274,1.0283937087346517,105
9480000,38020.00000591069,-518048.7951068636,301.5411067348484,1.0251690187413165,105
9485000,38040.000005914764,-518949.202115915,299.0065693622589,1.0284148504286024,105
9490000,38060.00000591884,-519354.0925541797,300.3513342623563,1.0271605824537393,105
9495000,38080.00000592291,-518638.5787859517,303.298370872806,1.0249569189984626,105
9500000,38100.00000592699,-518425.0626780249,299.86348650585705,1.0285690815239905,105
9505000,38120.00000593106,-519227.0816658798,301.48674108948256,1.0248097944800332,105
9510000,38140.00000593514,-518961.86664843676,299.67224018420563,1.0261432887823265,105
9515000,38160.00000593921,-518961.5341712327,301.364534544526,1.0308010329969497,105
9520000,38180.000005943286,-518729.8831545755,302.23425093767327,1.024959804857357,105
9525000,38200.00000594736,-518936.51351378486,295.2181108142666,1.0267090757083666,105
9530000,38220.000005951435,-518712.02580175106,299.1282218189813,1.0296531338046309,105
9535000,38240.00000595551,-520548.7178377684,302.5320418593962,1.028882070422839,105
9540000,38260.000005959584,-518316.42753085797,299.43040559818036,1.0269958380343254,105
9545000,38280.00000596366,-519128.13326290343,299.65081736118145,1.028997268345007,105
9550000,38300.00000596773,-517855.1948677744,300.9846922587228,1.0260179885673788,105
9555000,38320.00000597181,-518549.0977886028,303.47661467103313,1.0256565778457767,105
9560000,38340.00000597588,-518475.60940455925,301.48050400970095,1.026050262693295,105
9565000,38360.00000597996,-518798.651038887,299.5102848714733,1.0248862606655977,105
9570000,38380.00000598403,-518959.6206627076,300.26735776952296,1.0262132407054056,105
9575000,38400.000005988106,-518002.5584997395,299.65266916113205,1.0284674306575567,105
9580000,38420.00000599218,-517596.5575424065,301.23776348956653,1.0279930122400052,105
9585000,38440.000005996255,-517818.1231941015,300.36584562798305,1.0218084645776608,105
9590000,38460.00000600033,-519072.5529572149,301.3025799761578,1.0259272338623964,105
9595000,38480.000006004404,-518383.0383349899,298.1089237203074,1.0306583022222915,105
9600000,38500.00000600848,-518936.00445059687,298.24632582835727,1.026430639070696,105
9605000,38520.00000601255,-517905.306063798,300.4886587245713,1.026646337878175,105
9610000,38540.00000601663,-519207.3875286544,302.92867633768697,1.0239295468826404,105
9615000,38560.0000060207,-518504.9610246497,298.5250909577325,1.0291916451955048,105
9620000,38580.00000602478,-517576.58566645,301.1872692256867,1.0250172425710176,105
9625000,38600.00000602885,-519999.3952431055,302.2958748247939,1.027537074845559,104
9630000,38620.000006032926,-518713.1274867554,298.5691803459149,1.0288292911176704,104
9635000,38640.000006037,-518206.03717436246,300.3112999893568,1.024131744686579,104
9640000,38660.000006041075,-519752.994563102,303.58977717946067,1.0248210735352208,104
9645000,38680.00000604515,-518163.4165987887,299.3606416993514,1.0263795039062475,104
9650000,38700.000006049224,-518920.386560556,300.1351355467796,1.0261999881144124,104
9655000,38720.0000060533,-517908.9213014378,301.91249142301945,1.02655627813638,104
9660000,38740.00000605737,-519119.5468598197,301.53732961846185,1.03051466573822,104
9665000,38760.00000606145,-519268.33918402833,303.0066743424769,1.0256277924551616,104
9670000,38780.00000606552,-518146.99670340656,300.6855892957291,1.02576963978524,104
9675000,38800.0000060696,-518432.14175202604,302.56554631973887,1.02786231940226,104
9680000,38820.00000607367,-519210.6382403483,300.06706128333093,1.0218834981737552,104
9685000,38840.000006077746,-518661.2676312679,300.5101132150267,1.0291592332891923,104
9690000,38860.00000608182,-519342.9859633222,298.1506667835571,1.0230383290208533,104
9690000,38860.00000608182,-519886.5833219732,300.65230840882316,1.0261982499528335,--
9695000,38880.000006085895,-518441.3933573358,299.91490654723907,1.023327714923719,106
9700000,38900.00000608997,-518549.8555579805,305.0843187186485,1.0215389942495117,105
9705000,38920.000006094044,-520650.4785437877,300.4904711427782,1.0275258921637442,105
9710000,38940.00000609812,-519471.0950900875,303.50098186464,1.0285560176579318,105
9715000,38960.00000610219,-518699.88633748004,301.2146511780346,1.0248067013201616,104
9720000,38980.00000610627,-518942.0562160972,301.053807752261,1.0303216731491815,104
9725000,39000.00000611034,-518772.6803594534,301.4762428843109,1.0207023272020246,104
9730000,39020.00000611442,-518604.9347764093,300.2311683539852,1.0243907499418226,104
9735000,39040.00000611849,-519448.2776106715,302.0311179940529,1.0240634563189457,104
9740000,39060.000006122566,-519141.8422519618,301.2687378240211,1.025862838967996,104
9745000,39080.00000612664,-519630.0248306431,298.9245981533364,1.0279743734866733,104
9750000,39100.000006130715,-518269.81530735875,300.881545428905,1.0246501226111113,104
9755000,39120.00000613479,-518842.8104990267,300.5592249028803,1.0256301192182453,104
9760000,39140.000006138864,-519978.4412335751,301.28471446484826,1.0268029258493552,104
9765000,39160.00000614294,-518826.8479331406,297.3387549964334,1.024322360611288,104
9770000,39180.00000614701,-519136.04429428955,301.4712346160764,1.025583443677886,104
9775000,39200.00000615109,-518543.2538275011,300.3542803968201,1.0266317669233826,104
9780000,39220.00000615516,-518717.5805009585,301.5097366119579,1.0258010865298208,104
9785000,39240.00000615924,-519223.56712294905,301.8212477306301,1.024851457048867,104
9790000,39260.00000616331,-518247.0898996787,303.05487419705787,1.02545240745008,104
9795000,39280.000006167385,-518695.3140084753,300.0747358122752,1.0262864672205738,104
9800000,39300.00000617146,-519940.97942712717,300.1867912723913,1.029129136704546,104
9805000,39320.000006175535,-519049.07540083583,300.23089903397516,1.0263174468182275,104
9810000,39340.00000617961,-518270.4444369257,302.0454943762156,1.0281508481169326,104
9815000,39360.00000618368,-518459.72490476817,300.7691463488043,1.0244097701472181,104
9820000,39380.00000618776,-518692.38829656946,300.1775376359456,1.022873526314234,104
9825000,39400.00000619183,-518352.0472070067,302.94507846912825,1.0234163627885784,104
9830000,39420.00000619591,-518938.4657537122,301.0584310269485,1.0217563528475782,104
9835000,39440.00000619998,-519873.67930424213,303.19899281414484,1.0269319710133598,104
9840000,39460.000006204056,-519836.3273851576,301.7007264093985,1.0265459687631657,104
9845000,39480.00000620813,-518716.28619452775,300.71621703670894,1.0263293721208075,104
9850000,39500.000006212205,-518934.3173381658,301.2479579348784,1.0295368848127922,104
9855000,39520.00000621628,-517916.74163152836,299.7420513569699,1.0256163324374306,104
9860000,39540.000006220354,-518310.00435094954,299.7480835233653,1.0255234740359656,104
9865000,39560.00000622443,-518814.0682116144,299.5975928621113,1.0214516456992155,104
9870000,39580.0000062285,-519742.1091965111,299.0878773906901,1.0312443713648718,104
9875000,39600.00000623258,-518906.821397759,301.850556633598,1.027349767952075,104
9880000,39620.00000623665,-520188.53865223425,302.8350576541168,1.0237043313439582,104
9885000,39640.00000624073,-518000.94860448735,301.7523796933091,1.0251688391218394,104
9890000,39660.0000062448,-519317.2080198326,300.1706633022758,1.0234467275159187,104
9895000,39680.000006248876,-518588.92760174023,300.8340834643127,1.0284702306548141,104
9900000,39700.00000625295,-517922.5434987531,302.40561605138026,1.0251838564715734,104
9905000,39720.000006257025,-517540.42914583976,299.4615394773519,1.0240478077920416,104
9910000,39740.0000062611,-520124.14066023286,304.1322649698854,1.0291336446404211,104
9915000,39760.000006265174,-519102.90375038167,302.47927305438475,1.0291712229948295,104
9920000,39780.00000626925,-518455.3672335404,302.5624674549793,1.0245999845504699,104
9925000,39800.00000627332,-517669.0887904579,302.5265414588786,1.023344379968995,104
9930000,39820.0000062774,-518144.781158939,300.5881535522156,1.0245162109011599,104
9935000,39840.00000628147,-518274.48790257843,301.727316703859,1.0295097728666573,104
9940000,39860.00000628555,-519861.4121290466,300.8759742328313,1.0299729979611298,104
9945000,39880.00000628962,-518520.8281248184,301.302235856958,1.0285686582436686,104
9950000,39900.000006293696,-519036.49901471497,301.1222113501137,1.0276927419489845,104
9955000,39920.00000629777,-518918.19939016923,301.24610133792163,1.027726723850497,104
9960000,39940.000006301845,-518543.16202645656,301.43058762348755,1.0258052504770387,104
9965000,39960.00000630592,-519810.51440005377,300.44416413130944,1.0284766968898775,104
9970000,39980.000006309994,-518367.1737061301,299.78241715081185,1.0227859505045027,104
9975000,40000.00000631407,-518849.75549378037,300.1063360555986,1.0256346270387657,104
9980000,40020.00000631814,-519576.6340141988,302.95552225847763,1.0308377804336897,104
9985000,40040.00000632222,-518604.38852998964,301.5270456695289,1.0314864161599975,104
9990000,40060.00000632629,-519357.2953302746,301.53236774209614,1.0249077430841496,104
9995000,40080.00000633037,-518326.804257327,299.78360719962853,1.0284656722183705,104
10000000,40100.00000633444,-518394.142052246,300.8950723339072,1.0261611544490308,104
10005000,40120.000006338516,-519474.6765924082,302.6798073273753,1.031242217400976,104
10010000,40140.00000634259,-518939.03060127003,299.89453629261726,1.0267009127356352,104
10015000,40160.000006346665,-519110.79871709226,300.1274406358588,1.0284510797413675,104
10020000,40180.00000635074,-519385.940596333,302.47708691663433,1.0261699197790914,104
10025000,40200.000006354814,-518137.01746276626,299.96972202128586,1.0288120307578483,104
10030000,40220.00000635889,-518533.06845114054,298.76877961650507,1.0292601833003714,104
10035000,40240.00000636296,-518937.94148683245,300.02281859618864,1.0193910134787647,104
10040000,40260.00000636704,-519625.0144272456,296.87257368358433,1.0295431491914215,104
10045000,40280.00000637111,-519290.2761062875,299.4547859835182,1.0241669561804772,104
10050000,40300.00000637519,-519677.8270532256,300.15069804251334,1.0265869279131319,104
10055000,40320.00000637926,-516862.3458598077,302.19138060615194,1.0244819385713306,104
10060000,40340.000006383336,-518619.2729222472,302.24011666134976,1.0246787539641449,104
10065000,40360.00000638741,-518785.4505999235,302.9234092787497,1.0286567503095418,104
10070000,40380.000006391485,-518564.3750257036,302.92602323289753,1.0250849640878295,104
10075000,40400.00000639556,-519902.5487431281,300.6549656097034,1.0305173563097836,104
10080000,40420.000006399634,-518907.3882054591,303.4013019643927,1.0226153140556997,104
10085000,40440.00000640371,-518688.41924001067,301.86653842009116,1.0269187468773502,104
10090000,40460.00000640778,-518460.0350712249,300.45607703518544,1.0238195415805424,104
10095000,40480.00000641186,-518302.74108812795,301.8474848973665,1.0258791712659756,104
10100000,40500.00000641593,-518741.64219398936,300.00971110834837,1.0264287201606546,104
10105000,40520.00000642001,-519202.99897643575,300.75897563208053,1.0295879577414513,104
10110000,40540.00000642408,-518712.7447737453,301.5969670963698,1.0260362974019797,104
10115000,40560.000006428156,-519983.6041754815,301.58929299407714,1.0276883267814014,104
10120000,40580.00000643223,-518613.17458923813,302.35297846510537,1.0257080962041674,104
10125000,40600.000006436305,-519742.26086963643,302.60741624390147,1.0268723751593671,104
10130000,40620.00000644038,-518553.1862523379,301.94437018790416,1.0244920355012619,104
10135000,40640.000006444454,-519123.875329206,302.3126110162635,1.028599206274287,104
10140000,40660.00000644853,-518616.2164486251,301.8070857759345,1.028313270011491,104
10145000,40680.0000064526,-519986.6810647452,298.47698857762373,1.0244785992393206,104
10150000,40700.00000645668,-518629.6706724905,300.5943606112719,1.0275269700691965,104
10155000,40720.00000646075,-518218.96582809277,296.5541770416329,1.0234737001058625,104
10160000,40740.00000646483,-519750.4993000666,302.11561923459135,1.026900648613685,104
10165000,40760.0000064689,-519377.3005595391,300.72260770292786,1.0272124576050847,104
10170000,40780.000006472976,-519164.21947125695,302.24202555746234,1.024941005516198,104
10175000,40800.00000647705,-520214.83001920185,298.4858654401434,1.029905825267893,104
10180000,40820.000006481125,-517433.32175833033,302.0081900985609,1.0214390555449229,104
10185000,40840.0000064852,-518431.2742525595,303.74279009362203,1.0265797243893158,104
10190000,40860.000006489274,-519454.8189343624,301.16362790220944,1.0261020568016919,104
10195000,40880.00000649335,-517691.59590019495,301.7127399195292,1.0244312341424544,104
10200000,40900.00000649742,-517631.61963788397,300.1262875674739,1.0234006273955338,104
10205000,40920.0000065015,-519755.7477108026,302.37632631465965,1.0272408263121053,104
10210000,40940.00000650557,-519961.97307155817,302.8813577354628,1.0295770676963458,104
10215000,40960.00000650965,-518727.66863169475,302.52246388357713,1.025304517591906,104
10220000,40980.00000651372,-519201.67142709694,303.9494113431196,1.0318856773073686,104
10225000,41000.000006517796,-518210.52113060816,301.0482961789908,1.029971199599228,104
10230000,41020.00000652187,-519253.1399860482,300.51021716689996,1.0251119461143208,104
10235000,41040.000006525945,-519456.597973187,302.6499169131569,1.029356439473316,104
10240000,41060.00000653002,-518397.00039827777,301.23678186800015,1.0276978675260304,104
10245000,41080.000006534094,-519851.24174099346,302.07840032278153,1.0317571105756511,104
10250000,41100.00000653817,-517151.111640061,300.95004537785155,1.0256242285831993,104
10255000,41120.00000654224,-518472.5569392727,300.51022071434795,1.0257173144168856,104
10260000,41140.00000654632,-518858.9608713717,300.32903631477143,1.0300896630416083,104
10265000,41160.00000655039,-519667.44801203394,298.35771699369235,1.0312860774371537,104
10270000,41180.00000655447,-518598.9707659625,302.4762064355925,1.0260172301744221,104
10275000,41200.00000655854,-518554.7000114734,299.48599322154996,1.0293387879031162,104
10280000,41220.000006562615,-518337.09136292944,299.5354590380812,1.0303153471663788,104
10285000,41240.00000656669,-520099.239668268,298.19219418150874,1.0292431243216242,104
10290000,41260.000006570765,-519621.6709919737,298.89790056670626,1.0243995222236095,104
10295000,41280.00000657484,-517577.0236520702,302.86782705986855,1.0249500975461339,104
10300000,41300.00000657891,-518701.02612328343,298.62667325571306,1.0285866524387937,104
10305000,41320.00000658299,-519556.83817400434,300.66316315889003,1.0296564274206483,104
10310000,41340.00000658706,-519043.44706978556,299.56961290188497,1.0285619491987772,104
10315000,41360.00000659114,-518805.6953303218,300.0232055385959,1.0282161051174556,104
10320000,41380.00000659521,-518443.0172339175,302.2272193055615,1.0227682886197094,104
10325000,41400.000006599286,-518414.0522484395,303.117746098298,1.0264633918101205,104
10330000,41420.00000660336,-519032.5277177915,302.11735589183405,1.0241492388850653,104
10335000,41440.000006607435,-518148.45299239294,303.1614474023401,1.0246056788247921,104
10340000,41460.00000661151,-518207.99680480384,302.43398325271573,1.0283896838949032,104
10345000,41480.000006615584,-518706.81194299064,301.6054750147196,1.0289398565513854,104
10350000,41500.00000661966,-518306.3124400864,303.0829293661126,1.0230008941965232,104
10355000,41520.00000662373,-518952.832990746,304.0662288799218,1.0285869763699311,104
10360000,41540.00000662781,-518772.8253267971,301.077689091185,1.0238645999829366,104
10365000,41560.00000663188,-518518.2561927482,301.25093629743367,1.0250991900742477,104
10370000,41580.00000663596,-519664.6870563468,300.65481778153156,1.0255987022802147,104
10375000,41600.00000664003,-518851.3544220566,302.3918006279946,1.0297798812124352,104
10380000,41620.000006644106,-520081.40084653697,297.76211501522647,1.0269325262567508,104
10385000,41640.00000664818,-520015.98976062424,301.8504246143266,1.027063436844776,104
10390000,41660.000006652255,-519017.2000916337,304.10591537337825,1.0286224001813542,104
10395000,41680.00000665633,-518293.83299330366,302.7955683276007,1.0268024063013428,104
10400000,41700.000006660404,-518516.77287160396,301.23720245603886,1.0240075464381428,104
10405000,41720.00000666448,-519213.28419382055,300.961702937785,1.0255892140462035,104
10410000,41740.00000666855,-519625.19107102416,299.6086018905648,1.0290859108133645,104
10415000,41760.00000667263,-518703.28331993544,301.9554193976711,1.0282988954293273,104
10420000,41780.0000066767,-518895.9478892968,302.4079780133026,1.0260463341614061,104
10425000,41800.00000668078,-519264.68577644904,300.8230868327839,1.0218302102251164,104
10430000,41820.00000668485,-519995.1568858966,298.9532162833464,1.0293463354900307,104
10435000,41840.000006688926,-517974.2560327179,303.83907215213935,1.025246374417144,104
10440000,41860.000006693,-518831.5796593705,300.4644846164371,1.0284616909601831,104
10445000,41880.000006697075,-519345.5955652769,301.0716318508108,1.0257351861794894,104
10450000,41900.00000670115,-519039.81504213973,301.6200954825718,1.0337602525309844,104
10455000,41920.000006705224,-519697.04120017844,297.5409010778609,1.0285421987412902,104
10460000,41940.0000067093,-518874.83708001766,302.0476715939626,1.0241449082183915,104
10465000,41960.00000671337,-517306.0083102649,303.2323022305894,1.0208398543996398,104
10470000,41980.00000671745,-517578.31012060004,300.55501403134457,1.025995752287631,104
10475000,42000.00000672152,-518194.3944701869,301.21939819301,1.0238968665077839,104
10480000,42020.0000067256,-515774.2659193415,297.94889059027065,1.0202435551748594,104
10485000,42040.00000672967,-519528.1798453692,299.9978202528336,1.0251232460666144,104
10490000,42060.000006733746,-520256.92689664196,304.12949739798046,1.0283359053160754,104
10495000,42080.00000673782,-518354.3738833538,300.48819035977084,1.0262632580400348,104
10500000,42100.000006741895,-518293.443078222,303.35499507021336,1.0248861444553927,104
10505000,42120.00000674597,-518320.10899919574,300.3598408062276,1.0260499817489583,104
10510000,42140.000006750044,-518938.0862041828,300.3299301718663,1.0281149784851868,104
10515000,42160.00000675412,-518659.5496157957,299.74378011570377,1.0293389067305228,104
10520000,42180.00000675819,-518406.4889762597,299.4939787956425,1.0264825913993687,104
10525000,42200.00000676227,-519078.84309537313,300.9401919551911,1.0234978586518808,104
10530000,42220.00000676634,-519195.54059753055,302.4419481988637,1.0249134977038072,104
10535000,42240.00000677042,-518394.545996235,303.5114166290923,1.0219062921487594,104
10540000,42260.00000677449,-519961.3036763242,300.9615007515552,1.026214407228799,104
10545000,42280.000006778566,-518965.81480583455,298.76973981360993,1.0221823792154099,104
10550000,42300.00000678264,-518408.7412589183,302.73915177544933,1.0226823460303651,104
10555000,42320.000006786715,-519388.29793072306,299.2021933757438,1.024467714888789,104
10560000,42340.00000679079,-519294.05779732973,300.0678999306488,1.0233812775294098,104
10565000,42360.000006794864,-518824.84942526533,298.50130837045515,1.0248859717134187,104
10570000,42380.00000679894,-519011.34320409596,300.60465258468224,1.0278318184601543,104
10575000,42400.00000680301,-519507.28212065133,301.17050333193845,1.0249528328754098,104
10580000,42420.00000680709,-518472.0018458676,302.2799707344744,1.0243096584482538,104
10585000,42440.00000681116,-517640.2332113038,299.30374669728553,1.024992825074646,104
10590000,42460.00000681524,-519780.3569113489,301.7003527666482,1.0236130844247275,104
10595000,42480.00000681931,-519330.0044389514,300.83554784800333,1.0293595963335695,104
10600000,42500.000006823386,-519010.16837008134,300.6511958311472,1.0276855281500001,104
10605000,42520.00000682746,-519051.7956879216,303.4925043949732,1.0279044161963,104
10610000,42540.000006831535,-519583.4533730673,302.6876871194643,1.0243349955691463,104
10615000,42560.00000683561,-519605.5518945833,299.7177020757559,1.027965958927666,104
10620000,42580.000006839684,-518565.9608067076,304.0207604221428,1.0295876942369302,104
10625000,42600.00000684376,-518857.29603675473,300.6410152596749,1.0271688185135999,104
10630000,42620.00000684783,-518816.85013614246,300.3768903737967,1.0229006310733237,104
10635000,42640.00000685191,-519195.62428205693,302.4239345198173,1.0274353138344552,104
10640000,42660.00000685598,-518224.1964629793,299.3943726676629,1.0267554923614914,104
10645000,42680.00000686006,-518337.8227934374,299.2525041432736,1.0224164555844315,104
10650000,42700.00000686413,-519559.4506758058,301.31492377159236,1.0253191854285149,104
10655000,42720.000006868206,-519109.21487933723,300.9782199181426,1.0275278470414724,104
10660000,42740.00000687228,-519807.53124763235,299.84995924311755,1.0314164876895255,104
10665000,42760.000006876355,-519203.4261560566,302.7997786708208,1.0264859802501887,104
10670000,42780.00000688043,-518409.1686084501,301.39475617626636,1.026244998657576,104
10675000,42800.000006884504,-519579.4921482848,301.8811303365037,1.0311992277114856,104
10680000,42820.00000688858,-519746.19717502175,302.78846854645883,1.0238254266197098,104
10685000,42840.00000689265,-519767.9644710403,303.2646532512917,1.0284614637365876,104
10690000,42860.00000689673,-518372.0881601991,301.272070548645,1.0249433036808917,104
10695000,42880.0000069008,-519095.2903523452,301.1503376942751,1.0281214450219667,104
10700000,42900.00000690488,-517778.7080878245,301.3268611292201,1.0251715124748306,104
10705000,42920.00000690895,-519005.8133990469,299.3596657602494,1.0265793228856905,104
10710000,42940.000006913026,-518079.39491902245,300.4952902544884,1.0302054753903416,104
10715000,42960.0000069171,-518711.46508297184,302.13612827333566,1.0260074981525376,104
10720000,42980.000006921175,-517260.8394906798,303.02398451102425,1.0227869041614732,104
10725000,43000.00000692525,-519418.46558286133,302.0219983895629,1.0243769376075709,104
10730000,43020.000006929324,-518382.0344685295,302.05097196613787,1.0236504803558162,104
10735000,43040.0000069334,-519913.59707479016,300.7747915022125,1.0295282751891728,105
10740000,43060.00000693747,-518609.75895028654,302.30582396068405,1.0267302531924276,105
10745000,43080.00000694155,-517782.97517145495,301.1518458672281,1.0277302245697182,105
10750000,43100.00000694562,-519217.4072034217,299.2775567687866,1.0284468377450955,105
10755000,43120.0000069497,-518879.32523096213,303.01559315977823,1.0267586884805833,105
10760000,43140.00000695377,-519202.02118047327,301.5406235943505,1.0272054669768416,105
10765000,43160.000006957845,-517492.53153128526,300.4339560961823,1.0286365877413712,105
10770000,43180.00000696192,-517793.42167234304,300.8755612497655,1.0234447068153463,105
10775000,43200.000006965995,-519124.3017057688,300.1966472335452,1.0266121738603662,105
10780000,43220.00000697007,-518925.1337108554,299.7086468978831,1.0238204336780024,105
10785000,43240.00000697414,-518817.3753523771,302.66636530440894,1.026135238557586,105
10790000,43260.00000697822,-518266.54568848177,301.2753984151568,1.0266020417027375,105
10795000,43280.00000698229,-518426.4872242166,303.3013867639109,1.0272652731297462,105
10800000,43300.00000698637,-517914.9059244897,301.3706229369999,1.0232400923450387,105
10805000,43320.00000699044,-519357.1263767518,301.1164669969296,1.0215841338135871,105
10810000,43340.000006994516,-518728.1790239569,305.71069125006113,1.0249209195933116,105
10815000,43360.00000699859,-517611.2423460616,300.9339379383622,1.0250679160202143,105
10820000,43380.000007002665,-518626.4245052084,299.71012255524886,1.0285893405265651,105
10825000,43400.00000700674,-518637.6946433126,300.1231498731983,1.0286810305660308,105
10830000,43420.000007010814,-517629.5174828111,302.33374487283214,1.0271076040673182,105
10835000,43440.00000701489,-518366.13747950736,302.78029392194105,1.0289927614998637,105
10840000,43460.00000701896,-519091.0452548689,302.2044566995325,1.0254015470988331,105
10845000,43480.00000702304,-517972.5330973901,299.76595628205735,1.0256690545349305,105
10850000,43500.00000702711,-518358.3764738946,302.19587855316325,1.0226380946943774,105
10855000,43520.00000703119,-519288.8162673253,301.5773931031792,1.0275128278749257,105
10860000,43540.00000703526,-520169.65446700016,298.26086631136997,1.0235824778527294,105
10865000,43560.000007039336,-518775.4942059708,302.4363577937579,1.0238983141535507,105
10870000,43580.00000704341,-518228.55048183165,301.53363239136746,1.0249854733579726,105
10875000,43600.000007047485,-519152.8402707407,299.4691346963383,1.0256462614632682,105
10880000,43620.00000705156,-518024.6550560482,301.1799941649209,1.0256163225642967,105
10885000,43640.000007055634,-517878.80953502096,301.03479366764714,1.0243428767710947,105
10890000,43660.00000705971,-519897.1760415251,299.100181462203,1.0286960253458453,105
10895000,43680.00000706378,-518500.1152822734,300.5349579276838,1.026886292083708,105
10900000,43700.00000706786,-519341.55848035775,301.7175202005129,1.0254493717453674,105
10905000,43720.00000707193,-518067.7884935248,300.31852861369777,1.0297290998082131,105
10910000,43740.00000707601,-519123.9753450509,302.25145553644205,1.027226633864599,105
10915000,43760.00000708008,-518467.26083846134,301.6260270041227,1.025089883509649,105
10920000,43780.000007084156,-519835.87345200754,302.0828045731525,1.0293939868698054,105
10925000,43800.00000708823,-518021.55315944063,302.9359984381051,1.0272658459971662,105
10930000,43820.000007092305,-518947.04410140356,300.85957676659353,1.0225978311587227,105
10935000,43840.00000709638,-519105.3786712284,301.1956326897478,1.0284104926409574,105
10940000,43860.000007100454,-519013.181653196,303.7107002741989,1.0279510324923329,105
10945000,43880.00000710453,-519925.3244334834,300.85593802613243,1.0312760533290055,105
10950000,43900.0000071086,-519320.77658624854,301.110628139525,1.0272079834905712,105
10955000,43920.00000711268,-519739.1617744935,302.61251592413356,1.02665261007651,105
10960000,43940.00000711675,-518883.63433744805,302.792941662595,1.027153367714549,105
10965000,43960.00000712083,-518508.33905061195,300.5559901621721,1.0262633416692657,105
10970000,43980.0000071249,-518008.4355324893,302.60749475782654,1.0274955201614144,105
10975000,44000.000007128976,-518426.2191718649,301.0827685431273,1.0308649200796287,105
10980000,44020.00000713305,-518403.5617432834,302.3456525696576,1.0253259976973466,105
10985000,44040.000007137125,-518445.30962599325,302.2284662739231,1.0265388310285355,105
10990000,44060.0000071412,-520028.7591526187,300.41788993942447,1.0271301410302665,105
10995000,44080.000007145274,-519009.0459779238,299.90713607191157,1.0261455842443399,105
11000000,44100.00000714935,-518729.10829766723,301.049250440603,1.027362713791725,105
11005000,44120.00000715342,-519299.0229565364,299.8375182063738,1.026209785984233,105
11010000,44140.0000071575,-519309.0881409859,305.0155585000818,1.0317034371527465,105
11015000,44160.00000716157,-518836.36174890655,300.79580147286237,1.0275338409425465,105
11020000,44180.00000716565,-518204.3531585953,302.12456188510083,1.0237058811992983,105
11025000,44200.00000716972,-519693.2067399579,299.14745470768275,1.0266938168722675,105
11030000,44220.000007173796,-519108.0907063617,300.7976032977899,1.024821621294649,105
11035000,44240.00000717787,-519935.78592819837,302.56335831341937,1.0304394281590696,105
11040000,44260.000007181945,-518160.8751545653,299.0298417639782,1.0298014875701968,105
11045000,44280.00000718602,-518630.73281399603,302.2957944116374,1.0281897738635573,105
11050000,44300.000007190094,-518132.4053642112,301.07405671516125,1.0247387241463193,105
11055000,44320.00000719417,-519820.52694095555,301.2643662059387,1.0277320105612604,105
11060000,44340.00000719824,-518391.53777652746,299.5132208028944,1.0246779623750666,105
11065000,44360.00000720232,-519206.22775783786,303.85365174823966,1.0257048928239851,105
11070000,44380.00000720639,-518708.63857750525,301.7686449655094,1.0259242719890662,105
11075000,44400.00000721047,-518190.9394135759,301.04493832946827,1.0227425972115056,105
11080000,44420.00000721454,-517616.5161286227,303.52018412168036,1.022472083529737,105
11085000,44440.000007218616,-518536.7876530832,301.04552854594607,1.0268074061340287,105
11090000,44460.00000722269,-518711.0892222016,298.4992388829292,1.0244361240140634,105
11095000,44480.000007226765,-520072.74778819806,302.1879463168928,1.0278778665540604,105
11100000,44500.00000723084,-518271.581873816,301.62336623721535,1.0270956567861356,105
11105000,44520.000007234914,-517829.61194143933,298.65587521800495,1.0236283431695143,105
11110000,44540.00000723899,-518299.46133646346,299.5841428595865,1.0231878488956394,105
11115000,44560.00000724306,-519073.6121368392,299.99240842414775,1.023818993647902,105
11120000,44580.00000724714,-517669.1544030737,300.70866280761913,1.0223742120505441,105
11125000,44600.00000725121,-518819.7886163024,306.0206026797502,1.0270260340874768,105
11130000,44620.00000725529,-518949.1813754176,300.80367231499093,1.0268555486262292,105
11135000,44640.00000725936,-518616.73963960935,303.1138029395097,1.0274914722103992,105
11140000,44660.000007263436,-518518.7700912941,303.52378651769016,1.029062072767894,105
11145000,44680.00000726751,-520172.1870475579,301.7977496439676,1.0280203784962554,105
11150000,44700.000007271585,-518828.4659810667,297.28633027767614,1.026387109668332,105
11155000,44720.00000727566,-518184.9735598336,298.9498916891165,1.02603387970701,105
11160000,44740.000007279734,-518846.62625075923,301.9735898083049,1.0244700936991524,105
11165000,44760.00000728381,-517206.5768508685,301.0997930571154,1.0268473076515512,105
11170000,44780.00000728788,-518543.5727497742,300.8315750035823,1.0231427166375269,105
11175000,44800.00000729196,-518186.23102087644,301.69307328507267,1.0219887321368373,105
11180000,44820.00000729603,-519616.71575732226,300.8619736581392,1.0255182604903024,105
11185000,44840.00000730011,-518473.01812746376,297.24001241873964,1.0262406108847337,105
11190000,44860.00000730418,-518186.1368194651,304.064385093799,1.0263084667963558,105
11195000,44880.000007308256,-518809.3761220772,300.3548901853859,1.028261807921973,105
11200000,44900.00000731233,-517531.27885554754,298.57884469050924,1.0272318695464375,105
11205000,44920.000007316405,-517945.912703732,298.1639285213617,1.0270318404864998,105
11210000,44940.00000732048,-518870.8589813926,304.3946559158789,1.0241735076713059,105
11215000,44960.000007324554,-519196.6804313301,302.9391850138985,1.023171172922533,105
11220000,44980.00000732863,-519574.60914678825,302.2081881737979,1.0268097569885768,105
11225000,45000.0000073327,-518249.60630050255,299.90196215676946,1.0245830320769478,105
11230000,45020.00000733678,-518563.1365051777,300.52546435390803,1.0250080677350073,105
11235000,45040.00000734085,-518072.3336725519,302.247364346352,1.021286073519773,105
11240000,45060.00000734493,-519348.85820040083,303.02744824030503,1.025800997703767,105
11245000,45080.000007349,-519444.9350286927,299.7194740326824,1.0299526691922094,105
11250000,45100.000007353075,-518803.2843458536,299.21115962194096,1.0243160450493605,105
11255000,45120.00000735715,-518736.33363036625,302.22897797466976,1.0260780905422764,105
11260000,45140.000007361225,-518193.90845323843,301.79314628064213,1.0230693867031004,105
11265000,45160.0000073653,-518736.73975337367,300.7450201708955,1.0261771578556567,105
11270000,45180.00000736937,-519031.1735939386,301.5377680051824,1.0272576093907557,105
11275000,45200.00000737345,-519208.426967361,303.2403045227969,1.0254688068536373,105
11280000,45220.00000737752,-517987.9531032727,300.52616501236895,1.0209991831819418,105
11285000,45240.0000073816,-519504.4159692435,302.3291444276135,1.0289067263538043,105
11290000,45260.00000738567,-519110.01986571494,300.37081022212055,1.0251005478579005,105
11295000,45280.000007389746,-518586.58560429234,298.2350646966949,1.0282290008115174,105
11300000,45300.00000739382,-519445.5964256639,302.0160012533749,1.0261819430092993,105
11305000,45320.000007397895,-519229.46785447304,300.511864545832,1.0305494050787658,105
11310000,45340.00000740197,-519104.2277476748,297.6546118094555,1.0266722963845019,105
11315000,45360.000007406044,-518790.02040748973,300.2962823804324,1.0236461165217632,105
11315000,45360.000007406044,-519100.2598909314,300.10098510084816,1.0227128372256198,--
11320000,45380.00000741012,-518214.06170401373,300.6509301836143,1.0259373580472808,106
11325000,45400.00000741419,-518541.2558244921,299.5220207789411,1.0268849689236206,105
11330000,45420.00000741827,-518917.85650682263,301.73722407546825,1.0268998024921205,105
11335000,45440.00000742234,-518089.3226685934,303.3483672168749,1.025594922940982,105
11340000,45460.00000742642,-518425.9191832894,299.17940248046256,1.0245470409150277,105
11345000,45480.00000743049,-520335.496277157,299.194643100291,1.0240442319205882,105
11350000,45500.000007434566,-518395.6739896161,301.3924563431967,1.0254867678808466,105
11355000,45520.00000743864,-518920.50779930875,301.6362832314957,1.0270890764485503,105
11360000,45540.000007442715,-519226.6710620802,301.2143970412201,1.0286523309146567,105
11365000,45560.00000744679,-518935.76642890857,299.09685552970825,1.0235487880294785,105
11370000,45580.000007450864,-517739.0708531451,299.35863853403754,1.0237953688739754,105
11375000,45600.00000745494,-517795.6538959646,299.4397558411407,1.0235235462531378,105
11380000,45620.00000745901,-518291.3315203544,302.12657401311105,1.0248841060795524,104
11385000,45640.00000746309,-518779.21721087163,300.24421409828597,1.028448386880532,104
11390000,45660.00000746716,-518864.8066583709,304.12580370896615,1.022796192237818,104
11395000,45680.00000747124,-517738.890420282,299.8537942078797,1.0256321469678016,104
11400000,45700.00000747531,-518707.1924688576,302.85250067699866,1.0217762230103762,104
11405000,45720.000007479386,-518323.6708637988,301.4382808908964,1.0226446382530932,104
11410000,45740.00000748346,-519252.91474460065,300.3817598066341,1.0256763487818883,104
11415000,45760.000007487535,-518911.73458825354,299.2242596583638,1.0234749783433477,104
11420000,45780.00000749161,-518073.2571056201,300.5904565764493,1.0273467317317437,104
11425000,45800.000007495684,-519452.22649899474,303.40654930152766,1.0261134171475494,104
11430000,45820.00000749976,-518375.304155709,302.93689136145207,1.0250887295272588,104
11435000,45840.00000750383,-518195.2748837394,301.6450876839299,1.0272323842330766,104
11440000,45860.00000750791,-518932.27479245677,301.3026578067495,1.0294177642362605,104
11445000,45880.00000751198,-518727.91870780266,302.01245490498195,1.0298574210488023,104
11450000,45900.00000751606,-519001.29985429253,301.1803837739307,1.0248238854392326,104
11455000,45920.00000752013,-519626.8000802386,298.83329963085407,1.0227800747542557,104
11460000,45940.000007524206,-519222.7977779086,299.1033952487105,1.0261210333590238,104
11465000,45960.00000752828,-518350.6443243711,299.0095949871124,1.0251807459853346,104
11470000,45980.000007532355,-519261.33743885555,300.29530586720455,1.0299236336992585,104
11475000,46000.00000753643,-518121.1491595991,300.412491469235,1.0263633827227128,104
11480000,46020.000007540504,-518515.30627445434,301.397995022972,1.0284912334561023,104
11485000,46040.00000754458,-518205.13253747136,300.31580352175797,1.0280769761346407,104
11490000,46060.00000754865,-519191.2659178898,300.33862013414563,1.0267811942212968,104
11495000,46080.00000755273,-519025.1987270315,301.063583735658,1.0295448879917386,104
11500000,46100.0000075568,-518984.89745072764,302.04402269859617,1.0248878880965553,104
11505000,46120.00000756088,-519459.38938855985,300.7397331059403,1.027372696862494,104
11510000,46140.00000756495,-519447.1947222578,301.77242114215403,1.0258392316293719,104
11515000,46160.000007569026,-517716.9824863984,300.42723599246153,1.0230039914780595,104
11520000,46180.0000075731,-519099.0477632636,301.75298611380873,1.0255367109030433,104
11525000,46200.000007577175,-517761.8226898848,302.9108273110156,1.0239832081412223,104
11530000,46220.00000758125,-518816.8008247216,300.73679390868017,1.0275212991995044,104
11535000,46240.000007585324,-518439.509869938,299.05250091791737,1.027676338944335,104
11540000,46260.0000075894,-519413.95443471544,303.85164711465956,1.0251277937095808,104
11545000,46280.00000759347,-519610.17399502615,299.3750165319189,1.0244761546283172,104
11550000,46300.00000759755,-517691.80988139403,302.4316174652893,1.0229247621788033,104
11555000,46320.00000760162,-519707.24750928767,302.25161374844134,1.0297373755517802,104
11560000,46340.0000076057,-518803.0014391977,301.06216968375696,1.0231582243718749,104
11565000,46360.00000760977,-518134.9906753327,300.03276553955664,1.0259592159284239,104
11570000,46380.000007613846,-518103.9405273618,300.7778730949022,1.0225840390496233,104
11575000,46400.00000761792,-519510.53472687025,299.83304824150656,1.0297589949625328,104
11580000,46420.000007621995,-518674.2862827813,303.29184353832386,1.0217016411977986,104
11585000,46440.00000762607,-518879.16873480426,300.699198128151,1.0233845634862782,104
11590000,46460.000007630144,-519351.48878179793,300.2946418508158,1.0252570373474383,104
11595000,46480.00000763422,-518490.5056432884,296.5632016152902,1.0255460632364313,104
11600000,46500.00000763829,-518372.59468551166,301.48277541525607,1.023440005249832,104
11605000,46520.00000764237,-518612.02807534556,301.17520278652046,1.0309286910643742,104
11610000,46540.00000764644,-517908.0885787043,303.635492422732,1.023769930424728,104
11615000,46560.00000765052,-518441.54263714957,300.2336968528346,1.026432357395048,104
11620000,46580.00000765459,-518703.51831456996,302.24162994268085,1.0287461028603742,104
11625000,46600.000007658666,-519096.37189149926,303.10981787013316,1.0243820399656138,104
11630000,46620.00000766274,-518827.6512834942,300.80226590611966,1.026657045976761,104
11635000,46640.000007666815,-517608.75390886446,299.5032192627014,1.0225078020115026,104
11640000,46660.00000767089,-519595.1310679787,303.3186281428274,1.0255183798337215,104
11645000,46680.000007674964,-519425.69944378105,301.83414448049365,1.0273615534196834,104
11650000,46700.00000767904,-518751.0734839933,302.1727033899832,1.0278785022152699,104
11655000,46720.00000768311,-519575.3816707311,300.5143759927487,1.0278568198944895,104
11660000,46740.00000768719,-518234.0013534019,297.7845450183807,1.0299982576267055,104
11665000,46760.00000769126,-518507.7575322741,300.01139630024585,1.0252537354696953,104
11670000,46780.00000769534,-517301.5777954804,301.9326705079885,1.022127662512801,104
11675000,46800.00000769941,-518763.2997719927,300.6854877311531,1.0234497166707366,104
11680000,46820.000007703486,-518719.01168523147,297.6939872494649,1.032726051752271,104
11685000,46840.00000770756,-518617.8722621568,300.75319064574995,1.0268153669352007,104
11690000,46860.000007711635,-520028.1338086764,301.2942433776956,1.0272815141142873,104
11695000,46880.00000771571,-519042.5859848752,299.7874838019977,1.0287094860587507,104
11700000,46900.000007719784,-517884.09043586254,299.4217217249304,1.0259066900541083,104
11705000,46920.00000772386,-519070.6622461765,301.3161126443726,1.0265162349149164,104
11710000,46940.00000772793,-517238.11189524364,300.69769399497414,1.0257897940760448,104
11715000,46960.00000773201,-520018.14562248066,302.7881879380971,1.0259457439246613,104
11720000,46980.00000773608,-518323.8276361511,300.60849006537586,1.0256563330238067,104
11725000,47000.00000774016,-518677.5573808155,303.4425657897956,1.0296367275274736,104
11730000,47020.00000774423,-518242.1125195201,299.31657213430464,1.0280107316991018,104
11735000,47040.000007748306,-518276.52561457036,302.2693250252928,1.0222131571922444,104
11740000,47060.00000775238,-518803.66963941464,299.5666556608406,1.0266336559870683,104
11745000,47080.000007756455,-518743.9648103274,301.67529544092287,1.0297218774213037,104
11750000,47100.00000776053,-518348.35913261026,301.34782845705877,1.0230279521435874,104
11755000,47120.000007764604,-518767.58584239497,298.41105375127137,1.0269149570901543,104
11760000,47140.00000776868,-520350.416965303,302.4876487701904,1.0300419152260611,104
11765000,47160.00000777275,-519099.8519715646,299.45953853257026,1.0253612700928998,104
11770000,47180.00000777683,-518704.8360678316,301.20463022116564,1.0290254518508408,104
11775000,47200.0000077809,-519476.41672424227,301.37373246796255,1.0292839049655582,104
11780000,47220.000007784976,-518413.32841123175,300.23860635362746,1.0264161360761228,104
11785000,47240.00000778905,-517043.54943038826,298.2058921264322,1.025115660345817,104
11790000,47260.000007793125,-518773.1121311316,298.8127118161539,1.0241491368426976,104
11795000,47280.0000077972,-518657.1756672424,304.2283430330277,1.027337264801799,104
11800000,47300.000007801274,-518056.53660910367,301.2452294411738,1.0269448628508122,104
11805000,47320.00000780535,-518589.3224681758,302.43620416794863,1.0235326844850436,104
11810000,47340.00000780942,-517308.59765402554,299.06230795928695,1.026240660571977,104
11815000,47360.0000078135,-518327.88870952395,300.37187195630975,1.0267028575847312,104
11820000,47380.00000781757,-519388.3330998332,302.2150940990095,1.0279243843030519,104
11825000,47400.00000782165,-518538.6560991765,297.5940611155362,1.0254161172494738,104
11830000,47420.00000782572,-519996.52492105355,301.23171596094335,1.0262638914280837,104
11835000,47440.000007829796,-520232.51703850506,297.92298074653297,1.028508654568268,104
11840000,47460.00000783387,-518363.6672334252,300.4435161466397,1.0239362226133584,104
11845000,47480.000007837945,-519493.23969617346,302.4275171643718,1.0281973908270061,104
11850000,47500.00000784202,-518187.2489302608,302.86869060183267,1.0245355399592007,104
11855000,47520.000007846094,-518831.549422838,301.36313528126806,1.0260955555213334,104
11860000,47540.00000785017,-518538.64831603155,303.3938889838273,1.025351550864659,104
11865000,47560.00000785424,-518272.2407801936,299.6947796034504,1.0254103917763973,104
11870000,47580.00000785832,-519229.32256532414,300.4059404242617,1.0317636019634366,104
11875000,47600.00000786239,-520008.9011227244,297.4092844968716,1.0256449931159743,104
11880000,47620.00000786647,-519714.24423126364,302.92767545884425,1.0258731992520336,104
11885000,47640.00000787054,-518854.64132484933,301.0323374005969,1.0280575971115153,104
11890000,47660.000007874616,-519369.3646018936,301.20563838854804,1.0262616946569822,104
11895000,47680.00000787869,-519446.43539595604,301.8635865084284,1.027713177713523,104
11900000,47700.000007882765,-518979.09143967903,302.85633322678234,1.0261744252041352,104
11905000,47720.00000788684,-519290.1147847434,299.865580361331,1.0288209647784288,104
11910000,47740.000007890914,-518700.7849947256,300.2749046310014,1.026062221844576,104
11915000,47760.00000789499,-518695.05646200245,303.0659123857925,1.0247259293691753,104
11920000,47780.00000789906,-519684.57204864966,299.6886891542776,1.0304356343598986,104
11925000,47800.00000790314,-518898.8931495466,299.7373140573548,1.024955309490358,104
11930000,47820.00000790721,-518953.72657746775,301.405762905428,1.0253526414058276,104
11935000,47840.00000791129,-518306.5322940368,300.3726861440341,1.0252525636921186,104
11940000,47860.00000791536,-518570.9020503862,298.96239794441817,1.0252598769804746,104
11945000,47880.000007919436,-518960.5378108651,299.1638056615849,1.0286354219435185,104
11950000,47900.00000792351,-518172.5237516507,301.96484100927216,1.0244882753532023,104
11955000,47920.000007927585,-518037.74178695213,302.32675556776167,1.0278299323357678,104
11960000,47940.00000793166,-519751.8372886316,303.0808882160377,1.0272185047315054,104
11965000,47960.000007935734,-519927.13418956706,299.0026749400256,1.0264658417619807,104
11970000,47980.00000793981,-519395.7735259335,299.0752685648754,1.02627352036693,104
11975000,48000.00000794388,-518363.90985641535,298.48760214148353,1.0249621244069602,104
11980000,48020.00000794796,-519145.47855768376,299.75429290764424,1.0259105087326037,104
11985000,48040.00000795203,-519205.66921564355,302.12405957407174,1.0283667926085087,104
11990000,48060.00000795611,-518712.3229068096,300.3920804052991,1.0283033674223403,104
11995000,48080.00000796018,-518862.74278144236,301.45833754688323,1.0232980926613477,104
12000000,48100.000007964256,-518555.0978528857,301.35140859821917,1.0260517287761786,104
12005000,48120.00000796833,-517757.2335679566,299.1560657431317,1.0225105504549514,104
12010000,48140.000007972405,-517834.01373885944,300.50687048036684,1.0264827502403615,104
12015000,48160.00000797648,-519117.05480893026,302.4643848316343,1.0271612011671052,104
12020000,48180.000007980554,-518532.8954874261,300.1070654790793,1.0267348070424678,104
12025000,48200.00000798463,-518966.8764359122,301.21604072161574,1.0286559625929734,104
12030000,48220.0000079887,-520180.574995772,302.63634251362487,1.027066591127937,104
12035000,48240.00000799278,-518759.38263459434,301.44064479396417,1.0258094774803077,104
12040000,48260.00000799685,-519141.9018496396,297.9290542778399,1.0214234914389493,104
12045000,48280.00000800093,-519374.39649792365,300.51391885755896,1.0265740000636652,104
12050000,48300.000008005,-519229.921152479,302.7895370721997,1.0270109575975643,104
12055000,48320.000008009076,-517880.78080355073,300.9513129463449,1.024965697615131,104
12060000,48340.00000801315,-518582.8164007291,303.2633704322917,1.028747426008232,104
12065000,48360.000008017225,-518775.8965238638,302.5258996414267,1.024415983612267,104
12070000,48380.0000080213,-518407.20070201764,300.31554282250625,1.0272791323803416,104
12075000,48400.000008025374,-519700.5333156022,301.79456194203294,1.0272824274851557,104
12080000,48420.00000802945,-519338.03494737763,299.3484551888222,1.025737635591474,104
12085000,48440.00000803352,-518478.32920995774,302.55364403461346,1.028839559925259,104
12090000,48460.0000080376,-518966.0417448841,300.74191491292765,1.024771153983046,104
12095000,48480.00000804167,-518195.2166796441,300.8838246362939,1.0225005205506372,104
12100000,48500.00000804575,-517857.6871479277,303.5243860106802,1.0245657583919712,104
12105000,48520.00000804982,-520012.6208416014,301.40654010260636,1.0278562084163745,104
12110000,48540.000008053896,-518566.4004155344,301.4667467546126,1.0218347895127509,104
12115000,48560.00000805797,-518837.96010122076,301.8901426472997,1.0216933090023266,104
12120000,48580.000008062045,-519639.67368085845,300.568448501841,1.0279399283379294,104
12125000,48600.00000806612,-517092.9970609823,300.4059422710639,1.0212940342478916,104
12130000,48620.000008070194,-517565.5172700812,301.24661535793587,1.0255410472587472,104
12135000,48640.00000807427,-518593.45887634763,300.9551491439103,1.0237063065601404,104
12140000,48660.00000807834,-518052.8628740134,298.70857825171396,1.0219245912897903,104
12145000,48680.00000808242,-518118.5648359305,303.46660795665355,1.0230352116301629,104
12150000,48700.00000808649,-519223.56051552645,301.529138537974,1.0287134738040669,104
12155000,48720.00000809057,-519757.0718504884,301.1824650148268,1.0267305441373744,104
12160000,48740.00000809464,-519119.361955876,301.37495987174043,1.0245563271639981,104
12165000,48760.000008098716,-519665.02046965715,299.91608663141426,1.022461009285804,104
12170000,48780.00000810279,-519662.0690517705,301.7734075582568,1.0315867003434667,104
12175000,48800.000008106865,-520044.1626693036,300.06067106509806,1.0268399892038835,104
12180000,48820.00000811094,-518114.58091953,301.9774599966788,1.026333874237047,104
12185000,48840.000008115014,-520210.88886747975,299.4249815410875,1.0196095941556294,104
12190000,48860.00000811909,-519723.91677568946,298.8708895688394,1.026246569690747,104
12195000,48880.00000812316,-517094.75620123604,302.22529294441614,1.0229542553517266,104
12200000,48900.00000812724,-518941.22934309905,301.7424235084006,1.0281366731402215,104
12205000,48920.00000813131,-518791.5650664314,301.08021590513323,1.026136543618041,104
12210000,48940.00000813539,-517736.9703408014,300.092807574633,1.0218449075529739,104
12215000,48960.00000813946,-519454.35384654463,298.9474245840001,1.0275977992085377,104
12220000,48980.000008143536,-517879.6808042582,303.1855685111218,1.0257776839129877,104
12225000,49000.00000814761,-518656.65393846715,303.0784726024701,1.026117789713168,104
12230000,49020.000008151685,-520027.631681771,299.6499765533374,1.0280646787360674,104
12235000,49040.00000815576,-518122.9461207064,300.9235751637855,1.0281858525461225,104
12240000,49060.000008159834,-518716.2751576954,301.49799338206736,1.0246460891759277,104
12245000,49080.00000816391,-517705.35394633235,301.29967554217,1.023873315563783,104
12250000,49100.00000816798,-518482.8230518347,303.13835849599946,1.0275903226824978,104
12255000,49120.00000817206,-518829.50607611984,299.669644853184,1.0253546536007063,104
12260000,49140.00000817613,-519318.86932645086,300.7650575652124,1.024685533688031,104
12265000,49160.000008180206,-518674.3765532994,301.1469245381051,1.027712962052459,104
12270000,49180.00000818428,-518651.19456248544,301.71558783016917,1.0260377342623193,104
12275000,49200.000008188355,-518127.3995961612,299.3719073185165,1.0229099062265945,104
12280000,49220.00000819243,-518757.8663023922,302.3126934604233,1.0263503988041418,104
12285000,49240.000008196504,-519501.4026393171,300.9888842173495,1.0305311733023665,104
12290000,49260.00000820058,-519512.58825762616,299.39808164188196,1.0252186455496541,104
12295000,49280.00000820465,-520007.1763793458,300.524242348411,1.0261074382472026,104
12300000,49300.00000820873,-518425.44043200766,301.4646542649082,1.027262621213055,104
12305000,49320.0000082128,-519259.1252707597,298.9233400842065,1.0251015474238336,104
12310000,49340.00000821688,-517916.0524661036,301.5938642850313,1.0253201140996657,104
12315000,49360.00000822095,-518981.1940459444,301.921540668651,1.0270679657944204,104
12320000,49380.000008225026,-517626.4962773018,301.3185682867773,1.0280460010292705,104
12325000,49400.0000082291,-519027.4440480701,301.08013573624004,1.026131895220183,104
12330000,49420.000008233175,-518260.74567570374,299.18114920967366,1.0260002729947475,104
12335000,49440.00000823725,-518235.0751106357,300.6578323985912,1.0282698178272083,104
12340000,49460.000008241324,-519096.68625202845,300.04664148947944,1.0270971464470107,104
12345000,49480.0000082454,-519647.4130953788,301.28963054812385,1.0283823689558735,104
12350000,49500.00000824947,-518559.4841331437,304.41528384239547,1.0240855612428665,104
12355000,49520.00000825355,-519459.37381050945,299.82229339277177,1.0295451137646634,104
12360000,49540.00000825762,-518872.97097316734,302.7461711383144,1.0284779173565095,104
12365000,49560.0000082617,-518889.8441470503,299.11121690741845,1.0290196419558526,104
12370000,49580.00000826577,-519458.3641523097,300.01351902467843,1.0249505746762815,104
12375000,49600.000008269846,-518774.604339513,299.87719116565336,1.0257778738429162,104
12380000,49620.00000827392,-518218.54584843246,301.9554636747051,1.0285288890190616,104
12385000,49640.000008277995,-517250.65842369595,301.77931407948876,1.0258699566408396,104
12390000,49660.00000828207,-517113.25403712946,299.89907794634337,1.0218747150130676,104
12395000,49680.000008286144,-518709.32654182706,300.79944902106746,1.0252590063429905,104
12400000,49700.00000829022,-518579.80326326913,299.9995361749701,1.019192002314589,104
12405000,49720.00000829429,-519315.54898578953,302.08591927016545,1.024285307091502,104
12410000,49740.00000829837,-516923.4812858652,300.43677643955317,1.0206254480790469,104
12415000,49760.00000830244,-519113.6094358093,301.167921939499,1.0288943235583428,104
12420000,49780.00000830652,-518980.80367189855,298.8743291383928,1.0274406885193972,104
12425000,49800.00000831059,-518283.14195887,303.1461151597293,1.0274583960334198,104
12430000,49820.000008314666,-519630.5528630535,302.26869026916967,1.0257642723373381,104
12435000,49840.00000831874,-520053.44571532984,300.9417299245101,1.0273247674198305,104
12440000,49860.000008322815,-519703.863691919,301.3450573367168,1.025676457718053,104
12445000,49880.00000832689,-517930.99420438893,299.0802469768929,1.0268449334803165,104
12450000,49900.000008330964,-517543.3712008812,297.54844973882314,1.0243984247254152,104
12455000,49920.00000833504,-518296.81607931526,302.2497539308974,1.0264791939266529,104
12460000,49940.00000833911,-519647.37247688184,301.4782461346904,1.0272595169482932,104
12465000,49960.00000834319,-519669.6513138907,300.3860974848953,1.0289582057430933,104
12470000,49980.00000834726,-519775.47957212734,301.6847218360332,1.0247298829472318,104
12475000,50000.00000835134,-518719.8047723898,303.6025012350381,1.0261471343559372,104
12480000,50020.00000835541,-518675.43651469145,303.9558117719614,1.0280510154730218,104
12485000,50040.000008359486,-519525.6824956604,301.05560955783415,1.0286646177719498,104
12490000,50060.00000836356,-520308.066542892,301.19645361448744,1.0265029710086269,104
12495000,50080.000008367635,-519118.2989460963,303.0785574222223,1.0280711237586686,104
12500000,50100.00000837171,-519517.93498510215,301.379347395895,1.0292225994862332,104
