#"Step","Time (ps)","Potential Energy (kJ/mole)","Temperature (K)","Density (g/mL)","Speed (ns/day)"
5000,120.00000000005473,-516465.3781589989,301.3177747586584,1.0245645302105246,--
10000,140.00000000003652,-515148.65400169184,298.8833888255729,1.02132272031659,106
15000,159.9999999999899,-516460.87571633654,302.87625764382074,1.0251710091027693,106
20000,179.9999999999433,-516260.3773564438,300.27529046958927,1.026741468624886,105
25000,199.9999999998967,-516549.68527297187,296.71868300577546,1.02705290867194,105
30000,219.99999999985008,-517109.6849182041,301.15404074398936,1.0241855816259355,105
35000,239.99999999980346,-516652.84065781184,300.93526489560213,1.0245917797883848,105
40000,259.99999999978525,-515946.39926143456,302.14131192912237,1.0246506873342784,105
45000,279.99999999988074,-515186.3477472919,300.05581885149513,1.0231226329343222,105
50000,299.99999999997624,-517067.53749099746,303.76445329818796,1.027514155634191,105
55000,320.00000000007174,-515686.9611651101,301.18521806106054,1.021620357921622,105
60000,340.00000000016723,-516537.18518965994,300.1724343525026,1.0231512641602878,105
65000,360.00000000026273,-516441.1727039316,299.130149378057,1.027058285554374,105
70000,380.0000000003582,-517589.95576863457,299.54532439745503,1.0273987187529745,105
75000,400.0000000004537,-515974.36740269605,298.40231147446957,1.024239823145047,105
80000,420.0000000005492,-517063.2567393305,301.99153317536457,1.024595093126237,105
85000,440.0000000006447,-516126.66360272,303.8278577525493,1.0293347693657289,105
90000,460.0000000007402,-518188.17476941505,304.90333099070665,1.030372574769705,104
95000,480.0000000008357,-516961.9984036437,302.54551052535555,1.0270664378883132,104
100000,500.0000000009312,-516129.34630442015,300.93953502371215,1.021556961681894,104
105000,520.0000000010267,-517186.78555615665,298.26621527347646,1.0260897929150792,104
110000,540.0000000011222,-516343.41196995415,302.6108923313541,1.0247541110888825,104
115000,560.0000000012177,-515848.34879111126,303.43150940972754,1.0237356824452422,104
120000,580.0000000013132,-517968.2841764707,300.0994173361692,1.0287178802085204,104
125000,600.0000000014087,-517339.24383743387,300.267569835246,1.0284298115902923,104
130000,620.0000000015042,-517116.4150904021,301.90500365957513,1.0290238213800937,104
135000,640.0000000015997,-516848.9990252834,300.01899580418956,1.021783671080092,104
140000,660.0000000016952,-518279.96575254644,300.37778431200877,1.0281296800179187,104
145000,680.0000000017907,-517977.4209389773,299.96089044801096,1.0257608250251005,104
150000,700.0000000018862,-515836.15796799725,300.38649434948303,1.0229069337450538,104
155000,720.0000000019817,-517810.55561851664,301.56326559956796,1.0243045156004942,104
160000,740.0000000020772,-517080.93906516396,299.4500900230675,1.0279346501704214,104
165000,760.0000000021727,-517136.7753959482,301.12199116326644,1.0245883869765569,104
170000,780.0000000022682,-518117.6466024695,302.421840157549,1.0273733882121698,104
175000,800.0000000023637,-515803.93493169895,299.75889547895446,1.0209291186124307,104
180000,820.0000000024592,-517133.77640573634,301.5374154255483,1.0246409697384582,104
185000,840.0000000025547,-518180.7291663124,301.7773046094582,1.0282154486180575,104
190000,860.0000000026502,-516757.10106355767,300.2114293085231,1.0254745953706472,104
195000,880.0000000027457,-518441.6469357619,298.747246839696,1.0291318648061762,104
200000,900.0000000028411,-517000.4943496627,300.4784149119894,1.0255535047747852,104
205000,920.0000000029366,-517335.7016953444,301.9059597627545,1.02556889379837,104
210000,940.0000000030321,-516723.54583376576,301.5478653836013,1.023996689844191,104
215000,960.0000000031276,-517764.78350196546,301.9016566839274,1.0287120423777252,104
220000,980.0000000032231,-515843.42021732125,300.523929634024,1.0228217939081554,104
225000,1000.0000000033186,-517175.0167397214,301.0361210185644,1.0259865374807529,104
230000,1020.0000000034141,-516435.64908553497,299.5179232646768,1.0270184838885603,104
235000,1040.0000000030548,-516510.09199123154,300.68142636499164,1.0271022636620568,104
240000,1060.0000000025818,-515412.959849773,301.4014531085039,1.0230842518163181,104
245000,1080.000000002109,-516863.9131363288,301.7077591157437,1.0273357732210937,104
250000,1100.000000001636,-516196.2226757407,300.4289765345116,1.0235592776594222,104
255000,1120.000000001163,-515654.0449416584,302.22906298726025,1.0256922663218997,104
260000,1140.00000000069,-516762.73491866,299.1679328161291,1.027554624688313,104
265000,1160.0000000002171,-515378.27995880065,301.8615275665472,1.0210033653185284,104
270000,1179.9999999997442,-517808.95963490894,302.6984656146466,1.0231851517919168,104
275000,1199.9999999992713,-516707.4472891409,300.025310135696,1.027382771239752,104
280000,1219.9999999987983,-517140.091925906,301.71431490216605,1.0266360299411807,104
285000,1239.9999999983254,-518028.9737981907,300.548326532322,1.0251113088132502,104
290000,1259.9999999978525,-516741.6968751806,301.33559968249835,1.0226052392685905,104
295000,1279.9999999973795,-516782.82191682025,302.3359770239955,1.024732022003844,104
300000,1299.9999999969066,-517470.878160964,302.8740276919004,1.0301103705199686,104
305000,1319.9999999964336,-517139.1521311831,299.83109131758516,1.0246947135628472,104
310000,1339.9999999959607,-516658.85735511594,301.8746584621845,1.0239938300877638,104
315000,1359.9999999954878,-516275.8291529608,302.2446385670816,1.0252769347079447,104
320000,1379.9999999950148,-516118.7548268817,300.2806270751071,1.0271169243622809,104
325000,1399.999999994542,-517123.8102904691,303.3843470353752,1.0271038009921718,104
330000,1419.999999994069,-517109.36661477806,304.9636126168698,1.0219544598945962,104
335000,1439.999999993596,-516149.59087162046,303.2835040342397,1.02370838610899,104
340000,1459.999999993123,-516470.0098012062,301.0546973922613,1.0230006975969965,104
345000,1479.9999999926501,-516887.8146596793,302.62311229856454,1.0253886447996003,104
350000,1499.9999999921772,-517057.32231937675,302.28067648014184,1.026256835497674,104
355000,1519.9999999917043,-515625.6403674504,300.96519767149255,1.0232705898286725,104
360000,1539.9999999912313,-515994.0640927346,302.4638192984258,1.0249415235980328,104
365000,1559.9999999907584,-515746.2145865704,300.90300151451476,1.0233281170005941,104
370000,1579.9999999902855,-516970.9006518277,301.22111188360907,1.0232471057627395,104
375000,1599.9999999898125,-516166.63353318605,300.0672182038834,1.0261362426587506,104
380000,1619.9999999893396,-515901.56558297365,300.0654407619095,1.0242128611013708,104
385000,1639.9999999888666,-515991.4825522383,305.373774063136,1.0263888170202304,104
390000,1659.9999999883937,-517002.8130966886,299.9845784978952,1.0244214358816912,104
395000,1679.9999999879208,-516412.28559159813,301.6036186225526,1.0270292862749038,104
400000,1699.9999999874478,-516371.3571947925,298.5448483903941,1.030575882083039,104
405000,1719.999999986975,-516402.1850909826,297.60669794604337,1.0243728163034127,104
410000,1739.999999986502,-517081.23404178536,298.8432573165036,1.0247561621597912,104
415000,1759.999999986029,-517039.7730592706,301.9993556766463,1.0269911655111892,104
420000,1779.999999985556,-516877.2438745734,300.8911449294221,1.0267108211217515,104
425000,1799.9999999850832,-516662.9087676322,300.07769136478737,1.0260951813023014,104
430000,1819.9999999846102,-515825.93217311637,302.4369396532434,1.0264275842371502,104
435000,1839.9999999841373,-516536.6626878695,302.123944687806,1.0277487744635425,104
440000,1859.9999999836643,-517242.3731064843,303.6891329838914,1.0235789219239526,104
445000,1879.9999999831914,-515791.93552378914,300.0979136801177,1.0268917893231104,104
450000,1899.9999999827185,-516554.62928347103,301.85196584503706,1.0286755254916693,104
455000,1919.9999999822455,-517493.0201573209,302.4188079204016,1.0271130900852574,104
460000,1939.9999999817726,-516775.3600591915,301.1799622680088,1.0247067602260262,104
465000,1959.9999999812997,-517256.4412237825,299.48964575427806,1.0255770868100564,104
470000,1979.9999999808267,-517982.3972088997,301.53591043256296,1.0267103873024017,104
475000,1999.9999999803538,-515901.39100011624,302.2747834873298,1.0254709679536902,104
480000,2019.9999999798808,-516419.3456295901,302.59764139007183,1.0271600240593526,104
485000,2039.999999979408,-516473.1402511671,302.14629835745984,1.023966950092322,104
490000,2059.999999978935,-518509.4744776762,301.6073458518815,1.0277773940365573,104
495000,2079.9999999784623,-517607.2900879702,301.14885421785556,1.0259926943257542,104
500000,2099.9999999779893,-517104.95419117645,300.70076835512685,1.0255124912369369,104
505000,2119.9999999775164,-517757.96246748115,300.9726859972338,1.0277214354079973,104
510000,2139.9999999770434,-517582.0319412956,301.996670601554,1.0252087038778253,104
515000,2159.9999999765705,-516957.54769522,298.57550663894375,1.0292224066689546,104
520000,2179.9999999760976,-517497.7503478164,299.2130078903529,1.0292077694743107,104
525000,2199.9999999756246,-517209.0099508243,299.5877120947906,1.0281097136169786,104
530000,2219.9999999751517,-517809.93742712773,300.227059298647,1.0281757776207572,104
535000,2239.9999999746788,-516228.46723621874,299.63650855058927,1.0210557238799276,104
540000,2259.999999974206,-516871.4856289367,301.43105352284636,1.027002537325904,104
545000,2279.999999973733,-516748.70057331095,298.3810798885729,1.0272958390413875,104
550000,2299.99999997326,-516867.1514839949,301.5062513529687,1.0232949894330625,104
555000,2319.999999972787,-515991.6686249329,300.5533690877467,1.0214127062454355,104
560000,2339.999999972314,-517764.6673478929,302.33648547659857,1.0254693899171843,104
565000,2359.999999971841,-517469.59560655034,299.37529322961217,1.0308552816820304,104
570000,2379.999999971368,-515809.9734341451,300.74898353167964,1.0249908586555598,104
575000,2399.9999999708953,-518093.9985271732,302.63255614104577,1.0231459629687696,104
580000,2419.9999999704223,-515754.3168821314,301.946082866271,1.0228446983927957,104
585000,2439.9999999699494,-516879.50084533845,300.21890755371373,1.0281139556570145,104
590000,2459.9999999694764,-516141.8378488824,300.9444729036486,1.0206421749187145,104
595000,2479.9999999690035,-516589.0849293198,299.49119266979676,1.028302113855076,104
600000,2499.9999999685306,-516964.69945939793,301.51263527358526,1.0269199318325954,104
605000,2519.9999999680576,-517675.5565492583,301.5189210644084,1.026556272166478,104
610000,2539.9999999675847,-515913.0763475662,300.6071049729032,1.0242944372474065,104
615000,2559.9999999671118,-517024.1770439488,304.1703272620404,1.0265485156150418,104
620000,2579.999999966639,-517350.11922427546,301.20072437871437,1.02673756457136,104
625000,2599.999999966166,-517469.31771408464,299.7643350485167,1.0286029259322786,104
630000,2619.999999965693,-516304.49272655556,306.113677631214,1.0256885545600838,104
635000,2639.99999996522,-516072.66080638045,302.01965167099996,1.0231942007453194,104
640000,2659.999999964747,-517000.5916479877,300.7368977070214,1.0271132868810349,104
645000,2679.999999964274,-516745.79599312344,302.5117244448593,1.028894188493824,104
650000,2699.999999963801,-516617.7756472351,298.60272043185097,1.0246766180579783,104
655000,2719.9999999633283,-516634.65888114553,299.3101282896917,1.0242411276074017,104
660000,2739.9999999628553,-517187.388245523,302.12376790310145,1.0237898677879511,104
665000,2759.9999999623824,-517741.89851275133,301.28140980105775,1.0298468111337489,104
670000,2779.9999999619095,-518070.379117721,302.29417410067185,1.0279148416992003,104
675000,2799.9999999614365,-516075.0368730237,298.822474701434,1.0257511993398227,104
680000,2819.9999999609636,-517278.69202000415,300.5105927651774,1.0261768675243592,104
685000,2839.9999999604906,-517211.32325353404,300.697268843538,1.0230472385560183,104
690000,2859.9999999600177,-518129.19881441793,303.06787839887915,1.027859384309518,104
695000,2879.9999999595448,-518091.46778391046,301.8739903842278,1.0248932433195987,104
700000,2899.999999959072,-516779.8483909657,301.2722122749795,1.0243297647229745,104
705000,2919.999999958599,-516485.43852423574,301.49537477392846,1.027657267953288,104
710000,2939.999999958126,-515943.91982073337,298.87726050475425,1.0214285129074068,104
715000,2959.999999957653,-516501.4214037112,297.1775922753822,1.0222097554290284,104
720000,2979.99999995718,-516925.5366415391,297.17677643917085,1.0241669698187805,104
725000,2999.999999956707,-517040.03973590606,299.9905629168157,1.0260649029046354,104
730000,3019.999999956234,-516227.9058141133,300.4079681187812,1.0292952512039737,104
735000,3039.9999999557613,-516835.2478470348,301.3712755653849,1.0247213046069437,104
740000,3059.9999999552883,-517421.16728871316,301.32542297891126,1.0258113916930698,104
745000,3079.9999999548154,-517409.82469396153,301.9158963444858,1.0292953315266276,104
750000,3099.9999999543425,-517706.9523085065,298.19344570206437,1.028313430649581,104
755000,3119.9999999538695,-516749.1311952844,300.16773223490037,1.0258645430230169,104
760000,3139.9999999533966,-516821.1422494217,299.0743881562038,1.0262711785674676,104
765000,3159.9999999529236,-517980.5651661968,298.4520669948939,1.027024963095606,104
770000,3179.9999999524507,-516078.10313560325,300.94078278917016,1.0204768331401943,104
775000,3199.9999999519778,-516049.1802149555,301.2262165753013,1.0216994469842482,104
780000,3219.999999951505,-517075.0972241189,298.8792813393453,1.0282544127551447,104
785000,3239.999999951032,-517323.87106015906,301.8488724580983,1.0225599674106371,104
790000,3259.999999950559,-517165.38697548606,298.9503236918841,1.0276266060901333,104
795000,3279.999999950086,-517796.9892310321,300.98641427917175,1.0272566018036553,104
800000,3299.999999949613,-516346.90503175254,301.1141828051802,1.0255382128716906,104
805000,3319.99999994914,-516497.17361588404,300.86922644415904,1.024738369886781,104
810000,3339.999999948667,-516149.3654146176,302.6234274352309,1.0242189839755618,104
815000,3359.9999999481943,-517629.20468157646,301.38511578182306,1.0303493148007459,104
820000,3379.9999999477213,-517611.9242741021,300.4734320907789,1.0259365502763336,104
825000,3399.9999999472484,-517422.040217801,300.55573109260376,1.0259207166541076,104
830000,3419.9999999467755,-516712.22844611714,301.75729290609337,1.0252887635242398,104
835000,3439.9999999463025,-518451.39837987977,301.82444320760334,1.0287448972623177,104
840000,3459.9999999458296,-517271.2016265467,302.8831119496664,1.0303484792985738,104
845000,3479.9999999453566,-515696.50712926197,299.56623816898815,1.0209870107962455,104
850000,3499.9999999448837,-518152.91382702487,300.31007082908894,1.0276600919602226,104
855000,3519.999999944411,-517697.95135110896,298.88441792304235,1.0294913248217072,104
860000,3539.999999943938,-517081.9174335038,301.361322299771,1.0265393699895284,104
865000,3559.999999943465,-517737.32745234156,301.7887982285217,1.0244028171969877,104
870000,3579.999999942992,-517335.02019566996,300.4700299601592,1.0242564351299703,104
875000,3599.999999942519,-515811.3359134244,303.10472422176167,1.0251828505938725,104
880000,3619.999999942046,-517193.3428588095,303.3825098082308,1.0297664600080678,104
885000,3639.999999941573,-518122.5701815407,303.33500999540564,1.0292708437110378,104
890000,3659.9999999411,-516655.25870417967,301.13699446797574,1.0259430353694974,104
895000,3679.9999999406273,-516130.73811318655,300.19447330697835,1.02631625467763,104
900000,3699.9999999401543,-516566.30582209,299.9044758386774,1.0290380532129495,104
905000,3719.9999999396814,-517914.5355709477,302.53311348623333,1.0267691962781331,104
910000,3739.9999999392085,-517272.43453094456,303.050626539998,1.0275072462592776,104
915000,3759.9999999387355,-517799.18887095014,301.17448997706845,1.0260892889593698,104
920000,3779.9999999382626,-517698.7449926941,301.41878242800937,1.026718384505376,104
925000,3799.9999999377897,-517230.0212756463,302.04158970589975,1.02913619971074,104
930000,3819.9999999373167,-517066.1087914752,301.5108359382321,1.0267421913511205,104
935000,3839.999999936844,-517392.06157691195,298.47716611913046,1.0244664349464074,104
940000,3859.999999936371,-516425.48251942964,300.5423190777811,1.0247844839430027,104
945000,3879.999999935898,-516435.78966093436,301.3256985609549,1.0255309322549102,104
950000,3899.999999935425,-516703.86361257103,300.0894881024242,1.0248653271349413,104
955000,3919.999999934952,-518258.1647979906,299.6811008415219,1.0280448548862706,104
960000,3939.999999934479,-518370.8352994146,298.0602819693833,1.027009768607242,104
965000,3959.999999934006,-516869.8373681542,301.1798506051647,1.0237830969864588,104
970000,3979.999999933533,-516139.7152917383,299.17664286137784,1.025960814466483,104
975000,3999.9999999330603,-515875.28582949145,301.05871461801905,1.0249430734772618,104
980000,4019.9999999325873,-516065.90009164624,299.2951546690802,1.0254501719110707,104
985000,4039.9999999321144,-516655.3441902504,299.37696308518764,1.0234814417435874,104
990000,4059.9999999316415,-518854.7609405506,300.89320629740433,1.0241361135383737,104
995000,4079.9999999311685,-517814.12351747626,300.22535131934774,1.0268434334348302,104
1000000,4099.999999930696,-516847.0749474424,302.56638422859487,1.0217162349806106,104
1005000,4119.999999930223,-516750.02495732415,301.19716484841405,1.0242670891457941,104
1010000,4139.99999992975,-517767.45459054457,303.18326650853606,1.0234175606073288,104
1015000,4159.999999929277,-517269.8351744723,300.54442480956243,1.0232508916319092,104
1020000,4179.999999928804,-517584.43666216126,299.28533979231304,1.0270744145100639,104
1025000,4199.999999928331,-515546.3331959846,300.94563824326195,1.0226938267223769,104
1030000,4219.999999927858,-518049.84442429827,302.44551023797914,1.02606329903329,104
1035000,4239.999999927385,-516802.44157028385,301.1501424180398,1.0256944642291508,104
1040000,4259.999999926912,-516606.10470138513,304.6354764566292,1.0277192613048212,104
1045000,4279.999999926439,-514876.0471868417,299.5140634881313,1.0266888047172014,104
1050000,4299.999999925966,-517586.5913726408,300.4345788378509,1.0251965347350176,104
1055000,4319.999999925493,-515650.0968855559,300.84262474860697,1.023147194743473,104
1060000,4339.99999992502,-516887.0565196688,301.1204636798262,1.0259697873481297,104
1065000,4359.999999924547,-515543.74847799726,300.901997909463,1.0274627091104327,104
1070000,4379.9999999240745,-516883.0595648426,300.06786014525716,1.0246487364080197,104
1075000,4399.9999999236015,-517378.23091421067,303.7004549832558,1.0256257237113164,104
1080000,4419.999999923129,-516744.43487103423,302.1511978475479,1.0276820137166753,104
1085000,4439.999999922656,-516824.6605789752,302.0332825890491,1.0284312877798056,104
1090000,4459.999999922183,-516666.24676492624,301.4560327533277,1.0229811751907028,104
1095000,4479.99999992171,-516420.40881941584,300.6145971742089,1.023861970468399,104
1100000,4499.999999921237,-516743.1094257338,302.0688901394069,1.028393754707037,104
1105000,4519.999999920764,-516320.33820068487,299.13960508972474,1.0211334730637007,104
1110000,4539.999999920291,-517583.10540437396,300.2693907335888,1.0289436564680718,104
1115000,4559.999999919818,-516743.55395153747,301.10230349182075,1.0258307046016641,104
1120000,4579.999999919345,-518171.7337408969,300.3067302844236,1.0264185362234495,104
1125000,4599.999999918872,-516583.9743588469,301.26531962781695,1.0258523361725,104
1130000,4619.999999918399,-516655.1352053443,301.69158297993465,1.0266072204583636,104
1135000,4639.999999917926,-517205.7815781601,300.3323669667559,1.0300416408203725,104
1140000,4659.999999917453,-515360.70828687865,301.5999103689255,1.0279164492676438,104
1145000,4679.99999991698,-517515.76132874005,300.8787058625113,1.0278691343648039,104
1150000,4699.9999999165075,-516999.246045446,301.63143686837117,1.0276242850324373,104
1155000,4719.9999999160345,-517093.039248775,301.20725398646994,1.029451327495753,104
1160000,4739.999999915562,-516550.89603701094,302.9765153472987,1.0244461189223377,104
1165000,4759.999999915089,-518062.38632295793,301.31701724860096,1.0281992207417958,104
1170000,4779.999999914616,-515596.4687038546,299.7780627734002,1.026755042153197,104
1175000,4799.999999914143,-517780.8867799137,301.2135162440683,1.0245876504136642,104
1180000,4819.99999991367,-516602.04053900135,302.4735542201295,1.0255153836941882,104
1185000,4839.999999913197,-516886.0917921858,299.8184409707846,1.0232435640308892,104
1190000,4859.999999912724,-517710.778667768,299.62159600858365,1.025893164797419,104
1195000,4879.999999912251,-516828.41439036326,300.12047612125184,1.0258952254712097,104
1200000,4899.999999911778,-517284.18261954,302.9384808766755,1.0261512748595893,104
1205000,4919.999999911305,-516495.3940851847,301.4335899666336,1.0215456184134617,104
1210000,4939.999999910832,-516822.2744897902,302.4567523917013,1.0248684463804942,104
1215000,4959.999999910359,-517001.09887018916,301.25521699023926,1.0255587703165971,104
1220000,4979.999999909886,-516673.8098452545,302.1583336689649,1.0256990264164652,104
1225000,4999.999999909413,-516918.4078148566,299.42263909123216,1.0282027935104878,104
1230000,5019.9999999089405,-516939.0747917779,299.80932897165155,1.0257166561100144,104
1235000,5039.9999999084675,-516608.89507062896,301.09781196328476,1.0274928295282535,104
1240000,5059.999999907995,-517826.274542551,299.45388538681823,1.0316634742750896,104
1245000,5079.999999907522,-516597.33190763416,301.48254463611585,1.0256129618254926,104
1250000,5099.999999907049,-517096.3791436872,298.3765705660372,1.0242125010020384,104
1255000,5119.999999906576,-517088.6251579968,297.1201300502004,1.029857222860311,104
1260000,5139.999999906103,-516739.52332819323,301.2985711451534,1.025112749229572,104
1265000,5159.99999990563,-517511.1737961557,301.71846221807516,1.027849420985293,104
1270000,5179.999999905157,-516036.44331259024,299.243357089289,1.0226562589011932,104
1275000,5199.999999904684,-516033.6448274874,301.53678063819365,1.0269705050508346,104
1280000,5219.999999904211,-516962.23162927735,301.83524812342245,1.0251821705273196,104
1285000,5239.999999903738,-517618.06296304683,298.0398167977008,1.025511404964478,104
1290000,5259.999999903265,-518487.17629037565,298.3402803252758,1.0258586189203516,104
1295000,5279.999999902792,-517883.1503368018,304.5715943983228,1.0245493585640704,104
1300000,5299.999999902319,-518035.977016181,300.5436262639505,1.028024933082879,104
1305000,5319.999999901846,-515403.7018954584,301.3648587488502,1.0219455778416981,104
1310000,5339.9999999013735,-516780.40287559945,301.6777168609977,1.029788954951726,104
1315000,5359.999999900901,-515889.5877336913,298.61526967134785,1.0262903335965057,104
1320000,5379.999999900428,-515557.08412536234,303.3540605874696,1.0275489407973109,104
1325000,5399.999999899955,-517133.60672422894,301.9619612717689,1.0270281884199144,104
1330000,5419.999999899482,-516222.48890976445,300.5716301948056,1.0206675355142154,104
1335000,5439.999999899009,-517167.59240875836,300.1516229510659,1.0286624809176126,104
1340000,5459.999999898536,-516729.0858746674,301.26078026081217,1.0237946048123825,104
1345000,5479.999999898063,-517776.9387063023,300.0918777331898,1.03470980305889,104
1350000,5499.99999989759,-517139.47107616346,302.14017602817063,1.0281328968902885,104
1355000,5519.999999897117,-516310.44987451076,300.14851945003375,1.0253957418456385,104
1360000,5539.999999896644,-517160.5437446062,302.66109448106357,1.029065047068166,104
1365000,5559.999999896171,-516231.3701981858,300.2051884145415,1.0291113223747035,104
1370000,5579.999999895698,-516971.3441218345,302.46495499955813,1.0327554523257,104
1375000,5599.999999895225,-516495.7863543574,301.6828358216969,1.0245605220365512,104
1380000,5619.999999894752,-517514.69361179625,299.86540505224497,1.0284869954058549,104
1385000,5639.999999894279,-517333.08918681974,301.7336383846034,1.027321570895447,104
1390000,5659.9999998938065,-517387.49998654984,301.82497440304434,1.027691782597063,104
1395000,5679.999999893334,-516789.86665824824,300.82701331630955,1.025621644405683,104
1400000,5699.999999892861,-517113.02655466064,300.7237720042493,1.0298683369448995,104
1405000,5719.999999892388,-516246.1152046134,299.98667535338564,1.0219814315391795,104
1410000,5739.999999891915,-515905.3208192319,302.2945557775079,1.0213918740977013,104
1415000,5759.999999891442,-517137.04853565106,298.9075904268805,1.0214613388102267,104
1420000,5779.999999890969,-517260.31058053393,303.84157840698913,1.0305835384688287,104
1425000,5799.999999890496,-517332.1227441111,302.34830850670266,1.0303078409274098,104
1430000,5819.999999890023,-516414.7279553078,301.52813618324393,1.0247532161289377,104
1435000,5839.99999988955,-517453.5768752815,301.992883752364,1.0262654084503722,104
1440000,5859.999999889077,-517205.24938444817,298.4777300576418,1.0289183853165682,104
1445000,5879.999999888604,-517721.99267969443,301.409709168381,1.0272851497172255,104
1450000,5899.999999888131,-516713.2903098783,301.56888024911433,1.0271091786476658,104
1455000,5919.999999887658,-517926.08831358515,301.96897152162876,1.0279550178888963,104
1460000,5939.999999887185,-516575.3470766465,298.19056413510003,1.0255729353007486,104
1465000,5959.999999886712,-516278.2748836656,300.29875352002927,1.0268111706274574,104
1470000,5979.9999998862395,-516416.0358293387,302.9127190930743,1.0263952034697887,104
1475000,5999.999999885767,-516252.5314215387,301.1293245107761,1.0266558667241563,104
1480000,6019.999999885294,-516475.7613487651,301.1189383829069,1.0244710278614662,104
1485000,6039.999999884821,-517132.8539768397,301.68150224069296,1.0211458007249592,104
1490000,6059.999999884348,-517734.1743888883,301.72886745387376,1.0251422230509002,104
1495000,6079.999999883875,-517471.84633624763,301.91229090741086,1.0268791358137017,104
1500000,6099.999999883402,-516354.3633699303,301.44907620337,1.024817334771159,104
1505000,6119.999999882929,-517147.18399406946,300.8211798706147,1.0274751062628147,104
1510000,6139.999999882456,-516567.2939848993,301.18233691062636,1.026811341665707,104
1515000,6159.999999881983,-517759.9998751974,299.8272531599585,1.0238330618981253,104
1520000,6179.99999988151,-517934.5574267963,301.2253075153385,1.0249328661145256,104
1525000,6199.999999881037,-517379.796348291,299.4286592918923,1.0277918508378614,104
1530000,6219.999999880564,-516523.7138038338,299.46029397099056,1.022456625700464,104
1535000,6239.999999880091,-516128.6784272583,298.75860700494655,1.0219518332347812,104
1540000,6259.999999879618,-516848.75858212495,301.41055021986597,1.0240306824506276,104
1545000,6279.999999879145,-517217.88483347767,300.81469690556486,1.028274666079203,104
1550000,6299.9999998786725,-517746.6988642141,303.07386095013857,1.0288132184100736,104
1555000,6319.9999998782,-516087.67096457956,298.1945258564641,1.0264663547384694,104
1560000,6339.999999877727,-517117.9511854416,303.55493338918814,1.0264864728693546,104
1565000,6359.999999877254,-516118.0970381766,300.8087767553023,1.0221854383729922,104
1570000,6379.999999876781,-516694.6216516809,299.4567636034623,1.032080070839669,104
1575000,6399.999999876308,-516559.438164118,300.2009943891916,1.0254521541535633,104
1580000,6419.999999875835,-517179.37950273114,302.65527076181735,1.0227993512967943,104
1585000,6439.999999875362,-516495.21524884016,300.9628604935702,1.0242342242832336,104
1565000,6359.999999877254,-517790.17298273,297.58994736404816,1.024344732726289,--
1570000,6379.999999876781,-516405.6485751949,300.5022253474541,1.0219949529174257,108
1575000,6399.999999876308,-517330.1695317151,299.8570292599912,1.0255005548244662,107
1580000,6419.999999875835,-518046.1136235811,300.4608435989182,1.0257838323610868,107
1585000,6439.999999875362,-516345.66546548344,303.3877383087282,1.0220799090938442,107
1590000,6459.999999874889,-518169.35025980184,299.9332844233793,1.024216508573705,107
1595000,6479.999999874416,-518280.6636557095,303.4940097290161,1.0285389791440203,107
1600000,6499.999999873943,-516089.97063300014,298.9350099560764,1.0230838251250625,107
1605000,6519.99999987347,-515848.2460833092,303.4771470050532,1.0272538631340986,107
1610000,6539.999999872997,-516204.62812520633,300.9008738749604,1.0290476453013844,107
1615000,6559.999999872524,-516981.5849420433,300.8709583105952,1.0235493749189184,107
1620000,6579.999999872051,-517575.12845686194,300.0377769326653,1.0265425676291156,107
1625000,6599.999999871578,-517242.43566803285,300.67113858016063,1.021943773113662,107
1630000,6619.9999998711055,-518265.74271199387,303.87002241159234,1.030783439862046,107
1635000,6639.999999870633,-516462.98997481633,300.2003596018854,1.025764691423461,107
1640000,6659.99999987016,-517913.6426242448,302.6384765190914,1.0251504788464088,107
1645000,6679.999999869687,-517291.8441412146,303.95653065115783,1.0285124156507746,107
1650000,6699.999999869214,-518449.12327732914,299.62390285186353,1.0287584661615126,106
1655000,6719.999999868741,-517446.6194996964,301.3980195769026,1.0244373566974914,106
1660000,6739.999999868268,-516880.38159331004,300.60842834373466,1.0281285900574175,106
1665000,6759.999999867795,-516187.0561312777,303.8756296329583,1.02688701570267,106
1670000,6779.999999867322,-518118.88025620906,300.5274670170345,1.0280833591497236,106
1675000,6799.999999866849,-518287.90956227155,300.7290381012901,1.0261981666709168,106
1680000,6819.999999866376,-517764.107779562,301.45612714152554,1.02136889953884,106
1685000,6839.999999865903,-516635.9148489847,301.0373162878904,1.0257768965171885,106
1690000,6859.99999986543,-516620.7229638358,301.1043183002437,1.0263209233865591,106
1695000,6879.999999864957,-516218.2098250792,300.07331266982715,1.0246287299316372,106
1700000,6899.999999864484,-516870.9487942129,300.4273598268761,1.0264858369822227,106
1705000,6919.999999864011,-516611.15937580704,300.1884316225923,1.0233850739717818,106
1710000,6939.9999998635385,-517400.9920404663,299.383587671672,1.027676167158423,106
1715000,6959.999999863066,-517481.11514854804,302.38773621786606,1.026316369303945,106
1720000,6979.999999862593,-517401.9711343986,302.34711809078135,1.0249702904964137,106
1725000,6999.99999986212,-516810.0215411079,301.4293471528684,1.0283176710003148,106
1730000,7019.999999861647,-517477.6476206281,299.7416724455055,1.0280407342764044,106
1735000,7039.999999861174,-517380.67574105645,301.7257625038276,1.0279106839289018,106
1740000,7059.999999860701,-516968.2113960176,303.60276948760713,1.0243298112382504,106
1745000,7079.999999860228,-516587.09199417545,301.287837764187,1.0281155991464528,106
1750000,7099.999999859755,-516131.04019839107,303.22943138217227,1.0240128264423147,106
1755000,7119.999999859282,-517357.16535324836,302.4723074572208,1.0253637375325544,106
1760000,7139.999999858809,-516453.6230844136,300.9424872587765,1.023367883944888,106
1765000,7159.999999858336,-516242.86839103466,300.8157090953744,1.0284947560930053,106
1770000,7179.999999857863,-517588.642469296,299.9317345929226,1.0232368934192415,106
1775000,7199.99999985739,-517069.233664328,300.87807947226935,1.0253533137110038,106
1780000,7219.999999856917,-516024.93754389277,299.6720625262646,1.0256255018379383,106
1785000,7239.999999856444,-515922.73345210846,300.41495150941716,1.024109515887945,106
1790000,7259.9999998559715,-517878.77157303644,302.23878015885987,1.0216282309328475,106
1795000,7279.999999855499,-517979.2875635009,300.1077206704652,1.0288820135165906,106
1800000,7299.999999855026,-517186.31071830774,302.7330677531876,1.0263931336271523,106
1805000,7319.999999854553,-516008.5328890092,302.0150146680874,1.0255798999681547,106
1810000,7339.99999985408,-516646.2260886992,302.6306610557309,1.0272557230114117,106
1815000,7359.999999853607,-517463.0722607714,299.4035264363074,1.0235768346539746,106
1820000,7379.999999853134,-515829.29046416166,299.9571683646055,1.0248711334477691,106
1825000,7399.999999852661,-517667.07706856565,299.94667852683926,1.0293059238698448,106
1830000,7419.999999852188,-517169.4212799398,302.9936039481695,1.0239330087471037,106
1835000,7439.999999851715,-517594.3326111706,300.4241137087913,1.026191456290001,106
1840000,7459.999999851242,-516050.5827086717,303.13160169600263,1.0277420446308672,106
1845000,7479.999999850769,-516919.5493532496,301.33955200136626,1.0257008569509365,106
1850000,7499.999999850296,-517340.0452060704,300.3536571248808,1.027752313105928,106
1855000,7519.999999849823,-516497.318327195,301.53810743371844,1.0243177114542272,106
1860000,7539.99999984935,-517097.8939252426,298.1032757948386,1.0292586873684477,106
1865000,7559.999999848877,-517161.8287378235,299.81744908193195,1.0282950565637325,106
1870000,7579.9999998484045,-516805.64718487416,297.35040106143595,1.0260035171919055,106
1875000,7599.999999847932,-517068.91442361684,300.74686244081096,1.0278765862760066,106
1880000,7619.999999847459,-516449.72677372117,301.9078857836086,1.022362787428638,106
1885000,7639.999999846986,-517358.3375732524,300.3864820377616,1.032495475423812,106
1890000,7659.999999846513,-518644.1233612583,299.67003785615714,1.0292741259299958,106
1895000,7679.99999984604,-517409.5727298644,298.90429334997793,1.026367583015182,106
1900000,7699.999999845567,-517068.3099922396,300.2181592462295,1.0277619670450753,106
1905000,7719.999999845094,-517737.0938233349,301.3811808899182,1.0251204081039669,106
1910000,7739.999999844621,-516466.2472992081,299.85113354455785,1.0262533280329738,106
1915000,7759.999999844148,-517306.94357779366,301.1051663849886,1.0265370354176715,106
1920000,7779.999999843675,-517310.6642208225,299.87666628205903,1.0244238295522343,106
1925000,7799.999999843202,-517826.5516979634,301.64168845140256,1.025708760485088,106
1930000,7819.999999842729,-516895.57031583856,299.5202854200405,1.0255273658827408,105
1935000,7839.999999842256,-516575.57114974875,301.5101936769055,1.0250164115221265,105
1940000,7859.999999841783,-516740.09045601124,300.22766326766504,1.0263857031824024,105
1945000,7879.9999998413105,-516373.0308754882,301.699828060403,1.024179275967406,105
1950000,7899.9999998408375,-517081.45213050116,299.97847041041985,1.0233028655357994,105
1955000,7919.999999840365,-516765.7455293448,301.0971546567019,1.0241177928592409,105
1960000,7939.999999839892,-516158.4661040162,303.33393190616897,1.02802762087402,105
1965000,7959.999999839419,-516759.56127666635,300.69550180003205,1.0204082492043272,105
1970000,7979.999999838946,-517216.2702128065,302.2675091901813,1.026382169360829,105
1975000,7999.999999838473,-516850.63282210985,301.58660580360737,1.0246576370826022,105
1980000,8019.999999838,-517603.4659956689,298.2493532185228,1.0275865400387236,105
1985000,8039.999999837527,-517039.77459650324,301.56415872295,1.0244809223353701,105
1990000,8059.999999837054,-516862.3481442414,302.6906529719635,1.024641902093282,105
1995000,8079.999999836581,-515339.7834729082,303.4858041110308,1.0223320963629188,105
2000000,8099.999999836108,-517556.22016355395,298.59089631947404,1.0259562878065838,105
2005000,8119.999999835635,-517855.7873434392,301.6030718502046,1.0296859452101306,105
2010000,8139.999999835162,-517515.9464966166,302.63379249972314,1.024856424147262,105
2015000,8159.999999834689,-518352.2557282883,300.4782464829131,1.0271876719540327,105
2020000,8179.999999834216,-516569.85994862067,300.0575989555836,1.02618841892439,105
2025000,8199.999999835562,-517049.2437553436,299.09371847851554,1.029312338782754,105
2030000,8219.999999839636,-517373.2153722744,300.72921787850436,1.0306780718146946,105
2035000,8239.99999984371,-518551.81704249675,301.1853813225261,1.024891887356078,105
2040000,8259.999999847785,-517893.82863462646,301.3954889697976,1.0286906122960975,105
2045000,8279.99999985186,-517794.0458680957,298.70510338755275,1.0266936304154484,105
2050000,8299.999999855934,-517986.9036697014,303.9697487859017,1.0232506442480238,105
2055000,8319.999999860009,-516826.5510966438,299.9921494941975,1.0256480171072768,105
2060000,8339.999999864083,-516848.8191177363,301.6217185011177,1.0262473405529027,105
2065000,8359.999999868158,-517079.29552564025,302.084796062784,1.0246475673446953,105
2070000,8379.999999872232,-517069.24398835003,302.56651567775873,1.0307543996054636,105
2075000,8399.999999876307,-518195.731732317,299.95782205975354,1.0233058384236242,105
2080000,8419.999999880381,-517231.71785783395,298.52957154655405,1.0279716224406592,105
2085000,8439.999999884456,-517039.9677937289,299.3474918977044,1.0278907767050225,105
2090000,8459.99999988853,-517098.5964474208,302.6181850108926,1.0302206039810111,105
2095000,8479.999999892605,-518014.4573129681,302.3596408241131,1.028817108989099,105
2100000,8499.99999989668,-517394.0085740844,299.22800550541285,1.0279816633442114,105
2105000,8519.999999900754,-517457.84564902354,300.86745905912414,1.02789460328843,105
2110000,8539.999999904829,-517767.6554514824,298.8656701065915,1.0247712473514017,105
2115000,8559.999999908903,-518052.71441673394,302.7346493414619,1.0248742285002912,105
2120000,8579.999999912978,-517829.4148239915,300.88519103623815,1.0262932116936705,105
2125000,8599.999999917052,-516323.31340815476,301.93596258934446,1.0207688287933492,105
2130000,8619.999999921127,-517324.2532429553,303.4001149518607,1.0244877960397978,105
2135000,8639.999999925201,-516546.9968266641,302.95793405523875,1.0245877359773512,105
2140000,8659.999999929276,-517657.1237601964,300.7089154497547,1.027444109568467,105
2145000,8679.99999993335,-517143.202068981,300.99847556350863,1.0266291648997823,105
2150000,8699.999999937425,-516737.97291000234,300.0491420648804,1.0208772074995693,105
2155000,8719.9999999415,-516892.5145479231,302.50128739789017,1.026303760776132,105
2160000,8739.999999945574,-518167.9881971623,299.6487483026692,1.0270895183926092,105
2165000,8759.999999949649,-517850.1178533281,301.1500815084902,1.0262118017050952,105
2170000,8779.999999953723,-517751.07185118017,301.170536359186,1.0254924488935508,105
2175000,8799.999999957798,-516590.8183133954,301.557415853509,1.0245317562315657,105
2180000,8819.999999961872,-515752.3849368887,298.78612041969444,1.0256964421198074,105
2185000,8839.999999965947,-516739.75620298507,301.25703263751205,1.0251261423250473,105
2190000,8859.999999970021,-516586.4694481781,302.8842279791285,1.0250860811864313,105
2195000,8879.999999974096,-516666.37308804924,302.25670255254084,1.0256459042004922,105
2200000,8899.99999997817,-516476.81454092707,300.31178996620986,1.0248977889014483,105
2205000,8919.999999982245,-517447.351188804,304.18876195288937,1.0252785571962937,105
2210000,8939.99999998632,-517388.46181610133,300.2063163024327,1.0255868789004055,105
2215000,8959.999999990394,-516067.14895680826,300.6499820001567,1.0217039590116788,105
2220000,8979.999999994468,-518626.4642072704,301.9007257079809,1.0305983821732514,105
2225000,8999.999999998543,-517383.45877657644,299.1666384525097,1.0261102789952865,105
2230000,9020.000000002618,-517401.00104401377,299.4376231251229,1.0269453376082092,105
2235000,9040.000000006692,-517221.49080925225,303.45769801794285,1.030012381196453,105
2240000,9060.000000010767,-518148.9223069544,301.7327358929496,1.0229167825629328,105
2245000,9080.000000014841,-516726.53498102585,300.75877984064545,1.027571632246219,105
2250000,9100.000000018916,-515680.48493888136,297.60974426228626,1.0247213616188906,105
2255000,9120.00000002299,-517022.9533315643,302.5879136181944,1.0243941735064048,105
2260000,9140.000000027065,-518151.2560477457,300.7731826644562,1.0293189388480157,105
2265000,9160.00000003114,-518787.9597502609,301.6252248368619,1.0276536784688142,105
2270000,9180.000000035214,-517101.0648794258,300.05175640876206,1.0288570162235908,105
2275000,9200.000000039288,-517619.7142326508,300.41782302591093,1.0275893822420559,105
2280000,9220.000000043363,-517529.8009594083,300.42558250951373,1.0266654098255927,105
2285000,9240.000000047437,-516640.4433178301,300.01710093238296,1.027437481061049,105
2290000,9260.000000051512,-518708.39712895965,300.7468715110757,1.0279653231278723,105
2295000,9280.000000055586,-517420.67691654526,300.7894051729444,1.0252045858146894,105
2300000,9300.000000059661,-517201.53916640463,301.60935881408295,1.0246764769470464,105
2305000,9320.000000063736,-516888.68157727155,300.05411575087544,1.0269124833261514,105
2310000,9340.00000006781,-517928.3130331172,300.81021326625665,1.0274616075065022,105
2315000,9360.000000071885,-517281.0443556595,300.7304125733217,1.0276720556743257,105
2320000,9380.00000007596,-517615.2001711102,302.20335517688176,1.0270857170472814,105
2325000,9400.000000080034,-517398.16925050085,301.2075791821793,1.0252185072511886,105
2330000,9420.000000084108,-516284.60072461865,298.4336847232404,1.0274323351059924,105
2335000,9440.000000088183,-516982.1910431471,299.60675036004403,1.0252790757593915,105
2340000,9460.000000092257,-516562.5658615215,302.71444396334687,1.0243062875509268,105
2345000,9480.000000096332,-517183.9726875697,302.578871245691,1.0209905496356464,105
2350000,9500.000000100406,-516590.3688417347,301.6958451732318,1.0286467377123305,105
2355000,9520.000000104481,-517158.2809507211,300.23333591044127,1.0231948008959284,105
2360000,9540.000000108555,-517540.93825254287,300.2229274395627,1.0270124468560335,105
2365000,9560.00000011263,-516826.3606928566,298.85464660587223,1.0297240526887057,105
2370000,9580.000000116705,-517921.85776414955,300.15548455179385,1.023855057143101,105
2375000,9600.000000120779,-518300.51910858974,301.3977240479382,1.0259351285262304,105
2380000,9620.000000124854,-517330.55356941256,298.18752339350823,1.025734822079716,105
2385000,9640.000000128928,-518127.11967549287,301.69700186729835,1.0243833480604192,105
2390000,9660.000000133003,-516917.2044721495,300.55753859161683,1.025893950752528,105
2395000,9680.000000137077,-518195.58014693926,300.8140882190325,1.0281424369921703,105
2400000,9700.000000141152,-517297.5400041188,299.6111609013168,1.024370427629934,105
2405000,9720.000000145226,-518030.81647390267,301.44224382713844,1.025885906317819,105
2410000,9740.0000001493,-517381.28379754163,302.6531798997615,1.0278726060972865,105
2415000,9760.000000153375,-516807.73352461075,299.7256767908112,1.024295398270347,105
2420000,9780.00000015745,-516661.9095720614,302.68696347840466,1.027052610364806,105
2425000,9800.000000161524,-517947.3335928195,298.6867709010514,1.030290824732624,105
2430000,9820.000000165599,-516670.96029109927,298.41339605081043,1.0266268738365907,105
2435000,9840.000000169674,-517159.2215925297,302.77791884591534,1.0244302255131916,105
2440000,9860.000000173748,-518007.17936074454,301.99236873569293,1.0262204825164758,105
2445000,9880.000000177823,-518762.5823005133,303.0711282562246,1.0322944978085755,105
2450000,9900.000000181897,-517727.10650327173,303.7352687178032,1.0272206244181163,105
2455000,9920.000000185972,-517243.4801879355,298.5558299439669,1.0268305033115501,105
2460000,9940.000000190046,-516723.38155806926,300.40506728712353,1.023721763472056,105
2465000,9960.00000019412,-518438.5236466038,301.29714672695087,1.0289882778653805,105
2470000,9980.000000198195,-516121.2948557087,300.000673608287,1.0247250156568333,105
2475000,10000.00000020227,-516842.92840238614,301.09019627876904,1.022477288393173,105
2480000,10020.000000206344,-518790.48695116513,301.65219641157665,1.0289996706136546,105
2485000,10040.000000210419,-516275.49922588724,301.88250906530857,1.0221493264743342,105
2490000,10060.000000214493,-517716.31997181405,300.4616866802575,1.029483195260776,105
2495000,10080.000000218568,-517351.4869223449,300.67932293835815,1.0282342575332724,105
2500000,10100.000000222642,-517077.81970163994,299.6965566358023,1.028255079083256,105
2505000,10120.000000226717,-517123.98519652104,300.040629220693,1.0248415903504642,105
2510000,10140.000000230792,-517022.74120236933,301.4895619940043,1.0294312771132172,105
2515000,10160.000000234866,-517824.6962667366,302.7280916635468,1.025546624476433,105
2520000,10180.00000023894,-516699.74537322647,300.5300369641466,1.0269818592005704,105
2525000,10200.000000243015,-517255.26756259054,300.94464826125295,1.0302717159743922,105
2530000,10220.00000024709,-517298.18770647724,299.30223625640804,1.0238989096586362,105
2535000,10240.000000251164,-516526.6780249318,302.33152386266676,1.0278392683639668,105
2540000,10260.000000255239,-517985.41844468634,301.0614399408711,1.0270349992587855,105
2545000,10280.000000259313,-516681.3799218661,300.7888375102439,1.0250393780435725,105
2550000,10300.000000263388,-518572.18738283985,298.9313728465837,1.028477166429995,105
2555000,10320.000000267462,-517262.0730823928,301.4979231040443,1.0275942967651293,105
2560000,10340.000000271537,-516054.9525054118,303.27952366790873,1.0258654213896299,105
2565000,10360.000000275611,-518488.2523747198,300.5524781190067,1.0262689381503405,105
2570000,10380.000000279686,-517940.2270851752,302.4635452291975,1.0298536090628851,105
2575000,10400.00000028376,-517120.8932132933,300.7164598335509,1.025428953589979,105
2580000,10420.000000287835,-517252.0816916472,304.08429170062766,1.0241366755545036,105
2585000,10440.00000029191,-518114.6920876568,301.75293732278675,1.0240029896912448,105
2590000,10460.000000295984,-517266.86811003275,302.4268959676198,1.0272195735366052,105
2595000,10480.000000300059,-516948.230234853,301.9708027305903,1.0325569469023566,105
2600000,10500.000000304133,-518386.83787807333,299.4331313198045,1.0272905680870845,105
2605000,10520.000000308208,-517068.97372920485,302.4600923265398,1.0261353249409402,105
2610000,10540.000000312282,-516464.7470786206,301.56733525728936,1.024953377761511,105
2615000,10560.000000316357,-517090.80226319423,302.07181647312746,1.0250908485098158,105
2620000,10580.000000320431,-517278.859869923,301.7011483226923,1.0281659715011728,105
2625000,10600.000000324506,-517995.3405334905,300.69628189244446,1.0262455181895869,105
2630000,10620.00000032858,-517170.8183860008,300.9074624020058,1.0294996720740972,105
2635000,10640.000000332655,-516072.58825243986,300.7239625745572,1.0276825249463217,105
2640000,10660.00000033673,-517060.5153451252,299.74353487486263,1.0233599209894424,105
2645000,10680.000000340804,-517054.33344346075,303.44772333832356,1.025448451496874,105
2650000,10700.000000344879,-517597.5709329555,301.6976072953056,1.030564095097861,105
2655000,10720.000000348953,-517868.0729980171,301.72504075841874,1.0289988208887386,105
2660000,10740.000000353028,-516554.3130223276,299.29445148365494,1.021891906479264,105
2665000,10760.000000357102,-517243.6791196647,299.94881416109854,1.0257833530129326,105
2670000,10780.000000361177,-517609.69567571464,303.7646098997757,1.027083450135843,105
2675000,10800.000000365251,-516753.7187904967,303.5327720228549,1.0260798341192972,105
2680000,10820.000000369326,-518315.20476279967,300.4525600307903,1.0273061309766987,105
2685000,10840.0000003734,-517659.0151601024,301.99286588469886,1.025831378452747,105
2690000,10860.000000377475,-517261.30665347376,302.8360226097968,1.0266887696185871,105
2695000,10880.00000038155,-518006.436676556,300.9706089259782,1.0296475059428474,105
2700000,10900.000000385624,-517469.74514423986,302.061378928588,1.027547482659391,105
2705000,10920.000000389698,-516462.42799592693,301.39624831095045,1.0264184179817561,105
2710000,10940.000000393773,-517412.2069564236,299.55927405246024,1.0298286212296188,105
2715000,10960.000000397848,-517186.60743858805,300.7991573136288,1.0251498344376204,105
2720000,10980.000000401922,-516662.5223306825,300.74062085629737,1.0247406369486345,105
2725000,11000.000000405997,-516857.68343171757,300.06431511197377,1.0276159250435217,105
2730000,11020.000000410071,-517296.136837109,303.80845991309315,1.0249631236139263,105
2735000,11040.000000414146,-517061.05308242585,298.86788552612774,1.0244192466473052,105
2740000,11060.00000041822,-518432.7435198787,304.41115523883855,1.0287366989310742,105
2745000,11080.000000422295,-517519.5041323381,297.7233414239613,1.0282585316175215,105
2750000,11100.00000042637,-517367.399957655,300.43759098753804,1.028807107498358,105
2755000,11120.000000430444,-516710.2808190633,300.8161624547788,1.0269795864545546,105
2760000,11140.000000434518,-516534.0474699964,301.88945122754944,1.025636191752827,105
2765000,11160.000000438593,-517547.22668102384,297.868486486796,1.0238589826798936,105
2770000,11180.000000442667,-518726.4974411507,301.8068613814638,1.0218650751327896,105
2775000,11200.000000446742,-517748.1210603311,298.4494303931882,1.0259994622633506,105
2780000,11220.000000450817,-517791.9425766696,301.64891292669154,1.0274313830328676,105
2785000,11240.000000454891,-517774.8417551101,300.2803633190398,1.0262507585449339,105
2790000,11260.000000458966,-517266.80565514206,301.7695097061548,1.0273804779838371,105
2795000,11280.00000046304,-516678.1540494652,297.93772899350927,1.026934633800151,105
2800000,11300.000000467115,-516226.8701983839,300.5369126086647,1.0287051438368828,105
2805000,11320.00000047119,-516905.683027874,301.0187688938536,1.0272530840680958,105
2810000,11340.000000475264,-517304.6250975323,302.1230474394756,1.0292419289244132,105
2815000,11360.000000479338,-516730.74961249926,298.95771101859333,1.029937738177946,105
2820000,11380.000000483413,-516429.1143751929,300.9508729149411,1.0291893584279306,105
2825000,11400.000000487487,-516786.7249600475,303.0625836199889,1.0267989858055036,105
2830000,11420.000000491562,-515978.7901575952,300.5044554105696,1.0231075405027004,105
2835000,11440.000000495636,-516467.1972659554,301.35285022094274,1.0254472389420102,105
2840000,11460.000000499711,-517168.4993321856,301.416034017216,1.0232670940744653,105
2845000,11480.000000503785,-517586.20237575285,301.5067192859767,1.027119256726125,105
2850000,11500.00000050786,-517730.2274237925,301.02177800450573,1.029327836509404,105
2855000,11520.000000511935,-517856.2075410432,302.56085053252684,1.0271045924101994,105
2860000,11540.00000051601,-516870.7842004101,302.6194896467494,1.0204358016871684,105
2865000,11560.000000520084,-517449.8306353898,301.11093751173166,1.0283522419331006,105
2870000,11580.000000524158,-516662.2201668392,300.58286476547704,1.0283028295902608,105
2875000,11600.000000528233,-517132.9292585533,301.2873832124405,1.0234062856823816,105
2880000,11620.000000532307,-517266.0903096255,301.8619380247592,1.0251583846597399,105
2885000,11640.000000536382,-517505.4595845237,300.7921090776322,1.026176540154985,105
2890000,11660.000000540456,-516408.71794163086,301.1141475775898,1.024872934928336,105
2895000,11680.00000054453,-517972.90250457684,302.1437886141487,1.0272715923498703,105
2900000,11700.000000548605,-516757.3163254142,300.7752166981654,1.024230076285001,105
2905000,11720.00000055268,-518201.654747667,297.907792364471,1.0282673055521094,105
2910000,11740.000000556754,-516619.3540144679,299.33702357950625,1.0241476656397028,105
2915000,11760.000000560829,-516882.5833722204,305.05208791985075,1.0233029374558162,105
2920000,11780.000000564904,-516935.56189367804,300.541301570025,1.0259840011157595,105
2925000,11800.000000568978,-516583.8902876745,301.56405582284737,1.025323582246517,105
2930000,11820.000000573053,-517154.4162688344,297.28662319021703,1.028355410706805,105
2935000,11840.000000577127,-517192.5990002451,299.80002877446157,1.0267952349011276,105
2940000,11860.000000581202,-516656.93459087727,299.7767217666333,1.0272124960609397,105
2945000,11880.000000585276,-517657.11541683483,299.4387886265353,1.029707806314948,105
2950000,11900.00000058935,-515466.57842084975,299.70271245173456,1.022959697298068,105
2955000,11920.000000593425,-517439.1815064028,301.361920402833,1.0268844308576879,105
2960000,11940.0000005975,-518073.06276220107,301.025365715792,1.0254647527405605,105
2965000,11960.000000601574,-516497.2949844168,300.4979063776325,1.0267982074050046,105
2970000,11980.000000605649,-518201.8693305941,302.0252846646042,1.0294586705865647,105
2975000,12000.000000609723,-516726.2598611573,301.29101913373864,1.0246999295583776,105
2980000,12020.000000613798,-517285.46221998637,302.4265925605954,1.0275227667602924,105
2985000,12040.000000617873,-518098.3447146483,300.61933796252663,1.026383948080061,105
2990000,12060.000000621947,-517579.2152173307,302.1883255111514,1.0265686672796899,105
2995000,12080.000000626022,-516541.98864723416,300.5256314743758,1.0275049412098993,105
3000000,12100.000000630096,-515762.6509994981,300.233644379561,1.0267121808734312,105
3005000,12120.00000063417,-517244.7515244903,301.031469270334,1.0278646103326987,105
3010000,12140.000000638245,-517148.3530283293,300.7830515645838,1.026124206763867,105
3015000,12160.00000064232,-517863.1623935234,301.59659280694,1.0258752962912043,105
3020000,12180.000000646394,-518542.14100538474,300.2542133175525,1.0291130219381375,105
3025000,12200.000000650469,-517289.72570603015,299.22822769622553,1.0288220315377399,105
3030000,12220.000000654543,-516234.6683967938,299.73774523520405,1.0261482819664323,105
3035000,12240.000000658618,-516217.9843548909,301.4184797588667,1.0244515248619723,105
3040000,12260.000000662692,-515627.3508429881,302.15968826299434,1.0210959916343647,105
3045000,12280.000000666767,-515401.8317099861,302.9720507469181,1.0240106771310542,105
3050000,12300.000000670841,-517175.2153829653,299.6442339709947,1.02490018380157,105
3055000,12320.000000674916,-517166.6093145276,300.37564625373386,1.0272451677382306,105
3060000,12340.00000067899,-515544.10628380766,300.4339788839212,1.0224950640210193,105
3065000,12360.000000683065,-515880.29210950364,301.1479712954782,1.0216279082122943,105
3070000,12380.00000068714,-517078.55954374466,302.19078360556745,1.0291362119130119,105
3075000,12400.000000691214,-519148.667503787,301.1514516369611,1.0311298131574473,105
3080000,12420.000000695289,-515028.94645424536,301.86681502359465,1.02717127412217,105
3085000,12440.000000699363,-516928.35155734443,300.1174049754221,1.027688396340831,105
3090000,12460.000000703438,-516751.5508953673,301.6562212117934,1.0258323446498063,105
3095000,12480.000000707512,-517672.2640122343,301.5843014304108,1.0290529034520124,105
3100000,12500.000000711587,-517177.8983766837,300.2066320970271,1.0277449196607311,105
3105000,12520.000000715661,-516321.3063257984,299.01171917597037,1.0227394052869272,105
3110000,12540.000000719736,-516681.603379335,304.17456876175527,1.0262187525193454,105
3115000,12560.00000072381,-518174.9717441108,301.6186339779566,1.0299544585328044,105
3120000,12580.000000727885,-517363.5226079987,300.1246289810907,1.0264777620656922,105
3125000,12600.00000073196,-517035.091674597,302.1138401154755,1.029504512201488,105
3130000,12620.000000736034,-517675.190409665,299.51280776958794,1.027492759608422,105
3135000,12640.000000740109,-517980.67340641865,301.24846797661945,1.0286043150434139,105
3140000,12660.000000744183,-516488.53936795075,299.4195539766841,1.0241060697019297,105
3145000,12680.000000748258,-517239.13522646506,300.23203812006085,1.0227497565009642,105
3150000,12700.000000752332,-518019.660469373,299.42898350099216,1.0247441043323642,105
3155000,12720.000000756407,-516977.97645895486,301.33134092841544,1.0232972649911567,105
3160000,12740.000000760481,-517915.76610413054,301.758733503293,1.0265809400617298,105
3165000,12760.000000764556,-517820.0105007682,299.62593684303556,1.024665060996657,105
3170000,12780.00000076863,-517942.90742364293,300.8056609795011,1.0269881026746603,105
3175000,12800.000000772705,-517998.3242044868,300.6617116078783,1.0258082295613757,105
3180000,12820.00000077678,-517282.1847781355,299.4229826725574,1.0266830415932833,105
3185000,12840.000000780854,-517288.1987070304,299.366581379352,1.023198330919089,105
3190000,12860.000000784928,-517229.95036002714,300.23220978533794,1.0278411108302028,105
3195000,12880.000000789003,-516725.02772731334,299.61779609898497,1.0263521090867176,105
3200000,12900.000000793078,-517350.1377065501,299.193964548804,1.0258757689405857,105
3190000,12860.000000784928,-517644.2497916417,301.5760136167011,1.0248304004914166,--
3195000,12880.000000789003,-515810.79398014117,301.7454160484492,1.0223466156205645,106
3200000,12900.000000793078,-516427.33641978004,300.6754259765574,1.0253326165522152,106
3205000,12920.000000797152,-516320.43122172984,301.02872642401246,1.0258649516121565,106
3210000,12940.000000801227,-516534.5881717517,301.9950567547056,1.0260916742067683,106
3215000,12960.000000805301,-517391.60760420305,301.26428413101587,1.0233644831113171,106
3220000,12980.000000809376,-516588.5039865435,300.2089574533693,1.0286368381092381,106
3225000,13000.00000081345,-516578.59196609235,300.7956017763024,1.024260817645826,106
3230000,13020.000000817525,-517301.4327105682,302.7016360443997,1.0292541488220486,106
3235000,13040.0000008216,-516345.21806792147,299.8961659885613,1.0224384087109264,106
3240000,13060.000000825674,-518568.34553305525,300.0520660789052,1.0270243423742196,106
3245000,13080.000000829748,-516416.6216810015,301.86685449930724,1.0282450112783168,106
3250000,13100.000000833823,-517844.5572349031,300.8823888177055,1.0277186046409412,106
3255000,13120.000000837897,-516434.8141155045,301.6342816021598,1.022940697911473,106
3260000,13140.000000841972,-516827.37032323447,301.4757136419104,1.028481495861083,106
3265000,13160.000000846047,-517355.68535759836,304.1996756949855,1.02690028872697,106
3270000,13180.000000850121,-517580.9763610759,299.07849193052203,1.022700190525672,106
3275000,13200.000000854196,-517881.67985256994,303.27309020845337,1.0298056574425938,106
3280000,13220.00000085827,-517628.30031206086,300.6302781630634,1.0293020081566264,106
3285000,13240.000000862345,-517370.01096569444,301.94341522900817,1.025524460822557,106
3290000,13260.00000086642,-517162.57845890685,300.59925052419163,1.0282568147517053,105
3295000,13280.000000870494,-517986.1559405492,300.30707006773736,1.02613689847559,105
3300000,13300.000000874568,-515937.0640319418,300.698878348904,1.022725557122026,105
3305000,13320.000000878643,-516101.1560565389,300.5877573107551,1.0261935104649162,105
3310000,13340.000000882717,-516753.57719625393,301.01479241561736,1.0230738380454774,105
3315000,13360.000000886792,-516636.75947495154,303.13205344289344,1.0223148411431278,105
3320000,13380.000000890866,-516458.55675020814,297.265544350964,1.026302720257499,105
3325000,13400.000000894941,-517882.1893090971,300.52277920366623,1.0291171365233132,105
3330000,13420.000000899016,-517805.8429004757,299.7233862708246,1.0290395666628285,105
3335000,13440.00000090309,-518221.3888599938,299.57243242780834,1.0262455537157105,105
3340000,13460.000000907165,-517501.3216617133,301.544962105848,1.0241170615346054,105
3345000,13480.00000091124,-516698.67845600797,300.8943640569876,1.0245610133295222,105
3350000,13500.000000915314,-516282.9789036291,298.81094325237643,1.0255977463494352,105
3355000,13520.000000919388,-518429.13155669137,299.67981058077896,1.0235719867240942,105
3360000,13540.000000923463,-517103.7326023001,301.2772028379269,1.029782343837922,105
3365000,13560.000000927537,-517136.82952935854,303.3561445146027,1.0264547376550803,105
3370000,13580.000000931612,-516249.59401257196,297.38245013153005,1.02713593870656,105
3375000,13600.000000935686,-516294.4494756025,303.00318189538405,1.0236572257573957,105
3380000,13620.00000093976,-517793.5744045349,298.6373307203655,1.025301560877801,105
3385000,13640.000000943835,-516987.71211220766,302.1218472090652,1.0271304762509017,105
3390000,13660.00000094791,-516594.1971755726,303.1930497321296,1.0222292050702304,105
3395000,13680.000000951984,-517383.5318784581,299.86093955852584,1.0287009547942922,105
3400000,13700.000000956059,-517921.53980138176,299.9434986458084,1.0269775174954112,105
3405000,13720.000000960134,-516738.1687152507,303.1232171632846,1.0282369123321071,105
3410000,13740.000000964208,-515661.10428573843,302.64660867125707,1.0241435986773602,105
3415000,13760.000000968283,-517794.2989296559,299.454302834271,1.027578255663224,105
3420000,13780.000000972357,-517635.73430830846,302.0014417729643,1.0284717778891805,105
3425000,13800.000000976432,-516109.9210645994,299.38667122162644,1.0255183176558105,105
3430000,13820.000000980506,-517083.625316337,300.49037770960734,1.024805891139598,105
3435000,13840.00000098458,-517320.47360935877,301.2688508094199,1.0261575898323225,105
3440000,13860.000000988655,-516523.4126922763,299.8995245578982,1.0268640961276145,105
3445000,13880.00000099273,-516755.8194789756,300.8067222776921,1.0298201349203129,105
3450000,13900.000000996804,-518045.9315111872,302.21393603610306,1.0276024375641561,105
3455000,13920.000001000879,-518101.63681550673,300.54790698347654,1.0292582878100316,105
3460000,13940.000001004953,-516917.68284902675,301.85161585580664,1.022792315088401,105
3465000,13960.000001009028,-518869.83419020404,304.0305131648434,1.0251837546065716,105
3470000,13980.000001013103,-517149.1596674158,301.03322767970076,1.0254249508166065,105
3475000,14000.000001017177,-518013.9795289037,302.8114202150472,1.0288735958138833,105
3480000,14020.000001021252,-518130.0088480697,302.0682763160482,1.0268673223585407,105
3485000,14040.000001025326,-516232.07362840394,297.230763324803,1.023261411619573,105
3490000,14060.0000010294,-517454.91336983466,299.2381094529994,1.024115186858343,105
3495000,14080.000001033475,-517256.6205837112,299.95972572104813,1.0260402306942527,105
3500000,14100.00000103755,-517695.60553824855,297.6880652505231,1.0254631532313365,105
3505000,14120.000001041624,-517550.40994800674,302.352107460079,1.0260316680781152,105
3510000,14140.000001045699,-516178.545095969,301.49778773495257,1.0203295580675558,105
3515000,14160.000001049773,-517868.9357212924,302.6665377601668,1.025144026742906,105
3520000,14180.000001053848,-517897.8731518695,302.2141301690361,1.029326052324653,105
3525000,14200.000001057922,-516618.093191006,302.9402378472793,1.0256596342864905,105
3530000,14220.000001061997,-516255.5403518188,301.28854758211867,1.0301279798902645,105
3535000,14240.000001066071,-517345.64068223163,302.8622779773948,1.0276268635210877,105
3540000,14260.000001070146,-517579.11712390603,299.7785445786097,1.0257944489898647,105
3545000,14280.00000107422,-518163.5060345335,300.41900869930623,1.0287593018002925,105
3550000,14300.000001078295,-516983.7920901135,299.4959268445678,1.0264797015833065,105
3555000,14320.00000108237,-517751.3286545868,299.7398122648868,1.027554369071697,105
3560000,14340.000001086444,-517551.2742402833,302.20789797320833,1.027368051437965,105
3565000,14360.000001090519,-518197.08339729975,302.1150928704096,1.0284449201152441,105
3570000,14380.000001094593,-516924.5570333097,302.3285653648003,1.0251580814645316,105
3575000,14400.000001098668,-517668.4056922358,300.1175144266616,1.0270173275136911,105
3580000,14420.000001102742,-517628.2944131112,300.42552620291406,1.028877641624537,105
3585000,14440.000001106817,-517220.9153349416,300.720575804004,1.0285104605229438,105
3590000,14460.000001110891,-517622.96260804427,296.9622903777511,1.0246966576706373,105
3595000,14480.000001114966,-516437.6915635781,299.9969447208488,1.0252131992853666,105
3600000,14500.00000111904,-517572.9027445328,300.06639637383046,1.030748175530271,105
3605000,14520.000001123115,-517643.6328794125,303.65753907743795,1.0240455679989187,105
3610000,14540.00000112719,-517890.3762904587,302.2633171674887,1.0277903164958448,105
3615000,14560.000001131264,-517246.7466663243,299.5495924618886,1.028685592936547,105
3620000,14580.000001135339,-517284.80933112954,300.38099993663593,1.0238663482509027,105
3625000,14600.000001139413,-517497.25924224476,301.18642040548895,1.0294423654429665,105
3630000,14620.000001143488,-517555.25639739074,301.9006802676067,1.0274368465095043,105
3635000,14640.000001147562,-515428.39594519,303.72010164786883,1.0223431931728855,105
3640000,14660.000001151637,-516296.4358995075,301.029209649417,1.0246064512202229,105
3645000,14680.000001155711,-515590.0386160277,302.2992173643089,1.0258471351326457,105
3650000,14700.000001159786,-518486.37872785446,302.96484697463916,1.025359616916698,105
3655000,14720.00000116386,-517347.1210744744,300.8484045428478,1.0252559428605599,105
3660000,14740.000001167935,-517882.8000213031,299.258319767577,1.0253154889028102,105
3665000,14760.00000117201,-518171.47968886956,300.2391516390863,1.0279089179947059,105
3670000,14780.000001176084,-517285.15561550483,301.43674459582365,1.030849951382382,105
3675000,14800.000001180159,-516043.0154646882,301.60882298833076,1.0241079600381697,105
3680000,14820.000001184233,-518690.4725851959,299.4213097186389,1.0286392574009962,105
3685000,14840.000001188308,-517453.653606734,298.89093597220034,1.0225509578115495,105
3690000,14860.000001192382,-516369.6451271933,300.16212337509495,1.0239939576327155,105
3695000,14880.000001196457,-518452.5097591076,300.3872940665252,1.0277999831039477,105
3700000,14900.000001200531,-518497.2229361469,298.46261771411054,1.024164684652528,105
3705000,14920.000001204606,-516348.1344092798,299.791960082684,1.0261549959208074,105
3710000,14940.00000120868,-516867.37565021263,301.17070596192576,1.0275171316737388,105
3715000,14960.000001212755,-516051.3930506464,298.7169276124125,1.0262348631163165,105
3720000,14980.00000121683,-517974.02984456695,299.3543717500193,1.027200617158383,105
3725000,15000.000001220904,-517054.5512040006,299.02171697291215,1.023444481284868,105
3730000,15020.000001224978,-518482.19420173834,298.85678678617336,1.0259700535684908,105
3735000,15040.000001229053,-515859.7481984189,302.2651188400803,1.0240818252139385,105
3740000,15060.000001233127,-518716.59472507704,298.8518369378555,1.0297676871420425,105
3745000,15080.000001237202,-516739.15194043564,300.1346239573641,1.0254081675067104,105
3750000,15100.000001241277,-517621.8338201926,301.7679895564451,1.0257488798723813,105
3755000,15120.000001245351,-518143.8473265306,305.3369328000499,1.0248432747991432,105
3760000,15140.000001249426,-518244.87926761084,299.9623453954895,1.0291517430078863,105
3765000,15160.0000012535,-517934.1916695372,300.21637731541097,1.0286331093698025,105
3770000,15180.000001257575,-516730.9560085477,303.4683691462715,1.0256829392939675,105
3775000,15200.00000126165,-517937.671030418,298.1602150878975,1.0238302019257008,105
3780000,15220.000001265724,-516513.2408986902,301.04827350014284,1.027603364253038,105
3785000,15240.000001269798,-518197.22005143925,300.4546749401132,1.032001552932554,105
3790000,15260.000001273873,-517950.38021212653,302.0398985851248,1.0266796685289528,105
3795000,15280.000001277947,-516746.8677123245,301.58894204846405,1.026548679830226,105
3800000,15300.000001282022,-517131.47602539114,300.80335478893994,1.0270510838457683,105
3805000,15320.000001286096,-517537.90277767484,301.94520296384417,1.0294408330682634,105
3810000,15340.000001290171,-517562.62670002645,304.2018574302131,1.0302949014089697,105
3815000,15360.000001294246,-515687.16090654396,301.42892503310736,1.026969759751253,105
3820000,15380.00000129832,-516602.9786003283,302.5131165382285,1.0258645648914868,105
3825000,15400.000001302395,-517150.99459859123,302.86273507918474,1.0243373473284114,105
3830000,15420.00000130647,-517476.8641369173,302.4071036343827,1.0266521396127521,105
3835000,15440.000001310544,-518180.0098253449,301.0607570573465,1.0269494935389742,105
3840000,15460.000001314618,-517778.124269994,300.97219528497504,1.0283637017738798,105
3845000,15480.000001318693,-516844.13223981275,300.95024582799476,1.0264816652293427,105
3850000,15500.000001322767,-515960.9181191132,299.6668436745965,1.0250378084435805,105
3855000,15520.000001326842,-517669.1928836624,299.8677468981288,1.029271436355213,105
3860000,15540.000001330916,-516335.25363441696,300.34403558780804,1.0246111265360152,105
3865000,15560.00000133499,-516325.9096973415,300.8308109303753,1.0268059662339044,105
3870000,15580.000001339065,-517876.3766058008,299.5539598039688,1.0271438840725637,105
3875000,15600.00000134314,-517925.17264770553,303.1717805107378,1.028153662139857,105
3880000,15620.000001347214,-518035.20734635624,300.6065908371403,1.0291360334478323,105
3885000,15640.000001351289,-517435.70079288236,300.2345417305922,1.0284431180352724,105
3890000,15660.000001355364,-516859.80881885625,303.63402216043306,1.027610921642072,105
3895000,15680.000001359438,-517144.1259021687,300.68302280611823,1.0251894898236276,105
3900000,15700.000001363513,-515934.23522237176,300.9992808902102,1.0266233135277762,105
3905000,15720.000001367587,-517377.44555322663,302.4325255342163,1.0222621549357318,105
3910000,15740.000001371662,-517583.1992106959,298.3996470166698,1.0279672978826053,105
3915000,15760.000001375736,-516291.39587547723,299.3121989441653,1.025215908762018,105
3920000,15780.00000137981,-517785.028962587,300.7764494691882,1.0297287984813168,105
3925000,15800.000001383885,-517290.0237333053,301.62441341138924,1.0271927444514313,105
3930000,15820.00000138796,-518244.90375930513,301.68903676673847,1.0328237541761376,105
3935000,15840.000001392034,-517242.4639739727,300.6703323306119,1.0275413621806162,105
3940000,15860.000001396109,-517119.2568721457,301.54239140114265,1.0259077145946833,105
3945000,15880.000001400183,-517800.44828997366,300.3150189173915,1.0286158765311786,105
3950000,15900.000001404258,-517782.9120296987,302.5571464918984,1.025495622399435,105
3955000,15920.000001408333,-518276.57386444183,300.3541717136755,1.0287995813684787,105
3960000,15940.000001412407,-517575.9365021277,302.19606103348275,1.025315694730156,105
3965000,15960.000001416482,-517254.5570986511,298.65873586765645,1.0274936414497704,105
3970000,15980.000001420556,-517017.4155876159,301.3750446440104,1.0240611862352502,105
3975000,16000.00000142463,-517481.22254657815,298.5678423167634,1.026493554851422,105
3980000,16020.000001428705,-517955.6975460714,299.7343576586343,1.0275212318823808,105
3985000,16040.00000143278,-516397.5414323034,300.4119946682545,1.0267163134933177,105
3990000,16060.000001436854,-517131.1803379974,300.85226095616554,1.0257261181473782,105
3995000,16080.000001440929,-516991.4243187178,299.2514974879913,1.0236776414975066,105
4000000,16100.000001445003,-517928.93514268426,304.62850095805055,1.0290774812205044,105
4005000,16120.000001449078,-516868.7832778122,299.73480251595436,1.0250274120829026,105
4010000,16140.000001453152,-518264.3791916056,299.7810354761176,1.024190827112368,105
4015000,16160.000001457227,-515968.2807388068,300.33128890688823,1.0239634954310644,105
4020000,16180.000001461302,-516544.92808215367,300.94895006256434,1.0267526413837984,105
4025000,16200.000001465376,-517885.1237256143,300.26179228903544,1.0267666130442912,105
4030000,16220.00000146945,-516482.3600779548,301.91151872013626,1.0276690282088219,105
4035000,16240.000001473525,-518238.54578666994,300.57773715688654,1.0263375346188661,105
4040000,16260.0000014776,-515860.4017522952,301.4863008249267,1.0279303605253878,105
4045000,16280.000001481674,-516832.20256628236,300.22819897567064,1.025564536640028,105
4050000,16300.000001485749,-517459.0566663975,302.30418448089597,1.0273533146576828,105
4055000,16320.000001489823,-517929.2759041204,300.90864782443805,1.0231363715252566,105
4060000,16340.000001493898,-517362.7960856946,300.8806862915963,1.027047042708784,105
4065000,16360.000001497972,-518260.79585348745,302.2331736875031,1.0285621145564585,105
4070000,16380.000001502047,-517100.9380557332,298.57529737364894,1.0279557919758464,105
4075000,16400.00000150612,-517313.378312357,300.62287755127653,1.0280782813191847,105
4080000,16420.000001510194,-517126.9795532946,300.84828663844127,1.0301394290831642,105
4085000,16440.00000151427,-516571.46868273197,300.7938709811105,1.0287440323815054,105
4090000,16460.000001518343,-517048.45792223816,299.45251988629184,1.0241076083725185,105
4095000,16480.000001522418,-517326.8575630672,300.0800576125375,1.0204997891481564,105
4100000,16500.000001526492,-517858.2867602946,302.93782181059083,1.0239454229819613,105
4105000,16520.000001530567,-516299.7123190998,299.69494422924373,1.0207391732054885,105
4110000,16540.00000153464,-517525.4634540875,300.2868753022509,1.0230935340037168,105
4115000,16560.000001538716,-517015.3222000585,301.23185983131685,1.0268574642332706,105
4120000,16580.00000154279,-517387.5519549353,302.891605828573,1.0255785759309193,105
4125000,16600.000001546865,-517558.8375342819,304.027793822437,1.0271828891266235,105
4130000,16620.00000155094,-518512.15855897614,300.9584683789122,1.026362490603608,105
4135000,16640.000001555014,-516605.6399404695,300.429733799619,1.0233882531697223,105
4140000,16660.00000155909,-518107.9117169641,301.55752623859445,1.0289237001679832,105
4145000,16680.000001563163,-517249.42706313916,301.4119554693885,1.0237254873954442,105
4150000,16700.000001567238,-516427.5721378792,301.9731804779938,1.0252718180085583,105
4155000,16720.000001571312,-517446.6019491791,298.90928353379206,1.0256743140714073,105
4160000,16740.000001575387,-517285.2814833792,297.91740399863227,1.023273212945858,105
4165000,16760.00000157946,-516967.17810384184,299.6780597715424,1.0267746121556791,105
4170000,16780.000001583536,-519304.98274646,299.7269414469304,1.0294814684780558,105
4175000,16800.00000158761,-517201.5504341372,299.3481024256385,1.028671428827587,105
4180000,16820.000001591685,-515385.33596132556,299.01064659304814,1.026789794533057,105
4185000,16840.00000159576,-515527.12031567586,301.32746209877115,1.022758633218499,105
4190000,16860.000001599834,-517746.95102759684,300.62051991283295,1.0295610911785569,105
4195000,16880.00000160391,-517014.48364642495,300.1181407485955,1.0283757168662995,105
4200000,16900.000001607983,-516717.3687311171,302.0855068428347,1.0280433760775853,105
4205000,16920.000001612058,-517490.14765667403,304.10720903941166,1.0237148271510865,105
4210000,16940.000001616132,-518199.83023525355,301.8108560277919,1.0275529959896348,105
4215000,16960.000001620207,-516815.5013109462,299.4240844745361,1.0261083077943478,105
4220000,16980.00000162428,-516968.12796646776,301.01865786865767,1.024646328499889,105
4225000,17000.000001628356,-517574.1889470769,300.3134593521075,1.0251349145723014,105
4230000,17020.00000163243,-517254.2974499208,300.2656773453837,1.0279890586945777,105
4235000,17040.000001636505,-516746.1407618376,299.09224863267013,1.024040592751687,105
4240000,17060.00000164058,-515742.1624064946,299.0891105695993,1.0244957017469514,105
4245000,17080.000001644654,-516800.23268815805,303.03293698064994,1.0276906908143233,105
4250000,17100.00000164873,-516633.6530056994,300.5163250902154,1.0222474408027646,105
4255000,17120.000001652803,-516416.36376886046,298.71369278594256,1.0275533999051334,105
4260000,17140.000001656877,-517094.2590099366,300.43457475567817,1.0288168452807835,105
4265000,17160.000001660952,-516697.8350464066,302.8133736154099,1.0255598684414113,105
4270000,17180.000001665027,-516963.5659331756,301.8139045990064,1.0269224369513386,105
4275000,17200.0000016691,-517216.43869402213,301.01656798246165,1.0315143317838678,105
4280000,17220.000001673176,-517077.9892293778,300.2023363715601,1.029817224653777,105
4285000,17240.00000167725,-516855.2041131761,299.3168851258391,1.0242203848630893,105
4290000,17260.000001681325,-518167.95561254374,300.5370466360425,1.028586614386834,105
4295000,17280.0000016854,-518988.5236593308,298.37304516941157,1.027950692870999,105
4300000,17300.000001689474,-515231.4981970247,297.1151413355147,1.0266416036087938,105
4305000,17320.00000169355,-516542.1253857133,299.42979341006316,1.026482406053369,105
4310000,17340.000001697623,-517721.28139635804,302.5142601144017,1.0241476774950375,105
4315000,17360.000001701697,-517912.79166224506,302.4001245891255,1.025151794654645,105
4320000,17380.000001705772,-517070.28811814357,303.597457060026,1.024664512253252,105
4325000,17400.000001709846,-517919.61786971474,298.254146157118,1.0268599830470402,105
4330000,17420.00000171392,-516679.4748113402,300.69957078886375,1.0253125603397095,105
4335000,17440.000001717995,-517656.3568474094,299.8823434856973,1.0290162206686233,105
4340000,17460.00000172207,-518359.43816624256,301.0317984144236,1.0278992660053743,105
4345000,17480.000001726145,-518913.34472171357,299.7333409326326,1.02543431719441,105
4350000,17500.00000173022,-518149.4030928633,300.7398653526817,1.031599739231319,105
4355000,17520.000001734294,-517619.84364254656,299.74939051014826,1.0298873994500186,105
4360000,17540.000001738368,-518479.4319738839,301.43967921889174,1.0311356887784933,105
4365000,17560.000001742443,-516447.0439779002,301.8322703412409,1.0294896872207102,105
4370000,17580.000001746517,-518060.3894539515,300.9048833958486,1.0289018139689188,105
4375000,17600.00000175059,-516570.87488386803,299.7416217801937,1.022520365586965,105
4380000,17620.000001754666,-517334.62538876734,301.4812833574813,1.0255620242574441,105
4385000,17640.00000175874,-517057.27683168836,303.4328149903251,1.026101459134183,105
4390000,17660.000001762815,-517243.1131968184,301.41807261920036,1.0261062502715472,105
4395000,17680.00000176689,-516804.591614353,298.99667081746134,1.0241171651589154,105
4400000,17700.000001770964,-517224.01383071975,302.54446720024754,1.0286591068554716,105
4405000,17720.00000177504,-516993.90116797155,300.48684197118035,1.030293073941741,105
4410000,17740.000001779114,-517816.5514527173,300.34747735610273,1.0249618238705873,105
4415000,17760.000001783188,-516869.42728511593,300.98326596545786,1.0262153768687643,105
4420000,17780.000001787263,-516853.9216481433,302.75238504401887,1.0240359936534023,105
4425000,17800.000001791337,-516643.2620756328,299.5511113950864,1.0271181519459383,105
4430000,17820.00000179541,-517589.2347353832,301.623286583492,1.0305258211435453,105
4435000,17840.000001799486,-517008.9650568194,301.5774220090784,1.0267340032249992,105
4440000,17860.00000180356,-517466.833311412,300.5726790673944,1.0272318627128405,105
4445000,17880.000001807635,-517900.8473221457,301.18162614461284,1.0279889064539702,105
4450000,17900.00000181171,-518251.7453457725,302.10250612562237,1.0255705168415281,105
4455000,17920.000001815784,-516489.93177347374,299.4402483424855,1.0288768966578448,105
4460000,17940.00000181986,-517825.40539030475,297.70001127833655,1.0328217665750137,105
4465000,17960.000001823933,-518496.0241445466,301.2847328775905,1.0278358624671964,105
4470000,17980.000001828008,-517585.556617277,301.95329689149906,1.026981146134476,105
4475000,18000.000001832082,-517132.2805938511,301.175425904748,1.0243109163157642,105
4480000,18020.000001836157,-517051.3090394505,303.7685785854823,1.029047306176544,105
4485000,18040.00000184023,-517190.1174812217,300.6503185874826,1.0302517426099027,105
4490000,18060.000001844306,-516729.639671498,300.8021379476892,1.0285256711457496,105
4495000,18080.00000184838,-516584.2628117546,302.07193152340363,1.0236986327835598,105
4500000,18100.000001852455,-518616.88967788685,299.9000708818985,1.0291523571029229,105
4505000,18120.00000185653,-516725.3357941089,300.2167213917746,1.0270423126371828,105
4510000,18140.000001860604,-518134.0799658459,302.3130870474559,1.0273435485316038,105
4515000,18160.00000186468,-515799.70640012715,300.47974557708,1.02735586502605,105
4520000,18180.000001868753,-516166.97764095524,299.3966352952515,1.0284276942919022,105
4525000,18200.000001872828,-516170.0599171922,302.9937717863172,1.0247192564028866,105
4530000,18220.000001876902,-517616.4378044056,302.9910799142076,1.0286300707072702,105
4535000,18240.000001880977,-515363.5978036565,302.1937050493688,1.0214335747220784,105
4540000,18260.00000188505,-518784.6313413072,298.9934710052952,1.0305697133296756,105
4545000,18280.000001889126,-516829.46721885307,298.0391233292335,1.03117551520464,105
4550000,18300.0000018932,-517047.6467057513,299.15644585135357,1.028349341370247,105
4555000,18320.000001897275,-517614.3707044539,301.13490443166756,1.0233705082442817,105
4560000,18340.00000190135,-517927.7390813478,299.94698749739047,1.030590047834208,105
4565000,18360.000001905424,-517933.57415965176,299.35430700879715,1.02829371090599,105
4570000,18380.0000019095,-516750.6379381949,300.81590965722796,1.0249351024648607,105
4575000,18400.000001913573,-516627.94797247276,303.4181483084987,1.0280915004911357,105
4580000,18420.000001917648,-517565.17131726514,300.68338459498017,1.0212485338646806,105
4585000,18440.000001921722,-515502.0437821811,302.89247736135894,1.0229916309684266,105
4590000,18460.000001925797,-517311.162226903,299.397436974299,1.0270213759827727,105
4595000,18480.00000192987,-516996.1336962306,300.6787696080277,1.0269116323858682,105
4600000,18500.000001933946,-517317.5329057842,300.36121048156343,1.0272616555832859,105
4605000,18520.00000193802,-517144.076159396,300.13137091984254,1.0266214158163889,105
4610000,18540.000001942095,-516184.29260470485,300.01628593749285,1.0267865989770286,105
4615000,18560.00000194617,-519059.3384486616,299.69838850180713,1.0325114900791117,105
4620000,18580.000001950244,-517311.0557675834,298.8975802455178,1.022874179482495,105
4625000,18600.00000195432,-518655.0245522638,301.7127943591508,1.027627670284825,105
4630000,18620.000001958393,-516324.547904006,301.58731589430846,1.0226498343602743,105
4635000,18640.000001962468,-516410.76654416206,302.7454157182881,1.0230956855639333,105
4640000,18660.000001966542,-517113.8592858277,300.0877261663005,1.0226952273381735,105
4645000,18680.000001970617,-518176.19171535224,301.73599875624853,1.0261763997563167,105
4650000,18700.00000197469,-516911.22976810415,301.2055459273795,1.0274863808070056,105
4655000,18720.000001978766,-517757.7208108881,300.8199999261957,1.027586351690668,105
4660000,18740.00000198284,-516417.14692708687,302.56288802234945,1.0266552790076164,105
4665000,18760.000001986915,-517738.64568396145,301.13797253275106,1.0251786489222343,105
4670000,18780.00000199099,-515486.0418799084,303.2623950199079,1.023728829956016,105
4675000,18800.000001995064,-516657.8040001306,301.2230597893308,1.0268454146338135,105
4680000,18820.00000199914,-517218.0214456811,301.34483420244504,1.0251211873717418,105
4685000,18840.000002003213,-517165.78193557914,301.6359031833685,1.0242177849833516,105
4690000,18860.000002007288,-518138.1457108988,300.97720238126544,1.0293486187659764,105
4695000,18880.000002011362,-517940.0383994025,300.61672476703046,1.023381107472159,105
4700000,18900.000002015437,-516990.605817707,302.86094030370845,1.026640446801858,105
4705000,18920.00000201951,-518089.3036606775,301.8986080597511,1.0273376327563613,105
4710000,18940.000002023586,-517255.5127049661,300.74478945039584,1.0273488382465095,105
4715000,18960.00000202766,-518339.2399336505,301.241037925763,1.0301696860094782,105
4720000,18980.000002031735,-516454.7433969483,298.8878432147247,1.02345518724646,105
4725000,19000.00000203581,-518026.25909752445,300.41997153709855,1.0265727408654637,105
4730000,19020.000002039884,-516634.99651937024,303.06942843875726,1.0295306649244658,105
4735000,19040.00000204396,-517788.7141570158,299.69872869367947,1.0303324289021178,105
4740000,19060.000002048033,-518901.3130670984,302.298224755524,1.029497729400741,105
4745000,19080.000002052107,-517837.6112628912,302.9130389226392,1.0274719440158826,105
4750000,19100.000002056182,-516778.01429947326,300.3362953044432,1.0246315054208204,105
4755000,19120.000002060257,-517956.27544144844,301.25718295719224,1.029949988847283,105
4760000,19140.00000206433,-516795.25006052316,301.92519694007916,1.0233386283113193,105
4765000,19160.000002068406,-516078.2569587801,298.6464139688607,1.026763127828597,105
4770000,19180.00000207248,-518790.89635170554,300.33610730308305,1.0287143981095344,105
4775000,19200.000002076555,-517737.29779119417,300.5936505003816,1.0288593501609107,105
4780000,19220.00000208063,-517439.94839981664,301.62620256798857,1.031074878031894,105
4785000,19240.000002084704,-517771.1376812069,300.9290591607207,1.0247383936667411,105
4790000,19260.00000208878,-518415.7731436675,300.4161756447733,1.0286189422810474,105
4795000,19280.000002092853,-518188.6282640144,298.11487067595283,1.027721429894693,105
4800000,19300.000002096927,-517811.69408896915,298.04770339331833,1.024494718337089,105
4805000,19320.000002101002,-516980.29983174405,300.57632144155764,1.0242786797879047,105
4810000,19340.000002105076,-518789.80713573564,302.35897234083785,1.0311775875191709,105
4815000,19360.00000210915,-517277.20699230046,301.1015357926939,1.031044048545993,105
4820000,19380.000002113225,-517285.1437414577,302.84604661639804,1.0264180265064065,105
4815000,19360.00000210915,-518399.4573218287,298.75881680687496,1.0273725064943908,--
4820000,19380.000002113225,-516840.06917004706,299.3700970689115,1.0258542593164324,107
4825000,19400.0000021173,-516664.12249570736,301.5476905246638,1.0285200416542333,106
4830000,19420.000002121375,-517796.43202437344,300.95873434125537,1.0299758767810452,106
4835000,19440.00000212545,-517398.5741442046,302.09434910303116,1.0302888060670388,106
4840000,19460.000002129524,-518140.7103497153,301.011396617011,1.0293223011946537,106
4845000,19480.000002133598,-516888.4921445125,301.4133717208681,1.0314118933646867,106
4850000,19500.000002137673,-517748.721278992,301.98176412477363,1.0294273036273653,106
4855000,19520.000002141747,-517508.4453589225,298.97023834759113,1.0293409447997786,106
4860000,19540.00000214582,-517567.4193269049,302.3921961356174,1.0269679377501932,106
4865000,19560.000002149896,-517264.34125074395,301.1594937315687,1.0282570228974357,106
4870000,19580.00000215397,-517077.16796820797,300.0353053061146,1.0281371930063385,106
4875000,19600.000002158045,-516555.69070086465,297.8091937120825,1.0241259979194872,106
4880000,19620.00000216212,-516882.42580982647,298.9276235440822,1.0260458850900183,105
4885000,19640.000002166194,-517657.83740167227,302.62773657607516,1.0286546270153576,105
4890000,19660.00000217027,-518491.70590188936,301.7936074953304,1.029574334356749,105
4895000,19680.000002174344,-517437.09310872364,303.2225434747142,1.0282399556090285,105
4900000,19700.000002178418,-518176.5059163007,301.75453563854876,1.0275306517663962,105
4905000,19720.000002182493,-516903.0485074546,300.75847040930137,1.0278688569397862,104
4910000,19740.000002186567,-518540.0767391203,301.420297318814,1.0241900398879757,104
4915000,19760.00000219064,-518082.31344171544,299.86316263477784,1.0253371827537932,104
4920000,19780.000002194716,-516840.12188416347,301.5821408908219,1.0262375036599298,104
4925000,19800.00000219879,-517408.8804951897,301.4789428966705,1.0309212455578325,104
4930000,19820.000002202865,-516648.00337124337,302.7391641028406,1.023333449208183,104
4935000,19840.00000220694,-517127.950485406,302.0146561753791,1.023962557767669,104
4940000,19860.000002211014,-517462.7436418715,300.147781744747,1.0264786509324013,104
4945000,19880.00000221509,-516673.56327048875,300.6357958517204,1.0289706755768768,104
4950000,19900.000002219163,-516951.12122343737,300.48390050983863,1.027821677465068,104
4955000,19920.000002223238,-518170.19717777916,301.022742922818,1.0301605992631317,104
4960000,19940.000002227313,-517486.88251705864,301.87282239730007,1.0253342061612905,103
4965000,19960.000002231387,-519026.33330986626,301.68377129113173,1.0293610857612756,103
4970000,19980.00000223546,-517754.1371460054,299.63479661777853,1.0282633542389708,103
4975000,20000.000002239536,-517696.4701304636,302.5610732581968,1.0293935499941895,103
4980000,20020.00000224361,-517081.0087431732,300.588072565198,1.0253444978631658,103
4985000,20040.000002247685,-516945.3323185148,301.9970530515811,1.0249035757166989,103
4990000,20060.00000225176,-517542.1393045478,299.1431380441346,1.025413334061063,103
4995000,20080.000002255834,-517946.5332515212,301.6080251544868,1.0269410100619014,103
5000000,20100.00000225991,-516122.53248888743,298.82051600594303,1.0241386394659142,103
5005000,20120.000002263983,-517287.7011129474,300.21020358345794,1.0249888591313716,103
5010000,20140.000002268058,-517881.01900531026,299.57151923547116,1.0279526435109614,103
5015000,20160.000002272132,-517455.4428502689,299.426007766168,1.0270381272200835,103
5020000,20180.000002276207,-517060.84067631257,302.4299746680217,1.0282484201109188,103
5025000,20200.00000228028,-518330.70747959777,302.0615710982947,1.0257809846380934,103
5030000,20220.000002284356,-518109.21781105595,301.61999032105706,1.0290928732612914,103
5035000,20240.00000228843,-517131.0687335972,299.9767728916065,1.0302789310136553,103
5040000,20260.000002292505,-516852.51747485274,300.1243989109497,1.0273677846717992,103
5045000,20280.00000229658,-516303.8245134116,301.58851356686495,1.030428911675792,103
5050000,20300.000002300654,-516961.492613649,301.25468041836217,1.0269819665433881,103
5055000,20320.00000230473,-515477.0186444882,300.1960385397606,1.0262392742923416,103
5060000,20340.000002308803,-516584.63109535654,303.71281699643094,1.0242241406005912,103
5065000,20360.000002312878,-516573.8092836898,302.77684243492195,1.0284317353491736,102
5070000,20380.000002316952,-517302.7464455017,299.73917740769366,1.0272999901816076,102
5075000,20400.000002321027,-516933.76672401116,301.0536295851648,1.0301483636394446,102
5080000,20420.0000023251,-517656.77168006985,299.91347797161285,1.030001647966397,102
5085000,20440.000002329176,-517191.3658417091,300.75837142770484,1.0282788966111105,102
5090000,20460.00000233325,-518377.43611554685,300.7874183592815,1.0293468512195685,102
5095000,20480.000002337325,-518191.87796633225,298.94360756452875,1.0300234515534732,102
5100000,20500.0000023414,-517526.2617842355,301.1335994397537,1.0332100748944486,102
5105000,20520.000002345474,-518385.1148131585,301.52095435211845,1.0290374740398245,102
5110000,20540.00000234955,-517657.8126774556,301.81222876379604,1.0265636666254971,102
5115000,20560.000002353623,-517862.448350688,301.35351949731603,1.025143875648968,102
5120000,20580.000002357698,-517533.9634258053,301.771134440633,1.0263697970772818,102
5125000,20600.000002361772,-517052.64168514963,300.7296297442532,1.0297910366953402,102
5130000,20620.000002365847,-515542.3121598284,298.55819351564105,1.022710948312963,102
5135000,20640.00000236992,-517061.03715749434,300.71137047901146,1.0282456738578611,102
5140000,20660.000002373996,-517371.95935881557,301.42613555197414,1.0323178073999673,102
5145000,20680.00000237807,-518270.61175978323,301.76700927287845,1.0294406812437797,102
5150000,20700.000002382145,-518406.0810058415,302.08470212318906,1.0288196276597186,102
5155000,20720.00000238622,-518647.99165160046,298.17166799660697,1.0294921097063836,102
5160000,20740.000002390294,-516481.4468120744,300.9775236089508,1.0223419855633242,102
5165000,20760.00000239437,-516726.4268191501,299.39198558546644,1.0257264806328765,102
5170000,20780.000002398443,-517971.85109780077,301.40678851904835,1.0248857219619953,102
5175000,20800.000002402518,-516000.3513522381,302.7420451702551,1.0248549649169947,102
5180000,20820.000002406592,-517444.1175702936,301.3562243542394,1.0270918692763407,102
5185000,20840.000002410667,-516548.6724381484,301.4224259110999,1.0246869686092437,102
5190000,20860.00000241474,-516944.7212325854,297.93027009454795,1.024902412153572,102
5195000,20880.000002418816,-516880.338278471,298.7469274419393,1.0244596919393345,102
5200000,20900.00000242289,-517796.1284186244,302.8850876197441,1.0292824067485622,102
5205000,20920.000002426965,-517177.6515977972,300.3806101086445,1.0286455349687496,102
5210000,20940.00000243104,-517244.37790737185,300.4314257691708,1.0258038608791002,102
5215000,20960.000002435114,-518187.08547059493,303.5900969528766,1.028226757885278,102
5220000,20980.00000243919,-517584.75961593026,303.1554399028749,1.023930980331634,102
5225000,21000.000002443263,-516591.33377819345,301.3173686433625,1.0242336734716257,102
5230000,21020.000002447337,-517480.43960217456,300.0630744602513,1.0280266243966985,102
5235000,21040.000002451412,-517358.63021698967,303.1709190964461,1.0249332206007267,102
5240000,21060.000002455487,-517330.7024202405,300.7194943962258,1.027745884926734,102
5245000,21080.00000245956,-516995.9368667195,301.3164573556475,1.0242147191549489,102
5250000,21100.000002463636,-516903.8595017879,302.88274668349766,1.0277308086950658,102
5255000,21120.00000246771,-517008.2992046999,301.5153542015821,1.023607371325131,102
5260000,21140.000002471785,-518249.23425405705,301.83074927011114,1.0276283458571747,102
5265000,21160.00000247586,-519321.8535125805,302.07158088694166,1.0308297302781784,102
5270000,21180.000002479934,-518531.7221255193,298.0788969863975,1.032830480704957,102
5275000,21200.00000248401,-516915.81930753775,300.94882881212635,1.0280802652000673,102
5280000,21220.000002488083,-516905.9355949431,298.2490710935543,1.0293500811579501,102
5285000,21240.000002492157,-517562.6534666836,301.33473808468244,1.0261614136784711,102
5290000,21260.000002496232,-517279.84498173767,302.9969795372583,1.0282293437690588,102
5295000,21280.000002500306,-516938.3201845959,301.2492197201685,1.0258742435850423,102
5300000,21300.00000250438,-517033.9419127337,301.71219138161354,1.0276299175072812,102
5305000,21320.000002508456,-517194.4926342687,301.9655943912623,1.0268025606280753,102
5310000,21340.00000251253,-517053.59936368046,301.6893325453728,1.0264657450455448,102
5315000,21360.000002516605,-517512.35619172687,301.2193530777747,1.025848981964549,102
5320000,21380.00000252068,-516947.8407757275,300.5817676280764,1.0286541805514597,102
5325000,21400.000002524754,-517642.1256996158,300.1426976728823,1.0296612113061248,102
5330000,21420.00000252883,-516754.33554649353,302.3061465736808,1.0270804215032887,102
5335000,21440.000002532903,-516648.3365432061,301.6667253950838,1.0227726389073781,102
5340000,21460.000002536977,-518211.20829358115,300.3030828687081,1.0315342098775815,102
5345000,21480.00000254105,-518110.83688941784,302.3348871192936,1.0264684042479144,102
5350000,21500.000002545126,-516730.5718630622,299.15545476711657,1.0265389436796297,102
5355000,21520.0000025492,-516645.5940344068,302.648013605602,1.028052013476675,102
5360000,21540.000002553275,-516613.7064807988,299.66942746889464,1.0270658922340705,102
5365000,21560.00000255735,-515565.1722849326,300.85447985636597,1.025972713618771,102
5370000,21580.000002561424,-516120.2975906457,301.1372327291673,1.0256667539975606,102
5375000,21600.0000025655,-517101.61687111016,301.6662670269088,1.027361078894199,102
5380000,21620.000002569574,-518169.5553428957,300.4486456296839,1.024213990623357,102
5385000,21640.000002573648,-517615.29399186745,300.11312257670045,1.0252823096825758,102
5390000,21660.000002577723,-517805.7919284459,302.78448317020434,1.0257664639124189,102
5395000,21680.000002581797,-517099.09927679435,298.5129364389075,1.0247782180612597,102
5400000,21700.00000258587,-517573.0299841736,302.11795374087245,1.0268627380932163,102
5405000,21720.000002589946,-517489.7423601174,300.10073019329826,1.0286358668844766,102
5410000,21740.00000259402,-516721.9048425569,298.7113331951922,1.0265540917069265,102
5415000,21760.000002598095,-517754.64057238074,302.21831823484945,1.029529368165506,102
5420000,21780.00000260217,-517127.52762214956,302.3244340252649,1.0285464415044756,102
5425000,21800.000002606244,-517304.7287049745,300.63965035355574,1.0240838251653563,102
5430000,21820.00000261032,-517100.8073484134,298.9488745105122,1.0251295609523015,102
5435000,21840.000002614393,-516272.3312618653,300.87237059541803,1.0257914017388998,102
5440000,21860.000002618468,-517511.5191327303,301.8955834894891,1.026310374625897,102
5445000,21880.000002622543,-517855.66459836066,301.56365816761854,1.0256575559937415,102
5450000,21900.000002626617,-517598.16924145445,302.098224101079,1.0311782841593877,102
5455000,21920.00000263069,-518524.55854888353,300.26315777535495,1.025667286103411,102
5460000,21940.000002634766,-516872.66762801306,303.6007029885403,1.0280670941237215,102
5465000,21960.00000263884,-518162.5796447578,301.7515657261452,1.0264284334468212,102
5470000,21980.000002642915,-518021.61837245664,299.9975181799689,1.024746430926378,102
5475000,22000.00000264699,-516325.24939872744,299.05890816169205,1.0243892161388284,102
5480000,22020.000002651064,-516859.94131780835,303.44722160462214,1.0263955997495617,102
5485000,22040.00000265514,-518818.57460020995,301.24298016970425,1.0231066708661145,102
5490000,22060.000002659213,-518610.5644689258,301.35407549960746,1.0271767668156753,102
5495000,22080.000002663288,-516879.3494014451,302.91413000871853,1.026214452651676,102
5500000,22100.000002667362,-517384.4062749995,303.6743425084113,1.0287435663949263,102
5505000,22120.000002671437,-517052.12588752876,299.1948032149134,1.0288594843361853,102
5510000,22140.00000267551,-518384.0782417115,298.78695524692154,1.028603109806104,102
5515000,22160.000002679586,-517480.7435091466,302.3070826811748,1.0309417520092339,102
5520000,22180.00000268366,-518435.01942422916,301.59140785004644,1.0270301038455367,102
5525000,22200.000002687735,-517729.89697579015,300.1979335915518,1.0250697806675735,102
5530000,22220.00000269181,-517858.8558172479,300.3959021598967,1.02546244822219,102
5535000,22240.000002695884,-517800.7849004776,301.3849629500941,1.0305052045090506,102
5540000,22260.00000269996,-517198.87068197574,302.1489836891626,1.0292641954683603,102
5545000,22280.000002704033,-516565.01322304877,298.69982042439017,1.025619247702608,102
5550000,22300.000002708108,-518768.98879713705,299.173310895323,1.0293610851709019,102
5555000,22320.000002712182,-516151.43648896227,303.1743168389058,1.0274223134321132,102
5560000,22340.000002716257,-518185.0330962376,303.60825572519474,1.0262082402508663,102
5565000,22360.00000272033,-519093.2091149194,298.50663989535025,1.0261842991379777,102
5570000,22380.000002724406,-516450.34211147646,303.92399292979775,1.0252747829438833,102
5575000,22400.00000272848,-517632.82992474013,302.02660627141967,1.0277658375372543,102
5580000,22420.000002732555,-517307.04688109434,304.12928742309214,1.0274260680024792,102
5585000,22440.00000273663,-515981.0969529159,300.57418981743996,1.0231979234799171,102
5590000,22460.000002740704,-516394.18016158463,300.0163149522183,1.0254180674306124,102
5595000,22480.00000274478,-515916.4140158086,298.8395477697757,1.0258807270006083,102
5600000,22500.000002748853,-518289.93853835505,302.85185983801995,1.0296695457485328,102
5605000,22520.000002752928,-516273.1139310538,301.21190710136204,1.0270724908157476,102
5610000,22540.000002757002,-517620.6058931968,300.9731665634398,1.0273300719943859,102
5615000,22560.000002761077,-517473.9670632861,301.0604347595087,1.0261210828206446,102
5620000,22580.00000276515,-516708.73540633055,300.16557936884954,1.0260172276239206,102
5625000,22600.000002769226,-517191.6254457461,296.69805937195395,1.0301270439603156,102
5630000,22620.0000027733,-517245.53860746603,300.0636447472282,1.029305968404464,102
5635000,22640.000002777375,-517587.12550189113,302.59442725958695,1.0299232641527027,102
5640000,22660.00000278145,-516993.3016377005,303.00247057114217,1.025855997152695,102
5645000,22680.000002785524,-517306.6835413377,300.887440537239,1.0334915561351006,102
5650000,22700.0000027896,-516585.8339993486,299.31345586232527,1.0258436720416706,102
5655000,22720.000002793673,-516596.9443428437,300.27945177540096,1.0290023094806102,102
5660000,22740.000002797748,-517333.731155596,298.2846533785247,1.0260054487247667,102
5665000,22760.000002801822,-517819.4650731976,300.8208057854932,1.0296730709088362,102
5670000,22780.000002805897,-518180.77017022297,300.72332567844205,1.0285385733595358,102
5675000,22800.00000280997,-517016.9711253254,299.79659935000484,1.0251592215540732,102
5680000,22820.000002814046,-515709.60280762706,299.6852137997076,1.0267048061037207,102
5685000,22840.00000281812,-517747.1241216026,301.6121817658263,1.0244199967154146,102
5690000,22860.000002822195,-518241.38407715433,303.9300266833995,1.0311849503696238,102
5695000,22880.00000282627,-515994.38096651994,303.1608728486992,1.0252445514700768,102
5700000,22900.000002830344,-517857.59836079204,302.3685183441567,1.025369732846743,102
5705000,22920.00000283442,-518197.1447335144,300.6214999945513,1.0256539834920244,102
5710000,22940.000002838493,-517634.5395006228,302.0586279445573,1.0281747088248392,102
5715000,22960.000002842567,-517156.7239105301,298.4016853472187,1.028928135175948,102
5720000,22980.000002846642,-517990.1934943325,301.5561026655413,1.0286661875260574,102
5725000,23000.000002850717,-516728.7110480324,302.76127795904006,1.0300864201967117,102
5730000,23020.00000285479,-518305.12754678493,299.0118520026271,1.0265309553990605,102
5735000,23040.000002858866,-517573.994639579,299.811741038022,1.024222750510624,102
5740000,23060.00000286294,-517314.01979251043,303.9721749265391,1.0294308257135527,102
5745000,23080.000002867015,-517521.887927684,300.50981707916714,1.0267638790213443,102
5750000,23100.00000287109,-516831.92283001775,301.37610253834623,1.0275349628499928,102
5755000,23120.000002875164,-516572.91479167645,298.5432970661504,1.0290451365220017,102
5760000,23140.00000287924,-517546.2004200313,301.17730837681665,1.0274438009112021,102
5765000,23160.000002883313,-518214.1256736028,298.44176209007657,1.0290471483993455,102
5770000,23180.000002887387,-517602.97733824374,299.72676794273804,1.0288554203357476,102
5775000,23200.000002891462,-518267.0578529397,302.2744179648579,1.0269831880311682,102
5780000,23220.000002895536,-518047.5788732013,300.2498671514264,1.0291449122202943,102
5785000,23240.00000289961,-517149.89001892484,302.4552840687913,1.0239444615523627,102
5790000,23260.000002903686,-516617.8082197341,301.4162394485718,1.0262772555085382,102
5795000,23280.00000290776,-517460.288998659,299.92605562102926,1.0239133768372406,102
5800000,23300.000002911835,-517879.63021899294,301.4848759371384,1.027051890407797,102
5805000,23320.00000291591,-517351.1199116588,299.7932877136767,1.0245016231458377,102
5810000,23340.000002919984,-516959.88507349556,302.0224958534933,1.0225349293488322,102
5815000,23360.00000292406,-517251.27983137174,301.7863338176118,1.0258536303905126,102
5820000,23380.000002928133,-517558.355473025,302.72125092745534,1.0271830040199172,102
5825000,23400.000002932207,-517507.30541855376,300.28609949677144,1.0293624001314423,102
5830000,23420.00000293628,-517131.11369351065,299.9381799115486,1.0276116536432445,102
5835000,23440.000002940356,-517331.9931247486,299.95987845540554,1.0298585742501443,102
5840000,23460.00000294443,-516555.8575343061,301.16351851186005,1.0238480518384234,102
5845000,23480.000002948505,-518402.07511084457,300.1871354465376,1.0272913099885763,102
5850000,23500.00000295258,-517523.44650230533,302.17578078353824,1.0269556572505503,102
5855000,23520.000002956654,-517040.9961411299,300.58412524743915,1.0270702793848143,102
5860000,23540.00000296073,-517420.89036219474,301.79395935495484,1.0290685509158632,102
5865000,23560.000002964804,-518047.755996838,300.1206659178729,1.0270307065777233,102
5870000,23580.000002968878,-517164.38668349315,301.5653639262017,1.0265314147464144,102
5875000,23600.000002972953,-517651.8863364442,301.1375697748887,1.0253696647589123,102
5880000,23620.000002977027,-516451.7177451274,302.0614100251866,1.026260819783912,102
5885000,23640.0000029811,-517332.5879996703,300.8855654802429,1.0246399875628378,102
5890000,23660.000002985176,-517403.25987425656,302.2485773775142,1.0282456800008872,102
5895000,23680.00000298925,-517328.41450785846,303.27194437608495,1.026674577770608,102
5900000,23700.000002993325,-517554.2903429868,299.73830013052566,1.029280792152557,102
5905000,23720.0000029974,-517473.4529677278,301.7091051678066,1.025117046200072,102
5910000,23740.000003001474,-516168.9868071105,302.0808871494127,1.0259294523734765,102
5915000,23760.00000300555,-516577.15532329073,305.409824332711,1.025983257081457,102
5920000,23780.000003009623,-517930.0813512779,303.3204118830087,1.0269396006146876,102
5925000,23800.000003013698,-516905.85921264696,302.03945438179016,1.0257222988825483,102
5930000,23820.000003017773,-517088.4590432872,300.99578753524474,1.026248656034707,102
5935000,23840.000003021847,-518972.1944297012,301.16094594936885,1.0313134909040524,102
5940000,23860.00000302592,-518999.06069878116,303.04716882569477,1.025256013648386,102
5945000,23880.000003029996,-517146.45596058574,302.242608523033,1.0259333831798312,102
5950000,23900.00000303407,-518059.77535481704,300.38461692435527,1.0240633890140471,102
5955000,23920.000003038145,-518863.3623747064,298.81141262079205,1.0277692981894226,102
5960000,23940.00000304222,-517103.23999230843,300.13217207457524,1.0220462224941922,102
5965000,23960.000003046294,-517711.3836512491,299.7754272816866,1.029336677542141,102
5970000,23980.00000305037,-516981.6178523393,301.5534108545323,1.024056266479014,102
5975000,24000.000003054443,-517097.67857290525,303.8049948103318,1.0253251120433151,102
5980000,24020.000003058518,-516312.529193216,302.2628670713906,1.0258038262846254,102
5985000,24040.000003062592,-516475.2665449665,302.23417764853536,1.026911163523844,102
5990000,24060.000003066667,-516622.90049165115,301.4513727160845,1.023268110420167,102
5995000,24080.00000307074,-516799.94023362664,301.2893712516605,1.0265820359436708,102
6000000,24100.000003074816,-516813.23358679144,300.9576673977639,1.0234047267954673,102
6005000,24120.00000307889,-517996.6574136026,301.22495709221977,1.0252797608960178,103
6010000,24140.000003082965,-516789.08499536174,302.0183281905414,1.026521120925111,103
6015000,24160.00000308704,-517378.26086897776,302.15257229207845,1.0282341284372054,103
6020000,24180.000003091114,-517672.0008305821,301.4482102497185,1.0245198032579752,103
6025000,24200.00000309519,-516625.23611681187,301.6827743842134,1.0238077699270276,103
6030000,24220.000003099263,-517005.4727825322,300.7407455961312,1.0257813622132816,103
6035000,24240.000003103338,-517817.25226325914,300.5075853625417,1.0254889921526387,103
6040000,24260.000003107412,-517483.15438135155,299.5072248113012,1.0255339820891127,103
6045000,24280.000003111487,-516907.85676205717,298.5253444834068,1.0270488936714766,103
6050000,24300.00000311556,-516221.1864545725,300.351106323732,1.0228589643032036,103
6055000,24320.000003119636,-516402.2222988822,301.90049900235203,1.0295226717673425,103
6060000,24340.00000312371,-518405.52765916474,301.1986205165844,1.0267564316560356,103
6065000,24360.000003127785,-516808.5152294063,301.01650673455634,1.0280059720170949,103
6070000,24380.00000313186,-517755.81140633184,301.9375358620086,1.027089081558831,103
6075000,24400.000003135934,-518684.3952185821,300.6051282245017,1.0263343856938398,103
6080000,24420.00000314001,-516082.87622036994,300.03373521531887,1.0250639033102398,103
6085000,24440.000003144083,-517432.5339046845,300.91225432164117,1.0286329968578933,103
6090000,24460.000003148158,-517328.1532254927,300.35582903763407,1.0260501940289979,103
6095000,24480.000003152232,-517392.45742477314,301.8263234179889,1.0289020838376006,103
6100000,24500.000003156307,-517453.10764577053,300.4866186001701,1.0252471066258486,103
6105000,24520.00000316038,-518281.546734591,302.8384485333206,1.0309898968169595,103
6110000,24540.000003164456,-516400.8164594071,299.7466586429884,1.0258180493404707,103
6115000,24560.00000316853,-517192.36753909755,299.5067281742632,1.0263307270182676,103
6120000,24580.000003172605,-517059.12048968184,302.9350889147338,1.0279907968718405,103
6125000,24600.00000317668,-516687.1459952553,300.3961461557381,1.026195363230872,103
6130000,24620.000003180754,-517302.2287919619,303.15893402707513,1.028321209607116,103
6135000,24640.00000318483,-517198.80766481673,301.42337496347926,1.0295214470159797,103
6140000,24660.000003188903,-517937.3798496835,300.52735115529407,1.0289668861108834,103
6145000,24680.000003192978,-517107.15679299925,300.6614494558835,1.0261211316291714,103
6150000,24700.000003197052,-517970.96922546555,299.8009806949806,1.0278284245982503,103
6155000,24720.000003201127,-516727.3530302993,302.86112263204745,1.0246614816761848,103
6160000,24740.0000032052,-518547.39337712526,303.9345598582512,1.0322878092028476,103
6165000,24760.000003209276,-516911.3339232113,303.32105183656273,1.0241160710859074,103
6170000,24780.00000321335,-518266.4219890849,299.26353022454776,1.0264233660055664,103
6175000,24800.000003217425,-517927.14143757895,301.11582017223884,1.0262865679590394,103
6180000,24820.0000032215,-515991.54193876334,302.3581973027468,1.0243791913715914,103
6185000,24840.000003225574,-516435.8960493356,299.2667379262835,1.026278985051113,103
6190000,24860.00000322965,-517094.73264316283,301.1776251656939,1.0244547507285355,103
6195000,24880.000003233723,-518062.5170834835,301.3851489719087,1.0254750345999122,103
6200000,24900.000003237798,-517086.28065994475,300.74593045387763,1.0253880990972586,103
6205000,24920.000003241872,-516395.24961055815,300.71937051214013,1.0282573619005109,103
6210000,24940.000003245947,-518461.5285757636,301.2715707847967,1.0311481214228349,103
6215000,24960.00000325002,-516257.8456938246,298.6774520530454,1.0262559493330607,103
6220000,24980.000003254096,-517832.6039265038,301.4728184585919,1.026881467215626,103
6225000,25000.00000325817,-518033.0102319361,301.6140581517421,1.028716129284383,103
6230000,25020.000003262245,-516653.8350810916,299.92326452563134,1.0262844141406013,103
6235000,25040.00000326632,-517306.6561308033,299.35555412468466,1.0299209796456712,103
6240000,25060.000003270394,-517595.9795973399,299.7093386622227,1.0281823552826217,103
6245000,25080.00000327447,-517519.5876472767,301.7271382866213,1.0268268593422105,103
6250000,25100.000003278543,-517251.34309167834,302.33124005500747,1.0288418285273377,103
6255000,25120.000003282617,-516542.5641989736,300.2594918891776,1.0306193791803713,103
6260000,25140.000003286692,-517781.2652458132,304.57350388343775,1.0301106896211725,103
6265000,25160.000003290766,-518485.30458313273,301.77957441854215,1.0280344343859318,103
6270000,25180.00000329484,-516666.7519393561,301.7366302429495,1.0233334306532673,103
6275000,25200.000003298916,-517695.633846211,300.5232800478002,1.0260672385048488,103
6280000,25220.00000330299,-516641.1259671112,300.43615197831986,1.0243909548183139,103
6285000,25240.000003307065,-516366.57089994615,303.6035528814736,1.027828987321163,103
6290000,25260.00000331114,-518028.560128795,301.4507881495228,1.0257593581428277,103
6295000,25280.000003315214,-516770.9399787425,298.9439873765376,1.0299288573392813,103
6300000,25300.00000331929,-516356.25838534907,301.3458227617487,1.0256535112984393,103
6305000,25320.000003323363,-517261.03286780394,301.4406448021117,1.0281816446523966,103
6310000,25340.000003327437,-517507.77643589093,300.51589046193595,1.023123573645741,103
6315000,25360.000003331512,-515981.1320746718,301.3429706526086,1.0222242426332997,103
6320000,25380.000003335586,-516263.3330887074,299.95064344368524,1.0276808526870622,103
6325000,25400.00000333966,-516805.3196971668,301.3444391687595,1.029770850212999,103
6330000,25420.000003343735,-517501.1860621101,301.01102204519503,1.0257465011071674,103
6335000,25440.00000334781,-517634.8779091935,299.64241108578807,1.027380905363092,103
6340000,25460.000003351885,-518861.51121198316,300.1005981722461,1.0265554576223546,103
6345000,25480.00000335596,-517231.8909558763,300.9695393066766,1.0299824143006313,103
6350000,25500.000003360034,-516961.175698268,299.866416507745,1.0278365800365254,103
6355000,25520.000003364108,-516274.83060203795,301.3295315054611,1.0277607419349004,103
6360000,25540.000003368183,-516583.65422941814,298.733767702687,1.0242497354573998,103
6365000,25560.000003372257,-517083.53792204405,302.06836550176894,1.0289984690771152,103
6370000,25580.00000337633,-517408.05667444994,300.6616407964897,1.0292977492449087,103
6375000,25600.000003380406,-518053.07213087403,301.5004458432817,1.0278972122129806,103
6380000,25620.00000338448,-516389.7542449357,301.2827308805133,1.0288212965893817,103
6385000,25640.000003388555,-516524.4568684015,300.21466380172063,1.0200464785504546,103
6390000,25660.00000339263,-518232.9030179118,301.158868300752,1.0283985259939412,103
6395000,25680.000003396704,-517890.036247056,301.4279534806426,1.02618935203591,103
6400000,25700.00000340078,-517200.73184046545,299.30576573560313,1.0282707039977281,103
6405000,25720.000003404853,-517616.5207180369,303.3466757549895,1.026128207068996,103
6410000,25740.000003408928,-516804.4853961058,301.3024546700492,1.0204557195540098,103
6415000,25760.000003413003,-518484.63896180154,300.2539145592242,1.0272701707854346,103
6380000,25620.00000338448,-517190.40204564016,300.20730144581285,1.0282433069389354,--
6385000,25640.000003388555,-517475.48699045205,302.55132191728256,1.0260149134881178,107
6390000,25660.00000339263,-516986.830554283,301.29909230641766,1.0259803637466725,106
6395000,25680.000003396704,-516240.09403678984,299.9830548537573,1.024835779871849,106
6400000,25700.00000340078,-517139.303848095,299.057341196484,1.0273690279569085,105
6405000,25720.000003404853,-516767.4345919334,302.01995657276007,1.025406443674114,105
6410000,25740.000003408928,-517042.9691754421,304.3814051259662,1.0268402404691073,105
6415000,25760.000003413003,-516896.2537945139,300.9733703805806,1.0261982413119337,105
6420000,25780.000003417077,-516689.03276404226,298.86870989503626,1.0291868046995833,105
6425000,25800.00000342115,-517999.4742022734,301.51584812149827,1.0277605908259198,105
6430000,25820.000003425226,-516591.24145280104,300.3145259670498,1.0250652018917572,105
6435000,25840.0000034293,-517130.84470395185,300.3442078996605,1.0269799434957918,105
6440000,25860.000003433375,-517044.79232332925,300.6332597071601,1.0242341465037068,105
6445000,25880.00000343745,-517860.89327944047,298.8152915218348,1.0313307909179499,105
6450000,25900.000003441524,-516914.04609463667,301.1351182009195,1.0287284335247981,105
6455000,25920.0000034456,-517472.45722526265,300.97693336083927,1.0274463897885842,105
6460000,25940.000003449673,-517469.32738669985,300.42979733134723,1.0288982513015108,105
6465000,25960.000003453748,-518562.1906751774,302.3166585300382,1.0284998376995378,105
6470000,25980.000003457822,-517142.4460982105,301.41605051334074,1.0274844677022728,105
6475000,26000.000003461897,-516060.19280670583,301.31077539147196,1.0283682612825569,105
6480000,26020.00000346597,-517802.04037677497,301.68922789443394,1.0259097538283615,104
6485000,26040.000003470046,-515999.2234540314,300.32609342576615,1.0264966821816301,104
6490000,26060.00000347412,-518078.24750666064,301.57702113098935,1.0280538071810124,104
6495000,26080.000003478195,-517388.38761624694,301.84326605750886,1.0269670171907457,104
6500000,26100.00000348227,-517402.79565314204,300.01962514326664,1.0274156948006714,104
6505000,26120.000003486344,-518935.92772239377,301.5177991567394,1.0295657394229012,104
6510000,26140.00000349042,-517070.2197713298,301.2586444558989,1.0260411165892782,104
6515000,26160.000003494493,-518436.47750248737,303.823105238334,1.0274409672536462,104
6520000,26180.000003498568,-516235.516640374,298.84426876273324,1.0210717631408648,104
6525000,26200.000003502642,-517836.7452704862,302.67668245411323,1.0259835114215532,104
6530000,26220.000003506717,-516704.89790360816,300.7119195077759,1.0268846943941323,104
6535000,26240.00000351079,-517529.78488702746,300.2866689216781,1.0277431900071072,104
6540000,26260.000003514866,-518161.5089429298,299.2746573874908,1.028431349413728,104
6545000,26280.00000351894,-516993.0116446682,303.17034522951315,1.0285153875189295,104
6550000,26300.000003523015,-517116.66659294115,301.6225028423778,1.028670276398094,104
6555000,26320.00000352709,-515969.75047387066,299.53543287020057,1.0220433128320712,104
6560000,26340.000003531164,-516664.42420469224,301.79666564973854,1.0244057268951292,104
6565000,26360.00000353524,-517178.5680091344,301.37425740747005,1.0265010775339536,104
6570000,26380.000003539313,-516969.198906288,300.10694415033095,1.0273181116534815,104
6575000,26400.000003543388,-517179.62817691243,302.9875135585657,1.0265651816539245,104
6580000,26420.000003547462,-518307.81367724715,302.31460870678706,1.0261789689311878,104
6585000,26440.000003551537,-517081.23073045234,301.50785996587405,1.0259427559602696,104
6590000,26460.00000355561,-518547.46696698526,302.00009855171004,1.03007118420585,104
6595000,26480.000003559686,-517096.11505578854,299.42383850465296,1.0239414374096025,104
6600000,26500.00000356376,-517161.29593022726,301.5441869324162,1.0270443840903782,104
6605000,26520.000003567835,-517693.26070018695,299.52416025999406,1.027482357440271,104
6610000,26540.00000357191,-516783.73365191184,302.9499976015959,1.027448264245366,104
6615000,26560.000003575984,-518322.380828294,303.56303849595,1.031400318276014,104
6620000,26580.00000358006,-517413.1088324138,297.27454672644217,1.0272464720367929,104
6625000,26600.000003584133,-516936.22212892375,300.8213962135259,1.0280274615607576,104
6630000,26620.000003588208,-517927.1363856944,302.88777090898,1.0235936637475749,104
6635000,26640.000003592282,-517641.22056416166,301.8317408627803,1.0283027460833092,104
6640000,26660.000003596357,-517152.46019636234,300.4987072117316,1.0307771246379611,104
6645000,26680.00000360043,-518580.272283467,301.6778843504256,1.0259951372861706,104
6650000,26700.000003604506,-518511.00362215564,303.2402905013777,1.0297267659679545,104
6655000,26720.00000360858,-517793.1657112702,301.03609222275065,1.0276194520296227,104
6660000,26740.000003612655,-518642.03738864255,301.9091633702553,1.029375938011989,104
6665000,26760.00000361673,-516928.96698052576,302.1458127425925,1.026523812170343,104
6670000,26780.000003620804,-517493.0596452516,300.8881275844897,1.0236326788933967,104
6675000,26800.00000362488,-517868.6195258852,300.2248823033155,1.026697941797801,104
6680000,26820.000003628953,-516423.4170916029,303.2257419633115,1.0235279092065368,104
6685000,26840.000003633028,-517361.58666122216,299.27667874902426,1.0261817079164894,104
6690000,26860.000003637102,-517287.2230139987,301.9241351158105,1.0285990157568985,104
6695000,26880.000003641177,-517516.5386075727,299.65594163271436,1.0262503046337876,104
6700000,26900.00000364525,-517082.5775636118,300.0733123333847,1.0282270633765858,104
6705000,26920.000003649326,-516628.14449173934,297.951591523467,1.0242475865652638,104
6710000,26940.0000036534,-517228.5981455182,301.6914522414804,1.0268418471047855,104
6715000,26960.000003657475,-517020.14834200824,302.3509354511766,1.0253372095496966,104
6720000,26980.00000366155,-517671.06913524517,302.49714269899783,1.025359828103218,104
6725000,27000.000003665624,-516948.0643050829,301.4878429674031,1.0264066322078007,104
6730000,27020.0000036697,-516455.31200910895,300.9467814625291,1.0225744556997989,104
6735000,27040.000003673773,-517104.5394735108,299.9477088111516,1.030057661661244,104
6740000,27060.000003677847,-516889.754195987,301.83532920508947,1.033111600918296,104
6745000,27080.000003681922,-518730.18628998054,302.7855844137713,1.0306636754557144,104
6750000,27100.000003685996,-518132.94318462536,302.83763510138925,1.0267397214423457,104
6755000,27120.00000369007,-516926.7493733943,299.8769740946613,1.0260975933920036,104
6760000,27140.000003694146,-517527.62479645014,300.2989094722586,1.0248053895396971,104
6765000,27160.00000369822,-517094.623281213,300.14562734254224,1.0235931527821118,104
6770000,27180.000003702295,-517653.78561267606,301.2881646639715,1.027084885626187,104
6775000,27200.00000370637,-518438.75148314075,296.5172502601054,1.0300730301004437,104
6780000,27220.000003710444,-517707.9536942919,298.9960428475772,1.028477690471113,104
6785000,27240.00000371452,-517478.70063085994,300.5461283505519,1.0268288271061936,104
6790000,27260.000003718593,-517544.8138529088,299.59453563968617,1.0298846054363195,104
6795000,27280.000003722667,-516538.9940745139,303.20598821036725,1.0250478036197936,104
6800000,27300.000003726742,-517155.513368767,300.3722318590517,1.0237264667479238,104
6805000,27320.000003730816,-518193.15035726107,300.21867863892453,1.0264864052883071,104
6810000,27340.00000373489,-516186.37723405333,300.9074036890898,1.0242281046889452,104
6815000,27360.000003738965,-518721.207727578,301.27076446098215,1.0310529154486965,104
6820000,27380.00000374304,-519114.42335905787,303.73861467566655,1.0279339169264379,104
6825000,27400.000003747115,-516939.20566196647,301.6644785441795,1.027669851820068,104
6830000,27420.00000375119,-517691.1256289359,303.6183229413077,1.0240071248362494,104
6835000,27440.000003755264,-517470.51013555564,298.29067661740595,1.0261360571560523,104
6840000,27460.000003759338,-516955.51316777244,300.3880995940228,1.0273734907314247,104
6845000,27480.000003763413,-518121.8995361477,299.90187882172677,1.0274130489576019,104
6850000,27500.000003767487,-517510.7634506221,301.22754190998637,1.0266143566853954,104
6855000,27520.00000377156,-517715.62148918165,301.50267497183535,1.0283274855872515,104
6860000,27540.000003775636,-514976.22657117154,300.47947835456745,1.0215501813361687,104
6865000,27560.00000377971,-516079.8805432699,302.55597663907827,1.0244114555613741,104
6870000,27580.000003783785,-516607.20347883203,301.6898803583368,1.0239868309794484,104
6875000,27600.00000378786,-517421.09041258646,299.5218682839088,1.025097071617239,104
6880000,27620.000003791934,-516385.77121110423,299.6418825169576,1.023029080817957,104
6885000,27640.00000379601,-515671.2156721633,302.8224078114752,1.0268189504070875,104
6890000,27660.000003800084,-516997.44794545276,299.8629065866838,1.0286608828905082,104
6895000,27680.000003804158,-517306.84268422984,300.4193183161215,1.0306019028987947,104
6900000,27700.000003808233,-517625.7200805596,300.3090139909874,1.0305707650935862,104
6905000,27720.000003812307,-516779.3263720472,298.2757064504416,1.027966845278018,104
6910000,27740.00000381638,-517648.9067503009,299.32606435030186,1.0334522155761625,104
6915000,27760.000003820456,-516435.45617701625,300.1527416391321,1.024940087847035,104
6920000,27780.00000382453,-518783.745181781,301.35619296859005,1.0331101669134617,104
6925000,27800.000003828605,-518552.8320252425,300.8733676377181,1.029762525233168,104
6930000,27820.00000383268,-516903.4385161891,300.37406313010405,1.0237597523112838,104
6935000,27840.000003836754,-517570.9676224105,299.98130262570595,1.0289832396585716,104
6940000,27860.00000384083,-518127.9110531665,300.6987972940555,1.0259791433106258,104
6945000,27880.000003844903,-517088.8234003051,301.2869358610896,1.0285674391920034,104
6950000,27900.000003848978,-516059.9238447503,298.9223505762391,1.0214733042387247,104
6955000,27920.000003853052,-517562.06627018517,300.70104868349307,1.0299677633844224,104
6960000,27940.000003857127,-517936.4306828326,299.48658806560354,1.024083465594678,104
6965000,27960.0000038612,-517507.960398796,298.8206683395524,1.0288163227173868,104
6970000,27980.000003865276,-516920.23645400535,301.57633996817765,1.026817791627756,104
6975000,28000.00000386935,-516751.4975130304,302.09065739492877,1.0280283428382073,104
6980000,28020.000003873425,-517154.3913203066,302.9971006914643,1.0274203980065697,104
6985000,28040.0000038775,-516652.1038298609,298.9532944306723,1.0272970489715718,104
6990000,28060.000003881574,-517335.97561496147,299.31700025323374,1.0247367264319054,104
6995000,28080.00000388565,-516427.837388305,300.0205127820642,1.0240915121235263,104
7000000,28100.000003889723,-516163.7576955126,302.408523786316,1.023989823815884,104
7005000,28120.000003893798,-517152.46216403414,301.81562141608066,1.0259275933608165,104
7010000,28140.000003897872,-518043.82079280633,299.9459194183391,1.0293085142932497,104
7015000,28160.000003901947,-517787.3313744492,300.2382616182511,1.0269430758787614,104
7020000,28180.00000390602,-516606.6278809102,299.853852350783,1.0271983968186134,104
7025000,28200.000003910096,-519305.45112051815,302.10439211496146,1.0295271076188364,104
7030000,28220.00000391417,-516467.8254231198,300.5770266917602,1.027694996061268,104
7035000,28240.000003918245,-517465.17016422097,300.8938003310747,1.0305099427470799,104
7040000,28260.00000392232,-516506.49441702873,299.91273935097234,1.0247907190162322,104
7045000,28280.000003926394,-517882.1805332252,303.88575769555086,1.0270616358258018,104
7050000,28300.00000393047,-518063.28500215895,304.2789136449609,1.0268517005707087,104
7055000,28320.000003934543,-516952.8229998213,299.1178988747193,1.0262521158748814,104
7060000,28340.000003938618,-517073.62775469176,299.49819756657706,1.0274165180509471,104
7065000,28360.000003942692,-517386.2392599813,300.16176411337506,1.0264981151389134,104
7070000,28380.000003946767,-516710.46248184424,301.9173322360661,1.0291377444424332,104
7075000,28400.00000395084,-516812.8235211773,301.21024367048705,1.0224314246880992,104
7080000,28420.000003954916,-517524.6318878962,301.57114544869904,1.0273378457059514,104
7085000,28440.00000395899,-517915.12561394484,300.29753966741566,1.027803910890326,104
7090000,28460.000003963065,-516732.203421111,300.07526212371505,1.0234419676022637,104
7095000,28480.00000396714,-518624.30262147565,301.0198827359977,1.0288481427548533,104
7100000,28500.000003971214,-517603.4297538141,303.1517980844792,1.0254969935124,104
7105000,28520.00000397529,-516666.90537536447,304.47388332039276,1.0228731582455854,104
7110000,28540.000003979363,-517024.997615675,299.5917793510278,1.0302888785264062,104
7115000,28560.000003983438,-516958.5050066095,300.0032860179968,1.0288702888512598,104
7120000,28580.000003987512,-518144.7207621869,297.5904562729567,1.0284760426902126,104
7125000,28600.000003991587,-517560.0528191372,299.48654936967483,1.0277697677940283,104
7130000,28620.00000399566,-515995.9653102616,301.0929150002683,1.0266509677265174,104
7135000,28640.000003999736,-517136.3197554075,301.74540256189624,1.023812066583787,104
7140000,28660.00000400381,-517093.8254052703,300.7796523130929,1.0274708946581463,104
7145000,28680.000004007885,-516133.56290248106,300.69206982450083,1.0248947944810944,104
7150000,28700.00000401196,-516458.2495516506,299.82579369722316,1.0238858449519408,104
7155000,28720.000004016034,-517377.23020457826,302.619226364193,1.0256208247734881,104
7160000,28740.00000402011,-516913.8065570174,302.1838304620348,1.0256364415993726,104
7165000,28760.000004024183,-517669.59616085514,298.60941410600947,1.0256796489080573,104
7170000,28780.000004028258,-518136.9369479718,300.5842827074986,1.0249802900961535,104
7175000,28800.000004032332,-518131.88059984427,302.43679296404895,1.0271585816482631,104
7180000,28820.000004036407,-517588.20226722606,298.24864140054297,1.0269937695011813,104
7185000,28840.00000404048,-517951.6841488797,301.42106717696,1.0291862320011116,104
7190000,28860.000004044556,-515945.78805461456,300.11143672948157,1.0217014003709588,104
7195000,28880.00000404863,-517162.5254342025,300.2755993424345,1.0269015526782481,104
7200000,28900.000004052705,-518008.3984714255,299.32371489378914,1.0242090107196493,104
7205000,28920.00000405678,-517100.8170090325,304.247309444269,1.0239726822151254,104
7210000,28940.000004060854,-516169.7865826308,300.5250363926473,1.0261902133917573,104
7215000,28960.00000406493,-516718.46939883893,301.6778243435451,1.0250500862184304,104
7220000,28980.000004069003,-517349.8507027952,298.13371622634963,1.0310141546879703,104
7225000,29000.000004073077,-518304.64416126674,301.4072193819463,1.0294442098695342,104
7230000,29020.000004077152,-518218.1741648917,297.42149914760085,1.023857879603139,104
7235000,29040.000004081227,-516722.0071420951,301.03238982644893,1.0266691831581014,104
7240000,29060.0000040853,-518245.104031699,305.49141838051275,1.0296399684044788,104
7245000,29080.000004089376,-517262.1395683978,302.5218201686573,1.0252051011179197,104
7250000,29100.00000409345,-518140.2233380533,300.8766783821224,1.0335187298378692,104
7255000,29120.000004097525,-517142.0129973553,301.1654007157432,1.0286773988113689,104
7260000,29140.0000041016,-517373.8652451297,300.56918925438225,1.0272226192058929,104
7265000,29160.000004105674,-516325.6447710057,301.4639094976215,1.0223661218700673,104
7270000,29180.00000410975,-517688.8666791562,299.32617665006853,1.0309371498917097,104
7275000,29200.000004113823,-518740.23497885535,298.5563893887052,1.028833755776647,104
7280000,29220.000004117897,-516672.1344553144,299.574537511852,1.0291137177568024,104
7285000,29240.000004121972,-517463.22137886425,299.46686350048526,1.023114825103848,104
7290000,29260.000004126046,-516775.746907444,300.6260248469551,1.0250605759012021,104
7295000,29280.00000413012,-516559.18220167677,302.74175657412815,1.0277306474898154,104
7300000,29300.000004134195,-519400.9588172715,300.12462493871533,1.0318944034601352,104
7305000,29320.00000413827,-517106.6588280699,302.69241589684566,1.0261325892194335,104
7310000,29340.000004142345,-517836.48980473285,300.82053929839486,1.0318599445271008,104
7315000,29360.00000414642,-516678.7617732,301.0054982752377,1.0237237102847827,104
7320000,29380.000004150494,-517239.8955629156,302.493414219782,1.0250007838504198,104
7325000,29400.000004154568,-517086.73895295756,301.4850555778146,1.0257459863407146,104
7330000,29420.000004158643,-518383.71340671345,303.05272688664866,1.025960134161335,104
7335000,29440.000004162717,-517568.1414105925,304.1069273737605,1.0315428227458598,104
7340000,29460.00000416679,-516726.21504174825,300.94680667522044,1.0274298351365678,104
7345000,29480.000004170866,-516252.83567313873,301.41165925747464,1.0255157835054916,104
7350000,29500.00000417494,-516457.03837068984,300.15184435749717,1.02572604263363,104
7355000,29520.000004179015,-517826.9895175458,299.887306556984,1.0261049597505063,104
7360000,29540.00000418309,-516728.1107307002,302.5226524980865,1.0217062975625584,104
7365000,29560.000004187164,-519028.69103406556,301.52171559153135,1.0292148206819196,104
7370000,29580.00000419124,-516588.2587459092,302.7376845152142,1.0254497811081702,104
7375000,29600.000004195314,-517805.4806651273,302.5407380891671,1.027082257776476,104
7380000,29620.000004199388,-516759.71763609047,300.6136049334013,1.027525870183514,104
7385000,29640.000004203463,-517164.8576335306,297.7697247216766,1.0266056872597347,104
7390000,29660.000004207537,-518047.21180600487,302.86551206437343,1.0296327589463259,104
7395000,29680.00000421161,-517084.88696013973,301.41315640084605,1.0280323084451783,104
7400000,29700.000004215686,-517923.89802755555,301.51646401768636,1.0289362446539048,104
7405000,29720.00000421976,-516832.86249025655,301.13239130356266,1.027541019301943,104
7410000,29740.000004223835,-518245.54269204335,299.4750666434837,1.0274822996233115,104
7415000,29760.00000422791,-518203.4898711147,300.60644961404097,1.0254856788514355,104
7420000,29780.000004231984,-517077.8134544231,303.60293522105906,1.029626233380733,104
7425000,29800.00000423606,-516917.5677652634,298.90093606684667,1.027850229293017,104
7430000,29820.000004240133,-517413.27312994143,304.12854559887705,1.0295398772877769,104
7435000,29840.000004244208,-516610.0103886586,302.27285502265664,1.029642731637169,104
7440000,29860.000004248282,-517055.29506594315,301.0815278383031,1.025367783930841,104
7445000,29880.000004252357,-518050.8364911557,300.33474582045426,1.02971410431072,104
7450000,29900.00000425643,-518955.83563568094,299.51114789525997,1.0295624887281467,104
7455000,29920.000004260506,-516820.21907181037,301.22961596635844,1.0268015152034893,104
7460000,29940.00000426458,-517477.956388331,300.4897356873502,1.0282980722233015,104
7465000,29960.000004268655,-517580.03522811015,301.70156683635645,1.0260032556864718,104
7470000,29980.00000427273,-516446.5627257733,299.10456676927504,1.0231912444485711,104
7475000,30000.000004276804,-518120.63248199876,303.45633855826765,1.0278289050065392,104
7480000,30020.00000428088,-517195.5438441662,300.21964722709964,1.0245086805665786,104
7485000,30040.000004284953,-517332.816072555,302.29105846127595,1.0240314703726454,104
7490000,30060.000004289028,-517952.15292473277,303.0134170843852,1.0247303979093212,104
7495000,30080.000004293102,-517031.11797772464,303.0600966952369,1.0229050590119828,104
7500000,30100.000004297177,-517953.6038542383,298.7672222037354,1.0292129898515643,104
7505000,30120.00000430125,-518089.3735472772,301.03405694659875,1.0305560223574037,104
7510000,30140.000004305326,-517253.8175189621,303.97259632475283,1.0294501702765686,104
7515000,30160.0000043094,-518133.3417099279,301.44591098498233,1.032013988922094,104
7520000,30180.000004313475,-517847.2048202881,302.0552158409008,1.0269034904691692,104
7525000,30200.00000431755,-517832.54467558744,302.22202847658775,1.02494048141735,104
7530000,30220.000004321624,-518615.1862673792,299.4657449356607,1.031981077930777,104
7535000,30240.0000043257,-517461.1859210103,301.996821637894,1.027120799200341,104
7540000,30260.000004329773,-517682.4777609133,300.4291057978113,1.0275293948891477,104
7545000,30280.000004333848,-517216.8487430166,302.3786477451514,1.0254176543449973,104
7550000,30300.000004337922,-516770.78796591586,301.5455604262898,1.027489230578746,104
7555000,30320.000004341997,-519028.9218676891,301.36787806709475,1.0284981932180586,104
7560000,30340.00000434607,-517814.65476576285,298.243021418795,1.0265379667439716,104
7565000,30360.000004350146,-516786.3596661708,300.8692367068003,1.0225136531424357,104
7570000,30380.00000435422,-517510.6180488344,300.91999262738125,1.028144856510133,104
7575000,30400.000004358295,-517148.37150782533,302.1509682181932,1.0250704380309112,104
7580000,30420.00000436237,-517091.6647945745,300.15588761787046,1.0229050359870298,104
7585000,30440.000004366444,-518016.3802553485,299.1236215562801,1.030199981428169,104
7590000,30460.00000437052,-517454.1026299668,301.63468406085485,1.0270572708378365,104
7595000,30480.000004374593,-517929.64284534846,299.63631054768564,1.0287194500815235,104
7600000,30500.000004378668,-517090.43089029286,301.76669091829604,1.0252625840119094,104
7605000,30520.000004382742,-517449.7668422456,297.9085023196705,1.0268120556735432,104
7610000,30540.000004386817,-517070.7189206374,300.5966361989206,1.023799464089334,104
7615000,30560.00000439089,-517796.79036915535,301.6234549347199,1.0243045911448123,104
7620000,30580.000004394966,-518530.7586026036,300.6002428646906,1.0298648582844125,104
7625000,30600.00000439904,-517932.86063769995,300.5582727528358,1.0304797621554795,104
7630000,30620.000004403115,-516863.0315835271,301.3000960609157,1.0241437468007382,104
7635000,30640.00000440719,-517726.2036366139,302.37021747909944,1.02736001941612,104
7640000,30660.000004411264,-516393.2979885165,301.4346860090347,1.033584190586387,104
7645000,30680.00000441534,-517965.45559875807,299.3773061844326,1.029060543802826,104
7650000,30700.000004419413,-517282.07035520184,299.13900159257173,1.0253251416329308,104
7655000,30720.000004423488,-516821.39883761434,301.3529826201283,1.0251035769243515,104
7660000,30740.000004427562,-517776.2984531997,300.43421323873497,1.030009173515249,104
7665000,30760.000004431637,-517915.60118269175,298.738336973983,1.0254081908228416,104
7670000,30780.00000443571,-517797.3583823687,301.7561901869473,1.0267719115455958,104
7675000,30800.000004439786,-516579.0622145175,302.32349961954947,1.0250435122369468,104
7680000,30820.00000444386,-518023.7578870051,296.91500525601134,1.0265864839017944,104
7685000,30840.000004447935,-516675.3570972092,301.4208640711503,1.0266676347933534,104
7690000,30860.00000445201,-517260.67585717654,299.78321543087867,1.0263050285795896,104
7695000,30880.000004456084,-516298.77424720326,300.90072257150683,1.0252115292833268,104
7700000,30900.00000446016,-519417.7646495437,297.5111443667264,1.0342818777044773,104
7705000,30920.000004464233,-517127.820169152,300.45932159907545,1.0299381155382263,104
7710000,30940.000004468307,-517194.1371979839,299.2342332087871,1.0289108293203781,104
7715000,30960.000004472382,-516735.9036526405,300.5031001336855,1.0238038019727522,104
7720000,30980.000004476457,-517252.1754773741,302.58787676319304,1.0241647645221625,104
7725000,31000.00000448053,-515870.76604250865,301.88397198567765,1.0281329926337717,104
7730000,31020.000004484606,-518027.4554260664,300.4519433310971,1.0290562845461135,104
7735000,31040.00000448868,-517375.4560458334,300.68345101719257,1.0277875986152432,104
7740000,31060.000004492755,-518253.3384256514,303.1719342488256,1.0301651097809257,104
7745000,31080.00000449683,-517013.05149505055,301.16871175680313,1.0287865396697555,104
7750000,31100.000004500904,-517310.86331199785,301.4736788671945,1.0248601394534644,104
7755000,31120.00000450498,-516132.4929006109,298.27814575432495,1.0284656139829456,104
7760000,31140.000004509053,-517624.1915337874,300.8246249455154,1.0257450201678209,104
7765000,31160.000004513127,-517490.7444930943,300.2562641682627,1.026607989504923,104
7770000,31180.000004517202,-517813.6892334274,303.83388681297396,1.0261738082850236,104
7775000,31200.000004521276,-518226.9518229035,301.9099215628442,1.0295164697525796,104
7780000,31220.00000452535,-517727.02842948167,302.0906411918559,1.024772421252416,104
7785000,31240.000004529425,-517624.46381955035,300.4287729183595,1.0263609600946382,104
7790000,31260.0000045335,-517498.8192463503,297.13601477171466,1.027537164910957,104
7795000,31280.000004537575,-516837.522843512,301.44929560813137,1.02404982146275,104
7800000,31300.00000454165,-516703.3501101481,300.6678739486014,1.0253428234419715,104
7805000,31320.000004545724,-516781.3330043624,300.29494421544865,1.0208095893127787,104
7810000,31340.000004549798,-517612.02444353537,303.9078436535055,1.0256337450072635,104
7815000,31360.000004553873,-517782.49834476365,301.375188721576,1.0290111656760907,104
7820000,31380.000004557947,-517449.66258343495,299.1470751500183,1.029494432785679,104
7825000,31400.00000456202,-516504.13596937247,300.9951313590804,1.0251254108435244,104
7830000,31420.000004566096,-517021.57393035875,303.7629713459325,1.0261006883422672,104
7835000,31440.00000457017,-518180.35233837646,300.2485348386724,1.0250440747413911,104
7840000,31460.000004574245,-517497.408393017,298.1031025740531,1.0217319379348424,104
7845000,31480.00000457832,-517006.0666002794,302.7120275189578,1.0267764904309526,104
7850000,31500.000004582394,-517794.49196217046,300.64455126350987,1.0263118859760165,104
7855000,31520.00000458647,-517877.3797386491,301.6194990225542,1.0264587745461615,104
7860000,31540.000004590544,-516830.8230029696,302.25794342768523,1.0230905506189991,104
7865000,31560.000004594618,-517225.2333852425,303.695724530942,1.0290975374990947,104
7870000,31580.000004598693,-517779.5468460971,303.50928208284694,1.0254330797726652,104
7875000,31600.000004602767,-515949.3039495854,299.31906248584363,1.024522610566712,104
7880000,31620.00000460684,-518537.3423015089,303.5465726514556,1.028535778951155,104
7885000,31640.000004610916,-518221.2782457578,300.4958044453872,1.0297017158428003,104
7890000,31660.00000461499,-517466.03642467153,299.83903075900895,1.027496412070273,104
7895000,31680.000004619065,-517384.3394732664,300.81592553927084,1.025078350866012,104
7900000,31700.00000462314,-517880.67703572055,300.90396786089997,1.025355189897928,104
7905000,31720.000004627214,-518448.0679463465,298.1446746875849,1.0285724912094005,104
7910000,31740.00000463129,-516665.3326626306,303.9537037241094,1.02729032392437,104
7915000,31760.000004635363,-516748.43761628866,302.67830930689695,1.0286257273448722,104
7920000,31780.000004639438,-517016.35214953637,297.5528953705785,1.0248777829392048,104
7925000,31800.000004643513,-517845.33238579123,303.36649333001947,1.0311379957778097,104
7930000,31820.000004647587,-516676.5734121923,301.13050885594265,1.025601952270441,104
7935000,31840.00000465166,-519412.91937163356,300.91578936055,1.0283423555829,104
7940000,31860.000004655736,-517264.2159129118,300.65635395035713,1.0250655636309083,104
7945000,31880.00000465981,-516697.37649590964,300.7905126072107,1.0251611919369916,104
7950000,31900.000004663885,-517626.72001334466,302.80961085040656,1.0285718124922325,104
7955000,31920.00000466796,-516853.5424690009,299.54348487917684,1.0295245673233198,104
7960000,31940.000004672034,-516960.7621785649,301.1082423229756,1.0257840761798138,104
7965000,31960.00000467611,-517492.5703860689,301.68212185807374,1.0263199783858465,104
7970000,31980.000004680183,-517226.09786341665,299.2787059986627,1.0265564362681523,104
7975000,32000.000004684258,-516508.15038418886,300.70754764178406,1.0278198121627258,104
7980000,32020.000004688332,-516964.45254029497,302.7690922084721,1.0281000684897768,104
7985000,32040.000004692407,-515772.5365786797,301.4061831237519,1.0256420841253242,104
7940000,31860.000004655736,-517670.87418651604,300.5590230286473,1.0237718919131855,--
7945000,31880.00000465981,-517909.087664166,301.300358578021,1.0254982510009187,106
7950000,31900.000004663885,-516981.23033447843,302.0754569393156,1.0324750079210856,106
7955000,31920.00000466796,-517681.8392744623,297.9419048124526,1.0241266992236249,105
7960000,31940.000004672034,-517607.3335908726,301.3500385706533,1.024372588267768,105
7965000,31960.00000467611,-516627.82683763467,301.68908144316356,1.027866941761101,105
7970000,31980.000004680183,-517956.3757802753,298.4554918358779,1.0290421344001779,105
7975000,32000.000004684258,-516311.4367180704,299.7887844269056,1.0263327773886213,105
7980000,32020.000004688332,-518037.2776245123,302.6921838182889,1.0278239361467767,105
7985000,32040.000004692407,-517910.92037458136,300.53396460349387,1.0287644634733148,105
7990000,32060.00000469648,-517502.1841125479,300.24860189783965,1.0257261279877063,104
7995000,32080.000004700556,-518320.48305145535,299.714775305976,1.028850376178416,104
8000000,32100.00000470463,-517861.92289961944,304.00395500092134,1.0281261591883306,104
8005000,32120.000004708705,-515980.97709653736,301.33515476674893,1.0224585625753388,104
8010000,32140.00000471278,-517795.303473159,300.8859923394377,1.0283863602200105,104
8015000,32160.000004716854,-516446.8669136362,299.06410156204197,1.0254666618116195,104
8020000,32180.00000472093,-517971.03895586776,301.7014839693011,1.030578665147071,104
8025000,32200.000004725003,-517946.5729199813,301.38885927317676,1.028683229016592,104
8030000,32220.000004729078,-518626.63104925165,301.36911703155454,1.0279428192124058,104
8035000,32240.000004733152,-519263.1523602025,302.45145567684295,1.0276601610268963,104
8040000,32260.000004737227,-516825.88402299257,302.08885100556716,1.0219666719474683,104
8045000,32280.0000047413,-517316.98739106045,301.3143906708702,1.0301024564590893,104
8050000,32300.000004745376,-517435.6028996827,301.2503741610831,1.0274189951393726,104
8055000,32320.00000474945,-518000.05296361423,301.12715797222995,1.0261854592820097,104
8060000,32340.000004753525,-517543.7289769077,303.40527706658906,1.0245063387349058,104
8065000,32360.0000047576,-517384.1031691141,299.9777478955901,1.0257035840075117,104
8070000,32380.000004761674,-516760.3827281117,300.1824451093344,1.0249224868552629,104
8075000,32400.00000476575,-516540.2333912987,301.14713880587567,1.0299354733160742,104
8080000,32420.000004769823,-517899.08669468295,302.1324579231429,1.0244165662278921,104
8085000,32440.000004773898,-518550.10587972985,300.45151675093,1.030552092699898,104
8090000,32460.000004777972,-516786.9387177138,297.6015964882661,1.0243557077544476,104
8095000,32480.000004782047,-518279.02617211104,302.7903322110666,1.0261300798608968,104
8100000,32500.00000478612,-517428.38664144743,300.97466735362383,1.0285580247226291,104
8105000,32520.000004790196,-518875.38397801225,301.9912421329876,1.0273906083452713,104
8110000,32540.00000479427,-517753.5909148741,302.9205679254963,1.0290851699817318,104
8115000,32560.000004798345,-517300.2033785009,300.6681306967654,1.0264153970600416,104
8120000,32580.00000480242,-517339.45176249254,302.6848748975731,1.027373781945963,104
8125000,32600.000004806494,-517314.664616151,301.9312054321264,1.029594542284103,104
8130000,32620.00000481057,-518666.02048838395,296.3957212676469,1.029744131064586,104
8135000,32640.000004814643,-516839.2867334855,303.6067390188651,1.0285825546230611,104
8140000,32660.000004818718,-516577.00233380706,303.01504862253904,1.0241118970650367,104
8145000,32680.000004822792,-517084.0299236339,300.7740438028938,1.0249143069566895,104
8150000,32700.000004826867,-516172.707717258,300.7840191679044,1.024019136383652,104
8155000,32720.00000483094,-517997.1661913872,301.4540888806536,1.02860694321056,104
8160000,32740.000004835016,-517797.43335324177,298.15186923026937,1.0249520412094164,104
8165000,32760.00000483909,-517159.4884389995,303.84553384037434,1.0223349050433683,104
8170000,32780.00000484316,-516058.30407701153,298.62984932152403,1.0235924022575849,104
8175000,32800.000004847236,-517229.7229485642,301.2858624287726,1.0251225461115203,104
8180000,32820.00000485131,-517353.6601580696,298.55351420662237,1.0277251190704193,104
8185000,32840.000004855385,-517168.2052968384,300.5883516272113,1.0303466809973576,104
8190000,32860.00000485946,-517008.60421451554,301.410407191572,1.0256208511062201,104
8195000,32880.000004863534,-518128.0611951514,302.3130023632259,1.0268845880565969,104
8200000,32900.00000486761,-516854.9161750539,302.1681468600696,1.0264701252758224,104
8205000,32920.00000487168,-516268.72588158655,298.5385244606899,1.0227409748754481,104
8210000,32940.00000487576,-517361.92781640566,302.5739059535896,1.0277753322070502,104
8215000,32960.00000487983,-518058.3057476247,300.1776223426552,1.026282548429261,104
8220000,32980.00000488391,-517568.73463783995,300.2947112884659,1.0265379753358896,104
8225000,33000.00000488798,-516255.7079659037,301.01931586228056,1.025563460154196,104
8230000,33020.000004892056,-516467.00361550367,301.30409698211554,1.0228700058032836,104
8235000,33040.00000489613,-517885.5624401204,302.30835120917715,1.0246689726557163,104
8240000,33060.000004900205,-515775.584041151,299.8076856871405,1.0279878515234437,104
8245000,33080.00000490428,-515988.617580845,302.39889357560645,1.0245127059081827,104
8250000,33100.000004908354,-518895.75441300194,301.99571578640524,1.029613417298378,104
8255000,33120.00000491243,-517961.02783394465,301.1456464401326,1.0270554246003016,104
8260000,33140.0000049165,-517258.1961822631,298.13815649948765,1.0261006792473644,104
8265000,33160.00000492058,-516882.78970899247,301.82924758704496,1.0298675244533126,104
8270000,33180.00000492465,-516929.55423833895,300.30752386280994,1.0266874552003558,104
8275000,33200.00000492873,-518430.95610251906,299.70687435508086,1.0291332055748115,104
8280000,33220.0000049328,-517301.91951521765,301.36987860163424,1.026643444721789,104
8285000,33240.000004936875,-516370.9766521803,303.29772537571324,1.025271366314409,104
8290000,33260.00000494095,-518748.56522834394,302.18261587627495,1.0307260197867851,104
8295000,33280.000004945025,-517342.29765887815,304.0986850636859,1.0269430518994689,104
8300000,33300.0000049491,-517927.548466953,301.979040379216,1.027215471902049,104
8305000,33320.00000495317,-516808.2052029788,300.1493159883575,1.0253970879409298,104
8310000,33340.00000495725,-517095.75083504245,301.75342632216814,1.0272324942892355,104
8315000,33360.00000496132,-517069.77205460495,305.62150613580894,1.0265785782638677,104
8320000,33380.0000049654,-518353.12298948434,304.13956549860626,1.0288108041376205,104
8325000,33400.00000496947,-516971.0067686117,302.2050673928362,1.0262865275232023,104
8330000,33420.000004973546,-516791.83219381794,299.77873572533474,1.0312732649358756,104
8335000,33440.00000497762,-516244.9719129435,300.22902119733664,1.023471326994609,104
8340000,33460.000004981695,-518076.8541940914,299.196906742216,1.0296088431696448,104
8345000,33480.00000498577,-517406.5256855681,299.70822162287317,1.029057469021556,104
8350000,33500.000004989844,-517113.10194412107,299.54981771359417,1.029005595740363,104
8355000,33520.00000499392,-517282.7458376116,299.15977718523953,1.0231218408785374,104
8360000,33540.00000499799,-518129.8188497918,300.0243895043404,1.0294964615357565,104
8365000,33560.00000500207,-517972.77388961636,299.13500629702577,1.030756778010278,104
8370000,33580.00000500614,-517524.0293836526,302.6048397630331,1.027380927155185,104
8375000,33600.00000501022,-516647.12191018765,300.9774474451704,1.0208870344963594,104
8380000,33620.00000501429,-516695.14815444895,300.62569278401423,1.0293411944386583,104
8385000,33640.000005018366,-516904.23051538225,299.8050703327913,1.0253165487453562,104
8390000,33660.00000502244,-516958.07483412186,301.90306445166516,1.0277896608637822,104
8395000,33680.000005026515,-517996.46158732823,300.1175436886685,1.0285467469555134,104
8400000,33700.00000503059,-516295.58710948704,297.89380877235766,1.0236559830969234,104
8405000,33720.000005034664,-516986.5246801204,302.29044324599823,1.0243440811725661,104
8410000,33740.00000503874,-516063.2041656696,300.5916694461716,1.0219795753394798,104
8415000,33760.00000504281,-517516.8722476363,300.53012001581936,1.0258666963885117,104
8420000,33780.00000504689,-515577.90409404156,302.3724563401172,1.0224667403884924,104
8425000,33800.00000505096,-516259.01801146264,299.8258030789896,1.0249209798950398,104
8430000,33820.00000505504,-516826.0442032018,299.50009306410476,1.0295063310561277,104
8435000,33840.00000505911,-517242.1861360704,302.3634734873914,1.0232448220028967,104
8440000,33860.000005063186,-518355.5517859112,300.48155167342895,1.0309772075534374,104
8445000,33880.00000506726,-516362.4088012867,299.32744768532314,1.0238495275502375,104
8450000,33900.000005071335,-516849.5715341063,299.49125244200894,1.0258198378777932,104
8455000,33920.00000507541,-516878.5457079096,301.081554520012,1.024891203407412,104
8460000,33940.000005079484,-519132.3706237704,301.3941622260752,1.0325530712888535,104
8465000,33960.00000508356,-516642.6173804016,297.13204408066696,1.0266351667002476,104
8470000,33980.00000508763,-517778.04297748255,298.1383835733974,1.02758466979392,104
8475000,34000.00000509171,-517557.4308397088,303.15777468031797,1.024924288399044,104
8480000,34020.00000509578,-516279.48932532873,301.36908292887557,1.0243426480173503,104
8485000,34040.00000509986,-518382.3909146539,298.859943961653,1.0283183831833766,104
8490000,34060.00000510393,-517513.4896122329,298.7674090055457,1.0272101687504362,104
8495000,34080.000005108006,-517631.2295814634,303.12136571926686,1.0273220452450136,104
8500000,34100.00000511208,-516281.14387461613,301.6345433474343,1.028016856031744,104
8505000,34120.000005116155,-517444.90328363003,302.4287727784643,1.0290245959387017,104
8510000,34140.00000512023,-516967.89038103446,299.3447530929746,1.0251748158397485,104
8515000,34160.000005124304,-518095.53328641015,300.3835246901476,1.0226839276881936,104
8520000,34180.00000512838,-515962.73624236346,298.96648872782504,1.025331559752321,104
8525000,34200.00000513245,-516866.9102451457,299.7655425804959,1.033223983376121,104
8530000,34220.00000513653,-517590.9741644652,303.1124199106786,1.0242085529144107,104
8535000,34240.0000051406,-517266.832888996,302.33843835059844,1.0243137644032623,104
8505000,34120.000005116155,-517468.2618716932,300.3001314736343,1.0277875871851951,0
8510000,34140.00000512023,-517030.61037083715,300.57706475886704,1.0244102462682774,106
8515000,34160.000005124304,-517401.31263683084,301.64230972117855,1.0309036155456626,105
8520000,34180.00000512838,-517743.0388265848,297.3328405559914,1.0253521251000548,105
8525000,34200.00000513245,-517240.5528351462,302.6974000686631,1.0267995225335638,104
8530000,34220.00000513653,-516880.02956655715,300.1866828867726,1.0314437018575144,104
8535000,34240.0000051406,-517515.38776025013,298.61475124834584,1.026499688874781,104
8540000,34260.00000514468,-516872.42631815025,300.48311690343996,1.0231665561590657,104
8545000,34280.00000514875,-516749.8727120408,301.3926135898296,1.0241133944841532,104
8550000,34300.000005152826,-516161.3227946989,301.5533348233124,1.0258608500075694,104
8555000,34320.0000051569,-516451.6469725226,302.46929761277335,1.024856196766927,104
8560000,34340.000005160975,-518031.74751957273,302.09460158007886,1.029141901865977,104
8565000,34360.00000516505,-518409.98094326,300.0074142601217,1.0280576304036753,103
8570000,34380.000005169124,-518531.5383969452,303.6569181801027,1.0278955941273047,104
8575000,34400.0000051732,-516738.23498569406,302.4559867058485,1.0268176374205082,104
8580000,34420.00000517727,-517756.3076324968,300.4602858806509,1.0288165442878563,104
8585000,34440.00000518135,-518348.23128546705,301.3372145321453,1.026523990145261,104
8590000,34460.00000518542,-517208.542084394,300.19892580401165,1.0242888557714873,104
8595000,34480.0000051895,-516988.1196281288,300.6987431045089,1.0283273449140629,104
8600000,34500.00000519357,-517619.5004459601,301.9395890220369,1.0305303970249036,104
8605000,34520.000005197646,-518714.5056940473,302.93207423186107,1.031481418773107,104
8610000,34540.00000520172,-518027.3838004791,299.9763795471829,1.0288742925974623,104
8615000,34560.000005205795,-518055.4529009138,300.21730647224905,1.031462537562696,104
8620000,34580.00000520987,-516091.38158245967,301.3797375004949,1.0258929032260518,104
8625000,34600.000005213944,-516825.11031757435,301.1699455945487,1.0240928881818063,104
8630000,34620.00000521802,-518270.63907800824,303.3369823302791,1.0235268711913887,104
8635000,34640.00000522209,-518928.59629248804,299.4888751276118,1.0281850139584223,104
8640000,34660.00000522617,-516693.20674346644,298.8091596183662,1.028687904592955,104
8645000,34680.00000523024,-517613.1667297769,301.7029792124175,1.0260415676228645,104
8650000,34700.00000523432,-516728.0257163474,301.43538449599487,1.0254841084186428,104
8655000,34720.00000523839,-516836.2631826475,301.35243454019593,1.0280923075745672,104
8660000,34740.000005242466,-516690.3829317433,300.0725283666034,1.0256568275038367,104
8665000,34760.00000524654,-517288.88703877316,299.3108655342744,1.026647932747876,104
8670000,34780.000005250615,-517307.45348479645,299.73284818904244,1.0270087082623987,104
8675000,34800.00000525469,-516837.2752013842,299.522086217394,1.0235440510409723,104
8680000,34820.000005258764,-517833.8442539405,302.5564362621427,1.0275609601254017,104
8685000,34840.00000526284,-516948.2454353685,299.76164697109084,1.028873883899849,104
8690000,34860.00000526691,-517047.56074715964,300.94572897460966,1.0278807340455336,104
8695000,34880.00000527099,-517496.5869527189,301.64730694203246,1.0286736762762916,104
8700000,34900.00000527506,-516047.2593510607,298.9336351202547,1.027355705249649,104
8705000,34920.00000527914,-517104.0636676338,300.3386490400923,1.0288459264489374,104
8710000,34940.00000528321,-517712.7330089826,296.7022567018016,1.0296668645905775,104
8715000,34960.000005287286,-516412.5048159228,302.7262432513384,1.0298938966572244,104
8720000,34980.00000529136,-517299.3937519856,301.29321647971636,1.0265917116681589,104
8725000,35000.000005295435,-517383.4207764971,298.2192592237581,1.0283841279527466,104
8730000,35020.00000529951,-516865.638746551,300.67023417243814,1.0310808913594414,103
8735000,35040.000005303584,-515887.5151564372,299.9654196452693,1.0256158903589425,103
8740000,35060.00000530766,-517188.16033600527,301.2506332018555,1.024845654581736,103
8745000,35080.00000531173,-517570.78228417505,302.848232472993,1.029422609589827,103
8750000,35100.00000531581,-517371.6256711539,299.13119839742683,1.0282226708036686,103
8755000,35120.00000531988,-516264.17103092116,299.2615805026466,1.0256229370453283,103
8760000,35140.00000532396,-516741.6050100839,301.1550439088038,1.0213704676345121,103
8765000,35160.00000532803,-518999.8155036601,300.21770467336637,1.0267996631789313,103
8770000,35180.000005332106,-517321.0713982193,300.80815671684627,1.0244697486451317,103
8775000,35200.00000533618,-517634.1660666745,300.52372614076666,1.0304843936319976,103
8780000,35220.000005340255,-517260.8920079018,301.3145620499932,1.0259342560418037,103
8785000,35240.00000534433,-517436.35328644933,301.9883896146628,1.029616552061583,103
8790000,35260.000005348404,-516184.8306256668,301.90688438650614,1.0265370392986164,103
8795000,35280.00000535248,-518261.89870567014,301.68344278341135,1.0275608687429247,103
8800000,35300.00000535655,-516469.34794757864,299.92596026314175,1.0241309150908378,103
8805000,35320.00000536063,-517279.53313207114,298.12556609827635,1.0229527156860079,103
8810000,35340.0000053647,-517418.98331388715,302.20018723405445,1.0237796638780083,103
8815000,35360.000005368776,-517553.51019417355,301.0560206941024,1.027744567814231,103
8820000,35380.00000537285,-517168.5860235379,303.10156610593395,1.026331701749615,103
8825000,35400.000005376925,-517056.70383527386,300.0481962980514,1.0310456675447224,103
8830000,35420.000005381,-516175.97400453826,302.8110730566831,1.0252040694204407,102
8835000,35440.000005385074,-517231.6159581279,301.08161193347604,1.0274348874534274,102
8840000,35460.00000538915,-517084.09209319856,298.983888390061,1.0271911338825688,102
8845000,35480.00000539322,-516759.8784931225,302.1117630353254,1.0256965654326569,102
8850000,35500.0000053973,-517733.0385700953,300.3517811416719,1.030283601946137,102
8855000,35520.00000540137,-516301.0094371177,300.59193709756926,1.0243739811501884,102
8860000,35540.00000540545,-515313.49734474067,299.39581649342523,1.023992228246251,102
8865000,35560.00000540952,-516471.4142745775,302.754042248786,1.0264758488688428,102
8870000,35580.000005413596,-517597.8796317533,302.3947939393328,1.0277615673294749,102
8875000,35600.00000541767,-516431.68009992526,302.5342772477353,1.0294578620640682,102
8880000,35620.000005421745,-516366.6737000402,304.4071099767033,1.0257586452609728,102
8885000,35640.00000542582,-516137.57326412946,302.1340274108597,1.024740341076534,102
8890000,35660.000005429894,-517042.9613929207,301.69245389528,1.0257462381348361,102
8895000,35680.00000543397,-517577.61851984495,300.6142488271745,1.0286919660930558,102
8900000,35700.00000543804,-516974.96568165976,300.4619752683347,1.0250757486452318,102
8905000,35720.00000544212,-517723.7982721394,299.6008348942173,1.0278615483654974,102
8910000,35740.00000544619,-515944.0124417341,301.4466273046435,1.0275952324664663,102
8915000,35760.00000545027,-517468.45363022946,300.3977533503649,1.0293167448362601,102
8920000,35780.00000545434,-517585.0158838006,300.28509835061465,1.0236087671516207,102
8925000,35800.000005458416,-517372.24784657755,300.2254674144123,1.0239270511526477,102
8930000,35820.00000546249,-517007.36005652,302.1182735878331,1.030653910983668,102
8935000,35840.000005466565,-515514.6138257629,301.0238583648942,1.0221043140123376,102
8940000,35860.00000547064,-518164.0999749277,301.10967202984284,1.028891396891361,102
8945000,35880.000005474714,-516901.4119913187,299.45533672837985,1.026646612276697,102
8950000,35900.00000547879,-516704.59004730266,300.7361453475094,1.0278097755187685,102
8955000,35920.00000548286,-517038.0570562789,302.3541759463782,1.0259091602339363,102
8960000,35940.00000548694,-517017.76912264805,304.56806173935166,1.027770223013149,102
8965000,35960.00000549101,-517528.3475791628,299.9958349382879,1.0250148229522562,102
8970000,35980.00000549509,-516912.92052256246,301.58005933474334,1.0257454284850263,102
8975000,36000.00000549916,-517607.0092014314,301.35262586140846,1.0295077572207023,102
8980000,36020.000005503236,-516819.2740002298,299.2406763641699,1.024224672665159,102
8985000,36040.00000550731,-518563.9496546674,301.68549095078697,1.02951557135606,102
8990000,36060.000005511385,-516857.628503161,299.49835121897263,1.0258606808448116,102
8995000,36080.00000551546,-516966.2824899086,299.2633596164885,1.0230123798668507,102
9000000,36100.000005519534,-517704.45499505196,298.41272221914573,1.0310163008850863,102
9005000,36120.00000552361,-517678.94088059943,299.26831594209983,1.0287214426226896,102
9010000,36140.00000552768,-516947.39793943637,302.3034534045309,1.0299380260704476,102
9015000,36160.00000553176,-516844.1992208387,303.22857740109026,1.0265143617032333,102
9020000,36180.00000553583,-516795.08775800606,302.66552050843774,1.0265074054330752,102
9025000,36200.00000553991,-516989.06718249735,302.3536310178298,1.0268130998414164,102
9030000,36220.00000554398,-518110.90072778426,302.2125033090811,1.0292427063516214,102
9035000,36240.000005548056,-517535.1890574305,302.65743835250214,1.0264471289380641,102
9040000,36260.00000555213,-516585.26449584635,300.5093457658583,1.0246049264993822,102
9045000,36280.000005556205,-516000.3256929484,303.388073642125,1.0259003331189127,102
9050000,36300.00000556028,-518451.23486188496,303.39131400227205,1.0288423637116715,102
9055000,36320.000005564354,-516174.60646894807,299.45205366184456,1.021931739591014,102
9060000,36340.00000556843,-517203.06409842055,303.1744101431172,1.026512335342294,102
9065000,36360.0000055725,-518915.71786492295,302.08650687353884,1.0340520426470605,102
9070000,36380.00000557658,-516289.194555962,302.61931713670026,1.0211608574512594,102
9075000,36400.00000558065,-516692.5311326771,300.4780954615573,1.0253717578269952,102
9080000,36420.00000558473,-516290.06803508825,300.7101642586748,1.022562081057067,102
9085000,36440.0000055888,-516150.2367425624,302.60043448575755,1.0263224027394664,102
9090000,36460.000005592876,-517763.87667695736,298.87888095543855,1.0277303200851378,102
9095000,36480.00000559695,-517862.23576329346,304.01811738346214,1.0261111337593527,102
9100000,36500.000005601025,-518037.34548211796,299.18053263012445,1.030479731704877,102
9105000,36520.0000056051,-517474.63287284365,303.35780609551085,1.0284749617161328,102
9110000,36540.000005609174,-517373.45025108126,301.8623499431064,1.0285953916334736,102
9115000,36560.00000561325,-516275.32067558286,302.7694545629148,1.0238559985939806,102
9120000,36580.00000561732,-517773.2916819509,298.43191655335164,1.028519107027152,102
9125000,36600.0000056214,-518346.45505792764,301.6051906872226,1.0271760822905371,102
9130000,36620.00000562547,-515815.0265461751,300.05208822014754,1.0268353642643528,102
9135000,36640.00000562955,-517252.905517366,300.5047585743783,1.0271896802339455,102
9140000,36660.00000563362,-516401.08156552236,303.6723060744038,1.0213917866273885,102
9145000,36680.000005637696,-517371.82750775316,300.26862505316063,1.0248695295251151,102
9150000,36700.00000564177,-516991.99544720864,299.4965597735535,1.0271984218251746,102
9155000,36720.000005645845,-515887.8259892897,299.86007223718354,1.0231973754845463,102
9160000,36740.00000564992,-515429.2889763308,301.03054423836977,1.0247207607601934,102
9165000,36760.000005653994,-516640.4242384874,299.3519561744902,1.0246614260524622,102
9170000,36780.00000565807,-516901.5667967852,300.30535152025715,1.0272390561019655,102
9175000,36800.00000566214,-518068.24336125655,301.23358533508366,1.0229012130968915,102
9180000,36820.00000566622,-516825.7308234568,299.2986096023118,1.0242433511560924,102
9185000,36840.00000567029,-515866.88190044416,299.83771141732115,1.0259312452673566,102
9190000,36860.00000567437,-517330.6448653764,300.8252336035388,1.0281128599117564,102
9195000,36880.00000567844,-518311.55498854537,302.69787605535333,1.0287029667593708,102
9200000,36900.000005682516,-516697.64959781617,302.14924229643776,1.0267916397393437,102
9205000,36920.00000568659,-517018.9552216388,302.8934288029125,1.0278301056887371,102
9210000,36940.000005690665,-517609.9524527122,302.19920684341247,1.029800394230155,102
9215000,36960.00000569474,-517485.6937699269,302.13761579014437,1.0308916386468172,102
9220000,36980.000005698814,-517144.21846225136,297.40258721420156,1.0245107436933407,102
9225000,37000.00000570289,-517463.08395909285,301.0006332913816,1.0307763533076246,102
9230000,37020.00000570696,-517535.6369598375,300.2455969888496,1.0276003726361103,102
9235000,37040.00000571104,-518369.8546878423,302.38633032701273,1.0250106354092192,102
9240000,37060.00000571511,-516734.64192552236,300.6606439059771,1.0235413861461602,102
9245000,37080.00000571919,-517107.09344960167,298.89779183484785,1.026667250893566,102
9250000,37100.00000572326,-517388.303592307,302.14830523500376,1.0274013122621684,102
9255000,37120.000005727336,-517298.0815947377,302.5479108419183,1.0300289891164736,102
9260000,37140.00000573141,-518328.2420520659,300.3595766708382,1.0262490691184314,102
9265000,37160.000005735485,-518001.49450303614,301.61710931942554,1.0264777039271393,102
9270000,37180.00000573956,-518879.4959296754,303.37913168432027,1.0314865676038274,102
9275000,37200.000005743634,-518225.947376505,300.4249981255582,1.0272696258076688,102
9280000,37220.00000574771,-518089.72484314395,300.01823752323565,1.0296324709911249,102
9285000,37240.00000575178,-517055.86953502125,300.42232788164904,1.0244396280609775,102
9290000,37260.00000575586,-517179.62972442433,300.64605097035843,1.0266642101587455,102
9295000,37280.00000575993,-517128.1377139152,302.88303534576124,1.029738315426083,102
9300000,37300.000005764006,-516310.66565896664,299.12565350601204,1.0281076503617332,102
9305000,37320.00000576808,-517277.1467701751,300.2093712137275,1.0256683670884297,102
9310000,37340.000005772155,-518660.54618846043,303.0424001160365,1.0295619567148946,102
9315000,37360.00000577623,-517486.1918289012,301.9491325610358,1.0289385464906522,102
9320000,37380.000005780304,-517669.5269614842,303.1914753268018,1.027443232948184,102
9325000,37400.00000578438,-516781.3012141038,303.18774150172794,1.0284175542565561,102
9330000,37420.00000578845,-518211.03168785013,300.8113256442286,1.0257541123428293,102
9335000,37440.00000579253,-518036.04131471645,300.7918409724009,1.0245624968899427,103
9340000,37460.0000057966,-517212.9473388272,300.43441786796393,1.02670109013506,103
9345000,37480.00000580068,-516205.6396319533,302.207335662637,1.0253537974670284,103
9350000,37500.00000580475,-517566.6111410605,300.6846282400356,1.0299950912349536,103
9355000,37520.000005808826,-516386.96150826034,300.4948981885297,1.0263459683381955,103
9360000,37540.0000058129,-517075.932078341,301.85542956878436,1.0282411032406538,103
9365000,37560.000005816975,-516287.5907049433,301.0752935879316,1.0261583930622487,103
9370000,37580.00000582105,-516413.5404565069,299.1106435651421,1.0239352938820783,103
9375000,37600.000005825124,-515902.5521217468,300.3421940608048,1.0238417699541222,103
9380000,37620.0000058292,-517234.00704010646,301.0170681593542,1.0273776266195194,103
9385000,37640.00000583327,-518349.81601933367,299.23305234534456,1.0312236325078867,103
9390000,37660.00000583735,-517214.67339342437,300.3342193174514,1.0295114323671666,103
9395000,37680.00000584142,-517174.5396211466,302.54640730083963,1.0300027710216384,103
9400000,37700.0000058455,-517028.5018289436,304.0729489118573,1.0225222089488044,103
9405000,37720.00000584957,-516285.27122682706,299.704496482227,1.0245062738117494,103
9410000,37740.000005853646,-517239.88052252517,299.2257581263951,1.0293711508591818,103
9415000,37760.00000585772,-517937.0875867044,302.13858919471295,1.0241056442917817,103
9420000,37780.000005861795,-517077.40505806287,301.85162734999733,1.0264716067133646,103
9425000,37800.00000586587,-516540.65712161036,299.8984795746293,1.027501543038763,103
9430000,37820.000005869944,-517315.7929512323,302.5358024918293,1.029404029072366,103
9435000,37840.00000587402,-517470.9186647532,301.0970511002706,1.027150062786165,103
9440000,37860.00000587809,-517276.6785692689,300.41018413660544,1.0263094967235058,103
9445000,37880.00000588217,-517205.67621011497,301.5092136202383,1.0245321784848975,103
9450000,37900.00000588624,-519272.1256135297,302.10962075282424,1.0305435796280753,103
9455000,37920.00000589032,-516850.60258389916,300.4544154389446,1.025222164247224,103
9460000,37940.00000589439,-516709.0818070341,300.99752498664674,1.025047679736166,103
9465000,37960.000005898466,-516729.904200841,301.58815997905134,1.02661660568263,103
9470000,37980.00000590254,-517333.6332765792,301.4619141461915,1.0284178909257082,103
9475000,38000.000005906615,-517478.95203556237,303.75021235584717,1.026878608024643,103
9480000,38020.00000591069,-517423.84953835374,300.8219313940778,1.0282125795834902,103
9485000,38040.000005914764,-516229.1842804437,300.3915803431762,1.0244033101430785,103
9490000,38060.00000591884,-517770.86788711674,300.94350802450714,1.026011453190439,103
9495000,38080.00000592291,-518603.86034716177,301.24533618473686,1.0269644215125548,103
9500000,38100.00000592699,-517910.0555396341,299.8659697749672,1.0243773410565584,103
9505000,38120.00000593106,-516126.2309152237,300.01596247402466,1.0258250957408974,103
9510000,38140.00000593514,-517848.86883003335,301.8766704664926,1.0261700248114431,103
9515000,38160.00000593921,-517407.73114607274,301.88343179144744,1.0239066800678873,103
9520000,38180.000005943286,-516465.4080099948,301.11019690469584,1.0268759224206945,103
9525000,38200.00000594736,-516541.9082592535,302.08958605105187,1.0256304933802787,103
9530000,38220.000005951435,-518111.0307345432,299.72869816345064,1.0290481485730392,103
9535000,38240.00000595551,-517049.2027234547,297.27854149338236,1.022350634788902,103
9540000,38260.000005959584,-515900.3811033326,299.85614901637024,1.0257391504672702,103
9545000,38280.00000596366,-516017.8629163618,300.53080135467735,1.0223804273997483,103
9550000,38300.00000596773,-515860.3801399309,297.25548299949503,1.0248373651797322,103
9555000,38320.00000597181,-517133.95562935784,300.5195570282215,1.0254859464288284,103
9560000,38340.00000597588,-517070.3336521168,301.9798094390961,1.0250921110557294,103
9565000,38360.00000597996,-517444.3839024501,300.08169792206127,1.0246182655968594,103
9570000,38380.00000598403,-518919.73832547874,301.5771849905619,1.0315221191203645,103
9575000,38400.000005988106,-516939.21882130555,302.73935986303104,1.0301012301353647,103
9580000,38420.00000599218,-517157.71648482815,302.9814684851524,1.0265048920715107,103
9585000,38440.000005996255,-516692.5477462085,300.03469157093116,1.0238731509658114,103
9590000,38460.00000600033,-517262.1777689317,301.38688379062216,1.0277618959313999,103
9595000,38480.000006004404,-517480.5181416769,301.1982056068096,1.0252448451514493,103
9600000,38500.00000600848,-517192.86576153943,299.43978016963035,1.0235208836556868,103
9605000,38520.00000601255,-517132.3604383236,303.3436552614927,1.028096129722822,103
9610000,38540.00000601663,-516710.69681647234,302.856301597306,1.0286410796965757,103
9615000,38560.0000060207,-516816.87726983335,300.7075928783342,1.0276432749262243,103
9620000,38580.00000602478,-517868.53412220627,301.55399149213946,1.0261347457227945,103
9625000,38600.00000602885,-517282.0402820979,298.54078153012915,1.0242582590764544,103
9630000,38620.000006032926,-517315.0846202164,298.99671498095836,1.0269825139155775,103
9635000,38640.000006037,-514988.3717212761,298.5658703018937,1.0226189931604774,103
9640000,38660.000006041075,-518020.7467057537,301.9187258132388,1.0266982312690769,103
9645000,38680.00000604515,-517412.6274422528,301.0224965618712,1.0306079962102876,103
9650000,38700.000006049224,-518391.0180202471,302.84112093800957,1.0285608502795613,103
9655000,38720.0000060533,-517904.001128549,300.67994816411243,1.025618478497343,103
9660000,38740.00000605737,-517867.37629413325,302.3024514324845,1.0249326256959992,103
9665000,38760.00000606145,-517997.3049520503,300.0337693907574,1.0268307138572783,103
9670000,38780.00000606552,-518218.20405881247,301.2209401399748,1.0249076196498343,103
9675000,38800.0000060696,-516718.1019717995,301.96974508199247,1.023863598496797,103
9680000,38820.00000607367,-517123.02647568285,299.4239979776764,1.029457230211259,103
9685000,38840.000006077746,-516609.3568758273,300.7439694874697,1.0243180673838472,103
9690000,38860.00000608182,-517174.84705578466,300.93497546453045,1.0183860846914152,103
9695000,38880.000006085895,-517179.425782935,302.5438232302708,1.029833898804711,103
9700000,38900.00000608997,-516870.40316926455,301.27818664475853,1.0246429861803343,103
9705000,38920.000006094044,-517041.2707400727,301.8875070979846,1.0262413138705315,103
9710000,38940.00000609812,-516747.32886525523,302.2662250794261,1.0290419267809923,103
9715000,38960.00000610219,-518116.9460227366,302.0188233612079,1.0315536478088883,103
9720000,38980.00000610627,-517577.28686187696,298.4375667517414,1.0214419871134273,103
9725000,39000.00000611034,-516716.0372613054,299.84512122431374,1.0291025601289543,103
9730000,39020.00000611442,-518116.34696082724,301.4980728219637,1.0264811052776517,103
9735000,39040.00000611849,-518417.62957296474,300.53668670178155,1.0291880938014932,103
9740000,39060.000006122566,-517943.50689332234,299.63480648110294,1.0269036615739084,103
9745000,39080.00000612664,-516669.48383901804,296.8654198166843,1.02529751587899,103
9750000,39100.000006130715,-516698.072421903,300.5733940282044,1.026722725012186,103
9755000,39120.00000613479,-518258.08397484035,300.8604642983299,1.0299090200952181,103
9760000,39140.000006138864,-516750.0916236441,301.479911873843,1.0249406233409872,103
9765000,39160.00000614294,-516775.61768923444,299.94237010509335,1.0266836917015574,103
9770000,39180.00000614701,-516461.7557753436,298.9677035146697,1.0253141065819595,103
9775000,39200.00000615109,-518656.47020837665,298.6719555070843,1.0274367507349467,103
9780000,39220.00000615516,-516637.3553574693,302.39646285258624,1.0234092428046038,103
9785000,39240.00000615924,-516914.47714215843,302.1143930850971,1.024042076813635,103
9790000,39260.00000616331,-517122.6816209513,301.7676414422337,1.0270265541451329,103
9795000,39280.000006167385,-517299.21725489665,299.6684520181304,1.02529152040471,103
9800000,39300.00000617146,-518698.4123569685,301.69852003536874,1.0294994756378466,103
9805000,39320.000006175535,-517969.9016165603,300.35748391342037,1.029921069012862,103
9810000,39340.00000617961,-517151.5715483157,301.93249998652715,1.0282902871045163,103
9815000,39360.00000618368,-518086.09938341053,302.97439708585637,1.0260446534476861,103
9820000,39380.00000618776,-516268.1824727156,300.4542812442524,1.0254677451456098,103
9825000,39400.00000619183,-517556.16824038164,303.6757575834202,1.0276034218198804,103
9830000,39420.00000619591,-517422.8982729071,301.50163982763365,1.032587644605234,103
9835000,39440.00000619998,-517594.8812991632,302.21444570630126,1.0266574413156384,103
9840000,39460.000006204056,-516125.6408021606,301.7133232305085,1.0290837829177188,103
9845000,39480.00000620813,-516928.9697042301,301.4845547541161,1.026110712377164,103
9850000,39500.000006212205,-517064.9407858425,301.44311633566485,1.0245586402460765,103
9855000,39520.00000621628,-517118.095914681,302.0385165016773,1.0263225053273186,103
9860000,39540.000006220354,-516355.8785285796,303.47898151817344,1.027545647012498,103
9865000,39560.00000622443,-517779.17153711524,301.67834285729083,1.0251737062483008,103
9870000,39580.0000062285,-517660.5581332438,301.6328768310981,1.0299894779364989,103
9875000,39600.00000623258,-517025.83347754274,301.1546484761536,1.0311223840422363,103
9880000,39620.00000623665,-518133.913589797,303.14861826063697,1.0297906775181136,103
9885000,39640.00000624073,-517002.69006146933,301.20642796999954,1.023254404897184,103
9890000,39660.0000062448,-515914.58719000453,299.63632247944673,1.0251218090556737,103
9895000,39680.000006248876,-516474.227490467,298.7736186748131,1.030343879452245,103
9900000,39700.00000625295,-515363.04887500126,302.128389739446,1.027583322686545,103
9905000,39720.000006257025,-517129.8640307693,303.1520142093965,1.0247272829446985,103
9910000,39740.0000062611,-516846.1268279692,302.1199719663136,1.0256694328369218,103
9915000,39760.000006265174,-516722.5175926087,304.05086489760583,1.0247390896101911,103
9920000,39780.00000626925,-517451.32216795743,302.1139014450292,1.0271565770042084,103
9925000,39800.00000627332,-517250.8747294899,300.8537811977418,1.0304149836067005,103
9930000,39820.0000062774,-516757.43298620055,299.82477705821094,1.0218824256572003,103
9935000,39840.00000628147,-517416.95748620224,299.16175094149594,1.026928189744299,103
9940000,39860.00000628555,-515657.4539420926,300.137626260282,1.0256501324566443,103
9945000,39880.00000628962,-516852.003376954,300.62826851311826,1.0237427955618539,103
9950000,39900.000006293696,-517849.77152526495,302.8950156174624,1.0324431592863832,103
9955000,39920.00000629777,-515753.3236865259,299.84735744756983,1.024154228295801,103
9960000,39940.000006301845,-517225.1799062551,302.5151580168587,1.0264006933631338,103
9965000,39960.00000630592,-516860.228328194,301.28420471510714,1.025954022759677,103
9970000,39980.000006309994,-516245.04954926507,299.46677117661505,1.027419735086931,103
9975000,40000.00000631407,-516744.39763706014,300.0624165917399,1.0278261409676506,103
9980000,40020.00000631814,-516842.10346823535,301.1050640796893,1.029325446176446,103
9985000,40040.00000632222,-515980.10687867017,299.7785080965185,1.0233412584362525,103
9990000,40060.00000632629,-517253.07542594895,301.3527806602961,1.0269659559718824,103
9995000,40080.00000633037,-517475.3573483608,302.6791883368982,1.0307573977454572,103
10000000,40100.00000633444,-518340.5485860314,298.8731810075555,1.0263410787560074,103
10005000,40120.000006338516,-518181.0773398103,301.4104496406238,1.030110302100914,103
10010000,40140.00000634259,-517948.9684754149,298.69992296063646,1.028039479984087,103
10015000,40160.000006346665,-517254.8234137322,300.1890632735661,1.0287952852839497,103
10020000,40180.00000635074,-517334.8363717266,301.10057940572017,1.0273179887405366,103
10025000,40200.000006354814,-516704.6302403193,300.1911618472611,1.0285483999629599,103
10030000,40220.00000635889,-516004.9955612102,300.0698381296029,1.0264662477926252,103
10035000,40240.00000636296,-517721.36659664754,301.01968191833095,1.0333709193128158,103
10040000,40260.00000636704,-517612.5338847891,301.0202814378438,1.0280161828100385,103
10045000,40280.00000637111,-517698.9708036608,304.7787597091053,1.0252061162152044,103
10050000,40300.00000637519,-518096.898017447,300.71681064856807,1.0272521468228724,103
10055000,40320.00000637926,-517860.8931993379,302.3256685538552,1.0314478602704082,103
10060000,40340.000006383336,-517654.8605053481,302.5417863312922,1.026112497700571,103
10065000,40360.00000638741,-517225.35547604994,300.12774123025685,1.0298813286058688,103
10070000,40380.000006391485,-517177.3445910618,301.079508242297,1.026552057820061,103
10075000,40400.00000639556,-517312.04015753814,298.9544121828481,1.0251132734591466,103
10080000,40420.000006399634,-516568.7901484575,299.67396125201344,1.0255175338665579,103
10085000,40440.00000640371,-517468.1432709014,304.1767008729109,1.0299802220358363,104
10090000,40460.00000640778,-516786.741847896,299.9321562020789,1.0264405254850602,104
10095000,40480.00000641186,-518273.8526350083,302.83466817526676,1.02780321799329,104
10100000,40500.00000641593,-515148.9546946918,300.88603719879677,1.0272784869918057,104
10105000,40520.00000642001,-516568.2184445127,302.6535125240028,1.0263890719291024,104
10110000,40540.00000642408,-518074.1671455826,301.9890917449028,1.0284981736284862,104
10065000,40360.00000638741,-518017.84673462785,302.05089499718736,1.0251118113670226,--
10070000,40380.000006391485,-516035.01005246234,301.4780065428807,1.0290480790776741,106
10075000,40400.00000639556,-516714.6041254285,301.2199149720276,1.0255417173747403,106
10080000,40420.000006399634,-516920.4784543726,299.42952229833827,1.0281654139224121,106
10085000,40440.00000640371,-517983.9093441663,305.1226922586432,1.0320566889449525,106
10090000,40460.00000640778,-517298.45990980533,303.56695946649074,1.0267170263368923,106
10095000,40480.00000641186,-517913.03281715536,300.89813174016496,1.0290065238738495,105
10100000,40500.00000641593,-517802.0327506496,300.831507218417,1.0271855305679933,105
10105000,40520.00000642001,-517324.931592359,298.32246723812193,1.030909808034806,105
10110000,40540.00000642408,-518218.05382971605,302.32874410939615,1.0283867108979494,105
10115000,40560.000006428156,-517119.2771565395,301.0711727372617,1.0239496655240519,105
10120000,40580.00000643223,-518158.07941270084,300.8536169539191,1.0295983599159537,105
10125000,40600.000006436305,-515707.78501038416,300.0770064185817,1.0226973812104667,105
10130000,40620.00000644038,-517766.4989815436,302.26004324461184,1.0293756321993461,105
10135000,40640.000006444454,-517089.4081137795,302.11681823974675,1.0253586513943898,105
10140000,40660.00000644853,-517246.7905741725,301.95618956973016,1.0321888031407225,105
10145000,40680.0000064526,-516370.12292969855,301.4318989843079,1.0207767951635796,105
10150000,40700.00000645668,-517361.4686913125,301.15561633531456,1.0279382748225125,105
10155000,40720.00000646075,-517301.39317492186,300.1483235839208,1.0253490162178964,105
10160000,40740.00000646483,-517749.41142383125,300.20790955084874,1.0253338683258844,105
10165000,40760.0000064689,-517536.4085020111,302.0448462845205,1.0284126914473406,105
10170000,40780.000006472976,-515969.35747263813,302.1864184724214,1.0246003700106474,105
10175000,40800.00000647705,-518230.65941578406,301.96295881561986,1.0273386070283879,105
10180000,40820.000006481125,-518821.74725974887,297.35607492267997,1.0313780478796493,105
10185000,40840.0000064852,-516698.2156897944,301.2246037552835,1.0298825351370362,104
10190000,40860.000006489274,-517263.30257313466,302.82563107136036,1.0285597603980827,104
10195000,40880.00000649335,-516671.73720898526,298.743498569321,1.0252708482509376,104
10200000,40900.00000649742,-517133.3558107526,300.73042383803494,1.0227884865064916,104
10205000,40920.0000065015,-517141.36209718813,303.86877538486294,1.0264174771611358,104
10210000,40940.00000650557,-518114.3276379304,302.88120870099095,1.0295649503814712,104
10215000,40960.00000650965,-517502.38034074474,302.7419393818123,1.0256900122979342,104
10220000,40980.00000651372,-517322.69616354024,301.6216868049021,1.0262236446080562,104
10225000,41000.000006517796,-517256.521750506,304.5863202586457,1.0269474611902898,104
10230000,41020.00000652187,-517867.59372869716,303.06959977892774,1.0281710496210497,104
10235000,41040.000006525945,-516305.20239499514,302.6082577754808,1.025989731597311,104
10240000,41060.00000653002,-517732.8735051486,301.6555934298886,1.0266260458283112,104
10245000,41080.000006534094,-516972.3225512579,300.07383317074664,1.0267709784588672,104
10250000,41100.00000653817,-517688.09333831305,300.5935706438835,1.0214916300068138,104
10255000,41120.00000654224,-517655.0596277395,301.9862878218749,1.0312944904475636,104
10260000,41140.00000654632,-517538.1180597197,301.7375993183635,1.0240952266683765,104
10265000,41160.00000655039,-517224.2239109087,299.43041270652594,1.0253730146404816,104
10270000,41180.00000655447,-517421.00033121277,300.91775682003447,1.0302215515210906,104
10275000,41200.00000655854,-516435.2523897181,302.6396992984524,1.0233873655012513,104
10280000,41220.000006562615,-516875.05746492813,301.65595752768957,1.0266778178704075,104
10285000,41240.00000656669,-516218.8522553046,299.9729685576082,1.02645400448953,104
10290000,41260.000006570765,-517790.148461479,299.8173768149058,1.023298023966649,104
10295000,41280.00000657484,-518045.77243010583,301.26897194154037,1.0308138650103726,104
10300000,41300.00000657891,-516807.02331178193,302.49400606794705,1.0272518480407533,104
10305000,41320.00000658299,-517204.6218348807,302.78950395183807,1.025660468287574,104
10310000,41340.00000658706,-516074.232678307,299.35296021351076,1.0279304073171753,104
10315000,41360.00000659114,-517358.65652195737,299.47290890629046,1.0282914007909396,104
10320000,41380.00000659521,-516999.52816957445,300.560487839442,1.0217203027358468,104
10325000,41400.000006599286,-518642.30283519113,301.2166467732547,1.028367447395529,104
10330000,41420.00000660336,-517388.5152868524,303.2200089479541,1.028651266593333,104
10335000,41440.000006607435,-517310.0852841558,301.0773956490096,1.0287839697330141,104
10340000,41460.00000661151,-517571.2830431005,299.9754993411842,1.0229842119772676,104
10345000,41480.000006615584,-518663.08977614576,301.00785255320875,1.0267939786531182,104
10350000,41500.00000661966,-517053.34451499535,299.181532204181,1.0252685030047892,104
10355000,41520.00000662373,-517850.7773297273,300.4661663771132,1.0295717215119158,104
10360000,41540.00000662781,-518419.59800466755,304.0463386745481,1.0281860657734656,104
10365000,41560.00000663188,-517107.71957864077,301.05503107233926,1.0293812285477977,104
10370000,41580.00000663596,-517139.63261522213,301.5694774819998,1.0231207430636002,104
10375000,41600.00000664003,-517377.14012013865,299.5944300906973,1.027136282552094,104
10380000,41620.000006644106,-516780.4635395983,300.2577784403407,1.0268524278292455,104
10385000,41640.00000664818,-518127.48470537015,303.0257501780797,1.0262627184931807,104
10390000,41660.000006652255,-517586.12276930804,298.1767929430347,1.026335809196908,104
10395000,41680.00000665633,-517023.62134020287,300.14579189009714,1.0234435456465325,104
10400000,41700.000006660404,-517142.6622390831,301.7959604954558,1.0274891940761588,104
10405000,41720.00000666448,-517462.1245982279,301.84167416348953,1.0259952723175658,104
10410000,41740.00000666855,-516109.37590849795,301.9150068625329,1.0252895165855034,104
10415000,41760.00000667263,-517706.4959585902,305.2743409727554,1.0292681423790486,104
10420000,41780.0000066767,-518276.3094276376,300.2826208972091,1.0299446698150299,104
10425000,41800.00000668078,-515999.8352643142,303.662757832999,1.0252407557568437,104
10430000,41820.00000668485,-516229.2847868891,303.14323809167286,1.0277766949018312,104
10435000,41840.000006688926,-517512.04903737525,303.69084061430567,1.02525005383998,104
10440000,41860.000006693,-517308.5628557934,300.6364719231125,1.0264598366251176,104
10445000,41880.000006697075,-517302.54253222584,299.4907503124461,1.0253226842639178,104
10450000,41900.00000670115,-517018.401261627,299.88841005356295,1.028972555328797,104
10455000,41920.000006705224,-516796.52813286777,299.2178643163207,1.027697112720156,104
10460000,41940.0000067093,-517508.7800456991,300.57742868387817,1.0248618774017417,104
10465000,41960.00000671337,-516282.9681943795,301.2894458347971,1.0253478065258355,104
10470000,41980.00000671745,-516896.08731905953,299.1446130175423,1.0233598817962755,104
10475000,42000.00000672152,-515789.88506290363,302.1406264195535,1.0252735468980743,104
10480000,42020.0000067256,-518348.7528591396,302.13342422864014,1.027655372834693,104
10485000,42040.00000672967,-517682.99866479775,303.91773376977824,1.02467056439755,104
10490000,42060.000006733746,-517327.7149275264,297.9866848903153,1.0257759118165113,104
10495000,42080.00000673782,-516103.43022770365,301.01389537576557,1.0249535062504023,104
10500000,42100.000006741895,-517146.4260977835,301.7928613500824,1.0319820282022782,104
10505000,42120.00000674597,-518017.54860099964,300.97288659136785,1.030957284371906,104
10510000,42140.000006750044,-517229.7535664956,301.65716101627567,1.029435640447741,104
10515000,42160.00000675412,-517399.2086328203,303.44875853328773,1.0291768066424358,104
10520000,42180.00000675819,-517071.77746965666,298.6064305170895,1.0307594701865361,104
10525000,42200.00000676227,-516353.7636485845,298.64777087715174,1.0268444003579253,104
10530000,42220.00000676634,-517468.8346995746,299.7405053204512,1.0247065941474214,104
10535000,42240.00000677042,-516701.6346825808,300.47525812924744,1.027409671031427,104
10540000,42260.00000677449,-516185.7427113829,296.6490830435288,1.02256149660885,104
10545000,42280.000006778566,-517170.4275531629,301.36737484707487,1.0261241408395727,104
10550000,42300.00000678264,-516849.32425107434,297.5849479092704,1.0263341041165255,104
10555000,42320.000006786715,-517938.588466906,303.4163852370086,1.0294230185393787,104
10560000,42340.00000679079,-516933.87464755983,297.7825620788762,1.025937471197091,104
10565000,42360.000006794864,-517978.4823763012,299.2338478114911,1.0296962940597691,104
10570000,42380.00000679894,-515508.3086892599,299.4310442143132,1.0265846573183535,104
10575000,42400.00000680301,-515999.86103781615,302.19482204323157,1.023443979852982,104
10580000,42420.00000680709,-516871.12836865825,301.40583204582595,1.0265145597438419,104
10585000,42440.00000681116,-517527.37457637466,300.02368369360005,1.0255814891988522,104
10590000,42460.00000681524,-517892.0546350456,301.4294986534474,1.0211157155889523,104
10595000,42480.00000681931,-516625.2869699935,302.75627375160263,1.0290275152661215,104
10600000,42500.000006823386,-517285.34918404045,300.6310994886113,1.0269192057292025,104
10605000,42520.00000682746,-516764.01586059364,301.1594963182015,1.027075845550841,104
10610000,42540.000006831535,-516262.1204350169,299.049064820133,1.0246539507215457,104
10615000,42560.00000683561,-517117.039469172,298.1329093345504,1.0236904774837012,104
10620000,42580.000006839684,-517508.70912808925,303.4917863394192,1.0293820837853713,104
10625000,42600.00000684376,-515825.3126124537,300.1668761281286,1.0205083704213724,104
10630000,42620.00000684783,-517735.5616988274,300.6785249955665,1.0293053161348322,104
10635000,42640.00000685191,-517891.9283595099,302.57775798869363,1.028145365210012,104
10640000,42660.00000685598,-516664.7271520039,301.86890674943,1.025537628314936,104
10645000,42680.00000686006,-518346.2323433121,301.324521923336,1.0281087051322615,104
10650000,42700.00000686413,-517770.3094242017,303.5149676100093,1.0265190761963197,104
10655000,42720.000006868206,-517422.8919919098,302.62934557684406,1.0270438341425985,104
10660000,42740.00000687228,-518200.20762305334,301.4857205163441,1.0262523966441113,104
10665000,42760.000006876355,-516362.47468635766,304.68433946555933,1.0271533069731782,104
10670000,42780.00000688043,-518165.5827591866,302.04220124010993,1.0222273112444313,104
10675000,42800.000006884504,-516663.20909004705,302.15596611710055,1.024970125758566,104
10680000,42820.00000688858,-518144.2039791078,301.374727521934,1.0313242827945892,104
10685000,42840.00000689265,-515919.43410959444,300.92579116296525,1.0279403352515157,104
10690000,42860.00000689673,-516712.1675400331,300.4981635433973,1.0275579201125267,104
10695000,42880.0000069008,-516229.1134240648,303.4971773532921,1.0289007469441487,104
10700000,42900.00000690488,-517547.2600213338,298.6320091516193,1.0278077292935903,104
10705000,42920.00000690895,-517238.6905501848,298.324510807822,1.0247463545931574,104
10710000,42940.000006913026,-517338.2315271732,303.0451273638928,1.0263381008656196,104
10715000,42960.0000069171,-516530.1179520758,299.22860325408806,1.0256863267488092,104
10720000,42980.000006921175,-516953.6897670445,298.0129570763665,1.0259642778819904,104
10725000,43000.00000692525,-516594.80358902994,302.7845509528324,1.0256613214051913,104
10730000,43020.000006929324,-517100.4258129441,300.6004649042691,1.0265263422168525,104
10735000,43040.0000069334,-517732.8933431676,303.0973402751794,1.02590516038927,104
10740000,43060.00000693747,-516894.7108204446,301.9084650884139,1.028121402768133,104
10745000,43080.00000694155,-518576.9877270139,298.3373353662642,1.0290118664307155,104
10750000,43100.00000694562,-517261.49515583063,301.1214040160644,1.0285123315285842,104
10755000,43120.0000069497,-517234.3118908021,301.8269030556234,1.0245366383546592,104
10760000,43140.00000695377,-517689.4647688712,303.42667090230486,1.0271712838058347,104
10765000,43160.000006957845,-517827.4383919465,300.8915987058756,1.0283836424934405,104
10770000,43180.00000696192,-516942.81989069656,298.53248616132254,1.0274812708573906,104
10775000,43200.000006965995,-516885.98536429927,300.4172176348889,1.0262330489722482,104
10780000,43220.00000697007,-519684.68527647667,303.4692715676917,1.032171122858935,104
10785000,43240.00000697414,-516934.06474298146,299.12303664347826,1.0269911927823843,104
10790000,43260.00000697822,-517860.12286886503,300.773131121466,1.0296170821859822,104
10795000,43280.00000698229,-517077.9161435659,300.29140428115915,1.0302009331182505,104
10800000,43300.00000698637,-518171.09006027435,300.92454129328934,1.0274963558503123,104
10805000,43320.00000699044,-518078.59393986315,298.7504633766386,1.0281475154330595,104
10810000,43340.000006994516,-517668.956346822,297.5780788302664,1.0292212555670635,104
10815000,43360.00000699859,-517978.2476026621,302.75078290115755,1.031076877312286,104
10820000,43380.000007002665,-517832.51429454633,301.37337309525753,1.0298744621541127,104
10825000,43400.00000700674,-517784.85407332727,304.2428582866695,1.0289379649220078,104
10830000,43420.000007010814,-517238.5898836015,300.48737388227715,1.026948830259106,104
10835000,43440.00000701489,-517851.6142427991,302.16954915971,1.0278922362897962,104
10840000,43460.00000701896,-517849.21247860603,302.74425974536973,1.025993180867517,104
10845000,43480.00000702304,-517406.64163290453,300.1520579565858,1.024397126086211,104
10850000,43500.00000702711,-517239.25008894573,302.42584049958117,1.0276570934153098,104
10855000,43520.00000703119,-516121.13837198634,301.52256277307254,1.0261393403741323,104
10860000,43540.00000703526,-516754.57998496643,301.8930710221299,1.028706068368354,104
10865000,43560.000007039336,-516298.67785367,300.6432426082263,1.0302436827686012,104
10870000,43580.00000704341,-517171.2700257185,299.3545057289833,1.0267974172812409,104
10875000,43600.000007047485,-517406.78058303613,301.40334087216564,1.02261179346024,104
10880000,43620.00000705156,-515836.07294444344,302.666255440211,1.0240473058475985,104
10885000,43640.000007055634,-517460.215149747,301.97307287803443,1.0245432017586156,104
10890000,43660.00000705971,-517707.9657723035,302.10379135999204,1.0274674150036047,104
10895000,43680.00000706378,-516510.1019280066,301.5047874586696,1.0268259720172352,104
10900000,43700.00000706786,-516274.5537673412,299.2795769716285,1.0261556981336477,104
10905000,43720.00000707193,-518565.02688347735,301.0458522056661,1.0291812768990662,104
10910000,43740.00000707601,-516880.06877110177,299.6331783539001,1.0256213290449532,104
10915000,43760.00000708008,-517279.97265194426,302.2970882874273,1.0240302728280954,104
10920000,43780.000007084156,-517840.84222478373,302.79512652540484,1.031140157678156,104
10925000,43800.00000708823,-516270.0275048658,302.85208785447867,1.027023559964144,104
10930000,43820.000007092305,-518045.04347107443,302.5948300965505,1.02835751038885,104
10935000,43840.00000709638,-516205.9186728655,302.8455121182413,1.021591230653422,104
10940000,43860.000007100454,-518671.1439489105,299.61842008797703,1.029540693733252,104
10945000,43880.00000710453,-517336.4491524373,298.8263692310188,1.02647128815802,104
10950000,43900.0000071086,-517426.4218801181,299.8901506385137,1.0295558106641194,104
10955000,43920.00000711268,-518400.8626499409,298.76349174935814,1.0308844202162981,104
10960000,43940.00000711675,-518109.97312944615,298.11376988724237,1.0258231111054488,104
10965000,43960.00000712083,-516004.804241769,302.15381502314926,1.023464782804101,103
10970000,43980.0000071249,-517568.676183447,301.9794689236967,1.0280320988323626,103
10975000,44000.000007128976,-517399.78908774536,299.5325253658385,1.028860075263954,103
10980000,44020.00000713305,-516775.89641488995,301.14218974950353,1.0273633969598557,103
10985000,44040.000007137125,-518491.55864362186,300.8590654604534,1.0274918228317076,103
10990000,44060.0000071412,-516871.56852514204,300.39445863339694,1.0270410374923482,103
10995000,44080.000007145274,-516819.8010629008,301.04528438755005,1.0263531281552325,103
11000000,44100.00000714935,-517149.30220777076,299.21897843094774,1.0259982798450613,103
11005000,44120.00000715342,-516765.2568656232,300.2623887338546,1.0266712182765336,103
11010000,44140.0000071575,-516747.6604529964,301.66730371943595,1.0247093827784157,103
11015000,44160.00000716157,-518294.3794279059,302.25843652158807,1.029738372518888,103
11020000,44180.00000716565,-517069.09183717286,299.87640753461943,1.0264753608222081,103
11025000,44200.00000716972,-516792.74565497134,300.23596957874673,1.02367588776423,103
11030000,44220.000007173796,-516770.2045271101,303.2487217590514,1.0279937801144332,103
11035000,44240.00000717787,-516986.56164251873,300.50444202821603,1.025738382925324,103
11040000,44260.000007181945,-518900.8319684474,299.63533894693603,1.0299706734900114,103
11045000,44280.00000718602,-517256.22751668864,301.00787623160574,1.0253022697213428,103
11050000,44300.000007190094,-516359.09002636187,301.11729910399663,1.0285680133704698,103
11055000,44320.00000719417,-517643.3813342068,300.6255025935241,1.0250939047740824,103
11060000,44340.00000719824,-517713.88979671034,298.55554639080265,1.0244704426617683,103
11065000,44360.00000720232,-515897.6881002181,301.46936040138934,1.0252695722195548,103
11070000,44380.00000720639,-517612.5562867832,300.50125143392046,1.0237676995209926,103
11075000,44400.00000721047,-517201.2417210599,300.4681148402361,1.02716048689165,103
11080000,44420.00000721454,-517308.0841183106,300.75776979415815,1.028080022396848,103
11085000,44440.000007218616,-518276.50163910445,299.24732393406305,1.028900569220906,103
11090000,44460.00000722269,-516282.2032213537,303.53977469221263,1.0254657374716147,103
11095000,44480.000007226765,-516607.43909969996,302.9321621910379,1.0259076633200832,103
11100000,44500.00000723084,-516983.8390165074,302.647741173999,1.0264009721354743,103
11105000,44520.000007234914,-517799.431015403,301.8287908907508,1.0285660363604998,103
11110000,44540.00000723899,-517090.24124618224,302.0976253426095,1.0285062158099572,103
11115000,44560.00000724306,-517955.7930894804,297.7284468230825,1.023831297212348,103
11120000,44580.00000724714,-516316.45661009476,303.0669386131566,1.0269331613036532,103
11125000,44600.00000725121,-518022.4598934639,302.2464715537958,1.0329675970664234,103
11130000,44620.00000725529,-517034.78705111216,301.9196017693231,1.0275695079391256,103
11135000,44640.00000725936,-517671.6049928821,302.1635146263554,1.0279948939687733,103
11140000,44660.000007263436,-517406.20640237606,298.926491753292,1.0263709324639612,103
11145000,44680.00000726751,-516435.59166142344,301.67902604319374,1.0255393903717067,103
11150000,44700.000007271585,-517038.258360334,298.8872746966123,1.0245659087695855,103
11155000,44720.00000727566,-517183.22335917666,303.41716015569784,1.0271412254192318,103
11160000,44740.000007279734,-516721.86190285464,300.3247827839968,1.0234780060636368,103
11165000,44760.00000728381,-517343.85500774696,305.32192474749337,1.0272403023602008,103
11170000,44780.00000728788,-517953.64042656356,300.5696070253015,1.0269654715030339,103
11175000,44800.00000729196,-517988.2621865992,301.0203220146791,1.0287001634244453,103
11180000,44820.00000729603,-517536.6416575874,302.58524853698066,1.0297788233017608,103
11185000,44840.00000730011,-516778.9175813906,303.5434215379675,1.023887462062394,103
11190000,44860.00000730418,-516748.3595944904,298.96487208561786,1.0258400201841265,103
11195000,44880.000007308256,-517494.4575030424,301.7179243465309,1.0295636117668272,103
11200000,44900.00000731233,-516755.4379605807,300.5605760523482,1.023959732193037,103
11205000,44920.000007316405,-515923.6134625396,302.6247687563422,1.0250580157312184,103
11210000,44940.00000732048,-517375.1535690527,302.50136221702104,1.0254634808346685,103
11215000,44960.000007324554,-517368.9012563126,299.87932783312624,1.0314911989955113,103
11220000,44980.00000732863,-516378.3381025649,300.93017448356846,1.0274941775586237,103
11225000,45000.0000073327,-516237.9883437222,300.2860317154962,1.0255858392052202,103
11230000,45020.00000733678,-517096.6185836296,301.60843574304755,1.027704706275015,103
11235000,45040.00000734085,-516924.3731245869,301.9081355104334,1.0250467913830865,103
11240000,45060.00000734493,-517343.093563471,298.8876140608183,1.0282029974755917,103
11245000,45080.000007349,-517129.71744030854,300.70637902239264,1.0280110171005254,103
11250000,45100.000007353075,-516981.4492156594,300.51428640644264,1.0207266879741281,103
11255000,45120.00000735715,-517883.407233407,301.24808881592105,1.0261628080772311,103
11260000,45140.000007361225,-517121.36961610685,301.6784392679241,1.0273070613646254,103
11265000,45160.0000073653,-515941.5110652605,301.41279368506866,1.0222872263381566,103
11270000,45180.00000736937,-516659.8653110049,301.1167204305914,1.0227109477040974,103
11275000,45200.00000737345,-516134.52152214036,298.1062028189448,1.0241101970344522,103
11280000,45220.00000737752,-516907.9603850648,300.3402435522407,1.028055207033137,103
11285000,45240.0000073816,-517924.19740051916,299.91334636598594,1.0292411639333225,103
11290000,45260.00000738567,-517069.17096362635,301.506495004623,1.0264799878444857,103
11295000,45280.000007389746,-516672.5170087395,303.8890890238452,1.021803064214942,103
11300000,45300.00000739382,-518245.83063109545,300.26169542804035,1.0300472585040379,103
11305000,45320.000007397895,-516101.8367580094,299.75935551715185,1.0257914380877,103
11310000,45340.00000740197,-516329.17634901125,301.38363460018627,1.0250962485719086,103
11315000,45360.000007406044,-516277.74294825015,299.00594831201437,1.0211907934961928,103
11320000,45380.00000741012,-517941.5303364056,300.73789370378034,1.0291046091242777,103
11325000,45400.00000741419,-517057.8694566805,298.84299618363565,1.0232422006928104,103
11330000,45420.00000741827,-516740.1142006086,302.8994192083818,1.026218685371302,103
11335000,45440.00000742234,-517366.361295498,301.2720286570863,1.0265069962790958,103
11340000,45460.00000742642,-518045.84020198346,297.69657847620687,1.0293810851172744,103
11345000,45480.00000743049,-516980.5329572107,301.3139411953638,1.0238742782602912,103
11350000,45500.000007434566,-517268.41143564694,299.9947324797046,1.0266847356320707,103
11355000,45520.00000743864,-518100.98336056806,299.9249678607931,1.0265462928864824,103
11360000,45540.000007442715,-516880.79211325594,306.13381990253725,1.0239455422996808,103
11365000,45560.00000744679,-516343.2654873745,298.3073270795487,1.0252585985736011,103
11370000,45580.000007450864,-517797.5164563537,299.06797735342303,1.0241253793466736,103
11375000,45600.00000745494,-518054.41895890934,300.5454058762469,1.0305504019166787,103
11380000,45620.00000745901,-516214.9464560156,302.0996411328159,1.025827250276912,103
11385000,45640.00000746309,-516671.4372354143,299.28328731890434,1.0306042219994476,103
11390000,45660.00000746716,-517117.63034487236,303.4160801736916,1.0248001915507552,103
11395000,45680.00000747124,-516511.264609009,300.87786487929617,1.028197769939859,103
11400000,45700.00000747531,-517616.4669943566,301.51070652135724,1.0283917898224224,103
11405000,45720.000007479386,-516578.3530215819,298.3189143666702,1.0242082856370083,103
11410000,45740.00000748346,-517066.30109162396,301.42326872449144,1.029430157312668,103
11415000,45760.000007487535,-515364.43568993127,302.1281203829635,1.0279926361450669,103
11420000,45780.00000749161,-518363.9545358112,300.30277084252026,1.0310656734214487,103
11425000,45800.000007495684,-517379.52672514017,300.40415986553626,1.0268385028536082,103
11430000,45820.00000749976,-515528.6502798707,300.7863168548632,1.0262490667315918,103
11435000,45840.00000750383,-517234.42991278437,301.6570388642258,1.0255053115689883,103
11440000,45860.00000750791,-516957.3076811116,299.3808139407549,1.0247309356094725,103
11445000,45880.00000751198,-516442.30219887337,305.0874712569871,1.0293834490710634,103
11450000,45900.00000751606,-516588.1464391139,303.26083588582236,1.0248604771820824,103
11455000,45920.00000752013,-517273.3882327131,300.5957690108518,1.023774876614747,103
11460000,45940.000007524206,-516665.36140312627,300.5046608260256,1.0227242670280183,103
11465000,45960.00000752828,-516586.1078399117,300.5306875580074,1.0239437207870752,103
11470000,45980.000007532355,-518409.6821504198,299.61224474311626,1.028062881981524,103
11475000,46000.00000753643,-517720.56784450146,302.5762300553086,1.0267039821561097,103
11480000,46020.000007540504,-517477.09856829,301.36296326596477,1.0284837871794699,103
11485000,46040.00000754458,-517238.67592461105,299.53975359776683,1.0291044856872704,103
11490000,46060.00000754865,-517169.8625821688,299.8506471631947,1.026254220948882,103
11495000,46080.00000755273,-516421.5755556326,302.3035953396749,1.0254245878428783,103
11500000,46100.0000075568,-517487.439547295,301.0258110471827,1.0254495875542946,103
11505000,46120.00000756088,-516602.0044287448,299.8148667912982,1.0297390352352669,103
11510000,46140.00000756495,-517900.384085658,300.90041874697806,1.0257698828538138,103
11515000,46160.000007569026,-517941.4280383189,299.1662864584825,1.0248781077689266,103
11520000,46180.0000075731,-517410.76234283135,301.9531876561811,1.0287872931208328,103
11525000,46200.000007577175,-516934.2484201514,299.7559943885175,1.0292394000581961,103
11530000,46220.00000758125,-517269.6822952756,304.69124507701326,1.031399708443383,103
11535000,46240.000007585324,-517196.5614850493,300.33549923183443,1.0291646900985694,103
11540000,46260.0000075894,-517213.29543253034,299.9812002910198,1.0224236659678485,103
11545000,46280.00000759347,-516141.28292499855,301.69431526374035,1.0265947723874476,103
11550000,46300.00000759755,-517279.91706100036,300.5620162630292,1.0265928515787142,103
11555000,46320.00000760162,-516586.1488489611,300.30526679305257,1.0223798652770908,103
11560000,46340.0000076057,-517354.34503704705,299.99784056072843,1.0251542508493505,103
11565000,46360.00000760977,-517641.32186248945,300.22936647765624,1.0315192339566237,103
11570000,46380.000007613846,-516358.05674934015,301.3280256299194,1.0240334793349717,103
11575000,46400.00000761792,-516152.08523335634,301.96259681219044,1.0281288913795168,103
11580000,46420.000007621995,-516668.7418157852,299.26864870313204,1.0298828137717544,103
11585000,46440.00000762607,-516533.6814769474,301.99109208691374,1.0274622068683963,103
11590000,46460.000007630144,-516871.03288678266,302.53323499848165,1.027938122736821,103
11595000,46480.00000763422,-516576.65971598914,303.34928673110164,1.0276645670717035,103
11600000,46500.00000763829,-516971.4805424358,299.5233234009382,1.0254504100341617,103
11605000,46520.00000764237,-517244.11381954537,298.13884749240776,1.0249936379196896,103
11610000,46540.00000764644,-517984.4018398805,298.2870483386291,1.0281262412648449,103
11615000,46560.00000765052,-517352.8603884862,301.21756067836503,1.0261271612969767,103
11620000,46580.00000765459,-515716.98326226696,300.8883492544447,1.023787293529533,103
11625000,46600.000007658666,-516973.05599764804,301.1527139202753,1.0277145206300675,103
11630000,46620.00000766274,-517531.56514716474,301.6259766048063,1.030919837155768,103
11635000,46640.000007666815,-517585.95244471077,300.9775659800068,1.0279914851515752,103
11640000,46660.00000767089,-516652.3678783772,300.9433355419996,1.0285214379217908,103
11645000,46680.000007674964,-517213.99790584436,302.6734816790641,1.0261159189728188,103
11650000,46700.00000767904,-518105.2703498816,301.00792734585804,1.0298689156330152,103
11655000,46720.00000768311,-516833.16429238557,299.4336731662992,1.0310008997642308,103
11660000,46740.00000768719,-517776.5370202048,301.87968859861115,1.027889094816772,103
11665000,46760.00000769126,-517397.39592203195,301.8417176964642,1.0276652080251523,103
11630000,46620.00000766274,-517179.52101828204,299.87353617244685,1.0268292626068767,0
11635000,46640.000007666815,-516181.3076591538,298.2451834857601,1.0258865241147859,104
11640000,46660.00000767089,-517583.63699584967,302.5542236661457,1.0317199516890994,104
11645000,46680.000007674964,-517505.2249891076,301.975815279083,1.0318641170308187,104
11650000,46700.00000767904,-517776.87799856276,300.43763455990614,1.031425772817591,104
11655000,46720.00000768311,-517820.16664167005,299.9584008169065,1.0283528360879508,103
11660000,46740.00000768719,-516802.3381812291,300.43916766712425,1.0253433479880412,103
11665000,46760.00000769126,-516625.14457362983,301.8364034699136,1.0196648723577582,103
11670000,46780.00000769534,-518393.1254237229,302.19431555055115,1.028021348311855,103
11675000,46800.00000769941,-517140.16381632513,300.060935536292,1.027506290197071,103
11680000,46820.000007703486,-517157.67316068197,301.67278424696275,1.0281636985878504,103
11685000,46840.00000770756,-517345.6844857198,301.7035950215223,1.0281273408738676,103
11690000,46860.000007711635,-518906.151830059,301.8989506193358,1.0321123523217106,103
11695000,46880.00000771571,-517737.6012820513,298.7587704073554,1.026023686819505,103
11700000,46900.000007719784,-516650.7788541352,301.16556972881546,1.0283054626921857,103
11705000,46920.00000772386,-518158.723207867,301.69426515095665,1.0309303237975762,103
11710000,46940.00000772793,-516530.2772740163,301.38833939594065,1.0218899086432738,103
11715000,46960.00000773201,-517103.4095118223,300.869294736721,1.0270008855320714,103
11720000,46980.00000773608,-516843.42582929926,301.9520056138665,1.0266613132496072,103
11725000,47000.00000774016,-517685.74019049644,301.0132304655168,1.0257100730383668,103
11730000,47020.00000774423,-517145.8038288476,304.92540057644504,1.0244529897893562,103
11735000,47040.000007748306,-516118.1367223738,298.20986045048124,1.0226475378499917,103
11740000,47060.00000775238,-517252.03138836427,301.3976644383756,1.0310933091551104,103
11745000,47080.000007756455,-517087.01889395295,302.6678924258005,1.0312713413427559,103
11750000,47100.00000776053,-517462.6314062921,300.50695039131335,1.02392717206654,103
11755000,47120.000007764604,-516965.84316127165,301.4251120067761,1.0253044355058394,103
11760000,47140.00000776868,-518227.2348121444,299.8266268212036,1.0265177956072156,103
11765000,47160.00000777275,-516805.7724382463,300.3633792626488,1.0265506200647412,103
11770000,47180.00000777683,-518225.05801692535,301.5971934007703,1.0286428242379326,103
11775000,47200.0000077809,-517818.3620052268,304.08839007878663,1.026372468495673,103
11780000,47220.000007784976,-517343.96907946747,298.3359454616156,1.0279580809236406,103
11785000,47240.00000778905,-517163.25319223735,300.32897921047754,1.025689224624975,103
11790000,47260.000007793125,-515998.6504197619,298.29580953238775,1.0247236904902608,103
11795000,47280.0000077972,-516838.6677903158,300.70091096576107,1.0264595612808725,103
11800000,47300.000007801274,-516835.1444847691,298.3911977276783,1.0237971870837421,103
11805000,47320.00000780535,-517718.63979169447,302.4698997301686,1.0289394659840208,103
11810000,47340.00000780942,-516784.8258213147,300.8493199486163,1.0293891611083963,103
11815000,47360.0000078135,-516865.99757919856,300.1969115740091,1.0265517923067495,103
11820000,47380.00000781757,-516370.4327309283,299.2767540411818,1.0238372030402751,103
11825000,47400.00000782165,-517930.1450563688,303.4692408001821,1.0260862416129728,103
11830000,47420.00000782572,-517650.9676742782,304.56889701183474,1.0277762161092039,103
11835000,47440.000007829796,-517102.4719906128,298.8931494152129,1.0261176558461291,103
11840000,47460.00000783387,-518121.9966918577,300.6349256934951,1.024370047069628,103
11845000,47480.000007837945,-518138.473162069,300.41811404763865,1.0284431957222036,103
11850000,47500.00000784202,-517487.9787625747,302.0444106463302,1.0266889396914347,103
11855000,47520.000007846094,-516919.05689135427,300.3969569442705,1.0266573036085591,103
11860000,47540.00000785017,-518748.79790405673,300.4176233585508,1.0286697588191809,103
11865000,47560.00000785424,-518027.0608118989,300.85076429654583,1.0260459887314444,103
11870000,47580.00000785832,-518379.6797912095,299.6617808069708,1.029308699482891,103
11875000,47600.00000786239,-516535.0964672754,299.60769801100764,1.0288878514082078,103
11880000,47620.00000786647,-517318.1326931664,300.98502215279274,1.0271674459767148,103
11885000,47640.00000787054,-517060.5189139403,302.408728366197,1.03006390606091,103
11890000,47660.000007874616,-517230.99446013966,300.2558693044401,1.0272066915006877,103
11895000,47680.00000787869,-517244.0057887945,303.25989579276114,1.0256991431642626,103
11900000,47700.000007882765,-517193.01728510694,303.01641907245795,1.0225517625640603,103
11905000,47720.00000788684,-517544.3234294015,300.27926894376134,1.0284884832158274,103
11910000,47740.000007890914,-516594.67634380516,301.3204433464221,1.026162546167649,103
11915000,47760.00000789499,-518397.1361082522,299.0879030991738,1.0315742639238044,103
11920000,47780.00000789906,-516843.52922447654,299.95358248522604,1.0274701188998923,103
11925000,47800.00000790314,-518243.625085267,302.9279040548374,1.028714331242077,103
11930000,47820.00000790721,-518403.9479837378,303.05220080255873,1.026206591823809,103
11935000,47840.00000791129,-517023.4891653063,302.07891759347257,1.0294490372187568,103
11940000,47860.00000791536,-518188.3852003012,299.75204788049314,1.0254435960986077,103
11945000,47880.000007919436,-517992.67612785613,302.2895786963349,1.0276419433304185,103
11950000,47900.00000792351,-517338.6839384199,300.78407071261375,1.026106616197898,103
11955000,47920.000007927585,-517069.0382971703,300.4562830798453,1.0290497084726706,103
11960000,47940.00000793166,-517015.44990704674,302.3373815468157,1.0315848715937899,103
11965000,47960.000007935734,-517329.9598764074,300.45527117731956,1.0263386806560317,103
11970000,47980.00000793981,-516686.7035272808,301.10878358430665,1.025801598588004,103
11975000,48000.00000794388,-517583.0774613912,303.18920731884634,1.0271381469873189,103
11980000,48020.00000794796,-516536.99316886277,299.4872759711275,1.0271007444010514,103
11985000,48040.00000795203,-517366.14719884144,297.53843216593503,1.0245571954235135,103
11990000,48060.00000795611,-517973.2986727103,302.04915083366524,1.0268693477371789,103
11995000,48080.00000796018,-515924.4181316099,300.0505043618202,1.02363897962436,103
12000000,48100.000007964256,-517987.88960460015,301.93895077591674,1.0300514925419177,103
12005000,48120.00000796833,-517021.42578159017,300.2920676940014,1.0282788759743333,103
12010000,48140.000007972405,-517467.0625918035,300.0698044534872,1.0261273435433143,103
12015000,48160.00000797648,-516570.65596015844,299.2993658029939,1.0214618343595618,103
12020000,48180.000007980554,-517649.352348743,300.75289800860924,1.0286051898316546,103
12025000,48200.00000798463,-516380.22607145715,302.343119314865,1.0287050700361167,103
12030000,48220.0000079887,-517747.02708314173,301.9234583972185,1.0284111840696284,103
12035000,48240.00000799278,-517679.7379968101,299.1729308653359,1.0257963085486075,103
12040000,48260.00000799685,-516846.25806310726,301.27754698099045,1.0280368145099243,103
12045000,48280.00000800093,-517790.32631329866,302.618131447857,1.028243302534662,103
12050000,48300.000008005,-516121.1534060738,302.64759231176475,1.0242571899272284,103
12055000,48320.000008009076,-518259.76870770217,299.75902995953726,1.0282687692652799,103
12060000,48340.00000801315,-516286.0765552842,299.83653974292156,1.029035629243173,103
12065000,48360.000008017225,-516717.6624649842,298.2990133929398,1.0260855741197152,103
12070000,48380.0000080213,-516873.26977786166,302.05972306335144,1.0259034932441817,103
12075000,48400.000008025374,-517003.1376625756,297.62347583826147,1.0255764844941704,103
12080000,48420.00000802945,-518023.49851582316,301.00969415673063,1.0310211648892493,103
12085000,48440.00000803352,-516438.2894631461,300.1015365537625,1.0253310323923583,103
12090000,48460.0000080376,-517968.7882042567,301.8747239186535,1.0285542148383011,103
12095000,48480.00000804167,-517512.9302763741,301.4666247485995,1.02746430434507,103
12100000,48500.00000804575,-517981.7280002523,299.5397391614128,1.0317001261688679,103
12105000,48520.00000804982,-516354.8350468944,302.37338141173177,1.0224580066520699,103
12110000,48540.000008053896,-517082.97099461546,300.7291058581019,1.0282204154289654,103
12115000,48560.00000805797,-518039.70003388636,301.06420705955577,1.0251886574616003,103
12120000,48580.000008062045,-518203.34625478904,303.0863642061345,1.030279485686705,103
12125000,48600.00000806612,-517648.3982577014,304.711638824386,1.0267606554255633,103
12130000,48620.000008070194,-516344.00490833726,299.97888510285264,1.0259865568594153,103
12135000,48640.00000807427,-517450.4903927529,300.5323413721964,1.032755375921175,103
12140000,48660.00000807834,-517685.27202607226,299.9367813225242,1.0273939390181515,103
12145000,48680.00000808242,-515250.3634924856,300.0796321026602,1.0231343746052426,103
12150000,48700.00000808649,-517107.6733262453,297.6569553261441,1.0289066343101843,102
12155000,48720.00000809057,-518075.7897645766,299.1326308660211,1.0293417163191856,102
12160000,48740.00000809464,-517497.9104900188,302.13691394800964,1.0220357854697555,102
12165000,48760.000008098716,-518748.32353436504,300.47612936741996,1.029846439661115,102
12170000,48780.00000810279,-516813.6871485766,300.8171977519206,1.0234529666250558,102
12175000,48800.000008106865,-517440.97039999394,301.6620887065348,1.026766043821197,102
12180000,48820.00000811094,-517383.6779724604,299.0687470755774,1.0236693050766401,102
12185000,48840.000008115014,-517123.5798142147,300.49130040950695,1.0250422375255288,102
12190000,48860.00000811909,-517097.57390439813,301.9576536525759,1.0290550862682815,102
12195000,48880.00000812316,-517222.1905786032,302.47859027571684,1.0271757304620153,102
12200000,48900.00000812724,-516575.5987422215,303.59194124013095,1.0245434088013006,102
12205000,48920.00000813131,-518016.369253756,299.8635923060918,1.0251492963934683,102
12210000,48940.00000813539,-517960.6058425086,300.3706655274796,1.0275181373351847,102
12215000,48960.00000813946,-516520.8476524942,302.2233334091311,1.0254660557576731,102
12220000,48980.000008143536,-517424.036077308,300.83176575198894,1.0250493171833246,102
12225000,49000.00000814761,-517839.3730080775,302.0615828265608,1.0270302760052274,102
12230000,49020.000008151685,-517129.9231795033,301.5227382754459,1.026197826341363,102
12235000,49040.00000815576,-517250.93494621036,300.5094279988539,1.0286076469487395,102
12240000,49060.000008159834,-517281.83524286654,302.4882256856342,1.0256752954614647,102
12245000,49080.00000816391,-516113.00443879794,303.11983258751457,1.0256853786374738,102
12250000,49100.00000816798,-517004.8836768486,302.23467914977334,1.0263872002534316,102
12255000,49120.00000817206,-516417.3372382971,303.11962323709844,1.0239424576865899,102
12260000,49140.00000817613,-518461.76370017487,300.08174893046805,1.0302593222591951,102
12265000,49160.000008180206,-517050.71744320006,298.26526026731824,1.0262245145303222,102
12270000,49180.00000818428,-517400.6097913482,301.4077917765856,1.0267430787843033,102
12275000,49200.000008188355,-517866.15236888663,300.17961157868825,1.0247325234935383,102
12280000,49220.00000819243,-516709.9010535828,300.31555004932454,1.0237994229195135,102
12285000,49240.000008196504,-517000.00928164506,301.6299120878511,1.0250875351034017,102
12290000,49260.00000820058,-516537.4796922973,302.0644616660124,1.0274711314477578,102
12295000,49280.00000820465,-516823.557955222,300.76595347451274,1.0223025561467927,102
12300000,49300.00000820873,-518101.61216046545,303.9125142625181,1.030892441448967,102
12305000,49320.0000082128,-517289.1989711127,300.74939238174835,1.0290830518214755,102
12310000,49340.00000821688,-517229.6582530523,305.93818363189627,1.0257605934882754,102
12315000,49360.00000822095,-518452.62251216033,298.0965861666857,1.0286576802597174,102
12320000,49380.000008225026,-517523.5396204458,299.0109775549582,1.0266286155545457,102
12325000,49400.0000082291,-518024.25298156636,300.97727908920626,1.0269285714100136,102
12330000,49420.000008233175,-516600.3512361853,300.0173623448026,1.0214942782548515,102
12335000,49440.00000823725,-516681.9947166452,302.08051440837266,1.0269836284407556,102
12340000,49460.000008241324,-517089.970446727,302.1849274460281,1.0235959375501693,102
12345000,49480.0000082454,-517372.9141519519,299.40591001786146,1.027090599311849,102
12350000,49500.00000824947,-516556.4088256825,298.51527517857187,1.0249907511349745,102
12355000,49520.00000825355,-517927.8150547871,297.60010126089554,1.025211995921668,102
12360000,49540.00000825762,-516937.5951968683,299.46230067943105,1.0284117725166935,102
12365000,49560.0000082617,-517789.39306549774,302.26429044475356,1.028845773443529,102
12370000,49580.00000826577,-518790.4302762286,300.3082013471243,1.0306928396190516,102
12375000,49600.000008269846,-516922.3877875428,301.8341027268039,1.0242012939329157,102
12380000,49620.00000827392,-517160.5474143296,304.18464012747796,1.0262271885807248,102
12385000,49640.000008277995,-517176.6277744358,300.81494969919555,1.0251473458291298,102
12390000,49660.00000828207,-517008.95492629986,300.75047910575586,1.0259142910240238,102
12395000,49680.000008286144,-516531.9767619609,301.9738335801776,1.0277162390966301,102
12400000,49700.00000829022,-517519.83756039385,299.4290748511101,1.0287620512191455,102
12405000,49720.00000829429,-517066.33702962147,297.97853785782206,1.0255892910553432,102
12410000,49740.00000829837,-517297.2108487745,301.1584339013579,1.0276381588004118,102
12415000,49760.00000830244,-517450.8324957101,300.8855759189652,1.0264170271520305,102
12420000,49780.00000830652,-519357.2443384202,304.06710984772803,1.0283402255491814,102
12425000,49800.00000831059,-516769.4541071076,300.2540467759091,1.0261073161456447,102
12430000,49820.000008314666,-516856.903497624,299.29465605771185,1.0278041573638939,102
12435000,49840.00000831874,-516722.4498899833,299.5235727251583,1.0269119346160447,102
12440000,49860.000008322815,-517711.7469446731,303.4956152099699,1.0307336968931207,102
12445000,49880.00000832689,-516729.02474846155,300.0622577778167,1.0271509074144494,102
12450000,49900.000008330964,-515730.8300799767,301.770878399933,1.0223019442347256,102
12455000,49920.00000833504,-517059.7751919562,302.42916411122474,1.026447804565475,102
12460000,49940.00000833911,-516848.9643136244,301.5319644103061,1.027672252224758,102
12465000,49960.00000834319,-517719.8223744065,301.56555939943377,1.0264707840472491,102
12470000,49980.00000834726,-517355.95199556695,300.1125564728665,1.0241337209562338,102
12475000,50000.00000835134,-517140.5104250992,298.9685482990965,1.027368692170202,102
12480000,50020.00000835541,-517211.36612937227,298.1245198283033,1.0219890779023104,102
12485000,50040.000008359486,-517696.5619956602,301.54782945636225,1.026122012752649,102
12490000,50060.00000836356,-518052.01076146285,301.4458300944517,1.0231122855259192,102
12495000,50080.000008367635,-517423.91013774346,298.4221255677715,1.0276546148804073,102
12500000,50100.00000837171,-516867.29283677833,299.7650120839954,1.0275398944997034,102
