#"Step","Time (ps)","Potential Energy (kJ/mole)","Temperature (K)","Density (g/mL)","Speed (ns/day)"
5000,120.00000000005473,-515967.12894160463,300.1749639485154,1.0233665272688237,--
10000,140.00000000003652,-515326.62973802816,300.57359202834675,1.025151964889327,106
15000,159.9999999999899,-516651.47570263175,304.0669025716086,1.0241502028287657,106
20000,179.9999999999433,-516090.16649074876,300.8950060622027,1.025839004582088,106
25000,199.9999999998967,-516089.62750754924,302.3651547256158,1.0244202528345305,106
30000,219.99999999985008,-517432.5750441712,298.32423927270884,1.0245031394714734,105
35000,239.99999999980346,-516429.27386170556,300.96937019786606,1.0248144572312226,105
40000,259.99999999978525,-515634.17747327033,302.4418666160627,1.021431990705191,105
45000,279.99999999988074,-517199.5167706886,299.6497632917763,1.0227725838708954,105
50000,299.99999999997624,-515432.3029578887,299.8173522352486,1.0243586435399905,105
55000,320.00000000007174,-516650.69903332903,301.56840372291765,1.024724682453361,105
60000,340.00000000016723,-515855.4881564011,302.1631472431206,1.026413904951828,105
65000,360.00000000026273,-514677.6676680974,300.2160604004889,1.0206647531491218,105
70000,380.0000000003582,-515794.9641191852,304.20930429018955,1.0274762267498658,105
75000,400.0000000004537,-516389.06568174995,299.4957121670492,1.0316799210762253,105
80000,420.0000000005492,-517348.68212792184,301.37133976383535,1.0313647028543678,105
85000,440.0000000006447,-516174.8864280137,300.30903371302,1.0251465084955824,105
90000,460.0000000007402,-515353.64845983125,302.1129748892069,1.0212798551218687,105
95000,480.0000000008357,-516087.1403575833,299.21900311642065,1.0240425355708294,105
100000,500.0000000009312,-516419.7842890073,300.34056405430476,1.024399113809254,105
105000,520.0000000010267,-516459.0340135959,301.32670967956983,1.0236893570220493,105
110000,540.0000000011222,-516483.93233974674,300.0360328979411,1.0235566569042027,105
115000,560.0000000012177,-516181.5825643528,300.2308228886407,1.022364515491047,105
120000,580.0000000013132,-516863.5525357886,301.51369908550987,1.0268977951834553,105
125000,600.0000000014087,-515875.4962013527,300.68021451779924,1.0214691069391304,105
130000,620.0000000015042,-515698.8470022881,302.51213036036484,1.0242879243124838,105
135000,640.0000000015997,-515867.74170989473,300.1618760263156,1.0242953764794005,105
140000,660.0000000016952,-517257.21958998987,300.8735979578474,1.0281877035323665,105
145000,680.0000000017907,-515265.8018044722,301.07546845517675,1.0235579157249461,105
150000,700.0000000018862,-516933.78594416426,302.01258768164155,1.0239234581018641,105
155000,720.0000000019817,-515074.9218516408,301.22890962522297,1.0235239641386262,105
160000,740.0000000020772,-517667.6661324785,300.19756687538813,1.0258667768141148,105
165000,760.0000000021727,-516224.63658703,301.80015179087303,1.0229490576944724,105
170000,780.0000000022682,-514813.1124414995,299.1430347839725,1.0235612560303278,105
175000,800.0000000023637,-516288.5055704389,299.40981452214083,1.0270259958441086,105
180000,820.0000000024592,-517451.1962683408,303.0480416702485,1.0252702115958316,105
185000,840.0000000025547,-516438.967360087,300.0606159471214,1.028208525704676,105
190000,860.0000000026502,-515925.4036555574,302.20884613626885,1.0239061297766523,105
195000,880.0000000027457,-517042.64843757916,299.2441473387332,1.027296068828297,105
200000,900.0000000028411,-516570.13001219253,301.2863012568663,1.0265945424460086,105
205000,920.0000000029366,-515708.6453013276,302.805971232258,1.026014468837647,105
210000,940.0000000030321,-516506.5031556806,301.7604705830794,1.0230890775107326,105
215000,960.0000000031276,-517390.2520233621,299.9311619473619,1.025156538971236,105
220000,980.0000000032231,-517256.43863313016,298.52367257168487,1.021094304411495,105
225000,1000.0000000033186,-515614.2505114542,300.6195662665893,1.0244251437096359,105
230000,1020.0000000034141,-516476.5391157253,301.5214904714623,1.028375348972677,105
235000,1040.0000000030548,-516225.1951740843,300.3057680909661,1.0259236041549236,105
240000,1060.0000000025818,-516584.1541740643,302.3507141208329,1.0184856007273384,105
245000,1080.000000002109,-516406.9095849334,303.8736605511115,1.0274615527907622,105
250000,1100.000000001636,-517299.61259814375,302.28540533567156,1.0256106382045918,105
255000,1120.000000001163,-517269.8526741301,299.89166174618816,1.0230631850540959,105
260000,1140.00000000069,-515787.135749371,303.8826367461323,1.0250074626249202,105
265000,1160.0000000002171,-515814.90769729484,301.5621289791679,1.0206131694474359,105
270000,1179.9999999997442,-515617.2308220118,302.45839136306256,1.023409771495715,105
275000,1199.9999999992713,-516921.6231754334,299.88841109875557,1.0229705480788234,105
280000,1219.9999999987983,-516906.25894024107,299.37952382325574,1.0258960998144078,105
285000,1239.9999999983254,-515992.7549459138,298.9754544520126,1.0242559674161387,105
290000,1259.9999999978525,-516244.80831764825,303.3551352130455,1.0244852987510698,105
295000,1279.9999999973795,-517780.14386610524,301.82455128247807,1.0273594673824082,105
300000,1299.9999999969066,-516605.6565859611,301.4000879985492,1.0288394187505812,105
305000,1319.9999999964336,-516222.17331213155,299.0118596624846,1.025861186820246,105
310000,1339.9999999959607,-516492.13360811654,302.7195957818298,1.0275013650417009,105
315000,1359.9999999954878,-517052.0134371042,297.1443264489519,1.0286973921819993,105
320000,1379.9999999950148,-515537.48717242596,300.1197054456398,1.0258909662873095,105
325000,1399.999999994542,-516137.78314760025,302.38257206300506,1.0245672346617702,105
330000,1419.999999994069,-516354.2703436841,301.45873311623916,1.0249060985813454,105
335000,1439.999999993596,-515052.6212607499,302.4805577026702,1.0256935263055884,105
340000,1459.999999993123,-517032.90979277925,301.0310396945003,1.0266250607120284,105
345000,1479.9999999926501,-517325.97732460895,300.7031032621134,1.0246869522056772,105
350000,1499.9999999921772,-517139.2626400939,300.154656176794,1.029599689505271,105
355000,1519.9999999917043,-516827.65421413234,300.48563144113064,1.0271589557460143,105
360000,1539.9999999912313,-515063.15066122497,299.76498150350216,1.020859054078837,105
365000,1559.9999999907584,-515421.4880265731,300.77810717227334,1.0239044934509771,105
370000,1579.9999999902855,-517214.16798156966,301.6773295598838,1.0269269504679952,105
375000,1599.9999999898125,-517011.63575513917,299.3973479468635,1.0267260111651013,105
380000,1619.9999999893396,-516209.5312299514,303.30808526574316,1.0266086008292272,105
385000,1639.9999999888666,-517240.7731252797,298.12463572527304,1.0295037906090452,105
390000,1659.9999999883937,-516714.86700449325,301.26552480163105,1.0294078358985517,105
395000,1679.9999999879208,-517620.367287843,298.3408351401419,1.0265384093221013,105
400000,1699.9999999874478,-516102.7720975515,301.56339071213995,1.0284739777608367,105
405000,1719.999999986975,-516673.71535751363,300.116093808921,1.0255370284814598,105
410000,1739.999999986502,-516047.42837032024,300.6150744838833,1.0251934894671881,105
415000,1759.999999986029,-516349.46560971276,302.9032596952835,1.0255114265555865,105
420000,1779.999999985556,-516228.89784557396,300.0698555855158,1.020681005976083,105
425000,1799.9999999850832,-517107.8327089178,300.64684356013026,1.0217043552925331,105
430000,1819.9999999846102,-516333.71555517986,302.1813547924999,1.0244771412470388,105
435000,1839.9999999841373,-515813.08413610584,299.19523364668913,1.0269706753571568,105
440000,1859.9999999836643,-516266.3792998404,300.36699819602484,1.0254018674163412,105
445000,1879.9999999831914,-515718.7992725293,302.525518284872,1.0219906149193456,105
450000,1899.9999999827185,-516508.97476452286,301.92103184451577,1.0278857072487584,105
455000,1919.9999999822455,-517127.93208441045,298.8311192992009,1.0282049954746735,105
460000,1939.9999999817726,-515938.76931433356,299.6625792843846,1.025843402320603,105
465000,1959.9999999812997,-517349.6152253356,300.3875500339269,1.0301835524829552,105
470000,1979.9999999808267,-516531.65344144707,302.83888861069005,1.027490076418448,105
475000,1999.9999999803538,-516920.01077425084,298.0453709625461,1.02975356803003,105
480000,2019.9999999798808,-517019.28653726354,299.02693887468206,1.0246017349999685,105
485000,2039.999999979408,-517942.50456287246,301.4258155849658,1.029294066537431,105
490000,2059.999999978935,-516740.6114791909,300.77273804701815,1.0273939160850964,105
495000,2079.9999999784623,-517356.1222835954,301.65295314623177,1.026927939362587,105
500000,2099.9999999779893,-516436.8471818371,302.4826501927626,1.025623198868765,105
505000,2119.9999999775164,-517124.25397279,302.000514246998,1.0262972002844464,105
510000,2139.9999999770434,-517109.5521079835,301.0763394345643,1.0231411872539333,105
515000,2159.9999999765705,-516218.1221426523,301.96016525772416,1.0246635149679024,105
520000,2179.9999999760976,-515950.3286857542,300.970759577295,1.024616498319241,105
525000,2199.9999999756246,-516832.30402978975,299.89742750774855,1.0248436116019604,105
530000,2219.9999999751517,-515545.7179498882,300.3148778463941,1.0223309610084226,105
535000,2239.9999999746788,-516451.22532444634,299.11018112028523,1.024922395061013,105
540000,2259.999999974206,-517290.94399508764,297.62523313112314,1.0271502662986982,105
545000,2279.999999973733,-516946.8844943384,300.82069625884174,1.027573966406617,105
550000,2299.99999997326,-517040.2905428051,301.05910301477263,1.02834179451476,105
555000,2319.999999972787,-515842.84070240427,298.5521585274223,1.0255763503391873,105
560000,2339.999999972314,-517585.5247103835,298.24897672456365,1.0262412856449719,105
565000,2359.999999971841,-517038.12794303615,302.6821237254419,1.0232885289893083,105
570000,2379.999999971368,-517025.5048847366,297.8586504288043,1.0262897125831851,105
575000,2399.9999999708953,-516916.99813811877,300.61478409932846,1.025743785871046,105
580000,2419.9999999704223,-515156.80056952965,301.45191011959326,1.0218757750032634,105
585000,2439.9999999699494,-515935.29766366375,303.5452553903343,1.0293362326524416,105
590000,2459.9999999694764,-516952.31999608106,300.15112913178433,1.029772484847362,105
595000,2479.9999999690035,-516422.20467300643,301.38629040447006,1.0238913778066407,105
600000,2499.9999999685306,-516251.39565135445,301.33842341798885,1.0208723976299694,105
605000,2519.9999999680576,-516499.4773165027,300.47908622660657,1.0237645859975844,105
610000,2539.9999999675847,-516026.852539971,300.1240789467111,1.027689828528128,105
615000,2559.9999999671118,-516155.97346939426,299.9702555528462,1.0222602250202983,105
620000,2579.999999966639,-516919.73719392763,301.49017868485737,1.0298154210140662,105
625000,2599.999999966166,-515869.38780437596,300.34823849258134,1.0248773189426603,105
630000,2619.999999965693,-517798.9009637444,302.9438969905399,1.0283950512649471,105
635000,2639.99999996522,-515856.9559470825,296.70885249962015,1.0239556100166765,105
640000,2659.999999964747,-515713.710498824,299.0418963008976,1.0260300165684701,105
645000,2679.999999964274,-515590.7026438131,301.23906969743234,1.0213853483985522,105
650000,2699.999999963801,-516896.758062575,299.8440223200838,1.026352686640856,105
655000,2719.9999999633283,-518068.9761617654,298.9062857106641,1.0279938699312388,105
660000,2739.9999999628553,-515338.3603123189,304.57171552410455,1.0197595338028036,105
665000,2759.9999999623824,-517346.1794941153,301.3335807861029,1.0283012682755406,105
670000,2779.9999999619095,-517076.10167784034,300.46604720914377,1.0274738793175922,105
675000,2799.9999999614365,-515438.460431264,303.33851736776217,1.0252534836641096,105
680000,2819.9999999609636,-516136.90831855824,299.617736817691,1.026594160241351,105
685000,2839.9999999604906,-517025.0121135581,299.7608358346728,1.0330506773529042,105
690000,2859.9999999600177,-515417.9590161629,304.14693314254026,1.0249396995087767,104
695000,2879.9999999595448,-516192.651291823,300.84526207170967,1.0269475702447908,104
700000,2899.999999959072,-516708.66050410154,302.22370463625015,1.0262914180024332,104
705000,2919.999999958599,-515480.71465734043,300.37017938169294,1.0263352448078158,104
710000,2939.999999958126,-516302.06951844227,301.0770061341492,1.0297483234012381,104
715000,2959.999999957653,-515690.8835230151,300.92808931907183,1.0269271945114458,104
720000,2979.99999995718,-516627.64027197775,300.5034198548797,1.0258337769375736,104
725000,2999.999999956707,-515182.6999320863,300.6936930867978,1.0255582803852616,104
730000,3019.999999956234,-515837.86237462214,302.02066146485913,1.021991005663842,104
735000,3039.9999999557613,-515711.79395787907,300.3544311030171,1.0229008936833397,104
740000,3059.9999999552883,-516827.7857014227,302.628046217975,1.0275472767726224,104
745000,3079.9999999548154,-516757.11098187556,300.86012963558585,1.0232225795938108,104
750000,3099.9999999543425,-516698.3507206256,300.19102179212416,1.021911322334932,104
755000,3119.9999999538695,-517128.7000757016,298.9432098035676,1.0251235609333735,104
760000,3139.9999999533966,-517627.29302866105,299.95769868115536,1.0254126257006857,104
765000,3159.9999999529236,-515130.99027389893,302.37444376414635,1.025802071297406,104
770000,3179.9999999524507,-516123.60532689677,302.6684012967203,1.0284750355228216,104
775000,3199.9999999519778,-516391.19345009676,298.19868344416307,1.0248480917621332,104
780000,3219.999999951505,-516328.8573456262,300.5925446627575,1.0258385820756293,104
785000,3239.999999951032,-516692.56517625717,300.9310090178256,1.0245389095581525,104
790000,3259.999999950559,-516570.9204034803,303.31881916068966,1.0270584374600824,104
795000,3279.999999950086,-516177.8900284844,302.70205960403814,1.022344179696405,104
800000,3299.999999949613,-516136.71225461015,302.77574353491104,1.0301230937896195,104
805000,3319.99999994914,-516499.3136467268,301.3031101470934,1.0247772669218176,104
810000,3339.999999948667,-517310.0342995287,302.0939650075639,1.0255334194532575,104
815000,3359.9999999481943,-516048.1797423719,297.69364812735375,1.0206232570586737,104
820000,3379.9999999477213,-516064.6697997495,302.08372389355304,1.0231232384899756,104
825000,3399.9999999472484,-518091.928994216,299.6084828126403,1.0291841479078525,104
830000,3419.9999999467755,-517893.43607849046,301.3700290015436,1.0278741314599118,104
835000,3439.9999999463025,-515577.15223023435,301.41494424954976,1.0213229311730307,104
840000,3459.9999999458296,-517288.9124555208,299.4903670161441,1.0242002439419902,104
845000,3479.9999999453566,-517820.2275758621,301.442765671283,1.0235022127227036,104
850000,3499.9999999448837,-515599.09231213597,299.0603132844216,1.028265271480335,104
855000,3519.999999944411,-515254.20672827936,302.4371362533369,1.0261996804260354,104
860000,3539.999999943938,-516416.2877843308,300.25857911150445,1.0242156758883594,104
865000,3559.999999943465,-514807.3480296598,302.12427775131147,1.0211635786379,104
870000,3579.999999942992,-516612.1287104762,298.879905019881,1.0270477155156845,104
875000,3599.999999942519,-517723.5240219594,298.96833233549285,1.0272680522768085,104
880000,3619.999999942046,-516923.1333356439,302.22485028182166,1.0263507980352675,104
885000,3639.999999941573,-517230.27947361534,297.54481171838927,1.0287067639606873,104
890000,3659.9999999411,-517111.45261975774,301.1507445852646,1.0258892022139698,104
895000,3679.9999999406273,-517347.3306151801,300.58039106728364,1.0272723510649555,104
900000,3699.9999999401543,-516267.7846583368,303.36348670371126,1.0227194092556757,104
905000,3719.9999999396814,-516308.959248187,299.88546503757806,1.0287080485368068,104
910000,3739.9999999392085,-516231.5255630219,299.5710563551542,1.0239599623120443,104
915000,3759.9999999387355,-516220.8332085421,302.9765066145649,1.0214293223160194,104
920000,3779.9999999382626,-516868.1508875331,300.54873736976003,1.026631310092313,104
925000,3799.9999999377897,-517832.4955643697,301.10692346642855,1.0223438326567242,104
930000,3819.9999999373167,-515857.4896800306,300.90584737060243,1.0254255809263995,104
935000,3839.999999936844,-517038.74519020016,303.6716415358075,1.0318762208357124,104
940000,3859.999999936371,-515858.1542945206,301.099003964808,1.0249957808988288,104
945000,3879.999999935898,-516592.989349931,302.8759822943907,1.0242055190323636,104
950000,3899.999999935425,-516162.93022983917,303.1078882585064,1.0266026213685444,104
955000,3919.999999934952,-516509.1674195416,301.0994836663569,1.0245060107022508,104
960000,3939.999999934479,-517026.70397825073,302.2995871812916,1.0303861189756607,104
965000,3959.999999934006,-515908.2005594212,302.3634823261879,1.0254603762783652,104
970000,3979.999999933533,-516579.8732636713,302.2686379627886,1.0241881965321102,104
975000,3999.9999999330603,-516552.86584052374,299.09430798634975,1.0244719936220557,104
980000,4019.9999999325873,-516837.68985847617,299.9333914216329,1.0259406023116293,104
985000,4039.9999999321144,-516706.8958586678,300.68332699215244,1.0260870475684747,104
990000,4059.9999999316415,-517484.49085880746,300.0567415681372,1.0293009681183392,104
995000,4079.9999999311685,-516746.4951794937,299.168980279148,1.0251077711453922,104
1000000,4099.999999930696,-516462.88886236725,301.5977269435018,1.0249513885976178,104
1005000,4119.999999930223,-516744.04741974315,300.8979638054718,1.0306008019877644,104
1010000,4139.99999992975,-515866.95337154483,300.49778227388373,1.025076039763693,104
1015000,4159.999999929277,-516656.4779537271,300.0133116170226,1.0277911505228836,104
1020000,4179.999999928804,-514969.59009004664,298.2460674587454,1.0243349811243638,104
1025000,4199.999999928331,-517523.65238369186,298.84037548480495,1.0289167597094828,104
1030000,4219.999999927858,-516416.8405846879,302.20924366211113,1.022897350394233,104
1035000,4239.999999927385,-516459.1490661765,300.70026201721686,1.026427586687216,104
1040000,4259.999999926912,-516846.6200494063,302.23431042467604,1.02424946360543,104
1045000,4279.999999926439,-516804.2963367258,302.45454519452176,1.025034074594677,104
1050000,4299.999999925966,-516276.61605875497,299.8177619711842,1.0256532842140262,104
1055000,4319.999999925493,-516277.4703227901,301.41726545500075,1.027154561771849,104
1060000,4339.99999992502,-515840.95965182176,301.9310387021225,1.0235818869740336,104
1065000,4359.999999924547,-514466.12723569525,302.4102332832075,1.0237187255750713,104
1070000,4379.9999999240745,-517644.7396790909,300.8319246309981,1.0274762567183435,104
1075000,4399.9999999236015,-516278.715560704,301.28817777043196,1.0258972641016793,104
1080000,4419.999999923129,-515156.3720629853,300.90121506869826,1.0289713574992203,104
1085000,4439.999999922656,-516138.16038393416,303.0129183024346,1.0225429833439847,104
1090000,4459.999999922183,-516585.8859365857,300.5790755689625,1.0274154751912559,104
1095000,4479.99999992171,-516673.16192650003,301.9057945202527,1.0256105074283577,104
1100000,4499.999999921237,-516758.029720525,303.8893904125584,1.0272545399788968,104
1105000,4519.999999920764,-515888.39460621355,301.01325305215664,1.0244104984497253,104
1110000,4539.999999920291,-516218.4765552862,300.48486295608944,1.0266125184391919,104
1115000,4559.999999919818,-517683.7646645843,302.5260489130242,1.0287524164172146,104
1120000,4579.999999919345,-516479.6006674324,300.38522850834096,1.0281261138871043,104
1125000,4599.999999918872,-515265.50361941033,301.75167426629594,1.0280044396728814,104
1130000,4619.999999918399,-517478.3311825432,302.8514780560537,1.0253210993173343,104
1135000,4639.999999917926,-516832.249763343,299.43869972447055,1.0299041370600237,104
1140000,4659.999999917453,-516418.2973665602,300.18086468228336,1.028387132220066,104
1145000,4679.99999991698,-517816.41500786506,304.0749577958429,1.0297929023242753,104
1150000,4699.9999999165075,-516532.3775256756,303.01101775387025,1.028661328833657,104
1155000,4719.9999999160345,-517168.9164055623,300.8099560926256,1.0251238176978734,104
1160000,4739.999999915562,-516862.11775696697,301.29545357631093,1.027537441065917,104
1165000,4759.999999915089,-515195.8702057926,301.17184999172423,1.0243530196823731,104
1170000,4779.999999914616,-516506.0103479703,299.98570476929365,1.0276074020036277,104
1175000,4799.999999914143,-516230.4005480977,300.29668203915134,1.0242144530306332,104
1180000,4819.99999991367,-516686.5662561278,301.37368821681224,1.0261286924116615,104
1185000,4839.999999913197,-516738.7914759347,302.0026970386326,1.023957238166337,104
1190000,4859.999999912724,-516820.9859271215,300.4608401910177,1.0275239306952089,104
1195000,4879.999999912251,-517470.2191164794,302.60007202743344,1.026741059346721,104
1200000,4899.999999911778,-516990.8826038907,301.38204352008785,1.0296002525752217,104
1205000,4919.999999911305,-517210.1508364782,301.961196397082,1.0229199829007543,104
1210000,4939.999999910832,-516391.31330449437,300.75653983828437,1.0303663519031236,104
1215000,4959.999999910359,-517022.47257062444,301.0374769331688,1.027797883908265,104
1220000,4979.999999909886,-516345.2530804821,301.0122303843244,1.0214261221417078,104
1225000,4999.999999909413,-517141.78180150175,302.05367885151145,1.025623768631584,104
1230000,5019.9999999089405,-517294.4464893041,303.3044001963427,1.0269480286488522,104
1235000,5039.9999999084675,-515136.77702860883,300.30149670073683,1.0209316169909253,104
1240000,5059.999999907995,-516882.9951049001,297.9150249985206,1.025473775944829,104
1245000,5079.999999907522,-516934.6800032486,299.77411144336094,1.0305980553593768,104
1250000,5099.999999907049,-516481.86992876,301.9809454635881,1.0267289063670184,104
1255000,5119.999999906576,-516639.6248629305,301.3602925940102,1.0268283402990648,104
1260000,5139.999999906103,-517473.94191956753,299.6460638274772,1.025773009535237,104
1265000,5159.99999990563,-517297.40583317075,300.69393612181136,1.02556321517137,104
1270000,5179.999999905157,-517316.06936929724,301.5050386795842,1.027101681940935,104
1275000,5199.999999904684,-516812.79473635764,299.84652490864505,1.0228662896370009,104
1280000,5219.999999904211,-516781.1363027531,302.3408315503792,1.0250445989991082,104
1285000,5239.999999903738,-517125.1422479709,300.1943463775886,1.030122162167776,104
1290000,5259.999999903265,-517225.0454310293,300.0886503322184,1.0255287100518389,104
1295000,5279.999999902792,-515021.1807827444,300.73165360311555,1.025830554962533,104
1300000,5299.999999902319,-515858.6240099638,300.5374259507334,1.0261133072806647,104
1305000,5319.999999901846,-516419.4813402882,298.31196149240907,1.02346932901829,104
1310000,5339.9999999013735,-516233.2806321806,299.6700576183322,1.0234900774832858,104
1315000,5359.999999900901,-516497.5782666588,301.91027307162767,1.0274877044302921,104
1320000,5379.999999900428,-516178.0117433546,302.23124140519866,1.025890004513323,104
1325000,5399.999999899955,-516492.2369591119,301.9660072202783,1.027401239463785,104
1330000,5419.999999899482,-516313.2240625308,300.12177848008673,1.0262739891731423,104
1335000,5439.999999899009,-515405.56040995475,301.08319420390524,1.0240430421294195,104
1340000,5459.999999898536,-515818.14118483406,301.4847886653148,1.025209830258082,104
1345000,5479.999999898063,-516464.3210870556,302.85173251005097,1.0251581542341612,104
1350000,5499.99999989759,-518074.46556772524,301.91946622199106,1.0242274752943272,104
1355000,5519.999999897117,-516436.38412046246,298.94882649389433,1.0243924962150355,104
1360000,5539.999999896644,-516406.13003706327,299.9375162814688,1.0246621181535454,104
1365000,5559.999999896171,-517442.78504271084,299.181026000687,1.0250330633026292,104
1370000,5579.999999895698,-516761.6600022514,301.1259236409036,1.0255328724635207,104
1375000,5599.999999895225,-516029.20184805384,300.800608977771,1.0268456566415967,104
1380000,5619.999999894752,-516752.44806371816,303.72558362862446,1.0295828363122512,104
1385000,5639.999999894279,-516686.55188964005,299.96777698206677,1.0237979503322474,104
1390000,5659.9999998938065,-517637.1701702669,301.0263562837963,1.0283115091278947,104
1395000,5679.999999893334,-517572.096132203,300.78158386843313,1.027006100835308,104
1400000,5699.999999892861,-515206.4764925593,301.2153649338339,1.0269497615556649,104
1405000,5719.999999892388,-516847.50026481715,300.0405917075941,1.0277858151852328,104
1410000,5739.999999891915,-516476.5075693219,301.2636110514547,1.0293626557557172,104
1415000,5759.999999891442,-516311.87956580776,298.70299453228637,1.023842653923888,104
1420000,5779.999999890969,-516299.50792759284,299.5455157653672,1.0270700625228295,104
1425000,5799.999999890496,-516336.61275433097,300.83396510610385,1.024184706727084,104
1430000,5819.999999890023,-516597.10088643944,302.74207009111194,1.026498106350574,104
1435000,5839.99999988955,-516009.6890265066,300.59816520584917,1.0243078370467102,104
1440000,5859.999999889077,-517472.12189029274,300.31610277733694,1.031412667505165,104
1445000,5879.999999888604,-516211.55182675156,301.5166072644855,1.0249772388634408,104
1450000,5899.999999888131,-517038.8159529846,302.2308369239906,1.0271176795312071,104
1455000,5919.999999887658,-517344.9676672118,300.6307245964262,1.0289234175158883,104
1460000,5939.999999887185,-516557.7320283328,302.5864686840455,1.0243324907961786,104
1465000,5959.999999886712,-515943.60578520596,304.15376284165404,1.0255312022498917,104
1470000,5979.9999998862395,-516701.3973286811,301.4766849013546,1.025776443650153,104
1475000,5999.999999885767,-516721.1271860879,303.9796867783325,1.0271252480311135,104
1480000,6019.999999885294,-515587.5274475843,301.2246304963133,1.0246049582006285,104
1485000,6039.999999884821,-516403.9176966613,300.8269720277498,1.0263428076935674,104
1490000,6059.999999884348,-515429.8586131453,301.09700863080667,1.0226766432587808,104
1495000,6079.999999883875,-517092.9303233011,300.97302761470263,1.0277881329893135,104
1500000,6099.999999883402,-516795.4384948353,301.6585238524586,1.027769962631983,104
1505000,6119.999999882929,-517825.99223449756,303.54803540980254,1.0280039062686728,104
1510000,6139.999999882456,-516568.8088268356,299.8356018593072,1.0291970114599966,104
1515000,6159.999999881983,-517127.00281226356,299.1518081813963,1.0243582285507822,104
1520000,6179.99999988151,-517118.75988549856,302.40049644787,1.0254861705943967,104
1525000,6199.999999881037,-516224.9632479183,300.1356686952962,1.023764237896619,104
1530000,6219.999999880564,-517151.6647448421,298.84664848699174,1.0290172912655111,104
1535000,6239.999999880091,-516332.0637089326,300.18288658695457,1.0255435165649815,104
1540000,6259.999999879618,-516462.2196621604,299.8648482754407,1.0240711456219957,104
1545000,6279.999999879145,-516181.5717411123,302.9924741644602,1.023181822109152,104
1550000,6299.9999998786725,-518233.4665890529,301.00002923872154,1.027715002308955,104
1555000,6319.9999998782,-516537.9469911314,299.88961524210333,1.0244722390669356,104
1560000,6339.999999877727,-516315.07707376336,303.3670361716696,1.0209150476075108,104
1565000,6359.999999877254,-517908.3644739855,301.0563201819468,1.0250761806261417,104
1570000,6379.999999876781,-517051.8851837362,301.4582322308394,1.0264763705476558,104
1575000,6399.999999876308,-516993.83870544867,301.2576557387462,1.0242053369396378,104
1580000,6419.999999875835,-515968.6460895506,300.17430408358666,1.023489201159664,104
1585000,6439.999999875362,-516590.9598046504,299.3558159509471,1.024143101222855,104
1565000,6359.999999877254,-516089.2850855058,302.4994514577569,1.027628110887931,--
1570000,6379.999999876781,-516885.3359211527,298.9563041652288,1.0269970267329627,107
1575000,6399.999999876308,-517504.47257415997,299.6291728112959,1.0261135357313245,107
1580000,6419.999999875835,-517970.8555460386,298.1705554886273,1.027457244016284,106
1585000,6439.999999875362,-517390.6689268616,301.4915405864139,1.0287541114915686,106
1590000,6459.999999874889,-517022.181994729,302.26220089613645,1.024475210687583,106
1595000,6479.999999874416,-516537.17803225876,301.2438800809695,1.023704391682209,106
1600000,6499.999999873943,-516084.6544158105,302.38198911171236,1.0197758222010072,106
1605000,6519.99999987347,-518196.9758263021,299.98295339448845,1.0289991894120176,106
1610000,6539.999999872997,-517878.5078959507,298.34056142665656,1.031265349851501,106
1615000,6559.999999872524,-516795.05906897015,304.50404219752187,1.0265656212824077,105
1620000,6579.999999872051,-517439.0633621416,299.8384791502358,1.0287244144278689,105
1625000,6599.999999871578,-515765.0966608254,302.596622786137,1.0236947781652532,105
1630000,6619.9999998711055,-515399.93902894505,302.65226130733384,1.0256273898005566,105
1635000,6639.999999870633,-516946.98559130426,300.7303097110669,1.0266271584540942,105
1640000,6659.99999987016,-516846.34771747235,299.60711108741066,1.027132312091774,105
1645000,6679.999999869687,-516806.31560719665,302.24249758248476,1.0297423322558754,105
1650000,6699.999999869214,-517082.16564749996,301.2758164091363,1.0294303714952053,105
1655000,6719.999999868741,-515722.8432147731,303.4262521400427,1.0221699592196207,105
1660000,6739.999999868268,-516383.99452813365,298.8005592509588,1.0240945628265554,105
1665000,6759.999999867795,-516738.58309781505,301.4230590657717,1.0287329473073112,105
1670000,6779.999999867322,-516330.2293657558,302.52968497329647,1.0261361979210744,105
1675000,6799.999999866849,-516265.946399373,302.2240256814245,1.0293917621393391,105
1680000,6819.999999866376,-517189.80267019523,300.8967980986763,1.0266334079902808,105
1685000,6839.999999865903,-516671.94984637294,299.62096562446965,1.029002769823962,105
1690000,6859.99999986543,-516354.4248342393,302.40640682619795,1.0279128254314782,105
1695000,6879.999999864957,-515925.29346569045,302.28759354816765,1.0253993273697883,105
1700000,6899.999999864484,-517036.7456408858,298.83625667944045,1.029991673329653,105
1705000,6919.999999864011,-517340.3969829944,300.6680534732418,1.0242122184717812,105
1710000,6939.9999998635385,-517086.6028931737,300.3780030837874,1.0234903817813592,105
1715000,6959.999999863066,-516469.907437935,299.0403171321875,1.0278451786311136,105
1720000,6979.999999862593,-515601.6343081801,299.5710344887755,1.023022954477578,105
1725000,6999.99999986212,-516543.99599340046,300.14496260701367,1.031207491498905,105
1730000,7019.999999861647,-517845.3562408178,301.26618650204495,1.026300415706145,105
1735000,7039.999999861174,-515926.76999542513,301.061116049451,1.0281690143065925,105
1740000,7059.999999860701,-516285.3013420522,302.68791326935593,1.0218247706331576,105
1745000,7079.999999860228,-517303.37033276586,300.4338517024411,1.0288855165444677,105
1750000,7099.999999859755,-516721.6204448235,304.0784360860643,1.0242074811329271,105
1755000,7119.999999859282,-516958.3467683587,301.90895567645816,1.0289991787598654,105
1760000,7139.999999858809,-516258.8931659993,301.4370684647357,1.0231951628056526,105
1765000,7159.999999858336,-516199.1071221812,300.87341813568815,1.0247000620223299,105
1770000,7179.999999857863,-517412.4596598274,301.7038589607745,1.0306890070053352,105
1775000,7199.99999985739,-517083.7736132336,300.52646544735325,1.0256486993695602,105
1780000,7219.999999856917,-517315.97105874843,301.361424187945,1.0266450115597807,105
1785000,7239.999999856444,-516411.5305815034,300.09946856903923,1.0282181663972574,105
1790000,7259.9999998559715,-516058.81174011226,302.4714924765727,1.0231225553093986,105
1795000,7279.999999855499,-517496.14794007083,303.0886913920327,1.0244169043907747,105
1800000,7299.999999855026,-516739.44125954853,302.8829835521202,1.0254253585258177,105
1805000,7319.999999854553,-517505.3867497924,302.78731751268657,1.0285042451459547,105
1810000,7339.99999985408,-515961.417799579,300.05162939594584,1.0232830398017614,105
1815000,7359.999999853607,-517269.30348266265,299.95841703743577,1.0285421205876977,105
1820000,7379.999999853134,-517299.5849902646,300.9399533573966,1.0252500683402803,105
1825000,7399.999999852661,-516824.1590837743,301.0358944660242,1.0276558387910528,105
1830000,7419.999999852188,-516719.0448557355,298.67836199470577,1.0291137880717312,105
1835000,7439.999999851715,-515634.10958183487,299.23331343449115,1.0215899432508497,105
1840000,7459.999999851242,-517067.65604776214,300.51235615043146,1.0273981548570998,105
1845000,7479.999999850769,-516384.293145224,302.58517867251436,1.0277948510533435,105
1850000,7499.999999850296,-515950.9764267057,299.0690703688973,1.0255215690437578,105
1855000,7519.999999849823,-517127.6853936082,297.69383080525563,1.0288348273805072,105
1860000,7539.99999984935,-517267.51074899547,301.10088775236824,1.028456491816459,105
1865000,7559.999999848877,-517378.49975216226,300.4385818883752,1.0264085568597063,105
1870000,7579.9999998484045,-516722.6460173093,299.76930979319906,1.0212662319800359,105
1875000,7599.999999847932,-517748.75458162255,300.35718755948085,1.0268075572424322,105
1880000,7619.999999847459,-517602.83841331955,299.1008414874272,1.0275007135516798,105
1885000,7639.999999846986,-516721.18742017495,304.07540593621707,1.0258508993299669,105
1890000,7659.999999846513,-516652.5183121748,300.97919559633567,1.021834667392895,105
1895000,7679.99999984604,-517012.0615080204,303.13821746198875,1.0228539174356293,105
1900000,7699.999999845567,-516395.1949542102,300.9225411351462,1.0276510860749528,105
1905000,7719.999999845094,-516152.5571559763,299.3874181916968,1.0248516384194744,105
1910000,7739.999999844621,-516225.5556710961,301.84592531851536,1.0224585669674497,105
1915000,7759.999999844148,-516617.49272873276,300.22449599548514,1.028413022278871,105
1920000,7779.999999843675,-516084.185753515,301.1142159754418,1.0271329467235342,105
1925000,7799.999999843202,-517015.6808056624,301.20524271000465,1.0279772976512593,105
1930000,7819.999999842729,-515605.74238312035,301.2478191404201,1.0259165202398768,105
1935000,7839.999999842256,-516505.314408954,303.7535508870616,1.0266561386911153,105
1940000,7859.999999841783,-516651.559683335,301.8643025434302,1.026455527235232,105
1945000,7879.9999998413105,-517239.31640230166,300.161594349114,1.0263351317300031,105
1950000,7899.9999998408375,-516390.53787065134,299.6681749585616,1.0247745420369156,105
1955000,7919.999999840365,-516843.7657258124,300.1472306526642,1.029819417780529,105
1960000,7939.999999839892,-517044.1177463557,297.38966901294833,1.022824822412566,105
1965000,7959.999999839419,-517162.6512678184,299.57773997492,1.0304737804160302,105
1970000,7979.999999838946,-517469.8086827218,302.58448791271866,1.0264707970963887,105
1975000,7999.999999838473,-517174.2169760568,305.31016407561015,1.0251635759170468,105
1980000,8019.999999838,-517181.55422849,298.4822617335898,1.028405590410805,105
1985000,8039.999999837527,-518037.83184535033,298.9565179821485,1.0284389860897138,105
1990000,8059.999999837054,-517589.8482498843,300.3754736363055,1.0229637946745105,105
1995000,8079.999999836581,-516305.91954833036,300.00019291909933,1.0251054696722703,105
2000000,8099.999999836108,-516747.3155647288,301.6761864319077,1.0222235804844246,105
2005000,8119.999999835635,-516927.05793998763,303.2646784365503,1.0275816792836703,105
2010000,8139.999999835162,-517185.09425290604,298.5340620634239,1.0259156398252653,105
2015000,8159.999999834689,-516022.1949378755,301.4534439077703,1.0211039815797784,105
2020000,8179.999999834216,-516878.94938169676,302.804067136129,1.0256553925186098,105
2025000,8199.999999835562,-517306.0533623302,302.34519704650023,1.0289637324787178,105
2030000,8219.999999839636,-516249.23017516546,300.9937977289824,1.024199093983375,105
2035000,8239.99999984371,-517450.5288967204,299.51045357724536,1.0265807541977148,105
2040000,8259.999999847785,-517481.8539717803,300.5719541227217,1.027829681985602,105
2045000,8279.99999985186,-517066.6928322383,301.6881358634822,1.0268929448229747,105
2050000,8299.999999855934,-516396.0015924708,298.6807240186149,1.0265683643094552,105
2055000,8319.999999860009,-516226.1640190645,302.8663958042352,1.0243067730816005,105
2060000,8339.999999864083,-516589.02137808665,299.636425836376,1.027155822118012,105
2065000,8359.999999868158,-517032.4964544941,301.18678918295035,1.0242224656685661,105
2070000,8379.999999872232,-517184.90637665335,297.9734396597079,1.0234770919810532,105
2075000,8399.999999876307,-517317.6572803571,303.3853901150528,1.0255112016619536,105
2080000,8419.999999880381,-517402.3604877752,300.72564965973254,1.0242879829320535,105
2085000,8439.999999884456,-515610.09378084494,299.6406516448627,1.0204391631741085,105
2090000,8459.99999988853,-517015.3961863655,299.1702061713333,1.025640415631609,105
2095000,8479.999999892605,-516520.1521642569,302.3869629659684,1.0294438591228432,105
2100000,8499.99999989668,-516387.4477999753,300.8332605861131,1.0230048777955798,105
2105000,8519.999999900754,-515854.8104502787,302.50070665808505,1.028328408958826,105
2110000,8539.999999904829,-516458.730079724,300.41153131530854,1.0277117341409974,105
2115000,8559.999999908903,-516398.4537861713,301.8253149286013,1.026682220299279,105
2120000,8579.999999912978,-516801.35265099583,299.57665524715475,1.0244823670309424,105
2125000,8599.999999917052,-516624.6051969731,303.76766779609096,1.0287177612789997,105
2130000,8619.999999921127,-517687.71291537816,301.79951071663334,1.0254258256812676,105
2135000,8639.999999925201,-516105.36455553584,300.46557780700357,1.024127237496151,105
2140000,8659.999999929276,-518452.00601965026,297.42434724160637,1.0298094151495487,105
2145000,8679.99999993335,-515808.0251255543,301.23311519464653,1.0250679043157138,105
2150000,8699.999999937425,-516531.26439043065,301.1483527384679,1.023297647276717,105
2155000,8719.9999999415,-516256.12116320734,300.31395782164327,1.0268126442406904,105
2160000,8739.999999945574,-515013.39803159516,301.34621515984486,1.021798174070982,105
2165000,8759.999999949649,-515657.9108431903,297.90163349387467,1.0193018436460504,105
2170000,8779.999999953723,-515560.6110614673,302.811788006373,1.0240596725848734,105
2175000,8799.999999957798,-516786.3709555126,301.1621119468696,1.0266360920205702,105
2180000,8819.999999961872,-517253.9991295191,301.42986642896636,1.0258956840260707,105
2185000,8839.999999965947,-516464.11526379315,299.2234942263778,1.0247955525029786,105
2190000,8859.999999970021,-516328.500848169,300.88684855796333,1.02626269452356,105
2195000,8879.999999974096,-516883.4496594339,302.77797802076077,1.025926686513364,105
2200000,8899.99999997817,-516602.4336136135,301.21064612411993,1.0320026498825756,105
2205000,8919.999999982245,-515046.36809789366,300.3773795531711,1.0248859676382334,105
2210000,8939.99999998632,-515185.7076274697,300.25829318372985,1.023107825742594,105
2215000,8959.999999990394,-517323.6007321009,299.97210958480053,1.0286583422898379,105
2220000,8979.999999994468,-516197.93882006244,299.6243067838705,1.02953717892198,105
2225000,8999.999999998543,-517629.6018052595,302.1964824539972,1.0302412752290024,105
2230000,9020.000000002618,-516707.7207727961,300.7508241319442,1.0312044382593692,105
2235000,9040.000000006692,-517542.23360278923,303.01456737767165,1.0303404356969452,105
2240000,9060.000000010767,-516090.70792055596,301.2699602488228,1.0238602115431212,105
2245000,9080.000000014841,-517480.67916145944,299.92848436068346,1.0274679934747935,105
2250000,9100.000000018916,-516252.27247399604,300.67490858287374,1.023425231542154,105
2255000,9120.00000002299,-516087.2099213188,302.76880953179653,1.020862361196394,105
2260000,9140.000000027065,-516511.74846703466,302.1648065061765,1.0220056855725779,105
2265000,9160.00000003114,-517469.7506696598,300.5512443387263,1.0268398923665416,105
2270000,9180.000000035214,-514758.11496300646,301.3174721210805,1.0222249661853908,105
2275000,9200.000000039288,-516853.3760130883,301.0137722101742,1.0244450052932057,105
2280000,9220.000000043363,-516616.7898742277,301.17234827639237,1.0257917924331872,105
2285000,9240.000000047437,-517355.910408295,303.2865891000749,1.0274483383920985,105
2290000,9260.000000051512,-516826.94164089486,301.1142033730493,1.0268604642276675,105
2295000,9280.000000055586,-516690.6775427086,299.6524217228408,1.0302543669974744,105
2300000,9300.000000059661,-515932.4628315717,300.8508014780643,1.0258792806527808,105
2305000,9320.000000063736,-517268.21809206065,301.50109596187934,1.0243949195768822,105
2310000,9340.00000006781,-517284.60975757474,301.6703691022671,1.026096696619836,105
2315000,9360.000000071885,-516823.2581483815,297.29168406486684,1.0241367434025612,105
2320000,9380.00000007596,-516649.08952756063,302.9789092150752,1.025143987888921,105
2325000,9400.000000080034,-515883.3087698801,303.8236963882636,1.0226848090289713,105
2330000,9420.000000084108,-514606.9697168798,301.46818036845406,1.024048282091495,105
2335000,9440.000000088183,-516124.51241177414,300.1924266218753,1.021833296256002,105
2340000,9460.000000092257,-516942.2344939986,299.3141005051124,1.0285575039889592,105
2345000,9480.000000096332,-516600.8380884768,300.80626433931985,1.028266281336728,105
2350000,9500.000000100406,-515789.3212270043,299.14479125177445,1.0297519877503611,105
2355000,9520.000000104481,-516390.28210968524,301.09841850872647,1.0247055744142741,105
2360000,9540.000000108555,-517363.1335327658,301.6289962763076,1.0286764667862982,105
2365000,9560.00000011263,-515820.9467994801,303.0915815285021,1.0248806106850792,105
2370000,9580.000000116705,-516199.79212892964,300.4286779014537,1.0227442681604968,105
2375000,9600.000000120779,-516298.6067241044,300.1387715699469,1.0262007696021078,105
2380000,9620.000000124854,-516156.7639878532,300.6052352368931,1.0261432402221995,105
2385000,9640.000000128928,-517809.2596610901,301.9369213168576,1.0296934932836743,105
2390000,9660.000000133003,-517685.6080734441,298.74265140611425,1.0282386800316718,105
2395000,9680.000000137077,-516569.8947054229,301.69486695313753,1.0303813281201832,105
2400000,9700.000000141152,-517031.5428828995,299.2529623769451,1.0306512335713955,105
2405000,9720.000000145226,-515706.515439498,300.1439275205528,1.0270235042784808,105
2410000,9740.0000001493,-517322.64589636005,301.12293604167405,1.023616858912356,105
2415000,9760.000000153375,-517262.77896588785,299.0503313345657,1.0287019392808592,105
2420000,9780.00000015745,-515715.646112469,301.52583149445877,1.0247056845256064,105
2425000,9800.000000161524,-516667.2126623017,298.56968276981354,1.0271529498801921,105
2430000,9820.000000165599,-516464.8793464196,301.2476690860458,1.0292234434844494,105
2435000,9840.000000169674,-515874.81611296115,299.79133889591617,1.0235494822868267,105
2440000,9860.000000173748,-516107.6204847994,300.7104982411848,1.0261600981152252,105
2445000,9880.000000177823,-517283.16825505137,304.04202137999187,1.0259726419954278,105
2450000,9900.000000181897,-515893.1778549284,300.632638288559,1.0196429935060085,105
2455000,9920.000000185972,-517077.55140143237,300.80085125930447,1.026669827446157,105
2460000,9940.000000190046,-516683.21817199513,303.8008745982733,1.0270580124695643,105
2465000,9960.00000019412,-517756.31749915634,301.1312052068874,1.025296866325176,105
2470000,9980.000000198195,-515990.84304055525,301.50041549191246,1.0255967767152019,105
2475000,10000.00000020227,-514440.80035954504,300.72041311528824,1.0226388676820377,105
2480000,10020.000000206344,-517134.00552172516,302.1322699619029,1.0257687843295589,105
2485000,10040.000000210419,-516479.0187941517,299.29550841589605,1.0301714289493127,105
2490000,10060.000000214493,-515720.66701050266,298.5661535149608,1.0301460824283601,105
2495000,10080.000000218568,-517035.8451263814,298.50306545400485,1.030790718640127,105
2500000,10100.000000222642,-516719.0965702252,303.36071986408916,1.024891054319774,105
2505000,10120.000000226717,-516020.4730563797,297.66665195623386,1.0222314932994716,105
2510000,10140.000000230792,-516902.83853029297,305.10195737005245,1.0193825671305066,105
2515000,10160.000000234866,-516250.36789668864,303.3613144933228,1.026931224534531,105
2520000,10180.00000023894,-516280.4504260039,301.4033625258615,1.024593607865766,105
2525000,10200.000000243015,-516675.5697423108,300.6396474537875,1.0293789445740376,105
2530000,10220.00000024709,-516876.53523131204,299.1504957991378,1.028556433354372,105
2535000,10240.000000251164,-516994.8735956305,302.6951872124822,1.0240118557491833,105
2540000,10260.000000255239,-516176.4621431639,300.529574918601,1.0276832268065519,105
2545000,10280.000000259313,-515102.9204104545,303.1499896455765,1.0274428709118153,105
2550000,10300.000000263388,-516707.1377439271,301.3703025766891,1.0267907388258983,105
2555000,10320.000000267462,-516783.5462952275,301.1013479177209,1.0258377682913895,105
2560000,10340.000000271537,-516839.27666323516,299.38653820206997,1.0262151673903488,105
2565000,10360.000000275611,-516935.58585848194,299.8725118475185,1.0271966205891967,105
2570000,10380.000000279686,-516384.72576073953,298.4035265366423,1.027140251557159,105
2575000,10400.00000028376,-517490.51064642286,301.93609089517815,1.026733997625682,105
2580000,10420.000000287835,-515449.5245110395,301.95285258669344,1.0257489588057151,105
2585000,10440.00000029191,-515961.56548821996,298.6837238645741,1.0280988167115215,105
2590000,10460.000000295984,-517463.40499292035,300.62438832806765,1.026136454826128,105
2595000,10480.000000300059,-516817.33143089595,301.62631730214264,1.0264052186678718,105
2600000,10500.000000304133,-516294.20715781325,299.98631174968136,1.0251834101407935,105
2605000,10520.000000308208,-516228.50357799535,300.2172066310568,1.0271757247966424,105
2610000,10540.000000312282,-516735.29135971586,300.0006987139183,1.0243541798737585,105
2615000,10560.000000316357,-517174.03966878494,297.00940045981315,1.029426236912523,105
2620000,10580.000000320431,-516198.5378874461,300.0268315866057,1.0229417522416049,105
2625000,10600.000000324506,-516877.91588385054,303.11342613964945,1.0252370635187076,105
2630000,10620.00000032858,-516649.28538508434,300.5248127306822,1.026824631918438,105
2635000,10640.000000332655,-517479.0663696169,300.0495273404746,1.029347000806086,105
2640000,10660.00000033673,-516128.5657103632,300.8538671641054,1.0219753312927013,105
2645000,10680.000000340804,-519045.1110781245,302.7042408235521,1.0283516141120812,105
2650000,10700.000000344879,-517203.05800259043,301.76756220646115,1.027290070959184,105
2655000,10720.000000348953,-517156.3435758599,302.29377757876455,1.0264037287374865,105
2660000,10740.000000353028,-516371.403759151,300.37854592633244,1.0295554331714516,105
2665000,10760.000000357102,-517272.5073473954,298.3006289485248,1.026412394177747,105
2670000,10780.000000361177,-516763.84528919193,301.34521541124974,1.0271171338117606,105
2675000,10800.000000365251,-516191.28472924745,296.8023502383672,1.0291811032434,105
2680000,10820.000000369326,-517022.212921496,299.2812669417431,1.0284012556089095,105
2685000,10840.0000003734,-516092.6768785871,299.71153168558226,1.0295605406133839,105
2690000,10860.000000377475,-517273.13619213295,298.29225611604807,1.0268397884099774,105
2695000,10880.00000038155,-517063.1272589804,299.3736861732211,1.029976309981785,105
2700000,10900.000000385624,-516324.82785075787,303.46880729223204,1.0263832885171222,105
2705000,10920.000000389698,-517507.2835385264,300.53903699943515,1.03007375880672,105
2710000,10940.000000393773,-517397.5417015648,301.2157035650806,1.0246806951338245,105
2715000,10960.000000397848,-517310.49509758945,300.58750264326386,1.0255150761015888,105
2720000,10980.000000401922,-516572.799546642,299.7597276987618,1.026492619877011,105
2725000,11000.000000405997,-516733.31491950736,302.4839893616927,1.023656726127103,105
2730000,11020.000000410071,-517012.45204776037,301.83139365793784,1.0249454391064992,105
2735000,11040.000000414146,-517407.16451161494,299.945921808004,1.0290434826785952,105
2740000,11060.00000041822,-517294.1945726725,301.1666872210815,1.0312319206192213,105
2745000,11080.000000422295,-515848.37006721017,301.491760618081,1.0287672442888534,105
2750000,11100.00000042637,-516826.6032909197,300.2013665640068,1.0256974457892258,105
2755000,11120.000000430444,-517288.756239875,300.6586428518569,1.0304862028701747,105
2760000,11140.000000434518,-515717.57171278447,299.42606500014483,1.022960071633295,105
2765000,11160.000000438593,-517234.2967948625,301.51429308693764,1.0318855507840223,105
2770000,11180.000000442667,-516700.37216441124,300.48795823679524,1.025975974243415,105
2775000,11200.000000446742,-516850.27079471224,301.0264238964191,1.0265415102273583,105
2780000,11220.000000450817,-517565.6409989784,299.37587745012036,1.0250390070506135,105
2785000,11240.000000454891,-517186.214522735,302.3905023740513,1.0260000189926861,105
2790000,11260.000000458966,-517480.7668740079,301.21172261714645,1.0217536314889841,105
2795000,11280.00000046304,-516231.34173673065,300.8282130287946,1.02673560117309,105
2800000,11300.000000467115,-515594.4526980785,299.7139760609029,1.0244436763762514,105
2805000,11320.00000047119,-516314.78158021695,300.7940331209612,1.0235898135212376,105
2810000,11340.000000475264,-515499.42969275475,301.6662167019004,1.0265401850884217,105
2815000,11360.000000479338,-515983.6083802297,300.85078576894927,1.0245503593413985,105
2820000,11380.000000483413,-517816.7787640076,298.663799741278,1.0257998638217605,105
2825000,11400.000000487487,-516145.23293082183,300.76133852507166,1.021219114227908,105
2830000,11420.000000491562,-515744.73921002913,302.76633398852135,1.0247938099775227,105
2835000,11440.000000495636,-515936.2411655132,302.79394945252454,1.0275150339524897,105
2840000,11460.000000499711,-515689.46257904917,299.37976338993514,1.0260355576693294,105
2845000,11480.000000503785,-517150.97951817745,300.76959986050986,1.029879059210486,105
2850000,11500.00000050786,-515945.1438198569,299.63044131820607,1.0237900662552415,105
2855000,11520.000000511935,-516899.0647030799,298.70673738678556,1.0249544862638793,105
2860000,11540.00000051601,-516710.23411419266,301.07591335627205,1.0281696182636668,105
2865000,11560.000000520084,-517038.39921164373,302.20721531260756,1.0263891789041049,105
2870000,11580.000000524158,-516224.6399775918,300.9698754766427,1.0227611419387121,105
2875000,11600.000000528233,-516233.95929258363,300.49577510994965,1.0283226961503737,105
2880000,11620.000000532307,-516516.787760373,300.9611351442932,1.024625301311721,105
2885000,11640.000000536382,-518359.09897911665,299.9772007794877,1.02657109326926,105
2890000,11660.000000540456,-516597.21192505746,301.7048847993205,1.022348091629448,105
2895000,11680.00000054453,-516445.66318737296,302.81638660750815,1.0249199714604869,105
2900000,11700.000000548605,-517448.39734313684,303.12649854555343,1.02337637288656,105
2905000,11720.00000055268,-516667.1418488822,300.0474576680362,1.0252246352823402,105
2910000,11740.000000556754,-516832.4265887833,301.0897393116593,1.0278734245490178,105
2915000,11760.000000560829,-516753.4280421429,300.58071492472493,1.0217295031054636,105
2920000,11780.000000564904,-516679.95272590895,301.3033480130881,1.026179639048966,105
2925000,11800.000000568978,-517043.3578774403,302.2833996867533,1.0268169418363986,105
2930000,11820.000000573053,-516713.84027631674,299.9372144007759,1.0262609252377526,105
2935000,11840.000000577127,-515791.4737874919,301.12725383358907,1.0248515042227864,105
2940000,11860.000000581202,-517152.61225784477,301.79703403432956,1.023199322995323,105
2945000,11880.000000585276,-516662.19020074676,302.68092738159214,1.024786943287197,105
2950000,11900.00000058935,-517633.58847053023,301.473499655607,1.025483567203181,105
2955000,11920.000000593425,-516548.6625545779,302.04693990417155,1.0306135760265258,105
2960000,11940.0000005975,-518185.7729084904,301.6747624058734,1.026880712582068,105
2965000,11960.000000601574,-517533.76684197504,297.60995579055964,1.0279280884372723,105
2970000,11980.000000605649,-515543.1375884013,304.13105985589766,1.028547245571239,105
2975000,12000.000000609723,-516128.3224699772,302.5718301319172,1.0208032573000205,105
2980000,12020.000000613798,-517311.0041563937,299.4052679464415,1.030555541111025,105
2985000,12040.000000617873,-517297.29467461514,302.7202646975953,1.0284312414352794,105
2990000,12060.000000621947,-516931.76925530704,300.2747647936173,1.0216768942224363,105
2995000,12080.000000626022,-516784.5502827931,302.4614066038824,1.0298825185415224,105
3000000,12100.000000630096,-517539.2796141014,299.2288760872593,1.0255683973097125,105
3005000,12120.00000063417,-515954.0056936678,301.1802116721894,1.025542123427028,105
3010000,12140.000000638245,-517296.51029663347,300.0144650004901,1.0236736840325045,105
3015000,12160.00000064232,-516815.3395013099,302.6299652152798,1.0273301427440242,105
3020000,12180.000000646394,-518100.65857564704,301.238759856404,1.0290579140227385,105
3025000,12200.000000650469,-516978.96557906084,297.66585176549944,1.0255113049318985,105
3030000,12220.000000654543,-516259.3954555581,297.41256893707447,1.0197434797561786,105
3035000,12240.000000658618,-517223.57351015974,302.99900575843725,1.0275355363615306,105
3040000,12260.000000662692,-516251.8661042589,302.41898326413235,1.022318717550083,105
3045000,12280.000000666767,-517215.09895782615,299.4285248598163,1.0241031475150473,105
3050000,12300.000000670841,-515752.77071656985,300.60358033795046,1.023776009417063,105
3055000,12320.000000674916,-516812.23185884324,301.8577691744706,1.0269493283282063,105
3060000,12340.00000067899,-516381.0826198319,299.9516664666344,1.0289099945633275,105
3065000,12360.000000683065,-516928.28837599745,301.6166590940005,1.0226336919777728,105
3070000,12380.00000068714,-516106.75181021495,299.6334007581645,1.0232419009294809,105
3075000,12400.000000691214,-518063.2263747584,303.1986015950391,1.028076197974239,105
3080000,12420.000000695289,-516789.2137853035,298.92043476991574,1.0264587518499015,105
3085000,12440.000000699363,-515283.68562198756,299.00093134671613,1.0254359380754232,105
3090000,12460.000000703438,-516014.928516333,301.61984341393776,1.025311911180034,105
3095000,12480.000000707512,-516088.4056318328,300.56223090094784,1.0217683770201942,105
3100000,12500.000000711587,-516065.55967668956,301.4958443751977,1.0212249019158746,105
3105000,12520.000000715661,-516390.38773324736,301.39307279642065,1.0273617519547946,105
3110000,12540.000000719736,-517288.903367731,301.01666312065,1.0273913503898189,105
3115000,12560.00000072381,-517359.1547756181,300.8745075481718,1.022612673476652,105
3120000,12580.000000727885,-516748.5478095126,301.0416666001957,1.023592267090361,105
3125000,12600.00000073196,-516561.0109929007,303.23293283356696,1.0257493356054377,105
3130000,12620.000000736034,-516525.15855895216,303.067736143205,1.024014725148587,105
3135000,12640.000000740109,-517567.4151548892,301.25293349145124,1.0276535527915707,105
3140000,12660.000000744183,-516340.61074417015,301.4649843135812,1.0283767141010831,105
3145000,12680.000000748258,-516361.79008884216,300.2181404300238,1.024260088276069,105
3150000,12700.000000752332,-517110.79476618953,300.9139624448917,1.0292039242537434,105
3155000,12720.000000756407,-516127.185048467,300.188639459513,1.0257519525696952,105
3160000,12740.000000760481,-517257.0456403068,299.37038832379125,1.027643917915735,105
3165000,12760.000000764556,-516170.44853229076,301.4003173982428,1.0267261424113887,105
3170000,12780.00000076863,-517359.4901337519,301.05662438468795,1.0240264512690356,105
3175000,12800.000000772705,-515945.3783558889,303.7840339489382,1.0265753234238462,105
3180000,12820.00000077678,-517093.2586066318,298.4537031861602,1.0298728079713446,105
3185000,12840.000000780854,-515929.6187656508,300.85405421260566,1.021201782654327,105
3190000,12860.000000784928,-516332.51127801486,300.56399279608826,1.0254021560416593,105
3195000,12880.000000789003,-517203.9636801109,301.27741013258174,1.0273927619446157,105
3190000,12860.000000784928,-515919.5367412737,300.23111490479334,1.024934626847266,--
3195000,12880.000000789003,-515717.6725432817,301.48740379993563,1.0213520758064012,107
3200000,12900.000000793078,-515105.93847022904,301.5733734965695,1.0223373941850395,107
3205000,12920.000000797152,-517381.7543481635,299.713217382905,1.0331118849489487,107
3210000,12940.000000801227,-517013.2329775733,301.73603861319555,1.0271222170221777,106
3215000,12960.000000805301,-517263.5023187301,298.9010479031993,1.0262331816205583,106
3220000,12980.000000809376,-516617.09497657744,302.5750298538077,1.0268041090597173,106
3225000,13000.00000081345,-516904.6263738163,302.3976677456165,1.0234597072969558,106
3230000,13020.000000817525,-517045.1564501731,300.34703896827665,1.0249556115092882,106
3235000,13040.0000008216,-516494.1997340992,299.57190253476614,1.0224914824339537,106
3240000,13060.000000825674,-516485.384951507,301.74080939497503,1.024399602490659,106
3245000,13080.000000829748,-517094.84312922996,300.28034059905593,1.030729815529322,106
3250000,13100.000000833823,-517047.5294136605,302.72108837138853,1.0252668693732556,106
3255000,13120.000000837897,-517109.9872463029,300.606366846949,1.0260521128818958,106
3260000,13140.000000841972,-516261.89425510727,303.8017116583411,1.026341516050833,106
3265000,13160.000000846047,-516170.6250873965,300.2534276304081,1.0221172659124804,105
3270000,13180.000000850121,-515026.7388487102,300.2655019722493,1.0242569275327955,105
3275000,13200.000000854196,-516740.9088061482,302.2345108587719,1.0268018957464915,105
3280000,13220.00000085827,-516861.0673982296,302.3190803636419,1.02447858935908,105
3285000,13240.000000862345,-516416.26994461985,299.72023573142326,1.02728064743555,105
3290000,13260.00000086642,-515548.1102587008,301.24593097733884,1.0310685844716954,105
3295000,13280.000000870494,-517160.7559218765,300.9836901990169,1.0319255524580917,105
3300000,13300.000000874568,-516876.20505650993,302.38094132297385,1.026592485810565,105
3305000,13320.000000878643,-516540.41373658134,300.4931095863474,1.0261262740878736,105
3310000,13340.000000882717,-517095.6686864798,302.5444756091695,1.0288881530085945,105
3315000,13360.000000886792,-516759.3277483189,301.01136969307527,1.0284135615997145,105
3320000,13380.000000890866,-516745.45927652926,301.9609274032011,1.0270464282804737,105
3325000,13400.000000894941,-515747.008326923,298.8501460543125,1.028493546918228,105
3330000,13420.000000899016,-516035.09458359797,300.99387966078086,1.0278487141097132,105
3335000,13440.00000090309,-517402.86215795274,300.8238580489448,1.0269457023279158,105
3340000,13460.000000907165,-515410.8469118376,300.56784493124195,1.025845742136152,105
3345000,13480.00000091124,-516293.6868912864,299.9572500553599,1.0295129903129572,105
3350000,13500.000000915314,-516527.93624008354,301.6474177651164,1.024793619144565,105
3355000,13520.000000919388,-516115.91441311175,303.68188472572524,1.0241610713916067,105
3360000,13540.000000923463,-517109.60632473044,297.2611402607129,1.0302750043115032,105
3365000,13560.000000927537,-518412.6211212678,302.4445326394348,1.0322566938939604,105
3370000,13580.000000931612,-516263.5520917503,299.97716329333446,1.0308515856426725,105
3375000,13600.000000935686,-516967.4243988425,300.5959475553075,1.0300641368378618,105
3380000,13620.00000093976,-516898.75169308437,298.9466643300518,1.0275721521762313,105
3385000,13640.000000943835,-516630.2972488203,297.94718479699446,1.0218549772395495,105
3390000,13660.00000094791,-517076.650885456,300.5349783043138,1.0266544723439437,105
3395000,13680.000000951984,-516559.3107043975,302.20750609541267,1.0230796815400829,105
3400000,13700.000000956059,-516110.10250756936,302.46544105494286,1.0244084489460037,105
3405000,13720.000000960134,-516355.17659948696,300.89617851194345,1.0272648595698106,105
3410000,13740.000000964208,-515273.1761475892,300.3881001439645,1.0241619098621038,105
3415000,13760.000000968283,-517639.2079060108,301.6729283481443,1.032303741534692,105
3420000,13780.000000972357,-517293.5738841479,303.08337549936954,1.0261029552952348,105
3425000,13800.000000976432,-516802.6037674246,300.7583804767172,1.0233128627488846,105
3430000,13820.000000980506,-516789.74330209615,300.40873689382994,1.024461519095189,105
3435000,13840.00000098458,-517693.52873939136,299.9447866345782,1.0260492932097083,105
3440000,13860.000000988655,-516061.46886504535,299.4985634396765,1.0226813071179062,105
3445000,13880.00000099273,-515492.4509467478,298.4937105511454,1.0239199410175943,105
3450000,13900.000000996804,-517649.34085317096,301.1674254505383,1.0282089745216405,105
3455000,13920.000001000879,-515922.03612204455,301.1528376581602,1.027991934850839,105
3460000,13940.000001004953,-516056.71106960415,301.7460297950474,1.0231512587721585,105
3465000,13960.000001009028,-516648.7864214047,297.7820727882774,1.0256184326801505,105
3470000,13980.000001013103,-517132.94123104285,302.84847638527367,1.0277023994298304,105
3475000,14000.000001017177,-517336.2702449437,302.1929937736905,1.028291214520408,105
3480000,14020.000001021252,-518309.28612597496,301.5782362566143,1.0308555127877348,105
3485000,14040.000001025326,-516933.76001261733,302.52400465477456,1.0307475905026762,105
3490000,14060.0000010294,-516135.51306888857,301.913781075711,1.0260796232058205,105
3495000,14080.000001033475,-516231.39126982074,302.4281315692745,1.029807220894993,105
3500000,14100.00000103755,-515665.66595962876,300.78161125953795,1.0281599716588534,105
3505000,14120.000001041624,-516496.13575841463,301.0309656276208,1.0235524761675134,105
3510000,14140.000001045699,-515282.15355827846,301.4709670664049,1.02357650162733,105
3515000,14160.000001049773,-515777.46855727024,304.6586396459495,1.024595800788886,105
3520000,14180.000001053848,-516939.5034651663,299.6869752372538,1.0261834769544176,105
3525000,14200.000001057922,-516851.02957768785,299.81175540565175,1.0278171525912363,105
3530000,14220.000001061997,-515494.14025142184,302.45093728825174,1.0242468033646623,105
3535000,14240.000001066071,-516950.207242229,301.25826870021916,1.0279883552241096,105
3540000,14260.000001070146,-516141.2625119579,300.51577957964645,1.0259332816518827,105
3545000,14280.00000107422,-515633.2805287193,302.1929365726665,1.0269824659924658,105
3550000,14300.000001078295,-517149.7596784085,301.38576934699995,1.0267006917083565,105
3555000,14320.00000108237,-516915.6616323474,301.46562975052456,1.0270246707721047,105
3560000,14340.000001086444,-516711.4634766353,303.1608853200002,1.025886871804398,105
3565000,14360.000001090519,-517122.4882163671,301.2306124357311,1.0263836442497756,105
3570000,14380.000001094593,-515679.2342357328,298.5283406146376,1.0274233269014956,105
3575000,14400.000001098668,-516492.6082847421,298.42179514478875,1.0266703543388107,105
3580000,14420.000001102742,-517435.97954134084,301.29469706091584,1.027137454423517,105
3585000,14440.000001106817,-516790.8879931057,297.8165405644223,1.0295769668004733,105
3590000,14460.000001110891,-517058.1672009197,301.82301084355254,1.0282428419348495,105
3595000,14480.000001114966,-515887.48960821633,300.6052129978396,1.022584119686304,105
3600000,14500.00000111904,-516334.349598689,302.9091168554073,1.025892900026748,105
3605000,14520.000001123115,-516247.81738546747,299.6146320815387,1.0250436986300484,105
3610000,14540.00000112719,-516632.14687753306,304.36373313633186,1.0291924340947978,105
3615000,14560.000001131264,-516463.18393615633,298.6375590607489,1.0241870954745174,105
3620000,14580.000001135339,-516747.8532437687,298.5719726843667,1.0298785571810603,105
3625000,14600.000001139413,-516613.2937171189,302.5125415309103,1.0284444664739838,105
3630000,14620.000001143488,-517228.49076207774,298.5722082749235,1.0248449903997086,105
3635000,14640.000001147562,-516260.62221368984,301.1899211915193,1.023372055255888,105
3640000,14660.000001151637,-517465.9905005151,299.18699727316306,1.025612628875394,105
3645000,14680.000001155711,-516697.4727235965,299.7165205093275,1.022137127010072,105
3650000,14700.000001159786,-516727.1548141979,301.73890478008894,1.0274769264152,105
3655000,14720.00000116386,-517374.03077362734,299.9101393627695,1.0258183217212942,105
3660000,14740.000001167935,-515789.04357594927,299.382531357215,1.0244583154274154,105
3665000,14760.00000117201,-516430.97870961623,300.9950993253973,1.0247122492955045,105
3670000,14780.000001176084,-516650.09721474303,301.23557247522143,1.0235396385997018,105
3675000,14800.000001180159,-516640.1621687233,303.4454618175059,1.0287338510467818,105
3680000,14820.000001184233,-515901.30069411197,299.4109826558866,1.0263672015533347,105
3685000,14840.000001188308,-517873.74104989856,299.9939918490803,1.0276334138768142,105
3690000,14860.000001192382,-516213.91363245226,302.0031396079119,1.024975824322793,105
3695000,14880.000001196457,-516773.91670893994,302.845752724899,1.0299775084260738,105
3700000,14900.000001200531,-517043.5119445834,300.4795342375211,1.0266874847371643,105
3705000,14920.000001204606,-516789.46427726164,301.13656554737315,1.0257813293395421,105
3710000,14940.00000120868,-516508.9950870692,300.17836014608883,1.0230184674744789,105
3715000,14960.000001212755,-516462.5444597895,302.17767571000195,1.025593506320535,105
3720000,14980.00000121683,-517450.98857203475,302.07972861207696,1.0297337115820802,105
3725000,15000.000001220904,-515959.20249960944,301.1522217491475,1.0249352134488816,105
3730000,15020.000001224978,-516441.9682369423,301.23032781736595,1.0262419704334496,105
3735000,15040.000001229053,-516864.85474798083,301.5548078564799,1.029748798730682,105
3740000,15060.000001233127,-516928.1247804479,301.16798169145443,1.0254974553196825,105
3745000,15080.000001237202,-516443.45189721463,299.22523728960067,1.0271136176934212,105
3750000,15100.000001241277,-516915.67980232905,302.09791020559686,1.0293854525317285,105
3755000,15120.000001245351,-517401.97750804015,299.55762423211524,1.0294520851466333,105
3760000,15140.000001249426,-517058.8817820004,301.80560629578184,1.0298446347460306,105
3765000,15160.0000012535,-517827.7360366876,302.3544873261468,1.0249437742861454,105
3770000,15180.000001257575,-516641.34912763094,300.81402087184085,1.0254696782395125,105
3775000,15200.00000126165,-518454.77343141404,304.62364849139703,1.028804621521758,105
3780000,15220.000001265724,-516802.1707989068,301.49387741015073,1.0285371292794172,105
3785000,15240.000001269798,-516495.97503974196,299.67536251955903,1.0240302330037658,105
3790000,15260.000001273873,-516286.5360680134,300.7777892681424,1.0204586705529652,105
3795000,15280.000001277947,-516507.44715866446,300.6209864084236,1.0265111223486665,105
3800000,15300.000001282022,-515678.538876832,302.09511989297795,1.0257587115843827,105
3805000,15320.000001286096,-517439.84982564277,300.2321496226557,1.0253389026264426,105
3810000,15340.000001290171,-517709.91476627765,301.76029705095215,1.0215399895245794,105
3815000,15360.000001294246,-515838.1867563564,300.7401201494481,1.023963630281113,105
3820000,15380.00000129832,-516582.72433591867,300.0297601930247,1.0262621468252322,105
3825000,15400.000001302395,-517144.98600031156,301.83558069756447,1.027676137958873,105
3830000,15420.00000130647,-515333.41056100256,302.1258900654018,1.0271755894462287,105
3835000,15440.000001310544,-517303.49794814107,300.7352822025708,1.0262517298650085,105
3840000,15460.000001314618,-517489.98672596645,298.52824437574213,1.0302804620272772,105
3845000,15480.000001318693,-517203.72813458205,301.2673175859304,1.0268302931805373,105
3850000,15500.000001322767,-515680.1242369986,304.29575951720346,1.0219963723580778,105
3855000,15520.000001326842,-517022.1867388445,300.2446684155911,1.0246320131096702,105
3860000,15540.000001330916,-518439.4774392203,299.6445446243577,1.0262551988931032,105
3865000,15560.00000133499,-517837.4400526406,300.0090279966395,1.0304993548256525,105
3870000,15580.000001339065,-514608.28763354756,298.8542847406486,1.0245909112969667,105
3875000,15600.00000134314,-517251.4942826354,302.6899547763724,1.024086927880121,105
3880000,15620.000001347214,-517876.7587442696,301.4836568061992,1.032203414750828,105
3885000,15640.000001351289,-517130.85615559947,300.6863825293911,1.0339771009256504,105
3890000,15660.000001355364,-515690.2698586229,302.0959575783664,1.0260621912781442,105
3895000,15680.000001359438,-516935.1577611773,299.9715864429636,1.0273179366764178,105
3900000,15700.000001363513,-516517.7809887035,297.4592122094375,1.0200147623916733,105
3905000,15720.000001367587,-517025.09860780975,301.9789614213801,1.0281515944349628,105
3910000,15740.000001371662,-516847.7284420738,300.1271801127561,1.020746275742147,105
3915000,15760.000001375736,-516480.1474843102,301.7174268901399,1.025941227573121,105
3920000,15780.00000137981,-517817.4111499507,303.8802128197539,1.024589494835385,105
3925000,15800.000001383885,-516165.8005608474,301.5947440167873,1.0298100996920614,105
3930000,15820.00000138796,-516658.3046259305,300.1734917061958,1.0253080605374374,105
3935000,15840.000001392034,-515838.2981884496,302.9091761309203,1.024423182775658,105
3940000,15860.000001396109,-516796.1341285154,298.63396964751087,1.0316479072110774,105
3945000,15880.000001400183,-516763.5185664552,302.6055379002668,1.0266937262190707,105
3950000,15900.000001404258,-516377.7878425466,298.1547129100854,1.02555525600795,105
3955000,15920.000001408333,-516467.7128932623,300.460228232906,1.023148322088295,105
3960000,15940.000001412407,-516707.5891125626,302.0179236529715,1.0230192444539374,105
3965000,15960.000001416482,-516803.38276831177,301.9532980707991,1.0234260247357176,105
3970000,15980.000001420556,-515897.05355538544,301.5840958746607,1.0212154307076153,105
3975000,16000.00000142463,-516506.2962900067,300.1979195180665,1.0241298581818192,105
3980000,16020.000001428705,-516664.0347765174,302.0690499499219,1.0240924729903162,105
3985000,16040.00000143278,-517167.3701446166,301.68557424326224,1.0251779148900035,105
3990000,16060.000001436854,-516428.0319357619,299.3909653606564,1.0228913570237677,105
3995000,16080.000001440929,-517243.34631120856,302.38523233065064,1.0275932416884466,105
4000000,16100.000001445003,-516838.72831065394,300.1180911679972,1.0251921267574569,105
4005000,16120.000001449078,-516614.6459835663,299.48877608307777,1.0227166362552023,105
4010000,16140.000001453152,-517622.1949306389,300.5634982826475,1.0270333239032272,105
4015000,16160.000001457227,-515809.5092978212,301.0192610604675,1.0251728144029368,105
4020000,16180.000001461302,-517098.0394971797,300.16863061313853,1.0251075474006548,105
4025000,16200.000001465376,-516799.7759283413,300.2822702202226,1.0230051804957412,105
4030000,16220.00000146945,-516240.3729447541,302.118449112052,1.0227055042959095,105
4035000,16240.000001473525,-518167.6126934332,299.9126629596263,1.0275517605235727,105
4040000,16260.0000014776,-517078.19629043574,299.98889781529317,1.0317163341182343,105
4045000,16280.000001481674,-517358.65416236594,299.9773972752781,1.0276518981919254,105
4050000,16300.000001485749,-516418.6834009858,296.12531060862403,1.0254039240889266,105
4055000,16320.000001489823,-516842.6754258713,303.3992842244367,1.0254476145064142,105
4060000,16340.000001493898,-517322.78676545597,300.442152136518,1.026784548987518,105
4065000,16360.000001497972,-516145.5922464265,302.10061955465585,1.0247585723513375,105
4070000,16380.000001502047,-517700.7222584672,300.9159155137174,1.0270797971302497,105
4075000,16400.00000150612,-517790.00559638394,300.14856717207033,1.0250469960111617,105
4080000,16420.000001510194,-517663.429559099,301.88759246822826,1.0310692962701322,105
4085000,16440.00000151427,-516760.6707214513,301.89959236134905,1.027885610968759,105
4090000,16460.000001518343,-516996.21618763916,302.32411721237287,1.0286293742892443,105
4095000,16480.000001522418,-516490.4178600565,302.0886572091457,1.0264110390917836,105
4100000,16500.000001526492,-515805.34923516633,299.68195082312,1.0256283485839652,105
4105000,16520.000001530567,-516122.520719365,302.2148876129579,1.025238298903845,105
4110000,16540.00000153464,-516611.0132527272,300.97884850140105,1.026148398552584,105
4115000,16560.000001538716,-517380.1168429316,301.3110462467054,1.027187502775375,105
4120000,16580.00000154279,-516186.89439348155,302.79799373967796,1.0253810935886956,105
4125000,16600.000001546865,-517874.20262096566,300.88128537235156,1.0266594152986568,105
4130000,16620.00000155094,-516859.39435461955,301.01308861619174,1.0272633194922327,105
4135000,16640.000001555014,-517375.95489309845,300.54258637250604,1.0266916426571042,105
4140000,16660.00000155909,-516990.03729879577,301.27182185271914,1.0256797239980076,105
4145000,16680.000001563163,-517896.8938102713,299.7605628380675,1.0306143004120454,105
4150000,16700.000001567238,-514717.190332772,304.396223316999,1.0219866702042788,105
4155000,16720.000001571312,-517240.83148069517,301.3904968596941,1.021594479197556,105
4160000,16740.000001575387,-517439.43951794156,300.33470122438433,1.0258945767100196,105
4165000,16760.00000157946,-515849.48423693003,299.3956365688712,1.0264009469718183,105
4170000,16780.000001583536,-515882.5791209168,299.2932466759562,1.0237044203703425,105
4175000,16800.00000158761,-516687.71127020195,300.83332962745055,1.0235692793806852,105
4180000,16820.000001591685,-515846.4227306554,299.4083962982544,1.0248978379232783,105
4185000,16840.00000159576,-516601.7276514699,302.22072208433025,1.02780142533178,105
4190000,16860.000001599834,-516468.18766295025,298.76052991129353,1.0274213448166525,105
4195000,16880.00000160391,-515948.85992221604,301.02851613570454,1.0230025145472674,105
4200000,16900.000001607983,-516623.95430677384,301.5879946600122,1.024888172532298,105
4205000,16920.000001612058,-516868.2688566288,304.1909116462461,1.0246575476704083,105
4210000,16940.000001616132,-515836.5579923715,301.37289090656117,1.0211585159498748,105
4215000,16960.000001620207,-518117.49724126304,299.87211933728264,1.0286747092864728,105
4220000,16980.00000162428,-516504.84110602643,302.1398960771636,1.025388930232999,105
4225000,17000.000001628356,-517051.31511343364,304.83194348778926,1.0266483160969602,105
4230000,17020.00000163243,-515958.013902277,299.1945978067398,1.0245713126818845,105
4235000,17040.000001636505,-515812.2284074717,299.61330135617436,1.0250351795775587,105
4240000,17060.00000164058,-515862.52198202815,302.3108692561189,1.0264230775372931,105
4245000,17080.000001644654,-516837.1720491869,299.77697779496395,1.0228065179302293,105
4250000,17100.00000164873,-514832.6644261547,299.52602854413476,1.0196021558764596,105
4255000,17120.000001652803,-517840.6299100139,302.6223194611595,1.0317558902518886,105
4260000,17140.000001656877,-517008.2168880536,302.64944374881907,1.0221696229093313,105
4265000,17160.000001660952,-516974.83252406796,301.5669932206213,1.0271672692466798,105
4270000,17180.000001665027,-517419.0267531916,301.63995314807306,1.0306520294626413,105
4275000,17200.0000016691,-516843.82352310023,298.7862127948911,1.025558419553829,105
4280000,17220.000001673176,-518284.8341282415,301.1775529100329,1.0308951419503756,105
4285000,17240.00000167725,-516089.4634340445,300.5250291261756,1.0275067517433376,105
4290000,17260.000001681325,-517635.08836965146,301.98101496812336,1.0281706473126047,105
4295000,17280.0000016854,-516307.54686445766,302.0460314446058,1.0265580067322133,105
4300000,17300.000001689474,-515728.1051451324,302.70214424289156,1.0286295157443723,105
4305000,17320.00000169355,-517582.65766226524,300.6897132425122,1.0282675132150274,105
4310000,17340.000001697623,-516113.98858101293,299.2550805366935,1.0274118405398063,105
4315000,17360.000001701697,-516687.06901040813,300.9548070074025,1.026320964446493,105
4320000,17380.000001705772,-516920.10739955865,302.0627654662681,1.025926990020646,105
4325000,17400.000001709846,-516049.57490615314,301.51316211826247,1.0246186028008502,105
4330000,17420.00000171392,-517088.44231794844,298.51252529265327,1.0220183589026652,105
4335000,17440.000001717995,-517612.7489877343,298.417609685704,1.027083432825346,105
4340000,17460.00000172207,-516161.40678652073,298.7553188908993,1.0269233133645415,105
4345000,17480.000001726145,-517526.50347059825,301.03714957581434,1.0269958843296374,105
4350000,17500.00000173022,-517059.2795539296,299.17204926267493,1.0248986658134078,105
4355000,17520.000001734294,-515478.89136515744,303.3963259845571,1.02802961570363,105
4360000,17540.000001738368,-516585.4385155407,300.1099322338938,1.0265308240321998,105
4365000,17560.000001742443,-517243.68964767084,302.44510631379177,1.027792992839714,105
4370000,17580.000001746517,-517011.9972151115,298.5799701762805,1.0255551999369412,105
4375000,17600.00000175059,-516730.2959268554,300.95706112849996,1.0289046302910054,105
4380000,17620.000001754666,-517885.230684394,300.77059776430707,1.029812038310483,105
4385000,17640.00000175874,-517177.06671219063,303.3235500156191,1.0289391970818198,105
4390000,17660.000001762815,-517930.2785190297,301.81139038227985,1.0287870951450333,105
4395000,17680.00000176689,-516946.92663141317,301.8112741878184,1.02783731093985,105
4400000,17700.000001770964,-516956.76890682057,298.97753346874026,1.02662766530481,105
4405000,17720.00000177504,-516463.18197111366,299.55621541238935,1.0218875019353113,105
4410000,17740.000001779114,-517574.54845553916,305.2794251796886,1.0239162024243955,105
4415000,17760.000001783188,-517197.80221759644,302.0946640307065,1.028098668462112,105
4420000,17780.000001787263,-516869.2233123109,300.2895670951442,1.0235390394270454,105
4425000,17800.000001791337,-516321.5185727121,303.71872084371813,1.0254584129299802,105
4430000,17820.00000179541,-516387.7763155089,298.5342192335959,1.0249164360509435,105
4435000,17840.000001799486,-516227.70776951755,301.20759203756785,1.0268997258555006,105
4440000,17860.00000180356,-516932.5689278904,300.8337388326818,1.0280078445251108,105
4445000,17880.000001807635,-517341.3273910007,300.2035681286154,1.0272698958238236,105
4450000,17900.00000181171,-517077.2302332157,300.69345861379173,1.0274851310781579,105
4455000,17920.000001815784,-516039.1272633064,299.96505929807086,1.0222776065359898,105
4460000,17940.00000181986,-515574.2887362039,303.44648878373573,1.0268743696950238,105
4465000,17960.000001823933,-516371.5787106508,300.5927926025729,1.0299776437389647,105
4470000,17980.000001828008,-516891.01946407976,300.6107962483388,1.026361190826275,105
4475000,18000.000001832082,-518211.2612271698,300.21031925899496,1.0295108853804453,105
4480000,18020.000001836157,-516524.7261089927,301.7984341657143,1.0299037992081352,105
4485000,18040.00000184023,-516766.33234081906,299.75056919359065,1.0248206121216,105
4490000,18060.000001844306,-516341.3950441908,301.0042570548007,1.0266913044288155,105
4495000,18080.00000184838,-517175.05833516107,302.2910299347547,1.0281869534880985,105
4500000,18100.000001852455,-516616.50269672205,300.3956643394292,1.025287916448804,105
4505000,18120.00000185653,-515907.99114755774,302.40429978119573,1.0236231822333834,105
4510000,18140.000001860604,-517209.20670419466,301.95592538407084,1.0291340760050667,105
4515000,18160.00000186468,-516048.4041240108,300.43704442534664,1.0248001652154572,105
4520000,18180.000001868753,-516003.4642579495,302.1429251432898,1.0257882757542127,105
4525000,18200.000001872828,-516414.8993457586,298.0570206493768,1.0272007079497576,105
4530000,18220.000001876902,-516636.96457412373,300.7166504430278,1.028721569543498,105
4535000,18240.000001880977,-515683.57178116613,301.7677113637431,1.0241590044047444,105
4540000,18260.00000188505,-515464.6450830209,301.4992590197008,1.0285768910244666,105
4545000,18280.000001889126,-516546.4797333714,299.1930906630749,1.0282817221117604,105
4550000,18300.0000018932,-517514.95935044065,301.762462377522,1.0292710202697348,105
4555000,18320.000001897275,-517663.4125825963,300.44056082221704,1.0263444929628525,105
4560000,18340.00000190135,-515849.94497341476,302.7536103057384,1.0253286357735147,105
4565000,18360.000001905424,-517095.6107793702,299.86327621150645,1.025409666169157,105
4570000,18380.0000019095,-516506.1812118655,300.660360975955,1.026367221535611,105
4575000,18400.000001913573,-518334.8969922019,301.54632522374163,1.0298000651847907,105
4580000,18420.000001917648,-517012.07408480416,299.9940835626754,1.0221591736545361,105
4585000,18440.000001921722,-516949.35717276763,302.70526342729084,1.0309133687415195,105
4590000,18460.000001925797,-517324.3424872393,303.22153922051626,1.0280576506914063,105
4595000,18480.00000192987,-517279.21312765405,302.15488905881966,1.0235475959824456,105
4600000,18500.000001933946,-517619.0926099152,302.1460530980309,1.0236671843746024,105
4605000,18520.00000193802,-516885.52316218684,298.4632116339817,1.0231766782817693,105
4610000,18540.000001942095,-516208.9676558671,303.0387364192254,1.0244177655257987,105
4615000,18560.00000194617,-515935.41749145114,298.21820772131906,1.0270763689055977,105
4620000,18580.000001950244,-515956.46705969935,301.2352770944432,1.0244862752289496,105
4625000,18600.00000195432,-517407.29005913343,298.01272973810364,1.0274461049446637,105
4630000,18620.000001958393,-516369.38008487853,299.0346956506522,1.0280787039304329,105
4635000,18640.000001962468,-516667.09795177565,301.46900166915157,1.027275745948068,105
4640000,18660.000001966542,-516601.60102768685,301.8606540319108,1.0229941188529739,105
4645000,18680.000001970617,-516618.8280772739,300.4740422435901,1.026253213402908,105
4650000,18700.00000197469,-516422.94504456595,303.9372726313275,1.0246589490942895,105
4655000,18720.000001978766,-517180.6949311581,302.4998294626907,1.0296466598888598,105
4660000,18740.00000198284,-515949.5155008333,297.7333474426071,1.02435615215913,105
4665000,18760.000001986915,-517325.455521764,300.1716012251577,1.0294950950216502,105
4670000,18780.00000199099,-515694.40150498436,300.6982612203907,1.0262801177160774,105
4675000,18800.000001995064,-516891.1586861829,298.9223228474967,1.0241452997449545,105
4680000,18820.00000199914,-516817.6757024361,299.5734455774209,1.0275950183016642,105
4685000,18840.000002003213,-516833.9581710126,301.2905756668732,1.029022590716827,105
4690000,18860.000002007288,-516889.93428875855,302.9834067236228,1.0300101397509718,105
4695000,18880.000002011362,-515387.48467586166,300.6245775047044,1.022004717584139,105
4700000,18900.000002015437,-516137.2272973184,301.39108249355667,1.02612389231667,105
4705000,18920.00000201951,-517167.4292893817,300.7514228956621,1.0261437551057224,105
4710000,18940.000002023586,-517562.27030012873,300.1045864496898,1.0279757283941964,105
4715000,18960.00000202766,-516618.81810903153,302.6469978644176,1.0274423859881272,105
4720000,18980.000002031735,-515940.80427441164,299.8568330844873,1.0275385233176395,105
4725000,19000.00000203581,-516167.75587461796,302.1362147982808,1.02403147336155,105
4730000,19020.000002039884,-517685.22953762463,302.72842347113084,1.028989208970705,105
4735000,19040.00000204396,-516866.57145541185,301.97251293026557,1.0255122507600876,105
4740000,19060.000002048033,-517275.6504198038,301.0045109055222,1.0283003419286243,105
4745000,19080.000002052107,-516899.9527428823,299.93586195150846,1.02406900803004,105
4750000,19100.000002056182,-516961.7175234528,300.13920360307475,1.0298013503915127,105
4755000,19120.000002060257,-517679.32861043816,300.2128757758628,1.028579136733435,105
4760000,19140.00000206433,-516452.0158637648,302.84298164943567,1.0221212146503553,105
4765000,19160.000002068406,-517301.6236824936,299.99298658924187,1.025874471715463,105
4770000,19180.00000207248,-517528.6790809701,303.2561582529655,1.0248459926464408,105
4775000,19200.000002076555,-517629.2568110463,299.28187708167866,1.0255190409118422,105
4780000,19220.00000208063,-517621.5683613175,300.7235586513212,1.0290528046053962,105
4785000,19240.000002084704,-516707.50657441,298.4938396956182,1.0277853057382584,105
4790000,19260.00000208878,-515892.1170648802,301.16742322245784,1.0222748070610506,105
4795000,19280.000002092853,-516794.92599859415,300.6052645357154,1.0291537009304093,105
4800000,19300.000002096927,-516395.28483735095,299.8214707289923,1.0253853930328582,105
4805000,19320.000002101002,-517711.89020008617,302.4092051059584,1.0282830802757814,105
4810000,19340.000002105076,-516369.56754593365,296.99617731589393,1.0254349119338955,105
4815000,19360.00000210915,-516369.8621645649,301.81533886884057,1.026271437739359,105
4820000,19380.000002113225,-516570.76128832763,300.9089874922205,1.0242269616144226,105
4815000,19360.00000210915,-517401.9147511588,303.2445160129218,1.0252245057084373,--
4820000,19380.000002113225,-516496.7011298442,301.65361540834056,1.0246568906657152,107
4825000,19400.0000021173,-515632.7773293485,301.0537575278043,1.0233419486692514,107
4830000,19420.000002121375,-515595.2791185514,300.8291942746914,1.0288343331215655,106
4835000,19440.00000212545,-516705.61919571017,301.8875831515898,1.0254133575330187,106
4840000,19460.000002129524,-516174.1056910376,300.7671433996253,1.0243680610218047,106
4845000,19480.000002133598,-517528.60539511126,298.93683165311404,1.030896428351194,106
4850000,19500.000002137673,-516659.6215449632,301.815762160318,1.0249298394421305,106
4855000,19520.000002141747,-516903.83930020523,298.4249396727075,1.0232944083310824,106
4860000,19540.00000214582,-516081.56900983443,298.9477771865625,1.0259813225754664,106
4865000,19560.000002149896,-518194.0000961346,301.6954719571662,1.0293717911510112,106
4870000,19580.00000215397,-515908.41237634094,302.10161815119574,1.0250416845885366,105
4875000,19600.000002158045,-516706.7955751759,298.38105539994314,1.023016379325282,105
4880000,19620.00000216212,-515405.3125283164,301.49817743955396,1.0278084636397578,105
4885000,19640.000002166194,-515690.09672214556,300.2070459608876,1.0229176152599946,105
4890000,19660.00000217027,-516871.30506135453,303.9992590198245,1.0253923635148328,105
4895000,19680.000002174344,-517629.958892239,301.3872286950778,1.0277707745049176,105
4900000,19700.000002178418,-518031.21357571497,300.8857790876205,1.0266438884446825,105
4905000,19720.000002182493,-516292.08203359554,299.973730419291,1.024718343657192,105
4910000,19740.000002186567,-517249.6535909383,302.21917064546574,1.0272419668735222,105
4915000,19760.00000219064,-515990.9660824395,300.7922047285009,1.0235203330860145,105
4920000,19780.000002194716,-516832.36261214945,301.2006737221858,1.0262887754051666,105
4925000,19800.00000219879,-516373.64028438716,299.78110861273217,1.0254348897012648,105
4930000,19820.000002202865,-517085.0030014727,299.75558092739345,1.0276183660906624,105
4935000,19840.00000220694,-516805.19976556604,300.9816587090164,1.026808258549192,105
4940000,19860.000002211014,-516726.9324020641,302.29699985224005,1.0290840142973563,105
4945000,19880.00000221509,-515859.5900603854,301.81750297583164,1.0212125679802881,105
4950000,19900.000002219163,-517581.70351930545,299.41064610072397,1.0273893470437143,105
4955000,19920.000002223238,-516223.63224229286,300.4978850364274,1.024713766901033,105
4960000,19940.000002227313,-517350.2302866846,300.4161450653868,1.030362204717321,105
4965000,19960.000002231387,-517998.32528217114,299.8559379335096,1.0255203426677864,105
4970000,19980.00000223546,-515413.18354761787,304.14209038992146,1.0255433311159698,105
4975000,20000.000002239536,-515811.5708505509,300.51286734834815,1.0317689284003937,105
4980000,20020.00000224361,-517019.5566250293,300.0600678756216,1.024885332579073,105
4985000,20040.000002247685,-518225.35117213894,303.5468832384006,1.0272491760691411,105
4990000,20060.00000225176,-516519.8294888153,301.4195775301407,1.0249622645922571,105
4995000,20080.000002255834,-516416.92057139846,302.46388433275746,1.0273118217551762,105
5000000,20100.00000225991,-517521.8507544056,299.56092720344503,1.0266888839576584,105
5005000,20120.000002263983,-517190.57510210737,296.16750266669357,1.0261377983468474,105
5010000,20140.000002268058,-517583.8505027704,301.1815954486387,1.0281137837157621,105
5015000,20160.000002272132,-515893.9438120574,298.9070972373148,1.0238975357603979,105
5020000,20180.000002276207,-515788.0815349845,301.5779913023981,1.0292809764072621,105
5025000,20200.00000228028,-516448.54549760814,299.10030392554575,1.0246882036073852,105
5030000,20220.000002284356,-518291.78245884064,301.04281472535587,1.029759721009574,105
5035000,20240.00000228843,-517373.26401316025,300.6363555556777,1.0296620576541924,105
5040000,20260.000002292505,-515828.2922008566,299.5221997810309,1.026870021212296,105
5045000,20280.00000229658,-517055.4260666992,299.5691269459601,1.0299818534692051,105
5050000,20300.000002300654,-516346.35315592913,300.8715668118156,1.0247336688394657,105
5055000,20320.00000230473,-517190.1661141608,301.3220613380894,1.0291227790346604,105
5060000,20340.000002308803,-516908.5592151182,302.38067384828764,1.0227112898040807,105
5065000,20360.000002312878,-517237.86299404385,300.89509097585506,1.0303779004713498,105
5070000,20380.000002316952,-516262.95018672245,299.32165690485783,1.0262495085708965,105
5075000,20400.000002321027,-518074.54917723197,301.3355909076831,1.025925737800918,105
5080000,20420.0000023251,-516549.3514200032,300.8780641830454,1.023064832011219,105
5085000,20440.000002329176,-515851.62459731265,303.0782584760546,1.0243708047164772,105
5090000,20460.00000233325,-515358.96510189003,299.6567973091195,1.0203760524245329,105
5095000,20480.000002337325,-517117.4926074294,303.1198605282422,1.02428714765126,105
5100000,20500.0000023414,-517489.65933790663,300.1425490907745,1.0262300349296154,105
5105000,20520.000002345474,-517609.155114437,303.3722943385371,1.0275907762306702,105
5110000,20540.00000234955,-516321.5792798195,302.3450871560189,1.0238866795629038,105
5115000,20560.000002353623,-516150.68567763595,301.11071322265127,1.026067802949387,105
5120000,20580.000002357698,-516258.1698576822,301.01576357623117,1.0256464509858572,105
5125000,20600.000002361772,-517263.9081666842,299.4194164297192,1.026381250129654,105
5130000,20620.000002365847,-517602.37819995545,299.96690217773545,1.0255539626944825,105
5135000,20640.00000236992,-516996.7790271789,299.61349904956603,1.0267250743207461,105
5140000,20660.000002373996,-517186.16402221797,300.87405395190746,1.027029970360257,105
5145000,20680.00000237807,-516201.8549019906,302.17047830686903,1.026183860790797,105
5150000,20700.000002382145,-515231.0477762022,300.56137717357007,1.0288472821472394,105
5155000,20720.00000238622,-516895.83553821384,299.8070355442924,1.0319670817307625,105
5160000,20740.000002390294,-517365.0836580149,300.2946670009879,1.0277700802143426,105
5165000,20760.00000239437,-518160.17002012185,302.0811179218375,1.0281933727922397,105
5170000,20780.000002398443,-516176.4908929642,300.71299989935227,1.0242884355940365,105
5175000,20800.000002402518,-515712.80066841166,300.04398819853543,1.0276944994308252,105
5180000,20820.000002406592,-518520.81641636114,299.1155092175957,1.0267096959709987,105
5185000,20840.000002410667,-518490.6053254653,299.9647612553221,1.0262981879986626,105
5190000,20860.00000241474,-516967.42403990915,300.7283009973526,1.02649740807074,105
5195000,20880.000002418816,-515759.9848780772,299.1986517685159,1.0278527929182701,105
5200000,20900.00000242289,-516292.19796934165,302.54415778989323,1.0268300256040863,105
5205000,20920.000002426965,-516477.21481168456,302.13019990080113,1.0271276351049679,105
5210000,20940.00000243104,-517738.89384609764,301.2013927369214,1.0269074289732683,105
5215000,20960.000002435114,-517206.46646798495,300.70088479077765,1.0293434181488836,105
5220000,20980.00000243919,-517021.8020430119,298.86499760946003,1.0273929438758433,105
5225000,21000.000002443263,-517275.2221249372,304.4567349843982,1.0270566107408223,105
5230000,21020.000002447337,-516995.13180118543,302.1210325015176,1.0296381100431211,105
5235000,21040.000002451412,-516509.37118595326,301.3469695523866,1.0228658557006378,105
5240000,21060.000002455487,-516331.9213959747,302.0265645420047,1.0264559214053348,105
5245000,21080.00000245956,-517354.44426671136,298.7660082914819,1.0276342050740188,105
5250000,21100.000002463636,-515693.9879056085,300.9769955735864,1.0249514615711062,105
5255000,21120.00000246771,-517686.4573584669,301.2180160561909,1.0299484111203572,105
5260000,21140.000002471785,-516982.3422196766,300.5412165810728,1.0256181150513486,105
5265000,21160.00000247586,-516835.30312187667,300.17358073495825,1.025586659891744,105
5270000,21180.000002479934,-516678.3122649507,300.0352362086444,1.0294003911135035,105
5275000,21200.00000248401,-516526.5169852979,299.46510255606097,1.0251289704101147,105
5280000,21220.000002488083,-516818.30793030653,297.2333055134581,1.027232744693948,105
5285000,21240.000002492157,-518538.3386878518,300.73577337021567,1.0317595318169466,105
5290000,21260.000002496232,-516781.5290713967,297.12220690287086,1.0269897204572833,105
5295000,21280.000002500306,-516249.8262233939,301.88410849341693,1.0297277438511694,105
5300000,21300.00000250438,-516454.5396051109,300.9504883867188,1.0260231405069238,105
5305000,21320.000002508456,-515858.3721281567,302.1729067778247,1.023256236457814,105
5310000,21340.00000251253,-517295.19602764235,299.3237530421575,1.0308212074502918,105
5315000,21360.000002516605,-518451.9948976799,300.85580179252213,1.03190670649829,105
5320000,21380.00000252068,-518491.7338129035,302.2546360420635,1.0258041505851865,105
5325000,21400.000002524754,-516344.5484558842,302.86837619609884,1.0243449749158882,105
5330000,21420.00000252883,-518000.7961384007,301.1592837405221,1.0248264581080198,105
5335000,21440.000002532903,-516531.16993876756,301.85171524933793,1.0229096805259739,105
5340000,21460.000002536977,-517429.49443390965,302.54177996613333,1.029184422491718,105
5345000,21480.00000254105,-516916.2970011523,303.5474314307539,1.0235618511354234,105
5350000,21500.000002545126,-517054.7753342623,301.7464635863621,1.0248459374760344,105
5355000,21520.0000025492,-516474.31608975446,299.85109529908533,1.0236867320575869,105
5360000,21540.000002553275,-516433.87467943784,299.350606908118,1.0237332877639203,105
5365000,21560.00000255735,-516619.3639165722,300.5823190658443,1.0291791318689234,105
5370000,21580.000002561424,-516672.5554335378,301.8710030126203,1.0245078046481362,105
5375000,21600.0000025655,-516378.05127435597,300.9155731618318,1.0256328122565967,105
5380000,21620.000002569574,-517020.23678134056,304.31017284182354,1.0258221826726222,105
5385000,21640.000002573648,-516095.32138841506,300.6686607982243,1.025413523929276,105
5390000,21660.000002577723,-516793.91916448483,301.77132830025766,1.0248322171133382,105
5395000,21680.000002581797,-518184.7782948909,300.83321810978936,1.0270731265018636,105
5400000,21700.00000258587,-517327.47751866444,302.4701913336908,1.0295955740826825,105
5405000,21720.000002589946,-517291.0528685828,298.3220681399678,1.0250228738978937,105
5410000,21740.00000259402,-515527.8746537515,302.2499720786742,1.0243615182173988,105
5415000,21760.000002598095,-517233.97303439234,301.62468472443453,1.0291076003484823,105
5420000,21780.00000260217,-517474.04878509394,300.6002376127608,1.029658832384835,105
5425000,21800.000002606244,-516442.69527458586,302.55705065875014,1.027083224720948,105
5430000,21820.00000261032,-517569.21189435176,300.1444460517751,1.0266358248873437,105
5435000,21840.000002614393,-517051.2392748487,298.9214594786296,1.0293999565926388,105
5440000,21860.000002618468,-517626.38351279055,302.6607725706323,1.0273754762992562,105
5445000,21880.000002622543,-517230.4866420184,303.1323153188802,1.0261676561805768,105
5450000,21900.000002626617,-516193.77237222274,301.775789666239,1.0232419952811045,105
5455000,21920.00000263069,-516154.73426813516,300.42549972256893,1.0278815182355157,105
5460000,21940.000002634766,-517743.9617573845,302.3640005112633,1.0262784360038968,105
5465000,21960.00000263884,-516362.8833140256,301.8665242422591,1.025581581817824,105
5470000,21980.000002642915,-516978.55967856804,303.92853264987014,1.0282680155650574,105
5475000,22000.00000264699,-517526.2739328786,298.01644596768574,1.0296576760892102,105
5480000,22020.000002651064,-516738.9365460351,299.971021066508,1.0271482651574042,105
5485000,22040.00000265514,-515962.59557255404,297.62966473438047,1.0294023644699026,105
5490000,22060.000002659213,-517335.6644136708,301.2218004909994,1.027305248974873,105
5495000,22080.000002663288,-516879.59152958286,298.6354891575249,1.026848640481548,105
5500000,22100.000002667362,-516661.01988830115,303.14897489163644,1.0297952918417008,105
5505000,22120.000002671437,-516478.0732639388,298.58544457991405,1.028773221479043,105
5510000,22140.00000267551,-516476.6673825905,301.5330083961028,1.0260018472278138,105
5515000,22160.000002679586,-517080.86691333144,300.3596025153654,1.022655209773493,105
5520000,22180.00000268366,-516802.15984886535,303.64993077449554,1.026727917043379,105
5525000,22200.000002687735,-514912.32713693916,299.93673007073835,1.02860893376768,105
5530000,22220.00000269181,-516561.712178502,299.52108794513913,1.0277437544535288,105
5535000,22240.000002695884,-516542.20045699226,300.2186111188169,1.0227294477251836,105
5540000,22260.00000269996,-516592.610742341,299.83758758918145,1.0240213175708206,105
5545000,22280.000002704033,-517736.7178120916,300.1590839834972,1.028365571410255,105
5550000,22300.000002708108,-516054.7492095565,300.3515074690168,1.0261117751295177,105
5555000,22320.000002712182,-517518.3263578238,301.7559398036119,1.0290435823134485,105
5560000,22340.000002716257,-517120.5843152029,300.33076121194614,1.030442452810207,105
5565000,22360.00000272033,-516833.1070691997,302.5807584899106,1.0287277868699887,105
5570000,22380.000002724406,-516939.05266242265,301.5797489718671,1.027551909301616,105
5575000,22400.00000272848,-516290.11508654477,300.0616440870883,1.0243960686946119,105
5580000,22420.000002732555,-516848.785970771,300.5446444025466,1.0261877338042105,105
5585000,22440.00000273663,-516113.2691580714,299.11056252496985,1.030207640135896,105
5590000,22460.000002740704,-515763.68817835674,302.37268298013487,1.0240771611814923,105
5595000,22480.00000274478,-517323.6624577055,300.27477846691113,1.026510019416638,105
5600000,22500.000002748853,-516642.42357805,302.7922422458511,1.0275901515380519,105
5605000,22520.000002752928,-518222.0407777673,302.9098719568154,1.029267849080259,105
5610000,22540.000002757002,-516443.6459194848,304.15487253164946,1.0260928050910705,105
5615000,22560.000002761077,-517367.74336805474,303.9066707822187,1.0267496652586667,105
5620000,22580.00000276515,-517135.6748180757,300.91625119457547,1.025872820847449,105
5625000,22600.000002769226,-517442.9941224782,302.9879332098993,1.0242901977350136,105
5630000,22620.0000027733,-517149.08765061875,301.3585253641149,1.0276946547052097,105
5635000,22640.000002777375,-516258.6955480268,300.7799213109392,1.0206524859640216,105
5640000,22660.00000278145,-516477.506229226,300.9812987563,1.0247795600278928,105
5645000,22680.000002785524,-517324.8864514725,300.74895884778743,1.0265716243186054,105
5650000,22700.0000027896,-516538.3652883158,300.80754763158,1.0229760287622942,105
5655000,22720.000002793673,-517091.92186042946,303.3220381474736,1.0296658362160054,105
5660000,22740.000002797748,-516391.56307857786,301.3672720127154,1.0230116484995573,105
5665000,22760.000002801822,-516558.79459669045,301.325584038689,1.0223059186445655,105
5670000,22780.000002805897,-517443.9332262182,302.3529273018083,1.027115874880014,105
5675000,22800.00000280997,-518126.76022464456,301.92153357294535,1.026224906806741,105
5680000,22820.000002814046,-516585.4789088073,300.90060858686724,1.028609243481415,105
5685000,22840.00000281812,-516321.7805150675,299.2268084908808,1.0262827378100352,105
5690000,22860.000002822195,-515506.9667480483,299.2976126399712,1.022408865475234,105
5695000,22880.00000282627,-515706.7773832199,302.9145996972473,1.0243287108535566,105
5700000,22900.000002830344,-516600.0145981414,300.334546591633,1.0280398222503913,105
5705000,22920.00000283442,-517813.91041181283,301.66777938069885,1.0258876740397234,105
5710000,22940.000002838493,-517498.4891752084,301.8875952123134,1.027842540673416,105
5715000,22960.000002842567,-515441.10203343094,298.18517006745446,1.023685940645753,105
5720000,22980.000002846642,-517862.94275247003,301.31604099483604,1.0253457221168782,105
5725000,23000.000002850717,-517479.01816926524,300.4192216777943,1.0264045453666046,105
5730000,23020.00000285479,-515642.88018478546,300.55185662707515,1.0268628064881817,105
5735000,23040.000002858866,-517115.93817117834,301.0904272208968,1.025086988049685,105
5740000,23060.00000286294,-517587.8093915628,300.9932499904357,1.0222043380245456,105
5745000,23080.000002867015,-516569.4249945616,301.4826670468806,1.026374447057549,105
5750000,23100.00000287109,-517395.8755776924,300.2877479693861,1.0291637647156757,105
5755000,23120.000002875164,-516874.3831338233,298.75394019801644,1.027607529144196,105
5760000,23140.00000287924,-516779.85983592435,300.7297698762401,1.028417722249868,105
5765000,23160.000002883313,-517086.41688580695,300.87886514068975,1.029906143433863,105
5770000,23180.000002887387,-517499.8267173942,302.5595445277049,1.026944457041745,105
5775000,23200.000002891462,-515991.037890387,299.1999624662205,1.023992678265195,105
5780000,23220.000002895536,-516194.34225508827,302.9028232718328,1.025431949483035,105
5785000,23240.00000289961,-515969.46097374917,300.3451290579771,1.0259601608943734,105
5790000,23260.000002903686,-516064.87314972933,301.1929806906369,1.025111322513,105
5795000,23280.00000290776,-516180.44847741467,301.32304407909294,1.0281779541665517,105
5800000,23300.000002911835,-517261.33747786004,300.62044658565327,1.0254568784122289,105
5805000,23320.00000291591,-517185.9988772697,302.1600251647164,1.0246841749138436,105
5810000,23340.000002919984,-516546.8131845668,298.7912646585614,1.025694418639486,105
5815000,23360.00000292406,-517060.05697819474,299.11176107099305,1.0227998085393046,105
5820000,23380.000002928133,-516750.1527635765,299.120162719588,1.0236347179432599,105
5825000,23400.000002932207,-517230.2075924615,298.49931659398567,1.026995762271549,105
5830000,23420.00000293628,-516162.31936180335,304.19333845743455,1.027437832208238,105
5835000,23440.000002940356,-516736.5087653636,301.1133338063282,1.028907360093736,105
5840000,23460.00000294443,-515778.0223084092,300.7128015996625,1.0238045879326343,105
5845000,23480.000002948505,-516054.9158576585,302.66058495972635,1.02387600380608,105
5850000,23500.00000295258,-517371.2342124225,300.55520136159095,1.03139401341804,105
5855000,23520.000002956654,-516713.80733888433,301.33869327807076,1.0256179745356293,105
5860000,23540.00000296073,-516800.6307229907,301.06591428358917,1.0244836643758723,105
5865000,23560.000002964804,-517173.68592019775,301.9548591796274,1.0258266944860175,105
5870000,23580.000002968878,-515539.61095947097,302.07804649863334,1.0245351163683638,105
5875000,23600.000002972953,-517725.44265387184,298.2968692988325,1.0283899719017615,105
5880000,23620.000002977027,-516425.46213752986,302.12547788751397,1.0246003552021237,105
5885000,23640.0000029811,-516542.5996655652,300.34809871455303,1.018935427562884,105
5890000,23660.000002985176,-516373.00976501196,298.12384703959043,1.0284178352530657,105
5895000,23680.00000298925,-517115.8103100101,301.4219003441782,1.026205227009366,105
5900000,23700.000002993325,-516575.2424743534,300.0830591131625,1.0255931528219782,105
5905000,23720.0000029974,-516008.6917558841,303.0439492338821,1.0248924453840982,105
5910000,23740.000003001474,-516663.9749217839,303.03783972346383,1.025232823064719,105
5915000,23760.00000300555,-515911.494294734,300.4200088467248,1.0277061856903318,105
5920000,23780.000003009623,-515800.0499683635,299.90748172543726,1.0238541209665737,105
5925000,23800.000003013698,-516451.7341136022,300.88730393938437,1.0282443099300085,105
5930000,23820.000003017773,-517506.98271140945,300.29323717304317,1.0271872360667644,105
5935000,23840.000003021847,-517427.4885073793,303.04240702038237,1.0265975066853925,105
5940000,23860.00000302592,-517808.62186749186,300.24932274235107,1.0267600955630296,105
5945000,23880.000003029996,-515438.54471007246,299.9246269144142,1.0232370273887748,105
5950000,23900.00000303407,-517081.1913879013,299.9083123264622,1.0269444986716363,105
5955000,23920.000003038145,-517636.5914567781,298.9115720146954,1.0276741050420293,105
5960000,23940.00000304222,-517296.9150514356,303.9398925707766,1.028922758483758,105
5965000,23960.000003046294,-516980.54625327,300.93753570662636,1.0247471720206218,105
5970000,23980.00000305037,-516104.6974452671,300.8710669204191,1.0260307117533651,105
5975000,24000.000003054443,-515932.3250812399,300.7901296878872,1.0246353766951024,105
5980000,24020.000003058518,-515679.47129174974,298.4345597854025,1.026705004103357,105
5985000,24040.000003062592,-517288.32165813306,302.03014674955733,1.0264050055112541,105
5990000,24060.000003066667,-516962.3036177992,300.4443678806223,1.0270088856321842,105
5995000,24080.00000307074,-516192.0787727146,302.44609659684744,1.024593550453485,105
6000000,24100.000003074816,-516004.8468650351,299.1666629342232,1.025946059462043,105
6005000,24120.00000307889,-515975.10821647244,302.75818525020975,1.026875961589875,105
6010000,24140.000003082965,-517072.6000438528,301.98611921995104,1.0271701871466754,105
6015000,24160.00000308704,-517008.49153821147,301.4680138242387,1.0265569181444736,105
6020000,24180.000003091114,-517564.34620469925,300.39538389643,1.022367058644363,105
6025000,24200.00000309519,-515886.3966222699,302.53486137027863,1.0250304622592867,105
6030000,24220.000003099263,-516603.4787481723,300.11812607274777,1.025298364062357,105
6035000,24240.000003103338,-516782.3046801265,298.97125647440924,1.026397961591679,105
6040000,24260.000003107412,-515969.9206696376,301.72415999194885,1.028821833533715,105
6045000,24280.000003111487,-516017.9664042266,301.80439863788496,1.0233172025141215,105
6050000,24300.00000311556,-517033.1244393175,301.6242829575168,1.0254519160067719,105
6055000,24320.000003119636,-517629.6295329607,297.09736646241294,1.0257425120254207,105
6060000,24340.00000312371,-516170.41864530626,300.1107265749857,1.0212596065748445,105
6065000,24360.000003127785,-515974.81124195317,302.2034671277445,1.0250427176945967,105
6070000,24380.00000313186,-516044.19642834924,299.6632666488517,1.0259684291534215,105
6075000,24400.000003135934,-518012.6998408383,302.8978161487639,1.0292484900243508,105
6080000,24420.00000314001,-516120.7380154438,299.41969447109796,1.0281195434401311,105
6085000,24440.000003144083,-517336.466822037,302.10745933901075,1.0231106003318713,105
6090000,24460.000003148158,-517205.0080656565,302.45202132261176,1.0252510560021264,105
6095000,24480.000003152232,-516586.66997415735,300.7215531232681,1.0247606215529783,105
6100000,24500.000003156307,-517269.65545029077,300.09948364476924,1.027519107118761,105
6105000,24520.00000316038,-516200.7483670332,302.32741139951406,1.0216965083549616,105
6110000,24540.000003164456,-517296.3702544244,301.70955917238695,1.0293015487714257,105
6115000,24560.00000316853,-516003.9027766092,302.639932751775,1.0266216803223773,105
6120000,24580.000003172605,-516827.2901935796,299.417532933662,1.026043350437157,105
6125000,24600.00000317668,-516995.1736795965,302.18378457188095,1.0224121802003419,105
6130000,24620.000003180754,-517763.0368907291,298.42024781157204,1.0276727825165202,105
6135000,24640.00000318483,-517406.3317773293,300.1527024597197,1.0290887942791358,105
6140000,24660.000003188903,-515887.6865971463,302.21539795315647,1.022787744502019,105
6145000,24680.000003192978,-516314.7006096593,300.6850134605885,1.0232839773586355,105
6150000,24700.000003197052,-516487.4133535812,301.2423634282884,1.0236986979906106,105
6155000,24720.000003201127,-516087.17461965093,302.06607244713246,1.023181324941229,105
6160000,24740.0000032052,-516640.50119976816,299.3697782685534,1.0251651507419153,105
6165000,24760.000003209276,-517787.2577455465,302.3828387209811,1.0302169501471856,105
6170000,24780.00000321335,-517011.5346940304,300.7016007312373,1.0264427769312856,105
6175000,24800.000003217425,-517223.5850709048,300.8388736953438,1.0223935552236016,105
6180000,24820.0000032215,-516845.3470615931,300.7071834400748,1.029110161499381,105
6185000,24840.000003225574,-517145.5574741529,302.4346017019874,1.0268007467648017,105
6190000,24860.00000322965,-517089.00277214847,300.5457285353136,1.0237525834198902,105
6195000,24880.000003233723,-516423.7447337704,301.3050299680958,1.024777979081279,105
6200000,24900.000003237798,-515445.0387186373,300.71823528304583,1.027629080425668,105
6205000,24920.000003241872,-516842.1840176545,302.74170195876565,1.0252459968216667,105
6210000,24940.000003245947,-517882.35180054023,299.6472273409628,1.0282776804308407,105
6215000,24960.00000325002,-517685.01593770855,299.7772845589448,1.0274170510911471,105
6220000,24980.000003254096,-516205.4989441242,302.6426528456037,1.0279546512873377,105
6225000,25000.00000325817,-516215.70128730685,299.8657645820408,1.0236200632012689,105
6230000,25020.000003262245,-516809.33009158424,299.8663826141749,1.0270047920558816,105
6235000,25040.00000326632,-517469.51567858853,299.44594201642343,1.0292906182531065,105
6240000,25060.000003270394,-515686.68802810437,301.13077550857435,1.028852088193676,105
6245000,25080.00000327447,-517836.0037999293,301.26534297002365,1.0272173826258457,105
6250000,25100.000003278543,-516912.2708533907,299.64330775537906,1.0265313889256515,105
6255000,25120.000003282617,-515819.0577619183,302.9723308544131,1.0250702473718507,105
6260000,25140.000003286692,-517505.03741802974,299.51827247821467,1.0297970067774393,105
6265000,25160.000003290766,-517176.08254412445,302.25255496686066,1.0250031176908632,105
6270000,25180.00000329484,-516601.9880899477,301.0529505329424,1.0217118166314973,105
6275000,25200.000003298916,-516738.49253836786,299.69331238901975,1.0226625723884497,105
6280000,25220.00000330299,-516982.1787020876,300.1330318748291,1.0237142999037454,105
6285000,25240.000003307065,-517197.0645192347,299.8736412174848,1.0250762190831821,105
6290000,25260.00000331114,-516917.49035387416,302.75304422845824,1.0285671686188402,105
6295000,25280.000003315214,-516560.7791849037,300.7694126208472,1.029990927911833,105
6300000,25300.00000331929,-516937.4952401342,301.0691464770411,1.0247471069216294,105
6305000,25320.000003323363,-518579.0880246805,300.25854694321237,1.0301596928722654,105
6310000,25340.000003327437,-517716.047459207,300.4026247281398,1.0279607255015466,105
6315000,25360.000003331512,-516790.01886771433,301.3773460124493,1.027381974823281,105
6320000,25380.000003335586,-517909.9885562232,301.3647205310335,1.029841961823926,105
6325000,25400.00000333966,-517318.3249902921,299.5992226098253,1.0286250181604133,105
6330000,25420.000003343735,-516375.9820666546,302.21347662358187,1.0244172253005575,105
6335000,25440.00000334781,-516575.38714892324,304.17952759667673,1.030300246779774,105
6340000,25460.000003351885,-515977.99620986986,298.7844132394719,1.0236503485627009,105
6345000,25480.00000335596,-517815.6646628275,298.4697291552138,1.0274205823299152,105
6350000,25500.000003360034,-516121.3548276755,300.8873117619558,1.024713846829713,105
6355000,25520.000003364108,-517037.1534525936,303.19477424304546,1.0270134698780855,105
6360000,25540.000003368183,-516471.4730776702,299.4839879404039,1.0258809624776142,105
6365000,25560.000003372257,-515793.2022743034,298.692130993323,1.024623720763974,105
6370000,25580.00000337633,-517055.6032962848,300.8497074893539,1.0291890991796937,105
6375000,25600.000003380406,-517335.3281377668,300.98666062912923,1.0265717286050162,105
6380000,25620.00000338448,-515762.90318378457,300.71558377025735,1.0202804228253948,105
6385000,25640.000003388555,-516380.6404868455,300.98841381930055,1.0267821292572745,105
6390000,25660.00000339263,-516976.3201105497,302.1124227977968,1.0299657140511507,105
6395000,25680.000003396704,-516822.1079017073,302.7248273509809,1.0277473919795697,105
6400000,25700.00000340078,-517462.01513249497,299.9910554822871,1.0238582748744363,105
6405000,25720.000003404853,-516809.4386335381,302.1105185570485,1.02421310962521,105
6410000,25740.000003408928,-517074.23719922313,301.43373219563995,1.0253689389898806,105
6415000,25760.000003413003,-517310.58028216194,302.3169469902089,1.0272816195810393,105
6420000,25780.000003417077,-516806.4780827495,302.8732476338923,1.0270209644325796,105
6425000,25800.00000342115,-516740.6404231428,302.15766516302426,1.026459106078529,105
6430000,25820.000003425226,-516140.0336233508,298.3855478571269,1.023279475445077,105
6435000,25840.0000034293,-516177.32252378645,301.55177297530093,1.0298271468120528,105
6440000,25860.000003433375,-515893.8494604309,302.5881275926371,1.026525273537459,105
6440000,25860.000003433375,-517372.1092153222,301.307143727221,1.024571006419068,--
6445000,25880.00000343745,-515908.8738677213,298.8735476147516,1.0242753831128035,107
6450000,25900.000003441524,-516778.2175759105,301.6052360259442,1.0222571840072088,106
6455000,25920.0000034456,-516616.00646155374,301.40763463506585,1.0244175857784734,106
6460000,25940.000003449673,-516636.4425992528,301.95235861943587,1.0253056534492315,106
6465000,25960.000003453748,-516351.13566802046,301.08302823270867,1.027543131054273,106
6470000,25980.000003457822,-516157.30196556496,302.00289787355086,1.0271490551214433,105
6475000,26000.000003461897,-516029.39752031467,301.7104680600853,1.0248113242880497,105
6480000,26020.00000346597,-515906.7300649411,300.53333327874617,1.0245086179587282,105
6485000,26040.000003470046,-515839.52181862085,301.57452712535917,1.0265464133447706,105
6490000,26060.00000347412,-516044.5936912587,303.0926723825422,1.023293171135747,105
6495000,26080.000003478195,-518455.94627007865,301.6649294815369,1.0258303835711942,105
6500000,26100.00000348227,-518112.5047663152,303.34139081058584,1.0296799451212295,105
6505000,26120.000003486344,-515870.7133101248,300.4991275482586,1.0256550139054557,105
6510000,26140.00000349042,-516359.17855429184,302.0244243400295,1.0250028399929156,105
6515000,26160.000003494493,-516052.375671234,300.4104971320348,1.0236918553647933,105
6520000,26180.000003498568,-516869.5276337159,301.45321664589284,1.0276404517802002,105
6525000,26200.000003502642,-518017.60454550525,300.7590432613196,1.0239133942216563,105
6530000,26220.000003506717,-516241.4461773115,301.47499497140586,1.0292834941161317,105
6535000,26240.00000351079,-516815.7235542666,301.0211757182319,1.0286408609637796,105
6540000,26260.000003514866,-515364.5713477647,299.9103968579193,1.024329652936535,105
6545000,26280.00000351894,-516740.03655713284,301.99570022975996,1.0292345769876559,105
6550000,26300.000003523015,-518389.00767481816,300.2599660799373,1.0257764794198378,105
6555000,26320.00000352709,-516834.1389354395,300.8383218793065,1.0266773827205464,105
6560000,26340.000003531164,-515835.6721449236,302.6629571325083,1.0247674746058775,105
6565000,26360.00000353524,-517431.3729733443,299.4578048916982,1.0299609261173364,105
6570000,26380.000003539313,-518184.12214257894,300.04918946708455,1.0254314832014506,105
6575000,26400.000003543388,-517668.62750535924,301.13661167452034,1.0311086153600546,105
6580000,26420.000003547462,-516869.2226724052,300.77423672600145,1.0261643060220966,105
6585000,26440.000003551537,-515993.3904101199,299.39479009552315,1.0243732638770604,105
6590000,26460.00000355561,-516414.08149064006,302.45195440398044,1.024929163194025,105
6595000,26480.000003559686,-516144.12603790197,301.5723644875049,1.0239071274863984,105
6600000,26500.00000356376,-516411.19027946144,300.3067624781626,1.0265247424668995,105
6605000,26520.000003567835,-517234.53971554036,299.1417022828522,1.0265005868802548,104
6610000,26540.00000357191,-517565.4699274872,299.759157832541,1.0267892351636259,104
6615000,26560.000003575984,-516778.1047025628,302.4658728058102,1.0283515038865871,104
6620000,26580.00000358006,-516969.1943467178,301.834557736446,1.0271313897457977,104
6625000,26600.000003584133,-515932.07190432237,301.0473880698156,1.0258917897692614,104
6630000,26620.000003588208,-516966.6731227308,302.5090663186361,1.0282794176788483,104
6635000,26640.000003592282,-517667.7466816115,301.3396370518539,1.029461999541149,104
6640000,26660.000003596357,-516788.9730198465,299.9512732515924,1.0254913972540094,104
6645000,26680.00000360043,-517891.96198649076,301.78531359266185,1.026439860911177,104
6650000,26700.000003604506,-517111.91107410355,299.9654217732971,1.0263112016903442,104
6655000,26720.00000360858,-517455.4034395106,301.0468932409861,1.0288202122324002,104
6660000,26740.000003612655,-517482.12349295523,299.35525509271406,1.0308959810381875,104
6665000,26760.00000361673,-515754.7062760012,301.44106649224705,1.0244568811757262,104
6670000,26780.000003620804,-516641.40793844615,299.2577128104469,1.0237171528610653,104
6675000,26800.00000362488,-515739.70488413563,300.01628121060236,1.0274247431461672,104
6680000,26820.000003628953,-516445.08730736445,300.08813106917273,1.0295314294227011,104
6685000,26840.000003633028,-516411.7681647171,301.84340009258756,1.0262881919436082,104
6690000,26860.000003637102,-517194.8295198262,300.27047874438176,1.0279438231262106,104
6695000,26880.000003641177,-517077.67564949905,301.85359432536427,1.0272455807328453,104
6700000,26900.00000364525,-517027.7382948664,301.11416322636063,1.0258000514522596,104
6705000,26920.000003649326,-515884.87075021723,302.10413162414505,1.022719900883122,104
6710000,26940.0000036534,-517466.1355389869,300.8534100271524,1.0280679753611017,104
6715000,26960.000003657475,-516313.32193268,301.0119280400972,1.0256886979897097,104
6720000,26980.00000366155,-516840.88346721744,299.3147120962431,1.0303186779451738,104
6725000,27000.000003665624,-516419.6406770188,302.0393623806468,1.028208373245078,104
6730000,27020.0000036697,-517182.6218583586,299.0533195245934,1.028391816783696,104
6735000,27040.000003673773,-516511.3139526483,303.0160200123624,1.0258951187525738,104
6740000,27060.000003677847,-517024.0209887719,299.8569195726487,1.0284105568559112,104
6745000,27080.000003681922,-515813.7439902434,300.0422885442607,1.02479639527734,104
6750000,27100.000003685996,-516115.3257398568,301.3376299051376,1.0270790501041582,104
6755000,27120.00000369007,-517425.78581762547,300.55425543861213,1.0268253977637438,104
6760000,27140.000003694146,-516537.7275507448,302.0892479834977,1.026581272773045,104
6765000,27160.00000369822,-516449.9617519679,299.8385636330034,1.0246831072835187,104
6770000,27180.000003702295,-517104.5665531426,302.9709625209777,1.0271555818916192,104
6775000,27200.00000370637,-515683.5127528107,299.4831431839845,1.0248369206966166,104
6780000,27220.000003710444,-515866.33951143804,301.9824578318274,1.0241051863852288,104
6785000,27240.00000371452,-517410.72318372456,302.84812620108426,1.0297545264717323,104
6790000,27260.000003718593,-517250.7298493881,299.8794066944403,1.0253271050316348,104
6795000,27280.000003722667,-516408.57937664585,298.9112335433607,1.0309803534114423,104
6800000,27300.000003726742,-517057.731622149,302.63567882266807,1.0242859483134874,104
6805000,27320.000003730816,-516588.1736632923,301.54030256700446,1.0258281819675692,104
6810000,27340.00000373489,-517287.2866763945,302.9002753116558,1.0243946015091137,104
6815000,27360.000003738965,-516649.2984779484,298.7869452680649,1.0308428623213508,104
6820000,27380.00000374304,-517732.30927120685,302.2744464908881,1.0245406270268267,104
6825000,27400.000003747115,-516610.0195762017,303.1344578948404,1.0288163882463233,104
6830000,27420.00000375119,-518000.80591778574,300.7982866250283,1.026682856901565,104
6835000,27440.000003755264,-517338.0057995417,300.9120921133571,1.0283454550498048,104
6840000,27460.000003759338,-515362.01625292166,301.7289235985176,1.0241885606143677,104
6845000,27480.000003763413,-516893.7699797712,298.5731659046937,1.0249019442907803,104
6850000,27500.000003767487,-516767.55761572625,298.85679822117413,1.0262497625019615,104
6855000,27520.00000377156,-515587.7516392963,302.7771327949035,1.025141973838015,104
6860000,27540.000003775636,-515723.74140520673,301.7900292594631,1.0258510523453503,104
6865000,27560.00000377971,-516955.33132699435,302.26619890736345,1.0232672499847246,104
6870000,27580.000003783785,-517642.07989376015,304.4698533973913,1.0288010527746265,104
6875000,27600.00000378786,-516461.0646272432,305.3978871653976,1.0221258900141583,104
6880000,27620.000003791934,-517625.6925224771,299.0273052940064,1.0233191062689229,104
6885000,27640.00000379601,-518162.66376250633,298.2835753274177,1.024693996846043,104
6890000,27660.000003800084,-515896.45705846883,301.7680831351074,1.0275673248669042,104
6895000,27680.000003804158,-518114.3404121825,299.9189957265595,1.0286667695750964,104
6900000,27700.000003808233,-516489.22345957486,303.3497138367994,1.0233698856426416,104
6905000,27720.000003812307,-516682.63673547027,302.09057475666293,1.0234329861981326,104
6910000,27740.00000381638,-516830.4237433872,299.2009721986943,1.0258449174263569,104
6915000,27760.000003820456,-516767.08030956145,301.5356081696555,1.0261432635010594,104
6920000,27780.00000382453,-516174.0371406991,300.8962466085619,1.0244784557218207,104
6925000,27800.000003828605,-516521.69628927903,302.6568874517018,1.0249953482676604,104
6930000,27820.00000383268,-517033.3489466659,299.7251298881467,1.0245362507000917,104
6935000,27840.000003836754,-516241.9637384678,301.89682016164676,1.0253099489456377,104
6940000,27860.00000384083,-518065.6956933236,299.4140440391164,1.0281570113447374,104
6945000,27880.000003844903,-517284.2827590441,303.2812070388115,1.0248942318283574,104
6950000,27900.000003848978,-516140.3211341433,302.0785200685399,1.0205970081929971,104
6955000,27920.000003853052,-516881.9931101394,301.9693204532025,1.0309631186102481,104
6960000,27940.000003857127,-516617.7872546662,300.9080223503387,1.0285924650588698,104
6965000,27960.0000038612,-517400.7373230548,300.5826487707965,1.0256231164082834,104
6970000,27980.000003865276,-518070.37608525576,299.937172568594,1.0268492741082555,104
6975000,28000.00000386935,-515771.051348323,301.3608724370474,1.0280133409243186,104
6980000,28020.000003873425,-516891.3069179314,298.9055716454004,1.0282385664217975,104
6985000,28040.0000038775,-516424.4771970948,298.1611274349125,1.0262153539635144,104
6990000,28060.000003881574,-516181.87551628915,299.5082676752527,1.0228922107378073,104
6995000,28080.00000388565,-518149.08452739264,299.5800685808937,1.0252043287342094,104
7000000,28100.000003889723,-515973.70429321215,303.0232410943055,1.027934007851375,104
7005000,28120.000003893798,-517098.01835912373,304.4214244700279,1.0251723169043963,104
7010000,28140.000003897872,-517443.92754160496,300.8626311922734,1.023440192202987,104
7015000,28160.000003901947,-516481.5184098659,300.77819424585783,1.0301868124831823,104
7020000,28180.00000390602,-517815.9011600772,297.6308995594082,1.0300380108762957,104
7025000,28200.000003910096,-515798.3463089878,302.1094721625231,1.0254197701199752,104
7030000,28220.00000391417,-517027.31892333715,300.1593993218277,1.030605171249049,104
7035000,28240.000003918245,-517405.70378212654,300.1683620845699,1.024062356000445,104
7040000,28260.00000392232,-516603.6674294071,299.6914450181414,1.0254473186161719,104
7045000,28280.000003926394,-516291.6952708971,301.2047898175634,1.0237239506663178,104
7050000,28300.00000393047,-516274.2654918381,300.7192336138386,1.023703172431491,104
7055000,28320.000003934543,-517491.76185226114,299.90413379574727,1.0235591897254372,104
7060000,28340.000003938618,-516603.7041996026,300.6808865421488,1.0229690594085572,104
7065000,28360.000003942692,-517484.0957555822,300.3278153652285,1.0289000093268326,104
7070000,28380.000003946767,-516529.62987246434,303.65098203591185,1.0265114649127305,104
7075000,28400.00000395084,-517322.3585957824,299.12314217746444,1.0264232478812916,104
7080000,28420.000003954916,-517451.68971486366,302.20918037982096,1.0279824221951728,104
7085000,28440.00000395899,-516001.5354070766,299.8032402014756,1.021244734106295,104
7090000,28460.000003963065,-517528.2871701387,302.4957296243609,1.0279411311217879,104
7095000,28480.00000396714,-517685.88176623336,300.3008553463702,1.023214865308819,104
7100000,28500.000003971214,-516752.74931438407,300.5754031190889,1.0251080498455885,104
7105000,28520.00000397529,-517954.26119499956,300.5588513688589,1.0330033438124715,104
7110000,28540.000003979363,-516815.6324039269,300.00471631069973,1.0266586047385247,104
7115000,28560.000003983438,-515816.3120901834,299.5878270147538,1.0281025824795047,104
7120000,28580.000003987512,-517346.7609645028,300.48377850014725,1.0254692957146363,104
7125000,28600.000003991587,-516640.7056098555,300.930458772826,1.0270081880992457,104
7130000,28620.00000399566,-517290.04159426875,301.2903744375588,1.0226453307937367,104
7135000,28640.000003999736,-516605.50966977933,302.23841265604153,1.0311619929636306,104
7140000,28660.00000400381,-516777.6248252364,301.32430811753846,1.0244667861327907,104
7145000,28680.000004007885,-517468.974746485,302.62924853134706,1.026546230931308,104
7150000,28700.00000401196,-518485.7722177096,300.1423725657341,1.0298451123937091,104
7155000,28720.000004016034,-516259.7414622947,301.1523724590634,1.0312029210790628,104
7160000,28740.00000402011,-517601.9514312004,301.81547341134205,1.0290479101355912,104
7165000,28760.000004024183,-517777.3947896422,300.76130138714035,1.0266745626130547,104
7170000,28780.000004028258,-516515.0320142484,302.50562415357496,1.0223191869638972,104
7175000,28800.000004032332,-518503.35678813886,300.3228568838098,1.0283354416472632,104
7180000,28820.000004036407,-517349.32281769277,300.34386891086876,1.0276417294839155,104
7185000,28840.00000404048,-518182.4911383982,301.096529900267,1.0292102456205738,104
7190000,28860.000004044556,-516871.46431213245,300.5213830125197,1.029063261680291,104
7195000,28880.00000404863,-517539.35395531217,300.72240319795355,1.0254672106646772,104
7200000,28900.000004052705,-516664.03823519987,301.4459278209881,1.024475293389413,104
7205000,28920.00000405678,-515879.4302709121,304.05025340766497,1.0247613271903668,104
7210000,28940.000004060854,-517364.67655546986,300.9239110965992,1.0282788926028643,105
7215000,28960.00000406493,-516843.6789909268,301.5110370614186,1.0258536152961515,105
7220000,28980.000004069003,-516748.10630746116,299.49449253042604,1.024366505740154,105
7225000,29000.000004073077,-516919.776269533,301.4586147742182,1.0257344463128162,105
7230000,29020.000004077152,-516268.247684289,303.5740434583737,1.0249607465521393,105
7235000,29040.000004081227,-518542.69788250164,298.966545711438,1.0277645903862436,105
7240000,29060.0000040853,-516011.1854812128,299.26766305937235,1.0312953263872835,105
7245000,29080.000004089376,-516475.7675761848,300.0559193957728,1.0293415998905895,105
7250000,29100.00000409345,-515856.49712273665,300.8505346548553,1.0215351690011423,105
7255000,29120.000004097525,-517553.1301404643,302.63660250311017,1.0288808171035904,105
7260000,29140.0000041016,-516047.540063804,300.3343853916278,1.0237024317645576,105
7265000,29160.000004105674,-516426.7796051281,301.62774295409093,1.025294724152461,105
7270000,29180.00000410975,-517044.3754106751,298.7025113637178,1.0291468580758938,105
7275000,29200.000004113823,-515269.0942237717,298.8721672922597,1.023933481842155,105
7280000,29220.000004117897,-516502.1481509323,301.4478789619627,1.0260871434525398,105
7285000,29240.000004121972,-516081.61295190407,302.90115419107525,1.0295787023173577,105
7290000,29260.000004126046,-517720.35134887067,298.8682437938254,1.023917350461552,105
7295000,29280.00000413012,-516976.5953826993,299.2492285633006,1.028864463616004,105
7300000,29300.000004134195,-516321.0380881103,299.754914739323,1.0200561935914274,105
7305000,29320.00000413827,-517704.79529269016,298.22267228487374,1.027240333383411,105
7310000,29340.000004142345,-515953.541938022,303.3235572920736,1.0254167797287452,105
7315000,29360.00000414642,-517476.9771654364,302.8338750213145,1.0249039692174065,105
7320000,29380.000004150494,-517070.7800104916,299.23522417738667,1.019247621355144,105
7325000,29400.000004154568,-516140.13499853737,301.11823768176083,1.0259990157966339,105
7330000,29420.000004158643,-516045.3001326525,301.6997310805349,1.025110043970376,105
7335000,29440.000004162717,-516902.150618033,301.57904231849363,1.025853955192782,105
7340000,29460.00000416679,-515865.93434650265,300.36303658002214,1.023206734714412,105
7345000,29480.000004170866,-516403.34101181035,300.1866460331821,1.0282982139960626,105
7350000,29500.00000417494,-517244.7942382491,300.29355217257324,1.02846160075122,105
7355000,29520.000004179015,-517422.59668639745,299.1910302773742,1.0274618978723633,105
7360000,29540.00000418309,-515965.3834979064,305.13034449183,1.0246344256374895,105
7365000,29560.000004187164,-518018.91740530706,304.6002076163212,1.0272221610186172,105
7370000,29580.00000419124,-517841.92488300125,299.438062448863,1.0252821624826418,105
7375000,29600.000004195314,-516922.2763518079,299.259151981422,1.0253998975212026,105
7380000,29620.000004199388,-517145.1032012119,300.3315428880775,1.02814387177468,105
7385000,29640.000004203463,-517681.11652654177,300.1173407350878,1.028385031346229,105
7390000,29660.000004207537,-516530.9544285084,300.84221081546906,1.027601730945704,105
7395000,29680.00000421161,-516621.85592818423,300.37995428459857,1.0251207522251915,105
7400000,29700.000004215686,-517130.64212915883,300.8860296416373,1.0278236805510996,105
7405000,29720.00000421976,-517119.1074732854,299.66912646810295,1.0249319316813832,105
7410000,29740.000004223835,-516564.2978531695,302.357690175701,1.0250662566312445,105
7415000,29760.00000422791,-516222.345017286,301.00404465258134,1.0264936056331604,105
7420000,29780.000004231984,-516784.36089347024,301.1485089846065,1.0258234486000302,105
7425000,29800.00000423606,-517052.14346587146,299.5413764249987,1.0247131913293666,105
7430000,29820.000004240133,-517914.56093842164,303.0223460389296,1.025590504604006,105
7435000,29840.000004244208,-516528.8771744168,300.34318783546746,1.0254050598012845,105
7440000,29860.000004248282,-517287.9359172182,300.52902781226885,1.027459394520715,105
7445000,29880.000004252357,-517782.1759654083,300.35192798551554,1.027315809754375,105
7450000,29900.00000425643,-516138.1944827442,298.266241456696,1.024207482064469,105
7455000,29920.000004260506,-517724.3664976293,303.45586158072655,1.0280207829821377,105
7460000,29940.00000426458,-517713.1122818901,300.3577413944406,1.0296692206003488,105
7465000,29960.000004268655,-517430.23982239445,300.01710709833696,1.0266442842217247,105
7470000,29980.00000427273,-516138.87305697217,304.7659088832386,1.0271699240804648,105
7475000,30000.000004276804,-517172.9873288949,298.9945572843702,1.0295352470848176,105
7480000,30020.00000428088,-517769.0974936916,301.0317048152949,1.0248353893186626,105
7485000,30040.000004284953,-517695.80621763435,299.0262059330722,1.0260248532384466,105
7490000,30060.000004289028,-518237.93180799065,300.3637768925796,1.0276279453011656,105
7495000,30080.000004293102,-515332.7071174674,301.3658373500279,1.020717693219308,105
7500000,30100.000004297177,-516965.27454522485,300.73443509262285,1.0270809106659502,105
7505000,30120.00000430125,-516358.94125420833,300.2810974689732,1.0282075829941353,105
7510000,30140.000004305326,-517470.0321186024,300.6072335956766,1.0297980103405011,105
7515000,30160.0000043094,-516593.3380690946,303.4849284043387,1.0261718430822633,105
7520000,30180.000004313475,-516564.9627068178,297.9149200327307,1.0246179852246702,105
7525000,30200.00000431755,-516207.3750516011,303.0112597860822,1.0250033466989799,105
7530000,30220.000004321624,-516672.23940460617,299.1312742678078,1.0266578322186666,105
7535000,30240.0000043257,-516693.55069561605,298.96064340810307,1.026184507801928,105
7540000,30260.000004329773,-517032.7300004356,302.18143688911687,1.0265767244016986,105
7545000,30280.000004333848,-516787.9174145146,300.8711609597344,1.0231785958021744,105
7550000,30300.000004337922,-516158.1802864047,301.15936606945587,1.0242692630555499,105
7555000,30320.000004341997,-519145.1915860304,299.9779756083173,1.03384367109667,105
7560000,30340.00000434607,-517844.1846789366,302.60426440764115,1.0317881422881126,105
7565000,30360.000004350146,-517908.9910165656,299.8962700861209,1.0296160865873933,105
7570000,30380.00000435422,-515046.1760255236,298.5298426360155,1.0220624104792542,105
7575000,30400.000004358295,-516867.8851486766,300.4711404932918,1.0245113543835098,105
7580000,30420.00000436237,-516244.08568442916,300.22686023172577,1.0237235121460937,105
7585000,30440.000004366444,-517083.84785428736,302.46535488649477,1.030423361930815,105
7590000,30460.00000437052,-515795.92144517764,303.3997757618459,1.0269119559263569,105
7595000,30480.000004374593,-516704.44925284525,300.64500299550053,1.0279261103596538,105
7600000,30500.000004378668,-518754.3635985649,303.14424630032966,1.0280771500609334,105
7605000,30520.000004382742,-516524.9157603828,299.9435510353883,1.023026823267664,105
7610000,30540.000004386817,-516346.3599020357,301.83814129350026,1.0278043001072272,105
7615000,30560.00000439089,-516634.33537510224,305.58980875039606,1.0262590649711756,105
7620000,30580.000004394966,-517706.2644315697,299.0472975230806,1.0270212475294966,105
7625000,30600.00000439904,-516658.7398086046,302.3267506463845,1.02650224569842,105
7630000,30620.000004403115,-516911.89808126586,301.66214312826986,1.0237945143708203,105
7635000,30640.00000440719,-515969.7034410578,303.1066309056558,1.0228498679961417,105
7640000,30660.000004411264,-517365.83838200173,297.82779187562375,1.0244870485748574,105
7645000,30680.00000441534,-516523.0972410415,300.87313377240395,1.0255135011143477,105
7650000,30700.000004419413,-515870.75729400036,301.154450457883,1.0214091675588686,105
7655000,30720.000004423488,-516345.9657624513,302.9022163856588,1.027620054507027,105
7660000,30740.000004427562,-517549.5566500146,301.18508187761756,1.0269654100305403,105
7665000,30760.000004431637,-516961.8601797421,303.2932863357419,1.0230856328409559,105
7670000,30780.00000443571,-515488.0397344469,300.3513907653263,1.0279631865880803,105
7675000,30800.000004439786,-516758.08477114746,301.615559898075,1.0270587397849604,105
7680000,30820.00000444386,-516151.3467671431,300.9791417715476,1.0243138290430347,105
7685000,30840.000004447935,-517098.5195425798,298.47117996042533,1.0248460314145866,105
7690000,30860.00000445201,-516917.2524266653,301.8313249652604,1.0277115891035074,105
7695000,30880.000004456084,-516338.0249869614,301.4505694318295,1.0242700002368268,105
7700000,30900.00000446016,-517172.4030230441,300.998540069501,1.030458452674284,105
7705000,30920.000004464233,-515734.94725548755,303.0708623289986,1.0253722633275184,105
7710000,30940.000004468307,-517278.3350503647,301.4191754936075,1.0250369429647175,105
7715000,30960.000004472382,-516838.5817675744,301.3576289496137,1.028405700724192,105
7720000,30980.000004476457,-517518.39507734915,299.6044053054822,1.0279279164858017,105
7725000,31000.00000448053,-516570.00747003825,301.0720892919828,1.0285819214450895,105
7730000,31020.000004484606,-515403.7046205925,300.4970083732882,1.023068161251799,105
7735000,31040.00000448868,-515880.9399772668,300.91918921395336,1.0222429857196822,105
7740000,31060.000004492755,-515831.26494059316,299.7369065462122,1.0241693191510268,105
7745000,31080.00000449683,-517824.78710214375,300.2804672146444,1.0281964907308203,105
7750000,31100.000004500904,-516335.81204696535,301.5474406931882,1.0257530279258746,105
7755000,31120.00000450498,-516390.5197336499,302.5469534701075,1.0321857963613605,105
7760000,31140.000004509053,-516714.4770819261,300.74279591145165,1.0279209797539355,105
7765000,31160.000004513127,-517684.25985297933,300.2317672859858,1.0280193374641133,105
7770000,31180.000004517202,-517314.7934778535,302.5547441268148,1.0316489808136955,105
7775000,31200.000004521276,-516755.11072098976,300.8501775988654,1.022582815904673,105
7780000,31220.00000452535,-516990.1500396796,298.1492875540182,1.029042054362577,105
7785000,31240.000004529425,-516755.33439940005,300.5898564165161,1.0215535120903168,105
7790000,31260.0000045335,-516634.77900346904,302.1170337592969,1.029824569535648,105
7795000,31280.000004537575,-517815.4386199678,299.44863999476496,1.0266381015546866,105
7800000,31300.00000454165,-516501.7220016788,300.6603156492826,1.0247615148807507,105
7805000,31320.000004545724,-517344.25040637073,299.7266531462122,1.024259670392218,105
7810000,31340.000004549798,-517662.7064198018,301.6418639377711,1.026333033656001,105
7815000,31360.000004553873,-515815.8081428197,300.0059674309673,1.024511377205226,105
7820000,31380.000004557947,-516140.2439980181,301.61753330267055,1.0248001630135406,105
7825000,31400.00000456202,-516008.8502793838,300.59873273837,1.0292839965339347,105
7830000,31420.000004566096,-517406.5231169958,301.16621451289114,1.0276576954856158,105
7835000,31440.00000457017,-517515.0659259134,299.54830698148993,1.0270419256555068,105
7840000,31460.000004574245,-515234.9246194912,300.0015980970531,1.0227585684634906,105
7845000,31480.00000457832,-516916.61434227764,298.64463457704517,1.0240785667527224,105
7850000,31500.000004582394,-516329.9695318234,298.6715202256159,1.0212713317232944,105
7855000,31520.00000458647,-516847.35920599825,300.8154841876418,1.0264457004496168,105
7860000,31540.000004590544,-516226.6325116011,300.52182522488687,1.0237592793717007,105
7865000,31560.000004594618,-517283.14783996344,300.93395088908136,1.0258987477769717,105
7870000,31580.000004598693,-518114.6585588285,301.3216716704914,1.0258639847312863,105
7875000,31600.000004602767,-516047.88157005864,299.36014377697,1.0293248176318415,105
7880000,31620.00000460684,-516544.0660643573,299.5949129033797,1.0242579337535083,105
7885000,31640.000004610916,-518320.4470982307,302.06969085503835,1.0278928045683928,105
7890000,31660.00000461499,-515661.7523134204,299.56154102521907,1.0221437469584371,105
7895000,31680.000004619065,-517642.26885927864,302.0943994935974,1.028594892088624,105
7900000,31700.00000462314,-517746.95832868805,299.79869962831657,1.0241926225912241,105
7905000,31720.000004627214,-517383.6663861524,301.5805412626,1.0294092434067834,105
7910000,31740.00000463129,-516195.5749966856,300.90211234531273,1.0262068566296552,105
7915000,31760.000004635363,-516770.97091537714,300.86408543887785,1.0256674435404243,105
7920000,31780.000004639438,-517743.1840195281,302.3420868329229,1.0286458432699543,105
7925000,31800.000004643513,-517926.02959527075,300.9213098626549,1.026497338320479,105
7930000,31820.000004647587,-516766.38828609744,301.5697235388848,1.0259539802764626,105
7935000,31840.00000465166,-516787.7617313019,299.3510268500833,1.0251254010899322,105
7940000,31860.000004655736,-516866.40532551147,300.63082579324924,1.0263702068483562,105
7945000,31880.00000465981,-515667.9599256739,302.97842790864894,1.0271464102136458,105
7950000,31900.000004663885,-516998.23300795676,301.5645276587005,1.020515743640557,105
7955000,31920.00000466796,-516742.5809082682,298.5314687577105,1.024564559349374,105
7960000,31940.000004672034,-516854.72312860424,301.8381682606445,1.0273233189582969,105
7965000,31960.00000467611,-516434.2080395417,300.73102093316186,1.024122067888711,105
7970000,31980.000004680183,-517189.2794124901,303.0717299797632,1.0262057715398667,105
7975000,32000.000004684258,-516602.209848817,299.534068164746,1.021364496533112,105
7980000,32020.000004688332,-515941.2748209236,302.1796304619917,1.0228019347066033,105
7985000,32040.000004692407,-516283.43818721967,303.6309769920766,1.023888264563046,105
7990000,32060.00000469648,-516794.44919753517,298.6290318270756,1.0225772925889007,105
7995000,32080.000004700556,-515309.74125519465,303.1024528702134,1.024041609087153,105
8000000,32100.00000470463,-516472.02811654564,303.0578139018092,1.0285074086875652,105
8005000,32120.000004708705,-516283.28019284946,300.3551378327619,1.0292035560806703,105
8010000,32140.00000471278,-517434.4288580918,304.30275815181534,1.028247007394471,105
8015000,32160.000004716854,-517670.3859833437,297.0403723201246,1.0263653064026006,105
8020000,32180.00000472093,-516851.9660389703,298.4252114998603,1.0251015512870716,105
8025000,32200.000004725003,-516529.4158036085,298.07850167110814,1.024756615022435,105
8030000,32220.000004729078,-517957.2667457606,301.99187065205354,1.0256209641655467,105
8035000,32240.000004733152,-516410.8078005931,303.9474791328904,1.0255471580795932,105
8040000,32260.000004737227,-517448.9866843815,298.9269728906648,1.033794296698414,105
8045000,32280.0000047413,-515834.1375283366,302.3711498469817,1.024717403337263,105
8050000,32300.000004745376,-516457.4692564646,300.83626874424596,1.0249237543560514,105
8055000,32320.00000474945,-517059.692429689,300.65015360918557,1.0252259574548566,105
8060000,32340.000004753525,-515922.9292194082,301.4011068595405,1.0246366015628194,105
8065000,32360.0000047576,-515992.468330852,298.58561215233044,1.0239491684698014,105
8070000,32380.000004761674,-516149.5876184248,299.33060058332046,1.025852857947958,105
8075000,32400.00000476575,-515907.6356666719,299.49705323068923,1.0226735512516845,105
8065000,32360.0000047576,-516871.9961448803,300.81295299183193,1.0271208117223023,--
8070000,32380.000004761674,-517277.92361706635,299.04667029324685,1.028015344571581,107
8075000,32400.00000476575,-516797.87925553275,300.734095767989,1.0271557195231398,107
8080000,32420.000004769823,-516050.8798693025,303.17801875076407,1.026218493742851,107
8085000,32440.000004773898,-516847.21139221685,299.1475440043265,1.0263560154555698,107
8090000,32460.000004777972,-516024.80622346257,301.25928563181867,1.0275595654103347,107
8095000,32480.000004782047,-516592.87361574336,299.98779374295447,1.027734970189186,107
8100000,32500.00000478612,-516817.044308882,299.89259242298385,1.0293338575596698,107
8105000,32520.000004790196,-516947.1461824095,299.84766474737995,1.0241163350539284,107
8110000,32540.00000479427,-515449.80935303704,300.44773160787713,1.0262796740354845,107
8115000,32560.000004798345,-516252.6552298283,299.8818503531368,1.0255347137229396,107
8120000,32580.00000480242,-517339.0687888374,301.22358250136483,1.0258746069019615,107
8125000,32600.000004806494,-516035.63141205325,299.8929528286057,1.0218545695351862,106
8130000,32620.00000481057,-517964.8132388152,302.54934626131075,1.0295507956774415,106
8135000,32640.000004814643,-516839.93952794885,301.51673614847755,1.026526642731812,106
8140000,32660.000004818718,-516600.6608005378,299.6746618394795,1.022004855976354,106
8145000,32680.000004822792,-517206.8743976236,303.92896818572257,1.0273586942704438,106
8150000,32700.000004826867,-516625.8967213305,303.3552279352483,1.0253836612768314,106
8155000,32720.00000483094,-514864.57691691373,302.06011094801863,1.022314353945084,106
8160000,32740.000004835016,-517347.1532155182,301.02338884839315,1.021969876740552,106
8165000,32760.00000483909,-517716.61300105974,304.5168990475223,1.0281392339238318,106
8170000,32780.00000484316,-516079.43610525667,301.96495236907884,1.0196401159904906,106
8175000,32800.000004847236,-517383.6402769375,303.1114168250686,1.027915374133364,106
8180000,32820.00000485131,-518183.0301643077,298.8154395259668,1.024039106898363,106
8185000,32840.000004855385,-517124.3097578031,299.57336223781846,1.022681930772756,106
8190000,32860.00000485946,-516708.28862602334,298.44625195291087,1.0251975937393987,106
8195000,32880.000004863534,-517234.34920522943,301.9464277623756,1.0292192054490057,106
8200000,32900.00000486761,-517352.69887439907,299.3460821453849,1.029359989428861,106
8205000,32920.00000487168,-516882.13536200323,303.6308362213815,1.025771813600688,106
8210000,32940.00000487576,-517608.1749215936,301.59611928631716,1.028347195551571,106
8215000,32960.00000487983,-515934.9331141794,300.5279114384627,1.0267858543261037,106
8220000,32980.00000488391,-517085.40904136724,302.59714843988985,1.0283416809195167,106
8225000,33000.00000488798,-518071.91075282753,303.86242567807494,1.0303216222193883,106
8230000,33020.000004892056,-516903.9748492709,300.92721748276415,1.0235894016156954,106
8235000,33040.00000489613,-517026.1196186417,300.9520696613,1.0284128744684955,106
8240000,33060.000004900205,-517268.3784769892,300.09636361453454,1.0234309782378934,106
8245000,33080.00000490428,-517990.1839628173,301.37002307688334,1.0274958832574208,106
8250000,33100.000004908354,-516646.72067010915,299.9867478977614,1.0260524931288761,106
8255000,33120.00000491243,-515971.80310909403,302.8301865609921,1.024923191410074,106
8260000,33140.0000049165,-516879.8366898666,302.44039081323314,1.0219019508165965,106
8265000,33160.00000492058,-517536.1649441619,300.4148817233018,1.026863471852238,106
8270000,33180.00000492465,-515361.3703361165,302.2161043630823,1.023287541364235,106
8275000,33200.00000492873,-517041.25662288466,298.9586414733547,1.0237659757698512,106
8280000,33220.0000049328,-518185.75069177384,301.7873006556434,1.0273948670200068,106
8285000,33240.000004936875,-517211.67282234505,299.025774799818,1.0261810785434282,106
8290000,33260.00000494095,-516572.70201472077,302.016523415206,1.026306242229782,106
8295000,33280.000004945025,-516808.1976198605,300.98107849252256,1.0284454935693794,106
8300000,33300.0000049491,-516817.65228697215,300.73456963811986,1.0298846226654206,106
8305000,33320.00000495317,-517842.3833277626,298.6726710121517,1.0337132160457307,106
8310000,33340.00000495725,-516567.73104367754,299.3146695451913,1.0234176173878604,106
8315000,33360.00000496132,-515837.2367897269,300.95919396545315,1.0263543858481825,106
8320000,33380.0000049654,-516884.45338219986,301.39874535096556,1.0266370788053278,106
8325000,33400.00000496947,-516403.33028166904,299.1208357856745,1.0245301246242746,106
8330000,33420.000004973546,-517806.5379222899,298.3981225742293,1.0276628525264342,106
8335000,33440.00000497762,-518198.1447813264,297.9509333575677,1.0279919573711758,106
8340000,33460.000004981695,-517034.84568233904,301.3537213892876,1.0296428171745091,106
8345000,33480.00000498577,-515219.6474435916,303.730321829281,1.025126998311524,106
8350000,33500.000004989844,-515030.0068486151,300.68323262168764,1.0278084199937694,106
8355000,33520.00000499392,-516996.69226371194,300.08243031320853,1.0285721881815322,106
8360000,33540.00000499799,-515187.5835845468,303.22763926162776,1.0247901034853826,106
8365000,33560.00000500207,-516409.2748701696,300.4557532096009,1.024877463124297,106
8370000,33580.00000500614,-516445.42024577945,301.3670859455914,1.0259240871180355,106
8375000,33600.00000501022,-517355.02495961706,299.43613437584474,1.0326820913123793,106
8380000,33620.00000501429,-517043.65236893133,300.9794607174095,1.022056712787885,106
8385000,33640.000005018366,-517474.4168045898,300.59413297095523,1.0249239742721339,106
8390000,33660.00000502244,-516150.09852718655,302.5334308993363,1.0244253543861648,106
8395000,33680.000005026515,-517203.5307860265,299.23667769669106,1.029005442157144,106
8400000,33700.00000503059,-517421.28668522555,300.46591948350226,1.0293822904520045,106
8405000,33720.000005034664,-517222.52873904374,299.5077384111192,1.027961759504805,106
8410000,33740.00000503874,-517308.65009304136,301.14833444381867,1.0299542637266583,106
8415000,33760.00000504281,-516312.40986630344,302.142370227991,1.0233843521885735,106
8420000,33780.00000504689,-518544.0432447428,300.7529290561675,1.026454409921081,106
8425000,33800.00000505096,-517801.95483374083,299.83323967858416,1.0293421553455415,106
8430000,33820.00000505504,-516486.62695181905,301.0959037353504,1.0234845388223441,106
8435000,33840.00000505911,-516232.2670446965,301.14341742636077,1.027600719992562,106
8440000,33860.000005063186,-515216.0223442975,300.4013590720899,1.0229270501910497,106
8445000,33880.00000506726,-516900.8683195617,301.0355975675403,1.0232615674855017,106
8450000,33900.000005071335,-515407.71181470295,300.8912932742976,1.0241415774126894,106
8455000,33920.00000507541,-515778.025844716,300.64805674860844,1.0258150290743644,106
8460000,33940.000005079484,-516985.63828031556,301.3051706501017,1.0272837815875133,106
8465000,33960.00000508356,-517696.08980189543,299.654181342746,1.0260888411222315,106
8470000,33980.00000508763,-517238.3005304106,301.2545404839091,1.0281888264841594,106
8475000,34000.00000509171,-518289.5821815799,301.83848588542133,1.028796466119839,106
8480000,34020.00000509578,-518104.23150287545,300.04712193379373,1.0254409632233483,106
8485000,34040.00000509986,-517212.03904647194,302.4723491871396,1.0294409771591821,106
8490000,34060.00000510393,-516707.2407740068,301.4962485666948,1.0295414417572943,106
8495000,34080.000005108006,-515637.78601349844,300.48318331309343,1.025034859393429,106
8500000,34100.00000511208,-515436.9993080322,300.77248738392103,1.0239271126326603,106
8505000,34120.000005116155,-515706.29646463925,299.6090110765405,1.0267610148289603,106
8510000,34140.00000512023,-515726.4063484124,301.4336406493231,1.0239604988410376,106
8515000,34160.000005124304,-515912.27147015324,299.037699586273,1.0268715412269362,106
8520000,34180.00000512838,-517517.1528893411,299.92338836978485,1.0259024135876509,106
8525000,34200.00000513245,-516841.7118089965,298.43078533443867,1.0283035218120866,106
8530000,34220.00000513653,-515737.3138853288,302.754694135889,1.0240795232641795,106
8535000,34240.0000051406,-516962.9707048298,303.0003599511648,1.0303747958385436,106
8540000,34260.00000514468,-515274.3250356247,302.98536743380225,1.021431729761416,106
8545000,34280.00000514875,-515657.0912399823,302.97482447583354,1.0271697607139056,106
8550000,34300.000005152826,-517423.7093610158,302.5610576551758,1.0231414724326275,106
8555000,34320.0000051569,-517289.8538764813,301.278669447019,1.0273351106081572,106
8560000,34340.000005160975,-516477.07140515535,300.4214658608181,1.0244803567158525,106
8565000,34360.00000516505,-517221.02095562546,300.71560116255523,1.0253577602092017,106
8570000,34380.000005169124,-516806.984039424,301.6458442794688,1.0222576065662932,106
8575000,34400.0000051732,-516485.42286091764,302.4863000302582,1.0294060369933464,106
8580000,34420.00000517727,-517750.55203598435,302.0606141890406,1.0256958767043163,106
8585000,34440.00000518135,-516712.8848741767,299.5287304980093,1.0232552619509514,106
8590000,34460.00000518542,-516261.37376611563,302.35254601124194,1.025897296205816,106
8595000,34480.0000051895,-517716.34208103595,300.7396886302262,1.0258473933072183,106
8600000,34500.00000519357,-515605.4205502169,299.8789831972437,1.0246956585093052,106
8605000,34520.000005197646,-517079.50037304196,298.8399151602845,1.029826825349967,106
8610000,34540.00000520172,-517134.2327991708,302.60706870240165,1.0228110841534037,106
8615000,34560.000005205795,-516293.06107128225,301.15152752654853,1.0262974214052982,106
8620000,34580.00000520987,-517138.01659152866,302.8334994751422,1.0260312129382532,106
8625000,34600.000005213944,-516629.53884340427,300.8756573302536,1.0296660302343161,106
8630000,34620.00000521802,-516709.46931586135,301.9206557355978,1.0256346883919427,106
8635000,34640.00000522209,-516398.8318664497,301.0229727035564,1.020302096747544,106
8640000,34660.00000522617,-517796.03124231123,300.672487028462,1.0307367451089628,106
8645000,34680.00000523024,-516795.9679405235,300.36414057030817,1.0256059569362568,106
8650000,34700.00000523432,-517158.13860961306,302.3075478854745,1.0262325506376426,106
8655000,34720.00000523839,-515510.30564423883,302.8778469615006,1.0239180585912806,106
8660000,34740.000005242466,-516224.43136776774,302.3070893832134,1.0246895714957047,106
8665000,34760.00000524654,-516303.04707422573,300.75302445360666,1.0244597717668427,106
8670000,34780.000005250615,-517077.317339808,299.8128215462515,1.0286879224489707,106
8675000,34800.00000525469,-516894.3933839109,302.16169009699433,1.0275468403021402,106
8680000,34820.000005258764,-517664.035569031,299.59206654234447,1.0266417727220127,106
8685000,34840.00000526284,-515991.33636272815,300.70265854102615,1.0276983768657901,106
8690000,34860.00000526691,-517332.48975178925,299.512970832733,1.0240797281318283,106
8695000,34880.00000527099,-516568.9597376499,303.3353813361723,1.0293860765679024,106
8700000,34900.00000527506,-517739.14728225535,302.1865272506484,1.0298805547143657,106
8705000,34920.00000527914,-516004.761921332,299.4398959852869,1.0238037725600688,106
8710000,34940.00000528321,-516855.33227531356,298.8866981466671,1.0271083972129313,106
8715000,34960.000005287286,-517844.7334066329,301.32441979924994,1.02408159428363,106
8720000,34980.00000529136,-516926.77089253766,300.7374496292204,1.0281072091274839,106
8725000,35000.000005295435,-516212.73415654036,300.3132176041873,1.0259525479157565,106
8730000,35020.00000529951,-516474.1875496621,301.3430426402784,1.0274515902885761,106
8735000,35040.000005303584,-516029.9836477705,302.2998945565854,1.025146516825796,106
8740000,35060.00000530766,-516496.2444415204,302.30163825646315,1.0238595048273647,106
8745000,35080.00000531173,-516115.39448175277,300.49419656765605,1.0265026184369594,106
8750000,35100.00000531581,-515169.91243021376,300.532477966552,1.0238846392055516,106
8755000,35120.00000531988,-517102.7775667114,304.07367003660033,1.0297344635185108,106
8760000,35140.00000532396,-517584.0515708709,302.5795144351646,1.0244909319740252,106
8765000,35160.00000532803,-517602.0968094473,302.70433633097457,1.0250451877194677,106
8770000,35180.000005332106,-517378.4100805358,298.5375480125714,1.0268442159838536,106
8775000,35200.00000533618,-515791.3738480918,301.85474285929604,1.0286916380744084,106
8780000,35220.000005340255,-517113.61885951366,300.08393250099755,1.0257036237251183,106
8785000,35240.00000534433,-516078.94318985404,298.83322337217953,1.0236141864279742,106
8790000,35260.000005348404,-516352.27119349246,301.414574836824,1.0268238169972286,106
8795000,35280.00000535248,-516190.85231117555,302.9398915312824,1.0251579466067495,106
8800000,35300.00000535655,-516904.6967764662,298.8740910559654,1.0289938695494483,106
8805000,35320.00000536063,-517501.84895116324,299.3775638936602,1.0280232197602817,106
8810000,35340.0000053647,-517154.0529777787,303.6133917614951,1.0255820508742808,106
8815000,35360.000005368776,-516468.73677778547,302.32136569215095,1.0267916690430303,106
8820000,35380.00000537285,-517758.9651434787,302.54978604814636,1.0271158107657372,106
8825000,35400.000005376925,-517333.0038486412,301.48701811166416,1.027634235832922,106
8830000,35420.000005381,-517986.7065971948,303.01913702331376,1.030166908960478,106
8835000,35440.000005385074,-518008.5297118104,302.8671654623297,1.027318675475918,106
8840000,35460.00000538915,-515849.7813786804,302.8636462819759,1.0224523471897127,106
8845000,35480.00000539322,-517311.13309236616,299.79031085688695,1.0219403660602357,106
8850000,35500.0000053973,-516955.2875698041,301.23624762264467,1.0272018426853473,106
8855000,35520.00000540137,-517249.89173035603,299.88651226044345,1.0269239460668316,106
8860000,35540.00000540545,-516769.8711584839,300.6146478981992,1.0269433826257701,106
8865000,35560.00000540952,-517730.736565416,299.94679343729297,1.0293410089172075,106
8870000,35580.000005413596,-517478.0237489075,301.9553412044485,1.0255139018728463,106
8875000,35600.00000541767,-517704.79794232943,301.20109367575265,1.028422574627233,106
8880000,35620.000005421745,-517246.782115255,299.30646747531176,1.0273707115359278,106
8885000,35640.00000542582,-517728.86981090694,302.80581523887633,1.0258115473432474,106
8890000,35660.000005429894,-516319.96886223205,300.8684938952831,1.0232265139658503,106
8895000,35680.00000543397,-517549.17205829197,300.7355857492451,1.026475403658583,106
8900000,35700.00000543804,-517438.3904940153,303.1183413137605,1.0272533518880609,106
8905000,35720.00000544212,-516233.01232960494,301.56421431699266,1.025879781934782,106
8910000,35740.00000544619,-517717.8354757121,302.1843719227975,1.028706279529579,106
8915000,35760.00000545027,-516200.24446674413,301.504375028772,1.0264169276224642,106
8920000,35780.00000545434,-517606.4648265415,302.1781119996102,1.024701100518132,106
8925000,35800.000005458416,-517281.5234720486,299.2847128893467,1.0282420744342284,106
8930000,35820.00000546249,-517594.2219702592,299.1647231363429,1.0245735422860196,106
8935000,35840.000005466565,-516737.9823976839,301.1505097622246,1.0296370685358576,106
8940000,35860.00000547064,-516158.481780051,303.80420211900673,1.0219653200881624,106
8945000,35880.000005474714,-516900.1976131364,301.1567923989218,1.031368270077523,106
8950000,35900.00000547879,-516972.3722312283,301.3931270007342,1.028302592917625,106
8955000,35920.00000548286,-517378.1840704989,302.3102045831092,1.0210159753723176,106
8960000,35940.00000548694,-514998.795685305,302.7685631235099,1.0269956435745646,106
8965000,35960.00000549101,-516860.96609122795,303.5067182987914,1.0265523926114841,106
8970000,35980.00000549509,-518049.8100486039,299.6222282575445,1.0259425189917242,106
8975000,36000.00000549916,-515820.42283447017,301.673026701197,1.0224737502495311,106
8980000,36020.000005503236,-516287.8958019712,300.92295808803266,1.0259166342078312,106
8985000,36040.00000550731,-516575.51616636687,303.3152138802612,1.028709762630292,106
8990000,36060.000005511385,-517644.429312113,301.92287397152126,1.0274825161551444,106
8995000,36080.00000551546,-517212.8510992436,299.6960615624699,1.0266735605025696,106
9000000,36100.000005519534,-515881.2587650055,302.44526751781285,1.028927498175855,106
9005000,36120.00000552361,-516628.58753053215,300.2666725598452,1.0219991349890074,106
9010000,36140.00000552768,-517024.41683398257,301.5221544210056,1.02910259823907,106
9015000,36160.00000553176,-518001.1806730947,300.4197184834644,1.0271800644954097,106
9020000,36180.00000553583,-515016.7282042075,302.7288975267928,1.0243372814264409,106
9025000,36200.00000553991,-516722.37869947474,301.2759543093088,1.0257974997407269,106
9030000,36220.00000554398,-515353.61312793056,301.10175032554446,1.0258724608295513,106
9035000,36240.000005548056,-516843.59234389756,299.7365704160068,1.024102649809092,106
9040000,36260.00000555213,-516126.7703340228,301.71032367175417,1.0290206735227754,106
9045000,36280.000005556205,-516473.01194887934,301.3382721838458,1.0274348691403437,106
9050000,36300.00000556028,-516228.00359298335,302.06947334662954,1.0274806231763975,106
9055000,36320.000005564354,-516276.4225637482,300.463193918558,1.0241979495883686,106
9060000,36340.00000556843,-516615.89849035116,302.59783197682475,1.0268774470284328,106
9065000,36360.0000055725,-515628.8501834604,300.0112940703901,1.029305323318997,106
9070000,36380.00000557658,-516320.77401271556,299.68816657579356,1.0227438030662084,106
9075000,36400.00000558065,-516716.24213085347,301.2975950684463,1.0210254308089264,106
9080000,36420.00000558473,-516244.0154685229,300.86791073997824,1.0241063600290015,106
9085000,36440.0000055888,-517074.72297365405,299.9702117627218,1.029681309356806,106
9090000,36460.000005592876,-517002.3812841857,297.9631515608988,1.026564169092639,106
9095000,36480.00000559695,-517290.1238282805,300.29107547046374,1.0274143915318297,106
9100000,36500.000005601025,-515730.037906633,299.40221524098615,1.0308515405695495,106
9105000,36520.0000056051,-516733.5356080334,300.91922871864267,1.028227270486535,106
9110000,36540.000005609174,-516121.0190038355,299.46861224047126,1.0267075736061988,106
9115000,36560.00000561325,-516531.74832145544,303.1506936703761,1.0284274652973744,106
9120000,36580.00000561732,-517618.7246860685,300.49968127264987,1.02393649931876,106
9125000,36600.0000056214,-517125.0103297301,300.3465400113472,1.0255859031759798,106
9130000,36620.00000562547,-517316.4289392007,300.9283138501941,1.027255340465284,106
9135000,36640.00000562955,-517862.28941763914,300.3870402340191,1.024605610726853,106
9140000,36660.00000563362,-515678.3238904581,302.30527114564836,1.0224580741471916,106
9145000,36680.000005637696,-516727.3714926874,299.99098768771444,1.0255020016929073,106
9150000,36700.00000564177,-517795.74102368066,301.3817248986514,1.0240970980667379,106
9155000,36720.000005645845,-515563.67678700783,297.3997398309002,1.0272696454931203,106
9160000,36740.00000564992,-516200.27807124425,298.8847753197364,1.0208442103169768,106
9165000,36760.000005653994,-518409.97268430167,300.0200289275529,1.029895121438447,106
9170000,36780.00000565807,-517074.7346677964,300.4639843213315,1.0228816704239785,106
9175000,36800.00000566214,-516290.23413107404,298.70439597775794,1.025013806857923,106
9180000,36820.00000566622,-516928.587829483,301.58198402357397,1.028491988719563,106
9185000,36840.00000567029,-515539.1670578611,300.00545160186925,1.0250149576003926,106
9190000,36860.00000567437,-514860.4368464644,300.40526002273987,1.0210785171558545,106
9195000,36880.00000567844,-517637.8990912766,300.97353145231233,1.02440473871294,106
9200000,36900.000005682516,-516555.65767284087,301.98441650654775,1.0312605393942305,106
9205000,36920.00000568659,-517202.92252975935,300.30451241479847,1.0251044570933465,106
9210000,36940.000005690665,-515823.60889473953,299.4919792706957,1.0247958026237998,106
9215000,36960.00000569474,-516107.4801105594,302.7548366415319,1.024269773946456,106
9220000,36980.000005698814,-516700.5047966852,302.6425131320552,1.030899523727131,106
9225000,37000.00000570289,-517244.2414832567,300.35312078539073,1.0275527233205597,106
9230000,37020.00000570696,-518526.6193852844,302.3433220512142,1.0354153378507907,106
9235000,37040.00000571104,-518858.6691111997,301.4359808409712,1.0299222528603735,106
9240000,37060.00000571511,-517346.4199159697,301.2374644791222,1.0251090349059464,106
9245000,37080.00000571919,-515415.6114824719,299.3147097666892,1.0284868637040356,106
9250000,37100.00000572326,-517465.9442633323,299.4041241960992,1.0265436389595657,106
9255000,37120.000005727336,-516712.1802736209,298.9122119525687,1.027769313965046,106
9260000,37140.00000573141,-517126.5800161904,300.29624363824786,1.0287626479371152,106
9265000,37160.000005735485,-518231.91547677526,299.60566662870394,1.0262779876321146,106
9270000,37180.00000573956,-516721.0777614815,301.20650564273143,1.0256540805204817,106
9275000,37200.000005743634,-516460.5119035146,300.8706934447303,1.0303235367628083,106
9280000,37220.00000574771,-516735.17512935656,302.7684817333352,1.0220417789963767,106
9285000,37240.00000575178,-517106.5353818785,299.86065468070694,1.0290763788890107,106
9290000,37260.00000575586,-517988.4539162016,302.8535031935267,1.0264858906427996,106
9295000,37280.00000575993,-516505.22001898475,298.881451142155,1.0260848423440345,106
9300000,37300.000005764006,-516863.0389569511,301.4558169214196,1.0305249598303656,106
9305000,37320.00000576808,-516952.56230770284,302.52219436081015,1.029536622763793,106
9310000,37340.000005772155,-516950.49345905497,301.7285750069355,1.0266672783485458,106
9315000,37360.00000577623,-515890.4153693458,300.2984946576222,1.0253914865425002,106
9320000,37380.000005780304,-516218.06181261665,302.91920918375854,1.028648491986966,106
9325000,37400.00000578438,-515643.4874458343,302.279496597271,1.022354408037349,106
9330000,37420.00000578845,-516557.5518540258,300.81620502532394,1.0258643700531582,106
9335000,37440.00000579253,-515658.47975803236,300.829250093704,1.0259608306607158,106
9340000,37460.0000057966,-517193.42190478905,302.17692268175136,1.0250521549262712,106
9345000,37480.00000580068,-518078.0149131117,302.0239152267414,1.0268986346258853,106
9350000,37500.00000580475,-516441.08137174184,301.71445290261494,1.0256221591813601,106
9355000,37520.000005808826,-517045.2187715906,299.83510675956114,1.0271043949270213,106
9360000,37540.0000058129,-517010.48099063546,301.30734659374167,1.031392065731882,106
9365000,37560.000005816975,-516379.95281968336,301.7577446337767,1.027433129313257,106
9370000,37580.00000582105,-516687.5805299778,297.86718717663007,1.0289407844966767,106
9375000,37600.000005825124,-516382.08503554435,301.366627263431,1.0241573220063809,106
9380000,37620.0000058292,-516566.81238196534,299.4210942017989,1.0269678622199543,106
9385000,37640.00000583327,-516749.2436697262,299.9788096680718,1.028683966018701,106
9390000,37660.00000583735,-516132.20579678775,301.1813691819799,1.026072051403035,106
9395000,37680.00000584142,-516371.6458482633,298.7336877255577,1.023120948172472,106
9400000,37700.0000058455,-517109.4954198161,298.1677741606473,1.0262872280705988,106
9405000,37720.00000584957,-515030.19745441317,304.31296796261336,1.026414500603246,106
9410000,37740.000005853646,-516268.7695914754,302.92953112704186,1.0283240823435138,106
9415000,37760.00000585772,-517217.94905628916,300.16459915005754,1.0285281290987613,106
9420000,37780.000005861795,-515468.9788051371,300.5701075778882,1.0238148379659004,106
9425000,37800.00000586587,-517240.76458933577,301.0521919279127,1.0233034069231903,106
9430000,37820.000005869944,-517188.290440443,300.91802214973586,1.0313217747099077,106
9435000,37840.00000587402,-516948.6360051781,302.67305614279456,1.0256247296601573,106
9440000,37860.00000587809,-516994.7425948689,302.83763197420166,1.0294345160427623,106
9445000,37880.00000588217,-516751.1497666214,301.3131739422602,1.028847738898301,106
9450000,37900.00000588624,-517146.1668125894,302.39610263069005,1.0214133794688367,106
9455000,37920.00000589032,-516339.9989258619,299.63913837592037,1.0261006421262713,106
9460000,37940.00000589439,-516805.95414053113,301.7521013227745,1.0272053212335446,106
9465000,37960.000005898466,-516331.583044352,299.0041495671962,1.027671109908505,106
9470000,37980.00000590254,-518070.6020791833,301.5697236050387,1.0287507649666572,106
9475000,38000.000005906615,-516618.1379261706,301.4338500152654,1.0284467323892987,106
9480000,38020.00000591069,-517234.5737028469,302.6752104249288,1.0275263291396979,106
9485000,38040.000005914764,-516263.35880533326,301.28754997121047,1.022939736985991,106
9490000,38060.00000591884,-516550.00232404075,301.40598303359815,1.0234868269370656,106
9495000,38080.00000592291,-516789.80460888427,299.666794917457,1.0253494784113892,106
9500000,38100.00000592699,-516686.27533626696,300.47787843420235,1.0264029660506377,106
9505000,38120.00000593106,-517133.98995284154,301.92301852484155,1.0284444162745465,106
9510000,38140.00000593514,-516736.98800160456,301.2020017429944,1.027027389981742,106
9515000,38160.00000593921,-516625.31668899604,299.6104445295126,1.0243769867069104,106
9520000,38180.000005943286,-517425.2580922358,301.6596355322506,1.0288651173627743,106
9525000,38200.00000594736,-517298.34396307566,300.25197666085256,1.0221114032188974,106
9530000,38220.000005951435,-515433.298934069,301.3737367186836,1.028794233741805,106
9535000,38240.00000595551,-516710.6757439319,299.675989329972,1.0241822706418149,106
9540000,38260.000005959584,-518040.27337401034,299.2755618625047,1.0286389636321012,106
9545000,38280.00000596366,-517949.0810236379,302.43707584189355,1.0254638314046747,106
9550000,38300.00000596773,-516514.9922521827,300.4279527571869,1.0300195051140226,106
9555000,38320.00000597181,-516695.40615526075,301.6452961056966,1.0272592381093713,106
9560000,38340.00000597588,-516476.3981598262,298.0664495591697,1.0262378617189807,106
9565000,38360.00000597996,-516510.2393718427,303.1340697994749,1.02297303115764,106
9570000,38380.00000598403,-516111.53184296144,298.7821879120031,1.0250690079182676,106
9575000,38400.000005988106,-516707.43978204974,303.7129737226922,1.027742343540895,106
9580000,38420.00000599218,-517476.1800999148,299.12229689376124,1.0233514622422246,106
9585000,38440.000005996255,-516183.97830515075,301.06968594312025,1.0233350822730098,106
9590000,38460.00000600033,-516097.444309765,300.32616514530906,1.0230539246828785,106
9595000,38480.000006004404,-515953.6664623597,300.5577111534683,1.0253297079792478,106
9600000,38500.00000600848,-516596.94935052586,301.7417518649906,1.0229664139559267,106
9605000,38520.00000601255,-517469.41496436624,300.3649880796866,1.02790566482304,106
9610000,38540.00000601663,-517605.8624215701,300.71147472416664,1.026519261924014,106
9615000,38560.0000060207,-517817.5305207567,300.534592450044,1.0299049872263295,106
9620000,38580.00000602478,-517056.726947427,301.15781277692355,1.0274544654193585,106
9625000,38600.00000602885,-516981.4998736456,302.22952109624697,1.0234232087417232,106
9630000,38620.000006032926,-517438.415418152,297.6513498180709,1.0303723747449576,106
9635000,38640.000006037,-517548.2123302617,299.543715839287,1.02610844809259,106
9640000,38660.000006041075,-516957.83662882284,299.55719485950783,1.0264006318943495,106
9645000,38680.00000604515,-517151.0448626089,301.76271840573736,1.027763916178075,106
9650000,38700.000006049224,-516994.2849005624,301.9715831932607,1.024203602370403,106
9655000,38720.0000060533,-515788.35886927345,300.3864484006857,1.0259572745198895,106
9660000,38740.00000605737,-517196.228664187,300.05463263685476,1.0293798407011134,106
9665000,38760.00000606145,-515812.9058786307,301.053993488164,1.023662701042077,106
9670000,38780.00000606552,-516153.94102271297,303.5870385472516,1.0270254199873337,106
9675000,38800.0000060696,-516635.0809974354,300.0005885310953,1.0299373152934366,106
9680000,38820.00000607367,-515593.6587089808,301.06397185051543,1.023090210997645,106
9685000,38840.000006077746,-517192.0892051107,301.5505930922601,1.0304449147448895,106
9690000,38860.00000608182,-518328.72678125603,298.55557291464265,1.0257990031583308,106
9695000,38880.000006085895,-517369.4840377278,301.67159903282624,1.0292026742028855,106
9700000,38900.00000608997,-517232.73299716646,302.55845324526996,1.0279359962280692,106
9705000,38920.000006094044,-515975.2469198236,301.139504702152,1.0322059385115439,106
9710000,38940.00000609812,-517548.3398872155,302.9781155735343,1.0252800950352043,106
9715000,38960.00000610219,-518013.8623235149,301.84238165773945,1.0268133720963315,106
9720000,38980.00000610627,-518051.43654126185,300.66780974203726,1.0261486915907194,106
9690000,38860.00000608182,-516818.6286383646,299.16075052736056,1.0280994138822208,--
9695000,38880.000006085895,-517673.46392379,300.1613672957667,1.0250992974047022,107
9700000,38900.00000608997,-516759.5626485802,302.1298292834587,1.0274546706347762,107
9705000,38920.000006094044,-515817.76580280275,299.6794287130318,1.0216058762233589,107
9710000,38940.00000609812,-516162.13067481853,300.26122775024106,1.0284951091680703,107
9715000,38960.00000610219,-516490.7572912723,300.78648117132695,1.0235911183174469,107
9720000,38980.00000610627,-517370.9263213831,297.8653837271431,1.0279920538487428,107
9725000,39000.00000611034,-516821.53313604183,298.41699683448223,1.024852546006141,106
9730000,39020.00000611442,-516096.1515110049,299.791269011853,1.0293846052594977,106
9735000,39040.00000611849,-517256.3545906283,300.4889760422136,1.0275294584735886,106
9740000,39060.000006122566,-517019.0421923755,300.21474355179464,1.0267078826502174,106
9745000,39080.00000612664,-516960.3726408435,300.0023913583819,1.0278337332883232,106
9750000,39100.000006130715,-517369.0317449644,301.301284735016,1.0275406236979596,106
9755000,39120.00000613479,-517041.0980235147,302.1068235124145,1.0278656845151797,106
9760000,39140.000006138864,-516194.66474262625,298.8899664898882,1.026531389204767,106
9765000,39160.00000614294,-517518.0153703452,300.7046261023042,1.0264575199264672,106
9770000,39180.00000614701,-517150.978647762,303.4524517179963,1.0265580952391853,106
9775000,39200.00000615109,-518177.3774343771,301.3067435910214,1.0258437650761478,106
9780000,39220.00000615516,-516335.73967740545,300.63649879445495,1.0250053906743404,106
9785000,39240.00000615924,-517327.72212753794,301.18404405936457,1.0298177331749163,106
9790000,39260.00000616331,-517189.76404609694,301.0950426794264,1.0302869931134382,106
9795000,39280.000006167385,-517306.31567928893,298.878583614746,1.0299484410114912,106
9800000,39300.00000617146,-516853.677862837,302.1345833856482,1.030758191996478,106
9805000,39320.000006175535,-517762.8656177677,298.4617025747766,1.032367834532742,106
9810000,39340.00000617961,-515871.756972892,300.9687168189086,1.0235079916591696,106
9815000,39360.00000618368,-515261.9496420312,300.850547819334,1.0249011404701667,106
9820000,39380.00000618776,-515937.1628710388,300.8901324738658,1.0234620890650246,106
9825000,39400.00000619183,-517900.99596994836,301.3843209254992,1.0255543061226946,106
9830000,39420.00000619591,-517592.23176064645,298.79260636601674,1.0269077913149802,106
9835000,39440.00000619998,-516691.57984842407,299.0854961258903,1.0244815588804332,106
9840000,39460.000006204056,-517067.7429503023,303.076752326479,1.029061618394258,106
9845000,39480.00000620813,-517230.9596789323,300.06641069630047,1.0259174966443312,106
9850000,39500.000006212205,-515543.08259316697,299.3034192398275,1.0276529510613954,106
9855000,39520.00000621628,-517208.067176847,301.76218143316356,1.0295987794242398,106
9860000,39540.000006220354,-516642.4203806552,300.48929220432024,1.0271766761105308,106
9865000,39560.00000622443,-517334.99722550856,302.9011234992543,1.0274849750387824,106
9870000,39580.0000062285,-515591.94929860113,301.3792195739921,1.0261572603227223,106
9875000,39600.00000623258,-516366.3783965006,302.81732779074207,1.0262206185113567,106
9880000,39620.00000623665,-516297.5355936852,299.2936227842916,1.0264151130846517,106
9885000,39640.00000624073,-518649.2594094246,301.80804290530335,1.029355966117782,106
9890000,39660.0000062448,-517588.3803978651,299.1561213432525,1.0243709244316135,106
9895000,39680.000006248876,-516851.04988943925,301.0994634466696,1.0285633158707426,106
9900000,39700.00000625295,-516699.7314624903,298.4059360466586,1.027706682386422,106
9905000,39720.000006257025,-517179.51401651464,301.00336226395945,1.0263725769667285,106
9910000,39740.0000062611,-515576.6651068537,301.02627647917876,1.028416643697703,106
9915000,39760.000006265174,-517607.88188247127,297.92238055649585,1.0265494872260637,106
9920000,39780.00000626925,-517028.93398542586,300.7308539468377,1.025000998933473,106
9925000,39800.00000627332,-516908.45599385514,303.2640748973676,1.024746638365324,106
9930000,39820.0000062774,-517488.72071943735,298.8469869776292,1.0287888193068169,106
9935000,39840.00000628147,-516914.0117865114,301.2271159947074,1.0318277648897276,106
9940000,39860.00000628555,-516030.8886162797,302.0663851128753,1.0304211165878334,106
9945000,39880.00000628962,-517880.39536865964,299.81406177792434,1.0281218869836581,106
9950000,39900.000006293696,-515750.7925515014,299.61491266372974,1.0190512968365357,106
9955000,39920.00000629777,-516694.46882353094,302.133128712667,1.029449341572596,106
9960000,39940.000006301845,-516645.03276865114,300.2203760838124,1.024239144090202,106
9965000,39960.00000630592,-516352.3334565114,299.32352185166974,1.027254907251605,106
9970000,39980.000006309994,-517008.6777740577,300.46177765696,1.0285894355395595,106
9975000,40000.00000631407,-517043.59396340395,302.85061797991926,1.0244523654702353,106
9980000,40020.00000631814,-516709.9659496269,300.22983461424457,1.0229489643333936,106
9985000,40040.00000632222,-517635.26713125757,301.3626684665457,1.0279750292246785,106
9990000,40060.00000632629,-517576.78538752627,299.5372758990668,1.0234929817370582,106
9995000,40080.00000633037,-517557.8829079813,298.12110041413354,1.0294999228022592,106
10000000,40100.00000633444,-516711.3508826096,301.31296142520796,1.0243886477192607,106
10005000,40120.000006338516,-516838.32038086746,303.33360527241496,1.0279859362176078,106
10010000,40140.00000634259,-516994.0675794077,300.4917377283642,1.0254678340762866,106
10015000,40160.000006346665,-517024.4701577206,301.9807733468107,1.0254655845196203,106
10020000,40180.00000635074,-516326.02783680824,297.74348095167824,1.0273495394799137,106
10025000,40200.000006354814,-517252.41361758765,302.06243826448326,1.0281215451121397,106
10030000,40220.00000635889,-517069.3422763359,301.37287602852115,1.024510548720962,106
10035000,40240.00000636296,-516484.9767201841,306.0106409606095,1.0294417047426947,106
10040000,40260.00000636704,-516706.1344888385,300.8735081401508,1.027203060349427,106
10045000,40280.00000637111,-515693.437975256,301.26563054069817,1.0235086613268218,106
10050000,40300.00000637519,-517069.973999755,300.4359578014249,1.026878913888745,106
10055000,40320.00000637926,-516467.45882292814,299.88380485279555,1.0272295577586426,106
10060000,40340.000006383336,-515585.532446031,302.69266412420865,1.0253903133460294,106
10065000,40360.00000638741,-516956.53232989577,300.6762712982976,1.026691868586269,106
10070000,40380.000006391485,-517105.35451049777,299.4027508328295,1.0268256563006135,106
10075000,40400.00000639556,-516697.6866930737,301.2786525588352,1.0309013251153003,106
10080000,40420.000006399634,-516883.622016564,301.76080013986103,1.0256484363759575,106
10085000,40440.00000640371,-515788.4737309506,302.81088750944224,1.0281039254224846,106
10090000,40460.00000640778,-517488.11029689014,301.60797618923203,1.0255194047575047,106
10095000,40480.00000641186,-515572.5416507777,299.9583006191666,1.0243411829964444,106
10100000,40500.00000641593,-516944.62770223315,301.605421730791,1.0233467606104567,106
10105000,40520.00000642001,-517917.10728726536,299.99405002563833,1.0274999755291137,106
10110000,40540.00000642408,-516481.8347128774,299.36317206869137,1.0279260376360069,106
10115000,40560.000006428156,-515577.8789170333,301.74631180483334,1.0235891240736232,106
10120000,40580.00000643223,-515878.3254307073,302.24560897751854,1.0285845922195485,106
10125000,40600.000006436305,-517482.30052854656,298.23429525980254,1.028432618991625,106
10130000,40620.00000644038,-516421.20907012024,300.68146402640554,1.024575056080723,106
10135000,40640.000006444454,-516532.5085850111,301.3099164706476,1.0250439026473808,106
10140000,40660.00000644853,-515603.87968037697,299.73526178139645,1.0241774871696183,106
10145000,40680.0000064526,-518286.2648398776,300.4020797758242,1.0252534193455214,106
10150000,40700.00000645668,-515719.3955828217,303.0994013916235,1.027057614553047,106
10155000,40720.00000646075,-516780.40756528755,300.51482159191784,1.0291510683083456,106
10160000,40740.00000646483,-517149.0702061979,301.78268105604053,1.026696097972148,106
10165000,40760.0000064689,-517387.8790641092,301.52698677718774,1.0234825307995865,106
10170000,40780.000006472976,-517500.0530672951,303.4779931796249,1.0331218380943996,106
10175000,40800.00000647705,-518032.524422711,300.86926373941753,1.0262341045256553,106
10180000,40820.000006481125,-516227.98146677297,299.66314766944674,1.0268298365583397,106
10185000,40840.0000064852,-516512.0615796759,299.9392959427851,1.0264762285990208,106
10190000,40860.000006489274,-515438.1240548806,300.19080923711675,1.0263072647700349,106
10195000,40880.00000649335,-517271.26988764876,299.8473057162149,1.026052503378189,106
10200000,40900.00000649742,-516502.0432727935,301.51589278719865,1.025374165458527,106
10205000,40920.0000065015,-516014.3184903336,303.2534249266319,1.0277038005038974,106
10210000,40940.00000650557,-516996.4476671445,302.35881464428235,1.0301559993188671,106
10215000,40960.00000650965,-517380.08648347016,300.5185313083346,1.0267606476506383,106
10220000,40980.00000651372,-516294.83881224226,301.93856750612935,1.0223618488537565,106
10225000,41000.000006517796,-516342.7829944717,297.0003706427422,1.0293489716681092,106
10230000,41020.00000652187,-518336.17883283575,301.92889039918117,1.0327068787982776,106
10235000,41040.000006525945,-516546.0539444182,301.63648520665157,1.0251725936245775,106
10240000,41060.00000653002,-517384.10618386953,299.2865570098193,1.0276698761521208,106
10245000,41080.000006534094,-517095.78174646175,302.1718361155314,1.024445335512693,106
10250000,41100.00000653817,-517561.7473983641,300.6310713717966,1.030333750739241,106
10255000,41120.00000654224,-516818.59444025904,302.20561902288904,1.0296931354778107,106
10260000,41140.00000654632,-517139.8083124582,300.1367422510505,1.0273265661252167,106
10265000,41160.00000655039,-516278.9803916884,298.3123946171205,1.0260329622424456,106
10270000,41180.00000655447,-516436.0726955114,296.3089308279616,1.027897555729402,106
10275000,41200.00000655854,-516865.7147282222,302.3351704546147,1.0278759715035375,106
10280000,41220.000006562615,-516331.2260945032,300.82710991953815,1.0250351604103076,106
10285000,41240.00000656669,-516937.57384616905,301.68432281551236,1.0248199345168394,106
10290000,41260.000006570765,-516395.0465259431,300.1272947503455,1.024032752043402,106
10295000,41280.00000657484,-516725.30007293704,301.58583719884166,1.0231324007328186,106
10300000,41300.00000657891,-516243.42850425583,301.87231515773885,1.0286077363522481,106
10305000,41320.00000658299,-517704.8358343176,298.4839593110665,1.0281425911371305,106
10310000,41340.00000658706,-516313.64353136625,302.3802321939683,1.0236418861745407,106
10315000,41360.00000659114,-516082.32162366016,299.91548413166333,1.0224122593572245,106
10320000,41380.00000659521,-516044.2720278604,300.1843908165135,1.026168662608613,106
10325000,41400.000006599286,-516967.3284208968,300.0084527022897,1.0300257675060582,106
10330000,41420.00000660336,-516579.47667432716,302.02774205639946,1.0238591023971968,106
10335000,41440.000006607435,-516546.5217716852,302.5413601354043,1.0253373460730688,106
10340000,41460.00000661151,-516320.0868830702,298.692038562524,1.0221931665229118,106
10345000,41480.000006615584,-515752.2685634268,298.54505713818185,1.0260687385790228,106
10350000,41500.00000661966,-516455.5996482626,298.8090318478179,1.0295955620256574,106
10355000,41520.00000662373,-518330.7224082791,301.2134536721798,1.0272913250354838,106
10360000,41540.00000662781,-515767.8279581035,301.0386509467853,1.0272900364059765,106
10365000,41560.00000663188,-516951.6677524098,299.25551964614414,1.0322196660825798,106
10370000,41580.00000663596,-517862.7870685805,298.16119320808724,1.0275605192769572,106
10375000,41600.00000664003,-517086.129078744,301.20838709128316,1.024965813531594,106
10380000,41620.000006644106,-516966.40763149597,300.5121636315182,1.0288814770697503,106
10385000,41640.00000664818,-515922.52566175256,301.3926293208076,1.0232136149211255,106
10390000,41660.000006652255,-516026.13494991,301.7042465674613,1.0240110138465353,106
10395000,41680.00000665633,-517853.8472008726,301.64134972223286,1.0336657056341767,106
10400000,41700.000006660404,-516750.74222989916,302.5227182985771,1.0268936230611896,106
10405000,41720.00000666448,-516175.51786195673,303.77500768566904,1.02932156125314,106
10410000,41740.00000666855,-517970.81292539486,300.7364160679143,1.0303996622869314,106
10415000,41760.00000667263,-516871.04148426536,302.418470681393,1.0245325739726225,106
10420000,41780.0000066767,-517790.04064860754,300.66301990151504,1.028974592034006,106
10425000,41800.00000668078,-516667.69952695305,300.2751483426126,1.028801567071033,106
10430000,41820.00000668485,-516978.7682024189,300.424603581075,1.0259352895998886,106
10435000,41840.000006688926,-517336.5811510051,300.4015757645539,1.029975310430149,106
10440000,41860.000006693,-517748.3125383896,298.14641138539724,1.0274456837272128,106
10445000,41880.000006697075,-516741.0504874217,298.78660296788604,1.024820648478426,106
10450000,41900.00000670115,-517143.75381610566,301.2119593169091,1.0256151596028154,106
10455000,41920.000006705224,-517557.58760939585,302.2186866891509,1.0255647711472617,106
10460000,41940.0000067093,-516894.0340344948,303.39552453896385,1.0266585419277567,106
10465000,41960.00000671337,-518433.7251527421,302.27353785435633,1.02770223496935,106
10470000,41980.00000671745,-517281.69457260985,302.17562571336623,1.0262179585062365,106
10475000,42000.00000672152,-516908.0979357562,302.7678945680183,1.0277953574586696,106
10480000,42020.0000067256,-516645.3798349756,299.57287825661587,1.02447753888891,106
10485000,42040.00000672967,-516799.0076027799,300.27792626851806,1.0263616312367831,106
10490000,42060.000006733746,-517268.73572865943,302.24437887113476,1.0274515354731564,106
10495000,42080.00000673782,-516934.0482242643,301.98363404563594,1.0302959686755824,106
10500000,42100.000006741895,-516332.06064031227,300.69763811027894,1.0266687525668914,106
10505000,42120.00000674597,-516815.42390685156,300.02069203813033,1.0269252729059755,106
10510000,42140.000006750044,-516985.1734152809,300.091109502791,1.0253361318828782,106
10515000,42160.00000675412,-516980.8342186895,300.47033726615575,1.0266569763293663,106
10520000,42180.00000675819,-517284.1650106427,299.7356077038952,1.0274747741753087,106
10525000,42200.00000676227,-517920.6683584419,301.1049681508441,1.0236672163927543,106
10530000,42220.00000676634,-517662.8874389832,302.2637706665062,1.0268821831342272,106
10535000,42240.00000677042,-518438.78502725926,301.19595988197386,1.0339754174058857,106
10540000,42260.00000677449,-517091.3998413766,301.0411760625976,1.026215464361373,106
10545000,42280.000006778566,-516623.17532572034,301.14393143282206,1.0272024987190818,106
10550000,42300.00000678264,-515981.8763743625,299.6439928434117,1.0219471902563104,106
10555000,42320.000006786715,-517487.6979346934,300.380383874552,1.0273195526264467,106
10560000,42340.00000679079,-516757.7725908668,303.4844403054658,1.0303883273635972,106
10565000,42360.000006794864,-518678.79816928017,300.86792649022846,1.0312132846976607,106
10570000,42380.00000679894,-517229.78197884094,298.83100468636576,1.0271564338522632,106
10575000,42400.00000680301,-516688.5105633645,303.77152833059876,1.0258960318205241,106
10580000,42420.00000680709,-516621.4492520918,300.32190995376186,1.0277056382332863,106
10585000,42440.00000681116,-517058.8500884955,303.3500840958117,1.0275158494501313,106
10590000,42460.00000681524,-517038.00400680536,301.94655049746245,1.0260753979074013,106
10595000,42480.00000681931,-516650.26407080167,302.4909047011282,1.0248048583224032,106
10600000,42500.000006823386,-517039.0182099205,299.26311979935866,1.0286996889283586,106
10605000,42520.00000682746,-518296.337215052,304.68142169535577,1.0303920808585496,106
10610000,42540.000006831535,-516680.1278370258,299.46736115808056,1.0281598446443643,106
10615000,42560.00000683561,-517287.2949812196,301.5583758162124,1.026280377478493,106
10620000,42580.000006839684,-516576.1288308692,300.0516044727636,1.0298091927201478,106
10625000,42600.00000684376,-517869.1882223,300.0376016952982,1.025877337803998,106
10630000,42620.00000684783,-515876.60873941495,299.98261232597514,1.0264624201555297,106
10635000,42640.00000685191,-517108.8554835012,301.17435873187065,1.0290752983166098,106
10640000,42660.00000685598,-517084.937326493,301.43618631858413,1.02841635852997,106
10645000,42680.00000686006,-515870.3139966524,301.7811801732288,1.0232762013799466,106
10650000,42700.00000686413,-516669.60725080175,301.0405157136166,1.0291792253718652,106
10655000,42720.000006868206,-516684.50759593514,299.42696364466303,1.0253456867870827,106
10660000,42740.00000687228,-517650.94834016706,298.62709994344647,1.032328273539936,106
10665000,42760.000006876355,-517622.06298072916,303.15971283418594,1.0286887572416141,106
10670000,42780.00000688043,-518285.7891612428,300.20769789617856,1.0277875003539225,106
10675000,42800.000006884504,-516178.6794728874,298.9215578192758,1.0231376133502315,106
10680000,42820.00000688858,-517290.03326932783,301.7833195291515,1.023966775952077,106
10685000,42840.00000689265,-515718.08294096845,302.56945625314563,1.0272241207230135,106
10690000,42860.00000689673,-516796.05943540344,302.7005217668052,1.0282890137541663,106
10695000,42880.0000069008,-516633.13388446183,300.37037718727083,1.0271039516160365,106
10700000,42900.00000690488,-516103.2406395369,300.3376964495407,1.0299142565657298,106
10705000,42920.00000690895,-517415.8029510416,302.0156376647155,1.0272297367297385,106
10710000,42940.000006913026,-516881.52441484504,301.7206851416479,1.0301736770652614,106
10715000,42960.0000069171,-517314.15133479866,302.5678643386875,1.0252471008469173,106
10720000,42980.000006921175,-516942.35793026676,300.1169612195206,1.0236238266800382,106
10725000,43000.00000692525,-516990.3870495092,298.1162372514746,1.028011878567025,106
10730000,43020.000006929324,-518530.7691184296,299.9734595539117,1.0275800670286395,106
10735000,43040.0000069334,-516940.63074494316,301.5401030915829,1.0230259098703105,106
10740000,43060.00000693747,-516835.2309149434,302.74028117249827,1.0263527028179296,105
10745000,43080.00000694155,-515779.1532375002,299.8392964686945,1.0238324787206572,105
10750000,43100.00000694562,-516827.84370617545,298.7344435541568,1.026624466607107,105
10755000,43120.0000069497,-517442.27207368123,301.559969385533,1.0271747772309308,105
10760000,43140.00000695377,-517044.61641652137,301.25156198882974,1.0263706418340781,105
10765000,43160.000006957845,-517499.1093381108,301.88730375759803,1.0284104891667376,105
10770000,43180.00000696192,-517643.1847864911,301.3876893397258,1.028409100671468,105
10775000,43200.000006965995,-515638.08229592885,301.1110529793242,1.021302649629971,105
10780000,43220.00000697007,-517699.04681595066,303.0308803691864,1.0281533241417868,105
10785000,43240.00000697414,-517138.44310521777,298.76662078660337,1.030557091515002,105
10790000,43260.00000697822,-516638.47209179285,304.38253355100846,1.0275177630693264,105
10795000,43280.00000698229,-516225.55111560365,303.1940624867653,1.0287676623098594,105
10800000,43300.00000698637,-517090.4098734013,303.41931789186384,1.032684893286456,105
10805000,43320.00000699044,-518242.3619193272,300.8166239848785,1.028845205639519,105
10810000,43340.000006994516,-516752.1676084171,302.50820938083746,1.0303659978629005,105
10815000,43360.00000699859,-517163.66355386074,303.7899508308162,1.0263998602116664,105
10820000,43380.000007002665,-516439.33517444204,300.1123812646028,1.0278729663429063,105
10825000,43400.00000700674,-515305.5169194618,300.4693803310222,1.0231916151311584,105
10830000,43420.000007010814,-517055.5332389269,301.0224141223861,1.0290677198881235,105
10835000,43440.00000701489,-514847.0758079849,298.3517667829054,1.0277231194272698,105
10840000,43460.00000701896,-517997.5269477968,300.85865440961607,1.0295545476798813,105
10845000,43480.00000702304,-517249.9218176985,297.9970134613987,1.0307915127561595,105
10850000,43500.00000702711,-517170.58345941943,301.56284605082186,1.0326409613864798,105
10855000,43520.00000703119,-516491.75566586014,301.38036302904857,1.0237198557645848,105
10860000,43540.00000703526,-516998.2891738622,301.90830190436543,1.0287136522554332,105
10865000,43560.000007039336,-517157.13268585294,303.3410807399825,1.0282815954726592,105
10870000,43580.00000704341,-517125.2289010573,297.9848835499476,1.0276868768292724,105
10875000,43600.000007047485,-515885.49731187476,301.21923636336044,1.0290822396122303,105
10880000,43620.00000705156,-517182.47827468044,298.98203576025674,1.0251315959537997,105
10885000,43640.000007055634,-516193.7889449182,298.7693778177704,1.0293096844822902,105
10890000,43660.00000705971,-516665.4840094717,299.4999351923826,1.0251985878026169,105
10895000,43680.00000706378,-515647.07283805055,301.78080594629415,1.0286704428730444,105
10900000,43700.00000706786,-517363.85825675377,300.38493471289183,1.0246783700299777,105
10905000,43720.00000707193,-516103.1321808086,303.5444329873032,1.0252151138260108,105
10910000,43740.00000707601,-517269.8964196134,302.5751581805269,1.0280282505056715,105
10915000,43760.00000708008,-516295.17105878657,303.0899954997373,1.0242631918047127,105
10920000,43780.000007084156,-515983.69221871556,303.7589747160574,1.0179921142089103,105
10925000,43800.00000708823,-515509.23662165133,303.1376771471177,1.0247561021183238,105
10930000,43820.000007092305,-517362.9549492791,302.01438161318225,1.0313214738136869,105
10935000,43840.00000709638,-516885.59935188456,297.33208562604193,1.0270784427228106,105
10940000,43860.000007100454,-516571.3404054567,300.5590001075332,1.0262042172505674,105
10945000,43880.00000710453,-515293.8215748654,298.9558230464069,1.0251470783501473,105
10950000,43900.0000071086,-517173.3648396407,303.6445552829589,1.0265825788204979,105
10955000,43920.00000711268,-516254.9757665717,300.8885808949501,1.0268112265776015,105
10960000,43940.00000711675,-516695.48815069674,302.87115915362955,1.0246707073189867,105
10965000,43960.00000712083,-516438.6281248939,302.7322114588123,1.0244530403473533,105
10970000,43980.0000071249,-516869.4175426082,303.2965796995051,1.027909370964531,105
10975000,44000.000007128976,-517356.2768180282,300.7119707855832,1.0276536278265487,105
10980000,44020.00000713305,-516786.30477522383,301.7546315154063,1.0258826038417705,105
10985000,44040.000007137125,-517001.28660114366,297.2278460568169,1.026406350616326,105
10990000,44060.0000071412,-516941.585497933,300.6971450681496,1.0273216357734896,105
10995000,44080.000007145274,-516487.3586315529,302.9998698418471,1.025241584476044,105
11000000,44100.00000714935,-516412.8655059249,300.7386970808018,1.0269582055545243,105
11005000,44120.00000715342,-517325.77062407415,299.8353908734721,1.0270205024341394,105
11010000,44140.0000071575,-517745.8297278343,296.8583820481333,1.0272372948906656,105
11015000,44160.00000716157,-516396.0613527822,299.9164856905161,1.022417779213619,105
11020000,44180.00000716565,-516942.5764718214,299.13336626539893,1.0268716757256688,105
11025000,44200.00000716972,-515907.9421070728,300.6695607054336,1.0274636945654823,105
11030000,44220.000007173796,-516963.5940164267,302.32049358735566,1.027789633500903,105
11035000,44240.00000717787,-517037.2036488189,303.2359845435743,1.025684014709599,105
11040000,44260.000007181945,-517044.66230729315,298.79667411879115,1.0266522239911506,105
11045000,44280.00000718602,-516109.08396335714,302.101306639656,1.0223970829633093,105
11050000,44300.000007190094,-517508.9804049756,302.86844332734495,1.029811305085203,105
11055000,44320.00000719417,-515234.2679989976,300.6709033943091,1.0254581587420288,105
11060000,44340.00000719824,-516076.61032160744,301.71487755028505,1.0240275273960884,105
11065000,44360.00000720232,-516451.6268191908,301.5392854130554,1.028191587443067,105
11070000,44380.00000720639,-517130.4344137036,300.9201616053037,1.0243588422886558,105
11075000,44400.00000721047,-515672.11417028774,305.851150937065,1.0245619747940775,105
11080000,44420.00000721454,-516642.39797330135,303.6373128497657,1.0261567288358806,105
11085000,44440.000007218616,-516076.43132718373,301.6064089876324,1.026907805937977,105
11090000,44460.00000722269,-516793.58949100086,301.9635311227481,1.0286571151322554,105
11095000,44480.000007226765,-516385.60632497,300.5631022344598,1.029280753138562,105
11100000,44500.00000723084,-518231.30506533897,302.5784038398632,1.0279130868345876,105
11105000,44520.000007234914,-517796.1582564288,300.2837808596601,1.0294825152836133,105
11110000,44540.00000723899,-516686.37639073445,302.4370410556252,1.0289428325690044,105
11115000,44560.00000724306,-516705.53393172356,300.4626957126113,1.0224473946504193,105
11120000,44580.00000724714,-518237.00835996075,301.11835017373954,1.0297703980447257,105
11125000,44600.00000725121,-517364.3517642198,299.9776469885176,1.0280423817542583,105
11130000,44620.00000725529,-517317.9082344796,301.7020889913582,1.026557201265126,105
11135000,44640.00000725936,-516865.21317466605,299.7400616995087,1.0264245429251238,105
11140000,44660.000007263436,-517276.5076482636,302.816794670908,1.028891457583809,105
11145000,44680.00000726751,-516843.0714939842,299.0062062678656,1.0241912188195141,105
11150000,44700.000007271585,-515931.3097007491,302.01595383895204,1.0244295431058634,105
11155000,44720.00000727566,-516294.01435415563,300.9968164415515,1.0227662257245262,105
11160000,44740.000007279734,-515799.73146166303,302.20206544454146,1.022798128616361,105
11165000,44760.00000728381,-516221.2599256623,301.9026769486787,1.0240164785453327,105
11170000,44780.00000728788,-515995.2424328625,303.08698008860483,1.0295400012685918,105
11175000,44800.00000729196,-516347.8781173264,301.31268999258555,1.027082265326664,105
11180000,44820.00000729603,-517101.41631145333,300.14576762530464,1.031000808698236,105
11185000,44840.00000730011,-516348.01177485497,301.3954368288824,1.0283952509910914,105
11190000,44860.00000730418,-516727.20009230054,302.2558453305091,1.023289002491468,105
11195000,44880.000007308256,-516506.9459535347,300.90336898765116,1.026964332846987,105
11200000,44900.00000731233,-517809.2001679528,299.7077437688282,1.0294767238161862,105
11205000,44920.000007316405,-516501.6057292882,300.82542468377085,1.0262689741381867,105
11210000,44940.00000732048,-517113.8630808783,301.1629385619333,1.0243115176945925,105
11215000,44960.000007324554,-516512.94896229845,302.5648555251044,1.0299385576745068,105
11220000,44980.00000732863,-517045.03766636085,300.1606921724956,1.0277812942589868,105
11225000,45000.0000073327,-516153.21871980675,305.4512103694835,1.0271298315029413,105
11230000,45020.00000733678,-515569.67417783197,301.5890818587261,1.0273730555196103,105
11235000,45040.00000734085,-515806.09658771404,300.3534413771674,1.0298956017179457,105
11240000,45060.00000734493,-518569.29242364573,302.755003758186,1.0303648337566218,105
11245000,45080.000007349,-516745.07142349426,299.6831824143152,1.0234428669932214,105
11250000,45100.000007353075,-515928.941885313,301.3251993256804,1.0249143924126312,105
11255000,45120.00000735715,-516334.7943870127,301.69756223665246,1.0262346920372263,105
11260000,45140.000007361225,-514987.95360926725,302.4256930948031,1.0216335827900722,105
11265000,45160.0000073653,-517704.1550252009,297.9388930190608,1.0249934925325592,105
11270000,45180.00000736937,-516977.3789402675,301.00258406458835,1.0247262577259697,105
11275000,45200.00000737345,-517668.958314196,298.4518953683711,1.023216272834539,105
11280000,45220.00000737752,-517423.3814336711,301.69419974278117,1.027904941654036,105
11285000,45240.0000073816,-516290.2771507418,302.27203792543935,1.0268081260835595,105
11290000,45260.00000738567,-516322.93379249424,300.9820827274505,1.0250328628882825,105
11295000,45280.000007389746,-516612.94368004217,300.77995372657284,1.02439659550009,105
11300000,45300.00000739382,-517652.68478708924,301.21626266620234,1.0288263501023227,105
11305000,45320.000007397895,-516463.0423333915,302.86867261140776,1.0261351897695614,105
11310000,45340.00000740197,-516783.9590732835,300.7917528627329,1.026459938624672,105
11315000,45360.000007406044,-517352.2010675075,299.52013688438336,1.031964754093534,105
11320000,45380.00000741012,-516426.4561299768,300.22906195755,1.0235045447560085,105
11325000,45400.00000741419,-516082.17082162155,301.57575016393685,1.0246461155401319,105
11330000,45420.00000741827,-516109.6485908441,302.7721613944575,1.0275924150882099,105
11315000,45360.000007406044,-516725.5329500444,300.90227235384293,1.029053960419821,--
11320000,45380.00000741012,-517495.04406579887,299.95631210859204,1.0275400431127832,107
11325000,45400.00000741419,-516768.88781941193,300.7518300571051,1.0271635400116337,106
11330000,45420.00000741827,-516789.34770979895,299.6769142945082,1.0272748771648812,106
11335000,45440.00000742234,-517869.9407339536,301.03387940590613,1.0301930240426238,106
11340000,45460.00000742642,-517925.4665225614,304.2452930757054,1.0302800373049965,106
11345000,45480.00000743049,-517676.2788259471,302.6047334898269,1.0272563013052252,106
11350000,45500.000007434566,-516368.33838908304,300.7454392378148,1.0303698425104701,105
11355000,45520.00000743864,-516564.80818067933,301.14563034847254,1.0268994458669785,105
11360000,45540.000007442715,-516626.92530513834,301.3541771172779,1.0252451534213243,105
11365000,45560.00000744679,-517153.15701824124,298.6747705864088,1.0231700239721915,105
11370000,45580.000007450864,-515613.8058976722,301.441532374432,1.0191704076323416,105
11375000,45600.00000745494,-516693.6312601664,303.47581038724763,1.026318412881825,105
11380000,45620.00000745901,-516755.9778368322,303.7140128519205,1.02457665633776,105
11385000,45640.00000746309,-516939.426476849,297.6743094585954,1.0268177166767338,105
11390000,45660.00000746716,-515867.3826461639,301.316055210315,1.0240563912739058,105
11395000,45680.00000747124,-517050.6664503913,303.4382444179032,1.0308652807445198,105
11400000,45700.00000747531,-516215.14618694014,303.4338720194349,1.0243864904799125,105
11405000,45720.000007479386,-516769.1559880795,299.1635798493736,1.0245971810313446,105
11410000,45740.00000748346,-517201.1935529276,300.64368540732715,1.0275374013555587,105
11415000,45760.000007487535,-516255.9208386757,298.5125026056664,1.0262939658128825,105
11420000,45780.00000749161,-517235.98973052064,301.9399215328851,1.0278861418980476,105
11425000,45800.000007495684,-516990.34984770766,301.4147182499509,1.0240487705532129,105
11430000,45820.00000749976,-516267.4072399803,300.44005346967083,1.0246212307494813,105
11435000,45840.00000750383,-516988.9930001574,301.5754428377908,1.0278394761291616,105
11440000,45860.00000750791,-516709.0282074562,299.3297122674474,1.0242723024183553,105
11445000,45880.00000751198,-517528.85198980337,298.67606675303335,1.0293483570024369,105
11450000,45900.00000751606,-514983.4407662526,300.3658809685122,1.0244737659924195,105
11455000,45920.00000752013,-517231.1844029147,301.5035722867974,1.0269324437553482,105
11460000,45940.000007524206,-517008.1681429043,300.96968686944,1.0258415310625013,105
11465000,45960.00000752828,-517752.647990389,300.22184789051516,1.0295746814972548,105
11470000,45980.000007532355,-516310.1217599015,301.9502957423164,1.020061376652472,105
11475000,46000.00000753643,-515668.575087629,300.1426094935278,1.0241884516604005,105
11480000,46020.000007540504,-517175.32041452965,300.02149373644784,1.0247602538810976,105
11485000,46040.00000754458,-516031.7941377759,300.1690265024252,1.0269490690803889,105
11490000,46060.00000754865,-517307.45736056985,300.71390015418547,1.0303071343232917,105
11495000,46080.00000755273,-517584.00146011915,303.50859261825303,1.0286879947608358,105
11500000,46100.0000075568,-516830.6337023452,301.4782546503315,1.0274812400285245,105
11505000,46120.00000756088,-517535.16821030085,299.36937320391115,1.0263103173277623,105
11510000,46140.00000756495,-516571.6955114738,300.7927022353316,1.0230906409107878,105
11515000,46160.000007569026,-516719.53011106607,297.0929409377073,1.0256628960217216,105
11520000,46180.0000075731,-517105.1656534092,300.8790341328804,1.0269366509841027,105
11525000,46200.000007577175,-517919.3080405474,302.85351616339335,1.0268858800279483,105
11530000,46220.00000758125,-516232.29171561706,301.1621161054409,1.027222038739358,105
11535000,46240.000007585324,-516644.91537157283,302.88463252579277,1.0265795778750184,105
11540000,46260.0000075894,-516285.30199090857,300.19588905222486,1.0238431681939189,105
11545000,46280.00000759347,-516214.0360153334,302.67892283941427,1.0277490693295703,105
11550000,46300.00000759755,-515727.7263181356,299.25109099255644,1.023007113814971,105
11555000,46320.00000760162,-517766.65440995037,301.40398464441404,1.0247323027923465,105
11560000,46340.0000076057,-516987.5362133472,301.10194296971355,1.0271935144106052,105
11565000,46360.00000760977,-516580.25225090515,299.8089039726725,1.0249993707520395,105
11570000,46380.000007613846,-516206.32830895623,302.33192186480545,1.0271170021257754,105
11575000,46400.00000761792,-516553.4554268499,299.15002083897286,1.0296220355286303,105
11580000,46420.000007621995,-516027.0063740921,301.79189755003955,1.0255031213815102,105
11585000,46440.00000762607,-516664.79203916783,299.65293013889925,1.0276192790957221,105
11590000,46460.000007630144,-516644.626763114,301.0190874099226,1.0270269955726363,105
11595000,46480.00000763422,-516287.5019837357,299.57557684413393,1.0266471307229446,105
11600000,46500.00000763829,-518563.9585122408,300.37093643567357,1.029791486989496,105
11605000,46520.00000764237,-517846.1515986412,298.3732037214605,1.0273935606928222,105
11610000,46540.00000764644,-517174.54085090826,300.5143223353045,1.0269064906400411,105
11615000,46560.00000765052,-516956.14489758364,301.2513128709815,1.0302567576536648,105
11620000,46580.00000765459,-516300.2292875701,299.98816437948636,1.0255344467854701,105
11625000,46600.000007658666,-516795.98653484765,299.7184697852133,1.0233534583090635,105
11630000,46620.00000766274,-517396.1274274399,301.18230814762904,1.0281398844573666,105
11635000,46640.000007666815,-516432.5865154248,302.90941889402086,1.0253661350087702,105
11640000,46660.00000767089,-516724.83899533795,300.06511876519926,1.025081875788647,105
11645000,46680.000007674964,-516371.3693328565,301.99064471741787,1.0250544703454727,105
11650000,46700.00000767904,-515052.5253781327,302.5669672536695,1.0231379716320386,105
11655000,46720.00000768311,-516356.95523631386,300.94219649473564,1.025281835896161,105
11660000,46740.00000768719,-516588.4915258514,298.62620538018325,1.025757958028495,105
11665000,46760.00000769126,-517750.01587805245,301.53159112138985,1.0290400897621466,105
11670000,46780.00000769534,-516658.9782805466,302.7386193245191,1.0267408273733702,105
11675000,46800.00000769941,-517349.3187553047,301.58904573193206,1.029645400516364,105
11680000,46820.000007703486,-516854.7777569068,301.0741304682977,1.029095702059829,105
11685000,46840.00000770756,-516956.8165900733,302.17705451209224,1.0221723117131052,105
11690000,46860.000007711635,-516255.45507957553,301.6465322590449,1.0265563065998735,105
11695000,46880.00000771571,-516103.5956493078,299.22726099582445,1.0249891792024246,105
11700000,46900.000007719784,-517273.6149769777,303.75327970352487,1.0289357505651542,105
11705000,46920.00000772386,-516627.2414488916,300.6746849002762,1.0255828278954213,105
11710000,46940.00000772793,-516916.1199510272,300.72456208052466,1.025765425688813,105
11715000,46960.00000773201,-517070.8239576516,300.8182927806841,1.0282124492050357,105
11720000,46980.00000773608,-515190.10802672314,300.2621759194127,1.0278459819166674,105
11725000,47000.00000774016,-516875.4271307001,302.6302320254915,1.025695245695974,105
11730000,47020.00000774423,-516446.5512321335,303.470192677713,1.0245447508755618,105
11735000,47040.000007748306,-516501.7878892431,300.83649790028676,1.0265158636550504,105
11740000,47060.00000775238,-515761.0205325028,302.14102870744046,1.0237939384957242,105
11745000,47080.000007756455,-517440.8000838489,299.7992224853118,1.0284254106383215,105
11750000,47100.00000776053,-517724.44644769793,301.6520741560378,1.0276051569217088,105
11755000,47120.000007764604,-515080.4262118207,303.3265143231488,1.0272868704951554,105
11760000,47140.00000776868,-516317.44695442426,302.5979864030075,1.0283093395480492,105
11765000,47160.00000777275,-518049.1932620923,300.4330571932118,1.0313858007730394,105
11770000,47180.00000777683,-516176.1709485254,301.01110709149305,1.0276470325057754,105
11775000,47200.0000077809,-518747.12438554014,300.5143093472886,1.0312299086031143,105
11780000,47220.000007784976,-516670.77810162376,301.3226935716473,1.0273594502757986,105
11785000,47240.00000778905,-517301.5946679448,301.9341933184527,1.02531766178832,105
11790000,47260.000007793125,-516567.28397255833,302.4304291202207,1.0269032552448247,105
11795000,47280.0000077972,-516967.57281117653,297.86604350580944,1.028332398290943,105
11800000,47300.000007801274,-516865.54094604496,303.66760909350023,1.0267645913339918,105
11805000,47320.00000780535,-515911.8042057769,301.66889388796113,1.0216380180248015,105
11810000,47340.00000780942,-517320.10846936423,299.70340166267795,1.0232802925426612,105
11815000,47360.0000078135,-517054.08505407884,298.4432753053399,1.02562181873888,105
11820000,47380.00000781757,-516345.2193866393,303.05957920913136,1.0226699998058024,105
11825000,47400.00000782165,-516040.93443296175,302.9618098928785,1.0274723614662542,105
11830000,47420.00000782572,-517101.95874400483,300.4820064091292,1.0265844802696575,105
11835000,47440.000007829796,-516398.2206918732,299.28650155329535,1.029917236646903,105
11840000,47460.00000783387,-517525.4826384005,301.06950871713633,1.025778172058751,105
11845000,47480.000007837945,-516834.71076035104,300.83898751850853,1.025892597914663,105
11850000,47500.00000784202,-516565.0341781038,299.9722811238773,1.0245179556200281,105
11855000,47520.000007846094,-517330.45976426615,301.9739516935952,1.0262661314501687,105
11860000,47540.00000785017,-516598.95527948556,302.04697814996246,1.0312368675539934,105
11865000,47560.00000785424,-517783.6399743401,301.410400197312,1.0235935528033466,105
11870000,47580.00000785832,-516185.27165322076,301.42707798496156,1.024760055258697,105
11875000,47600.00000786239,-516656.49712882866,298.61361111080123,1.0246958594711808,105
11880000,47620.00000786647,-517482.85808592895,300.00387594585203,1.025903351346374,105
11885000,47640.00000787054,-518395.1268306938,301.12966084437556,1.0291208519484734,105
11890000,47660.000007874616,-515952.82223565667,299.48424488420585,1.0267940870654284,105
11895000,47680.00000787869,-516374.04917653627,300.54162416873976,1.0257001079488517,105
11900000,47700.000007882765,-517078.78331047995,300.498802804964,1.0280593135512783,105
11905000,47720.00000788684,-516775.98050045315,302.7147433378651,1.028872976021528,105
11910000,47740.000007890914,-516070.79612611164,303.1650924056715,1.025496912256908,105
11915000,47760.00000789499,-515568.7071777852,300.41727018995647,1.022978736895721,105
11920000,47780.00000789906,-516307.1247661209,301.8525255410016,1.023728254397833,105
11925000,47800.00000790314,-517331.6102712846,303.3331969766298,1.0239056811844023,105
11930000,47820.00000790721,-517277.3472288728,300.63940400293717,1.0303824955888525,105
11935000,47840.00000791129,-517109.145279431,301.02637855205364,1.0308963835829268,105
11940000,47860.00000791536,-517062.19931224314,299.99430819549764,1.027193976422917,105
11945000,47880.000007919436,-516243.6700588786,301.60465033351414,1.0258084699530723,105
11950000,47900.00000792351,-517362.30299138906,297.8329425883043,1.0250246486515928,105
11955000,47920.000007927585,-517600.725873685,301.50948436958214,1.026311541417365,105
11960000,47940.00000793166,-517391.61920133955,300.1302094204654,1.0212054039589964,105
11965000,47960.000007935734,-517807.10051818006,299.32879878240294,1.0260289096236195,105
11970000,47980.00000793981,-517670.3779202034,300.38390135715304,1.0305930240758638,105
11975000,48000.00000794388,-516598.309592274,300.06823031844016,1.0283549133327463,105
11980000,48020.00000794796,-516195.7592026247,301.51220080334286,1.0278122335917372,105
11985000,48040.00000795203,-515647.073464324,302.0223561031814,1.0237992412509371,105
11990000,48060.00000795611,-517428.4067880381,302.4811950972326,1.027313457511243,105
11995000,48080.00000796018,-516524.0595513622,302.98680343195167,1.0269509749614762,105
12000000,48100.000007964256,-517234.3768417479,300.84689272880723,1.0278555423555316,105
12005000,48120.00000796833,-516001.54928835784,300.3987517317216,1.024035051830931,105
12010000,48140.000007972405,-517924.77395498217,300.82153248668004,1.0285668351206803,105
12015000,48160.00000797648,-515772.7361850799,300.8999122086426,1.028554895541343,105
12020000,48180.000007980554,-516420.3849699616,304.5497250416607,1.0250318400898846,105
12025000,48200.00000798463,-516605.64180690073,302.30506649163146,1.0271518731864453,105
12030000,48220.0000079887,-517169.2275267944,299.88681713285064,1.028419386465376,105
12035000,48240.00000799278,-517732.91811968735,302.7681941374946,1.0273267780954318,105
12040000,48260.00000799685,-516547.6009160166,301.3203524753121,1.030722693511132,105
12045000,48280.00000800093,-517119.8156990933,300.6926565857492,1.0270702673579926,105
12050000,48300.000008005,-516456.1747677198,300.5390251975581,1.0217747081772044,105
12055000,48320.000008009076,-517211.5514467929,300.4764239854081,1.0269564115604688,105
12060000,48340.00000801315,-517734.1600394184,302.7603182324827,1.0314194720815342,105
12065000,48360.000008017225,-516837.18018257176,299.49139218766527,1.024163488299969,105
12070000,48380.0000080213,-516374.7966352161,301.3896042164824,1.024259589031673,105
12075000,48400.000008025374,-519203.2021251153,301.12691291680693,1.0285691693848982,105
12080000,48420.00000802945,-517038.3784208386,300.77359547423424,1.0233197558928366,105
12085000,48440.00000803352,-516335.28841047524,302.98346637090617,1.0267813879379195,105
12090000,48460.0000080376,-517233.09209392895,301.4866843376676,1.0259786415788004,105
12095000,48480.00000804167,-516277.55615512095,301.23650601675047,1.0258988113619814,105
12100000,48500.00000804575,-517277.5875687436,301.4272413219374,1.027006774572283,105
12105000,48520.00000804982,-517407.49034609133,298.32246530180635,1.0274353130831446,105
12110000,48540.000008053896,-516921.9782255108,302.24074310934805,1.025906698851405,105
12115000,48560.00000805797,-516516.2269922965,301.3918944483708,1.0279363635031744,105
12120000,48580.000008062045,-517823.6082356367,299.74444272590154,1.0291053782849884,105
12125000,48600.00000806612,-516919.8944325063,303.5850246117326,1.0231201038689768,105
12130000,48620.000008070194,-516630.3643852803,301.50601309150096,1.0292519800154587,105
12135000,48640.00000807427,-517755.0419052264,301.4258704398509,1.0266458026189802,105
12140000,48660.00000807834,-516691.23653757153,300.83853531737805,1.0270476498666816,105
12145000,48680.00000808242,-517129.2805427336,303.38679670351314,1.0281925842142068,105
12150000,48700.00000808649,-516245.1981865142,300.56075551577004,1.0300103431442496,105
12155000,48720.00000809057,-515927.86841691216,297.89753896868507,1.0279234021533648,105
12160000,48740.00000809464,-516567.4967200593,300.77874896683807,1.0269129381457038,105
12165000,48760.000008098716,-516860.446633355,301.2579946988203,1.025358755842924,105
12170000,48780.00000810279,-515362.2250266997,300.84910188548355,1.025344646774299,105
12175000,48800.000008106865,-516588.32274041953,301.45619780598656,1.0258542906035326,105
12180000,48820.00000811094,-515792.17047408596,300.69573495169965,1.0300436949112908,105
12185000,48840.000008115014,-516434.56246562046,299.32022934229946,1.028731731086017,105
12190000,48860.00000811909,-516791.93275933224,303.69129418568616,1.0231490304673443,105
12195000,48880.00000812316,-516262.5625928601,299.87303584878003,1.026130093092801,105
12200000,48900.00000812724,-516827.8507615805,302.78366352792835,1.0260968728785342,105
12205000,48920.00000813131,-517075.71949843015,301.3958541828727,1.0244525499373374,105
12210000,48940.00000813539,-517862.630284199,300.24409692766363,1.0294395207249893,105
12215000,48960.00000813946,-517199.53337199497,297.8299151206014,1.025544487074466,105
12220000,48980.000008143536,-517953.2338443645,301.10834825942476,1.02928262634501,105
12225000,49000.00000814761,-517593.83718975773,299.28125094183025,1.0279067420550978,105
12230000,49020.000008151685,-518199.38872509054,302.31814715569527,1.0302550161730568,105
12235000,49040.00000815576,-517557.0478891337,300.38648059208685,1.0257418525109274,105
12240000,49060.000008159834,-517111.18155998713,300.07402201010007,1.0236711452826255,105
12245000,49080.00000816391,-516109.64996651,302.66127062934225,1.0249470633809628,105
12250000,49100.00000816798,-516710.71572920796,300.36141139386075,1.0244926382200608,105
12255000,49120.00000817206,-517408.3612251226,300.7922713531294,1.0258770009795,105
12260000,49140.00000817613,-515103.41615189565,300.1378161267665,1.0251874001710581,105
12265000,49160.000008180206,-518276.7016493331,301.46814362232647,1.0283357869511085,105
12270000,49180.00000818428,-516143.57485129917,300.8158431286734,1.0288150442795998,105
12275000,49200.000008188355,-516950.10806428525,302.0369711214235,1.030539841893908,105
12280000,49220.00000819243,-517629.7452126993,302.04207133435597,1.0252763293402485,105
12285000,49240.000008196504,-516774.32025817013,301.1803526834215,1.0234370611129808,105
12290000,49260.00000820058,-517034.45624015643,301.32822603939206,1.0269971134564309,105
12295000,49280.00000820465,-516517.7938998088,300.89546290962903,1.0232327670495622,105
12300000,49300.00000820873,-515308.2736772543,300.22925159326445,1.0196601609561111,105
12305000,49320.0000082128,-518625.81787344185,300.82108903937933,1.0319600846946124,105
12310000,49340.00000821688,-515760.18064699206,299.4297055258148,1.025539364361082,105
12315000,49360.00000822095,-516651.98847988155,299.5096950615335,1.0277311981491555,105
12320000,49380.000008225026,-516800.5354506974,303.10797585377856,1.028267876658968,105
12325000,49400.0000082291,-516669.95930931997,303.67392935255447,1.0287379033786146,105
12330000,49420.000008233175,-517379.2587845437,301.13806502459437,1.0291441982659286,105
12335000,49440.00000823725,-517548.5276681781,302.54463117949655,1.0303565220372455,105
12340000,49460.000008241324,-515642.37135246885,303.6700816780927,1.0291025580434565,105
12345000,49480.0000082454,-516863.09999218304,301.16498426203395,1.0262037065298208,105
12350000,49500.00000824947,-516251.002976245,302.29568093170013,1.0265244904183006,105
12355000,49520.00000825355,-517419.0719937957,299.46299329226514,1.0276349190304621,105
12360000,49540.00000825762,-517395.0021788706,301.854967285034,1.0321527915350426,105
12365000,49560.0000082617,-516304.3410721456,302.68740823287465,1.0278615818377685,105
12370000,49580.00000826577,-516584.250891882,300.7667916280244,1.0261190002644986,105
12375000,49600.000008269846,-517090.64679428283,300.08415524871907,1.0294580968910672,105
12380000,49620.00000827392,-518209.5199690731,300.5861232177743,1.025511384139666,105
12385000,49640.000008277995,-517324.7134931099,301.6725524107408,1.0295598783829032,105
12390000,49660.00000828207,-517318.5593802659,301.86590974462234,1.0293947150744063,105
12395000,49680.000008286144,-517876.7284006993,299.0592169819836,1.0290309940498392,105
12400000,49700.00000829022,-516274.4348584113,302.46862242246726,1.030671178504051,105
12405000,49720.00000829429,-517099.57184508676,301.0469954859491,1.0244725519029205,105
12410000,49740.00000829837,-516112.02139572194,301.7073325390966,1.0248465140752137,105
12415000,49760.00000830244,-517182.31039045425,299.0993548364298,1.0280726380236744,105
12420000,49780.00000830652,-517140.98482650216,302.531380395637,1.0254253719643098,105
12425000,49800.00000831059,-517022.57727452694,301.7509284938,1.0274031461636361,105
12430000,49820.000008314666,-516527.2701379177,301.5992893614625,1.029031332820847,105
12435000,49840.00000831874,-516600.5289337032,301.5638674645446,1.0233366935213501,105
12440000,49860.000008322815,-516751.2448983656,301.18839341486375,1.027339353443385,105
12445000,49880.00000832689,-517380.4459212655,300.4907647207605,1.0247443860250691,105
12450000,49900.000008330964,-516538.1565930566,303.7890296824031,1.024716802240459,105
12455000,49920.00000833504,-516632.8874311056,300.83980931707214,1.03093106944637,105
12460000,49940.00000833911,-517321.5323385962,301.1716991088832,1.030071943340376,105
12465000,49960.00000834319,-516973.67282791017,299.8379758793826,1.027094023718253,105
12470000,49980.00000834726,-517626.259538383,298.95480781853786,1.0297781094862548,105
12475000,50000.00000835134,-517421.172375689,300.9602109414226,1.028903507858473,105
12480000,50020.00000835541,-516981.7440632037,303.5575903848179,1.0253982721223185,105
12485000,50040.000008359486,-517408.2265286229,299.71576547254045,1.027583556520482,105
12490000,50060.00000836356,-515166.1697922896,300.99339413114024,1.0242363672333037,105
12495000,50080.000008367635,-516929.6431249494,303.94742430286504,1.0277958073370879,105
12500000,50100.00000837171,-517073.94283501944,301.8353744063799,1.0311797407277459,105
