#"Step","Time (ps)","Potential Energy (kJ/mole)","Temperature (K)","Density (g/mL)","Speed (ns/day)"
5000,120.00000000005473,-511160.8261013003,302.26706794529105,1.027870288151089,--
10000,140.00000000003652,-510774.19068578444,302.9630119363736,1.0277647321983645,107
15000,159.9999999999899,-510092.8539536379,299.1576633162492,1.0283883158973546,107
20000,179.9999999999433,-510266.6487526018,300.1474807559682,1.0259618015101326,107
25000,199.9999999998967,-510921.6063223814,300.20614765929685,1.0255798423123907,107
30000,219.99999999985008,-511205.48516837484,300.26954992982286,1.026324270114207,107
35000,239.99999999980346,-509875.113796297,300.88670466025553,1.0264070814213127,107
40000,259.99999999978525,-510421.9419912833,300.55702302599127,1.0251092952641838,107
45000,279.99999999988074,-510212.29949861043,302.786096240256,1.0251068374957664,107
50000,299.99999999997624,-510578.2682325295,298.4150989538743,1.025615975141962,107
55000,320.00000000007174,-510237.0726797711,301.0504507882593,1.0269123918051841,107
60000,340.00000000016723,-510992.2723741662,300.84216816725564,1.0261195544750248,107
65000,360.00000000026273,-511155.6310253553,302.0147362278265,1.0248772088550668,107
70000,380.0000000003582,-512453.9366040386,302.2125381944158,1.0291125194930304,107
75000,400.0000000004537,-510007.91972067836,301.60698715404277,1.024509893850228,107
80000,420.0000000005492,-510161.29915322154,301.4195178845218,1.0278919409296392,107
85000,440.0000000006447,-511828.8764210881,301.8457608237234,1.0258534782086288,107
90000,460.0000000007402,-510591.5614376543,301.6219181459014,1.0255123932466794,107
95000,480.0000000008357,-509883.11072379886,301.54479310677567,1.0214862408557173,107
100000,500.0000000009312,-510017.4139912999,301.5925787944249,1.0230554733873656,107
105000,520.0000000010267,-510699.85255626077,297.87612938781314,1.0235756981043242,107
110000,540.0000000011222,-510830.57210183865,298.01295669329573,1.0265947884070252,107
115000,560.0000000012177,-511546.51739606145,299.80692115074294,1.0283842373476166,107
120000,580.0000000013132,-511480.56708791363,300.67944449559644,1.0314962546905084,107
125000,600.0000000014087,-511338.61586310924,299.12254217923635,1.02840334078603,107
130000,620.0000000015042,-510969.2358088463,303.06414712858015,1.026481353127124,107
135000,640.0000000015997,-511420.772598136,300.06564330197574,1.026147028020553,107
140000,660.0000000016952,-512287.29938620934,302.08583787119704,1.030978057345481,107
145000,680.0000000017907,-511475.5839480758,303.072290095311,1.0267698303589592,107
150000,700.0000000018862,-510899.1189571477,301.09827141012255,1.0242589842002856,107
155000,720.0000000019817,-511867.62890798645,298.7151547981508,1.0270264556053503,107
160000,740.0000000020772,-510502.02996813226,298.66549551405996,1.0248425279776399,107
165000,760.0000000021727,-510842.13684920967,300.4066217545021,1.0227648664407705,107
170000,780.0000000022682,-509271.98514683195,300.8179996517804,1.0226393917394794,107
175000,800.0000000023637,-510519.3989569377,300.214783672786,1.0280120429827235,107
180000,820.0000000024592,-511017.8404938115,302.06700175348726,1.0241401808439667,107
185000,840.0000000025547,-510544.0619456151,303.6523590009923,1.0282924689910262,107
190000,860.0000000026502,-510973.42492769705,299.88573447305237,1.0295526139415327,107
195000,880.0000000027457,-510138.9894820615,300.8140713043007,1.0252008835542583,107
200000,900.0000000028411,-510805.5395336086,300.1836404135292,1.0279535137153584,107
205000,920.0000000029366,-510470.1786129114,299.5771156198197,1.0277523323252393,107
210000,940.0000000030321,-511402.0713404862,300.9930801839079,1.030594119839749,107
215000,960.0000000031276,-511907.76381758205,300.9552534195385,1.0273914281420053,107
220000,980.0000000032231,-510127.0745310399,301.1641343948808,1.02438141296497,107
225000,1000.0000000033186,-510297.02223197627,301.5348490845912,1.0211985975771039,107
230000,1020.0000000034141,-510086.1759461479,300.82160855011864,1.020457439596039,107
235000,1040.0000000030548,-512228.6012490548,303.2413887359704,1.0284185175393625,107
240000,1060.0000000025818,-511536.0777819727,303.8184548830579,1.0311213255358895,107
245000,1080.000000002109,-509848.2008188267,299.657916106307,1.0253313047065922,107
250000,1100.000000001636,-510624.195017925,300.8942533651712,1.0256007602079176,107
255000,1120.000000001163,-512516.94039716874,300.55092710960946,1.0307944349131022,107
260000,1140.00000000069,-511079.3732282573,301.199922706293,1.0255181396144604,107
265000,1160.0000000002171,-511514.1694926985,301.5284053235692,1.0258145909726106,107
270000,1179.9999999997442,-511452.6908673893,297.19249186623745,1.026877737678542,107
275000,1199.9999999992713,-511269.42176889745,300.7200433961947,1.0238409736961733,107
280000,1219.9999999987983,-510782.1156595333,300.9930582598103,1.0232725756239358,107
285000,1239.9999999983254,-509957.9452248737,301.52877459886395,1.0220718044047583,107
290000,1259.9999999978525,-510476.3890572316,299.0838304604429,1.0259048494191259,107
295000,1279.9999999973795,-510335.687991173,301.57851442886545,1.024149501324863,107
300000,1299.9999999969066,-510762.859842255,300.4653007917795,1.0273433580236184,107
305000,1319.9999999964336,-511275.7746800983,300.919527443387,1.026214843423088,107
310000,1339.9999999959607,-510708.9833696538,303.0743616513097,1.0282508621281359,107
315000,1359.9999999954878,-509784.6559418349,301.9093570120846,1.0303755616928925,107
320000,1379.9999999950148,-509725.9926441384,298.9450132664939,1.0232056068177262,107
325000,1399.999999994542,-509781.6292197618,302.4543215227281,1.0272524773713574,107
330000,1419.999999994069,-511589.39486860763,298.3539774749216,1.029411085642155,107
335000,1439.999999993596,-511212.3684911567,301.09558450636433,1.0280763232287609,107
340000,1459.999999993123,-510660.3123980372,301.8077968702922,1.0276404364844791,107
345000,1479.9999999926501,-511131.4961537528,301.1993880412607,1.0269506611042072,107
350000,1499.9999999921772,-510889.3350961739,301.8157368866715,1.0238632770531908,107
355000,1519.9999999917043,-510359.47596483026,300.28213882183474,1.0251327070764473,107
360000,1539.9999999912313,-510608.8500490284,301.97203386652325,1.0271193998089296,107
365000,1559.9999999907584,-511466.26303067454,300.63833259165443,1.0272351122132641,107
370000,1579.9999999902855,-510972.9219012379,302.8823314069985,1.025551262249044,107
375000,1599.9999999898125,-510502.8214830605,301.66224046943495,1.026048505708448,107
380000,1619.9999999893396,-512033.78159282217,298.90264925307054,1.0299783106256275,107
385000,1639.9999999888666,-512237.6690505764,301.0579781003997,1.0288315922979825,107
390000,1659.9999999883937,-510948.15126398206,301.04682093274187,1.0298326286611512,107
395000,1679.9999999879208,-511204.7328313377,301.9350241522838,1.0253862564119074,107
400000,1699.9999999874478,-511483.0418983826,302.27706432971223,1.0296391774592915,107
405000,1719.999999986975,-511580.51713788905,302.6382380887006,1.0248305524196992,107
410000,1739.999999986502,-510835.0361146638,303.48337752783266,1.029076298420849,107
415000,1759.999999986029,-512183.11939176964,300.63710897460106,1.0291316430948512,107
420000,1779.999999985556,-510272.67529408843,301.37026187583484,1.0235824763559538,107
425000,1799.9999999850832,-511251.59568634443,300.5256516054916,1.0263342390959076,107
430000,1819.9999999846102,-510902.25668734265,301.076964250238,1.0252080098076877,107
435000,1839.9999999841373,-511719.008522294,301.30364515038315,1.0267884843876034,107
440000,1859.9999999836643,-511879.4372287509,299.4579192478277,1.0274913529575553,107
445000,1879.9999999831914,-512023.57847324153,302.9630296481117,1.0276108294967814,107
450000,1899.9999999827185,-510934.9931075617,304.21690348239554,1.026758960478946,107
455000,1919.9999999822455,-511273.00968792127,299.4036571103594,1.0273855590132688,107
460000,1939.9999999817726,-511466.61523942277,303.4575628479344,1.0240843709260916,107
465000,1959.9999999812997,-510454.8065342242,304.0001798024155,1.026691487404709,107
470000,1979.9999999808267,-510065.551147179,302.6792286636423,1.0297778586734105,107
475000,1999.9999999803538,-510470.904843603,300.14102789264575,1.0213514939935113,107
480000,2019.9999999798808,-511838.04632787686,302.6434399999912,1.029571450217208,107
485000,2039.999999979408,-509554.8229380271,302.1425130057973,1.0274371430044544,107
490000,2059.999999978935,-510192.62223995826,299.71336214664433,1.0245354922981575,107
495000,2079.9999999784623,-509957.5260530438,302.9846671793777,1.023997098178471,107
500000,2099.9999999779893,-510860.3770406768,299.22281917521497,1.0230360040778406,107
505000,2119.9999999775164,-511561.6728983142,298.290698539927,1.0277728219962896,107
510000,2139.9999999770434,-511037.6189082505,301.256516857385,1.0263765089396477,107
515000,2159.9999999765705,-510832.97921029734,300.89811028505426,1.028377199288472,107
520000,2179.9999999760976,-511152.93610312487,301.18614004990934,1.0264843538895276,107
525000,2199.9999999756246,-510414.19977430045,300.28914798168785,1.0251544730422208,107
530000,2219.9999999751517,-510893.2701829476,298.8927973623134,1.0236686391462428,107
535000,2239.9999999746788,-509280.2134370315,302.3782267656544,1.0243442754936196,107
540000,2259.999999974206,-510674.7614089742,300.57512481392916,1.0257159775078577,107
545000,2279.999999973733,-511042.92202880094,302.0364961351696,1.0284981865449774,107
550000,2299.99999997326,-511199.5148142192,301.2635100590658,1.0276593984045654,107
555000,2319.999999972787,-509954.9821092533,302.3909651816426,1.0264108617745848,107
560000,2339.999999972314,-511122.9074334041,301.16991320010067,1.026699647666535,107
565000,2359.999999971841,-510675.62298933207,303.31010568935005,1.0245774371934802,107
570000,2379.999999971368,-510529.9843668202,299.8941739742434,1.026403663277242,107
575000,2399.9999999708953,-510631.1917216126,300.76297460747014,1.0264739148873328,107
580000,2419.9999999704223,-510731.0999758211,300.01014109918026,1.0299435299915294,107
585000,2439.9999999699494,-511704.75419690204,302.70822369359837,1.0318415963477316,107
590000,2459.9999999694764,-511523.4056919478,300.54881976168775,1.0268941568251713,107
595000,2479.9999999690035,-511382.15301536047,300.95037046497356,1.028168536258065,107
600000,2499.9999999685306,-510311.5512927654,299.571860148817,1.0304704265375242,107
605000,2519.9999999680576,-510378.3646050708,298.072013572894,1.026118537464249,107
610000,2539.9999999675847,-511729.85001921305,301.00332919172797,1.0259657792518577,107
615000,2559.9999999671118,-511321.74429028225,302.20688546774915,1.024826305692718,107
620000,2579.999999966639,-512675.1920251942,300.4617030776156,1.0308106954528935,107
625000,2599.999999966166,-510717.5176865845,299.61090151289255,1.0283536492728915,107
630000,2619.999999965693,-510992.5783276281,299.19997026632467,1.0296106068547073,107
635000,2639.99999996522,-511401.92363393283,300.5395948805748,1.024680120466372,107
640000,2659.999999964747,-510573.8009403364,301.2436033109362,1.0254139255639234,107
645000,2679.999999964274,-511961.99015840655,300.00103630263004,1.0266730026146986,107
650000,2699.999999963801,-512587.11410536943,297.9954331267454,1.024962229788676,106
655000,2719.9999999633283,-510953.00642592506,302.94089507228824,1.0288378202944086,106
660000,2739.9999999628553,-510981.38705132646,301.4695695102344,1.0271843938330463,106
665000,2759.9999999623824,-510732.28133687447,301.402508711207,1.0303428211493875,106
670000,2779.9999999619095,-510492.7555242169,300.0583092226329,1.0274185839879353,106
675000,2799.9999999614365,-511750.2303261149,299.4479149924631,1.0280403328255356,106
680000,2819.9999999609636,-510063.89796169125,300.5776130421399,1.025085027992901,106
685000,2839.9999999604906,-510881.8895346618,300.97965046976867,1.027682382092288,106
690000,2859.9999999600177,-510988.9855312526,303.8827854248061,1.0277666597254786,106
695000,2879.9999999595448,-512122.9361657866,301.4723078334242,1.0268916072666048,106
700000,2899.999999959072,-512741.9949176237,303.741359629253,1.0294297097043752,106
705000,2919.999999958599,-511113.87619930645,303.85508918474414,1.0269711308158171,106
710000,2939.999999958126,-511352.24064060254,300.30260334357297,1.029074264282828,106
715000,2959.999999957653,-510086.25643921364,299.03401481754173,1.0271661159929322,106
720000,2979.99999995718,-511140.99530834705,300.09143488004065,1.0315055083512992,106
725000,2999.999999956707,-511275.0025718899,301.71738734809054,1.0307995281643088,106
730000,3019.999999956234,-511783.74555430445,300.0197991075654,1.027067027310077,106
735000,3039.9999999557613,-510293.39618555433,300.4730693587362,1.0258922375063129,106
740000,3059.9999999552883,-511576.0301260222,304.2120011936295,1.0235859782374803,106
745000,3079.9999999548154,-512056.01067659515,301.06960625254584,1.0286069802107902,106
750000,3099.9999999543425,-510430.4542452488,298.5483812453436,1.0245594329171754,106
755000,3119.9999999538695,-511144.3307059794,301.4029923617096,1.029398549909196,106
760000,3139.9999999533966,-510329.3220626032,300.6195241401845,1.027190876004201,106
765000,3159.9999999529236,-510951.2674122383,301.24622775611556,1.022879952360451,106
770000,3179.9999999524507,-511563.80042891554,300.1668086846881,1.0267316580156347,106
775000,3199.9999999519778,-511068.5447009506,303.1117666198644,1.0243509817777714,106
780000,3219.999999951505,-510442.0488544663,303.0086174036663,1.0269836145168514,106
785000,3239.999999951032,-511677.11615594034,300.6426292273154,1.024260618293834,106
790000,3259.999999950559,-512105.895138439,303.0732884371742,1.0272341076774738,106
795000,3279.999999950086,-510047.3882019883,304.8208204925518,1.0221332843783126,106
800000,3299.999999949613,-510080.690891878,301.91696850831295,1.02287518323841,106
805000,3319.99999994914,-511391.0310791312,300.96589293618814,1.0289113873805829,106
810000,3339.999999948667,-511041.6861297083,300.17210306182164,1.027116547274778,106
815000,3359.9999999481943,-511188.61627870146,301.9261275298166,1.0313092062422125,106
820000,3379.9999999477213,-510923.95912000025,300.37329886043415,1.0262047877513505,106
825000,3399.9999999472484,-510894.720951424,301.5692562120595,1.029866478117986,106
830000,3419.9999999467755,-511092.86472764984,299.56912255436373,1.0263561384269664,106
835000,3439.9999999463025,-509797.5347097935,301.5349863933942,1.0242148511784668,106
840000,3459.9999999458296,-510364.2306764242,300.06304018589833,1.0257015648788728,106
845000,3479.9999999453566,-511105.22053257236,301.5938643665348,1.0286697461262038,106
850000,3499.9999999448837,-510320.1748110149,300.8142510059518,1.024404915543684,106
855000,3519.999999944411,-511827.65393908555,302.23387523198096,1.0241736654007507,106
860000,3539.999999943938,-511531.3253082135,301.19617034921924,1.0274906275901043,106
865000,3559.999999943465,-511399.6132063307,299.76368785564426,1.0294059732682692,106
870000,3579.999999942992,-511371.30811425485,299.3623526490112,1.0293893738170834,106
875000,3599.999999942519,-511816.05542979133,301.12808248085435,1.02919671596243,106
880000,3619.999999942046,-511049.5357065436,301.4062797179002,1.0264564887027132,106
885000,3639.999999941573,-511026.8469336773,299.64232028783465,1.0253260092676222,106
890000,3659.9999999411,-511789.4749365214,300.1645875838184,1.0296852981561335,106
895000,3679.9999999406273,-510329.3862146861,304.5855512016971,1.0245018532667618,106
900000,3699.9999999401543,-510206.8103690271,300.649391441988,1.0240634257666996,106
905000,3719.9999999396814,-511721.87953241775,297.4808959355677,1.026856177579388,106
910000,3739.9999999392085,-510441.15290587465,301.98216281373027,1.0269394811442734,106
915000,3759.9999999387355,-510723.90960444044,301.26360849407035,1.0281113890996905,106
920000,3779.9999999382626,-510523.91820382,301.6895883931611,1.0242754840464092,106
925000,3799.9999999377897,-511489.8656240925,302.9494041546252,1.0237733001132872,106
930000,3819.9999999373167,-511220.52491100156,303.6897242731957,1.025083289136022,106
935000,3839.999999936844,-509943.83053022926,301.75225005253463,1.0248565757372192,106
940000,3859.999999936371,-511190.4265340939,300.83179744177653,1.0232155320666885,106
945000,3879.999999935898,-511499.2092047648,301.177182411549,1.0262157586747236,106
950000,3899.999999935425,-509953.21943482757,301.6446283273796,1.022621464670144,106
955000,3919.999999934952,-510809.90895324503,300.16563416904836,1.027289663259522,106
960000,3939.999999934479,-511801.96575020277,301.61568499597035,1.0266930436810993,106
965000,3959.999999934006,-511523.5494250222,298.23780827741393,1.030368416263849,106
970000,3979.999999933533,-512264.16717646364,300.87410638612266,1.028874713070434,106
975000,3999.9999999330603,-510993.84602760454,300.7003756084733,1.0285397210864407,106
980000,4019.9999999325873,-509683.97724945354,301.3036813215802,1.0281229648005998,106
985000,4039.9999999321144,-511176.9469510126,301.8552135542041,1.0275921910994636,106
990000,4059.9999999316415,-510723.46205563727,300.248804130309,1.025257519165478,106
995000,4079.9999999311685,-511200.0061086423,301.62640091434764,1.027577047430181,106
1000000,4099.999999930696,-511853.8331652016,299.0353401190511,1.0270399547066644,106
1005000,4119.999999930223,-511401.7596643155,299.9473439962785,1.0305548696188453,106
1010000,4139.99999992975,-510668.21967175324,300.9467230940081,1.0223162927713243,106
1015000,4159.999999929277,-511955.7184907999,303.1617799572201,1.0246039151376214,106
1020000,4179.999999928804,-510589.0107664501,302.97558546759933,1.022505115966098,106
1025000,4199.999999928331,-511860.36156807584,302.1483274542491,1.0280100097559395,106
1030000,4219.999999927858,-511363.5660700698,301.2513736523518,1.0271618869032837,106
1035000,4239.999999927385,-511513.811593988,301.54525423368415,1.0276884771655186,106
1040000,4259.999999926912,-511471.2050604813,302.4267331425423,1.0270165316638644,106
1045000,4279.999999926439,-511347.8591440148,302.24522766044015,1.027888323055463,106
1050000,4299.999999925966,-510849.8758179224,303.3040975067935,1.0273737747679617,106
1055000,4319.999999925493,-510218.3456739001,301.5304110851484,1.0249737116720437,106
1060000,4339.99999992502,-511607.9852712713,301.16305023042355,1.0287349207650902,106
1065000,4359.999999924547,-511841.1950687645,299.0010922656358,1.0268599362382695,106
1070000,4379.9999999240745,-510640.9821748268,301.9326828917007,1.0290815504465656,106
1075000,4399.9999999236015,-511925.9556842204,302.9866905307492,1.0252236444629503,106
1080000,4419.999999923129,-511280.6177794584,302.38501230304627,1.029657001859987,106
1085000,4439.999999922656,-511600.4686308587,303.0816457902869,1.0259387723273092,106
1090000,4459.999999922183,-510921.1434386729,301.4897403626455,1.0255724575219196,106
1095000,4479.99999992171,-511771.49743968435,301.9913649589139,1.0265236612131663,106
1100000,4499.999999921237,-511481.9541726331,299.7833697646838,1.027414861937684,106
1105000,4519.999999920764,-511097.31462750956,297.62631901546484,1.0324664763340001,106
1110000,4539.999999920291,-511514.25810433435,300.63123641898306,1.0264278653686665,106
1115000,4559.999999919818,-510076.7493903865,301.08566885309756,1.0233543792137056,106
1120000,4579.999999919345,-511416.32358169137,300.2664588722418,1.0279818408970192,106
1125000,4599.999999918872,-511962.78006597934,301.1179633120611,1.0315243411970163,106
1130000,4619.999999918399,-510887.12248467444,302.53717843565533,1.0279886633317235,106
1135000,4639.999999917926,-510961.1233732032,300.5485399829664,1.0295496614318764,106
1140000,4659.999999917453,-511101.6829687541,300.8868835168461,1.0247894517853473,106
1145000,4679.99999991698,-511491.87079324364,301.6178888944156,1.0276006995285871,106
1150000,4699.9999999165075,-511394.47931608325,299.05798726959495,1.026641537059441,106
1155000,4719.9999999160345,-511489.3246588297,300.406944577035,1.0257286940737351,106
1160000,4739.999999915562,-510131.9800815277,299.97377370606665,1.0251405738115171,106
1165000,4759.999999915089,-512632.12403899967,299.90608838696835,1.026250342892364,106
1170000,4779.999999914616,-511481.19589283154,302.83439471415414,1.0269815474709187,106
1175000,4799.999999914143,-511015.35539893876,302.11125319334644,1.0233266238624585,106
1180000,4819.99999991367,-511868.38601042423,299.9947363996792,1.0309885846283349,106
1185000,4839.999999913197,-513067.9201894519,302.6944230999135,1.0330871101994212,106
1190000,4859.999999912724,-510545.9270299522,300.62326349332176,1.0239711554272268,106
1195000,4879.999999912251,-510774.140485835,299.457325825533,1.0269899458711873,106
1200000,4899.999999911778,-510977.5661022051,301.5774933436136,1.0273270703628201,106
1205000,4919.999999911305,-511023.7922861173,300.08861381861635,1.0279570799847213,106
1210000,4939.999999910832,-511196.5623836962,301.5159570684098,1.0283240713926247,106
1215000,4959.999999910359,-510676.1233939708,301.14206453110006,1.0265092423491449,106
1220000,4979.999999909886,-511781.27259292523,298.3694778771752,1.0252742825225807,106
1225000,4999.999999909413,-510552.9784643906,303.780893910099,1.0253096085315234,106
1230000,5019.9999999089405,-510975.7720616278,301.9036980185505,1.0270693892448177,106
1235000,5039.9999999084675,-511901.44463728694,300.3181518112793,1.0261938955290897,106
1240000,5059.999999907995,-511765.27428386593,297.22409550238467,1.0287092087556913,106
1245000,5079.999999907522,-510799.3387089281,300.9306215106382,1.0258545121989253,106
1250000,5099.999999907049,-511394.42939595063,301.58036307089674,1.0291657134276937,106
1255000,5119.999999906576,-510324.78128626454,301.08078155370544,1.0243590525024726,106
1260000,5139.999999906103,-511444.3448136558,302.4146643364807,1.026939373937244,106
1265000,5159.99999990563,-511224.8800254895,300.55374881459505,1.0275516210169908,106
1270000,5179.999999905157,-510551.488829884,299.2663528196727,1.0293943037786524,106
1275000,5199.999999904684,-511312.53568319976,298.99163040470984,1.025053758056352,106
1280000,5219.999999904211,-510503.63515105867,298.50115009963616,1.024255574459653,106
1285000,5239.999999903738,-512052.1056762517,300.0121585477,1.0306297175040942,106
1290000,5259.999999903265,-510935.0357886525,302.99655041801464,1.0322643864490824,106
1295000,5279.999999902792,-510882.2830783536,300.26810402336775,1.027721040654039,106
1300000,5299.999999902319,-511152.24223801796,302.54175893456176,1.029453510836671,106
1305000,5319.999999901846,-510086.0352575239,301.23192869669253,1.0248115274809593,106
1310000,5339.9999999013735,-509774.5915075317,299.82252015577336,1.025060173843711,106
1315000,5359.999999900901,-509998.90777527774,299.7277770023535,1.0260013584698164,106
1320000,5379.999999900428,-511355.2112830281,302.74873187043386,1.0264002133103238,106
1325000,5399.999999899955,-511361.6808903441,299.1154380059223,1.027593926053444,106
1330000,5419.999999899482,-511780.27080016513,300.5570269022993,1.030576611643989,106
1335000,5439.999999899009,-511016.93263309705,302.41187773706304,1.0270165893431635,106
1340000,5459.999999898536,-510522.39133338747,299.5662040244695,1.0260052484122557,106
1345000,5479.999999898063,-511097.01308078854,300.88084095317646,1.0265234034967066,106
1350000,5499.99999989759,-509942.009332635,304.6576243053731,1.0241354012125485,106
1355000,5519.999999897117,-511681.1356035399,299.33676731011224,1.0250657930850775,106
1360000,5539.999999896644,-509704.52697982616,300.75004068916047,1.0240463790143468,106
1365000,5559.999999896171,-510142.709645852,300.6727332478294,1.024704947567522,106
1370000,5579.999999895698,-510575.53384188935,300.19792083452245,1.0285871272081653,106
1375000,5599.999999895225,-510731.7467491033,302.4081418198636,1.0268990849867594,106
1380000,5619.999999894752,-510480.88156911964,301.14944028677604,1.0256818974200612,106
1385000,5639.999999894279,-512726.5634523104,301.0730875367991,1.0301980971246691,106
1390000,5659.9999998938065,-510578.41843296285,301.3393309333481,1.026592018521089,106
1395000,5679.999999893334,-510982.73086858843,301.1875209682855,1.0300968210315262,106
1400000,5699.999999892861,-511351.6888310923,301.11770729326247,1.0241145097228241,106
1405000,5719.999999892388,-510614.53159004496,299.8802395675493,1.0241689446878754,106
1410000,5739.999999891915,-511212.1590598903,300.9469821323489,1.0248431445109252,106
1415000,5759.999999891442,-511296.6754805832,299.44212957785277,1.0242223358936022,106
1420000,5779.999999890969,-511650.23245941545,302.7452666520973,1.02847013587577,106
1425000,5799.999999890496,-510864.8097906129,299.7860672962838,1.0286862201921112,106
1430000,5819.999999890023,-510511.8036789824,299.0324142147312,1.0282075990757824,106
1435000,5839.99999988955,-510186.5915336779,300.1927280665504,1.0256483387904467,106
1440000,5859.999999889077,-510754.0156082555,300.9480771816406,1.028211097583459,106
1445000,5879.999999888604,-509933.90463393717,303.02458173708374,1.0235837564037578,106
1450000,5899.999999888131,-510781.1513914149,303.5861035116709,1.0263906130252374,106
1455000,5919.999999887658,-510915.76760471077,301.92580357138183,1.0273784734083833,106
1460000,5939.999999887185,-511536.04319887655,298.53011956841107,1.027112519514895,106
1465000,5959.999999886712,-511329.38085976685,300.54014065823867,1.02815721839751,106
1470000,5979.9999998862395,-511698.98095648177,302.8045915610788,1.0310497582323999,106
1475000,5999.999999885767,-510203.33913987316,300.1824715437625,1.0242486250751826,106
1480000,6019.999999885294,-510361.1759402596,299.71616836977336,1.0251833503104237,106
1485000,6039.999999884821,-510343.62692482094,300.61720349669446,1.0251317152999178,106
1490000,6059.999999884348,-510613.90769356163,299.06536125442915,1.0223788049677625,106
1495000,6079.999999883875,-511435.34376741014,303.36439410609034,1.0256635936895593,106
1500000,6099.999999883402,-511225.9417697955,300.0129388719987,1.0260902409338268,106
1505000,6119.999999882929,-510831.4915322664,301.5988651967863,1.023690052955378,106
1510000,6139.999999882456,-509969.7302011517,299.7961080665439,1.0268052006116197,106
1515000,6159.999999881983,-510448.8024318055,300.48996387280835,1.0225789232663207,106
1520000,6179.99999988151,-511150.75457280874,303.62650577818397,1.0262459634560235,106
1525000,6199.999999881037,-510331.49958329555,300.29797388092805,1.0302799878181748,106
1530000,6219.999999880564,-510753.0711569111,299.75280118640404,1.0266825753387496,106
1535000,6239.999999880091,-511257.6989759323,303.23787806591946,1.026667224609494,106
1540000,6259.999999879618,-511704.150887416,303.90011949773094,1.0266531081791617,106
1545000,6279.999999879145,-511305.03831301397,301.7247557814357,1.0312959737896095,106
1550000,6299.9999998786725,-510923.49999051145,301.9045317901635,1.0240960877863525,106
1555000,6319.9999998782,-511394.09630285436,300.79834581021436,1.0272351329010212,106
1560000,6339.999999877727,-512068.51718118764,302.75491899123034,1.0298935695125044,106
1565000,6359.999999877254,-511833.78532721545,302.9764440111848,1.0266775645589168,106
1570000,6379.999999876781,-511160.10904404894,300.5970687372637,1.0274150649429257,106
1575000,6399.999999876308,-511533.9586011318,302.7478072733181,1.0265165011433979,106
1580000,6419.999999875835,-511249.7134420627,300.58287667646886,1.0256179511987094,106
1585000,6439.999999875362,-510464.026444247,300.05166042461315,1.0230050548102059,106
1590000,6459.999999874889,-511466.8289018867,300.5291851987859,1.0283447383065225,106
1595000,6479.999999874416,-512135.20329556405,300.4527293329763,1.0273274867221605,106
1600000,6499.999999873943,-510235.6706956818,300.7753042769809,1.0250893147040958,106
1605000,6519.99999987347,-510591.9279229592,300.80734126566364,1.024933163454366,106
1610000,6539.999999872997,-511363.106108672,301.15621296350236,1.0292167206849347,106
1615000,6559.999999872524,-510956.70351755386,302.2008068546969,1.0255265282380703,106
1565000,6359.999999877254,-511013.2422939979,303.0922555147658,1.0272653165870909,--
1570000,6379.999999876781,-511681.6216893492,303.28989541811393,1.0259284340714863,110
1575000,6399.999999876308,-511069.29871424264,300.52575631528026,1.0310359449577664,110
1580000,6419.999999875835,-510033.0105608145,302.25090330917493,1.028628721531117,110
1585000,6439.999999875362,-511362.71876080567,298.79410079734583,1.0279624217573649,110
1590000,6459.999999874889,-509964.4952432546,302.90956684224363,1.0244043168096424,110
1595000,6479.999999874416,-510938.49532193015,302.18656307586303,1.0249652795031459,109
1600000,6499.999999873943,-509713.0887340624,300.67293106109054,1.0249452774931578,109
1605000,6519.99999987347,-512165.4581115155,299.4095862476102,1.0277169844027239,109
1610000,6539.999999872997,-511473.5051715551,300.0670154898737,1.0270520116562352,109
1615000,6559.999999872524,-511251.08409213414,301.8917845029276,1.0267040945850066,109
1620000,6579.999999872051,-511693.98507209984,300.76723531304975,1.028738995109426,109
1625000,6599.999999871578,-510651.236013548,301.8136251080861,1.0292495087128215,109
1630000,6619.9999998711055,-512345.42350351624,298.53587961285945,1.0314275666662165,109
1635000,6639.999999870633,-509907.1930884544,299.1537112241057,1.0256094255137889,109
1640000,6659.99999987016,-511060.8217678468,301.4149316482747,1.0271141254978555,109
1645000,6679.999999869687,-511569.27453816775,299.56092520140436,1.0232489655624286,109
1650000,6699.999999869214,-510733.53426047345,301.0459428333035,1.0303025820948652,109
1655000,6719.999999868741,-510814.5706702925,298.8203851036583,1.0275373071917566,109
1660000,6739.999999868268,-510612.74486997793,301.5494681128019,1.0273621215511692,109
1665000,6759.999999867795,-509492.54297084734,301.537050097131,1.0259781955273615,109
1670000,6779.999999867322,-510998.91322634043,299.7473575969029,1.0269920643177564,109
1675000,6799.999999866849,-510644.17910794984,303.9818576855081,1.0275033822713093,109
1680000,6819.999999866376,-511265.98644941556,301.30610628875434,1.0232801507806877,109
1685000,6839.999999865903,-510547.8206482127,302.56616190908755,1.029915965549821,109
1690000,6859.99999986543,-510932.2745167152,299.06682804916574,1.0252075689772315,109
1695000,6879.999999864957,-510462.68812042126,303.7199956538799,1.0276099612609773,109
1700000,6899.999999864484,-511067.59770820173,300.3204605119053,1.0282522153392295,109
1705000,6919.999999864011,-511365.7680029336,301.4376507747608,1.027135857143058,109
1710000,6939.9999998635385,-511542.9660556179,300.21854039204163,1.026332853631979,109
1715000,6959.999999863066,-510862.96826775884,300.8156972048076,1.0238136914330038,109
1720000,6979.999999862593,-512484.7268676772,299.80674281886655,1.0311290475993995,109
1725000,6999.99999986212,-511092.51768090995,298.1524839895122,1.0253222073456107,109
1730000,7019.999999861647,-511305.36484869756,302.06672413389066,1.0286727162703584,109
1735000,7039.999999861174,-511450.9369932357,297.2937683187678,1.0299621442423985,109
1740000,7059.999999860701,-511666.9331879809,297.9390811591297,1.0272113899581412,109
1745000,7079.999999860228,-511226.0707893409,302.2398911330046,1.0257924650851316,109
1750000,7099.999999859755,-511901.0832375451,300.3112674130568,1.027470495303924,109
1755000,7119.999999859282,-510497.2981609083,301.33931768173636,1.025376286352413,109
1760000,7139.999999858809,-510564.2103711753,301.06374630696394,1.0275811686021263,109
1765000,7159.999999858336,-510683.873776041,300.3465537571858,1.02536660571015,109
1770000,7179.999999857863,-511611.70866525895,297.6609247364812,1.0269077533882363,109
1775000,7199.99999985739,-511102.6063519737,299.52440264634055,1.025355477190024,109
1780000,7219.999999856917,-512159.00237963535,301.1376546901417,1.0292534102348547,109
1785000,7239.999999856444,-510902.0153561232,299.57720711170373,1.0249462099578277,109
1790000,7259.9999998559715,-510736.4838761273,300.4223158739623,1.0274922580451926,109
1795000,7279.999999855499,-511013.7643654414,301.7685119170574,1.0282481445577802,109
1800000,7299.999999855026,-511327.75215961435,298.4812621694027,1.02724280885441,109
1805000,7319.999999854553,-511188.97134137433,303.1103315025896,1.0306670131710822,109
1810000,7339.99999985408,-509571.7234369635,299.8896429674192,1.0272336017430987,109
1815000,7359.999999853607,-510176.0860653622,303.40733517930164,1.0245269767103775,109
1820000,7379.999999853134,-510858.1198735123,301.5923891808265,1.0259461144957172,109
1825000,7399.999999852661,-511378.45192846865,299.83174514914657,1.0237409542750415,109
1830000,7419.999999852188,-511457.2554191479,301.1372841431199,1.0283480311850806,109
1835000,7439.999999851715,-511205.35372486943,303.50140438761633,1.0243085674969237,109
1840000,7459.999999851242,-511435.24878825736,302.3505196448152,1.0289111704825924,109
1845000,7479.999999850769,-511270.91689498094,298.1121623780063,1.0290271409505336,109
1850000,7499.999999850296,-510978.3966704451,299.2300460451864,1.0275936554438332,109
1855000,7519.999999849823,-512732.7966095335,300.7035179232844,1.028502902179832,109
1860000,7539.99999984935,-511256.35845170333,301.72443821266666,1.0291809964464946,109
1865000,7559.999999848877,-510661.6086727034,302.85149511228855,1.0257109015791999,109
1870000,7579.9999998484045,-509220.34201765666,302.3199179450832,1.0246160887856732,109
1875000,7599.999999847932,-510764.01761604706,301.5230668550074,1.0233966654346371,109
1880000,7619.999999847459,-510907.01103817136,301.5332697269445,1.024985487167212,109
1885000,7639.999999846986,-510775.1049043294,301.0793795208692,1.027349497382626,109
1890000,7659.999999846513,-511241.49566669064,299.3624037902299,1.0263243906076318,109
1895000,7679.99999984604,-511837.9197176993,304.17533825013277,1.0269098311636855,109
1900000,7699.999999845567,-511338.6917725466,302.84508228430616,1.023637100579846,109
1905000,7719.999999845094,-511026.3544656141,301.4361102667502,1.025167077543979,109
1910000,7739.999999844621,-512104.5732469689,300.0149511382428,1.0304643049088886,109
1915000,7759.999999844148,-511654.9367500092,304.48996878581886,1.0294846557915736,109
1920000,7779.999999843675,-510433.8658120008,301.47460748010593,1.0248530210829259,109
1925000,7799.999999843202,-510066.0851713051,302.8525544999829,1.0255426029225547,109
1930000,7819.999999842729,-510728.26501846267,300.2792055878121,1.0298215695641952,109
1935000,7839.999999842256,-510916.16452083504,300.247113917506,1.025794625702985,109
1940000,7859.999999841783,-510432.05040158937,303.3051701441903,1.0220883048996339,109
1945000,7879.9999998413105,-511585.12500857003,296.894636648795,1.0289814764875895,109
1950000,7899.9999998408375,-511683.0819151171,299.9369644607505,1.029506616151737,109
1955000,7919.999999840365,-511179.7257908615,298.44306323365373,1.0300293403431295,108
1960000,7939.999999839892,-510616.68572589266,299.9207383362595,1.0239629859398658,108
1965000,7959.999999839419,-512446.1378124652,299.5531390769882,1.0278672421971464,108
1970000,7979.999999838946,-511402.5048541294,299.2079408639924,1.0262606679326072,108
1975000,7999.999999838473,-510757.68316352577,300.93845111191433,1.0268138463089729,108
1980000,8019.999999838,-509979.32990903594,302.12285677915827,1.0274955397885888,109
1985000,8039.999999837527,-510723.5694260525,301.45830466301845,1.029498137641303,109
1990000,8059.999999837054,-510189.55345083657,302.3846307850277,1.0277835056435098,108
1995000,8079.999999836581,-509466.81397036114,304.24610859250384,1.027476378679824,108
2000000,8099.999999836108,-512883.67155924253,299.944952336084,1.0284155409265374,108
2005000,8119.999999835635,-510735.21817038464,299.44477300095616,1.022125941461817,108
2010000,8139.999999835162,-510442.9366719108,302.5352697788622,1.029535133879449,108
2015000,8159.999999834689,-511008.87888193433,301.7182161560339,1.0250573694462097,108
2020000,8179.999999834216,-511214.52361004404,302.95133531948176,1.0290318461900594,108
2025000,8199.999999835562,-511033.35452487925,299.30709954101513,1.0264030699805493,108
2030000,8219.999999839636,-511548.0408876082,300.9392249080591,1.026891058120589,108
2035000,8239.99999984371,-511028.94319621194,303.48432625638264,1.028987017067358,108
2040000,8259.999999847785,-511020.5975252944,302.25662599301114,1.0272871527473573,108
2045000,8279.99999985186,-510159.4585110741,298.3562226171627,1.0242260884582912,108
2050000,8299.999999855934,-510178.4090559785,301.5504369545305,1.0250377775980553,108
2055000,8319.999999860009,-509452.29918989656,300.0735213882033,1.0232795436656432,108
2060000,8339.999999864083,-510751.0502339653,300.65860891205904,1.0258744957728403,108
2065000,8359.999999868158,-510361.8032592677,300.25932929824535,1.0253972811336007,108
2070000,8379.999999872232,-510877.41723035695,298.6206559051361,1.0247976068843627,108
2075000,8399.999999876307,-511166.1546398676,299.97704739906845,1.0275796099836834,108
2080000,8419.999999880381,-510899.72405640245,301.76150888523944,1.029505886216117,108
2085000,8439.999999884456,-511316.57287712255,301.0345535198768,1.0306557874963271,108
2090000,8459.99999988853,-510587.8056588615,301.46212605522487,1.0295909485420578,108
2095000,8479.999999892605,-509405.0741595365,297.9799709930722,1.0255875812821469,108
2100000,8499.99999989668,-510268.9179666552,300.80245929367584,1.0255825547986166,108
2105000,8519.999999900754,-511521.42092619184,297.8174282290293,1.0274369736894315,108
2110000,8539.999999904829,-511028.9772592685,300.37813223043867,1.025705146834613,108
2115000,8559.999999908903,-511453.1371291226,298.4383737207333,1.0246721888749428,108
2120000,8579.999999912978,-512660.66552683525,299.206895756648,1.0267571193964846,108
2125000,8599.999999917052,-510430.2666693975,300.71568204151896,1.0263941114120392,108
2130000,8619.999999921127,-511924.23776760837,300.78957970928866,1.02877407004583,108
2135000,8639.999999925201,-510315.8550710429,303.0664655421168,1.0314437210429583,108
2140000,8659.999999929276,-511148.96893736883,299.69608928521296,1.0257660363085053,108
2145000,8679.99999993335,-510897.8446143761,298.8372608849545,1.0244890714915593,108
2150000,8699.999999937425,-511322.94398217346,301.11355642547943,1.0296570443137796,108
2155000,8719.9999999415,-512576.1418701918,302.86671652700954,1.0307404893985883,108
2160000,8739.999999945574,-509630.06697150134,301.7734739139407,1.0272377831985342,108
2165000,8759.999999949649,-511271.68303129775,300.2145701083926,1.0318453767851632,108
2170000,8779.999999953723,-510419.17099098675,301.47967112921236,1.0217681110270505,108
2175000,8799.999999957798,-511669.0517726776,300.72661998445017,1.027163465983325,108
2180000,8819.999999961872,-510139.946758189,300.3602137992811,1.0256402260481348,108
2185000,8839.999999965947,-511643.9891844783,299.24242884627796,1.0314718470363848,108
2190000,8859.999999970021,-510217.1891556359,303.3453493951236,1.0308762303964119,108
2195000,8879.999999974096,-510852.5382862054,299.89777337393804,1.0259985448537772,108
2200000,8899.99999997817,-510888.25931665534,300.65956283662916,1.0338944439211717,108
2205000,8919.999999982245,-511291.20075325225,301.5938906184861,1.0288008572823992,108
2210000,8939.99999998632,-511066.7614729975,302.8547858672245,1.0271961764466688,108
2215000,8959.999999990394,-510967.03555455455,300.5412314849255,1.025582446449338,108
2220000,8979.999999994468,-511054.68162542395,303.1984618038463,1.0263161179949083,108
2225000,8999.999999998543,-511124.76329265535,302.71750412095986,1.0232394543034478,108
2230000,9020.000000002618,-510319.42872353946,300.34144336398134,1.0311745093512812,108
2235000,9040.000000006692,-512187.2573272139,301.17038681409196,1.0312751947399574,108
2240000,9060.000000010767,-511020.8380013637,299.5940767889228,1.0270333368628763,108
2245000,9080.000000014841,-511675.78249904606,300.7609946494331,1.0267461061198369,108
2250000,9100.000000018916,-510292.6631184146,300.9910266905974,1.0274609413783198,108
2255000,9120.00000002299,-511555.47026113956,299.2663969136948,1.0235715816116409,108
2260000,9140.000000027065,-511504.08316297596,300.1877574400582,1.02379713359751,108
2265000,9160.00000003114,-511997.29509635153,300.1314755279677,1.0285004859355724,108
2270000,9180.000000035214,-511253.9682873739,300.9070212460756,1.028282945167128,108
2275000,9200.000000039288,-511742.5576523023,302.6746803864559,1.0279046832208958,108
2280000,9220.000000043363,-511731.89731286396,299.10289859532406,1.0255601199553608,108
2285000,9240.000000047437,-511487.2043879137,301.13391711582165,1.0251318336935857,108
2290000,9260.000000051512,-510795.90419118083,300.96599717264615,1.0257296709465908,108
2295000,9280.000000055586,-510398.0303197813,302.58970120499816,1.024940116422175,108
2300000,9300.000000059661,-510994.5018714124,300.52340168084834,1.023493247223714,108
2305000,9320.000000063736,-511476.7717904032,300.6565618050811,1.0306048223561595,108
2310000,9340.00000006781,-509877.5077121237,301.64210943026853,1.0194949741681076,108
2315000,9360.000000071885,-512142.26628386625,300.82104022129334,1.031894319457147,108
2320000,9380.00000007596,-511079.6823832558,300.5687205489004,1.0295849194253424,108
2325000,9400.000000080034,-510693.66326269717,300.962151895187,1.0262959566088776,108
2330000,9420.000000084108,-512128.44371400704,298.6680458508789,1.0286796020549862,108
2335000,9440.000000088183,-511965.3746610738,299.13757394509076,1.0295563457758403,108
2340000,9460.000000092257,-511623.4048604651,299.8846949512185,1.0301131226261695,108
2345000,9480.000000096332,-512231.4100320875,299.59661659056337,1.0282506349158604,108
2350000,9500.000000100406,-511861.9930718313,301.70582614679364,1.0273743755920368,108
2355000,9520.000000104481,-510678.93642174476,298.83769223168974,1.0219666941799883,108
2360000,9540.000000108555,-511259.89156412473,302.1238556203279,1.0261854120660292,108
2365000,9560.00000011263,-512391.8940190079,301.048746230837,1.0298967836808544,108
2370000,9580.000000116705,-511911.6734152022,301.73762012270765,1.028320409838246,108
2375000,9600.000000120779,-509928.26574761444,300.16183781678086,1.027532201915635,108
2380000,9620.000000124854,-511609.28016733844,300.83468126243866,1.0252436263907134,108
2385000,9640.000000128928,-511618.4561474414,300.5399547948576,1.0305330337729912,108
2390000,9660.000000133003,-513161.20692321425,300.1317426142018,1.0319756737090626,108
2395000,9680.000000137077,-510483.89051038004,300.021160967925,1.0278460832106695,108
2400000,9700.000000141152,-511871.2712499718,300.5079969225347,1.0266678396045714,108
2405000,9720.000000145226,-511033.27697538165,300.663907835105,1.0273606344350201,108
2410000,9740.0000001493,-512021.4842352618,301.2262597596556,1.0299131135831914,108
2415000,9760.000000153375,-511432.8710492214,301.1634979734936,1.0265815539205752,108
2420000,9780.00000015745,-510954.0842563452,300.7257185702739,1.031135325002871,108
2425000,9800.000000161524,-513184.94464058196,301.0647660879286,1.0308092682603083,108
2430000,9820.000000165599,-511427.7825562358,301.0160696046488,1.0276697895266658,108
2435000,9840.000000169674,-511480.7634867395,299.4776703084634,1.0259568957743908,108
2440000,9860.000000173748,-512715.80625416036,302.9935843345873,1.0288592244280084,108
2445000,9880.000000177823,-511978.6760343225,297.8921230122387,1.0276875694753322,108
2450000,9900.000000181897,-510911.36002582894,299.4359178676584,1.0232104535260198,108
2455000,9920.000000185972,-509319.640030931,299.9027809662911,1.0225632332683108,108
2460000,9940.000000190046,-511098.96398341167,299.42160046430763,1.0268878995497936,108
2465000,9960.00000019412,-510620.7858053264,301.4907430297777,1.0298596471414867,108
2470000,9980.000000198195,-510457.38475989294,302.9704048158931,1.0266681436630984,108
2475000,10000.00000020227,-510991.7729864174,300.4765452658804,1.0257173181014663,108
2480000,10020.000000206344,-511583.4889834509,298.96216040343296,1.022056271391625,108
2485000,10040.000000210419,-511293.34166548983,300.5493824020261,1.0244902267122098,108
2490000,10060.000000214493,-511174.3196160195,302.8200187713903,1.0247172849071005,108
2495000,10080.000000218568,-510729.319117293,299.8103770840355,1.0286172052421205,108
2500000,10100.000000222642,-511071.81577952276,300.082896137152,1.0216158476511452,108
2505000,10120.000000226717,-512156.45044915425,301.3224186960283,1.0284803812147947,108
2510000,10140.000000230792,-510991.6819050736,301.05654794483274,1.026389972469883,108
2515000,10160.000000234866,-511205.5658007208,299.4117928355197,1.0278528947888566,108
2520000,10180.00000023894,-510906.46238882234,302.1439043547839,1.0298695911649705,108
2525000,10200.000000243015,-510980.2905920916,299.5547809167149,1.0283378755825248,108
2530000,10220.00000024709,-511621.2451694524,298.0098342536038,1.0264771409134335,108
2535000,10240.000000251164,-511656.0878754321,301.51384909545476,1.0265485862816044,108
2540000,10260.000000255239,-511264.33309042477,299.7152994510142,1.0273276314073778,108
2545000,10280.000000259313,-510347.15678965533,299.8716153542608,1.0247294022045792,108
2550000,10300.000000263388,-510363.0001566401,302.53336610498746,1.0210967392133101,108
2555000,10320.000000267462,-510729.9850214382,300.0310604660965,1.0286140054270845,108
2560000,10340.000000271537,-510523.09521974367,300.36667912795383,1.0228204862838515,108
2565000,10360.000000275611,-510295.1879970103,301.51803307170684,1.025080418829745,108
2570000,10380.000000279686,-511136.7494415669,302.10664780475946,1.0252032372020992,108
2575000,10400.00000028376,-511112.21986354725,298.44039854711167,1.024687834788125,108
2580000,10420.000000287835,-512036.1338972668,297.58729081684095,1.0258291264242563,108
2585000,10440.00000029191,-511305.62426133826,300.54151125573287,1.0268641415456823,108
2590000,10460.000000295984,-510548.53535737935,300.1664630053584,1.0283283535115066,108
2595000,10480.000000300059,-511700.35687153693,301.30090993587976,1.0221879053856777,108
2600000,10500.000000304133,-511673.2849660155,300.99987097630043,1.0250758413362087,108
2605000,10520.000000308208,-510186.3477450451,298.33609365514826,1.0249304360747575,108
2610000,10540.000000312282,-511278.09157182765,302.6710897502811,1.0239804739496805,108
2615000,10560.000000316357,-510698.3103356906,301.2783018666707,1.0320140122255335,108
2620000,10580.000000320431,-512242.78696991806,301.7784131726832,1.0267905825095258,108
2625000,10600.000000324506,-511359.0573099307,300.791178713678,1.0258368203232993,108
2630000,10620.00000032858,-511229.1869134817,300.55347450228254,1.0289669189847528,108
2635000,10640.000000332655,-511385.2591583042,300.99001561027114,1.0238960627601135,108
2640000,10660.00000033673,-512238.77294529066,300.79740142793804,1.0283255512808598,108
2645000,10680.000000340804,-510236.4045705281,301.8291483368637,1.0279191888291213,108
2650000,10700.000000344879,-510918.198562999,302.43786778900056,1.0299737426639368,108
2655000,10720.000000348953,-510610.6107165052,296.914596579378,1.0259360501615418,108
2660000,10740.000000353028,-512100.4380569542,299.8451559236285,1.0284876291871012,108
2665000,10760.000000357102,-510163.2648800202,303.3206513433222,1.0272469344187727,108
2670000,10780.000000361177,-511514.0699419661,301.6424037935718,1.0297746480042642,108
2675000,10800.000000365251,-510652.605423257,301.27614034971737,1.0248941251478467,108
2680000,10820.000000369326,-511380.6862076791,301.0488969613559,1.02291805810492,108
2685000,10840.0000003734,-511466.84672937985,304.4842495848212,1.029090405840579,108
2690000,10860.000000377475,-511587.2365106235,301.1724795209752,1.0280413510230335,108
2695000,10880.00000038155,-511785.201406145,303.69370202784773,1.0297280470200387,108
2700000,10900.000000385624,-510970.7238880764,303.2924403165909,1.0256082285719703,108
2705000,10920.000000389698,-510687.2126945942,302.8994342543368,1.0233872420310492,108
2710000,10940.000000393773,-510743.6867440697,301.782757519255,1.0270069428631299,108
2715000,10960.000000397848,-510091.57940997626,301.41232923469073,1.0268220546648594,108
2720000,10980.000000401922,-511875.52606589487,300.8591401073254,1.0260730239541065,108
2725000,11000.000000405997,-511814.0475039962,301.08034855307324,1.0278279849074123,108
2730000,11020.000000410071,-511253.259359926,300.37410852932334,1.0253542517499428,108
2735000,11040.000000414146,-511153.4294162104,300.4805082998377,1.0255940386349605,108
2740000,11060.00000041822,-512099.5660683331,300.9482717140825,1.0341790794255827,108
2745000,11080.000000422295,-511209.8581698537,300.4823924837473,1.0308797386005395,108
2750000,11100.00000042637,-510806.1797648589,300.46780937155563,1.0281921834949819,108
2755000,11120.000000430444,-511089.4460869704,301.4998575258202,1.025879798022077,108
2760000,11140.000000434518,-512184.7980178166,300.7301901062316,1.0255202405512753,108
2765000,11160.000000438593,-511186.4377159525,301.4887170538225,1.0270961163136787,108
2770000,11180.000000442667,-512435.7639569929,303.52020604930584,1.0267412740747874,108
2775000,11200.000000446742,-511255.8951971063,297.37579423720956,1.0280928231768074,108
2780000,11220.000000450817,-511370.2442670334,299.64600188536576,1.028507198118463,108
2785000,11240.000000454891,-509935.6034373122,302.47389429108904,1.0238967918051534,108
2790000,11260.000000458966,-511564.56147046154,302.0123541963715,1.022827772397253,108
2795000,11280.00000046304,-510342.36313446425,300.42064811319597,1.0252338469405098,108
2800000,11300.000000467115,-510312.81774138263,299.3476110991557,1.022945439760564,108
2805000,11320.00000047119,-512727.8345442612,300.96436980865593,1.031037166725086,108
2810000,11340.000000475264,-510819.18106558966,301.35836733528913,1.023247075963328,108
2815000,11360.000000479338,-511712.79099059943,299.4441375834118,1.0272180670347721,108
2820000,11380.000000483413,-511154.6337146999,299.62969455910996,1.0245757010598449,108
2825000,11400.000000487487,-511183.9842462416,299.551844903074,1.025947051172025,108
2830000,11420.000000491562,-510483.3041097941,301.9378997237857,1.0242036941915238,108
2835000,11440.000000495636,-511745.50050571235,301.3331192233538,1.0285712142863652,108
2840000,11460.000000499711,-511559.44669932895,301.050823939201,1.0259251498849746,108
2845000,11480.000000503785,-509006.7184563107,298.81637109469904,1.0224196486490362,108
2850000,11500.00000050786,-511250.0957237079,302.552937713983,1.0280780793262587,108
2855000,11520.000000511935,-511476.14843171975,300.6322541616548,1.0257078000561706,108
2860000,11540.00000051601,-511349.1939204156,300.27893776504834,1.0260114554807087,108
2865000,11560.000000520084,-512234.86193213146,304.08884441097973,1.0244216883832007,108
2870000,11580.000000524158,-511242.6293472003,299.8587034208195,1.026889358136189,108
2875000,11600.000000528233,-511516.18216875615,300.8816997693585,1.0257822816911053,108
2880000,11620.000000532307,-511264.3742582286,299.36180325157824,1.028163886300075,108
2885000,11640.000000536382,-511586.12777904514,299.5356603351684,1.0233845999844209,108
2890000,11660.000000540456,-511855.80488479463,303.2974369594856,1.0333390272894458,108
2895000,11680.00000054453,-511685.96579298424,301.2919207665325,1.0264886199409053,108
2900000,11700.000000548605,-510016.9686509259,301.1879253524191,1.0253053049116507,108
2905000,11720.00000055268,-510956.9449705207,299.02195161049684,1.0278471671061458,108
2910000,11740.000000556754,-511442.9829710743,299.86816518607344,1.022843406579588,108
2915000,11760.000000560829,-510133.02470421954,300.08752253848024,1.0244854104871834,108
2920000,11780.000000564904,-510935.102807994,301.1902158297113,1.025169246286984,108
2925000,11800.000000568978,-511884.07885275315,303.1798415677656,1.0313395744246807,108
2930000,11820.000000573053,-510567.56191873574,299.0702172549277,1.0218688591647085,108
2935000,11840.000000577127,-511756.0830415697,298.5519559270148,1.030364930660454,108
2940000,11860.000000581202,-511177.4274209889,301.67425943634356,1.024730268531349,108
2945000,11880.000000585276,-510896.0239873079,300.39172262583634,1.0252888741644803,108
2950000,11900.00000058935,-512296.992505586,300.9606042779051,1.0278113730440137,108
2955000,11920.000000593425,-510666.89977285056,301.6551449798288,1.025710682401448,108
2960000,11940.0000005975,-511310.2835349436,304.0780464645617,1.0292883226759455,108
2965000,11960.000000601574,-511615.26373034436,301.9251388197617,1.0281424613071235,108
2970000,11980.000000605649,-511246.0768397774,304.7531222525091,1.0283527207732748,108
2975000,12000.000000609723,-510445.90590572264,298.8562117124699,1.025889174434906,108
2980000,12020.000000613798,-512211.30934308283,301.0871842400074,1.0265867326592553,108
2985000,12040.000000617873,-511163.5013395576,301.0174745945539,1.0247138434690326,108
2990000,12060.000000621947,-510224.3218592601,302.27077469641193,1.0212709009668814,108
2995000,12080.000000626022,-510742.3666622788,300.94740492631644,1.0260518981004805,108
3000000,12100.000000630096,-510647.17050556815,303.02269675657703,1.027408936266002,108
3005000,12120.00000063417,-510149.2330147114,298.7532103636643,1.0219818666951752,108
3010000,12140.000000638245,-512599.119257597,303.0152810843738,1.0308445161173665,108
3015000,12160.00000064232,-509977.83468189836,300.6390490256774,1.0245207545134105,108
3020000,12180.000000646394,-510994.64909153595,300.86890737149446,1.0233214200571084,108
3025000,12200.000000650469,-511520.5649098959,301.2495579420411,1.0256174963789964,108
3030000,12220.000000654543,-510520.6996729628,301.33441126604856,1.023454506378638,108
3035000,12240.000000658618,-510924.11450494034,301.02271577903366,1.025939293829659,108
3040000,12260.000000662692,-511952.725088716,303.24905765678,1.0268651909822297,108
3045000,12280.000000666767,-511677.13480448304,301.3680905630948,1.025018937644103,108
3050000,12300.000000670841,-510419.63103521033,300.4822961497402,1.0245459642568722,108
3055000,12320.000000674916,-511215.40109250974,302.66476013191,1.0289399910211203,108
3060000,12340.00000067899,-511269.02013387904,299.5452041148559,1.0259021168885998,108
3065000,12360.000000683065,-511251.75059018936,299.105381022006,1.0259125632331074,108
3070000,12380.00000068714,-510627.7313466249,299.684166669889,1.0229999711728717,108
3075000,12400.000000691214,-511487.25745734805,300.4324562277789,1.030470222743876,108
3080000,12420.000000695289,-511961.46038535703,300.09881365318535,1.0248294423410582,108
3085000,12440.000000699363,-510591.4007382067,303.28591387399655,1.02664756940752,108
3090000,12460.000000703438,-510721.0486405748,302.07052975563755,1.0270197111192017,108
3095000,12480.000000707512,-511233.4331201683,301.16165437173566,1.0276483715879607,108
3100000,12500.000000711587,-510530.5163896654,297.8940202761094,1.02565824862445,108
3105000,12520.000000715661,-512151.27223292855,302.35337938826854,1.0330246268746404,108
3110000,12540.000000719736,-511092.8110737989,302.15836577006496,1.0252845641238792,108
3115000,12560.00000072381,-511912.3023701387,301.3538754487597,1.028442459283417,108
3120000,12580.000000727885,-510721.1463824583,299.881886058138,1.023244965973278,108
3125000,12600.00000073196,-511903.70276031224,297.6674709618791,1.026041736948758,108
3130000,12620.000000736034,-509612.7910266274,303.55906269638416,1.0227180761772496,108
3135000,12640.000000740109,-511161.8573200833,301.5047368450907,1.0251789054588039,108
3140000,12660.000000744183,-510802.61597987567,299.4921758044599,1.028378313773326,108
3145000,12680.000000748258,-511685.56041596085,301.13866656319806,1.025086139658668,108
3150000,12700.000000752332,-510263.22380548646,302.1760815369075,1.0247855260970802,108
3155000,12720.000000756407,-511495.0528108473,300.19716037935547,1.0247219929501636,108
3160000,12740.000000760481,-511791.9956633465,303.43400212843534,1.0251422673138204,108
3165000,12760.000000764556,-510399.3207070017,302.32973675969123,1.019749586839871,108
3170000,12780.00000076863,-510478.82898741425,302.5160238747442,1.017337956875521,108
3175000,12800.000000772705,-510374.7288260474,301.14914881194176,1.0217097383887985,108
3180000,12820.00000077678,-511588.41298136,301.3038540984866,1.0269685129645345,108
3185000,12840.000000780854,-510396.6931110569,301.00214829749945,1.0235393022163424,108
3190000,12860.000000784928,-510859.4422859065,302.44868413996164,1.023992535182938,108
3195000,12880.000000789003,-511771.9767585683,301.08925681151794,1.0290793051041123,108
3200000,12900.000000793078,-510104.79281613673,301.361092456002,1.0192529208531935,108
3205000,12920.000000797152,-510770.9288430379,302.7482969749792,1.0247977270527242,108
3210000,12940.000000801227,-511343.3070254894,304.54815561807584,1.0300699122793167,108
3215000,12960.000000805301,-511771.28525352315,301.06090014729523,1.0287929792832045,108
3220000,12980.000000809376,-511697.66089180904,300.9132743946697,1.0229829580102603,108
3225000,13000.00000081345,-512402.9296616765,300.8517285202784,1.0306647874367143,108
3230000,13020.000000817525,-511973.35772770806,300.46291973086153,1.0257917308817428,108
3235000,13040.0000008216,-510425.3665317332,301.19842552011056,1.0252548129540815,108
3240000,13060.000000825674,-511753.06128883176,301.28044946368897,1.0284094379824065,108
3245000,13080.000000829748,-511184.83225291595,300.42877257440364,1.0263681453861075,108
3190000,12860.000000784928,-510571.05467828317,304.51103385474875,1.0249436001398564,--
3195000,12880.000000789003,-510559.49988383474,301.80321331824376,1.0238254768683013,109
3200000,12900.000000793078,-511010.0271741506,299.6217851392348,1.0258890758182693,109
3205000,12920.000000797152,-512450.4558178233,302.1055592487215,1.0297340961593138,109
3210000,12940.000000801227,-511899.32089220267,303.71477950177757,1.0239736552695917,109
3215000,12960.000000805301,-509811.4694451743,302.16749180028876,1.024836113790762,109
3220000,12980.000000809376,-511507.90378607553,298.71974436289065,1.0303801688494598,109
3225000,13000.00000081345,-511260.09289506613,298.3810184639939,1.030427097141815,109
3230000,13020.000000817525,-510081.7721100191,301.0284736137545,1.0225320333969272,109
3235000,13040.0000008216,-510795.8207091028,303.249646133912,1.0279694198069722,109
3240000,13060.000000825674,-511994.2689048918,301.6693521536329,1.029840717510068,109
3245000,13080.000000829748,-511350.2464653433,299.9711390048174,1.0254404828708537,109
3250000,13100.000000833823,-512927.4545180744,303.433144457579,1.0327409817018636,108
3255000,13120.000000837897,-511429.76884439425,302.082486563086,1.0271926754562137,108
3260000,13140.000000841972,-511482.2651747251,300.4108577953796,1.0281944382221966,108
3265000,13160.000000846047,-511402.78515256266,300.5191295423624,1.0256329345014825,108
3270000,13180.000000850121,-511431.9866664156,300.9024385864953,1.0249092894816152,108
3275000,13200.000000854196,-512472.3638388773,298.5961688092161,1.0281265686994323,108
3280000,13220.00000085827,-511871.75226077065,300.6345236678416,1.0230223731832235,108
3285000,13240.000000862345,-511016.71940105595,300.194982083213,1.0305875988402318,108
3290000,13260.00000086642,-511337.3690719153,302.06759273224253,1.0289678104238615,108
3295000,13280.000000870494,-510646.73121830146,300.96867685069356,1.029087449522472,108
3300000,13300.000000874568,-510088.5042183923,304.15880613511075,1.029034343504016,108
3305000,13320.000000878643,-508746.6594654762,298.1603601878342,1.0219147554510188,108
3310000,13340.000000882717,-511878.128269661,301.3637892154552,1.0260856696639578,108
3315000,13360.000000886792,-511786.7602283242,302.37698787010015,1.0248774096641435,108
3320000,13380.000000890866,-511432.8557476215,303.1010554343103,1.025824492504461,108
3325000,13400.000000894941,-511355.57420693105,299.19665428757645,1.0283519821443208,108
3330000,13420.000000899016,-512068.4932668423,300.1464665154859,1.0303729423819943,108
3335000,13440.00000090309,-511855.8193037901,302.8020780237581,1.0292644615754931,108
3340000,13460.000000907165,-511934.7195683946,299.28831512946397,1.0303650929990178,108
3345000,13480.00000091124,-511054.78150775586,302.61546672561224,1.027431747519801,108
3350000,13500.000000915314,-511933.6179162818,301.7213742455979,1.0289534407397312,108
3355000,13520.000000919388,-510530.7152824593,301.1272138791421,1.0244887683263961,108
3360000,13540.000000923463,-510756.2084086607,299.31433079045644,1.0254520328003154,108
3365000,13560.000000927537,-511958.26541461353,299.6354188544573,1.024859901133355,108
3370000,13580.000000931612,-513326.11561841913,299.99190631744597,1.027881502128082,108
3375000,13600.000000935686,-511670.8606806926,297.96936108162635,1.0239649767997894,108
3380000,13620.00000093976,-510781.07718506875,301.8480571458192,1.0262542635913132,108
3385000,13640.000000943835,-511774.0298016467,300.63429304468735,1.0290160685762815,108
3390000,13660.00000094791,-510353.63589289994,299.3740231601637,1.0264151490313445,108
3395000,13680.000000951984,-511837.5035526769,300.772767924641,1.028650090880731,108
3400000,13700.000000956059,-510701.449458217,300.54594678584704,1.0240115613289371,108
3405000,13720.000000960134,-511518.5544286391,298.1295259931743,1.027735986578914,108
3410000,13740.000000964208,-510098.98306719307,298.50586161020766,1.0262626858737796,108
3415000,13760.000000968283,-512141.8244518277,300.1301204991472,1.0297309202067786,108
3420000,13780.000000972357,-510747.72259817645,299.7851837822287,1.0277705822675154,108
3425000,13800.000000976432,-510832.6625480652,301.60727155170684,1.029561000565208,108
3430000,13820.000000980506,-512075.95341825625,299.49441903730224,1.0276059262853268,108
3435000,13840.00000098458,-511796.8112721904,300.9695105628837,1.0279441038149109,108
3440000,13860.000000988655,-510247.567773605,301.9333971071459,1.0295321689886525,108
3445000,13880.00000099273,-511255.5019476898,299.72802516662864,1.026280594477205,108
3450000,13900.000000996804,-511596.454322129,302.6939608048519,1.0275608917501342,108
3455000,13920.000001000879,-509388.14872982074,303.05090861544915,1.0232031772123156,108
3460000,13940.000001004953,-510948.92201010487,303.7828103419001,1.0280210164845935,108
3465000,13960.000001009028,-511185.6018385468,299.783932140558,1.0260349674739901,108
3470000,13980.000001013103,-510193.9564356124,302.99551850518486,1.0272533602115295,108
3475000,14000.000001017177,-511410.6443256757,300.4592739835991,1.025981382752202,108
3480000,14020.000001021252,-510876.5110210655,299.50180346042555,1.025617558751608,108
3485000,14040.000001025326,-511866.2351966582,297.80096343950163,1.03035339902374,108
3490000,14060.0000010294,-511385.22718651826,299.3163055522837,1.0260535692301822,108
3495000,14080.000001033475,-511363.5107527049,298.0283040401148,1.02896195429894,108
3500000,14100.00000103755,-510718.68906515767,300.48343383233305,1.0262318726545143,108
3505000,14120.000001041624,-510813.6501697276,299.35818504614707,1.0265478604816338,108
3510000,14140.000001045699,-511278.3789924169,302.54555695165465,1.0277802552190283,108
3515000,14160.000001049773,-511185.97159438836,301.74126003026936,1.0253270386222644,108
3520000,14180.000001053848,-511288.2892921732,301.46318641409687,1.0305375202599045,108
3525000,14200.000001057922,-510657.7399752529,299.5913216589981,1.0226780333940229,108
3530000,14220.000001061997,-510515.0232996484,301.27808590070896,1.02746213916911,108
3535000,14240.000001066071,-511412.30436312105,304.3659913850864,1.0292607910066298,108
3540000,14260.000001070146,-510040.41521037044,301.74911322250404,1.0260053656433066,108
3545000,14280.00000107422,-511448.1455260082,299.3728790841617,1.028268301166487,108
3550000,14300.000001078295,-511767.83269076305,301.35256724758153,1.0280481717181134,108
3555000,14320.00000108237,-510778.44881627266,297.1096042064189,1.0256368322971905,108
3560000,14340.000001086444,-511890.8751337547,301.25792966554917,1.027512158745414,108
3565000,14360.000001090519,-511616.0732486311,304.0877947144414,1.0264596513006,108
3570000,14380.000001094593,-512014.1883109277,300.2559100983949,1.0253164933509114,108
3575000,14400.000001098668,-509920.8438049548,302.0103363948022,1.0250501332952724,108
3580000,14420.000001102742,-511045.6017905555,301.9060309674143,1.0261302426561996,108
3585000,14440.000001106817,-511038.5749490501,301.83112499251934,1.0247263490510545,108
3590000,14460.000001110891,-512683.54756289977,299.74020276882027,1.026207315752055,108
3595000,14480.000001114966,-510796.691939757,300.7350217731033,1.0303558370882304,108
3600000,14500.00000111904,-511683.0504417645,301.1951743251134,1.0250912582778844,108
3605000,14520.000001123115,-511029.1245615722,301.441852608185,1.030042049419191,108
3610000,14540.00000112719,-510167.46667161863,303.4727557599716,1.020394744641807,108
3615000,14560.000001131264,-510937.66430789325,304.0108838610655,1.0253413763158654,108
3620000,14580.000001135339,-509936.77498159977,302.8162085993754,1.0217796406326471,108
3625000,14600.000001139413,-510747.6817861919,302.04112654533634,1.0248303261135225,108
3630000,14620.000001143488,-511104.74398038303,299.78398619294035,1.0291359530782886,108
3635000,14640.000001147562,-511424.0797717462,301.45740158873036,1.0300574540451781,108
3640000,14660.000001151637,-512241.9171353248,303.1555439590996,1.0242922015783575,108
3645000,14680.000001155711,-510989.5703742171,301.05816997458066,1.0245034507032142,108
3650000,14700.000001159786,-511782.3652120193,304.0343503252056,1.030623176460945,108
3655000,14720.00000116386,-510814.36359517626,301.3240788960698,1.0252972420484228,108
3660000,14740.000001167935,-510908.545985735,301.1712183482659,1.0290861861694733,108
3665000,14760.00000117201,-511049.33894416876,298.2126661506103,1.0257485170005474,108
3670000,14780.000001176084,-511055.16834092396,302.0745675030865,1.025929447418133,108
3675000,14800.000001180159,-510515.45665961364,304.6425708389913,1.020626170184084,108
3680000,14820.000001184233,-511045.6143439091,300.5564046228404,1.027644544723085,108
3685000,14840.000001188308,-511524.4108739251,301.13607573830103,1.0297444705631158,108
3690000,14860.000001192382,-510034.14533807803,300.0864946976847,1.0255604194352663,108
3695000,14880.000001196457,-510930.63561523263,300.91101769915326,1.0218929429722774,108
3700000,14900.000001200531,-511248.6912066301,302.09588599805534,1.0298745155422178,108
3705000,14920.000001204606,-510419.89898762153,303.2662969557975,1.0268282909455253,108
3710000,14940.00000120868,-511967.0166508518,301.64125853367744,1.0282516321499733,108
3715000,14960.000001212755,-511359.3073004992,299.82688838148414,1.026840214138219,108
3720000,14980.00000121683,-510697.9428058311,299.1716940191349,1.0276341393327668,108
3725000,15000.000001220904,-510929.5083125315,303.9189892371722,1.0298574773550269,108
3730000,15020.000001224978,-510298.1422356607,301.02402426120403,1.0248581146068532,108
3735000,15040.000001229053,-511739.77007394214,299.45703273631017,1.0283836823206922,108
3740000,15060.000001233127,-512650.77167908475,301.1000728483891,1.0266909333778664,108
3745000,15080.000001237202,-510544.5933173399,298.760923681856,1.0259838864793398,108
3750000,15100.000001241277,-510195.14242335944,302.3759175592057,1.0254582491745305,108
3755000,15120.000001245351,-510173.51369692665,300.9165186896184,1.0249596887751078,108
3760000,15140.000001249426,-511178.0252349365,301.71866478788394,1.023795440869907,108
3765000,15160.0000012535,-511585.6763115402,300.6337139498967,1.0298945939547495,108
3770000,15180.000001257575,-512052.84726029704,301.51930310347177,1.0299317440904485,108
3775000,15200.00000126165,-510906.48663811525,300.705257489678,1.0250948495820797,108
3780000,15220.000001265724,-510143.30181076773,303.15174384774025,1.025705154273722,108
3785000,15240.000001269798,-512255.1963442643,301.9463252662126,1.0316553267331143,108
3790000,15260.000001273873,-512445.040717124,302.4583862602,1.0253813340236373,108
3795000,15280.000001277947,-510522.31896877964,298.7330343992393,1.0291101976796095,108
3800000,15300.000001282022,-510706.0008104029,299.5389160063513,1.026483847593292,108
3805000,15320.000001286096,-511457.57194730383,302.58411231408,1.026970586352583,108
3810000,15340.000001290171,-512574.1327648624,300.6602654890318,1.0270837132149317,108
3815000,15360.000001294246,-511724.31389714056,299.36349663598156,1.0295602413818818,108
3820000,15380.00000129832,-511818.36707126535,300.8901450135909,1.0278066785175728,108
3825000,15400.000001302395,-510192.7003210555,300.93326513641557,1.0245386758005606,108
3830000,15420.00000130647,-510649.139005475,297.8538278541851,1.0263787518017213,108
3835000,15440.000001310544,-511383.07262412296,301.7642448067431,1.0273921723981259,108
3840000,15460.000001314618,-511639.90933951596,301.04227650949065,1.0308758189164517,108
3845000,15480.000001318693,-511829.6492742656,300.98501785054845,1.021434741076716,108
3850000,15500.000001322767,-509825.6071306411,300.8031368936689,1.028579724390331,108
3855000,15520.000001326842,-511225.12019315874,300.00648278992793,1.022347922735818,108
3860000,15540.000001330916,-510549.4394880594,300.25655093925184,1.0243912926740615,108
3865000,15560.00000133499,-511037.4238178951,301.9256318852379,1.023284216867725,108
3870000,15580.000001339065,-510804.93532396085,298.4288192398364,1.0227232214102377,108
3875000,15600.00000134314,-509585.2233541163,298.45845676313365,1.01882854207623,108
3880000,15620.000001347214,-511518.09972274303,300.56873362430537,1.0286264182657439,108
3885000,15640.000001351289,-511018.8428174532,302.61574283249536,1.0222474116512976,108
3890000,15660.000001355364,-511588.94049686193,300.47836714238684,1.0289974912841073,108
3895000,15680.000001359438,-511579.4767715577,299.79653848354945,1.0291657738384745,108
3900000,15700.000001363513,-511507.7723725289,300.40543685388144,1.0296066750747577,108
3905000,15720.000001367587,-512459.3848324809,301.8005293143975,1.0274816671287983,108
3910000,15740.000001371662,-511033.55062043574,303.36234626715543,1.0274538601872711,108
3915000,15760.000001375736,-512524.9673341084,300.50027908009525,1.0286300144110558,108
3920000,15780.00000137981,-510034.1314291847,301.91547946024343,1.0283870224085692,108
3925000,15800.000001383885,-511225.81385626853,301.9189160499422,1.0312456284186318,108
3930000,15820.00000138796,-511667.77517986577,299.81400439866866,1.0282804571773738,108
3935000,15840.000001392034,-511202.2881407719,300.70861605907305,1.0262225716199216,108
3940000,15860.000001396109,-510603.88542636903,301.76051244292256,1.0251908199591055,108
3945000,15880.000001400183,-512172.8232426271,299.6305392656949,1.0289593905001355,108
3950000,15900.000001404258,-511447.8989955967,301.47576336497656,1.0252608243930559,108
3955000,15920.000001408333,-511217.73487457586,299.58756485417007,1.0277793451181496,108
3960000,15940.000001412407,-511515.40424987813,302.2082050515009,1.0283286953549384,108
3965000,15960.000001416482,-512378.2162958784,304.69435449744714,1.0258149321852574,108
3970000,15980.000001420556,-511688.76943980134,303.5187022475137,1.0248529251620837,108
3975000,16000.00000142463,-511776.8375420999,300.7747966017274,1.0279370704331368,108
3980000,16020.000001428705,-511195.53130082134,299.0285774148959,1.0221349871415721,108
3985000,16040.00000143278,-510889.16236995254,299.1078485348891,1.0244048065673161,108
3990000,16060.000001436854,-511609.800147424,301.0221899676544,1.0282848108781544,108
3995000,16080.000001440929,-510566.83507984667,301.02343672339254,1.0271903795968693,108
4000000,16100.000001445003,-511042.50932863075,301.20376543811034,1.0248551991138166,108
4005000,16120.000001449078,-511431.6287616219,300.19664948081396,1.0273790159455016,108
4010000,16140.000001453152,-510999.60429237504,302.9952734576255,1.0268160120812866,108
4015000,16160.000001457227,-512001.552085283,302.91160726299034,1.0294085395572539,108
4020000,16180.000001461302,-511196.55251020705,299.3081938696272,1.0236676473247546,108
4025000,16200.000001465376,-511066.19126501656,298.2279533079296,1.0255823061272773,108
4030000,16220.00000146945,-511949.0785222973,300.22165666549813,1.0231302542221303,108
4035000,16240.000001473525,-511874.5921154246,299.5104121386234,1.0237030047398097,108
4040000,16260.0000014776,-511325.1283605327,299.40107799411345,1.0228398139131363,108
4045000,16280.000001481674,-508694.7255857815,300.53959600344865,1.026184831712604,108
4050000,16300.000001485749,-510514.7676569931,302.58523655851377,1.0235853364688667,108
4055000,16320.000001489823,-511609.35111960606,300.86418455801373,1.0232739384136222,108
4060000,16340.000001493898,-510971.93784339866,303.7099738527047,1.0266735453455007,108
4065000,16360.000001497972,-511781.8484226838,302.24288838342386,1.028593692414377,108
4070000,16380.000001502047,-510210.5133371707,300.2432646437704,1.0261223378072468,108
4075000,16400.00000150612,-511280.7088721788,300.1637518839356,1.0255985372121736,108
4080000,16420.000001510194,-510666.32144037704,300.3613675945343,1.0256683265158988,108
4085000,16440.00000151427,-510779.1468460392,300.0605991159321,1.0268605507900996,108
4090000,16460.000001518343,-511228.01598732197,301.89945467500894,1.0262551230356425,108
4095000,16480.000001522418,-511176.5608436777,302.18058119923165,1.0239854999039526,108
4100000,16500.000001526492,-512550.94270424685,302.1917968884445,1.0263255470844221,108
4105000,16520.000001530567,-511229.48155071563,300.6043488400463,1.0258177739680603,108
4110000,16540.00000153464,-511920.41087569855,303.43861991473767,1.0282083073922557,108
4115000,16560.000001538716,-510238.03143990156,304.6140679002695,1.0237671614048713,108
4120000,16580.00000154279,-511494.08825171436,300.26788801775217,1.0273945513304599,108
4125000,16600.000001546865,-511694.7792456262,304.62758690827326,1.0237626084544498,108
4130000,16620.00000155094,-510543.91498862626,297.6918502759736,1.024064886648238,108
4135000,16640.000001555014,-511215.4649183317,298.01101370492415,1.0257323867944192,108
4140000,16660.00000155909,-511275.0010924963,303.19459992122023,1.0283062501217894,108
4145000,16680.000001563163,-511293.6608239948,301.99288601311486,1.0289990877368578,108
4150000,16700.000001567238,-510755.814728254,298.49115539394694,1.0288595598015582,108
4155000,16720.000001571312,-511582.43261620915,302.5883726910766,1.0261469641614616,108
4160000,16740.000001575387,-511378.78190759104,302.38334969564,1.0298843636931725,108
4165000,16760.00000157946,-511977.0325865161,300.64721876000544,1.0238120908220196,108
4170000,16780.000001583536,-510673.0902047572,301.30293869188426,1.0267337399742398,108
4175000,16800.00000158761,-509521.15116457315,300.47332962137654,1.0224203177581106,108
4180000,16820.000001591685,-511096.6346055453,299.0013122859831,1.025649561952741,108
4185000,16840.00000159576,-511574.11635619286,301.50660204552327,1.0246729861736015,108
4190000,16860.000001599834,-510998.9906531612,300.91111952374234,1.025075851414743,108
4195000,16880.00000160391,-510962.4331943961,300.12433211074136,1.0279667808195319,108
4200000,16900.000001607983,-512094.49429771886,302.6001861266068,1.0260738004145538,108
4205000,16920.000001612058,-510368.08013393846,300.8980675294529,1.0296978420431984,108
4210000,16940.000001616132,-511670.6343383684,302.10016240878736,1.0283095184863174,108
4215000,16960.000001620207,-510783.2840349949,301.7895718467309,1.0288015940691102,108
4220000,16980.00000162428,-509957.0727938749,302.6653372109989,1.02063228631901,108
4225000,17000.000001628356,-510702.4200337201,301.3062597635654,1.0252354617518733,108
4230000,17020.00000163243,-512600.0530157385,300.7149878084238,1.0273203701536737,108
4235000,17040.000001636505,-511563.8743411498,299.7807777687367,1.0237410255483803,108
4240000,17060.00000164058,-511019.0778638723,301.68528022684734,1.0296489793843893,108
4245000,17080.000001644654,-510692.6299830037,300.844391084022,1.0312246013009336,108
4250000,17100.00000164873,-511686.3491679076,300.6340013550946,1.0258382431710769,108
4255000,17120.000001652803,-510960.5239264001,299.8998068404805,1.0316527371425512,108
4260000,17140.000001656877,-511112.8122098106,303.87720420151726,1.0260645329333016,108
4265000,17160.000001660952,-511625.9298807031,303.1268647118514,1.025911019994364,108
4270000,17180.000001665027,-510880.47782989684,301.58423223768466,1.027785449221024,108
4275000,17200.0000016691,-511546.04501443985,302.7649436147718,1.0237091141231385,108
4280000,17220.000001673176,-511742.88079896616,300.7329478648577,1.0270268195618113,108
4285000,17240.00000167725,-510683.879144154,301.06607914735724,1.02505978662594,108
4290000,17260.000001681325,-512162.81728447974,302.43638232876214,1.0272854193730534,108
4295000,17280.0000016854,-510860.19539623917,299.8709048378965,1.0249015193608855,108
4300000,17300.000001689474,-511109.8551174286,300.4694233865353,1.0293013892260263,108
4305000,17320.00000169355,-511628.00425013667,302.1420633345907,1.0235684647181071,108
4310000,17340.000001697623,-510065.7538205106,303.5881724045957,1.0239593628753096,108
4315000,17360.000001701697,-511839.0502647152,300.4806793785173,1.0270310150960507,108
4320000,17380.000001705772,-510791.65994141507,301.17997931759766,1.0271565158391736,108
4325000,17400.000001709846,-512420.46091268933,303.41124315585995,1.0266771593788602,108
4330000,17420.00000171392,-512183.79031015397,300.3248513432198,1.0277531788296517,108
4335000,17440.000001717995,-511274.5292470809,301.5946063666488,1.0269250189576429,108
4340000,17460.00000172207,-510041.8001035163,302.2882921657363,1.0237860518688033,108
4345000,17480.000001726145,-510341.8929752975,302.23126077653893,1.0238673736886263,108
4350000,17500.00000173022,-510809.4944731882,300.0969566009643,1.0295462098474808,108
4355000,17520.000001734294,-511201.34976151004,301.5045502731128,1.0248085858101477,108
4360000,17540.000001738368,-511211.1903505223,300.2933738339007,1.0279457339740965,108
4365000,17560.000001742443,-511683.7210091362,299.32999132275313,1.0295387504427183,108
4370000,17580.000001746517,-510058.77380568674,301.5409270022642,1.0260535174372125,108
4375000,17600.00000175059,-511095.36805604864,298.1549557421483,1.0308718795739897,108
4380000,17620.000001754666,-511034.8938860446,302.24088856792224,1.0255166907190496,108
4385000,17640.00000175874,-511460.7624171544,303.4591897348332,1.022012565389741,108
4390000,17660.000001762815,-511399.9592584581,299.75794423963043,1.025695795948267,108
4395000,17680.00000176689,-511115.1962879617,303.59395537677057,1.0285351775870164,108
4400000,17700.000001770964,-511371.0005795432,298.8184536260125,1.0270754476197999,108
4405000,17720.00000177504,-512074.5520815002,301.28157821254604,1.0233029562858382,108
4410000,17740.000001779114,-510351.8077156695,299.9190538579792,1.0271062555752548,108
4415000,17760.000001783188,-510735.6677880874,301.55576887443294,1.0306558181558743,108
4420000,17780.000001787263,-510257.7036216215,299.87815069557684,1.029421409879965,108
4425000,17800.000001791337,-510662.72031166335,303.0875934159844,1.0247399551522702,108
4430000,17820.00000179541,-510576.89626991865,301.2671727125393,1.0297184725287902,108
4435000,17840.000001799486,-510192.706339034,300.8468230881854,1.0200103376397205,108
4440000,17860.00000180356,-511874.58681591926,298.8208941850417,1.0249534737191968,108
4445000,17880.000001807635,-511039.31079830695,302.7833114237621,1.0256287181408899,108
4450000,17900.00000181171,-510233.376535028,302.155037366441,1.0279279800348557,108
4455000,17920.000001815784,-511245.78242331813,300.4255501273004,1.0245014376944455,108
4460000,17940.00000181986,-510864.37843246944,300.06620108304907,1.0242250959480388,108
4465000,17960.000001823933,-510732.59152059606,301.6860866198924,1.0289380592431316,108
4470000,17980.000001828008,-510740.9923020939,300.578914594401,1.0272305536097246,108
4475000,18000.000001832082,-510648.9630387677,302.7784903398083,1.024744290584695,108
4480000,18020.000001836157,-510814.9647333529,300.7695080224996,1.0252369110230934,108
4485000,18040.00000184023,-511950.06410810375,302.0325854240154,1.0279621378104264,108
4490000,18060.000001844306,-511893.5554245536,303.0100134022833,1.0269927756179211,108
4495000,18080.00000184838,-511815.41930289567,304.27770187740913,1.0263958895405016,108
4500000,18100.000001852455,-511133.42164799455,301.53420345437576,1.020261150973423,108
4505000,18120.00000185653,-511552.01702522277,301.8617373202677,1.0246200105542542,108
4510000,18140.000001860604,-512192.9826998899,300.92153520397386,1.025860421258419,108
4515000,18160.00000186468,-512398.2207243829,300.4076213123587,1.0284901263497548,108
4520000,18180.000001868753,-510717.6372810162,300.93736087939163,1.0306772675368447,108
4525000,18200.000001872828,-510703.6218108225,301.2331527389977,1.0264777529402584,108
4530000,18220.000001876902,-511062.55373824877,303.4853695703685,1.0262744025573927,108
4535000,18240.000001880977,-511463.2338721829,298.76736869617065,1.0276481968354698,108
4540000,18260.00000188505,-509393.4551398419,298.8397960522161,1.024701852752324,108
4545000,18280.000001889126,-510756.43863484054,300.2574409569076,1.0253331653293878,108
4550000,18300.0000018932,-509886.10664229793,299.08240661471996,1.0253924883752694,108
4555000,18320.000001897275,-511118.9844968531,297.21371438600175,1.024109465765191,108
4560000,18340.00000190135,-512923.3080266018,302.30190714229343,1.0295496144883356,108
4565000,18360.000001905424,-510773.64982753084,302.9057916978957,1.0241833026637486,108
4570000,18380.0000019095,-510666.237845805,298.24738147757984,1.0255148680637467,108
4575000,18400.000001913573,-510101.8077160483,300.01918472848007,1.0244758368319404,108
4580000,18420.000001917648,-511831.17981761834,301.1167825180564,1.0291828363089013,108
4585000,18440.000001921722,-510699.6799483809,298.1501636681168,1.0257565652456726,108
4590000,18460.000001925797,-510831.3075152638,300.20137748438884,1.0264736127251461,108
4595000,18480.00000192987,-511062.91969438526,305.14284377800703,1.0265173306113415,108
4600000,18500.000001933946,-511768.08404708724,303.0935772264827,1.0294343636586452,108
4605000,18520.00000193802,-511143.5194782079,302.53535005471394,1.0220054014809077,108
4610000,18540.000001942095,-511225.67614367395,302.1730213486598,1.0262976295965829,108
4615000,18560.00000194617,-510747.3504939822,301.3928904666278,1.0282747370046406,108
4620000,18580.000001950244,-510652.4837326172,300.10697001282426,1.0268657222323188,108
4625000,18600.00000195432,-510845.37041500886,301.8136611389989,1.0250471604950906,108
4630000,18620.000001958393,-510754.7051361867,302.1350178499978,1.0247203413595514,108
4635000,18640.000001962468,-510762.88063878287,299.62819932716695,1.0238370301922068,108
4640000,18660.000001966542,-511574.60008513625,302.235288423916,1.0266062641404634,108
4645000,18680.000001970617,-511480.57399448426,301.53567208142084,1.025872969390092,108
4650000,18700.00000197469,-511026.8853199796,300.8493984288072,1.0284439644384744,108
4655000,18720.000001978766,-510854.3866232352,299.07578153092254,1.0255075592174305,108
4660000,18740.00000198284,-509794.1509472069,299.8266136739182,1.0241242228191825,108
4665000,18760.000001986915,-510047.1356433758,299.9783612471804,1.0274487519429125,108
4670000,18780.00000199099,-509573.8746886635,301.4020864158961,1.0230891611968764,108
4675000,18800.000001995064,-511516.7000728736,297.6947572718519,1.0252224105121766,108
4680000,18820.00000199914,-511391.4781590437,301.88730448183065,1.0292304899343014,108
4685000,18840.000002003213,-510210.9307239675,300.72476240214854,1.0232889092807058,108
4690000,18860.000002007288,-510358.28050930076,298.5608681800465,1.0278787384151395,108
4695000,18880.000002011362,-509672.95155420015,300.5956694577814,1.0224727809416425,108
4700000,18900.000002015437,-511040.6004633531,299.9453013975682,1.0250013798592743,108
4705000,18920.00000201951,-511171.792621003,298.0433973574961,1.0290353305250277,108
4710000,18940.000002023586,-511464.10251030955,300.3114112007848,1.0260180152845713,108
4715000,18960.00000202766,-512097.5335273971,298.593748945899,1.0254869827176532,108
4720000,18980.000002031735,-511602.17375484295,299.60908584767634,1.0253092894120583,108
4725000,19000.00000203581,-511339.23135531484,300.02387760790685,1.0273183157983774,108
4730000,19020.000002039884,-512781.5905539377,300.3677359778365,1.0299840806146057,108
4735000,19040.00000204396,-512496.36154678976,301.712236088129,1.027671043502225,108
4740000,19060.000002048033,-511249.93821754353,300.4121633485754,1.0283006411613993,108
4745000,19080.000002052107,-511944.5139254094,301.3968499897583,1.0258027222201003,108
4750000,19100.000002056182,-510235.6487309851,299.6500954975172,1.0242042766769976,108
4755000,19120.000002060257,-511142.9452871366,300.1439790187795,1.0288681397171044,108
4760000,19140.00000206433,-510020.73907043715,304.4962281909534,1.0272518375806756,108
4765000,19160.000002068406,-511694.38954922254,298.33812012987005,1.0264000337899255,108
4770000,19180.00000207248,-510228.9453285334,300.9045871170829,1.025212476767239,108
4775000,19200.000002076555,-512065.3914485213,300.4625212456254,1.0269189849864013,108
4780000,19220.00000208063,-510366.2164831334,302.5667913849913,1.0263450225419057,108
4785000,19240.000002084704,-510224.1217053726,300.389448169405,1.0246379856208707,108
4790000,19260.00000208878,-511445.27759965416,303.26581774505456,1.0261233037207516,108
4795000,19280.000002092853,-510866.55069819465,300.3478124835752,1.0298517857024967,108
4800000,19300.000002096927,-510799.3127126163,299.3586091460932,1.02415897583264,108
4805000,19320.000002101002,-510847.9590174991,301.94158998134293,1.0257997460791397,108
4810000,19340.000002105076,-510372.9965135711,301.966814121359,1.0225898630708228,108
4815000,19360.00000210915,-509824.51782272896,301.19679462292834,1.026778426953164,108
4820000,19380.000002113225,-511262.6956754951,300.2964796436156,1.0274302862379763,108
4825000,19400.0000021173,-511019.0635110978,302.81625459864017,1.026367804535716,108
4830000,19420.000002121375,-510641.21355842846,301.7010182403347,1.0205023858036284,108
4835000,19440.00000212545,-509948.9736909624,301.443034470932,1.0204885251619134,108
4840000,19460.000002129524,-512220.9990261216,300.67156550939546,1.0249829528116137,108
4845000,19480.000002133598,-510946.8855713147,299.00917687567835,1.02775663285116,108
4850000,19500.000002137673,-510174.91139662336,300.8739588778436,1.0243994013824598,108
4855000,19520.000002141747,-511781.1465899751,301.89525325240385,1.0265494373505655,108
4860000,19540.00000214582,-511217.1304022784,302.10812192378927,1.0286672877599152,108
4865000,19560.000002149896,-510773.32506031706,302.2446848362655,1.027619386932001,108
4815000,19360.00000210915,-511047.1995774652,303.4307242139221,1.0270964110997907,--
4820000,19380.000002113225,-510774.59923777124,302.18777033150576,1.0281254424368735,107
4825000,19400.0000021173,-512325.3142475118,298.75901599209834,1.0283564853744427,106
4830000,19420.000002121375,-511175.7071900498,299.2667571559075,1.0262289584206883,106
4835000,19440.00000212545,-510698.6578875759,301.062930335033,1.0250406390611113,106
4840000,19460.000002129524,-511285.404971777,300.59914436825716,1.0234649576191182,106
4845000,19480.000002133598,-512112.898951086,302.9897913841801,1.03096557747014,106
4850000,19500.000002137673,-511008.83036329644,301.01765561512303,1.026084734328037,106
4855000,19520.000002141747,-510661.9077200771,301.5806523390844,1.0250799114724167,106
4860000,19540.00000214582,-510630.6749556239,300.0523748824994,1.022621860236813,106
4865000,19560.000002149896,-511937.018272005,301.8371206256496,1.0270689378896327,106
4870000,19580.00000215397,-510081.9199867279,302.8279974775039,1.023643079766811,106
4875000,19600.000002158045,-511080.7770353805,302.3112144894117,1.0298649209434745,106
4880000,19620.00000216212,-510944.3372528171,304.12898711052947,1.0250619249403004,106
4885000,19640.000002166194,-511011.42042270163,301.2199924204813,1.0239437124219062,106
4890000,19660.00000217027,-511308.0012154479,299.14055581678343,1.0269494666219021,106
4895000,19680.000002174344,-512771.95115115563,300.8608034446756,1.0283326857289767,106
4900000,19700.000002178418,-509559.8059888808,300.9160954277,1.023848595606813,106
4905000,19720.000002182493,-510891.9825974684,303.3714403183333,1.025986741020904,105
4910000,19740.000002186567,-511257.2444018631,304.1540503749393,1.0288932140265228,105
4915000,19760.00000219064,-510626.48389421054,302.5830237828945,1.0289733842283235,105
4920000,19780.000002194716,-511546.8716026868,305.0673014302336,1.0320010387212828,105
4925000,19800.00000219879,-511835.5819839882,300.5147864568329,1.025531802165902,105
4930000,19820.000002202865,-511301.1146813859,301.3368269857051,1.0266726901486536,105
4935000,19840.00000220694,-511321.10653735395,302.10491211593643,1.0245476906603217,105
4940000,19860.000002211014,-509886.63912553457,300.4835986552455,1.0241766003306756,105
4945000,19880.00000221509,-511409.9473987317,301.14639373261895,1.0263495055129344,105
4950000,19900.000002219163,-511482.613914398,300.3406938558614,1.0262668518446234,105
4955000,19920.000002223238,-510841.0514528286,300.4782578320877,1.0253549535243336,105
4960000,19940.000002227313,-510654.3893827358,298.4019505115131,1.0235873958211625,105
4965000,19960.000002231387,-510511.8563570322,300.24258056197397,1.0243311356889502,105
4970000,19980.00000223546,-511802.3214950978,304.24271527591344,1.0290624670326918,105
4975000,20000.000002239536,-510995.0458065057,300.15058133689917,1.0244664523966642,105
4980000,20020.00000224361,-511376.9223858421,302.6742252422935,1.023275449186463,105
4985000,20040.000002247685,-509427.5552103338,301.087129620037,1.024145828216551,105
4990000,20060.00000225176,-511480.8950047742,300.9197614642502,1.0265711299508657,105
4995000,20080.000002255834,-511718.1322235521,299.8184612326359,1.0285423395910127,105
5000000,20100.00000225991,-511800.0872463763,303.41643787146074,1.0268167828700945,105
5005000,20120.000002263983,-510763.0177793382,301.07447236761647,1.028793783816744,105
5010000,20140.000002268058,-511924.31692517153,300.49686277768205,1.0257117381602452,105
5015000,20160.000002272132,-510161.04320178647,304.0862792208266,1.0278302211705603,105
5020000,20180.000002276207,-511248.29261836247,300.11222745305304,1.0281973153585966,105
5025000,20200.00000228028,-512696.8532940664,300.46700376971705,1.0252095000436316,105
5030000,20220.000002284356,-510172.1856143011,301.4513494981493,1.0229494069281988,105
5035000,20240.00000228843,-511978.4356038694,297.99970474898856,1.0275927847932962,105
5040000,20260.000002292505,-510530.7164246626,301.6894090782728,1.028586458300225,105
5045000,20280.00000229658,-512671.8167083657,298.20470030843995,1.0265640160446057,105
5050000,20300.000002300654,-510509.0076610816,301.0243653606421,1.0270174375449468,105
5055000,20320.00000230473,-511564.5988385889,297.77734687806503,1.0306481752855792,105
5060000,20340.000002308803,-511431.87561063864,301.43632533476176,1.030167906691716,105
5065000,20360.000002312878,-511240.38654642296,299.60213539325474,1.0265983885015586,105
5070000,20380.000002316952,-509924.0119418376,302.4996339495473,1.0279855651565346,105
5075000,20400.000002321027,-511217.82265522773,301.1007333557681,1.0296256616560397,105
5080000,20420.0000023251,-510421.2786055759,303.15543811491864,1.0268728342142148,105
5085000,20440.000002329176,-510737.8534960998,300.9314985005556,1.0251147378056646,105
5090000,20460.00000233325,-511197.8569793983,301.45026404523475,1.02507860765197,105
5095000,20480.000002337325,-510845.4383860978,301.3547694080198,1.024582929103988,105
5100000,20500.0000023414,-510835.4671398911,302.14083357714685,1.025439364554488,105
5105000,20520.000002345474,-512497.33537407103,300.44251607759224,1.0272819565394242,105
5110000,20540.00000234955,-509886.46935337665,302.0825100890324,1.0231776396103813,105
5115000,20560.000002353623,-511616.5297572776,300.03538744721254,1.027755351900293,105
5120000,20580.000002357698,-511527.630585185,299.847454729568,1.0274663642870403,105
5125000,20600.000002361772,-511411.7987221752,300.86226114466143,1.0254568918294782,105
5130000,20620.000002365847,-509978.8766279791,298.9798984847384,1.0229407160647024,105
5135000,20640.00000236992,-511212.4319408727,302.42520625969973,1.0249635338647605,105
5140000,20660.000002373996,-510858.48451520596,301.1455686473315,1.026903693517572,105
5145000,20680.00000237807,-510601.2990212899,301.3985103734415,1.0272601041683456,105
5150000,20700.000002382145,-512000.67209020955,300.8165069433306,1.027820977672652,105
5155000,20720.00000238622,-511356.8862787455,304.32484782371483,1.0292282319342603,105
5160000,20740.000002390294,-508762.73971039616,302.32069376823455,1.0254966863511843,105
5165000,20760.00000239437,-510893.9092352907,300.5955338468321,1.0236594116956332,105
5170000,20780.000002398443,-509665.81290377374,301.4725023073251,1.023127690316763,105
5175000,20800.000002402518,-511445.1128051118,300.94759305464555,1.0252322575690185,105
5180000,20820.000002406592,-509982.909125756,299.02215319883425,1.031187686961589,105
5185000,20840.000002410667,-511499.87534352206,301.15378888499635,1.025292385259824,105
5190000,20860.00000241474,-511523.1209549203,301.15033712223794,1.0240442548476192,105
5195000,20880.000002418816,-510382.85201168037,301.6235618948772,1.0259539631505044,105
5200000,20900.00000242289,-511013.55449355603,300.5685911396711,1.0260395045103166,105
5205000,20920.000002426965,-510843.4969793551,299.036680565663,1.0276250364617128,105
5210000,20940.00000243104,-510653.7624579512,300.8296999455694,1.0258099767501923,105
5215000,20960.000002435114,-509984.9447331962,298.9452085924426,1.0223589861511193,105
5220000,20980.00000243919,-511267.5634695315,302.1708159407402,1.0268986218272196,105
5225000,21000.000002443263,-510776.1432997687,301.8685360051886,1.0272036339811739,105
5230000,21020.000002447337,-510532.012544072,301.17745334530684,1.0256860778683696,105
5235000,21040.000002451412,-511128.30376084615,298.2917026863626,1.0247754784690128,105
5240000,21060.000002455487,-511517.78613733803,300.4974523182192,1.0250392100423902,105
5245000,21080.00000245956,-512244.09046260174,301.6545332100575,1.0271461691764594,105
5250000,21100.000002463636,-512199.9798685126,300.66935604811965,1.0308123811690664,105
5255000,21120.00000246771,-510515.6790677032,303.88766954893936,1.0260424888120638,105
5260000,21140.000002471785,-511903.75507346285,302.79363038244804,1.0276283308713838,105
5265000,21160.00000247586,-510861.04827841814,303.21039261098866,1.0285520169950964,105
5270000,21180.000002479934,-511942.9969232897,302.5542225137707,1.0255522460944118,105
5275000,21200.00000248401,-512457.38283542497,299.9200938930102,1.0288657223811004,105
5280000,21220.000002488083,-513793.6346827382,302.90711185825097,1.0298652333466058,105
5285000,21240.000002492157,-510387.338565171,299.4567717968427,1.0277811132874923,105
5290000,21260.000002496232,-510904.7947791023,299.4978710859657,1.0269799222512073,105
5295000,21280.000002500306,-510518.57054695045,298.35216629747066,1.0258215509224455,105
5300000,21300.00000250438,-512920.0116423671,299.32391535226583,1.029720207013663,105
5305000,21320.000002508456,-511468.9702630157,298.5631328617652,1.0306610227148705,105
5310000,21340.00000251253,-511951.02965251985,300.1992078840887,1.0258469402943788,105
5315000,21360.000002516605,-511164.9740480969,301.3976888495158,1.0292218122021504,105
5320000,21380.00000252068,-511601.43808071245,300.6923343846807,1.0295889942084908,105
5325000,21400.000002524754,-509853.4373601894,302.3174353730678,1.025808668208796,105
5330000,21420.00000252883,-510592.51989733987,299.1730649915922,1.0276926020835415,105
5335000,21440.000002532903,-510393.4075982997,301.328945956814,1.0238466009150249,105
5340000,21460.000002536977,-509808.666437384,300.64829767017704,1.022618046091965,105
5345000,21480.00000254105,-510974.2138570878,299.86273393903053,1.0252151556810325,105
5350000,21500.000002545126,-512712.13256741525,300.4290507056772,1.0263635685814188,105
5355000,21520.0000025492,-509984.0331179572,298.9689806281938,1.0270874261000211,105
5360000,21540.000002553275,-511202.776485133,299.65040930127327,1.0298557501520988,105
5365000,21560.00000255735,-510790.3664757442,302.38480716235745,1.0241088010615018,105
5370000,21580.000002561424,-511383.9237224965,299.73290365006505,1.0266196451275325,105
5375000,21600.0000025655,-510905.7825518234,300.33871959577084,1.0244592320012484,105
5380000,21620.000002569574,-511053.0879262211,300.3193480180946,1.0258253350175988,105
5385000,21640.000002573648,-512244.6023924765,299.46289956183716,1.0287099342486439,105
5390000,21660.000002577723,-512002.0275535146,302.1030426220853,1.0328126112553537,105
5395000,21680.000002581797,-511823.53090817085,300.3040137461717,1.0232464717107093,105
5400000,21700.00000258587,-510616.84818259557,300.85070224477516,1.0229010246215746,105
5405000,21720.000002589946,-511539.7977593178,298.1625214100259,1.0264689960982598,105
5410000,21740.00000259402,-511428.06315146154,301.2241231212443,1.0282172576142041,105
5415000,21760.000002598095,-511862.6866231344,303.19817140870543,1.0247720763291155,105
5420000,21780.00000260217,-512114.1042811994,302.2856289493011,1.0277996507874794,105
5425000,21800.000002606244,-510858.7407283094,302.1177171321367,1.025602430584988,105
5430000,21820.00000261032,-512315.9774165016,300.2977754961227,1.0263458867454531,105
5435000,21840.000002614393,-512468.31701147347,300.6454932903676,1.0306872859815606,105
5440000,21860.000002618468,-512926.0717107593,300.96142774249773,1.0277164922128992,105
5445000,21880.000002622543,-510830.9836910649,301.2906216994851,1.0257441217455814,105
5450000,21900.000002626617,-510702.6601969106,300.71567746523937,1.0285647072045137,105
5455000,21920.00000263069,-511498.6511499258,302.98903525823823,1.0308674200385657,105
5460000,21940.000002634766,-510584.0339999611,298.83741332951934,1.0228345853458796,105
5465000,21960.00000263884,-511000.41862656665,302.0207737425464,1.0237344281437846,105
5470000,21980.000002642915,-511161.6057226823,302.49705996085726,1.0270584844618262,105
5475000,22000.00000264699,-510567.2839460259,298.1921185310129,1.0231871373327046,105
5480000,22020.000002651064,-510721.4844784904,301.33683434709366,1.0297878129686333,105
5485000,22040.00000265514,-511193.3942738124,302.44080986298616,1.0250076105022534,105
5490000,22060.000002659213,-512557.4583961463,301.11102692339244,1.0313577338170694,105
5495000,22080.000002663288,-510312.4783155327,299.3494813514855,1.022990475335696,105
5500000,22100.000002667362,-511620.40974521544,299.995859908964,1.0237730936683782,105
5505000,22120.000002671437,-511578.5104598596,300.7011898234467,1.02623896633013,105
5510000,22140.00000267551,-510521.6400350686,300.67234776276547,1.0266935444373704,105
5515000,22160.000002679586,-510709.98991749925,301.45270286748314,1.0250632939407867,105
5520000,22180.00000268366,-510512.21141068777,300.88001011487887,1.0244893293823196,105
5525000,22200.000002687735,-510830.1952758676,300.8578436345748,1.02451458866391,105
5530000,22220.00000269181,-511627.6275089714,302.0086713856272,1.0286128018007277,105
5535000,22240.000002695884,-511128.9855068275,300.7658154631262,1.028963376265942,105
5540000,22260.00000269996,-512841.4104189556,302.59874841676,1.0267872281769646,105
5545000,22280.000002704033,-511450.03615717497,301.98378904702156,1.0241575026216452,105
5550000,22300.000002708108,-511257.03132268135,300.8559931490521,1.0276798297438632,105
5555000,22320.000002712182,-510241.4716991633,303.7853146061746,1.026028376210594,105
5560000,22340.000002716257,-511708.1120659334,302.78255724903374,1.0260742491132082,105
5565000,22360.00000272033,-511254.0036375122,302.3651458436224,1.0240799003781824,105
5570000,22380.000002724406,-510665.1211895412,300.27629868119675,1.0284116567571673,105
5575000,22400.00000272848,-511182.86967031006,299.51377975318405,1.0237839475186559,105
5580000,22420.000002732555,-511003.49727237923,299.0244864709367,1.026692042532763,105
5585000,22440.00000273663,-510453.8958963463,302.10796277391273,1.0209223501501208,105
5590000,22460.000002740704,-510649.1163896802,302.69521951158345,1.026924760593046,105
5595000,22480.00000274478,-512486.6410665782,301.56197759522433,1.0223548070858746,105
5600000,22500.000002748853,-511144.8572152639,300.7641440817453,1.0224262708864185,105
5605000,22520.000002752928,-512371.49165548314,302.66040904789327,1.0223859642297837,105
5610000,22540.000002757002,-510407.37399662496,300.39919093396406,1.0272063555378785,105
5615000,22560.000002761077,-511900.06829077634,299.22638168002374,1.0266024335728692,105
5620000,22580.00000276515,-511277.3307345696,300.7863187380894,1.0243797883542147,105
5625000,22600.000002769226,-511022.2359994843,300.1422598205257,1.0269186856157382,105
5630000,22620.0000027733,-511302.0237251923,300.45786208593637,1.0251027161254884,105
5635000,22640.000002777375,-510262.94702552166,301.519240568581,1.0248660483454908,105
5640000,22660.00000278145,-510574.5106366547,299.9699122083267,1.0252493373802203,105
5645000,22680.000002785524,-511699.60329772276,300.4566077264536,1.0265611820215907,105
5650000,22700.0000027896,-511393.51545314887,302.14900331812703,1.0286364208662497,105
5655000,22720.000002793673,-511814.7717343024,298.8850459645315,1.0309474301287955,105
5660000,22740.000002797748,-511630.9573524266,301.90329626047105,1.0291946900805258,105
5665000,22760.000002801822,-510542.03520659683,300.76173420594216,1.0259314012261076,105
5670000,22780.000002805897,-510218.0312129783,301.18482157385046,1.0226123128084779,105
5675000,22800.00000280997,-512415.7916427059,300.9497245106133,1.0254443622123908,105
5680000,22820.000002814046,-511104.5269742876,301.9789823977945,1.0256013542209432,105
5685000,22840.00000281812,-510072.2849970709,300.70456435637277,1.0260000754097611,105
5690000,22860.000002822195,-512104.3530836399,302.9938014111237,1.031824435667236,105
5695000,22880.00000282627,-512444.3106421549,298.3969158586915,1.0258330599051682,105
5700000,22900.000002830344,-510889.39404642116,302.7026081001124,1.0273650509430186,105
5705000,22920.00000283442,-511893.451206262,301.44516380849046,1.026768654038966,105
5710000,22940.000002838493,-511768.8392022429,299.01251982977993,1.0283439094095783,105
5715000,22960.000002842567,-511663.1539339931,300.71867319271695,1.0242162221969138,105
5720000,22980.000002846642,-509101.0560150298,300.9512908219365,1.0244742542795646,105
5725000,23000.000002850717,-510203.98713143775,301.9313501020177,1.023026882692695,105
5730000,23020.00000285479,-510988.94226505235,298.3969842551078,1.0262518019511901,105
5735000,23040.000002858866,-510752.8887995726,301.5570859028134,1.0265065779820175,105
5740000,23060.00000286294,-511108.17228213744,300.5374261575936,1.0277776059353454,105
5745000,23080.000002867015,-511011.0053311875,301.88948764816604,1.0258734247795585,105
5750000,23100.00000287109,-510798.11242684815,301.70154980736515,1.0241827505484888,105
5755000,23120.000002875164,-510701.8796079422,301.53985371263946,1.026118917664903,105
5760000,23140.00000287924,-511154.6767646787,301.2846569625055,1.0270333635088265,105
5765000,23160.000002883313,-510631.5933952129,300.2998012513995,1.0256766391566217,105
5770000,23180.000002887387,-511441.90719927754,299.4283776623405,1.0259059288849206,105
5775000,23200.000002891462,-511086.37561862613,301.2874405011169,1.026788972730727,105
5780000,23220.000002895536,-511257.16329581966,301.30646730776124,1.0290703095592493,105
5785000,23240.00000289961,-511606.04468547646,299.43721677341614,1.0286978427891358,105
5790000,23260.000002903686,-509471.8770129925,301.2181223131767,1.0223150824501346,105
5795000,23280.00000290776,-511312.6205141498,300.8914328093482,1.0261374375589265,105
5800000,23300.000002911835,-511087.5519617433,301.94573170477713,1.0281912570660008,105
5805000,23320.00000291591,-510923.61075576954,300.24424592193714,1.023066930961384,105
5810000,23340.000002919984,-511673.2433823983,300.78148508175485,1.0306644771791125,105
5815000,23360.00000292406,-511069.78209074447,302.1441423003,1.0224552935075595,105
5820000,23380.000002928133,-511569.2742368027,304.55357591523574,1.0261212405306739,105
5825000,23400.000002932207,-512114.60977841355,302.26594483055345,1.0282889733552492,105
5830000,23420.00000293628,-512465.0711736141,301.70740626486975,1.0303539577401315,105
5835000,23440.000002940356,-510957.3001226152,299.5203674101513,1.0286956981713082,105
5840000,23460.00000294443,-511157.94963839767,298.10459600476094,1.0282847550366838,105
5845000,23480.000002948505,-512347.00357295317,303.49195633422437,1.0252111969664786,105
5850000,23500.00000295258,-511102.37144520064,301.92787983229454,1.0274651731757463,105
5855000,23520.000002956654,-511580.1584543586,300.27320824498406,1.0225885853260566,105
5860000,23540.00000296073,-510367.74070618814,298.5343635310596,1.0246561563605525,105
5865000,23560.000002964804,-511491.3104617961,300.6264371927302,1.0265020809682637,105
5870000,23580.000002968878,-510070.5280834809,302.1298977783563,1.0243611221591322,105
5875000,23600.000002972953,-511276.7844857015,299.2230410192366,1.0282275755726418,105
5880000,23620.000002977027,-511283.83649374126,301.104375306732,1.026572916254329,105
5885000,23640.0000029811,-510750.01609187876,299.8263023539396,1.0262190102035766,105
5890000,23660.000002985176,-511110.3639764511,300.10269132136125,1.0259049840993455,105
5895000,23680.00000298925,-510081.7735373399,300.35153549421926,1.0265709008298287,105
5900000,23700.000002993325,-510746.0261118079,299.8422557470775,1.027092152405338,105
5905000,23720.0000029974,-511716.73104044236,302.08445196368234,1.023405113293372,105
5910000,23740.000003001474,-509976.5216984735,300.3472168585954,1.0240042016901552,105
5915000,23760.00000300555,-510920.8710956306,302.4723789355044,1.0269642627198579,105
5920000,23780.000003009623,-512103.5256932019,298.9514453411807,1.0284699941592261,105
5925000,23800.000003013698,-511499.82512123836,299.66514421733973,1.0249548721815434,105
5930000,23820.000003017773,-510822.0674286913,304.31787039066694,1.0233666266963197,105
5935000,23840.000003021847,-510140.64106218144,301.2755486651003,1.0254606304621987,105
5940000,23860.00000302592,-511268.3076565543,302.72035590194287,1.0222075689404275,105
5945000,23880.000003029996,-510848.29565664683,296.65852397689093,1.0322969581914783,105
5950000,23900.00000303407,-510440.2882641237,301.7427132155411,1.0242939565768758,105
5955000,23920.000003038145,-511278.3681687801,302.31014918521953,1.029617027039366,105
5960000,23940.00000304222,-510160.5287416845,301.57783328138817,1.025785483501285,105
5965000,23960.000003046294,-510259.747426732,303.16199366953344,1.0320509609315602,105
5970000,23980.00000305037,-510720.15930460696,303.9240121281442,1.0242380668669582,105
5975000,24000.000003054443,-512383.0541776002,301.619702367069,1.0277003275883871,105
5980000,24020.000003058518,-511315.3002799719,300.06980555265966,1.0273437731535795,105
5985000,24040.000003062592,-510299.58300481737,302.0599037116526,1.025483172870865,105
5990000,24060.000003066667,-510692.5392546039,299.5303165489851,1.0262102648158702,105
5995000,24080.00000307074,-510363.200046808,299.15018159910477,1.0257176360628475,105
6000000,24100.000003074816,-510680.0817135533,300.5033106361283,1.0267935215302424,105
6005000,24120.00000307889,-510899.69800138264,302.78833619924205,1.0303703977226142,105
6010000,24140.000003082965,-510706.7878712979,302.8342848075262,1.025188328842127,105
6015000,24160.00000308704,-511378.2607398082,299.50566141561325,1.0268101102235403,105
6020000,24180.000003091114,-509692.034404455,302.33286533132605,1.020376091199591,105
6025000,24200.00000309519,-510064.00703796255,301.9045054118585,1.0254348386800616,105
6030000,24220.000003099263,-511010.30474156816,298.48131399956515,1.0259735585761651,105
6035000,24240.000003103338,-509845.4602169732,301.5997312784994,1.0247090162194574,105
6040000,24260.000003107412,-510946.5249279265,300.3126727734504,1.02717088030134,105
6045000,24280.000003111487,-511681.79877134366,301.28946323491033,1.0304529850519923,105
6050000,24300.00000311556,-510557.28215318266,299.753520655345,1.0248287170566661,105
6055000,24320.000003119636,-511472.44077100884,301.1533114186844,1.0246305807194085,105
6060000,24340.00000312371,-510862.24969891994,301.0278655296436,1.0228637469912434,105
6065000,24360.000003127785,-511304.96976535744,303.69442451503477,1.0290633878978592,105
6070000,24380.00000313186,-510181.9704183305,300.6593566947223,1.0245831410225432,105
6075000,24400.000003135934,-510949.28983228817,297.4536257887258,1.0273493325141108,105
6080000,24420.00000314001,-510729.8627767961,301.37083643991645,1.0287124811413788,105
6085000,24440.000003144083,-512050.8486027529,302.40708517729934,1.026433022993769,105
6090000,24460.000003148158,-512316.40957046906,298.5055602344514,1.0253012084215274,105
6095000,24480.000003152232,-511202.8751226731,300.6462520924415,1.0302757510446785,105
6100000,24500.000003156307,-510941.92187370174,299.82347206458905,1.027129712640934,105
6105000,24520.00000316038,-512073.0469728247,298.6308794319863,1.0282571621615904,105
6110000,24540.000003164456,-511354.59547179984,299.89895018860676,1.0311023158491006,105
6115000,24560.00000316853,-511044.36891409615,301.1459535329193,1.0256121746628293,105
6120000,24580.000003172605,-512136.6956603194,299.44466565576005,1.0249157276607397,105
6125000,24600.00000317668,-510658.5014194718,300.30040642848644,1.0255216066251607,105
6130000,24620.000003180754,-512062.56193955266,298.3861354481106,1.033429156864894,105
6135000,24640.00000318483,-512108.1285529018,301.82387746920915,1.028793858599476,105
6140000,24660.000003188903,-511280.389909195,299.8603706004933,1.0258405200617653,105
6145000,24680.000003192978,-512170.5510156958,301.42092671754745,1.0309196955763749,105
6150000,24700.000003197052,-509525.35080438666,300.87004856775206,1.0202356154810661,105
6155000,24720.000003201127,-510693.3787517296,299.7794837619935,1.0263708343089508,105
6160000,24740.0000032052,-509626.0407942969,304.20832223527214,1.026066177429802,105
6165000,24760.000003209276,-511522.92059399164,302.5714395563553,1.0263793664568763,105
6170000,24780.00000321335,-511646.2497618806,300.65293239459817,1.0309165998616472,105
6175000,24800.000003217425,-510235.6741296211,299.5521897853791,1.0257480650371849,105
6180000,24820.0000032215,-510552.862436509,300.5712617023942,1.023736150098263,105
6185000,24840.000003225574,-510426.91209509363,298.13899654609355,1.0234944548247478,105
6190000,24860.00000322965,-510899.69568954315,299.8114152741316,1.0259553224131317,105
6195000,24880.000003233723,-510598.342755568,303.3631263600417,1.0247106193952853,105
6200000,24900.000003237798,-511084.470525356,302.4978634085073,1.0253554871249368,105
6205000,24920.000003241872,-511816.36428175145,301.49780061420745,1.0283563574908081,105
6210000,24940.000003245947,-511301.4892128445,301.98821397965077,1.0253191265530632,105
6215000,24960.00000325002,-512625.73749685637,299.80938251756146,1.030773334654345,105
6220000,24980.000003254096,-511196.8218377882,299.0544945624301,1.0215874273165457,105
6225000,25000.00000325817,-511023.4547577938,302.4974668426583,1.027677132384064,105
6230000,25020.000003262245,-510546.1783872375,301.4461548186961,1.0246461583260622,105
6235000,25040.00000326632,-512023.66605933127,300.8823811545629,1.0267102548818086,105
6240000,25060.000003270394,-509984.69846120384,299.90270098943006,1.0243094914033861,105
6245000,25080.00000327447,-511797.9045184981,299.39396550133966,1.0283138537876906,105
6250000,25100.000003278543,-511764.70153092407,297.967416446342,1.0264472351375957,105
6255000,25120.000003282617,-511224.99091905355,301.95617361319086,1.0259554455094437,105
6260000,25140.000003286692,-510740.0958442965,303.12898340180396,1.0228523701381678,105
6265000,25160.000003290766,-511189.0800105019,302.13358134937806,1.0284323453615385,105
6270000,25180.00000329484,-511581.14337984635,298.50077901141697,1.027063711868711,105
6275000,25200.000003298916,-511696.1586515708,303.1196735470373,1.0296889278164931,105
6280000,25220.00000330299,-510694.87286859355,303.49734231493466,1.024876514030862,105
6285000,25240.000003307065,-511903.1131274651,300.52521276906447,1.0271467821582296,105
6290000,25260.00000331114,-510742.96086454624,300.69091998937677,1.025436063550494,105
6295000,25280.000003315214,-511650.7428142957,303.2633543895122,1.0287748697299384,105
6300000,25300.00000331929,-511632.89001016645,299.5726288084846,1.0298309422114984,105
6305000,25320.000003323363,-510343.7067824516,300.4489149409691,1.0267808291811888,105
6310000,25340.000003327437,-510353.9727756344,301.09631213574323,1.025802827951274,105
6315000,25360.000003331512,-511387.10675816564,299.66783974078186,1.0280467815247392,105
6320000,25380.000003335586,-510694.27009969694,302.2146722286722,1.0255742183249033,105
6325000,25400.00000333966,-511111.2134439051,302.325966926009,1.028201771760844,105
6330000,25420.000003343735,-511130.2473851107,299.4685525809855,1.0270033644063883,105
6335000,25440.00000334781,-511073.43464428117,300.9934929930637,1.0234059482631648,105
6340000,25460.000003351885,-512145.30926325754,302.645585708587,1.0291583285894763,105
6345000,25480.00000335596,-510610.80649778666,299.7497475819532,1.0282092643602125,105
6350000,25500.000003360034,-510361.1152675578,301.6306401169843,1.026006496267035,105
6355000,25520.000003364108,-510160.94584472827,299.65386341099025,1.0279234181917634,105
6360000,25540.000003368183,-510574.31425207737,302.09256362198397,1.0272056475102511,105
6365000,25560.000003372257,-509672.6693063446,300.88794388877596,1.0269421990503582,105
6370000,25580.00000337633,-510156.34210928576,302.50515053603823,1.0257894909072607,105
6375000,25600.000003380406,-511708.27043105173,302.11339925496486,1.0248157740088306,105
6380000,25620.00000338448,-511022.1724513585,301.3402410364059,1.0283497411754297,105
6385000,25640.000003388555,-510469.2123228393,301.757888267328,1.0256866435638616,105
6390000,25660.00000339263,-511133.6415666924,299.54447703970897,1.0254697371456813,105
6395000,25680.000003396704,-511238.62923620804,297.259566996398,1.0243613119492143,105
6400000,25700.00000340078,-510783.63557365723,298.4903752779388,1.0259095276535248,105
6405000,25720.000003404853,-511423.37360393093,300.2318664798292,1.0258042247626178,105
6410000,25740.000003408928,-511497.5869799629,301.0179046082284,1.0276728801256354,105
6415000,25760.000003413003,-511742.4302912075,298.61364744600274,1.0252943424726204,105
6420000,25780.000003417077,-511126.3374416388,302.60524606741023,1.025662146102424,105
6425000,25800.00000342115,-512319.6012117078,305.6577863146886,1.0291238023648615,105
6430000,25820.000003425226,-510268.56918907305,299.79088071108964,1.0235199849213859,105
6435000,25840.0000034293,-511206.8458956969,301.0065781810234,1.0275650084384484,105
6440000,25860.000003433375,-510285.111196846,302.7271893992179,1.0250118741070307,105
6445000,25880.00000343745,-510834.50600030227,302.8910058870729,1.0293005186026065,105
6440000,25860.000003433375,-510250.3783613299,300.8091404600919,1.022175482737549,0
6445000,25880.00000343745,-511314.21414039633,302.5419161306871,1.027158674476216,104
6450000,25900.000003441524,-510858.30586430733,301.7191603300801,1.0277519547698772,103
6455000,25920.0000034456,-512299.92705873563,300.8185044067983,1.0245208748306918,103
6460000,25940.000003449673,-511021.6507745094,301.3770859225417,1.0242928608413921,103
6465000,25960.000003453748,-510091.0414374997,298.2014546247485,1.0225226994639036,103
6470000,25980.000003457822,-512205.5826735296,299.5327308890234,1.024560507607385,103
6475000,26000.000003461897,-511575.5719904357,301.57340969343005,1.02362237734571,103
6480000,26020.00000346597,-511018.3427542364,302.95479517783826,1.0248272063432775,103
6485000,26040.000003470046,-511920.4035532933,300.33581079332475,1.0246912978263756,103
6490000,26060.00000347412,-511163.2174353795,301.29368275946536,1.02722497461759,103
6495000,26080.000003478195,-510941.7450087399,301.27778785149866,1.0244893292330792,103
6500000,26100.00000348227,-511210.744458694,300.5250762058796,1.0290668155494644,103
6505000,26120.000003486344,-511189.65094800084,303.54506789012487,1.0263253118726487,103
6510000,26140.00000349042,-511233.9704377444,299.49388006247545,1.0289657759765338,103
6515000,26160.000003494493,-511889.2496273753,302.59787949745834,1.0265978824244093,103
6520000,26180.000003498568,-510454.56151092285,300.15832823569593,1.0268445697133992,103
6525000,26200.000003502642,-511062.1900073297,299.9580239485063,1.025694469093502,103
6530000,26220.000003506717,-511304.5480426238,301.0290888994668,1.0283780481528362,103
6535000,26240.00000351079,-510336.2794055694,301.06050798004014,1.0271765011604022,103
6540000,26260.000003514866,-511134.4119985746,301.0707088268943,1.0246746339999244,103
6545000,26280.00000351894,-510737.06211239053,301.7300130992725,1.0247509892538451,103
6550000,26300.000003523015,-510992.1442975416,300.7379593530339,1.027439698419428,103
6555000,26320.00000352709,-511381.67989846994,298.53122022471894,1.0261610662829432,103
6560000,26340.000003531164,-510523.314917475,300.6000010547436,1.0247569865810051,103
6565000,26360.00000353524,-510828.085743814,300.67693701690536,1.0269779131900623,103
6570000,26380.000003539313,-510471.9450924136,302.74006274583013,1.0276095367571436,103
6575000,26400.000003543388,-511497.8896576606,300.34447787429383,1.0235731595653017,103
6580000,26420.000003547462,-511930.27161028935,301.1906328633057,1.029521451285517,103
6585000,26440.000003551537,-511744.3175530501,299.889645777176,1.0269261809521173,103
6590000,26460.00000355561,-511023.9985438371,301.58103116477986,1.0265606705236765,103
6595000,26480.000003559686,-511128.8796246948,300.7295248452428,1.0271835324112872,103
6600000,26500.00000356376,-512468.82957566064,300.81004246289916,1.0281137603470751,103
6605000,26520.000003567835,-511326.84738194407,302.4222134436422,1.0263889420020826,103
6610000,26540.00000357191,-510518.89440059266,301.0128152125904,1.024250459463554,103
6615000,26560.000003575984,-509852.35911150486,300.55037878871315,1.0197770677127027,103
6620000,26580.00000358006,-510830.2291802915,300.91488172627714,1.0281579258553641,103
6625000,26600.000003584133,-511568.3277872079,302.6066087380536,1.0252470798920745,103
6630000,26620.000003588208,-510490.1562035214,303.2110544177195,1.0267350599869336,103
6635000,26640.000003592282,-511879.1622447991,298.7442596828943,1.0309395944571398,103
6640000,26660.000003596357,-510402.8779821964,298.37147231151613,1.0213254931296865,103
6645000,26680.00000360043,-511724.2100665122,299.61638532713386,1.0264534645135208,103
6650000,26700.000003604506,-512758.56425993727,301.1256103520365,1.0272605056542081,103
6655000,26720.00000360858,-511710.89982563234,301.17108536473893,1.0264108380127588,103
6660000,26740.000003612655,-510180.5499211296,302.89610169008387,1.0228323773748362,103
6665000,26760.00000361673,-511670.9562501863,303.23759945478645,1.0270186958935912,103
6670000,26780.000003620804,-511090.42341948114,299.49231241224123,1.0246685948409857,103
6675000,26800.00000362488,-510304.94531215215,304.24217688943395,1.027698583963596,104
6680000,26820.000003628953,-510357.4530456064,302.88997667957693,1.0263984000580546,104
6685000,26840.000003633028,-511024.2453272932,302.3969125869722,1.0253467839911714,104
6690000,26860.000003637102,-511511.9860635011,303.28500504154755,1.0225212356246998,104
6695000,26880.000003641177,-511482.6719372426,302.31059957184704,1.0227074672354874,104
6700000,26900.00000364525,-510986.5510748816,303.28868589989474,1.0258447149837766,104
6705000,26920.000003649326,-510834.02265908825,299.44581071300513,1.0219281706439194,104
6710000,26940.0000036534,-510218.42677976214,302.67908420599986,1.0270635607076934,104
6715000,26960.000003657475,-510652.1927617036,299.2186139746682,1.0246456683824368,104
6720000,26980.00000366155,-510316.92095214943,302.23005756794066,1.0255298555125363,104
6725000,27000.000003665624,-511727.1735531739,299.615157348097,1.0234536604288573,104
6730000,27020.0000036697,-511246.8394905948,301.08394674522896,1.0273436879393032,104
6735000,27040.000003673773,-510049.40729253995,300.66613331722186,1.0249033629868172,104
6740000,27060.000003677847,-510576.1152471574,300.7715158963497,1.0267220768019203,104
6745000,27080.000003681922,-511819.40044558025,303.2713583432569,1.0289610954412045,104
6750000,27100.000003685996,-512112.40224566613,302.2685998408912,1.0285655911933234,104
6755000,27120.00000369007,-510045.45784280985,299.1081292711677,1.0278837082952925,104
6760000,27140.000003694146,-511494.20340855164,302.1823644032551,1.0267416078086844,104
6765000,27160.00000369822,-509722.49440782564,302.2571084480717,1.0275791296682104,104
6770000,27180.000003702295,-509842.85084951296,301.54053543579687,1.0306765347508546,104
6775000,27200.00000370637,-511019.04850196536,302.8517668700669,1.027267703379332,104
6780000,27220.000003710444,-511348.53264165623,301.52508960484624,1.0307501818604552,104
6785000,27240.00000371452,-511316.3978889182,300.67899046245634,1.0287810308831156,104
6790000,27260.000003718593,-510878.2702854676,300.7903944750469,1.0264274641862439,104
6795000,27280.000003722667,-511828.763770472,302.23153431442154,1.0286317484589986,105
6800000,27300.000003726742,-510777.977019056,303.42640820617873,1.0218575654441766,105
6805000,27320.000003730816,-510692.06755582173,305.1866298227914,1.0290885813920025,105
6810000,27340.00000373489,-511682.3711456782,300.17148025407243,1.027783800434873,105
6815000,27360.000003738965,-511117.91547762114,301.5451394833977,1.0245829150373162,105
6820000,27380.00000374304,-511710.1330024651,296.68836476605526,1.0252520760888981,105
6825000,27400.000003747115,-510901.9016546714,300.47188471647223,1.027313006829345,105
6830000,27420.00000375119,-512385.06446913374,301.3107311074104,1.0288803904792434,105
6835000,27440.000003755264,-512585.61392256874,300.335226637446,1.0275808806428104,105
6840000,27460.000003759338,-510691.96602033055,301.5185574725156,1.0254438496151972,105
6845000,27480.000003763413,-511058.76965083205,301.68828855284363,1.0253114367001472,105
6850000,27500.000003767487,-510960.91702602664,301.97699769640343,1.0226947643011735,105
6855000,27520.00000377156,-511500.3513508835,304.40365099487235,1.0276295654414642,105
6860000,27540.000003775636,-511104.2392818392,301.8568432803666,1.0238748438455967,105
6865000,27560.00000377971,-510695.0045843506,302.22407539377195,1.0285996479808222,105
6870000,27580.000003783785,-511523.01997671975,301.0862533386302,1.0311344068660973,105
6875000,27600.00000378786,-511373.0910604235,297.45726432249995,1.027234293331829,105
6880000,27620.000003791934,-510002.5197947277,300.3667726042749,1.0240333914397923,105
6885000,27640.00000379601,-511057.1079477153,302.0104791550116,1.0236606990073644,105
6890000,27660.000003800084,-510897.3663574888,298.99474466663094,1.0246415736963705,105
6895000,27680.000003804158,-510246.100842546,300.74301225510766,1.0251613122961658,105
6900000,27700.000003808233,-511872.67985237064,299.7978561712736,1.0282115236600262,105
6905000,27720.000003812307,-511648.1365562035,301.0849966175309,1.025641869431541,105
6910000,27740.00000381638,-510847.91006092215,301.16110971667644,1.0294681694131413,105
6915000,27760.000003820456,-511566.7426026885,301.0084892041899,1.0246134910100884,105
6920000,27780.00000382453,-511078.9301087917,302.5617823292965,1.0276225436140412,105
6925000,27800.000003828605,-510241.5927362703,301.1128864229259,1.0256174046233073,105
6930000,27820.00000383268,-511117.6898650646,301.6663998519288,1.0246482315433803,105
6935000,27840.000003836754,-510030.81076177466,302.3975365769177,1.028355004241117,105
6940000,27860.00000384083,-510428.7150507441,302.62219676109186,1.023386011842611,105
6945000,27880.000003844903,-511227.22238986264,301.2467089855664,1.0273983913537252,105
6950000,27900.000003848978,-509265.5390146079,298.79464351413895,1.0256179437987343,105
6955000,27920.000003853052,-511561.0176674824,303.1373643447922,1.0268343721954531,105
6960000,27940.000003857127,-510116.3601694652,302.8642857755929,1.0293331302620634,105
6965000,27960.0000038612,-510324.86414011824,299.98211231558946,1.0277675263084372,105
6970000,27980.000003865276,-509544.7921519752,300.55197243373823,1.022296642742262,105
6975000,28000.00000386935,-511663.47866103705,300.1476703872884,1.0282742669057394,105
6980000,28020.000003873425,-511017.1456130764,298.1939941581688,1.0226301725854832,105
6985000,28040.0000038775,-510811.3448482137,300.6137921236756,1.0293786413610044,105
6990000,28060.000003881574,-510981.14924127236,300.264169169621,1.026325549329045,105
6995000,28080.00000388565,-512600.01985020796,300.77269542756375,1.0316496227979473,105
7000000,28100.000003889723,-511333.77146854857,301.5425685956338,1.0276521914123808,105
7005000,28120.000003893798,-511185.2675627426,299.2206659564841,1.022659668355696,105
7010000,28140.000003897872,-511349.7255113274,298.62575799931585,1.0284286397551392,105
7015000,28160.000003901947,-510270.26447476656,302.85336760236396,1.0276203719297523,105
7020000,28180.00000390602,-511138.13266097987,299.5188774893252,1.0288324358366543,105
7025000,28200.000003910096,-511123.32475146325,299.35457004032315,1.0227119029288552,105
7030000,28220.00000391417,-510678.7941673305,299.083255944133,1.0259713593140791,105
7035000,28240.000003918245,-511252.36923686136,299.0616081241756,1.0271873797272342,105
7040000,28260.00000392232,-509933.81465675915,299.05197771823373,1.0275647358299584,105
7045000,28280.000003926394,-511995.6523017357,303.0893696013312,1.0307134053199132,105
7050000,28300.00000393047,-510556.9536679541,304.78907540249156,1.0227704996671487,105
7055000,28320.000003934543,-510266.9174242881,299.98032047865445,1.0268548709628398,105
7060000,28340.000003938618,-510544.96738226013,299.32543744812097,1.0278830285422185,105
7065000,28360.000003942692,-511494.7017242492,301.24279528662964,1.0238473913400554,105
7070000,28380.000003946767,-509711.0113730349,301.2336366843328,1.023464452119678,105
7075000,28400.00000395084,-512184.47936544917,301.96492303611257,1.0288534728515155,105
7080000,28420.000003954916,-511200.57823324506,298.0235202464453,1.0280055739179639,105
7085000,28440.00000395899,-511684.0756637349,301.0927815238227,1.0283075372639152,105
7090000,28460.000003963065,-510925.4875360178,300.91320421485864,1.0245540729775156,105
7095000,28480.00000396714,-511599.94669816433,300.5946253111618,1.026434335269772,105
7100000,28500.000003971214,-509782.75644763326,300.5415342036419,1.0256900139199672,106
7105000,28520.00000397529,-510238.9919966459,301.1453124130632,1.0223236536506997,106
7110000,28540.000003979363,-511788.3261282344,302.4295625030424,1.0252394222459482,106
7115000,28560.000003983438,-510916.2726425461,300.10505778895663,1.0246385952993253,106
7120000,28580.000003987512,-512205.8141738849,300.7355385638224,1.030156566300848,106
7125000,28600.000003991587,-510608.38805350265,299.624693711775,1.0253938967696685,106
7130000,28620.00000399566,-511263.19558419427,302.301065599932,1.026211725696652,106
7135000,28640.000003999736,-510218.5115267481,302.64137295775856,1.0227758523867774,106
7140000,28660.00000400381,-510409.51125203585,299.86844282065005,1.0244206128907687,106
7145000,28680.000004007885,-510507.9223962729,300.924965162784,1.0262874884652657,106
7150000,28700.00000401196,-510352.59763985267,302.44990938246156,1.0275473782089197,106
7155000,28720.000004016034,-512151.5883918889,301.14035855275137,1.0258241271310131,106
7160000,28740.00000402011,-510666.58999178675,301.9598510754824,1.0295509253133432,106
7165000,28760.000004024183,-510848.10499528074,299.1618810055342,1.023546143962546,106
7170000,28780.000004028258,-511198.1339338864,298.92666929346916,1.0230315772738494,106
7175000,28800.000004032332,-511231.1792617608,303.0070373516143,1.026700980961629,106
7180000,28820.000004036407,-511091.47952717636,299.7971878526418,1.0265515981784021,106
7185000,28840.00000404048,-511671.5780458667,303.0982838183432,1.0244699280087,106
7190000,28860.000004044556,-511479.1104180396,299.96296931974,1.0273446844992669,106
7195000,28880.00000404863,-511405.57444713404,303.21305251881137,1.027739871580362,106
7200000,28900.000004052705,-511260.07714359346,303.48457504121023,1.0271645195306505,106
7205000,28920.00000405678,-511136.572864786,300.4862063472211,1.0310696110994835,106
7210000,28940.000004060854,-512397.7984004547,298.8167240209888,1.03289305552932,106
7215000,28960.00000406493,-512097.0627729874,302.3714256640573,1.028015749374242,106
7220000,28980.000004069003,-509872.3699230356,303.08681348951546,1.0213601366332734,106
7225000,29000.000004073077,-511485.8804589207,301.4093366711469,1.0293799845627538,106
7230000,29020.000004077152,-510261.40032846224,299.7519251407093,1.0232121338896627,106
7235000,29040.000004081227,-512048.84939003387,302.6819851204547,1.026210590749748,106
7240000,29060.0000040853,-511500.82166812615,301.912482247166,1.0261710216251148,106
7245000,29080.000004089376,-512283.0488028631,300.96143071254534,1.0276143319540267,106
7250000,29100.00000409345,-511167.6566709189,302.5950194411387,1.0285944296082858,106
7255000,29120.000004097525,-510495.311030583,301.9285642751496,1.0265574648146976,106
7260000,29140.0000041016,-511097.23382901796,301.2484573449292,1.0253661464949477,106
7265000,29160.000004105674,-511602.5317433069,300.4409053359239,1.0249207005938317,106
7270000,29180.00000410975,-509821.140292302,303.89992988388957,1.024185760326597,106
7275000,29200.000004113823,-511321.13635709975,299.80976611077665,1.030583401392136,106
7280000,29220.000004117897,-512486.492107959,299.8382837614916,1.0276512956048742,106
7285000,29240.000004121972,-512574.62270102557,304.2975359508462,1.0305288127352872,106
7290000,29260.000004126046,-511185.66192692006,299.88228177539486,1.0257236969629824,106
7295000,29280.00000413012,-510846.2852752933,300.7557678261875,1.0268726502842491,106
7300000,29300.000004134195,-511195.15062747034,301.8084767805664,1.025321628400157,106
7305000,29320.00000413827,-511537.50353453355,301.66438368727813,1.029843605875625,106
7310000,29340.000004142345,-511636.88623793144,304.48850737561753,1.0257602155052237,106
7315000,29360.00000414642,-511436.191597824,301.7665594419575,1.0251071476452882,106
7320000,29380.000004150494,-511325.5521183165,299.72161010103775,1.0237643301021342,106
7325000,29400.000004154568,-512123.043601817,302.4265490084993,1.0267604815827969,106
7330000,29420.000004158643,-511153.62119813357,300.9204286032117,1.0293406169762662,106
7335000,29440.000004162717,-511771.50902258814,301.56384393878693,1.025452886674158,106
7340000,29460.00000416679,-510868.00030166167,301.98948976045347,1.02677488534275,106
7345000,29480.000004170866,-510796.6580248885,301.8805328877501,1.024431635602693,106
7350000,29500.00000417494,-511839.67003019433,300.04586923284717,1.0231308685714866,106
7355000,29520.000004179015,-511228.3956604281,300.91002760379956,1.0271344312369648,106
7360000,29540.00000418309,-511018.4189837123,302.7114308065807,1.0253392562166785,106
7365000,29560.000004187164,-510859.27557206806,298.91488696454854,1.0218642896328922,106
7370000,29580.00000419124,-511591.1926424017,303.6703496948446,1.0284041686416923,106
7375000,29600.000004195314,-511660.3917301735,300.0547448612659,1.026555745963252,106
7380000,29620.000004199388,-510156.50579916174,300.9538381283953,1.0285446739711934,106
7385000,29640.000004203463,-511330.68607588205,301.10921256179256,1.0320888050113288,106
7390000,29660.000004207537,-512464.7618961313,300.310557583917,1.0284978311809028,106
7395000,29680.00000421161,-512378.2068041365,302.61633861337,1.025181432319481,106
7400000,29700.000004215686,-511006.82759717177,300.28186021766345,1.0295107263868795,106
7405000,29720.00000421976,-510763.83833236946,299.1431239918143,1.0264039321902148,106
7410000,29740.000004223835,-510445.36317912815,301.4941016736174,1.023425828553817,106
7415000,29760.00000422791,-510709.44570703804,300.5130047913098,1.0273122833908817,106
7420000,29780.000004231984,-511904.3256702584,299.2313213003934,1.025887816316746,106
7425000,29800.00000423606,-510861.37574591464,303.3957196505568,1.0300041901603154,106
7430000,29820.000004240133,-512487.55379918497,300.1130102556736,1.02907638037303,106
7435000,29840.000004244208,-510802.22586128744,301.63736021267647,1.0255567149661138,106
7440000,29860.000004248282,-512740.9339138875,300.6390517385715,1.027190280860919,106
7445000,29880.000004252357,-510693.9550880138,301.4667469584794,1.0230953410137855,106
7450000,29900.00000425643,-510969.3401755851,300.1752468769562,1.0285970318608966,106
7455000,29920.000004260506,-510105.82782344567,302.8411258284564,1.0257751048986228,106
7460000,29940.00000426458,-509765.77650848054,296.7890703593057,1.0262480241477958,106
7465000,29960.000004268655,-511326.94301592954,301.112575175112,1.0262215344910575,106
7470000,29980.00000427273,-510831.14398494107,299.032090046645,1.027221328639154,106
7475000,30000.000004276804,-510883.89549456444,299.83865626237207,1.0273918309844698,106
7480000,30020.00000428088,-510837.93424561387,298.9406291130784,1.0241596424758055,106
7485000,30040.000004284953,-511088.60739674396,299.26971184495153,1.0249666275895124,106
7490000,30060.000004289028,-511266.72624187917,299.2508024655692,1.0254486196221597,106
7495000,30080.000004293102,-510848.78871916747,301.8117488124941,1.027064526216435,106
7500000,30100.000004297177,-511473.4922650028,301.59138096131323,1.0262138579795372,106
7505000,30120.00000430125,-510838.6343017344,303.1029679253678,1.02980038321378,106
7510000,30140.000004305326,-510658.10501373257,299.6404265768091,1.0260621173289688,106
7515000,30160.0000043094,-511028.96347473725,301.7299172667112,1.0232150875709456,106
7520000,30180.000004313475,-511057.1440158768,302.41676146258436,1.025397019782733,106
7525000,30200.00000431755,-510775.3607444032,299.43279051921144,1.0269639064623852,106
7530000,30220.000004321624,-510944.6144358241,303.82132409211573,1.025909036663787,106
7535000,30240.0000043257,-510769.48239112063,300.28504554339594,1.0241163637202706,106
7540000,30260.000004329773,-512136.4149614796,300.1714671396084,1.025924066731641,106
7545000,30280.000004333848,-512157.515313894,298.34623687209563,1.025880343627263,106
7550000,30300.000004337922,-510640.1132399633,299.59888713336386,1.0231913894341014,106
7555000,30320.000004341997,-512655.0677836742,298.4329263295375,1.0269072151186358,106
7560000,30340.00000434607,-511016.5376520527,300.5722651785329,1.0302213815185002,106
7565000,30360.000004350146,-511373.5220196177,300.91384898166405,1.0240950053075397,106
7570000,30380.00000435422,-511413.46511836676,299.63212130901536,1.0244999740214829,106
7575000,30400.000004358295,-510739.8624785766,302.1734174811106,1.0275208718943825,106
7580000,30420.00000436237,-510234.6304163046,300.606427077371,1.0269666511068225,106
7585000,30440.000004366444,-511431.59111121204,299.82632816873473,1.028228171855263,106
7590000,30460.00000437052,-511811.6415841307,301.82759807950225,1.02700210561447,106
7595000,30480.000004374593,-510432.1815179032,300.8932676026006,1.0216399044786388,106
7600000,30500.000004378668,-511785.67864454235,300.72496488519914,1.0279947457114171,106
7605000,30520.000004382742,-510854.12644623406,301.0428388126643,1.0266512642625667,106
7610000,30540.000004386817,-511733.1043439179,300.2382744368644,1.0264151932102747,106
7615000,30560.00000439089,-510525.1276846186,302.6573568933351,1.031502978253543,106
7620000,30580.000004394966,-510085.80646816595,299.79608094639485,1.0229259831335584,106
7625000,30600.00000439904,-510756.2867503159,302.04432668508605,1.029150041101707,106
7630000,30620.000004403115,-511699.47092872835,301.01408666634103,1.0294055570983252,106
7635000,30640.00000440719,-510139.80122958124,299.47530863799494,1.0242535158541888,106
7640000,30660.000004411264,-511250.589223454,299.8106370103823,1.023165098958961,106
7645000,30680.00000441534,-511944.4042854337,300.4886772662386,1.0209405779897271,106
7650000,30700.000004419413,-509905.5569513538,304.56141781001594,1.0227775664497372,106
7655000,30720.000004423488,-511424.58064476564,301.6781157748845,1.0261608617082913,106
7660000,30740.000004427562,-511045.54196477775,299.6126408340905,1.0256018144815013,106
7665000,30760.000004431637,-511594.3410566398,301.3488333500742,1.0275934378260685,106
7670000,30780.00000443571,-510481.8214492004,299.61729109621405,1.0233175165961057,106
7675000,30800.000004439786,-510879.9694923458,303.7267950198782,1.0236658777333674,106
7680000,30820.00000444386,-511443.8642034447,299.8487474613751,1.026191901429669,106
7685000,30840.000004447935,-511468.65087852,298.19140389288435,1.0307669510343394,106
7690000,30860.00000445201,-511777.4962139274,301.3738468301218,1.0268704671644342,106
7695000,30880.000004456084,-512112.2769116922,301.5061073415356,1.0302250779922333,106
7700000,30900.00000446016,-510870.25325921085,301.3777862759797,1.0254284717437112,106
7705000,30920.000004464233,-510399.78762013116,297.7856502730804,1.0230619109567682,106
7710000,30940.000004468307,-512265.75965847704,300.6479342308807,1.0290392621017392,106
7715000,30960.000004472382,-510968.38331980957,300.309205959643,1.026932468329396,106
7720000,30980.000004476457,-510220.78333219397,300.9170359540313,1.0262422894799834,106
7725000,31000.00000448053,-511486.7968614616,301.5487773783135,1.0267830514065315,106
7730000,31020.000004484606,-510969.9197465596,302.1896145569976,1.0262933542204764,106
7735000,31040.00000448868,-510912.9815916938,304.4748905927196,1.0248448253660092,106
7740000,31060.000004492755,-511614.5545029461,300.84348195123374,1.023832485593962,106
7745000,31080.00000449683,-511531.1074038795,302.85714495718423,1.0274901578103812,106
7750000,31100.000004500904,-511835.7553215171,301.0880562737523,1.0290313322065998,106
7755000,31120.00000450498,-510498.63170521846,303.37203235435857,1.0269046222232452,106
7760000,31140.000004509053,-511327.33229354676,300.21803649532967,1.0270977548861484,106
7765000,31160.000004513127,-512486.47115772194,302.658189852718,1.0291536543113429,106
7770000,31180.000004517202,-511676.9990338397,300.3480599237883,1.0289601833836897,106
7775000,31200.000004521276,-512088.04860872193,300.00229059202866,1.028940583937939,106
7780000,31220.00000452535,-511385.57112912694,301.52159289633715,1.0282818396001936,106
7785000,31240.000004529425,-512241.9576730358,300.7535677803728,1.023351088769372,106
7790000,31260.0000045335,-511033.2225724389,302.77792671188075,1.0256786309394492,106
7795000,31280.000004537575,-510600.0308496505,301.4894514942405,1.0230540491032039,106
7800000,31300.00000454165,-510610.2561778019,298.0930979061126,1.0268579295718152,106
7805000,31320.000004545724,-511239.5644368727,302.7844153523322,1.0290027999747768,106
7810000,31340.000004549798,-511138.88494866854,300.7963239377073,1.0247402732195885,106
7815000,31360.000004553873,-511470.61599223875,299.16164561686014,1.0250968682095378,106
7820000,31380.000004557947,-511190.2368316527,300.00854863908745,1.0266610214317402,106
7825000,31400.00000456202,-511772.3495332778,302.2802809921559,1.0296888420734698,106
7830000,31420.000004566096,-511812.8275628139,301.0961647407769,1.0267511522966932,106
7835000,31440.00000457017,-512151.5610136697,301.5292337639266,1.0287437713145922,106
7840000,31460.000004574245,-510356.310184787,301.87192014833585,1.0261573884687485,106
7845000,31480.00000457832,-510278.34126892756,300.15410067464444,1.02642478975391,106
7850000,31500.000004582394,-511011.30143083166,300.74444934503657,1.0252550764102775,106
7855000,31520.00000458647,-511009.185052139,300.15746090905174,1.0268586737887615,106
7860000,31540.000004590544,-511161.96844196576,300.13493076512134,1.0247583795876993,106
7865000,31560.000004594618,-509799.3604057736,302.9197259545366,1.0239036870051208,106
7870000,31580.000004598693,-511013.34263073443,300.102670807867,1.0249834116391783,106
7875000,31600.000004602767,-510993.6519108652,301.5922465376282,1.025272250247602,106
7880000,31620.00000460684,-512279.31761799543,302.95698079770887,1.0297460469474116,106
7885000,31640.000004610916,-511077.509531409,300.7641798976616,1.028472472127293,106
7890000,31660.00000461499,-510299.9432825346,301.7482959958316,1.0228364958931475,106
7895000,31680.000004619065,-512210.43426875956,299.7672626841655,1.0296873176129968,106
7900000,31700.00000462314,-510332.2423205208,300.36341456832497,1.0229237240480824,106
7905000,31720.000004627214,-511326.30532693653,302.08685875774836,1.0219542449395993,106
7910000,31740.00000463129,-510835.79434987553,299.38298656012813,1.022611939631174,106
7915000,31760.000004635363,-511141.60848719045,301.5034289528949,1.0252193210893927,106
7920000,31780.000004639438,-511089.0673516388,299.6456236373108,1.0269063265246665,106
7925000,31800.000004643513,-511787.8129928962,298.95737005855904,1.028628098147266,106
7930000,31820.000004647587,-512287.75469941995,302.5939052209165,1.0290255293156407,106
7935000,31840.00000465166,-510634.0537246836,300.47779670366,1.0231774570796415,106
7940000,31860.000004655736,-510761.0779957401,298.8757675514103,1.0259344598555882,106
7945000,31880.00000465981,-511874.60053892015,298.0871382561797,1.0275203325112794,106
7950000,31900.000004663885,-511011.32182455296,301.52187641347945,1.0235000258697704,106
7955000,31920.00000466796,-511319.4087922843,302.20866346314796,1.0260471926131385,106
7960000,31940.000004672034,-510248.79912772914,301.4212943041877,1.030968050669274,106
7965000,31960.00000467611,-511882.3021263839,299.8908346794531,1.0300485389250187,106
7970000,31980.000004680183,-511107.71608056687,302.5024272623801,1.0283721925613278,106
7975000,32000.000004684258,-511330.62753062905,300.60971245274027,1.0292531578329183,106
7980000,32020.000004688332,-509945.87276054756,301.0661547858538,1.0250083589819146,106
7985000,32040.000004692407,-510801.7162173379,301.641672505886,1.0257032177656238,106
7990000,32060.00000469648,-510224.0639227906,301.56896762391585,1.0236250806365206,106
7995000,32080.000004700556,-510764.0984586417,302.1269764922243,1.026113387841443,106
8000000,32100.00000470463,-511830.98589430307,299.9229352015151,1.022750002678473,106
8005000,32120.000004708705,-510856.5923716647,300.3753945018639,1.0239557284287877,106
8010000,32140.00000471278,-511288.0881678851,300.37048517257534,1.0280600422293436,106
8015000,32160.000004716854,-510571.2958211319,301.60806368301803,1.026409586071035,106
8020000,32180.00000472093,-511802.51400066144,300.88370466668533,1.0308369794942234,106
8025000,32200.000004725003,-511554.4881766101,301.71784747097206,1.0277769067896243,106
8030000,32220.000004729078,-510271.3205165756,300.70605225086337,1.0271546740438826,106
8035000,32240.000004733152,-511473.9681357206,300.60654625400326,1.028742779503221,106
8040000,32260.000004737227,-512276.6746154495,298.8495502403569,1.0250791531087142,106
8045000,32280.0000047413,-511615.6832421676,301.6587412258298,1.0285846299081551,106
8050000,32300.000004745376,-511950.37353029265,301.71433555218886,1.0261461697873395,106
8055000,32320.00000474945,-511193.76153855934,301.15411486788304,1.0286645520913025,106
8060000,32340.000004753525,-512389.08697027504,298.83247327215406,1.0284655622261931,106
8065000,32360.0000047576,-512232.74010471,298.09712212397864,1.026593054820972,106
8070000,32380.000004761674,-510555.158953476,298.92791241140554,1.0261607035411957,106
8075000,32400.00000476575,-510675.42738108453,302.16078152983505,1.0271878663937946,106
8080000,32420.000004769823,-511962.0405788922,299.3277708808694,1.027287002557376,106
8085000,32440.000004773898,-511314.3945621068,301.30495109348004,1.0240703113236589,106
8065000,32360.0000047576,-510351.73971598735,298.72115934637844,1.0271500133923366,--
8070000,32380.000004761674,-510928.8405759549,302.198715252834,1.0257831724837785,105
8075000,32400.00000476575,-511043.07811012864,300.63617842199545,1.024274494803836,105
8080000,32420.000004769823,-510725.88361386745,300.29667941826597,1.0261649553313412,105
8085000,32440.000004773898,-509940.7693080732,301.4074929867273,1.0235471425378766,105
8090000,32460.000004777972,-510203.2719886848,298.9785401079151,1.02293325578257,105
8095000,32480.000004782047,-511925.53848443506,300.42559985066833,1.0289277216064754,105
8100000,32500.00000478612,-511213.0223167101,303.0013540637788,1.025222052399417,105
8105000,32520.000004790196,-511237.10225907154,301.290679815793,1.026183645663089,105
8110000,32540.00000479427,-511381.64593448,297.25388579682715,1.0303389927793758,105
8115000,32560.000004798345,-510750.2377003578,302.2564970740091,1.0221190343660653,105
8120000,32580.00000480242,-511095.5388581462,301.47970774095245,1.0277581067252999,105
8125000,32600.000004806494,-511237.2596986089,299.66664898911336,1.0237518151458567,105
8130000,32620.00000481057,-512036.84844477125,300.40232401917063,1.0295046738049027,105
8135000,32640.000004814643,-510248.2318609576,302.30559593745875,1.02345966372193,105
8140000,32660.000004818718,-511784.8852230299,301.1731103220084,1.030725611405649,105
8145000,32680.000004822792,-512959.6301233659,301.6828204217481,1.0329287197238106,105
8150000,32700.000004826867,-510670.7547841531,302.3845707452836,1.028003250828059,105
8155000,32720.00000483094,-510215.47474721284,299.7821134506933,1.0261596617926056,105
8160000,32740.000004835016,-511112.05702728685,298.5443723680859,1.0294276543371987,105
8165000,32760.00000483909,-510350.1004678381,302.39090419018225,1.0252373894154145,105
8170000,32780.00000484316,-511732.59155185893,299.4156166302642,1.0266620356019514,105
8175000,32800.000004847236,-512676.53260930465,299.59387808342836,1.025750883976978,105
8180000,32820.00000485131,-511254.0599556039,302.43352105267434,1.0293185144709514,105
8185000,32840.000004855385,-511142.2892759091,300.0435692844252,1.0289258102514718,105
8190000,32860.00000485946,-513055.2719686567,301.6209036286123,1.02971092661668,104
8195000,32880.000004863534,-510621.1115440482,299.388409290275,1.0279233765549414,104
8200000,32900.00000486761,-509923.06250063144,298.4188654210917,1.0275972093717014,104
8205000,32920.00000487168,-511608.5268220024,299.38478934772115,1.0264633421418081,104
8210000,32940.00000487576,-510455.2716166221,299.62734060494563,1.0300118282715303,104
8215000,32960.00000487983,-511056.97900385153,300.67503637872903,1.027403354680053,104
8220000,32980.00000488391,-511698.25993823353,300.6110020378278,1.0282485436132858,104
8225000,33000.00000488798,-510845.2536536383,300.4070115238616,1.023499393756045,104
8230000,33020.000004892056,-511300.06735318433,302.87584059673077,1.025095780317683,104
8235000,33040.00000489613,-512427.55137191596,303.1193730747766,1.0250393701626443,104
8240000,33060.000004900205,-510326.3785448533,302.16751318498666,1.0238522130452206,104
8245000,33080.00000490428,-511519.0939818211,301.72396697193983,1.0288185314324259,104
8250000,33100.000004908354,-512062.5639689921,301.39051223575643,1.0281846449528893,104
8255000,33120.00000491243,-511955.2175606354,300.178833376967,1.0288075844895441,104
8260000,33140.0000049165,-512054.5471219637,302.5757523689653,1.0308032782103003,104
8265000,33160.00000492058,-510830.5575302285,299.605722115716,1.0216974123132114,104
8270000,33180.00000492465,-509247.37176048313,300.47596285133716,1.0256977564889413,104
8275000,33200.00000492873,-512319.7873110089,300.7836161594822,1.0289154527833162,104
8280000,33220.0000049328,-510926.0473093975,302.4594607799736,1.0216443073469115,104
8285000,33240.000004936875,-511371.88506257744,299.79546327466574,1.0254711964940741,104
8290000,33260.00000494095,-511653.0383507826,301.54207422349606,1.0313406857985354,104
8295000,33280.000004945025,-511816.5764007452,299.6734235298011,1.0251239962501792,104
8300000,33300.0000049491,-510839.9383727242,301.40031811448307,1.0270246364781372,104
8305000,33320.00000495317,-510732.24465780007,299.0766467868928,1.0253929231698105,105
8310000,33340.00000495725,-512465.26082962914,301.93277272513706,1.0314473632541072,105
8315000,33360.00000496132,-510967.28686206066,300.3114393940725,1.0234599877163266,105
8320000,33380.0000049654,-511791.54584970395,300.7929730165026,1.0267862180668479,105
8325000,33400.00000496947,-512935.0233395058,299.9284781950692,1.0288936350834519,105
8330000,33420.000004973546,-511575.3029270333,297.6001642671753,1.0245349555770782,105
8335000,33440.00000497762,-511141.27986760205,299.2853304077308,1.0276160525900047,105
8340000,33460.000004981695,-509762.25690470124,298.77300437970837,1.0255354627675473,105
8345000,33480.00000498577,-511887.7400773729,303.81930836498617,1.0239944446560807,105
8350000,33500.000004989844,-512247.31672843033,302.13107102402194,1.0340705826830665,105
8355000,33520.00000499392,-510416.8878749877,301.411919917043,1.030917163468216,105
8360000,33540.00000499799,-510675.6823767808,301.7855241884311,1.02311315358531,105
8365000,33560.00000500207,-511987.9939261752,302.4124691230745,1.0302898750715443,105
8370000,33580.00000500614,-511285.02261833963,300.7489713719227,1.0272976468039794,105
8375000,33600.00000501022,-511560.14974531485,299.78638363836126,1.0219772168249546,105
8380000,33620.00000501429,-511204.57859924994,299.6888423323399,1.0282120510369206,105
8385000,33640.000005018366,-510389.16084245546,302.0086502516594,1.0254455476210942,105
8390000,33660.00000502244,-511123.7849322029,301.1439643793282,1.0273214345188753,105
8395000,33680.000005026515,-510558.38088437123,301.96460009882077,1.0226573757770439,105
8400000,33700.00000503059,-510523.3206779591,302.7581180757844,1.026770471405289,105
8405000,33720.000005034664,-511659.93878651876,301.5371676035288,1.02437841676508,105
8410000,33740.00000503874,-512781.14001538884,299.400750458127,1.0242209466437329,105
8415000,33760.00000504281,-511082.10513092927,301.54785982962176,1.0266447869394288,105
8420000,33780.00000504689,-510202.961990969,301.27727247047926,1.0259643853156466,105
8425000,33800.00000505096,-510393.2962692105,300.14179021193723,1.0272755010600703,105
8430000,33820.00000505504,-512035.5775641182,301.3220648529818,1.0279310582425865,105
8435000,33840.00000505911,-511219.96662563016,301.9811777275609,1.0269069716193302,105
8440000,33860.000005063186,-511170.49485973106,302.0562707615691,1.0275647863632924,105
8445000,33880.00000506726,-510877.6887534887,302.8993935028948,1.0251391455728895,105
8450000,33900.000005071335,-512142.47893436323,298.27830380264425,1.0278473873965561,105
8455000,33920.00000507541,-510893.9812773033,299.98759137750375,1.0287283242043794,105
8460000,33940.000005079484,-511584.28137586266,300.90882393121376,1.0258144240253293,105
8465000,33960.00000508356,-511919.61798391165,298.9695215508096,1.0234742869181772,105
8470000,33980.00000508763,-511619.3436189275,301.40955987105656,1.0295535530020945,105
8475000,34000.00000509171,-512208.71286408463,301.21566192583236,1.0272054111608278,105
8480000,34020.00000509578,-512063.21569159953,300.7818119956284,1.0238393861634545,105
8485000,34040.00000509986,-511640.0774942888,300.64585514996566,1.0278490470547679,105
8490000,34060.00000510393,-510300.27259328985,301.6344517585323,1.0233672555230369,105
8495000,34080.000005108006,-512092.5044090785,302.13783737505537,1.0306290778098879,105
8500000,34100.00000511208,-510737.241727093,303.3685541591942,1.02740200752809,105
8505000,34120.000005116155,-510808.4816221746,298.99772150674175,1.0249833560674106,105
8510000,34140.00000512023,-511864.404713189,302.5499943432973,1.0258481130157484,106
8515000,34160.000005124304,-511093.4325295035,300.2782641968582,1.0207971846254982,106
8520000,34180.00000512838,-512066.4897237872,301.2127517361737,1.0281037255962457,106
8525000,34200.00000513245,-511850.2791009429,299.4589006913861,1.0303497634281054,106
8530000,34220.00000513653,-511154.170885795,299.9347562467321,1.025062808160062,106
8535000,34240.0000051406,-510634.89345728233,300.52269706743897,1.0291922810053677,106
8540000,34260.00000514468,-512079.2358926644,301.4413466922962,1.0292324532580703,106
8545000,34280.00000514875,-510978.6434850588,301.70722951119,1.025261560071479,106
8550000,34300.000005152826,-511436.34789793915,303.7027952289883,1.0276892616986464,106
8555000,34320.0000051569,-511262.2871102751,297.78297989949067,1.022774898947049,106
8560000,34340.000005160975,-510026.2607577122,304.6518432027836,1.0265264467546538,106
8565000,34360.00000516505,-510942.70819950104,298.0166178912653,1.0278182641785047,106
8570000,34380.000005169124,-512001.5201822454,303.9706475833543,1.028101946169715,106
8575000,34400.0000051732,-512235.72156154504,301.63928351202156,1.0265368126473837,106
8580000,34420.00000517727,-511338.01542874053,298.1639015817556,1.0264116821023053,106
8585000,34440.00000518135,-512202.9622471919,300.59056086898454,1.0247171415039606,106
8590000,34460.00000518542,-509650.8335881396,302.8768858557186,1.0270191014412793,106
8595000,34480.0000051895,-511073.68505658535,299.74373708939726,1.0252862461436238,106
8600000,34500.00000519357,-512708.1700641457,302.8912966239087,1.0250683503803266,106
8605000,34520.000005197646,-511184.04949816363,302.55805166088066,1.0236257179387742,106
8610000,34540.00000520172,-511342.33790124464,297.8653433562422,1.0234040927754875,106
8615000,34560.000005205795,-511113.2301691214,304.4893411468923,1.0251691088605221,106
8620000,34580.00000520987,-512041.0350226662,300.87110946461,1.0284368633428245,106
8625000,34600.000005213944,-512011.28352108644,303.96285838438416,1.0295804442381737,106
8630000,34620.00000521802,-511223.802307158,304.83970833667667,1.0245310024027547,106
8635000,34640.00000522209,-512500.0550415255,301.20594129347126,1.0258849555191922,106
8640000,34660.00000522617,-510905.9669707699,301.6456581008491,1.0241183402933645,106
8645000,34680.00000523024,-510810.5128973585,300.56423752671844,1.0255695353203884,106
8650000,34700.00000523432,-511177.0571357801,300.0247769195524,1.0281837838755892,106
8655000,34720.00000523839,-511571.0984686471,303.3098486104424,1.0283226923108177,106
8660000,34740.000005242466,-509682.78737339773,300.82334430914597,1.0272938260795186,106
8665000,34760.00000524654,-510545.83920024335,302.3476678162357,1.0278745662828923,106
8670000,34780.000005250615,-510831.3846676019,300.67055982352406,1.0296787157600207,106
8675000,34800.00000525469,-511767.3300791336,299.01058160354546,1.0262842560988417,106
8680000,34820.000005258764,-510873.69115338824,298.96684069916313,1.0257676369571929,106
8685000,34840.00000526284,-510695.1050978517,302.4409819120056,1.0301258081577058,106
8690000,34860.00000526691,-511125.56093973224,300.7630493016534,1.0246156043851167,106
8695000,34880.00000527099,-511675.385261253,301.04475054364093,1.025454798777883,106
8700000,34900.00000527506,-511116.7063678389,301.9368455668575,1.0284547392258117,106
8705000,34920.00000527914,-511874.20554268383,297.4890137442431,1.031056376033667,106
8710000,34940.00000528321,-511143.1058356981,301.56948380582594,1.0232274301381297,106
8715000,34960.000005287286,-511165.9581669781,302.1599356668813,1.0226819844287216,106
8720000,34980.00000529136,-511205.71967483195,299.6332913604331,1.0275798301773542,106
8725000,35000.000005295435,-511451.36886311974,302.70641270619666,1.0280538924825349,106
8730000,35020.00000529951,-510362.5773716369,300.16473294731117,1.0250435881294677,106
8735000,35040.000005303584,-512566.6401027201,300.01542865142306,1.0286096762327461,106
8740000,35060.00000530766,-511843.8515450405,302.79648424994696,1.0266454521508594,106
8745000,35080.00000531173,-510687.36958722887,298.815461900246,1.0279288240085391,106
8750000,35100.00000531581,-510567.8762901756,298.80575005392006,1.0277127209927865,106
8755000,35120.00000531988,-510562.00176810543,301.1560576630659,1.0258563911976162,106
8760000,35140.00000532396,-510610.9331340301,300.65785115015404,1.0284749711612422,106
8765000,35160.00000532803,-511053.4414885873,300.54852378462664,1.0285760164861117,106
8770000,35180.000005332106,-512856.7698509884,301.1774490088514,1.0335798093456539,106
8775000,35200.00000533618,-511610.172715571,301.09681087271866,1.0266278187127786,106
8780000,35220.000005340255,-511371.1996928409,299.5061645115423,1.0265296987798895,106
8785000,35240.00000534433,-510960.2034445938,300.46218269391676,1.02818935733988,106
8790000,35260.000005348404,-512174.5454140017,300.6234808139454,1.0302495794849627,106
8795000,35280.00000535248,-511290.0399378303,301.1275968113206,1.0286620442613348,106
8800000,35300.00000535655,-510228.9145235375,300.31607234373905,1.0256087262169646,106
8805000,35320.00000536063,-511171.3128647688,301.1860689498667,1.0261943654238888,106
8810000,35340.0000053647,-510799.33144708583,300.7514707159054,1.0295693160897919,106
8815000,35360.000005368776,-512005.2134408988,299.6814264959013,1.0308474848224347,106
8820000,35380.00000537285,-512372.6715045392,302.4752066807971,1.0264967786468053,106
8825000,35400.000005376925,-509642.0162011648,302.00889026541455,1.0265287545027588,106
8830000,35420.000005381,-511080.86430434673,297.3994087148417,1.030335918211817,106
8835000,35440.000005385074,-512414.7047833351,300.3619007076223,1.027056610592485,106
8840000,35460.00000538915,-509876.234554823,299.35243535743194,1.0261981259418287,106
8845000,35480.00000539322,-510777.4563964945,299.86324221572625,1.0274805324087,106
8850000,35500.0000053973,-511182.3689164191,300.045115576624,1.028295141372419,106
8855000,35520.00000540137,-511499.9828072444,302.05721593649685,1.0240543320523385,106
8860000,35540.00000540545,-510873.3549665436,303.47933012162076,1.0253904842174888,106
8865000,35560.00000540952,-511322.9636339701,300.77333749189575,1.0236165944120053,106
8870000,35580.000005413596,-511902.19550322066,300.8245228623306,1.0294943287147809,106
8875000,35600.00000541767,-512531.63958355295,301.55337717977164,1.0282349056412132,106
8880000,35620.000005421745,-510144.2671151543,302.7147799589322,1.0237153762165239,106
8885000,35640.00000542582,-511170.82121588406,300.30593802086105,1.0251370577540684,106
8890000,35660.000005429894,-512357.3390301338,301.22634598324476,1.0258368634407242,106
8895000,35680.00000543397,-511104.58055559034,298.78263315357674,1.026422147400629,106
8900000,35700.00000543804,-511182.6694768064,301.35407712265953,1.0234529257991007,106
8905000,35720.00000544212,-511335.9273160605,300.3558187147678,1.0299660139767273,106
8910000,35740.00000544619,-511326.571295311,302.6918773546313,1.0265693485304792,106
8915000,35760.00000545027,-511842.1383942163,303.7903041362017,1.0226676309774472,106
8920000,35780.00000545434,-510529.59027864016,298.6265100714032,1.0266230010531183,106
8925000,35800.000005458416,-512687.59617710114,301.0043723842035,1.02853702130921,106
8930000,35820.00000546249,-511961.7049165573,301.14151166619234,1.0306857384931298,106
8935000,35840.000005466565,-511933.5917467156,302.01632412034724,1.0273213473227454,106
8940000,35860.00000547064,-510660.80057558836,301.31863873003465,1.0248367163704286,106
8945000,35880.000005474714,-510331.8721315295,299.6919087858681,1.0322082399470238,106
8950000,35900.00000547879,-510478.60869691777,302.6167536145017,1.02731800961407,106
8955000,35920.00000548286,-510286.7452989484,300.0004035945372,1.025644347150097,106
8960000,35940.00000548694,-512029.1851367692,299.90037721872,1.0266292054500374,106
8965000,35960.00000549101,-512642.9323913334,301.2554074620491,1.0293166488491723,106
8970000,35980.00000549509,-511594.32149174507,302.0060919969254,1.0242096544608126,106
8975000,36000.00000549916,-511580.9734191727,301.51007748827806,1.0284956520212525,106
8980000,36020.000005503236,-510279.7607502297,300.6311247242372,1.0257113852664832,106
8985000,36040.00000550731,-510632.48014804535,299.4014729892844,1.030611296448112,106
8990000,36060.000005511385,-511580.7734413056,301.85177525151363,1.0266193320571102,106
8995000,36080.00000551546,-510893.970701786,304.52198492557375,1.0237519213920894,106
9000000,36100.000005519534,-510060.73588423687,301.93572546738187,1.024855723419742,106
9005000,36120.00000552361,-511064.8305662358,300.1994301145396,1.0255193532696874,106
9010000,36140.00000552768,-512380.6992289587,302.07607106699226,1.026025585364725,106
9015000,36160.00000553176,-511253.5175790922,298.3412423574115,1.0265089888543109,106
9020000,36180.00000553583,-511465.8650994052,299.83174976685603,1.0256262779222225,106
9025000,36200.00000553991,-511431.0027663759,298.9660889140442,1.0255028856067723,106
9030000,36220.00000554398,-512107.12998912507,302.47600450067216,1.0286389645271414,106
9035000,36240.000005548056,-510888.88344102283,302.3276466874207,1.026119053018358,106
9040000,36260.00000555213,-510873.30418362026,303.81006488497707,1.025788985009041,106
9045000,36280.000005556205,-512011.38451407943,300.77886304312926,1.027057037836285,106
9050000,36300.00000556028,-510877.49122056365,302.105620660467,1.025095452074954,106
9055000,36320.000005564354,-512497.65178945055,300.8443959499945,1.0281979889475619,106
9060000,36340.00000556843,-511344.2406608502,299.4371507920731,1.0245155207684953,106
9065000,36360.0000055725,-511533.34757531364,300.3207126985876,1.0290282578866286,106
9070000,36380.00000557658,-509992.4800505233,303.3930677403284,1.0279860636163114,106
9075000,36400.00000558065,-511533.8398786851,299.89368099412405,1.0241849759813164,106
9080000,36420.00000558473,-512419.35401841835,299.2347865510898,1.0279525434330008,106
9085000,36440.0000055888,-510389.3845996682,301.1180411301627,1.0251124491818517,106
9090000,36460.000005592876,-510588.12205912545,301.0363510863813,1.0242106779371531,106
9095000,36480.00000559695,-511616.3920624126,298.23495748795216,1.0278617157727397,106
9100000,36500.000005601025,-511686.18273653556,301.6916519645455,1.0288952947881786,106
9105000,36520.0000056051,-509656.2449033046,302.04585852274175,1.0250673042288576,106
9110000,36540.000005609174,-510282.73169140774,298.5594336350317,1.0274277792890871,106
9115000,36560.00000561325,-510451.36893564835,302.1567272338287,1.027563250385084,106
9120000,36580.00000561732,-512340.33887600806,300.26208760099155,1.0303972683761946,106
9125000,36600.0000056214,-510316.9985861778,299.78194167475783,1.0249373298977031,106
9130000,36620.00000562547,-510100.8492151897,300.2102139145822,1.025088815746752,106
9135000,36640.00000562955,-511898.23965300317,299.5704032202769,1.0291650620487898,106
9140000,36660.00000563362,-510585.41692667175,300.784035260891,1.02145174812278,106
9145000,36680.000005637696,-511351.42509543267,300.79504021215087,1.0254721490433456,106
9150000,36700.00000564177,-511280.1224573953,303.50760994510904,1.0262024266352072,106
9155000,36720.000005645845,-511905.8232158902,299.6872076372333,1.028350570274715,106
9160000,36740.00000564992,-511314.8186377145,300.35135670747724,1.028683997355997,106
9165000,36760.000005653994,-510638.80329652224,298.80871845917574,1.0257748719373556,106
9170000,36780.00000565807,-511371.02060678345,300.0682547936498,1.0212240442701717,106
9175000,36800.00000566214,-512589.0836058792,302.57465427826116,1.0297916800179958,106
9180000,36820.00000566622,-512123.5783354386,299.2416998962367,1.025862782933016,106
9185000,36840.00000567029,-509694.80737580475,303.079070293938,1.025588785175162,106
9190000,36860.00000567437,-510626.0498900621,299.75028581661905,1.0226688101161716,106
9195000,36880.00000567844,-511813.6054673514,301.4514408368932,1.026872827935829,106
9200000,36900.000005682516,-511765.90538872057,301.12578615599364,1.0276821934700944,106
9205000,36920.00000568659,-510929.82603790285,300.9954403942424,1.0250448244726038,106
9210000,36940.000005690665,-510901.23410797934,298.45650682683396,1.0244557090451423,106
9215000,36960.00000569474,-510222.01830368093,301.6181630981487,1.0265274041454937,106
9220000,36980.000005698814,-511420.9292880846,300.8173764855425,1.0270144439859032,106
9225000,37000.00000570289,-511702.2682658422,299.35452995092373,1.025872969163797,106
9230000,37020.00000570696,-512239.55204290315,300.76017273926345,1.028656838869874,106
9235000,37040.00000571104,-511950.85232775705,300.71851647451933,1.0246809616069568,106
9240000,37060.00000571511,-509955.4665946332,299.60386526506613,1.0233010731921497,106
9245000,37080.00000571919,-511574.610957935,299.1319765342402,1.027555155806855,106
9250000,37100.00000572326,-511964.49497976643,300.26033646451504,1.0252532636883782,106
9255000,37120.000005727336,-511193.8467212373,299.45138309610866,1.0234216328404933,106
9260000,37140.00000573141,-511336.8283765537,301.60729771605884,1.026474371132172,106
9265000,37160.000005735485,-512274.7293789929,301.3454163221127,1.0261701525596976,106
9270000,37180.00000573956,-511290.47801579605,299.62030396038267,1.022227948085577,106
9275000,37200.000005743634,-511382.71848804527,301.31141416068624,1.029562016342123,106
9280000,37220.00000574771,-511651.68620598526,301.428462588363,1.030866093984328,106
9285000,37240.00000575178,-510982.8797376782,298.3960442721684,1.0258679666240094,106
9290000,37260.00000575586,-510773.75088324724,299.5946001970202,1.0285901342459927,106
9295000,37280.00000575993,-511244.1651359615,300.953554218931,1.0271516148037931,106
9300000,37300.000005764006,-511053.92674515955,300.38269507661516,1.0244365674575193,106
9305000,37320.00000576808,-511742.2592545687,301.52353898338856,1.025793941671819,106
9310000,37340.000005772155,-510704.0284421111,301.6466272786188,1.0223878261287043,106
9315000,37360.00000577623,-512042.2788934468,300.327468908252,1.0249161607600048,106
9320000,37380.000005780304,-510863.58470891207,301.84153482523556,1.0229907305221477,106
9325000,37400.00000578438,-511725.0554180511,301.7028717311854,1.029076336075588,106
9330000,37420.00000578845,-511525.3646568551,301.6626770662496,1.0283935534241317,106
9335000,37440.00000579253,-512240.6017944149,300.19508812993104,1.0295063506184894,106
9340000,37460.0000057966,-511089.8040509322,298.760191617792,1.0265269391782215,106
9345000,37480.00000580068,-509686.97935365466,301.6825768323237,1.0279193719523236,106
9350000,37500.00000580475,-510402.5550518951,301.2549844870754,1.023619194853384,106
9355000,37520.000005808826,-511066.42067125253,301.0979163214951,1.026689828295146,106
9360000,37540.0000058129,-511803.432553306,299.89174263354136,1.0275432320670779,106
9365000,37560.000005816975,-512057.19533306337,299.3217487684748,1.0212211974993703,106
9370000,37580.00000582105,-511697.8802122085,300.21081043014624,1.0276727788530748,106
9375000,37600.000005825124,-510147.4934815618,302.18342587915953,1.0222327700067413,106
9380000,37620.0000058292,-511967.30986639555,297.96609446916113,1.0252130402713402,106
9385000,37640.00000583327,-511880.16816983395,304.3004753254834,1.026916155190262,106
9390000,37660.00000583735,-510732.08317763405,300.8355008651622,1.0282613047106526,106
9395000,37680.00000584142,-510770.964004182,301.21768750325106,1.0253906684171776,106
9400000,37700.0000058455,-510286.9952651975,299.2328559926969,1.027425502455663,106
9405000,37720.00000584957,-510530.63983630994,302.13922572503395,1.0281756420276524,106
9410000,37740.000005853646,-510215.0966492493,299.8235341501645,1.0266775171112805,106
9415000,37760.00000585772,-511804.71566711576,301.0213235163404,1.028041957046003,106
9420000,37780.000005861795,-511610.2544932887,301.60407493380046,1.0298569248991536,106
9425000,37800.00000586587,-511915.25046078954,300.1604741980497,1.0289737992551733,106
9430000,37820.000005869944,-511166.8714172249,302.87045411671147,1.026195352019163,106
9435000,37840.00000587402,-510513.1765819378,299.24723289753086,1.024872188179705,106
9440000,37860.00000587809,-511538.9799573198,301.3407872540708,1.028241643846482,106
9445000,37880.00000588217,-510291.04441184667,297.8145226595655,1.0266568683354276,106
9450000,37900.00000588624,-510643.2010100151,300.06509686028653,1.0251105552147453,106
9455000,37920.00000589032,-511677.1354220216,300.46863281189707,1.028022767252949,106
9460000,37940.00000589439,-510933.9806964367,302.6129195398762,1.0241346540317677,106
9465000,37960.000005898466,-510664.1458552391,300.75565974256256,1.022393051838616,106
9470000,37980.00000590254,-512432.1808212444,302.0803803609454,1.028666396659794,106
9475000,38000.000005906615,-511118.49139992986,301.62579985150785,1.026367715130928,106
9480000,38020.00000591069,-510625.170430352,303.5547733975868,1.0244409548122597,106
9485000,38040.000005914764,-512563.66660029395,300.0275698056297,1.0264248751302083,106
9490000,38060.00000591884,-512068.7154835586,300.4804648260298,1.0257844575323103,106
9495000,38080.00000592291,-511801.18752782186,298.7625482787213,1.0246942578935028,106
9500000,38100.00000592699,-511958.7313999864,303.49090976282685,1.0279370154253593,106
9505000,38120.00000593106,-510674.25753590115,301.0209785123206,1.0275674161823083,106
9510000,38140.00000593514,-511321.94402551185,299.2069668296638,1.0286496083142638,106
9515000,38160.00000593921,-511610.5645832047,303.9844708300088,1.0297083378773715,106
9520000,38180.000005943286,-511686.2878353249,299.8635560906545,1.0285592134514774,106
9525000,38200.00000594736,-511876.7069292837,300.20949394806627,1.025153700959322,106
9530000,38220.000005951435,-511440.17478062236,302.601429664584,1.0282047132971677,106
9535000,38240.00000595551,-509876.02711054427,300.63168686496033,1.028052783546005,106
9540000,38260.000005959584,-511461.82192539447,301.98557193805635,1.0276742605373177,106
9545000,38280.00000596366,-511044.5438656432,302.11338579787866,1.0274656746499788,106
9550000,38300.00000596773,-510703.17533937865,300.63822646409903,1.0241812361660787,106
9555000,38320.00000597181,-510893.1295844824,300.0830080704358,1.027161503645406,106
9560000,38340.00000597588,-511146.02329285187,299.4182596842718,1.0255808430880684,106
9565000,38360.00000597996,-512086.96448191046,299.4544529133583,1.0303325902611242,106
9570000,38380.00000598403,-511130.65512159443,302.67336152741416,1.025855918636972,106
9575000,38400.000005988106,-511672.78880701005,300.04821000944725,1.0300399125752338,106
9580000,38420.00000599218,-510481.69707644056,302.5748296735653,1.0222142240711256,106
9585000,38440.000005996255,-511509.32310319506,300.8211410214427,1.0272006127022497,106
9590000,38460.00000600033,-510950.43404793506,301.86793789635414,1.026577437492556,106
9595000,38480.000006004404,-511165.4783598855,304.0723313911864,1.0288059852925378,106
9600000,38500.00000600848,-510317.79892413644,303.65232257418955,1.0248126248010554,106
9605000,38520.00000601255,-512218.1689669667,303.26917444222534,1.029766348732653,106
9610000,38540.00000601663,-511188.97725528385,301.35233928336635,1.0314271264979247,106
9615000,38560.0000060207,-511252.0295334973,301.88826115987524,1.0260108162079264,106
9620000,38580.00000602478,-511477.45750921685,300.2652966584156,1.0257067845274093,106
9625000,38600.00000602885,-511099.9139784551,299.9470628544144,1.0219073535013155,106
9630000,38620.000006032926,-512252.4553641267,300.86244549477135,1.026971063713152,106
9635000,38640.000006037,-510341.8855625652,298.42096391180957,1.0280156685981248,106
9640000,38660.000006041075,-511159.70029576984,299.8895631167689,1.0231429539399746,106
9645000,38680.00000604515,-511427.77463198453,300.1970199668403,1.0258539913022036,106
9650000,38700.000006049224,-511146.61145812063,297.4861612399155,1.0272684681533748,106
9655000,38720.0000060533,-510404.71947408793,297.89907181887406,1.0253628632302387,106
9660000,38740.00000605737,-510825.9880431751,301.24290799183683,1.0237469587955839,106
9665000,38760.00000606145,-509926.6138400624,304.50238964750434,1.027847450769293,106
9670000,38780.00000606552,-511124.8269005178,299.69083179324844,1.0236665596562602,106
9675000,38800.0000060696,-510652.8333702488,299.7670761537092,1.025119602578088,106
9680000,38820.00000607367,-510859.46572940657,299.41670766393037,1.0278073280389155,106
9685000,38840.000006077746,-509494.0946474441,300.39905189104445,1.0242859366546857,106
9690000,38860.00000608182,-511557.1199230922,299.29439287995734,1.0283425363903047,106
9695000,38880.000006085895,-510732.16749193124,301.0820923617721,1.0257389766429403,106
9700000,38900.00000608997,-511536.5678447676,300.4087595923087,1.0288761278232703,106
9705000,38920.000006094044,-512024.2897170277,302.01270465331504,1.0294439391432975,106
9710000,38940.00000609812,-510226.30235723685,299.95915972081275,1.0236444742695987,106
9690000,38860.00000608182,-511235.3792045063,299.2178824487621,1.03150693257274,--
9695000,38880.000006085895,-510562.8997441197,300.7957515168758,1.0293926194256902,108
9700000,38900.00000608997,-510171.33948480245,298.84246568232754,1.026794721493131,108
9705000,38920.000006094044,-510798.219230531,301.842641400783,1.0275777091486793,108
9710000,38940.00000609812,-510646.6306013032,298.4366521892572,1.025664619430397,108
9715000,38960.00000610219,-510955.3245153704,297.9446893826853,1.0247924979786367,108
9720000,38980.00000610627,-510605.39651793055,302.98423611971504,1.0250912261046814,107
9725000,39000.00000611034,-510727.0053609619,302.3705182801959,1.0212841053370538,107
9730000,39020.00000611442,-511736.0624603471,301.4624517870891,1.027568253869248,107
9735000,39040.00000611849,-510554.57644406403,297.7192478174214,1.0264135781934738,107
9740000,39060.000006122566,-510972.3583769817,299.78523940780417,1.0242808730759934,107
9745000,39080.00000612664,-511630.3271060034,301.2593571120682,1.0227851473598302,107
9750000,39100.000006130715,-510565.89438384655,302.1588863446138,1.025139178604014,107
9755000,39120.00000613479,-510827.5683422263,303.49536867002496,1.0290915287451827,107
9760000,39140.000006138864,-510626.6208647408,302.28651080637604,1.027763792434458,107
9765000,39160.00000614294,-512014.2551506506,299.8367060430323,1.0251516476669267,107
9770000,39180.00000614701,-510502.84934084956,302.04562680482485,1.0247803741050652,107
9775000,39200.00000615109,-509643.3012441108,297.0702089717508,1.0263976202582932,107
9780000,39220.00000615516,-511681.1795959382,303.51669613836384,1.0295776706524817,107
9785000,39240.00000615924,-511409.0929671265,303.25108069137565,1.0249807596450096,107
9790000,39260.00000616331,-510367.4279213024,300.97757495010455,1.0284256283917201,107
9795000,39280.000006167385,-510900.2619750453,300.3496628892781,1.0295595066081904,107
9800000,39300.00000617146,-512018.2482642466,301.62685685632147,1.0250069355838116,107
9805000,39320.000006175535,-510066.25963162095,302.10522287848727,1.0263004224474694,107
9810000,39340.00000617961,-510648.6441241144,301.0441452161947,1.0260492767771292,107
9815000,39360.00000618368,-509962.12768064765,299.9522556985455,1.0299894628314703,106
9820000,39380.00000618776,-511558.71918689273,298.1234581116411,1.0267216617852595,106
9825000,39400.00000619183,-511045.3004877118,298.19401482199817,1.020287692913174,106
9830000,39420.00000619591,-511535.9990239006,303.503592768505,1.0269512994793972,106
9835000,39440.00000619998,-511931.4284714693,302.54155035347,1.028806650761844,106
9840000,39460.000006204056,-511335.4737303278,300.1643424247781,1.01872731657867,106
9845000,39480.00000620813,-512068.0531024991,299.94978301445025,1.0298264394987588,106
9850000,39500.000006212205,-510839.7172657999,300.0304898173232,1.0299527411780354,106
9855000,39520.00000621628,-510542.0872603436,302.2541905187446,1.0287538072316076,106
9860000,39540.000006220354,-511085.4795419788,299.0187088976383,1.0304252903983229,106
9865000,39560.00000622443,-510137.52515325556,301.01709221405997,1.0247028624307926,106
9870000,39580.0000062285,-511444.6334954873,304.0376796086418,1.0257633561286172,106
9875000,39600.00000623258,-511246.3784118658,300.673724618369,1.0231940390498406,106
9880000,39620.00000623665,-511429.4504305688,301.0210021587976,1.0293060703871892,106
9885000,39640.00000624073,-512401.18919771607,301.4700970399106,1.0250099338074832,106
9890000,39660.0000062448,-511632.5022472658,302.7295398039982,1.0294979584168187,106
9895000,39680.000006248876,-510634.29460725235,300.28505225080073,1.0258168700803358,106
9900000,39700.00000625295,-510038.82707427745,301.59225840757136,1.0263735053507095,106
9905000,39720.000006257025,-510491.5855541832,299.32619784195765,1.0256047412414055,105
9910000,39740.0000062611,-511633.0065017594,301.35882751779934,1.029575820487772,105
9915000,39760.000006265174,-510480.45080634207,298.9354783880203,1.0239175880707103,105
9920000,39780.00000626925,-513086.5316081161,299.2329164395508,1.0277921892587505,105
9925000,39800.00000627332,-512259.9707825156,301.59515891197657,1.02981466838425,105
9930000,39820.0000062774,-510338.63461252465,301.21588716055834,1.0221329990299297,105
9935000,39840.00000628147,-510987.9361984872,302.087744619015,1.027252779939204,105
9940000,39860.00000628555,-511095.3373004352,299.4592070649127,1.0289782464312918,105
9945000,39880.00000628962,-510977.69495911687,301.3414549520642,1.0271106671769863,105
9950000,39900.000006293696,-510926.7485464406,302.47139281444163,1.0272329320971194,105
9955000,39920.00000629777,-511136.58049606066,300.35673518457844,1.0245067556853935,105
9960000,39940.000006301845,-512354.2602607261,300.2573597927166,1.029215184558545,105
9965000,39960.00000630592,-511750.5774952355,300.82280996153236,1.0225374845277029,105
9970000,39980.000006309994,-510978.4590258156,299.200959341827,1.0264979170630382,105
9975000,40000.00000631407,-511158.4201584088,305.75353603725296,1.027804892529786,105
9980000,40020.00000631814,-511077.5790717562,300.03063055151966,1.0238029042788703,105
9985000,40040.00000632222,-512361.4086289245,301.3443079086254,1.0311335894596645,105
9990000,40060.00000632629,-510230.25698441477,300.89503729933483,1.0261273668278645,105
9995000,40080.00000633037,-510312.4410514317,299.77468200666084,1.028805679969338,105
10000000,40100.00000633444,-511703.4839024353,300.1749088859924,1.026614140725007,105
10005000,40120.000006338516,-511381.84936865536,301.7260456370873,1.028356004086928,105
10010000,40140.00000634259,-510999.1693448785,298.6947185899119,1.026924265705468,105
10015000,40160.000006346665,-511553.6815004798,304.4200724457842,1.0275316648333077,105
10020000,40180.00000635074,-512962.39861062914,301.80929545552243,1.0305885231157912,105
10025000,40200.000006354814,-511998.1035587841,298.8825296368407,1.0274786128457287,105
10030000,40220.00000635889,-511296.0254513363,300.16857124603024,1.0282642534589728,105
10035000,40240.00000636296,-510938.5657986237,301.1759946685823,1.0260781533945194,105
10040000,40260.00000636704,-511881.2525229356,296.8770742223805,1.024399318379311,105
10045000,40280.00000637111,-510707.89635879314,300.15417569345834,1.0242112381900517,105
10050000,40300.00000637519,-510846.0198728128,301.2803834667647,1.0249651225515763,105
10055000,40320.00000637926,-512041.2081976698,300.7767000954953,1.025457573526118,105
10060000,40340.000006383336,-511841.04099170375,300.2063163455524,1.0274199125866519,105
10065000,40360.00000638741,-510979.4250802491,301.02130335001146,1.0232946537892988,105
10070000,40380.000006391485,-511819.95061078994,301.06907990628275,1.0274023787519904,105
10075000,40400.00000639556,-512232.8057475565,300.03614136240725,1.0290940197322043,105
10080000,40420.000006399634,-511410.47591027035,299.8226882945891,1.0288044073829747,105
10085000,40440.00000640371,-511340.3181886885,302.62824883204786,1.0269595177853854,105
10090000,40460.00000640778,-512980.1018077305,302.6687154192739,1.0305420021498974,105
10095000,40480.00000641186,-510964.81986814435,300.4033692931091,1.0241764196731937,105
10100000,40500.00000641593,-511796.0312704898,300.74235760220245,1.0293090701340402,105
10105000,40520.00000642001,-512829.23427605117,301.5551460755706,1.0331162272315415,105
10110000,40540.00000642408,-510400.3263382525,300.07939298232316,1.026164471963673,105
10115000,40560.000006428156,-511989.3327294609,298.37549166328006,1.0289645813881898,105
10120000,40580.00000643223,-512219.80461876374,302.38054137563097,1.0311897904058882,105
10125000,40600.000006436305,-509892.37147548003,301.4149540799604,1.0252877711124249,105
10130000,40620.00000644038,-510045.990083653,299.63144806557415,1.0291004390524634,105
10135000,40640.000006444454,-512034.4126169926,301.929553935103,1.0299088788559616,105
10140000,40660.00000644853,-511013.2280971904,301.33371981702413,1.0260864724273409,105
10145000,40680.0000064526,-510851.0090601819,300.9058871132472,1.0271430584646037,105
10150000,40700.00000645668,-511009.84124017693,302.84387266606524,1.0255866662507904,105
10155000,40720.00000646075,-510456.8570299195,303.18354690215307,1.0250520968882575,105
10160000,40740.00000646483,-511987.109445408,297.69695777083984,1.0275315654506547,105
10165000,40760.0000064689,-510834.61887969426,302.06161021132874,1.0258750620004309,105
10170000,40780.000006472976,-510414.6410975738,298.9461061215273,1.0250922579547344,105
10175000,40800.00000647705,-510475.1751829651,301.50137750209444,1.0258630153461572,105
10180000,40820.000006481125,-510643.43566666706,300.12039726782245,1.0285590119144155,105
10185000,40840.0000064852,-511267.6962223998,301.79135881449355,1.0277010975491863,105
10190000,40860.000006489274,-511693.63556529116,301.99846590326393,1.0254003407447712,105
10195000,40880.00000649335,-511046.42612094106,299.69164469098206,1.0241373132883818,104
10200000,40900.00000649742,-511984.8066092271,298.74304483079595,1.0254065517781354,104
10205000,40920.0000065015,-511732.4921693313,302.1685429342156,1.0269014742793512,104
10210000,40940.00000650557,-510312.2883639599,302.5560148242587,1.0264026167924063,104
10215000,40960.00000650965,-512452.73422709596,302.8923185296628,1.02780459891815,104
10220000,40980.00000651372,-510399.33662571246,303.0279044294638,1.0223263539485181,104
10225000,41000.000006517796,-511703.9738689081,301.4310390207159,1.0252815772398478,104
10230000,41020.00000652187,-509460.35378219374,300.54228780480776,1.0244365182224238,104
10235000,41040.000006525945,-511033.905570626,299.7740501070562,1.0198084659856863,104
10240000,41060.00000653002,-510830.4159429879,299.6513968897946,1.0238451211630077,104
10245000,41080.000006534094,-510427.8154631255,302.8308990014801,1.0275638342932523,104
10250000,41100.00000653817,-511435.9778084317,300.05838296744474,1.0298203267674444,104
10255000,41120.00000654224,-511470.2496209082,301.56302984568265,1.0281810764502775,104
10260000,41140.00000654632,-511216.5411533599,301.25289047260384,1.0261545279906532,104
10265000,41160.00000655039,-512629.11465954524,301.06701663947746,1.0279660368363623,104
10270000,41180.00000655447,-510535.9719759519,299.695464840789,1.0221232785659125,104
10275000,41200.00000655854,-510647.03779243655,299.0027993281551,1.0222371905019967,104
10280000,41220.000006562615,-511315.90597751085,302.12237428081886,1.0299942792985581,104
10285000,41240.00000656669,-511851.0930408393,298.79499819477587,1.0274135728094687,104
10290000,41260.000006570765,-510723.1745998787,300.2608410121754,1.029266820637867,104
10295000,41280.00000657484,-511085.04077305854,300.1704624322247,1.0276309173134475,104
10300000,41300.00000657891,-510852.351809019,300.01627143771026,1.027376356774594,104
10305000,41320.00000658299,-510835.5045638608,297.7915058644463,1.022384909925735,104
10310000,41340.00000658706,-511067.007315499,298.74426973000084,1.0312998655094476,104
10315000,41360.00000659114,-511257.2467567164,300.32852299992845,1.0239927925769259,104
10320000,41380.00000659521,-512235.45354144485,300.89995193764327,1.0258886792268154,104
10325000,41400.000006599286,-510802.9801098318,299.8609222054032,1.0233436849128839,104
10330000,41420.00000660336,-510346.3286114542,301.8364315314652,1.02365568055298,104
10335000,41440.000006607435,-510092.62765681534,300.73091520487077,1.0257308467542914,104
10340000,41460.00000661151,-511199.4257688746,299.0181714890231,1.0254389833870234,104
10345000,41480.000006615584,-510642.7023723852,300.0160486785906,1.0260974737105095,104
10350000,41500.00000661966,-509946.5863794198,301.5787261190463,1.021649752770659,104
10355000,41520.00000662373,-510602.33141768095,299.3365110964403,1.026681293775778,104
10360000,41540.00000662781,-511296.7862466485,300.88804225184003,1.0279471497652728,104
10365000,41560.00000663188,-511189.3028300025,298.214198366697,1.0266807815970718,104
10370000,41580.00000663596,-512126.0263798863,300.96527077529606,1.027488531460524,104
10375000,41600.00000664003,-511902.12649893574,300.96985815105927,1.0243814183925957,104
10380000,41620.000006644106,-510276.9472427906,302.96813055514406,1.0259924631699817,104
10385000,41640.00000664818,-512188.04500601697,299.8627594557524,1.0294927026394471,104
10390000,41660.000006652255,-511679.6482106778,299.96890032101675,1.0275909916950046,104
10395000,41680.00000665633,-511788.40535315336,299.8910265790716,1.0271820212051872,104
10400000,41700.000006660404,-511793.6294422895,302.6236305230724,1.0306461432566896,104
10405000,41720.00000666448,-511755.9710999802,302.60437163818915,1.0263466977588986,104
10410000,41740.00000666855,-510721.5365934584,299.9613680057483,1.0289327384413647,104
10415000,41760.00000667263,-512121.6499327747,299.88716545208524,1.028320716743844,104
10420000,41780.0000066767,-511455.1921400961,303.2463294819717,1.0275594485846555,104
10425000,41800.00000668078,-511132.5516350644,300.3194535324546,1.0279831556443557,104
10430000,41820.00000668485,-510656.57368250075,302.68568886145,1.0249901721656953,104
10435000,41840.000006688926,-511662.0931873203,301.0468666973645,1.032128170676907,104
10440000,41860.000006693,-510723.38054913306,302.90037574453635,1.0257702150580277,104
10445000,41880.000006697075,-511513.81670496636,301.87380855711774,1.026796519605402,104
10450000,41900.00000670115,-509633.3647647365,302.3769635125217,1.020521277853684,104
10455000,41920.000006705224,-510680.9934946222,301.8351632932271,1.0245775763868628,104
10460000,41940.0000067093,-510459.05847419705,302.2300956357481,1.0262388497308905,104
10465000,41960.00000671337,-510601.75881064986,295.34482358782907,1.0268719426585269,104
10470000,41980.00000671745,-511746.66096066474,300.79370067243,1.029250708955755,104
10475000,42000.00000672152,-510436.1963079416,300.76746490844687,1.0266504764260125,104
10480000,42020.0000067256,-511659.479490282,300.51765952054484,1.0299966458836163,104
10485000,42040.00000672967,-510851.19012679043,302.24270338258106,1.0274460173217792,104
10490000,42060.000006733746,-510541.87552280957,300.84869521801687,1.0267300556811063,104
10495000,42080.00000673782,-511077.5981381794,300.3286502765054,1.0259966630646533,104
10500000,42100.000006741895,-510422.2016379221,301.55073044778993,1.023582436823871,104
10505000,42120.00000674597,-510617.4938796768,299.0731212202191,1.0216931468345893,104
10510000,42140.000006750044,-511360.18532090355,301.73520591767436,1.0291043709607504,104
10515000,42160.00000675412,-509847.1539739913,300.0192243162232,1.0211353167374542,104
10520000,42180.00000675819,-511491.7993627116,302.29071303561585,1.0273443179045743,104
10525000,42200.00000676227,-510228.2724276057,298.6953561855539,1.0241565863544673,104
10530000,42220.00000676634,-510980.0782789609,300.782666649685,1.026612736264271,104
10535000,42240.00000677042,-511255.3886524327,302.1320717812435,1.0255505287856659,104
10540000,42260.00000677449,-511218.0196445808,299.5947287908435,1.0255471335922184,104
10545000,42280.000006778566,-510528.9688946812,299.8762846926333,1.0259473301377104,104
10550000,42300.00000678264,-509986.25254537235,301.9431637552441,1.0250001955533152,104
10555000,42320.000006786715,-512288.56829394354,301.6671080651827,1.0298256460978188,104
10560000,42340.00000679079,-511147.1904154348,302.08117707553174,1.0284695037388987,104
10565000,42360.000006794864,-511205.3040621276,300.191263405979,1.0266971549625719,104
10570000,42380.00000679894,-511178.28386212024,299.9740973498857,1.0241087743635937,104
10575000,42400.00000680301,-511705.19866157835,299.17905029381234,1.0236644481463628,104
10580000,42420.00000680709,-509826.0126262794,302.0960855646931,1.021308469278381,104
10585000,42440.00000681116,-511410.92108188686,302.22318262142625,1.0259072739897481,104
10590000,42460.00000681524,-511718.37079966976,300.5742252734803,1.0292593659411666,104
10595000,42480.00000681931,-511189.5729673663,301.0187304825824,1.024841727042285,104
10600000,42500.000006823386,-511031.4697688271,302.8019933278346,1.0280330690622683,104
10605000,42520.00000682746,-510661.29077797267,299.1176325698658,1.0272002740232236,104
10610000,42540.000006831535,-510235.64249176206,300.64781967839286,1.0282463523422252,104
10615000,42560.00000683561,-510195.1253253489,301.60676411940705,1.0231968652728007,104
10620000,42580.000006839684,-510467.6324683551,298.29495433049914,1.0272176114726885,104
10625000,42600.00000684376,-511521.25334172486,298.911063585847,1.0262347921814985,104
10630000,42620.00000684783,-511923.6796382773,299.0136620900883,1.0265938564673989,104
10635000,42640.00000685191,-511890.1629401641,299.557383648864,1.025890247198206,104
10640000,42660.00000685598,-511873.5131610867,299.7753690253792,1.0232148219485364,104
10645000,42680.00000686006,-510624.6677813614,301.115435187844,1.0240484035382222,104
10650000,42700.00000686413,-512142.2713504075,302.8965882874365,1.0319191035771684,104
10655000,42720.000006868206,-512045.7981129247,300.78173474558184,1.0284845970481058,104
10660000,42740.00000687228,-511339.6908092841,300.5361587125021,1.02716171837654,104
10665000,42760.000006876355,-510855.369224804,302.683990734355,1.0262136252158431,104
10670000,42780.00000688043,-513151.77532139514,299.4169895148436,1.0294089402667532,104
10675000,42800.000006884504,-511180.53201785614,300.2137824136269,1.0291375044628126,104
10680000,42820.00000688858,-510991.720964415,300.79123806087426,1.0262820380885636,104
10685000,42840.00000689265,-510217.0983055071,303.0410633560775,1.0247732965193432,104
10690000,42860.00000689673,-511716.8276401621,300.7677974738671,1.0255032315753347,104
10695000,42880.0000069008,-510442.0149200519,302.5118158289082,1.02482578559481,104
10700000,42900.00000690488,-511191.9616210798,300.49423325173854,1.027012216140265,104
10705000,42920.00000690895,-511717.3375517668,300.86523274596055,1.0301839895220548,104
10710000,42940.000006913026,-511659.8218969938,299.74701918141386,1.0268216572188944,104
10715000,42960.0000069171,-510901.90413007024,300.8780287876587,1.0263330987482109,104
10720000,42980.000006921175,-511512.8794359516,301.49024010965036,1.025628146032642,104
10725000,43000.00000692525,-511781.75599449524,302.0945738657911,1.0304820682973166,104
10730000,43020.000006929324,-511141.5304982001,301.05712631260036,1.0257387717363258,104
10735000,43040.0000069334,-511072.1952511857,301.33166401526404,1.025736519523781,104
10740000,43060.00000693747,-511012.0354910947,299.594132771288,1.0238721620272195,104
10745000,43080.00000694155,-511769.98762647714,301.02608174034907,1.02736719856911,104
10750000,43100.00000694562,-511360.1746870314,301.5885583402929,1.02808913078379,104
10755000,43120.0000069497,-510450.81704935385,301.70638289375285,1.0235394155819661,104
10760000,43140.00000695377,-510882.4237126177,300.3943253822603,1.0269297208661496,104
10765000,43160.000006957845,-511619.2026394177,298.8418700936039,1.0261712501143274,104
10770000,43180.00000696192,-511003.02785329544,301.68629874968457,1.027069065560517,104
10775000,43200.000006965995,-511597.53717665933,303.6715065635022,1.0283206321079261,104
10780000,43220.00000697007,-510743.8106559785,301.7674078854103,1.028337943830701,104
10785000,43240.00000697414,-511574.45888147573,302.2792380299932,1.0234570690579514,104
10790000,43260.00000697822,-511394.10985519155,298.27565317347353,1.0275092871262093,104
10795000,43280.00000698229,-511434.02902260213,301.7887171945992,1.0286070499528945,104
10800000,43300.00000698637,-511982.7546603342,301.33716936609926,1.0261175566937,104
10805000,43320.00000699044,-512852.0505206934,301.0491509386841,1.0275751546470306,104
10810000,43340.000006994516,-511484.7292444685,300.89946887937293,1.0255617227645863,104
10815000,43360.00000699859,-511350.5543662894,303.97044342867116,1.0265930786839124,104
10820000,43380.000007002665,-510492.16940731835,302.2627465959088,1.0294490425419025,104
10825000,43400.00000700674,-511017.97799985623,300.86101609562957,1.024406816499733,104
10830000,43420.000007010814,-509920.8295077183,300.4644407043559,1.0235145722502683,104
10835000,43440.00000701489,-510447.10728878225,298.4816814536565,1.0254490811858277,104
10840000,43460.00000701896,-512790.5132193561,300.27978042966015,1.0309769922949616,104
10845000,43480.00000702304,-511716.8381128614,300.4134609048291,1.025833097312975,104
10850000,43500.00000702711,-511699.23919369536,301.9087089576943,1.026386391650258,104
10855000,43520.00000703119,-511258.88004312874,303.59394616307384,1.0298376655304575,104
10860000,43540.00000703526,-511114.29250832484,299.5203618720683,1.0257784510695447,104
10865000,43560.000007039336,-512356.9661704195,297.7972327414028,1.0324162290974288,104
10870000,43580.00000704341,-512057.66149126063,298.4597125306211,1.0283007018081949,104
10875000,43600.000007047485,-511339.3866264217,301.26139185966514,1.0255687658156878,104
10880000,43620.00000705156,-512074.3200965058,298.84735942971446,1.0273387856928353,104
10885000,43640.000007055634,-511093.76113961707,299.5726436834104,1.0266571394856834,104
10890000,43660.00000705971,-511615.9004004572,301.97181833028776,1.0295289529055482,104
10895000,43680.00000706378,-511220.9776549563,301.8227724992302,1.029336681567432,104
10900000,43700.00000706786,-510460.60439218115,302.6085796043371,1.0246968687482547,104
10905000,43720.00000707193,-512058.69238955504,299.97292505711044,1.0266318750108891,104
10910000,43740.00000707601,-510743.90594952065,301.2989407336798,1.02497005374459,104
10915000,43760.00000708008,-510399.40837767906,300.4340976889751,1.02752777748721,104
10920000,43780.000007084156,-510095.3474286818,301.09171790209734,1.0267529693340236,104
10925000,43800.00000708823,-511180.9743468682,302.24928064403827,1.027916773456429,104
10930000,43820.000007092305,-510470.32647027425,300.59088082687344,1.0223531060549687,104
10935000,43840.00000709638,-512896.3170764209,300.04519394230783,1.0307723204228252,104
10940000,43860.000007100454,-511170.5838607652,301.47040307475396,1.0275640126367365,104
10945000,43880.00000710453,-511131.72035223525,301.05573286090953,1.0263655791271042,104
10950000,43900.0000071086,-512430.5283046756,301.93543390329575,1.0284397452325502,104
10955000,43920.00000711268,-511421.2702268609,303.4763348514986,1.0235353744735527,104
10960000,43940.00000711675,-512345.2226385488,304.2589134306983,1.0315150240209736,104
10965000,43960.00000712083,-511794.7706956405,301.85124327246467,1.0291212702683445,104
10970000,43980.0000071249,-511421.88527678605,300.2691890786404,1.0279289453241374,104
10975000,44000.000007128976,-509752.7743047711,301.5426762007143,1.023333234686998,104
10980000,44020.00000713305,-511148.7429648272,302.1542211288956,1.023876141961723,104
10985000,44040.000007137125,-511478.0046804792,298.34134459418027,1.0263658298818312,104
10990000,44060.0000071412,-511054.88904702244,302.9510484512871,1.0271794823932663,104
10995000,44080.000007145274,-510764.0644199292,300.9802309598717,1.023495305385867,104
11000000,44100.00000714935,-511956.3989025445,303.0382665686019,1.0284197980746963,104
11005000,44120.00000715342,-510096.8741619075,302.2068239289164,1.027378753125401,104
11010000,44140.0000071575,-510986.78135481896,301.3557809631923,1.0266841048357616,104
11015000,44160.00000716157,-511095.9252753118,302.3261550134246,1.0271676834788008,104
11020000,44180.00000716565,-510917.09956881613,300.8992881584934,1.0271589890627744,104
11025000,44200.00000716972,-512488.62694031675,301.4970067310065,1.0264729364284848,104
11030000,44220.000007173796,-510337.76173309097,300.94266240168577,1.0271238278417063,104
11035000,44240.00000717787,-510508.5439249757,302.9088706726785,1.0279922214809276,104
11040000,44260.000007181945,-511802.93968401966,300.31618025513103,1.0271106753658197,104
11045000,44280.00000718602,-512391.734407682,303.57565784102627,1.030788583393518,104
11050000,44300.000007190094,-511351.2218899345,302.6969943320313,1.0299527823670087,104
11055000,44320.00000719417,-510756.3721414965,300.26820170773794,1.0277327318345169,104
11060000,44340.00000719824,-511926.5032901517,297.78088931267115,1.0280973514812624,104
11065000,44360.00000720232,-508966.4837995297,300.8000421416414,1.0218203713745218,104
11070000,44380.00000720639,-510717.08466761955,299.55798966268634,1.0236011801714726,104
11075000,44400.00000721047,-510716.00212275446,301.60684302415683,1.027182620898229,104
11080000,44420.00000721454,-512180.36492342036,302.1495607999173,1.025622283391391,104
11085000,44440.000007218616,-511897.9593072755,303.16073598672347,1.031612851561928,104
11090000,44460.00000722269,-510789.2570367395,302.0433910022741,1.026239365235466,104
11095000,44480.000007226765,-511055.6996587585,302.3033802586204,1.0303966586848454,104
11100000,44500.00000723084,-511230.4818480748,300.6185245726246,1.0272611760343444,104
11105000,44520.000007234914,-511262.6245087348,298.7395424024306,1.02834951914253,104
11110000,44540.00000723899,-512274.18199632736,299.6572280325106,1.0305152911957023,104
11115000,44560.00000724306,-511751.1837046556,301.5942308669063,1.0274480591655548,104
11120000,44580.00000724714,-510304.5830500191,299.6640190039366,1.0307834193620105,104
11125000,44600.00000725121,-510939.2812928404,302.07374433034266,1.028499436500078,104
11130000,44620.00000725529,-511517.7257217108,300.2630999308283,1.022092327025512,104
11135000,44640.00000725936,-512548.4412459186,302.09313200236824,1.0280657659116041,104
11140000,44660.000007263436,-511201.7822710371,301.23650095401644,1.0269045867139486,104
11145000,44680.00000726751,-511912.8335700496,300.7557494137278,1.0274843459626377,104
11150000,44700.000007271585,-510981.51888992894,299.81959208340186,1.0242496499714329,104
11155000,44720.00000727566,-511568.63229575194,299.88832564845177,1.0256846180843375,104
11160000,44740.000007279734,-510938.5708489595,298.1606855663675,1.0206639551485974,104
11165000,44760.00000728381,-511249.3589196366,299.6989680490661,1.026065253400217,104
11170000,44780.00000728788,-509695.96233801637,300.3833958318765,1.0230577245021444,104
11175000,44800.00000729196,-512187.64631083654,301.8002172979026,1.02651553519003,104
11180000,44820.00000729603,-510266.1264112047,301.77531953577864,1.0247784506803084,104
11185000,44840.00000730011,-511611.2879314532,300.5409065713098,1.0281840724423665,104
11190000,44860.00000730418,-511721.05716420873,300.5449022091084,1.0268513513719701,104
11195000,44880.000007308256,-511795.0343497549,302.63683124830226,1.0294332893646796,104
11200000,44900.00000731233,-511229.3260396954,304.4410076201377,1.0260171105530027,104
11205000,44920.000007316405,-511987.9989655302,301.2220551377157,1.0294952378826896,104
11210000,44940.00000732048,-510141.6922038812,299.0874923588152,1.0294395763602417,104
11215000,44960.000007324554,-511964.5634493935,301.81597996250946,1.0259485714217527,104
11220000,44980.00000732863,-510812.5470297134,302.9581267737522,1.0228571765031906,104
11225000,45000.0000073327,-510809.66919290717,302.32876361588177,1.0269219805255274,104
11230000,45020.00000733678,-511222.40480062645,302.7537227305447,1.0278003654152534,104
11235000,45040.00000734085,-511870.87966281385,300.1128846407176,1.0300611022287198,104
11240000,45060.00000734493,-510733.42092631967,299.7777452845397,1.026454019289612,104
11245000,45080.000007349,-511432.9425569987,301.7221615926869,1.0290135169539443,104
11250000,45100.000007353075,-509751.30595882493,302.10081182224695,1.023098163061248,104
11255000,45120.00000735715,-512475.12427777494,299.9598607808963,1.0311458412478858,104
11260000,45140.000007361225,-511335.6184900368,301.7309529354468,1.026599424743559,104
11265000,45160.0000073653,-511923.4027680673,300.64846542212496,1.023530450294886,104
11270000,45180.00000736937,-509797.26103879535,303.3741487927356,1.0236695366050323,104
11275000,45200.00000737345,-510256.98960801726,298.2730306021253,1.0257288754835499,104
11280000,45220.00000737752,-511083.10306791915,303.9605050326284,1.0240016941176309,104
11285000,45240.0000073816,-512197.35225004214,300.41893312445956,1.0242059219203745,104
11290000,45260.00000738567,-511514.89595768484,300.3366026979764,1.0319000606777162,104
11295000,45280.000007389746,-511939.51023135614,299.53779010974523,1.0285437124632835,104
11300000,45300.00000739382,-512844.6561704362,301.819149663768,1.0271991524215767,104
11305000,45320.000007397895,-510994.27185192914,300.67691940666765,1.029816067429212,104
11310000,45340.00000740197,-510813.99056723434,298.2736261251295,1.0269199896121817,104
11255000,45120.00000735715,-511160.76178886835,298.5601665498836,1.025705258515765,--
11260000,45140.000007361225,-510577.3668729742,299.155178553378,1.0245525819711994,107
11265000,45160.0000073653,-511163.6984936991,303.98926055826064,1.0251560092899443,107
11270000,45180.00000736937,-511010.2949335759,301.2576623593776,1.0287072245180604,107
11275000,45200.00000737345,-511619.00652045966,299.15252319894705,1.028196764326328,107
11280000,45220.00000737752,-510817.34626936633,302.47272143538424,1.0279818640552902,107
11285000,45240.0000073816,-511481.73490698915,299.35703117499116,1.0267440048885457,107
11290000,45260.00000738567,-511479.4855627192,301.4491022714846,1.028237569438298,107
11295000,45280.000007389746,-511713.6016126764,299.9336320296424,1.0237924566320225,107
11300000,45300.00000739382,-510907.0295405816,300.16459425621923,1.0272145807634367,106
11305000,45320.000007397895,-510888.0245953428,301.2781786494573,1.0290484988784818,106
11310000,45340.00000740197,-512437.4014072402,301.0289750287344,1.0322540486260563,106
11315000,45360.000007406044,-510751.77604850824,302.24041318464657,1.024274942714804,106
11320000,45380.00000741012,-510283.1519541545,300.6557833761799,1.0248154036281694,106
11325000,45400.00000741419,-511357.4515499419,299.4066164631439,1.027562454564625,106
11330000,45420.00000741827,-511885.3764012046,299.8492733031253,1.0247109595552215,106
11335000,45440.00000742234,-510663.2382571157,303.7035620287048,1.0282283615240604,106
11340000,45460.00000742642,-511658.4089713588,300.1510391739952,1.027408521419478,106
11345000,45480.00000743049,-511027.2825611143,300.27989280244054,1.0260926580197802,106
11350000,45500.000007434566,-510063.8140964664,301.78100951143756,1.024887607880149,106
11355000,45520.00000743864,-510042.8052146775,299.8979139470937,1.0239860269786933,106
11360000,45540.000007442715,-510306.6318951538,302.5890703860815,1.021363132231976,106
11365000,45560.00000744679,-510281.3446556642,299.8453870856675,1.0255166223789052,106
11370000,45580.000007450864,-510894.7929289576,303.62552531611163,1.0259942490777763,106
11375000,45600.00000745494,-511463.11565648345,302.87397009194433,1.0263062344871812,106
11380000,45620.00000745901,-511579.61756220926,300.8666219163375,1.0279459219796274,106
11385000,45640.00000746309,-511832.0310218299,299.3688482145183,1.0258510167878334,106
11390000,45660.00000746716,-509915.60011549643,302.4313487157308,1.0252979454598736,106
11395000,45680.00000747124,-509728.79720031796,301.9843875463317,1.0226293673199385,106
11400000,45700.00000747531,-511866.8813283143,304.6672867737768,1.0264404994654772,105
11405000,45720.000007479386,-512718.67480785935,302.68162410502373,1.0274162278227266,105
11410000,45740.00000748346,-511608.3753060368,299.281731855929,1.0250899440753136,105
11415000,45760.000007487535,-511286.09806050477,299.55158902085185,1.0254560227049414,105
11420000,45780.00000749161,-510441.9419768546,300.09778409943,1.024837428578965,105
11425000,45800.000007495684,-512562.2213143371,298.62869502255495,1.0298796503412646,105
11430000,45820.00000749976,-510590.61458478123,299.70414423574647,1.025701894183013,105
11435000,45840.00000750383,-510717.75921756076,298.534106855345,1.026831495611137,105
11440000,45860.00000750791,-510336.5253767355,301.1301592211197,1.0240383023384036,105
11445000,45880.00000751198,-510583.20626732265,301.43460690458375,1.0245226769974074,105
11450000,45900.00000751606,-510075.79894759855,298.4619205487103,1.0271467114765074,105
11455000,45920.00000752013,-510768.5794851051,301.7732828307304,1.0297763061267526,105
11460000,45940.000007524206,-511387.2312073549,298.75968923870596,1.0248536787027032,105
11465000,45960.00000752828,-510691.2478824449,302.0793276389084,1.0215177707262446,105
11470000,45980.000007532355,-512166.7726859818,297.6114538144136,1.0293315935371936,105
11475000,46000.00000753643,-510706.94035966205,302.8521339945055,1.0243745469461254,105
11480000,46020.000007540504,-511593.53632931644,300.4504701581296,1.0282037903208154,105
11485000,46040.00000754458,-510388.1838810949,301.48542338655307,1.02600069315437,105
11490000,46060.00000754865,-511143.59628304373,301.0767660156161,1.0254421925027728,105
11495000,46080.00000755273,-510884.2056398832,301.13546141082054,1.0235365405737338,105
11500000,46100.0000075568,-510545.638128123,300.4677900875558,1.0248981533857424,105
11505000,46120.00000756088,-510820.82475489425,302.3175162375439,1.025326221544601,105
11510000,46140.00000756495,-510406.78015499446,304.4169975905967,1.0311798078850456,105
11515000,46160.000007569026,-513294.5490435506,304.375047417294,1.0274998004358917,105
11520000,46180.0000075731,-510364.2273798883,300.17137853300443,1.0251620655923017,105
11525000,46200.000007577175,-511038.86482526315,300.08691537536276,1.0257948928416176,105
11530000,46220.00000758125,-511677.5808728803,298.73943087928325,1.0303192828983772,105
11535000,46240.000007585324,-511560.1386444317,302.69774896371536,1.0292432360644637,105
11540000,46260.0000075894,-512547.58737964695,300.0638638772273,1.0254674150790282,105
11545000,46280.00000759347,-513985.0082281637,300.1049280421276,1.0314569011014005,105
11550000,46300.00000759755,-510633.04460048093,300.6131650002556,1.0233366426710295,105
11555000,46320.00000760162,-511139.0075611586,299.81696137451894,1.0296316078356533,105
11560000,46340.0000076057,-510472.8452233481,301.07407560321957,1.0292803918151572,105
11565000,46360.00000760977,-512435.10276831477,299.4801331144673,1.0281438336198303,105
11570000,46380.000007613846,-510314.47426326503,302.1228665639762,1.024720987212859,105
11575000,46400.00000761792,-512646.67201527767,300.53442585410596,1.0266768334400513,105
11580000,46420.000007621995,-510889.6061800176,300.3135047836197,1.0213005611744792,105
11585000,46440.00000762607,-511482.0962196279,303.5584487571808,1.0258574716963904,105
11590000,46460.000007630144,-510037.6452702186,300.1410801303371,1.0257032169056544,105
11595000,46480.00000763422,-511499.6692423206,301.0112093864301,1.0266179478882942,105
11600000,46500.00000763829,-510477.2928415041,300.1345588545905,1.0288855859634416,105
11605000,46520.00000764237,-512069.7413999727,301.4073199220026,1.0238645990526123,105
11610000,46540.00000764644,-511494.2150069375,300.9241721703931,1.0285530245595311,105
11615000,46560.00000765052,-511199.87385021197,302.36469970801426,1.0263051212799885,105
11620000,46580.00000765459,-511193.8482675436,300.06711852309354,1.024033614019918,105
11625000,46600.000007658666,-510895.30074456334,301.61384749551837,1.021529592596356,105
11630000,46620.00000766274,-510765.1645736955,302.1156391521998,1.0203792615658573,105
11635000,46640.000007666815,-510954.27922883676,302.11731303180295,1.0285588774480534,105
11640000,46660.00000767089,-510932.56817129045,301.0056521303326,1.028580930640734,105
11645000,46680.000007674964,-511263.13901640475,300.4336092844227,1.0262665570172416,105
11650000,46700.00000767904,-512273.09359388845,300.8721460269324,1.026659323800066,105
11655000,46720.00000768311,-509367.50965300715,299.43043249804833,1.0256034910785568,105
11660000,46740.00000768719,-510326.2188537626,301.2518127386678,1.025116819044072,105
11665000,46760.00000769126,-510348.7761544299,302.394109812447,1.0224090478068593,105
11670000,46780.00000769534,-512316.1025727913,299.5390124959838,1.0301973569857057,105
11675000,46800.00000769941,-511213.4528415869,302.57487730980995,1.0242547846488896,105
11680000,46820.000007703486,-511122.457326913,303.3238812537541,1.0265338995939175,105
11685000,46840.00000770756,-511175.56798619847,303.3829857749719,1.0299387291142872,105
11690000,46860.000007711635,-510464.3815914879,300.8481370191972,1.022225675394566,105
11695000,46880.00000771571,-512141.7504256151,299.3610474580921,1.0276271204873042,105
11700000,46900.000007719784,-510834.0370163459,298.93145900240614,1.0231998361508787,105
11705000,46920.00000772386,-511379.80642049084,300.86759497421025,1.027565043585723,105
11710000,46940.00000772793,-511458.770167565,303.1034858313244,1.030669331776187,105
11715000,46960.00000773201,-511235.6517617223,302.42171215280905,1.0271258217520376,105
11720000,46980.00000773608,-512111.25275943894,301.1750876191925,1.0265490803493624,105
11725000,47000.00000774016,-510467.49151786603,298.877784271361,1.025305235534824,105
11730000,47020.00000774423,-510476.3418926988,302.5177222922753,1.019305222780975,105
11735000,47040.000007748306,-510723.5234911621,301.37341699171066,1.0246613804593443,105
11740000,47060.00000775238,-512600.1019425746,298.7091583118944,1.0227480620738592,105
11745000,47080.000007756455,-512320.73321266845,303.6400689905426,1.027787446590364,105
11750000,47100.00000776053,-509478.3700988423,302.0669775473653,1.0235583272260658,105
11755000,47120.000007764604,-510617.3812720729,298.18336889455617,1.0284607731971716,105
11760000,47140.00000776868,-510223.8090151632,301.94270549555245,1.0240444011404914,105
11765000,47160.00000777275,-511578.973452562,300.7860321573383,1.022685417754713,105
11770000,47180.00000777683,-510893.9611267247,300.3408148976648,1.0266321603334518,105
11775000,47200.0000077809,-510675.0914796756,299.63276796767803,1.0230912143263677,105
11780000,47220.000007784976,-512121.79414228187,301.4215808195037,1.0305191344642461,105
11785000,47240.00000778905,-511348.1733714361,298.27414381304584,1.0249154140890009,105
11790000,47260.000007793125,-510795.9637352689,299.5511690050971,1.0273904570998513,105
11795000,47280.0000077972,-511753.29160252307,300.84877187633543,1.0265886159855453,105
11800000,47300.000007801274,-511394.71680230135,303.26143200095447,1.02599956624512,105
11805000,47320.00000780535,-511194.1800680037,303.44355673800396,1.026632541453674,105
11810000,47340.00000780942,-511716.1996990321,301.82630208446784,1.0250793342055957,105
11815000,47360.0000078135,-512100.3251397391,300.6107879926843,1.026363633616003,105
11820000,47380.00000781757,-510550.30913069774,300.8053713851028,1.0281079668433573,105
11825000,47400.00000782165,-509612.9646022313,299.8161019818256,1.0255657598142922,105
11830000,47420.00000782572,-510411.48492984613,301.93315094621096,1.0222748594839348,105
11835000,47440.000007829796,-511245.6476889122,301.02911578351757,1.0279308002310406,105
11840000,47460.00000783387,-511601.15374465263,298.4041435408493,1.0242203268649854,105
11845000,47480.000007837945,-510762.5058173968,298.8574762178225,1.025492268733352,105
11850000,47500.00000784202,-511532.95646760985,302.8182809569584,1.0246407334985688,105
11855000,47520.000007846094,-510764.0714602419,301.26737726081154,1.0264394919649447,105
11860000,47540.00000785017,-512218.1630190506,304.11471288845564,1.0312162216854608,105
11865000,47560.00000785424,-511064.0504811569,302.3224454370226,1.0255461129972967,105
11870000,47580.00000785832,-510917.4140007675,300.5835730384557,1.0251354761429368,105
11875000,47600.00000786239,-510979.2790719215,304.0579915623039,1.0275639933993002,105
11880000,47620.00000786647,-510290.78919171426,298.1766533661176,1.0251692760475755,105
11885000,47640.00000787054,-511429.2033090263,303.32861125211383,1.0235976054563263,105
11890000,47660.000007874616,-510379.0665424932,300.85655732027783,1.0248036441016226,105
11895000,47680.00000787869,-511119.0430393568,300.05342281679043,1.0244676799423393,105
11900000,47700.000007882765,-511356.2561253139,302.89990222310826,1.0305072496515273,105
11905000,47720.00000788684,-511471.71716163075,301.66805310555395,1.0286066459554855,105
11910000,47740.000007890914,-510155.7556738993,299.21659532070834,1.0298876175696903,105
11915000,47760.00000789499,-511111.7289023581,301.2804795270348,1.027572205037814,105
11920000,47780.00000789906,-510739.7376986749,298.94986547304916,1.0259950366810675,105
11925000,47800.00000790314,-511880.3627698878,301.51069136354914,1.027078512736396,105
11930000,47820.00000790721,-510185.23283419013,297.63723076286095,1.0280477408986992,105
11935000,47840.00000791129,-510967.9023650279,301.3019103684931,1.0233026676945869,105
11940000,47860.00000791536,-512402.59781260556,301.6842907361807,1.028123031593437,105
11945000,47880.000007919436,-510376.34632545314,301.96579201380547,1.0263785892059094,105
11950000,47900.00000792351,-510950.78438150487,301.68983245508247,1.0266892699374806,105
11955000,47920.000007927585,-510746.72719369363,300.49881289052996,1.0224318473389982,105
11960000,47940.00000793166,-510636.36718046456,304.8269748582254,1.0244415924747086,105
11965000,47960.000007935734,-510529.0085703195,301.21856367567494,1.0230685977915517,105
11970000,47980.00000793981,-510544.6437260986,301.9387290981551,1.0267000380533369,105
11975000,48000.00000794388,-511154.47854702757,302.70398033929604,1.0285013870450406,105
11980000,48020.00000794796,-510506.91388380784,299.3891212823399,1.0237738876159308,105
11985000,48040.00000795203,-509924.0885520163,302.680666476568,1.026106732096325,105
11990000,48060.00000795611,-511411.5067636892,301.71118464296836,1.0286674079003923,105
11995000,48080.00000796018,-511872.90082477103,300.53221650470437,1.027702772913316,105
12000000,48100.000007964256,-510807.036555232,300.6623659114428,1.0298433349706957,105
12005000,48120.00000796833,-510841.6169179918,302.34327658783786,1.0259301982624587,105
12010000,48140.000007972405,-511061.3520987951,300.49433981532815,1.0236723218131978,105
12015000,48160.00000797648,-510623.4419948531,303.2350329859606,1.0241607027945667,104
12020000,48180.000007980554,-511384.8343432273,300.9075530120639,1.0286899777697125,104
12025000,48200.00000798463,-511316.07926786365,301.3711392204717,1.0230407723720971,104
12030000,48220.0000079887,-511469.56431255117,302.996241781877,1.0266320982304658,104
12035000,48240.00000799278,-510857.3158111237,303.13508553953574,1.027794959853243,104
12040000,48260.00000799685,-512125.8240862177,301.9895209359527,1.0275481331728633,104
12045000,48280.00000800093,-511685.79586461256,301.30206896663543,1.0284418666822799,104
12050000,48300.000008005,-512422.86685731285,299.8745221811638,1.0271095436138389,104
12055000,48320.000008009076,-511371.4238780688,300.82609725573656,1.02652737609512,104
12060000,48340.00000801315,-511514.66179890814,298.37437220567836,1.027336411749998,104
12065000,48360.000008017225,-512335.1035387411,302.45545969892055,1.024515303155764,104
12070000,48380.0000080213,-510452.1900195144,300.3924231859194,1.027783535868014,104
12075000,48400.000008025374,-511723.8182289093,300.5288423517647,1.0287271278587744,104
12080000,48420.00000802945,-510704.1613907246,302.8048043227905,1.0244204993876305,104
12085000,48440.00000803352,-512078.0486896059,305.22530336643,1.031398777755333,104
12090000,48460.0000080376,-512350.5596276254,299.2064434438913,1.0259752014185535,104
12095000,48480.00000804167,-511061.61008692393,301.960742089073,1.0234292793208364,104
12100000,48500.00000804575,-510026.77142457734,304.0661154910154,1.0239976627519876,104
12105000,48520.00000804982,-509919.2013653859,302.5973639247204,1.0239088402316,104
12110000,48540.000008053896,-512618.2791406007,303.92915507244885,1.030060255458555,104
12115000,48560.00000805797,-510960.34996897425,301.03327256971727,1.0297004843828583,104
12120000,48580.000008062045,-511590.08243400767,301.10233998255666,1.0267859987147836,104
12125000,48600.00000806612,-510973.94042291003,299.6567828176757,1.0292359840761862,104
12130000,48620.000008070194,-511887.63096733834,300.12606142348545,1.0277250370962658,104
12135000,48640.00000807427,-511728.22163001704,300.8198726266876,1.0296477948388538,104
12140000,48660.00000807834,-511421.72633294296,302.2316563284176,1.0269810973857734,104
12145000,48680.00000808242,-511791.73103354126,304.63236883227637,1.029408963219907,104
12150000,48700.00000808649,-511060.4143933591,298.53184542714575,1.0244988564785502,104
12155000,48720.00000809057,-512464.2139131718,300.41386697079525,1.0297616286467126,104
12160000,48740.00000809464,-511002.79533561505,300.96909657632165,1.0278775087279888,104
12165000,48760.000008098716,-509298.3057747374,303.9070047869077,1.0258131798930314,104
12170000,48780.00000810279,-510828.26940444135,300.96064726910595,1.0226360455320223,104
12175000,48800.000008106865,-509639.9211926125,300.3750913219307,1.0227838439129482,104
12180000,48820.00000811094,-511300.2797926783,302.08460752305706,1.0260256963357934,104
12185000,48840.000008115014,-510726.00432523456,298.4997352446063,1.027623965336722,104
12190000,48860.00000811909,-510767.55142845353,301.4043066917844,1.0230668064238462,104
12195000,48880.00000812316,-509956.1366933198,299.4135239253352,1.0273005812302303,104
12200000,48900.00000812724,-512273.5949802969,300.9187543803656,1.028366815316308,104
12205000,48920.00000813131,-512082.5931521,301.7616734288445,1.0271196446184492,104
12210000,48940.00000813539,-511470.97347774287,301.33452887983395,1.0285687070700535,104
12215000,48960.00000813946,-510593.4354825064,299.9483796359632,1.0255747758359635,104
12220000,48980.000008143536,-509788.1151221199,298.29324133532134,1.0234932920292557,104
12225000,49000.00000814761,-511701.7015995281,300.7593081570705,1.029522684916222,104
12230000,49020.000008151685,-511036.60954143526,301.21028442448977,1.0227102474441605,104
12235000,49040.00000815576,-510807.2288964852,300.39446180313433,1.0250032867525798,104
12240000,49060.000008159834,-511097.3485854333,301.5811344521981,1.0284880225975899,104
12245000,49080.00000816391,-511818.392683021,300.5704805659714,1.0278890554727023,104
12250000,49100.00000816798,-511527.5136174669,301.4923196398885,1.028068224874045,104
12255000,49120.00000817206,-511562.82933038566,301.56441224057517,1.0244963483876395,104
12260000,49140.00000817613,-512049.3316398668,300.48150978113057,1.024578425863419,104
12265000,49160.000008180206,-510855.656899675,300.5160871895419,1.0250056474494968,104
12270000,49180.00000818428,-511007.5114915513,299.9207882972739,1.0254457156206496,104
12275000,49200.000008188355,-510858.10754717584,300.67574260833254,1.027526811126332,104
12280000,49220.00000819243,-509848.6345685518,300.24994403070116,1.028094958929852,104
12285000,49240.000008196504,-512005.24547914066,299.7217859183731,1.0297295371065704,104
12290000,49260.00000820058,-511228.35594973643,300.89369485771783,1.0302996313708217,104
12295000,49280.00000820465,-511510.4188129136,300.7902091006335,1.0276054098230332,104
12300000,49300.00000820873,-511280.72082418995,302.237623527444,1.0272498482464751,104
12305000,49320.0000082128,-510150.82904002885,301.13558541228286,1.0269509025632988,104
12310000,49340.00000821688,-511677.07918789587,300.28072925049617,1.0316744789066785,104
12315000,49360.00000822095,-510220.40566993016,300.514369121342,1.0243370236740768,104
12320000,49380.000008225026,-510996.4843336076,301.2201057943746,1.0233319152603255,104
12325000,49400.0000082291,-510856.33370001544,299.49765461154567,1.0285485533833152,104
12330000,49420.000008233175,-511876.2771999212,301.6150715260677,1.026870232619836,104
12335000,49440.00000823725,-510854.028141384,302.0040368924248,1.0232087306976323,104
12340000,49460.000008241324,-512404.9513737904,303.64020047061746,1.027444442121785,104
12345000,49480.0000082454,-511091.9708781238,301.8741159653349,1.0248765977814753,104
12350000,49500.00000824947,-512246.1238371888,299.6215909260898,1.0279601526230226,104
12355000,49520.00000825355,-511204.9022492855,301.2916034017194,1.0248744737224915,104
12360000,49540.00000825762,-511470.34658427746,301.0886943873401,1.0304033553862804,104
12365000,49560.0000082617,-511593.8237012923,299.7092247314969,1.0282134704626376,104
12370000,49580.00000826577,-510918.5556144656,300.9761504805982,1.0243800131426408,104
12375000,49600.000008269846,-511755.5089845222,303.25044908864504,1.0323585440609453,104
12380000,49620.00000827392,-511450.65315670543,301.1654256475384,1.0298518883487073,104
12385000,49640.000008277995,-511180.4852217424,299.52570790606836,1.0248876580372457,104
12390000,49660.00000828207,-510953.2180446421,301.36787370462616,1.0275999289087765,104
12395000,49680.000008286144,-511133.123449981,302.81404543858855,1.0328930440248234,104
12400000,49700.00000829022,-511407.1212110217,301.22713598029276,1.029174851920615,104
12405000,49720.00000829429,-511217.7733477673,301.1154584740347,1.0244984013337621,104
12410000,49740.00000829837,-510910.78387109726,300.206527200739,1.0282842667333358,104
12415000,49760.00000830244,-511171.4087107966,299.85309346805036,1.0266717091450845,104
12420000,49780.00000830652,-510680.5613955271,302.6783058866886,1.0258982707275206,104
12425000,49800.00000831059,-511028.5998299485,301.51735768987754,1.0240882689470048,104
12430000,49820.000008314666,-510455.607906237,298.94728242469336,1.0267469125847477,104
12435000,49840.00000831874,-511011.04687938443,299.50589045693476,1.0287403556676968,104
12440000,49860.000008322815,-510745.4286720643,299.9618464857091,1.0272936183170354,104
12445000,49880.00000832689,-511362.9138083048,300.6803109067424,1.0266058667180176,104
12450000,49900.000008330964,-509754.9285079264,300.59525244838755,1.02330742574992,104
12455000,49920.00000833504,-510287.7621171477,302.5029936193636,1.02678086412581,104
12460000,49940.00000833911,-510545.6824039726,302.90741547127186,1.0273212450974876,104
12465000,49960.00000834319,-511213.5404171413,301.8858259502154,1.0251473567941303,104
12470000,49980.00000834726,-512001.8875413819,301.27219859456625,1.025641350830693,104
12475000,50000.00000835134,-510763.1041011913,302.64434953298445,1.028432263146997,104
12480000,50020.00000835541,-511504.148342381,302.4590628478412,1.0301934317434422,104
12485000,50040.000008359486,-511702.8583673702,298.5900772662414,1.0255398913613565,104
12490000,50060.00000836356,-510463.089490002,300.6587480076099,1.0221475808561657,104
12495000,50080.000008367635,-510632.48077062285,302.4543307348678,1.0286535730814002,104
12500000,50100.00000837171,-510275.28006669646,302.963215329765,1.024682442691684,104
