#"Step","Time (ps)","Potential Energy (kJ/mole)","Temperature (K)","Density (g/mL)","Speed (ns/day)"
5000,120.00000000005473,-518730.8463655112,302.7995384128583,1.027590432234156,--
10000,140.00000000003652,-518633.34034767677,299.76932546426735,1.0223636772081837,102
15000,159.9999999999899,-519380.38069801545,301.2146197755866,1.0279212572912322,103
20000,179.9999999999433,-519005.9347229998,298.1079445173272,1.0213324989737724,103
25000,199.9999999998967,-519836.99318955047,301.7047900093041,1.0248330611479881,103
30000,219.99999999985008,-517795.8778900474,300.63311211406716,1.0255867645483125,103
35000,239.99999999980346,-519585.08234312595,300.62958314053736,1.0282471100238664,102
40000,259.99999999978525,-517487.5742425129,301.22555179111976,1.0187515701266883,102
45000,279.99999999988074,-518862.67024216126,300.16895212722443,1.027533969983335,102
50000,299.99999999997624,-519703.6565572999,302.8246885655591,1.0272680842047992,102
55000,320.00000000007174,-518569.25329960836,300.5916348728882,1.0265712381197944,102
60000,340.00000000016723,-520213.01644328004,299.19185635949736,1.0265919175823273,102
65000,360.00000000026273,-518711.6083326177,300.47814873220756,1.0258765582060105,102
70000,380.0000000003582,-518799.4602005675,300.47162844103167,1.0231204841588222,102
75000,400.0000000004537,-518420.063383661,299.39050539933413,1.0259196742535845,102
80000,420.0000000005492,-518265.87990255444,302.04307744455696,1.0243592739487308,102
85000,440.0000000006447,-518074.35388745763,300.9688833851226,1.0216140730110221,102
90000,460.0000000007402,-517667.3306219226,301.13719320402345,1.0236854926044607,102
95000,480.0000000008357,-519297.51141094393,300.291388674347,1.0273510191239152,102
100000,500.0000000009312,-518654.93523639697,301.4259800470229,1.0254470801315827,102
105000,520.0000000010267,-519519.45161145646,302.4834456437106,1.0275325925571481,102
110000,540.0000000011222,-518668.2890281887,300.58539948103027,1.025919359148563,102
115000,560.0000000012177,-519231.8007146232,301.09391006493263,1.0240384339474897,102
120000,580.0000000013132,-520197.34335710807,302.07926298656344,1.0247024125210393,102
125000,600.0000000014087,-518328.4686641202,301.3189109075593,1.0275580773779371,102
130000,620.0000000015042,-518671.4357287013,301.70375964324603,1.025745868343157,102
135000,640.0000000015997,-519289.4960159911,300.64363517893844,1.025318014274467,102
140000,660.0000000016952,-519100.86512596416,303.59903445754173,1.0247793468086517,102
145000,680.0000000017907,-519819.062090877,302.0389398904499,1.0238205040865391,102
150000,700.0000000018862,-518700.56420987495,303.330170730644,1.026217456675568,102
155000,720.0000000019817,-519556.2877238579,300.0733892326172,1.0263447623023714,102
160000,740.0000000020772,-520676.95687446115,299.9982555569221,1.02717404527642,102
165000,760.0000000021727,-519106.66833974747,302.8803256299183,1.0213220307961937,102
170000,780.0000000022682,-518448.17017698195,301.5710389499057,1.023693826792896,102
175000,800.0000000023637,-519487.2211267301,298.1963439486649,1.0283592900296064,102
180000,820.0000000024592,-518347.7879570271,301.0654173556612,1.0213512878258133,102
185000,840.0000000025547,-518692.60811675945,302.53162927327105,1.0260186644724962,102
190000,860.0000000026502,-518875.4200079979,302.1105921541801,1.0240426690660827,102
195000,880.0000000027457,-518972.6684527658,299.9313328766447,1.0251108811811567,102
200000,900.0000000028411,-519117.6359384828,301.66056742442413,1.024334457193521,102
205000,920.0000000029366,-519294.4025810298,300.511758743565,1.022389660720946,102
210000,940.0000000030321,-520278.4306005235,302.9919400981475,1.030045689897795,102
215000,960.0000000031276,-518412.1282727835,298.85924891539815,1.022715058293375,102
220000,980.0000000032231,-518312.576186626,299.6397990440016,1.0270786307115338,102
225000,1000.0000000033186,-519453.9067662321,301.84126628759725,1.0227463012785378,102
230000,1020.0000000034141,-519695.2596100294,303.2960719330476,1.0287522245346268,102
235000,1040.0000000030548,-519008.51404930605,301.21987786765766,1.0245578885107216,102
240000,1060.0000000025818,-519139.71057505975,301.3804615625362,1.0236621265881742,102
245000,1080.000000002109,-517997.7371254803,302.5719538524671,1.020770270730499,102
250000,1100.000000001636,-519757.66644195,301.36417073742587,1.0258600436912741,102
255000,1120.000000001163,-519005.72686526366,301.0014695988377,1.02548573918407,102
260000,1140.00000000069,-520195.43864444504,301.18922468077625,1.0269837043188739,102
265000,1160.0000000002171,-518237.16062057414,301.9128127842924,1.0254433036560018,102
270000,1179.9999999997442,-518947.65135087376,302.20991639789156,1.024314682733552,102
275000,1199.9999999992713,-517653.1957433175,302.00411262856875,1.0243646428190423,102
280000,1219.9999999987983,-518196.0852766067,302.76748598178705,1.0272900666809497,102
285000,1239.9999999983254,-517986.9714366533,300.81757983702056,1.0239474860540747,102
290000,1259.9999999978525,-520624.2329865033,298.52111898255606,1.0268362996104663,102
295000,1279.9999999973795,-519448.9341606593,300.73835029727246,1.0264718672601965,102
300000,1299.9999999969066,-518652.24865767546,299.44792225384253,1.0242419065604516,102
305000,1319.9999999964336,-520456.5141620564,299.76105030624103,1.0245030944630256,102
310000,1339.9999999959607,-520119.2872517074,302.7787491971498,1.0280916508923925,102
315000,1359.9999999954878,-519420.2145929993,302.36338850043364,1.0277779124125903,102
320000,1379.9999999950148,-518283.91765929665,302.27902758711457,1.0270169697229565,102
325000,1399.999999994542,-518812.37728625606,300.08292507784455,1.0285493579734086,102
330000,1419.999999994069,-518824.58534191176,301.6770581790374,1.0255511032365483,102
335000,1439.999999993596,-516920.8541413918,302.8914776254144,1.021240591610281,102
340000,1459.999999993123,-519212.58145278436,300.80071061153114,1.0256776005400723,102
345000,1479.9999999926501,-519119.41827139305,301.5592347442938,1.0257190486706351,102
350000,1499.9999999921772,-517498.0506631839,297.87513360498315,1.0225813094958627,102
355000,1519.9999999917043,-519173.1288222901,303.45372191730837,1.027043312284419,102
360000,1539.9999999912313,-518493.1879340238,300.0288575737792,1.0255713862834162,102
365000,1559.9999999907584,-519160.8360485174,301.9577521161355,1.0241457456681282,102
370000,1579.9999999902855,-519535.4691032469,301.8482028727376,1.02646931486927,102
375000,1599.9999999898125,-518653.9914866262,302.18004741568103,1.0257533452877778,102
380000,1619.9999999893396,-518680.17400964326,302.3654467997387,1.027278642666411,102
385000,1639.9999999888666,-518288.4701320522,298.88270575392414,1.022634538532257,102
390000,1659.9999999883937,-519659.3273263769,299.1455558638963,1.030761920093493,102
395000,1679.9999999879208,-519269.2390731028,299.3254335402113,1.028075421457126,102
400000,1699.9999999874478,-518471.9299622455,301.80158287951843,1.0231898587691228,102
405000,1719.999999986975,-518229.2897629726,300.69689986313915,1.0260984354863436,102
410000,1739.999999986502,-519342.3944830324,302.3356080530347,1.0213841241089967,102
415000,1759.999999986029,-519176.4801136423,300.9431948136182,1.0271812479154783,102
420000,1779.999999985556,-519124.5979724119,300.33675251564404,1.0233313314662402,102
425000,1799.9999999850832,-518692.4407020975,301.456760376803,1.0201899070829121,102
430000,1819.9999999846102,-518985.98791945283,300.61183854748185,1.0264526331838464,102
435000,1839.9999999841373,-518545.7509720372,300.6042637742585,1.0245869613133218,102
440000,1859.9999999836643,-519248.88714840007,302.44110872400535,1.0246452588814479,102
445000,1879.9999999831914,-518037.626200208,300.3086240743206,1.0233105708440349,102
450000,1899.9999999827185,-519791.6757403114,300.02867338943213,1.0225117633332013,102
455000,1919.9999999822455,-518266.93632012326,305.6385795349192,1.0252156813942908,102
460000,1939.9999999817726,-518471.63261142536,302.8827994996052,1.0247904453055459,102
465000,1959.9999999812997,-517586.4734910012,301.24631298201797,1.0251700000805863,102
470000,1979.9999999808267,-518859.88242374454,299.7279011160145,1.0243306905664542,102
475000,1999.9999999803538,-519988.0783238751,300.46243412214005,1.0239504123879224,102
480000,2019.9999999798808,-518911.49613808095,301.3588063933896,1.0245343096001844,102
485000,2039.999999979408,-519318.33517069346,301.2555654768395,1.0272309360353997,102
490000,2059.999999978935,-519417.79535286315,302.6354095737839,1.0261848210772637,102
495000,2079.9999999784623,-519660.95960658626,302.5955676022864,1.023575359537485,102
500000,2099.9999999779893,-518638.9308740506,303.0210929272356,1.022523259494974,102
505000,2119.9999999775164,-519684.42745781015,302.64236088321104,1.0261877343164374,102
510000,2139.9999999770434,-519391.5419201751,299.0154468035894,1.0252274435613884,102
515000,2159.9999999765705,-519239.82543583587,301.0738593140296,1.025316568071745,102
520000,2179.9999999760976,-517839.4727481175,300.4314372643746,1.026488245089305,102
525000,2199.9999999756246,-518838.04859047267,298.5799333477333,1.0275654730187445,102
530000,2219.9999999751517,-518961.85034149885,304.8503932400759,1.025710971406227,102
535000,2239.9999999746788,-518404.19702150207,299.326624611148,1.0233050140906848,102
540000,2259.999999974206,-519579.1709955635,301.6535866455033,1.0261929915351016,102
545000,2279.999999973733,-520537.8955693464,300.4507021576549,1.0261156959378466,102
550000,2299.99999997326,-520052.5171445054,297.3190852760682,1.0289944438243164,102
555000,2319.999999972787,-519186.11872141133,301.03649219262144,1.0262127078955363,102
560000,2339.999999972314,-519255.4789306291,301.16683101236913,1.023064329912296,102
565000,2359.999999971841,-518754.55179324676,299.85856137606373,1.0267284977011346,102
570000,2379.999999971368,-517766.1248349743,302.2807989653081,1.0198486942334593,102
575000,2399.9999999708953,-519215.1093150468,304.8165978719674,1.0232453690930927,102
580000,2419.9999999704223,-518080.38464349904,303.05473994391986,1.0251675243067329,102
585000,2439.9999999699494,-518910.52390253055,300.5585888560702,1.0239807567934496,102
590000,2459.9999999694764,-519275.3825450642,300.45440404157085,1.0246257850756664,102
595000,2479.9999999690035,-519456.4983694337,302.01668537536676,1.0216798941448326,102
600000,2499.9999999685306,-518761.62391888816,300.4927941589161,1.0249883708625203,102
605000,2519.9999999680576,-519857.1664779361,303.2069709104261,1.0252322099663034,102
610000,2539.9999999675847,-517765.3689186331,297.44449871142047,1.024284992663479,102
615000,2559.9999999671118,-519704.8085673149,303.2828549641103,1.0274066811653801,102
620000,2579.999999966639,-517602.0815553006,301.20264761381804,1.0216613257894591,102
625000,2599.999999966166,-518634.58131199516,301.4658690080243,1.0251651266103623,102
630000,2619.999999965693,-519696.70658379793,299.91207619623117,1.0256186686767617,102
635000,2639.99999996522,-519358.0057445846,299.21244548247336,1.0260409583903924,102
640000,2659.999999964747,-518493.563831371,301.7457853545916,1.0210789492912147,102
645000,2679.999999964274,-518988.6429318171,302.3649250931532,1.0308835705664354,102
650000,2699.999999963801,-518606.00593908504,299.87080688033905,1.0255068815047936,102
655000,2719.9999999633283,-519288.7467210905,301.28424478948403,1.0259292130171722,102
660000,2739.9999999628553,-518349.76045920677,298.6302893961914,1.02111527778204,102
665000,2759.9999999623824,-518146.56553291087,299.6488079725983,1.0233841924785045,102
670000,2779.9999999619095,-519653.94473186973,301.11065972457095,1.027117641740797,102
675000,2799.9999999614365,-518357.08152574324,301.5770358075058,1.0212984568381054,102
680000,2819.9999999609636,-519311.13875200646,303.0901346823556,1.025335680339048,102
685000,2839.9999999604906,-518715.63364905654,298.03684467671206,1.0215056141359458,102
690000,2859.9999999600177,-518827.6282713411,302.78469868485695,1.0238043006187787,102
695000,2879.9999999595448,-518625.3927580847,304.9657893726554,1.0237815866084865,102
700000,2899.999999959072,-519998.0106461898,301.672935744793,1.0210090323874967,102
705000,2919.999999958599,-518243.6236233653,302.3762696292942,1.0255122060063804,102
710000,2939.999999958126,-518846.5202958714,302.80866154145383,1.0255658396137557,102
715000,2959.999999957653,-519840.8505909238,299.4203510426332,1.0270288666813607,102
720000,2979.99999995718,-519796.06878118217,299.3708001920799,1.025738979657042,102
725000,2999.999999956707,-518567.54884065734,300.5244524572641,1.025688244243165,102
730000,3019.999999956234,-518051.89392970107,300.25572744343407,1.023224598918048,102
735000,3039.9999999557613,-519916.8602511494,299.3447559006031,1.0289626456002503,102
740000,3059.9999999552883,-518021.5764289666,302.24273051469135,1.024980786246219,102
745000,3079.9999999548154,-519630.55754430336,300.860003806541,1.0253828220424963,102
750000,3099.9999999543425,-518841.6984773646,301.2487000307966,1.025716132964673,102
755000,3119.9999999538695,-518507.0119818733,302.747695632872,1.0271155344302945,102
760000,3139.9999999533966,-519327.9499036458,302.49960017052183,1.0248052360617643,102
765000,3159.9999999529236,-519472.0371633228,301.1624838228819,1.0246281773571024,102
770000,3179.9999999524507,-518873.3626907896,299.7505663832373,1.025678239713281,102
775000,3199.9999999519778,-518889.17667609476,298.0585688698391,1.0239716330222193,102
780000,3219.999999951505,-519958.6757113752,300.25854036453467,1.0270690414316739,102
785000,3239.999999951032,-518597.7705292469,300.4219221087266,1.022407157207174,102
790000,3259.999999950559,-520453.49664319726,302.8965540525041,1.0283321676292507,102
795000,3279.999999950086,-519253.1968528612,301.39195846239744,1.0228321383788062,102
800000,3299.999999949613,-520560.6552691336,300.37061750277076,1.0257708483783348,102
805000,3319.99999994914,-519698.96629347396,304.42941600131337,1.0258250530201818,102
810000,3339.999999948667,-520329.00448072306,298.61264832493873,1.0242763021967058,102
815000,3359.9999999481943,-518181.59243413387,299.4796500924342,1.0258190461262682,102
820000,3379.9999999477213,-518844.2579506121,299.97812065651215,1.0262008612248854,102
825000,3399.9999999472484,-519847.7497681605,299.4777298977915,1.026392849153375,102
830000,3419.9999999467755,-519008.4496245093,300.07258137828,1.0320278820965578,102
835000,3439.9999999463025,-520361.65022113174,298.27469425536725,1.0314873689498458,102
840000,3459.9999999458296,-518827.8687535876,301.9706333165573,1.0269487365081498,102
845000,3479.9999999453566,-519145.59408642654,299.4829524273948,1.0263009569905428,102
850000,3499.9999999448837,-520329.81867939397,301.05833911054106,1.0277637961101709,102
855000,3519.999999944411,-519079.4752583166,300.732802517884,1.0266716586737632,102
860000,3539.999999943938,-518287.9128196982,302.3454529410249,1.0227312991047326,102
865000,3559.999999943465,-518605.2770315241,299.0437351147742,1.023004784839548,102
870000,3579.999999942992,-518940.30429466115,298.00572140075667,1.0269249489674155,102
875000,3599.999999942519,-518912.87881996995,300.1248179450406,1.0249935671236006,102
880000,3619.999999942046,-519435.14824177953,304.72339711273173,1.02452184859077,102
885000,3639.999999941573,-518937.00906353095,299.22995960644164,1.0254209220564587,102
890000,3659.9999999411,-519901.1743299111,299.7171111998327,1.026273371161005,102
895000,3679.9999999406273,-517900.25074003334,300.1354147801224,1.0210144133209569,102
900000,3699.9999999401543,-518741.171430351,301.4727179970714,1.0230379153117422,102
905000,3719.9999999396814,-518558.37796093524,300.6280002233489,1.0253231157151486,102
910000,3739.9999999392085,-519284.91059477115,299.19056336084867,1.0275667606598915,102
915000,3759.9999999387355,-518220.97027680255,299.35706630085105,1.0247867812980356,102
920000,3779.9999999382626,-519320.872437587,300.2736089341827,1.0258423180850245,102
925000,3799.9999999377897,-518783.75584994233,302.4422026668489,1.0232395795966762,102
930000,3819.9999999373167,-519209.07707215054,298.64120008593125,1.02470635344175,102
935000,3839.999999936844,-519285.40322670597,302.6705620295597,1.028008172221194,102
940000,3859.999999936371,-519265.7280216424,301.88135676467914,1.029562060689464,102
945000,3879.999999935898,-518996.5750086466,301.3024594658868,1.0269102722782395,102
950000,3899.999999935425,-518314.5106219435,302.2512386216113,1.030083951115828,102
955000,3919.999999934952,-518845.64911987586,301.41203228486575,1.0225047950562633,102
960000,3939.999999934479,-518509.3263248219,302.14651214042647,1.0236137555357763,102
965000,3959.999999934006,-519269.56998966564,301.6728453321498,1.0297941149707885,102
970000,3979.999999933533,-519277.7084833074,301.52784595545177,1.0244260447515252,102
975000,3999.9999999330603,-518197.6663442834,302.6660433128935,1.025055320338894,102
980000,4019.9999999325873,-519225.16032701824,302.4457557045422,1.025134469924559,102
985000,4039.9999999321144,-519686.6317931968,301.5312320646706,1.0279290978972544,102
990000,4059.9999999316415,-520012.9706159218,299.845245450803,1.0236597515982016,102
995000,4079.9999999311685,-520285.8156443364,301.2839781008676,1.0288976508680807,102
1000000,4099.999999930696,-520163.0653602127,300.30632155542366,1.026941274776338,102
1005000,4119.999999930223,-518423.901319369,300.88874555026075,1.0228414107432455,102
1010000,4139.99999992975,-519088.4424772926,301.6966784515409,1.0247158754348034,102
1015000,4159.999999929277,-519415.11142425146,301.2506286346934,1.0243301262703197,102
1020000,4179.999999928804,-519583.9146984562,297.33041360856527,1.0240084286806441,102
1025000,4199.999999928331,-518225.5866760893,302.77459252969277,1.030821244770316,102
1030000,4219.999999927858,-519515.3939136306,300.0247028078023,1.0286060363724963,102
1035000,4239.999999927385,-520775.438965498,299.5973132162245,1.025857884021703,102
1040000,4259.999999926912,-517714.0727693371,299.0455560933775,1.0212275037142684,102
1045000,4279.999999926439,-519849.455171657,298.54339344555854,1.0258192857757467,102
1050000,4299.999999925966,-518061.66396627016,300.70089291386137,1.0248082255710862,102
1055000,4319.999999925493,-518307.5345222815,301.92982901439143,1.0251525371263894,102
1060000,4339.99999992502,-518568.15527332877,300.09409525688505,1.0270281111236743,102
1065000,4359.999999924547,-519780.78786043474,300.52624501425413,1.0242772103563087,102
1070000,4379.9999999240745,-518359.41951858904,300.5794014557523,1.0238246169059209,102
1075000,4399.9999999236015,-518606.4851683446,299.5965388825433,1.0226115938210603,102
1080000,4419.999999923129,-519147.9735642825,299.6160123687003,1.0254551035843444,102
1085000,4439.999999922656,-519480.451714745,298.8187797679407,1.0283916861284037,102
1090000,4459.999999922183,-519078.49343036185,299.92564918731875,1.0242901703342933,102
1095000,4479.99999992171,-518713.5873571029,302.78304818842196,1.0282158404055683,102
1100000,4499.999999921237,-519623.023977767,304.4127739768851,1.024155220966045,102
1105000,4519.999999920764,-519318.19291866827,297.41533416833454,1.0273176856387338,102
1110000,4539.999999920291,-519619.2316754251,300.5597948379643,1.0237236952229267,102
1115000,4559.999999919818,-519129.64431253425,300.2320316278279,1.0265713930320846,102
1120000,4579.999999919345,-519569.228830436,298.56999407060846,1.0242607958133088,102
1125000,4599.999999918872,-520499.01570275915,300.03180104990935,1.0232405941733738,102
1130000,4619.999999918399,-519889.38941519894,300.43094782938914,1.027154558829191,102
1135000,4639.999999917926,-519406.9584927205,301.6179861850555,1.0271785026014637,102
1140000,4659.999999917453,-518776.2292884416,299.1855163894943,1.024228435312078,102
1145000,4679.99999991698,-519053.04977384955,303.2965805109496,1.0261879131820342,102
1150000,4699.9999999165075,-518351.46624567686,302.0279526589593,1.025738081314021,102
1155000,4719.9999999160345,-519892.87691773847,301.02562906627696,1.0249842518486176,102
1160000,4739.999999915562,-518460.8310461149,300.2869863939394,1.0222910570977208,102
1165000,4759.999999915089,-519307.13142693136,297.8547152011608,1.0243064921137526,102
1170000,4779.999999914616,-519007.7374727132,303.3136734629021,1.0222285897981946,102
1175000,4799.999999914143,-520061.2735744908,302.8072850722685,1.0256371296141846,102
1180000,4819.99999991367,-518820.7977855082,298.92287997969356,1.0239826472533482,102
1185000,4839.999999913197,-519179.72843467863,299.3002270666952,1.025287181042792,102
1190000,4859.999999912724,-519035.29943747306,302.7717738378175,1.0242626870733278,102
1195000,4879.999999912251,-518055.27255217824,302.24262234213796,1.0249605225462135,102
1200000,4899.999999911778,-518766.6963137055,304.27267288247583,1.0243121305280152,102
1205000,4919.999999911305,-519300.81574357324,302.38158044537033,1.0280412703649406,102
1210000,4939.999999910832,-519117.74659408303,301.5949466624233,1.0263839629259468,102
1215000,4959.999999910359,-519268.82885081554,301.4011874326774,1.025169476714362,102
1220000,4979.999999909886,-520437.3000386772,301.6065445379888,1.0274107286251013,102
1225000,4999.999999909413,-517967.7790713799,300.36316850806924,1.0273845133508617,102
1230000,5019.9999999089405,-519686.070132229,301.67259800123554,1.0283227600160119,102
1235000,5039.9999999084675,-519399.8921358967,300.9745856328263,1.0275484986373078,102
1240000,5059.999999907995,-519417.936594184,297.551734958035,1.029102264367046,102
1245000,5079.999999907522,-518473.4063531833,299.85576784616836,1.023357488978871,102
1250000,5099.999999907049,-518694.24876954453,301.2805232314167,1.0233853140017624,102
1255000,5119.999999906576,-518723.2422572102,302.4842654363926,1.0261070751371497,102
1260000,5139.999999906103,-519399.60848957836,301.38205919014626,1.0217830949833984,102
1265000,5159.99999990563,-520320.7380802159,299.8887818245692,1.0226476757595244,102
1270000,5179.999999905157,-520491.7918925418,299.37422767746466,1.0255630264300883,102
1275000,5199.999999904684,-519188.2972513386,301.42640463917286,1.0300128356185543,102
1280000,5219.999999904211,-519857.5708939943,300.1933797369985,1.0257935964344824,102
1285000,5239.999999903738,-519291.15341975726,300.6584484834123,1.0238956320358374,102
1290000,5259.999999903265,-518839.6670741774,300.20995302645935,1.0272603022405318,102
1295000,5279.999999902792,-518697.40297626285,299.53757548465495,1.0271788004679465,102
1300000,5299.999999902319,-520216.62089896295,301.11135388455847,1.024029677959804,102
1305000,5319.999999901846,-520097.13842528546,301.24958496382055,1.0289789609125746,102
1310000,5339.9999999013735,-519835.69696759316,300.64641721276337,1.0268255397326163,102
1315000,5359.999999900901,-520782.3493109157,300.4307022403859,1.0281167098923958,102
1320000,5379.999999900428,-519336.19477274315,300.6510134467254,1.0248854405787655,102
1325000,5399.999999899955,-518583.28536259546,300.0182345058835,1.0257419828167116,102
1330000,5419.999999899482,-518208.74671165505,301.4938262052086,1.0254442233094672,102
1335000,5439.999999899009,-519456.1002346766,301.6025704539243,1.0245292502535028,102
1340000,5459.999999898536,-519689.7611134418,301.4721905425699,1.0259157018679141,102
1345000,5479.999999898063,-519331.4678765747,298.4822949827249,1.0260579171989876,102
1350000,5499.99999989759,-518904.03064985946,300.1372283891685,1.0239672538032032,102
1355000,5519.999999897117,-520263.5350536294,301.2211930177628,1.0302111842771087,102
1360000,5539.999999896644,-519802.5803879744,299.5252682731653,1.0275667877326962,102
1365000,5559.999999896171,-519127.7925493084,299.73081392654626,1.0237211036118379,102
1370000,5579.999999895698,-518360.95066996245,298.7801511217154,1.0261076078881413,102
1375000,5599.999999895225,-518680.2209881502,297.1545873687045,1.0240139549475293,102
1380000,5619.999999894752,-518983.7324679538,298.7173346830954,1.0320984270328148,102
1385000,5639.999999894279,-518382.838225337,300.76858205440334,1.0239990872401037,102
1390000,5659.9999998938065,-520171.8102704829,300.79929182128274,1.0256416225767508,102
1395000,5679.999999893334,-520774.022222386,302.09181430345285,1.027707216794367,102
1400000,5699.999999892861,-519517.76028925437,303.4815276560559,1.028597578953472,102
1405000,5719.999999892388,-518695.05837891693,299.6694223074511,1.0244766565251815,102
1410000,5739.999999891915,-518915.69548329245,302.1328864018441,1.0267988566814077,102
1415000,5759.999999891442,-517718.56841774937,300.1621735401632,1.0243929002874432,102
1420000,5779.999999890969,-518358.39428162714,300.7831723398368,1.022361054382826,102
1425000,5799.999999890496,-520222.01748370845,303.1586821596406,1.0279084989584801,102
1430000,5819.999999890023,-520324.33059373475,303.75915492299276,1.0276870135772946,102
1435000,5839.99999988955,-517576.23145045433,300.1413127440703,1.0205453288827628,102
1440000,5859.999999889077,-520342.2117604767,301.28261277577786,1.0287003667668948,102
1445000,5879.999999888604,-518825.82409368944,303.0979060652469,1.025866948529876,102
1450000,5899.999999888131,-519339.0049094646,301.5146842530671,1.0251143400208511,102
1455000,5919.999999887658,-521448.104842562,301.68378769011423,1.0261195500505744,102
1460000,5939.999999887185,-517404.15126618836,303.77114968256603,1.0240795148946142,102
1465000,5959.999999886712,-519132.569658316,300.16315727007276,1.0231850328784866,102
1470000,5979.9999998862395,-519664.4651067632,299.05810951701255,1.0232398955402846,102
1475000,5999.999999885767,-520252.49500852777,300.0663914903292,1.025746787225962,102
1480000,6019.999999885294,-520428.56034705974,300.41929976907795,1.0265986730773426,102
1485000,6039.999999884821,-519120.8976154707,299.70144837769016,1.0251520433081305,102
1490000,6059.999999884348,-519320.9046908559,301.7924742054953,1.0264225964724853,102
1495000,6079.999999883875,-519790.1056101972,298.3407892626228,1.0274654010167819,102
1500000,6099.999999883402,-520401.034473534,300.6082585476474,1.0296270078046383,102
1505000,6119.999999882929,-519679.86231757794,303.02611315987923,1.0272496971860499,102
1510000,6139.999999882456,-519256.13769031153,301.00742945885185,1.0301704479614469,102
1515000,6159.999999881983,-520058.5085596056,301.55801763766124,1.024630457298963,102
1520000,6179.99999988151,-518316.88633893896,299.3517419666436,1.024043702723958,102
1525000,6199.999999881037,-518704.2841124688,301.0927035280695,1.023209494438495,102
1530000,6219.999999880564,-519049.54113920266,304.4237763077292,1.0270989026578698,102
1535000,6239.999999880091,-520030.7936153612,301.9913719426546,1.0251460070221976,102
1540000,6259.999999879618,-520697.527958896,300.4511820316963,1.0294755361458785,102
1545000,6279.999999879145,-519337.7777124604,298.1456877313965,1.0281878640888835,102
1505000,6119.999999882929,-519204.63203977444,298.1918035928262,1.027592529745223,--
1510000,6139.999999882456,-518994.05159582384,301.0027780909005,1.0310499110647637,104
1515000,6159.999999881983,-520294.4791241507,301.5980041816307,1.0273599193833074,104
1520000,6179.99999988151,-519178.79677216965,302.0425830563942,1.0247373557867616,103
1525000,6199.999999881037,-519984.99717425555,304.17583538966863,1.023434756962818,103
1530000,6219.999999880564,-518468.57917584665,297.30742139041837,1.0265403158294162,103
1535000,6239.999999880091,-520081.17688435665,299.61889046670586,1.026647426089879,103
1540000,6259.999999879618,-519761.6520262384,300.0425244941765,1.0263989325193017,103
1545000,6279.999999879145,-519496.9738613048,303.13283273038246,1.026430580917438,103
1550000,6299.9999998786725,-519381.11688835826,300.98413171281356,1.0227773737788277,103
1555000,6319.9999998782,-519055.0223573088,302.042675572676,1.0274914456794784,102
1560000,6339.999999877727,-519375.85048358375,303.7408923931371,1.026087395210188,102
1565000,6359.999999877254,-518233.90184691804,298.70433145140476,1.023216984455841,102
1570000,6379.999999876781,-518217.8655263479,299.44275109312525,1.0251674987524966,102
1575000,6399.999999876308,-519667.54380537313,301.5909991408974,1.0248308419713295,102
1580000,6419.999999875835,-518687.6034991662,303.1704589288924,1.022930213342361,102
1585000,6439.999999875362,-520279.1939364651,300.1077642354914,1.027756572853672,102
1590000,6459.999999874889,-519065.60268707434,302.3768142105357,1.030581596718461,102
1595000,6479.999999874416,-518706.5040491943,303.30262929581784,1.0250328067349526,102
1600000,6499.999999873943,-518768.36512457975,302.0911847233755,1.027863351923947,102
1605000,6519.99999987347,-518396.6286257494,304.31414903223157,1.0246890053876,102
1610000,6539.999999872997,-519731.00316755055,299.242352041166,1.0243381156511604,102
1615000,6559.999999872524,-518049.9521012341,301.43372564557416,1.0247128843920064,102
1620000,6579.999999872051,-519258.4912407042,302.59832242039107,1.0270269164537684,102
1625000,6599.999999871578,-518798.2279248766,303.30825073246086,1.0247170216495638,102
1630000,6619.9999998711055,-518956.5773345318,301.27093068228197,1.0227627708437972,102
1635000,6639.999999870633,-518448.69309837255,298.6264100509629,1.0226159290438381,102
1640000,6659.99999987016,-518586.31379518216,298.9859500661071,1.0206656415481423,102
1645000,6679.999999869687,-518605.0000408022,302.3832048519965,1.0243328887772032,102
1650000,6699.999999869214,-518767.248484991,300.36152237470975,1.0202136505695318,102
1655000,6719.999999868741,-518813.28053438524,299.50233397367197,1.0260454302368383,102
1660000,6739.999999868268,-519337.6118606201,300.0826190073729,1.0284495870397694,102
1665000,6759.999999867795,-519610.9037977501,303.69307328908934,1.0282632499129967,102
1670000,6779.999999867322,-520080.300122357,302.2819747665566,1.0305537743327864,102
1675000,6799.999999866849,-518934.80131849623,301.9778850286768,1.024771814117779,102
1680000,6819.999999866376,-519342.4166194289,299.9210981551496,1.0285201904424448,102
1685000,6839.999999865903,-520334.8047285415,302.9411476165956,1.026101203864812,102
1690000,6859.99999986543,-518655.6392720884,298.09300842403115,1.0283720610183027,102
1695000,6879.999999864957,-518440.7019382699,301.79969245681974,1.026426860065008,102
1700000,6899.999999864484,-520892.6339077712,299.08295802274597,1.0305153004413736,102
1705000,6919.999999864011,-519153.75072692847,297.5647746864531,1.0242603870121345,102
1710000,6939.9999998635385,-519633.6281879584,303.8160225947879,1.026494835419165,102
1715000,6959.999999863066,-519797.0407331721,303.4622796205905,1.029331672346353,102
1720000,6979.999999862593,-518965.4764789124,301.7075423521802,1.024196457920568,102
1725000,6999.99999986212,-518934.5890745984,301.99188567537504,1.0264979546649142,102
1730000,7019.999999861647,-518551.48699580063,299.5063716817741,1.0240113809993057,102
1735000,7039.999999861174,-519630.0107975935,300.7572453446619,1.026458841700194,102
1740000,7059.999999860701,-519974.093417143,299.8822985254925,1.0293825124939286,102
1745000,7079.999999860228,-520214.83229683875,299.2013107908863,1.0241692171981207,102
1750000,7099.999999859755,-519786.07732177805,298.24217495652044,1.02606102441895,102
1755000,7119.999999859282,-520111.83474367904,302.3329470489596,1.0279548718517524,102
1760000,7139.999999858809,-519322.43549464387,300.2863210153807,1.0264883585146507,102
1765000,7159.999999858336,-519883.79879402067,301.5730845352961,1.027570872505839,102
1770000,7179.999999857863,-519425.2578102576,299.5842111260467,1.0280177730579823,102
1775000,7199.99999985739,-518210.04782170337,300.91787342531984,1.0272583497758865,102
1780000,7219.999999856917,-518963.11728731147,300.2315626768447,1.0249868480114257,102
1785000,7239.999999856444,-519768.0642899019,300.28115705645234,1.0276629698107271,102
1790000,7259.9999998559715,-518764.6674671122,302.79346414681555,1.0232084144206817,102
1795000,7279.999999855499,-518761.01571563,298.8127295547139,1.0241032973443522,102
1800000,7299.999999855026,-518667.5108458253,300.09306928217677,1.0254881420471103,102
1805000,7319.999999854553,-518710.66617887584,301.2777342785153,1.0278832242539215,102
1810000,7339.99999985408,-519361.8004379978,304.4088561308801,1.0275555879097233,102
1815000,7359.999999853607,-518583.49795344286,301.71686356550896,1.0273202490048423,102
1820000,7379.999999853134,-519897.81004894734,301.55142231445365,1.0239907661484495,102
1825000,7399.999999852661,-519072.12912434083,301.3775290367028,1.0256400573535789,102
1830000,7419.999999852188,-518883.07522130804,302.09144568338314,1.0292661940143266,102
1835000,7439.999999851715,-519575.9614675245,300.67372674798077,1.0252717971260914,102
1840000,7459.999999851242,-519091.74499157676,301.5024169269739,1.0287164029682396,102
1845000,7479.999999850769,-519471.8609762788,300.1331644795692,1.0231617399238009,102
1850000,7499.999999850296,-519234.0606818083,302.4622850292247,1.023190457381221,102
1855000,7519.999999849823,-518987.78015589947,300.5648778867699,1.0257564352114965,102
1860000,7539.99999984935,-519124.25101900427,299.73570162470867,1.0218512778022464,102
1865000,7559.999999848877,-520004.966969942,301.05765941006325,1.0276952882787196,102
1870000,7579.9999998484045,-518614.53595087235,302.2469794505925,1.0220088569530907,102
1875000,7599.999999847932,-518199.0399649311,303.57212690163294,1.0227072894974185,102
1880000,7619.999999847459,-519291.5088238036,299.3987637675365,1.0294433904161335,102
1885000,7639.999999846986,-518763.0171385277,301.16083200373316,1.0220913060392958,102
1890000,7659.999999846513,-519012.49061399116,301.74832702200746,1.0264874274247646,102
1895000,7679.99999984604,-518834.42080240184,301.6466109739196,1.0301917204829716,102
1900000,7699.999999845567,-519132.15323237935,300.5918247645561,1.0255817149654434,102
1905000,7719.999999845094,-520142.82843094575,300.7396951395377,1.0272333853925928,102
1910000,7739.999999844621,-519609.9443633442,301.3955589909915,1.0262249355472164,102
1915000,7759.999999844148,-519739.8047250877,301.85428150573176,1.024371030559865,102
1920000,7779.999999843675,-519006.55253811576,299.8979433521838,1.0237595231572871,102
1925000,7799.999999843202,-518781.05147248413,304.1889658288619,1.02765356946287,102
1930000,7819.999999842729,-517988.8501137842,299.692915547313,1.0246105528622464,102
1935000,7839.999999842256,-519868.86229847255,300.8518435158114,1.0284338202291312,102
1940000,7859.999999841783,-520033.31570828543,299.831234882759,1.0289456740265246,102
1945000,7879.9999998413105,-519600.8182459865,301.86629719560403,1.0291512997621661,102
1950000,7899.9999998408375,-518988.21421381715,300.12405899840644,1.0291243362243805,102
1955000,7919.999999840365,-519407.2015531077,304.1012614542262,1.0258831965445472,102
1960000,7939.999999839892,-518746.7443632013,301.60107075055123,1.0262589430727977,102
1965000,7959.999999839419,-519043.81275914866,300.0832654938299,1.0218034151689346,102
1970000,7979.999999838946,-518959.2450219733,302.4363525038987,1.0266713466886201,102
1975000,7999.999999838473,-520176.81816609483,303.41517296880784,1.0323664695931425,102
1980000,8019.999999838,-521057.9532614525,300.5400315194383,1.030403203000074,102
1985000,8039.999999837527,-517429.86385152093,303.246525343031,1.0219723221361403,102
1990000,8059.999999837054,-520399.86664961884,301.01398351497977,1.0242334349893494,102
1995000,8079.999999836581,-519886.28427144885,299.5622056725029,1.0231036208832183,102
2000000,8099.999999836108,-519312.40399883734,302.37859473611576,1.0243591192518973,102
2005000,8119.999999835635,-518450.41739026154,299.9165277017137,1.027769562133084,102
2010000,8139.999999835162,-517905.8983503452,298.12206700011404,1.0238364233102255,102
2015000,8159.999999834689,-520404.49226541,299.1229024986294,1.0275833931398533,102
2020000,8179.999999834216,-520675.7399219952,296.05620499564765,1.0311530118306238,102
2025000,8199.999999835562,-519530.49723353516,303.40713022396557,1.027772877754705,102
2030000,8219.999999839636,-519463.16790683847,298.04272943781274,1.0247586913055522,102
2035000,8239.99999984371,-520415.8911595729,301.7604216617509,1.0312299741145392,102
2040000,8259.999999847785,-518802.8472878558,298.7479378883828,1.0206590068424088,102
2045000,8279.99999985186,-520482.92161193583,300.3633435778292,1.0276588690040962,102
2050000,8299.999999855934,-520511.63504323084,301.2189976683634,1.027899173997957,102
2055000,8319.999999860009,-518085.40865514847,299.3904099350511,1.0257319466211003,102
2060000,8339.999999864083,-521043.1938861117,299.964338236234,1.0317214505312577,102
2065000,8359.999999868158,-519860.9632457758,303.1565799783143,1.0279336793283478,102
2070000,8379.999999872232,-518481.9059670125,299.99339795187467,1.0250052432995582,102
2075000,8399.999999876307,-518700.0959937684,299.6304954614929,1.0238053801637954,102
2080000,8419.999999880381,-519160.6725043042,300.10784998332394,1.0299103481827008,102
2085000,8439.999999884456,-519068.7516654851,302.36710339315584,1.027438163591406,102
2090000,8459.99999988853,-518201.28441609675,298.9947334603934,1.0269006767925901,102
2095000,8479.999999892605,-519902.84967803303,300.0014092924272,1.0308407304123501,102
2100000,8499.99999989668,-518809.3526321766,302.2172742086488,1.0253663288893624,102
2105000,8519.999999900754,-519272.8028129905,301.03436695690453,1.0247978884782882,102
2110000,8539.999999904829,-518855.22953352006,300.56510255264385,1.022293498145249,102
2115000,8559.999999908903,-519666.46153561585,301.25621750782335,1.0275208837407588,102
2120000,8579.999999912978,-519473.8774097783,300.6117852252794,1.0310863082586903,102
2125000,8599.999999917052,-519113.2732419758,302.58768114901005,1.0225381299332597,102
2130000,8619.999999921127,-520965.053478549,299.99088757000754,1.0284375520704803,102
2135000,8639.999999925201,-519113.5108224887,301.1590320935403,1.0259491931007456,102
2140000,8659.999999929276,-519645.1425866748,300.1033922649022,1.0251999817841873,102
2145000,8679.99999993335,-519177.28153310716,300.1169701428725,1.0270112098425577,102
2150000,8699.999999937425,-519699.002654294,300.47514414576904,1.0268143937423209,102
2155000,8719.9999999415,-519243.88883693656,302.19311246342863,1.028420473803075,102
2160000,8739.999999945574,-520052.68615602143,302.2219944965618,1.024305217204381,102
2165000,8759.999999949649,-519920.83182973275,300.0288455936271,1.0249961545546724,102
2170000,8779.999999953723,-518175.1317108376,297.8174643431678,1.0315016392457188,102
2175000,8799.999999957798,-519523.4122328437,302.21197613261876,1.0243401967907082,102
2180000,8819.999999961872,-519850.2674463107,301.35869720165846,1.0256281734630364,102
2185000,8839.999999965947,-518187.34550618194,302.6629107760813,1.0241033374138089,102
2190000,8859.999999970021,-519350.05927348137,300.4287973856298,1.0273809624209984,102
2195000,8879.999999974096,-518792.263869368,301.65189229533286,1.028837787598775,102
2200000,8899.99999997817,-518713.01595780393,300.2145171440711,1.0247407519156089,102
2205000,8919.999999982245,-518683.71790177515,301.0238574332548,1.0246641637899672,102
2210000,8939.99999998632,-519782.3050843114,302.99390170107927,1.0283335326268725,102
2215000,8959.999999990394,-518698.9922641977,300.5399728480774,1.0258075312195614,102
2220000,8979.999999994468,-519147.6204433667,299.3474185544831,1.0260700340609634,102
2225000,8999.999999998543,-519367.0463200181,301.14700239415015,1.0272612245829191,102
2230000,9020.000000002618,-520404.74904182507,298.9980641740361,1.026415772712026,102
2235000,9040.000000006692,-520184.94307119027,302.8013542139229,1.028376918898561,102
2240000,9060.000000010767,-520621.0521476383,301.3874578372265,1.0270087468661475,102
2245000,9080.000000014841,-519039.9471250272,299.0997317457083,1.0269482973653865,102
2250000,9100.000000018916,-519858.2409874406,303.20751353325016,1.0233411578521774,102
2255000,9120.00000002299,-518802.5410222339,298.9528876754042,1.0271414493297313,102
2260000,9140.000000027065,-518297.0710844088,302.99564368965184,1.0220949417468324,102
2265000,9160.00000003114,-519959.1540409683,300.1755362543073,1.0303210571984007,102
2270000,9180.000000035214,-517457.6215557549,300.9702966481481,1.0225205446169943,102
2275000,9200.000000039288,-519598.3292361712,301.8978010063887,1.0245081029764842,102
2280000,9220.000000043363,-518377.1859356349,300.4628821331831,1.0266296293175365,102
2285000,9240.000000047437,-518759.17748153186,300.57697863845266,1.0269572047006799,102
2290000,9260.000000051512,-519369.87127704755,302.4037653301687,1.0285363949787245,102
2295000,9280.000000055586,-519248.31788105285,299.1349140515504,1.0243528837855962,102
2300000,9300.000000059661,-519261.33173689083,301.74529934887227,1.0284113820663356,102
2305000,9320.000000063736,-520817.0930743739,300.9581195258723,1.0288032851359488,102
2310000,9340.00000006781,-519126.1864011602,300.6354438305907,1.0227662488380047,102
2315000,9360.000000071885,-519712.0699080399,301.8691353986492,1.028021977300381,102
2320000,9380.00000007596,-519643.3271940255,300.7106569919285,1.0251483831058343,102
2325000,9400.000000080034,-520442.4140909263,302.74131840244036,1.0246785422362277,102
2330000,9420.000000084108,-519573.2697134244,301.41556131947976,1.0274723281996898,102
2335000,9440.000000088183,-520216.9133381946,301.58313667869885,1.0267166727045167,102
2340000,9460.000000092257,-519150.83534486266,301.22054803958895,1.0261571126621165,102
2345000,9480.000000096332,-518631.26231252216,301.8009118699492,1.0277369107485295,102
2350000,9500.000000100406,-519585.9339909691,301.92512232983177,1.0269132669724386,102
2355000,9520.000000104481,-518552.5681173776,300.6987683685076,1.0225057470675787,102
2360000,9540.000000108555,-518889.287958852,299.50128461208766,1.0240549168672093,102
2365000,9560.00000011263,-519730.360975133,303.3629975964254,1.0233287318191568,102
2370000,9580.000000116705,-518771.87765278947,300.1160824291154,1.0248660287683748,102
2375000,9600.000000120779,-519890.196282519,300.6767856188095,1.0288214625640084,102
2380000,9620.000000124854,-519934.8053237656,298.15499809440905,1.028284164791015,102
2385000,9640.000000128928,-518406.4945757752,299.91780678697256,1.0276936621565884,102
2390000,9660.000000133003,-520693.3020634807,301.962901234488,1.0242077989704528,102
2395000,9680.000000137077,-519846.12553141825,299.71256626329296,1.0264358289661342,102
2400000,9700.000000141152,-519401.69024591334,302.18436417866786,1.0217882944725827,102
2405000,9720.000000145226,-519310.127435989,300.77814298982037,1.0256766056748365,102
2410000,9740.0000001493,-518341.1680795024,301.13346608161163,1.0240753481254865,102
2415000,9760.000000153375,-519912.3043837189,300.71847805314263,1.031025034986149,102
2420000,9780.00000015745,-518906.81829860155,299.06935302697525,1.0229966630377463,102
2425000,9800.000000161524,-519593.0980423924,299.45202826024973,1.0314708237817374,102
2430000,9820.000000165599,-519049.49221741036,302.61519328657994,1.0297505427271414,102
2435000,9840.000000169674,-519434.8116644246,299.9116048418515,1.0265892396595668,102
2440000,9860.000000173748,-519591.30637473613,300.966924775343,1.0240488385702478,102
2445000,9880.000000177823,-518659.01992664323,299.9907283145847,1.0225581416580825,102
2450000,9900.000000181897,-518067.9174108049,302.975037500645,1.027511206083438,102
2455000,9920.000000185972,-519107.41331400257,299.2185082205198,1.0285756297429776,102
2460000,9940.000000190046,-520528.8587776858,300.8406664168067,1.0282026841553753,102
2465000,9960.00000019412,-518886.98409447214,305.04917037787277,1.0271940451335777,102
2470000,9980.000000198195,-520681.69284372986,304.7593881141493,1.029384523433972,102
2475000,10000.00000020227,-518923.3503794039,302.4226668267087,1.025941854095681,102
2480000,10020.000000206344,-519604.64459413313,298.9577566109268,1.0216721646971392,102
2485000,10040.000000210419,-519714.24628689745,301.00333492318475,1.0294718278130643,102
2490000,10060.000000214493,-518583.4744756778,301.00112219364655,1.0246766192625807,102
2495000,10080.000000218568,-518962.8991332452,301.92396358510047,1.0265581164705182,102
2500000,10100.000000222642,-518797.2281645576,302.884046083019,1.0259358891717731,102
2505000,10120.000000226717,-519570.94887027657,300.1700791896864,1.027177289124389,102
2510000,10140.000000230792,-519596.6948967285,300.53847208891835,1.0233309739181677,102
2515000,10160.000000234866,-518623.70373339043,302.3148746324903,1.0262133114289,102
2520000,10180.00000023894,-520321.4735587959,298.98150992403805,1.0242455563413624,102
2525000,10200.000000243015,-519816.68015052984,300.98771005976425,1.0247283772752815,102
2530000,10220.00000024709,-519916.7061200328,301.87932103587576,1.0287625937315723,102
2535000,10240.000000251164,-519233.99110033084,299.9846283296481,1.0259727920229693,102
2540000,10260.000000255239,-519356.79431629484,299.7608799855224,1.0280665547520906,102
2545000,10280.000000259313,-520523.9431588482,300.8661731664668,1.029920582987058,102
2550000,10300.000000263388,-518554.2116722488,302.0246801716479,1.026344727999225,102
2555000,10320.000000267462,-519569.9519028843,301.1201660392002,1.02500306372718,102
2560000,10340.000000271537,-520003.7329900493,299.8914344364834,1.0246991097004512,102
2565000,10360.000000275611,-521010.91053835,300.88393011062357,1.0306955320362403,102
2570000,10380.000000279686,-518008.03275830764,302.8635143620235,1.0242612430795783,102
2575000,10400.00000028376,-518907.3952082151,299.56185881770045,1.0202846645242407,102
2580000,10420.000000287835,-518352.4859182951,299.34297899020515,1.0258009373643415,102
2585000,10440.00000029191,-519154.8704293056,300.45717333257534,1.0274102888698804,102
2590000,10460.000000295984,-519388.84707429796,299.9849733996528,1.0255217706609978,102
2595000,10480.000000300059,-519595.59113484924,301.93417260648386,1.0275756166178078,102
2600000,10500.000000304133,-518665.37589047104,303.25127919860785,1.0262761790195567,102
2605000,10520.000000308208,-520146.22801119555,301.81016720261687,1.0287581590010761,102
2610000,10540.000000312282,-519474.8935377556,301.4083428357116,1.0281779161279812,102
2615000,10560.000000316357,-519567.60716849146,300.26948505986434,1.021982259590906,102
2620000,10580.000000320431,-518379.4792171859,302.40828318282223,1.0270068678822393,102
2625000,10600.000000324506,-518532.94331038394,300.21737224765457,1.0251244682565295,102
2630000,10620.00000032858,-519460.02983175963,299.6426899431964,1.0303768737234251,102
2635000,10640.000000332655,-519273.1619134734,300.2602350028909,1.0277362263958476,102
2640000,10660.00000033673,-519927.0499103945,299.64279716916917,1.0268847835756298,102
2645000,10680.000000340804,-519879.29457573174,301.4064409772522,1.0278134150505798,102
2650000,10700.000000344879,-518965.5115166842,300.93344381675024,1.0228713499468347,102
2655000,10720.000000348953,-519248.15651657665,302.5734763644736,1.0282277951805956,102
2660000,10740.000000353028,-521055.05514053185,302.82008222071545,1.0258183462536772,102
2665000,10760.000000357102,-520006.36036557937,300.5820598273419,1.0283569320961465,102
2670000,10780.000000361177,-519564.2641754106,302.2621675152304,1.0281713025653167,102
2675000,10800.000000365251,-519667.85192355723,300.11270310991625,1.0233276475262085,102
2680000,10820.000000369326,-519197.14223815803,303.74116575450626,1.0286926715396227,102
2685000,10840.0000003734,-520505.55227642274,299.54120147725814,1.0266466996641552,102
2690000,10860.000000377475,-518527.3295293534,301.88952832517634,1.0174342511790666,102
2695000,10880.00000038155,-519915.83177019306,302.69817035569037,1.0278959994509338,102
2700000,10900.000000385624,-518594.9937662175,300.82888097858313,1.0251275429607194,102
2705000,10920.000000389698,-520272.51023266464,301.5412455871445,1.0287072896387546,102
2710000,10940.000000393773,-520079.10782742477,299.8373610788816,1.025815829993666,102
2715000,10960.000000397848,-519963.55680469936,301.4956245979822,1.023633568485966,102
2720000,10980.000000401922,-519146.140222172,302.0936820863835,1.029211540571468,102
2725000,11000.000000405997,-519989.39934856026,301.2609919470915,1.0243135688615734,102
2730000,11020.000000410071,-520006.21052397974,301.26087503846816,1.0277636254292262,102
2735000,11040.000000414146,-518181.6240800596,301.6707814316605,1.0300710778622375,102
2740000,11060.00000041822,-518792.991831942,302.1705836128423,1.0283135381330548,102
2745000,11080.000000422295,-519843.39797426155,299.20120965636414,1.0302164101426587,102
2750000,11100.00000042637,-520238.72254661075,301.7441101149157,1.0293103286264476,102
2755000,11120.000000430444,-520099.77099192655,300.41221910139194,1.0273289390254725,102
2760000,11140.000000434518,-520671.6702219432,301.3300999138278,1.031874300213163,102
2765000,11160.000000438593,-519384.3757934873,300.59876363334314,1.029775281901576,102
2770000,11180.000000442667,-519485.06806225237,301.2953368933786,1.0268260949843673,102
2775000,11200.000000446742,-519327.42776977783,302.8957748813758,1.0259538400955663,102
2780000,11220.000000450817,-519472.06907782843,300.96673895736836,1.0229660641304585,102
2785000,11240.000000454891,-519401.63888994325,301.03592837232185,1.0231057037087397,102
2790000,11260.000000458966,-518449.528234086,301.9957127536715,1.024994346586768,102
2795000,11280.00000046304,-518120.01959392824,302.56659744843256,1.0224946478164816,102
2800000,11300.000000467115,-518461.4673444398,303.17125600560996,1.021277630375516,102
2805000,11320.00000047119,-520189.7915810589,300.5913746978098,1.0280996617373224,102
2810000,11340.000000475264,-519066.8634818508,301.555709563299,1.0249592744113656,102
2815000,11360.000000479338,-518819.3525614247,300.9438194960353,1.0245443176663283,102
2820000,11380.000000483413,-519471.981360083,302.10949216251936,1.0216242030049307,102
2825000,11400.000000487487,-519341.72785917995,299.25955864871713,1.0285740899951499,102
2830000,11420.000000491562,-519516.68611934595,299.13989564665826,1.0263252335754842,102
2835000,11440.000000495636,-518590.62572841044,303.9129463806735,1.025992974793569,102
2840000,11460.000000499711,-519011.24118160247,302.3177756912986,1.0252458698219544,102
2845000,11480.000000503785,-518608.38484964473,300.0736198047638,1.0284844805128712,102
2850000,11500.00000050786,-518764.356524677,299.4248373125065,1.0246313526767878,102
2855000,11520.000000511935,-518814.9043471494,303.66519647673175,1.0314267955341385,102
2860000,11540.00000051601,-519900.7222239098,301.92302492099896,1.0296171244314523,102
2865000,11560.000000520084,-519756.0268441802,298.7247719092448,1.023661234245942,102
2870000,11580.000000524158,-521060.35181671823,298.45999841122085,1.0271934672691518,102
2875000,11600.000000528233,-519588.44022992626,300.9301182612933,1.0254791422672538,102
2880000,11620.000000532307,-519195.28670009226,300.88363219204894,1.0303503858708407,102
2885000,11640.000000536382,-518499.7020097715,300.50082004625654,1.0259727341400742,102
2890000,11660.000000540456,-519003.8030998793,297.27525813691756,1.0250914045211494,102
2895000,11680.00000054453,-518820.2072076602,298.7213628153102,1.0225732839346606,102
2900000,11700.000000548605,-518943.1501715863,301.3710270721416,1.0227666718088462,102
2905000,11720.00000055268,-520108.6016579552,302.3209480772332,1.024757498666832,102
2910000,11740.000000556754,-520395.94011604064,301.7988054984144,1.02751988325635,102
2915000,11760.000000560829,-520203.1293610777,301.52869708162575,1.0276726154880138,102
2920000,11780.000000564904,-520378.34108611615,301.9859976185271,1.0267968953420934,102
2925000,11800.000000568978,-519913.2572612541,300.7788211653213,1.0245073518400998,102
2930000,11820.000000573053,-517664.62226342387,302.3043416508699,1.026648493268255,102
2935000,11840.000000577127,-518917.43858314585,300.8602733228766,1.0258873030779159,102
2940000,11860.000000581202,-519437.63404569845,302.0240087468991,1.0218951656504822,102
2945000,11880.000000585276,-519029.81985571096,301.86436924924794,1.0278914351648976,102
2950000,11900.00000058935,-519574.840617863,300.22604816782683,1.0301489823174648,102
2955000,11920.000000593425,-519170.6273352464,299.21696202630415,1.0248326438410542,102
2960000,11940.0000005975,-518989.25918166176,301.80215103150545,1.0267034635946368,102
2965000,11960.000000601574,-519628.1768191799,301.74054895358165,1.0301377286661069,102
2970000,11980.000000605649,-519275.6387114655,302.47841401989905,1.0315286521247955,102
2975000,12000.000000609723,-518999.8712964908,300.7516389866204,1.0302675952052212,102
2980000,12020.000000613798,-519013.74812363344,301.3316031285004,1.025419190171494,102
2985000,12040.000000617873,-518331.70468021487,300.82100897123456,1.024711023447832,102
2990000,12060.000000621947,-520357.2759729095,300.77092129589965,1.025839963324117,102
2995000,12080.000000626022,-519648.97255284153,298.7726359096658,1.0283140396945063,102
3000000,12100.000000630096,-519208.0211662294,299.35865941011366,1.0250797622039551,102
3005000,12120.00000063417,-517623.6238184937,299.87718599452774,1.026659417277511,102
3010000,12140.000000638245,-518275.84023875394,301.9832485786101,1.0247934926975992,102
3015000,12160.00000064232,-518532.024332321,301.89338570506715,1.027396456868238,102
3020000,12180.000000646394,-519265.47680294956,298.4134325228568,1.0270535807156296,102
3025000,12200.000000650469,-519775.93547497457,303.37676267389594,1.0282270355973013,102
3030000,12220.000000654543,-520542.37844084995,300.5369694968467,1.024851142485636,102
3035000,12240.000000658618,-520325.79657634185,300.2958949751569,1.0281544879288111,102
3040000,12260.000000662692,-519563.16846809257,303.12721920719406,1.026518761549332,102
3045000,12280.000000666767,-520518.19476756896,302.5188578128328,1.0285756954789687,102
3050000,12300.000000670841,-519644.95240744785,302.75471881478546,1.0227195345037536,102
3055000,12320.000000674916,-518003.765334863,300.90538228082727,1.0223597836000655,102
3060000,12340.00000067899,-519251.2684931806,302.985287352993,1.0257260306907205,102
3065000,12360.000000683065,-518385.3138121227,302.2458632759909,1.027487055277931,102
3070000,12380.00000068714,-519371.87581224344,296.5274304263475,1.0274806592708061,102
3075000,12400.000000691214,-518545.3032919157,301.8748374427852,1.024121083939942,102
3080000,12420.000000695289,-518868.3156581165,300.5939986723047,1.025479893235768,102
3085000,12440.000000699363,-520024.7996242549,300.445709742188,1.0283637654389366,102
3065000,12360.000000683065,-518539.9028260354,302.61669106755204,1.0259425890090372,--
3070000,12380.00000068714,-519266.52895876067,301.94565650872903,1.0271881942028613,103
3075000,12400.000000691214,-520473.843475,301.59606430299704,1.0271730660513587,103
3080000,12420.000000695289,-518623.0856686705,301.08452140355644,1.0225141802388595,103
3085000,12440.000000699363,-519609.21709062485,299.8988781952473,1.0271204893893802,103
3090000,12460.000000703438,-519033.6028081286,301.53655649337134,1.024933515544394,103
3095000,12480.000000707512,-518621.431849841,301.1673087328757,1.0258487382026416,103
3100000,12500.000000711587,-519653.07199470256,300.18321196253527,1.0266931020171335,103
3105000,12520.000000715661,-519134.4691304965,300.1970782508609,1.0235893680153958,103
3110000,12540.000000719736,-520257.7777913888,299.82705995112156,1.0231044648817478,103
3115000,12560.00000072381,-519626.3676837431,300.09641187554365,1.0289366111274674,103
3120000,12580.000000727885,-518052.5655705619,298.66867746374385,1.0284315809596674,103
3125000,12600.00000073196,-519131.59781530476,301.9382873920142,1.0259089937668548,102
3130000,12620.000000736034,-519059.9965759283,300.4957043368629,1.023474597030346,102
3135000,12640.000000740109,-520277.24119211454,302.1726608655442,1.0282558638279164,102
3140000,12660.000000744183,-519807.923641189,300.99659017943287,1.0276639335640585,102
3145000,12680.000000748258,-518593.9451497579,300.7841999177928,1.0272206262448556,102
3150000,12700.000000752332,-519311.1853059642,301.70753265549706,1.0267259359254945,102
3155000,12720.000000756407,-520013.6451876464,301.9282562104807,1.0293362449253811,102
3160000,12740.000000760481,-519418.8994444092,301.7267358491902,1.0271570819580176,102
3165000,12760.000000764556,-519589.95201041363,301.4148865128917,1.0247287133962444,102
3170000,12780.00000076863,-518708.16159996646,301.6183283609073,1.023782660099648,102
3175000,12800.000000772705,-519528.79060562374,300.73649524129445,1.0219510975931112,102
3180000,12820.00000077678,-519143.68367553456,299.9512187647692,1.026110972147225,102
3185000,12840.000000780854,-519779.3428642873,302.1977479132217,1.0257802585961782,102
3190000,12860.000000784928,-521926.3784690744,303.23722113981097,1.0310417010893769,102
3195000,12880.000000789003,-518238.6909398851,304.3531387832382,1.0265621892234242,102
3200000,12900.000000793078,-519491.4211058521,299.8064816228832,1.0273575830509505,102
3205000,12920.000000797152,-517370.0839687586,300.4610218404115,1.0271660232368078,102
3210000,12940.000000801227,-519279.5573854232,298.3160406940295,1.0280691595807256,102
3215000,12960.000000805301,-518100.2161811278,301.6915231412062,1.0232611783736527,102
3220000,12980.000000809376,-518578.5457150198,300.9152655038688,1.0279972797082482,102
3225000,13000.00000081345,-519605.7620322367,301.2725583340086,1.0285443851996618,102
3230000,13020.000000817525,-518742.3426592073,303.1462880775869,1.026415052004015,102
3235000,13040.0000008216,-519396.3351873334,299.38397836443283,1.027088070294917,102
3240000,13060.000000825674,-519583.1999264178,302.40197951808534,1.0288703941712711,102
3245000,13080.000000829748,-518584.0448932559,303.71404095281696,1.0239393401886838,102
3250000,13100.000000833823,-519497.2385661283,302.65839310201477,1.0247198243226143,102
3255000,13120.000000837897,-520667.830161307,299.81922800267296,1.0314474504986286,102
3260000,13140.000000841972,-519503.5796989007,302.0574549519972,1.029165616285726,102
3265000,13160.000000846047,-519134.3488620962,298.5514258143331,1.0260815412961644,102
3270000,13180.000000850121,-519651.6212227298,301.1475522624856,1.026487010954084,102
3275000,13200.000000854196,-519664.9052475537,298.1473472172844,1.0278147806030418,102
3280000,13220.00000085827,-518711.1860111081,302.02445897843234,1.0232594533364372,102
3285000,13240.000000862345,-518881.8191207056,303.10270170140285,1.026244225304795,102
3290000,13260.00000086642,-519084.27224313,301.10734512482173,1.022278599592435,102
3295000,13280.000000870494,-519870.815878863,300.8233121946463,1.0268509107392911,102
3300000,13300.000000874568,-519381.2467572177,300.3335877984431,1.027954541844918,102
3305000,13320.000000878643,-520774.24462750345,300.42938552661985,1.0258032477946752,102
3310000,13340.000000882717,-519587.37867918937,303.9330308984376,1.0250246013837054,102
3315000,13360.000000886792,-519151.71372435824,303.1351713701434,1.0285146920824433,102
3320000,13380.000000890866,-519110.05077278754,301.22736129725496,1.0263350284718356,102
3325000,13400.000000894941,-520204.5804858061,300.5955399260388,1.0285769211881663,102
3330000,13420.000000899016,-518889.6062735154,302.7454478979051,1.028005621229084,102
3335000,13440.00000090309,-518928.9727685563,302.1182350212324,1.0261320760205066,102
3340000,13460.000000907165,-519571.623129471,301.0018287560287,1.0299882659377337,102
3345000,13480.00000091124,-519182.5558820078,303.0724873224327,1.0260156228954322,102
3350000,13500.000000915314,-519622.88355452195,298.9811128454883,1.0287426653643315,102
3355000,13520.000000919388,-519704.86820343486,304.3319006502438,1.0285839383202886,102
3360000,13540.000000923463,-519404.40427360986,302.06027930206164,1.0251531931352473,102
3365000,13560.000000927537,-519366.52676165407,302.97442771549913,1.0254403562655414,102
3370000,13580.000000931612,-520376.5843265846,305.2231212622866,1.028190877653852,102
3375000,13600.000000935686,-520028.8641984884,302.9692553634995,1.0292999258947741,102
3380000,13620.00000093976,-520539.39661254454,301.27134453318575,1.0262700266026579,102
3385000,13640.000000943835,-519697.01364968694,297.8831595300081,1.0217733529024942,102
3390000,13660.00000094791,-518337.0689880231,298.57113714561666,1.0270457695428703,102
3395000,13680.000000951984,-518485.4367373921,301.0003761897428,1.0229895553972126,102
3400000,13700.000000956059,-519439.10899845,298.57408382780704,1.029903904046659,102
3405000,13720.000000960134,-519213.9092453709,301.2576348481964,1.0214760097040225,102
3410000,13740.000000964208,-520678.7365292264,301.1613034345711,1.0268725631664006,102
3415000,13760.000000968283,-519745.6141091082,303.8987857269603,1.02798221463612,102
3420000,13780.000000972357,-519518.1993412203,300.9858406824546,1.027580523635508,102
3425000,13800.000000976432,-520016.71470957575,302.35815593556316,1.028956836793921,102
3430000,13820.000000980506,-518430.10846522334,301.46408931743866,1.0248302170234849,102
3435000,13840.00000098458,-519102.1916252454,302.2614058248436,1.024415298604898,102
3440000,13860.000000988655,-518763.75762662035,301.8631913991195,1.0253467370626668,102
3445000,13880.00000099273,-519454.9922637944,301.75888967027686,1.0250609987103707,102
3450000,13900.000000996804,-518909.35019940627,300.771922926582,1.0224124438968174,102
3455000,13920.000001000879,-519080.1830460259,298.08659947904994,1.0251373198737135,102
3460000,13940.000001004953,-518867.76781973196,302.17021712627366,1.026002870793532,102
3465000,13960.000001009028,-519097.01015703636,304.14930959713274,1.0266873053981314,102
3470000,13980.000001013103,-517744.66587147815,302.4669648345294,1.0240749118962702,102
3475000,14000.000001017177,-519032.7787348707,300.3970349424859,1.0293646977149917,102
3480000,14020.000001021252,-518919.08657641057,300.7296143076768,1.0254552946529034,102
3485000,14040.000001025326,-519588.97688810714,302.49419787152596,1.0257248218258646,102
3490000,14060.0000010294,-518753.2226804055,299.2802290483915,1.027279960318456,102
3495000,14080.000001033475,-519194.38197514694,300.84284756155216,1.0283119071171218,102
3500000,14100.00000103755,-518902.9125554408,302.6598438836516,1.0230193113661,102
3505000,14120.000001041624,-519436.63332133624,300.12313318036126,1.0226082955208766,102
3510000,14140.000001045699,-519062.6011010159,297.6740270587772,1.0250114116690263,102
3515000,14160.000001049773,-519669.1705399109,302.6517044614281,1.0275416291931192,102
3520000,14180.000001053848,-519220.4165065177,302.05216324358645,1.0267370957666748,102
3525000,14200.000001057922,-521106.8918780859,302.5529983473738,1.0287202999713247,102
3530000,14220.000001061997,-519580.85565435234,300.22405232467366,1.0277878496562642,102
3535000,14240.000001066071,-519705.18314846023,302.4236321640124,1.0277441099837787,102
3540000,14260.000001070146,-519147.70969874156,301.1243852925449,1.026980384690859,102
3545000,14280.00000107422,-521342.3589126803,301.26430387487585,1.0263869361594624,102
3550000,14300.000001078295,-519495.19357491983,300.2234926785105,1.0288783898195195,102
3555000,14320.00000108237,-520371.7168073873,300.40141856658767,1.0270875632468583,102
3560000,14340.000001086444,-518895.47348567774,300.81480466452587,1.0201117006209979,102
3565000,14360.000001090519,-518761.8002582635,298.9408455869753,1.0230586906583758,102
3570000,14380.000001094593,-519209.4366917636,300.26997436748655,1.0299454510670352,102
3575000,14400.000001098668,-520239.4117045305,300.2700144707481,1.0267547011213352,102
3580000,14420.000001102742,-520690.95907660504,300.2886654090052,1.0290854954077333,102
3585000,14440.000001106817,-519611.7249355214,301.8892090049195,1.027306311468651,102
3590000,14460.000001110891,-519322.01099712006,300.2193868752503,1.027380145373561,102
3595000,14480.000001114966,-518642.2352234295,302.97411800155106,1.0231103517441837,102
3600000,14500.00000111904,-518773.1212048852,299.70789219484857,1.0255466254609311,102
3605000,14520.000001123115,-517905.8615234145,301.2384964464007,1.0204668999629813,102
3610000,14540.00000112719,-518569.85412328434,302.52711502549477,1.0259905520984505,102
3615000,14560.000001131264,-519435.5636908978,301.92451870578543,1.0226661353937951,102
3620000,14580.000001135339,-519437.2008767731,300.3582227613939,1.0254248953417358,102
3625000,14600.000001139413,-519559.0775224981,302.277911088227,1.0259703245219671,102
3630000,14620.000001143488,-519956.2675018108,301.9482693763723,1.0261687051108528,102
3635000,14640.000001147562,-520080.297043398,298.47345940001344,1.0259345157623385,102
3640000,14660.000001151637,-518559.0953661185,301.43879968781846,1.028169798430347,102
3645000,14680.000001155711,-518286.96679791925,303.210795493972,1.0246939218049371,102
3650000,14700.000001159786,-518456.19733994384,299.2624722367218,1.0259698375503468,102
3655000,14720.00000116386,-518742.63626007014,302.43125051411016,1.0243944908333438,102
3660000,14740.000001167935,-519032.489225175,302.0640858703003,1.0190063966936833,102
3665000,14760.00000117201,-519004.8364470857,302.6121363519076,1.0251906364379744,102
3670000,14780.000001176084,-519056.96593670105,301.4143161722475,1.0274120511618368,102
3675000,14800.000001180159,-519497.4711349574,300.12140280555144,1.026058635042659,102
3680000,14820.000001184233,-519261.5675400286,301.58044457229096,1.0271640427969517,102
3685000,14840.000001188308,-519246.16533162165,300.8085513801062,1.0218498771935616,102
3690000,14860.000001192382,-520092.8667720237,300.20078072753586,1.0307146069775692,102
3695000,14880.000001196457,-519147.8425535071,300.20931107793115,1.0239076062082353,102
3700000,14900.000001200531,-520270.49456922547,299.11669737656985,1.027490220951401,102
3705000,14920.000001204606,-518980.37829557783,297.9198788028179,1.0232793191399607,102
3710000,14940.00000120868,-519328.4715981693,298.6090170897326,1.0285479014684293,102
3715000,14960.000001212755,-519664.9687335938,300.5526880155756,1.0260794630686394,102
3720000,14980.00000121683,-518951.8832088667,300.8529104545817,1.027598042333951,102
3725000,15000.000001220904,-519018.19735189294,302.03895197686387,1.0230740908221543,102
3730000,15020.000001224978,-520040.09081735765,299.72995710259704,1.0279615803564628,102
3735000,15040.000001229053,-519615.4559015024,299.83465994569406,1.0287027643487843,102
3740000,15060.000001233127,-518473.6624481783,300.22344821910923,1.0251082555623616,102
3745000,15080.000001237202,-519821.4754580592,303.89349392451663,1.0253109116213248,102
3750000,15100.000001241277,-518973.5488839289,299.41609608533315,1.0249166528939329,102
3755000,15120.000001245351,-519581.11597067816,301.96616569133926,1.0222851368024848,102
3760000,15140.000001249426,-518953.70019659237,300.9439465437619,1.027816338144761,102
3765000,15160.0000012535,-520518.1447592764,301.11331114398104,1.0301734548367898,102
3770000,15180.000001257575,-519615.60315747256,301.1877498506792,1.0237403201878592,102
3775000,15200.00000126165,-519874.69702710374,301.3068170528122,1.0285301594499265,102
3780000,15220.000001265724,-519550.5838062172,299.8595806026942,1.026270404216741,102
3785000,15240.000001269798,-517574.53756470745,301.82808744272364,1.0223635399398774,102
3790000,15260.000001273873,-518618.6318668532,300.13588160370176,1.0243722385255025,102
3795000,15280.000001277947,-519563.82790009934,302.3491501802737,1.0275138212650823,102
3800000,15300.000001282022,-519906.6569503583,301.46218066894596,1.0263155533411834,102
3805000,15320.000001286096,-518780.9303213551,302.39436908662634,1.02698091922628,102
3810000,15340.000001290171,-519936.8375077194,300.0718487202916,1.026082150103759,102
3815000,15360.000001294246,-518355.91628001234,304.11173821246604,1.0247453832375208,102
3820000,15380.00000129832,-518718.79381749337,300.87031162091165,1.0240180898399172,102
3825000,15400.000001302395,-519418.1575490192,301.8336173014435,1.0277516765291963,102
3830000,15420.00000130647,-519547.3469713193,297.12154442405216,1.0247941507936436,102
3835000,15440.000001310544,-519099.22313553304,299.97777433773194,1.0254688952559619,102
3840000,15460.000001314618,-519932.1342519929,300.32671276049035,1.025009479567743,102
3845000,15480.000001318693,-518932.46454768605,297.9130552422265,1.0273942835077359,102
3850000,15500.000001322767,-519273.7149309858,299.8259291936482,1.0283641545151774,102
3855000,15520.000001326842,-518665.29804810975,301.1819236305381,1.02401151410338,102
3860000,15540.000001330916,-519139.27884085104,303.29394522224777,1.025852385803822,102
3865000,15560.00000133499,-518149.8107014806,300.81223640458785,1.0265764473443797,102
3870000,15580.000001339065,-518334.1903158189,300.56891240776815,1.0224813246852282,102
3875000,15600.00000134314,-520192.00605901866,300.7495368470463,1.024216886167466,102
3880000,15620.000001347214,-519929.80755325407,300.76575801481636,1.0258155063671308,102
3885000,15640.000001351289,-519184.5012628534,301.25489499380956,1.0259529074956817,102
3890000,15660.000001355364,-520413.1828920096,300.5876867259917,1.0261244643177057,102
3895000,15680.000001359438,-518890.501919826,303.54682692637994,1.0272399543476072,102
3900000,15700.000001363513,-518288.11709741363,299.62697578700175,1.0240608792274346,102
3905000,15720.000001367587,-518675.9156932528,300.71410375489296,1.0228757798883685,102
3910000,15740.000001371662,-519677.8783087742,300.310458980423,1.0233204256134183,102
3915000,15760.000001375736,-519888.45221706294,299.44230719553155,1.0281863121197652,102
3920000,15780.00000137981,-519037.8599981605,300.2155235605383,1.0235314592695128,102
3925000,15800.000001383885,-518577.3003945004,300.1986087612349,1.026418479601373,102
3930000,15820.00000138796,-519389.397200526,301.3914452248829,1.0249261449303297,102
3935000,15840.000001392034,-519888.2577538204,300.2851162246087,1.0271493808406391,102
3940000,15860.000001396109,-520226.9360658617,302.3796801769594,1.0251318178236124,102
3945000,15880.000001400183,-519472.56723694387,299.58737641864815,1.0277172801870964,102
3950000,15900.000001404258,-519938.18998259143,302.3599996023713,1.0288193798554148,102
3955000,15920.000001408333,-519239.94885743596,302.96353065196445,1.0226157862597194,103
3960000,15940.000001412407,-518856.099216379,302.5455787400032,1.025087762016263,103
3965000,15960.000001416482,-518548.53993097646,300.38856646352383,1.0245507170475356,103
3970000,15980.000001420556,-518138.3118637963,301.4605610948401,1.0215740644416398,103
3975000,16000.00000142463,-519855.6849323886,298.72343507699884,1.0263875956494108,103
3980000,16020.000001428705,-519919.41605293425,304.1269358419551,1.0315791379714379,103
3985000,16040.00000143278,-518816.22727814387,299.00488945817256,1.0238150451574182,103
3990000,16060.000001436854,-520293.14949346683,299.6328495223688,1.025843086037373,103
3995000,16080.000001440929,-519161.0190222862,303.50406385482745,1.0259194826124634,103
4000000,16100.000001445003,-520168.4515434168,300.7492186433948,1.0224252750977563,103
4005000,16120.000001449078,-519444.6424924827,300.3907683331931,1.0269506555978583,103
4010000,16140.000001453152,-519552.18241233286,296.82752868248804,1.0268624135859237,103
4015000,16160.000001457227,-518934.2137708254,299.2353510704733,1.0222059143993971,103
4020000,16180.000001461302,-520025.08391035045,297.3925170136527,1.026322930285138,103
4025000,16200.000001465376,-519061.10709185037,298.8860636257662,1.0285047762556634,103
4030000,16220.00000146945,-520451.7342016967,300.7848334539634,1.033070521539562,103
4035000,16240.000001473525,-519989.7638945929,299.43689069109695,1.0256476620154664,103
4040000,16260.0000014776,-518650.3380134597,300.3961706806227,1.0203049757256495,103
4045000,16280.000001481674,-519378.56695948076,300.1933977260317,1.024009636214154,103
4050000,16300.000001485749,-517944.12580972374,299.356591447062,1.0236226285661665,103
4055000,16320.000001489823,-519481.50564950495,299.96464492537626,1.0245374696078333,103
4060000,16340.000001493898,-520781.8217692184,301.146739690571,1.0273774851478048,103
4065000,16360.000001497972,-519628.34297821997,302.22622025625924,1.028398739979663,103
4070000,16380.000001502047,-518781.1821532657,301.3627792659901,1.0268712899756518,103
4075000,16400.00000150612,-520598.2110438205,302.0252834786975,1.0287457344214281,103
4080000,16420.000001510194,-518803.26347164833,298.1968468694735,1.0222726027747089,103
4085000,16440.00000151427,-520481.8178847004,301.8785045243299,1.028423363096097,103
4090000,16460.000001518343,-519483.74791698204,301.7973309004554,1.0252418486443655,103
4095000,16480.000001522418,-520132.0390740088,300.6640487053468,1.0261835576426315,103
4100000,16500.000001526492,-518637.32671961305,301.7902915277856,1.0242215172307543,103
4105000,16520.000001530567,-518924.3243737072,301.30803921328385,1.0232936366632812,103
4110000,16540.00000153464,-519516.1775021092,300.5658269569397,1.024935026651662,103
4115000,16560.000001538716,-519571.3042130184,302.0511795276959,1.0274425654972368,103
4120000,16580.00000154279,-518855.54853936564,300.33677171519724,1.0225039301218315,103
4125000,16600.000001546865,-518564.01606225176,300.7963675503217,1.0272355990074122,103
4130000,16620.00000155094,-519551.5350006076,303.13653822655925,1.0243456361328411,103
4135000,16640.000001555014,-519098.9102393673,300.82376593237797,1.021341977653209,103
4140000,16660.00000155909,-520145.0913124897,300.0942461076679,1.0282088659059658,103
4145000,16680.000001563163,-519259.2932616449,301.1952314297917,1.027540118046076,103
4150000,16700.000001567238,-518534.3849654731,303.3456118580621,1.0233012208775432,103
4155000,16720.000001571312,-518719.3246397786,300.9346521988814,1.024753120869273,103
4160000,16740.000001575387,-520241.12121937214,299.9454562143414,1.025632973644203,103
4165000,16760.00000157946,-518314.4502078567,301.2254508827285,1.0229432797796387,103
4170000,16780.000001583536,-519070.7923118232,299.1087912006183,1.0245250857734949,103
4175000,16800.00000158761,-519015.8835268342,300.9433666918017,1.0267783821016578,103
4180000,16820.000001591685,-519486.8395387037,300.94919193798927,1.0264955827009619,103
4185000,16840.00000159576,-519580.66664266726,302.95645214473376,1.026416784101891,103
4190000,16860.000001599834,-518338.76378745795,303.3414212987083,1.0224530084208967,103
4195000,16880.00000160391,-518999.419981983,302.18072290164616,1.0276281724119636,103
4200000,16900.000001607983,-520084.57539621857,298.83347137418343,1.0238480029100308,103
4205000,16920.000001612058,-518521.98274515965,302.02839949233135,1.0249031815905807,103
4210000,16940.000001616132,-518417.1568509103,304.5547351543489,1.0231684818716291,103
4215000,16960.000001620207,-518862.82770916075,299.541314950695,1.0249689298388733,103
4220000,16980.00000162428,-520083.6469734113,300.980479764554,1.0275328117634972,103
4225000,17000.000001628356,-518884.46816421277,301.04405003108275,1.024997241915035,103
4230000,17020.00000163243,-518890.6594085074,301.1908221943753,1.0261048385043832,103
4235000,17040.000001636505,-519929.72719418793,302.42159226558266,1.0267711513358475,103
4240000,17060.00000164058,-518394.8727013937,300.8885093320946,1.0238951683145476,103
4245000,17080.000001644654,-519980.7931863235,300.0792905416578,1.02824261687749,103
4250000,17100.00000164873,-519475.60992458207,299.2822356647342,1.024322897833381,103
4255000,17120.000001652803,-520032.7924474764,301.25711475534666,1.029332262523866,103
4260000,17140.000001656877,-517812.87041291106,300.5335382201147,1.0267467148600469,103
4265000,17160.000001660952,-519032.98989523994,302.16046717261247,1.0258146587680295,103
4270000,17180.000001665027,-519243.27010584204,299.1185215813042,1.026608461387247,103
4275000,17200.0000016691,-519678.7414637252,300.50657355300314,1.0251484399779058,103
4280000,17220.000001673176,-519055.86205460853,298.09413700184865,1.0239176226260711,103
4285000,17240.00000167725,-519809.23792881635,301.0786294469392,1.0277591905912837,103
4290000,17260.000001681325,-518305.77784008905,300.3152753893797,1.0210520142267365,103
4295000,17280.0000016854,-519340.73872972326,301.87531952514763,1.027111119579571,103
4300000,17300.000001689474,-518814.1628798351,298.16105413832713,1.0251164996582103,103
4305000,17320.00000169355,-519604.601528676,301.429386198339,1.0286937919028105,103
4310000,17340.000001697623,-519664.4881929308,298.26060045941614,1.025886740081395,103
4315000,17360.000001701697,-518214.57787692803,300.55696106979474,1.0268396349535402,103
4320000,17380.000001705772,-518449.0704802165,299.51472435177755,1.024739169700075,103
4325000,17400.000001709846,-520180.28854907746,300.7981180583128,1.026167334430306,103
4330000,17420.00000171392,-519371.01269565965,302.0693059563511,1.0296456184310943,103
4335000,17440.000001717995,-518823.4049615485,301.3836114662716,1.0268748284535876,103
4340000,17460.00000172207,-520535.5055800141,302.92050338574325,1.0268859043162244,103
4345000,17480.000001726145,-518311.58956677816,299.3953236646141,1.0246926244423626,103
4350000,17500.00000173022,-519165.93229786586,300.4996439324741,1.025432166483729,103
4355000,17520.000001734294,-520443.90469992184,300.26003057377955,1.0284596874385263,103
4360000,17540.000001738368,-520191.33427920425,301.63163105005896,1.0295303049810973,103
4365000,17560.000001742443,-519975.0471502736,300.9618070076146,1.0284251004255804,103
4370000,17580.000001746517,-518810.533103283,299.9332586748014,1.0235409894283487,103
4375000,17600.00000175059,-519620.51149927103,299.7567193965397,1.0277847449070516,103
4380000,17620.000001754666,-520497.2196102103,301.3464971102037,1.0264650062651393,103
4385000,17640.00000175874,-519642.74327596114,298.84272293023895,1.0254698035729297,103
4390000,17660.000001762815,-519935.95348163066,297.4855152117151,1.0273565318646045,103
4395000,17680.00000176689,-519814.595994632,297.74838701756124,1.0272233383682001,103
4400000,17700.000001770964,-519708.1218456046,300.5935595517722,1.0264631288574169,103
4405000,17720.00000177504,-518601.6906222305,301.81257194015194,1.0264187136524943,103
4410000,17740.000001779114,-519663.50675383606,299.527696766062,1.026731528633175,103
4415000,17760.000001783188,-518943.6311976474,301.1082423987833,1.0215806577017235,103
4420000,17780.000001787263,-518610.15056846663,302.6462093560674,1.0241466665739158,103
4425000,17800.000001791337,-519311.0615529914,300.6248594049423,1.0248664223556514,103
4430000,17820.00000179541,-518471.1108372847,299.3142000721007,1.0258531229141639,103
4435000,17840.000001799486,-519007.9207223165,299.77490295036273,1.0268223522680826,103
4440000,17860.00000180356,-520623.9879249076,300.3492643329623,1.0269907825141076,103
4445000,17880.000001807635,-519224.5246462119,300.14580820791394,1.0273364487378982,103
4450000,17900.00000181171,-520344.7956932292,302.09595033139243,1.0312373684783063,103
4455000,17920.000001815784,-519020.47221176024,300.4880170991512,1.0285605342314774,103
4460000,17940.00000181986,-519496.7214152033,299.799799694358,1.0285665433048352,103
4465000,17960.000001823933,-519508.3652549302,300.20737845862345,1.0258163521206993,103
4470000,17980.000001828008,-520798.5075229325,299.9620664684822,1.0262747729158592,103
4475000,18000.000001832082,-518322.6302900454,299.7159460100846,1.0242527781644033,103
4480000,18020.000001836157,-518906.35514005576,301.8253664847073,1.030481977917867,103
4485000,18040.00000184023,-520074.2816433448,299.40931596229,1.0304121231198278,103
4490000,18060.000001844306,-518850.08949706354,301.4605439612161,1.0221867036986714,103
4495000,18080.00000184838,-518286.6056937203,299.3903937121964,1.0234632997567186,103
4500000,18100.000001852455,-518971.3912805021,304.5064238185406,1.0308555450343362,103
4505000,18120.00000185653,-519635.99726203433,299.35149809075784,1.0269281526655027,103
4510000,18140.000001860604,-518784.58824665216,298.8365543268478,1.0245507984162507,103
4515000,18160.00000186468,-519150.370360716,301.5493131975207,1.0246635684487595,103
4520000,18180.000001868753,-519397.15079710516,300.48340831765904,1.0174538053358078,103
4525000,18200.000001872828,-519274.8865636054,301.17454722882917,1.0257068779643643,103
4530000,18220.000001876902,-519545.4404044526,302.9307056850755,1.0231574385435134,103
4535000,18240.000001880977,-520553.29174761474,304.50501264050064,1.0270634738710247,103
4540000,18260.00000188505,-518543.8404603661,302.15162180429405,1.0267657502210081,103
4545000,18280.000001889126,-519136.2067933427,301.2331967971538,1.0254455998466785,103
4550000,18300.0000018932,-520102.3027793432,301.07993438556105,1.028879753495252,103
4555000,18320.000001897275,-519004.0503114944,300.73989653725533,1.0241456639212485,103
4560000,18340.00000190135,-518689.36301975837,299.5323452830186,1.0253174746524292,103
4565000,18360.000001905424,-519524.9207428722,302.86972575298654,1.022401783002032,103
4570000,18380.0000019095,-519545.87471522857,302.11449786584546,1.0268040888414154,103
4575000,18400.000001913573,-518261.52849448356,302.2228155906982,1.0237385524180826,103
4580000,18420.000001917648,-519722.91376281297,301.6490371746142,1.0252338798267546,103
4585000,18440.000001921722,-519426.3622955899,301.93954975972315,1.024695774921246,103
4590000,18460.000001925797,-519354.81271492504,303.1523561252799,1.0249607978242337,103
4595000,18480.00000192987,-518365.2491228068,301.557834763432,1.0252354112448645,103
4600000,18500.000001933946,-520432.07020888827,302.32814791066124,1.0278323326934067,103
4605000,18520.00000193802,-520492.0347083227,300.74547049839464,1.0304923714547425,103
4610000,18540.000001942095,-518513.77830667794,297.826453392453,1.0249264417631023,103
4615000,18560.00000194617,-519275.6367679355,302.9236441401417,1.0226918396114717,103
4620000,18580.000001950244,-518073.1054352978,304.59973258388436,1.022314736357537,103
4625000,18600.00000195432,-519644.42199062416,300.22195625006196,1.0271127477561002,103
4630000,18620.000001958393,-518855.0164230764,300.57762900071094,1.021165520941708,103
4635000,18640.000001962468,-518713.4748699432,298.8568346081155,1.0228021328816435,103
4640000,18660.000001966542,-519739.3870214757,302.7370689809198,1.0233407648666841,103
4645000,18680.000001970617,-520519.0117642607,300.7927046123615,1.0289521344217154,103
4650000,18700.00000197469,-520310.331228317,297.852504855606,1.0251368300410468,103
4655000,18720.000001978766,-519507.50078777596,303.14012255570253,1.0272844293679249,103
4660000,18740.00000198284,-518881.7291101096,300.2222307111386,1.0237662506236156,103
4665000,18760.000001986915,-519193.93845204427,301.2154240432075,1.0257675077916977,103
4670000,18780.00000199099,-519122.5566002722,301.3110041593393,1.025361877326349,103
4630000,18620.000001958393,-519971.26844272926,299.64996659058403,1.0263787082662041,--
4635000,18640.000001962468,-518916.8930270218,299.6005621518667,1.0212519119736718,106
4640000,18660.000001966542,-518168.5622740369,300.4416014976211,1.0228567191817288,105
4645000,18680.000001970617,-520106.105992489,300.45151855341373,1.0314874983814297,105
4650000,18700.00000197469,-518550.33030164195,300.7673820173875,1.0232771129906402,105
4655000,18720.000001978766,-518806.18920472753,300.3212838565782,1.0332164145004894,105
4660000,18740.00000198284,-519101.1894866831,297.9709474964103,1.0297086832483295,105
4665000,18760.000001986915,-520374.2792314028,303.6121264505028,1.026049027956752,105
4670000,18780.00000199099,-519588.9554877421,300.21111300517674,1.0261193061491423,104
4675000,18800.000001995064,-518125.5423539451,300.03682267615875,1.0242143930439735,104
4680000,18820.00000199914,-519617.7522263692,300.1161427751847,1.0206866297402861,104
4685000,18840.000002003213,-519294.7935368479,300.8530869264277,1.0269194160206871,104
4690000,18860.000002007288,-517831.7733172325,299.0974142039094,1.022198577949093,104
4695000,18880.000002011362,-519026.0433664345,301.27459013758454,1.0265624484116538,104
4700000,18900.000002015437,-518977.37032819213,298.8707858660765,1.0245305665175288,104
4705000,18920.00000201951,-519901.9135607437,301.77998575724394,1.0280629266976709,104
4710000,18940.000002023586,-518175.6569693608,302.39981013958976,1.027243953918348,104
4715000,18960.00000202766,-520082.43333616597,302.51968855790363,1.0288097586332483,104
4720000,18980.000002031735,-518729.36926543526,303.5309313748242,1.0279769284007707,104
4725000,19000.00000203581,-519487.5028029764,300.51540914470723,1.0243808691712297,104
4730000,19020.000002039884,-519665.20805342426,299.1593655468458,1.0239177314831718,104
4735000,19040.00000204396,-518921.8136920163,301.07733407893744,1.0280213958572646,104
4740000,19060.000002048033,-519245.00064788875,299.6424363979043,1.0289727458222726,104
4745000,19080.000002052107,-518441.83417799,301.2056179736038,1.0282637658843818,104
4750000,19100.000002056182,-518868.44952316605,301.1336682744434,1.023081505055272,104
4755000,19120.000002060257,-518992.60972561967,304.17253258551034,1.0281131215316577,104
4760000,19140.00000206433,-518513.56775914156,300.8227256407506,1.0268329749535974,104
4765000,19160.000002068406,-519161.98329765745,300.7672692778892,1.0287245805571454,104
4770000,19180.00000207248,-519528.3737401257,302.7818925041215,1.0247731560159274,104
4775000,19200.000002076555,-520118.3773016471,297.9178984041743,1.0279758681126274,104
4780000,19220.00000208063,-520006.4415188399,301.05866473216145,1.0266843958085325,104
4785000,19240.000002084704,-519403.3232834004,300.2924959972886,1.0260302165234096,104
4790000,19260.00000208878,-519029.5532942258,300.9891775646412,1.0268571091073613,104
4795000,19280.000002092853,-520264.09930255497,300.36574105179164,1.0252455661659423,104
4800000,19300.000002096927,-519208.49201565026,301.8858999823163,1.0282806330332255,104
4805000,19320.000002101002,-519073.16124234186,299.9476178049825,1.024458827749551,104
4810000,19340.000002105076,-519560.85590194794,303.2368027902536,1.0317464696630316,104
4815000,19360.00000210915,-519212.2829911413,299.97132171732403,1.0269804783361325,104
4820000,19380.000002113225,-519969.40594355157,300.0994414227369,1.0269465777628068,104
4825000,19400.0000021173,-519821.0600751331,300.26160060429,1.027515505085311,104
4830000,19420.000002121375,-517648.04028267646,300.2481037490651,1.0195159186413192,104
4835000,19440.00000212545,-518530.61990141263,302.431014181678,1.027047914696788,104
4840000,19460.000002129524,-519485.1663215058,299.1768701116868,1.0236004361894688,104
4845000,19480.000002133598,-519080.46165183606,300.38585054304934,1.0246359337271063,104
4850000,19500.000002137673,-518858.6098882046,298.73081789739325,1.0280590966926106,104
4855000,19520.000002141747,-518357.87744195247,300.1876626962704,1.0269777478614215,104
4860000,19540.00000214582,-519639.3459317505,298.7445667217751,1.0269936133641495,104
4865000,19560.000002149896,-520221.1285940707,298.0404821311136,1.0269772534617103,104
4870000,19580.00000215397,-519687.888310245,300.78372180016703,1.0262765141734098,104
4875000,19600.000002158045,-520067.4635233325,299.97385773885,1.0273726150862492,104
4880000,19620.00000216212,-520612.70925184316,298.72059250238516,1.0278484110144388,104
4885000,19640.000002166194,-520058.7351005662,302.0324254547423,1.0327592961658758,104
4890000,19660.00000217027,-519151.72835512133,302.0408649580503,1.0266469233904898,104
4895000,19680.000002174344,-519365.3145403585,300.7891527382039,1.030097108134954,104
4900000,19700.000002178418,-519615.7439348679,302.544817914755,1.0277381613666638,104
4905000,19720.000002182493,-519620.7025533938,297.8689920263819,1.0296498887388463,104
4910000,19740.000002186567,-520510.8925922534,301.48871411844675,1.025707865613999,104
4915000,19760.00000219064,-519295.3609087283,299.26028261067785,1.027218042455769,104
4920000,19780.000002194716,-519393.1231460641,298.6527664339511,1.0264362469388904,104
4925000,19800.00000219879,-518958.6782785475,301.3156790815944,1.0232385153161268,104
4930000,19820.000002202865,-519556.5599416075,300.98617477748934,1.0222619524348797,104
4935000,19840.00000220694,-520458.5009717825,301.1193997334586,1.0306403261679147,104
4940000,19860.000002211014,-519035.9096396717,299.89872282241686,1.023178342140646,104
4945000,19880.00000221509,-518582.58010443347,301.26362195604145,1.0288573663329936,104
4950000,19900.000002219163,-518929.79929919215,302.3656962337632,1.0250391662096567,104
4955000,19920.000002223238,-520255.1320699826,301.15952666642073,1.0275078802660211,104
4960000,19940.000002227313,-519034.50891616894,302.7632630035085,1.0232918998686105,104
4965000,19960.000002231387,-519080.66333342553,301.83874891876667,1.029916478283525,104
4970000,19980.00000223546,-519688.789232709,299.1965471871233,1.0218718169489815,104
4975000,20000.000002239536,-518426.8122035351,301.31331206914007,1.0263213264046156,104
4980000,20020.00000224361,-519522.7715319465,298.5077230180785,1.0252352313275848,104
4985000,20040.000002247685,-519062.7328738719,302.9213361554731,1.0244359820849422,104
4990000,20060.00000225176,-519736.6056400712,300.7073004312622,1.0285723910909916,104
4995000,20080.000002255834,-519302.8140599916,303.22530355946594,1.0259992562819458,104
5000000,20100.00000225991,-518572.8348752849,300.2414245838567,1.0220500908766432,104
5005000,20120.000002263983,-520267.5595337269,303.2138348493296,1.0295981586894296,104
5010000,20140.000002268058,-518794.7220041291,300.9098463226529,1.0259852532981983,104
5015000,20160.000002272132,-520622.7786112819,298.88966466688055,1.027423532045612,104
5020000,20180.000002276207,-520070.0069766657,304.1285443609829,1.0279035278418533,104
5025000,20200.00000228028,-519843.1204813174,303.23468334131513,1.025124355371876,104
5030000,20220.000002284356,-519562.8694282619,300.40219267552214,1.024988227287919,104
5035000,20240.00000228843,-520443.6168563394,300.5851916517712,1.0232040407621565,104
5040000,20260.000002292505,-520583.97362263943,301.7901245156888,1.0275189449528315,104
5045000,20280.00000229658,-519405.554314564,301.2747844530005,1.0239476073857097,104
5050000,20300.000002300654,-518807.22865097574,298.92508493216,1.0232544178927994,104
5055000,20320.00000230473,-518747.21093217726,300.34231367106736,1.026310799322827,104
5060000,20340.000002308803,-518700.0912006034,300.106635276067,1.0280678799557983,104
5065000,20360.000002312878,-520734.7853753227,305.6941939473596,1.0255354474908511,104
5070000,20380.000002316952,-518475.2389775303,301.9915069484927,1.0208198697846238,104
5075000,20400.000002321027,-518792.4446869993,302.745443783287,1.0266056382149047,104
5080000,20420.0000023251,-519833.4318919447,300.0211381680169,1.0309827364929678,104
5085000,20440.000002329176,-519486.34918714175,301.0747962657078,1.0245882958993198,104
5090000,20460.00000233325,-519355.67500980804,301.831922690134,1.0242468033900662,104
5095000,20480.000002337325,-519341.895785047,302.5144926124991,1.0260124418834455,104
5100000,20500.0000023414,-520427.2543239081,299.19278500432017,1.0260234944365076,104
5105000,20520.000002345474,-519683.020454339,302.4487812228008,1.027920980413876,104
5110000,20540.00000234955,-519271.5438435883,300.79704647364946,1.0244589195444185,104
5115000,20560.000002353623,-519881.9406555281,300.8182871617453,1.0272133380518131,104
5120000,20580.000002357698,-519872.09869928635,302.88075861228725,1.0241557628071731,104
5125000,20600.000002361772,-518882.6468529741,302.4404021965215,1.0250583408802123,104
5130000,20620.000002365847,-518700.9815162788,300.86498443043513,1.0239253744449863,104
5135000,20640.00000236992,-518619.8310280724,300.85007252175546,1.0280962965273197,104
5140000,20660.000002373996,-519695.312594519,300.48098887129436,1.0295921004446613,104
5145000,20680.00000237807,-519985.348164754,301.1326809327404,1.0262775154481616,104
5150000,20700.000002382145,-518186.63559100265,299.1161668966562,1.0224754037442747,104
5155000,20720.00000238622,-519425.24787018425,302.99953179706023,1.0267461839098133,104
5160000,20740.000002390294,-519200.5834746822,302.2940876120738,1.025091963508967,104
5165000,20760.00000239437,-518686.8592072977,302.5810384424891,1.026170212617217,104
5170000,20780.000002398443,-518512.9826299513,300.95934641511946,1.022415946724819,104
5175000,20800.000002402518,-518611.0190891302,300.58905745702566,1.0229440892412571,104
5180000,20820.000002406592,-520727.5746736636,299.52457446183644,1.029849441959393,104
5185000,20840.000002410667,-519363.67990705767,301.78119728401043,1.0228646788259068,104
5190000,20860.00000241474,-519234.4890135615,299.9708610151765,1.0234489761925414,104
5195000,20880.000002418816,-519529.2145705889,300.58533590292024,1.0253109770658833,104
5200000,20900.00000242289,-520783.8127056351,299.65746390547565,1.0289870936152117,104
5205000,20920.000002426965,-519850.9713803134,302.57178753166755,1.0238236477204194,104
5210000,20940.00000243104,-518787.83285415685,301.0875658685007,1.0235186275804067,104
5215000,20960.000002435114,-519684.4014515411,299.32305513534124,1.0278899797106733,104
5220000,20980.00000243919,-518601.6835685745,300.022539330751,1.0256268836841407,104
5225000,21000.000002443263,-519091.64388754615,298.6591613436601,1.0274842964168984,104
5230000,21020.000002447337,-520518.7201350848,300.8088898339929,1.024892088592261,104
5235000,21040.000002451412,-519854.53604522627,302.2283762329959,1.0262510807906893,104
5240000,21060.000002455487,-519488.51104360376,299.66474585353063,1.0267824244825103,104
5245000,21080.00000245956,-519607.4247664367,299.760589852781,1.0278529770943978,104
5250000,21100.000002463636,-518522.80900009745,299.0052675456101,1.0246854326888615,104
5255000,21120.00000246771,-519816.6756646023,300.28184902938375,1.0247894810412939,104
5260000,21140.000002471785,-519066.8338349436,299.8426249092019,1.0260227706057141,104
5265000,21160.00000247586,-519394.36557083996,300.4708968452586,1.0258326367199098,104
5270000,21180.000002479934,-518229.45989661803,303.8026403757538,1.022670334323027,104
5275000,21200.00000248401,-520210.3335885515,300.71452293988716,1.029395029588769,104
5280000,21220.000002488083,-519589.123408471,301.19099627410003,1.0235722239980152,104
5285000,21240.000002492157,-517629.20693734614,303.62349877138604,1.0259744828871358,104
5290000,21260.000002496232,-520050.4393283562,301.19030996552715,1.0311838264492754,104
5295000,21280.000002500306,-518369.18313757307,300.7971388550591,1.0259973077522533,104
5300000,21300.00000250438,-519158.15928245685,300.3357566274794,1.026347005587249,104
5305000,21320.000002508456,-518996.543185357,300.0149620176344,1.0218990760081252,104
5310000,21340.00000251253,-519670.6747358162,302.34053862983353,1.0256258346013472,104
5315000,21360.000002516605,-519160.9840018868,299.2723654818054,1.0241030390601675,104
5320000,21380.00000252068,-518236.7106774221,301.84007583570747,1.0219910174284283,104
5325000,21400.000002524754,-519225.83103283355,298.9832779432925,1.0223524585542283,104
5330000,21420.00000252883,-519615.2461754482,301.90092432182547,1.0253698061898568,104
5335000,21440.000002532903,-519007.8594276721,303.4942886478291,1.027541220388963,104
5340000,21460.000002536977,-519358.86362607544,298.13558680557014,1.025370040280208,104
5345000,21480.00000254105,-517628.10309113096,303.4468763558075,1.0198868879923566,104
5350000,21500.000002545126,-519768.0596019316,303.13115051354697,1.0255223074122595,104
5355000,21520.0000025492,-519256.9213396881,301.14547454606907,1.0269871162506097,104
5360000,21540.000002553275,-519836.9458192489,304.37653197170164,1.0243112574778341,104
5365000,21560.00000255735,-518454.32629971416,302.5056031852339,1.0233986297706872,104
5370000,21580.000002561424,-518969.9940607152,302.5665630380495,1.0226796829681897,104
5375000,21600.0000025655,-519397.17090110993,299.9017879408467,1.0211403641097363,104
5380000,21620.000002569574,-518814.3428051113,300.7338660333998,1.023737051289441,104
5385000,21640.000002573648,-520415.4997611344,300.45826917715004,1.0283175842390544,104
5390000,21660.000002577723,-518737.0262148634,299.82940176478326,1.0239618320980026,104
5395000,21680.000002581797,-518699.4339367768,302.14330163125237,1.0196493864117546,104
5400000,21700.00000258587,-518176.66149970633,303.15677210238164,1.025168841291551,104
5405000,21720.000002589946,-518725.6323984158,299.8412068331547,1.0274270073261536,104
5410000,21740.00000259402,-519894.4546961684,301.8326478638226,1.0248452810011768,104
5415000,21760.000002598095,-519594.1446546053,303.54123799246,1.0279496311218594,104
5420000,21780.00000260217,-517758.16742036,301.41908150411774,1.0284418644112343,104
5425000,21800.000002606244,-519858.71748480946,299.21418931190925,1.0286452104445623,104
5430000,21820.00000261032,-519298.5104192777,301.14661612005466,1.0249539297326478,104
5435000,21840.000002614393,-519995.5357784848,303.6115480007565,1.0293446505387016,104
5440000,21860.000002618468,-520158.2098844517,298.04811110131925,1.023866583064952,104
5445000,21880.000002622543,-519625.5725297092,301.66531693607004,1.0268271143281087,104
5450000,21900.000002626617,-520562.2112727291,300.6832638544966,1.026759068592979,104
5455000,21920.00000263069,-518697.5824479379,302.5588071537306,1.0245396327554628,104
5460000,21940.000002634766,-518495.3730948854,300.587936993787,1.026962635037634,104
5465000,21960.00000263884,-519506.3888297449,301.367837291531,1.0215303537561555,104
5470000,21980.000002642915,-518342.30914567085,301.2864590031096,1.0249353365200886,104
5475000,22000.00000264699,-519997.0511451892,300.71813168397404,1.0250620174450482,104
5480000,22020.000002651064,-519420.9105839173,302.98508340719786,1.0229088538348392,104
5485000,22040.00000265514,-518216.6226033992,303.0600418891203,1.0238991392142496,104
5490000,22060.000002659213,-519315.86146064755,301.686017128479,1.0247975579403457,104
5495000,22080.000002663288,-518666.0883561489,300.47569905553877,1.0251409798846538,104
5500000,22100.000002667362,-519265.0249149052,298.4255051193273,1.021666404044208,104
5505000,22120.000002671437,-519658.5861354626,304.1576508033946,1.0253294704823541,104
5510000,22140.00000267551,-517865.96704532066,299.3644647853698,1.0216348532783732,104
5515000,22160.000002679586,-519821.0846458487,299.39121034257704,1.023494368063377,104
5520000,22180.00000268366,-519174.6935991745,303.48128227569003,1.027446996697747,104
5525000,22200.000002687735,-520630.385648245,300.5874563687302,1.025290346382487,104
5530000,22220.00000269181,-520152.3346262716,303.621373533157,1.0257853460420476,104
5535000,22240.000002695884,-519740.16235707793,299.3436316401071,1.0243420642753198,104
5540000,22260.00000269996,-519180.94845979917,302.1871864520123,1.0249155489014925,104
5545000,22280.000002704033,-519335.7428892001,298.8712499871008,1.0245945541689854,104
5550000,22300.000002708108,-518826.0745769923,300.8448339907691,1.0228501028589034,104
5555000,22320.000002712182,-518984.5483197074,299.68216338026934,1.0270003757701571,104
5560000,22340.000002716257,-520010.6760366566,299.95081854888446,1.0266740763116728,104
5565000,22360.00000272033,-518741.7662547387,299.3978759559302,1.0230431999565697,104
5570000,22380.000002724406,-520509.52729248884,298.86064081455015,1.0295276277660728,104
5575000,22400.00000272848,-518626.1073870468,302.09021876856394,1.0249356150753026,104
5580000,22420.000002732555,-518792.2795403707,302.17037722610905,1.026954541147594,104
5585000,22440.00000273663,-519548.0245394008,300.65363514046203,1.023797449817645,104
5590000,22460.000002740704,-520066.1377772731,300.5401298316507,1.0305010814367452,104
5595000,22480.00000274478,-518952.14543873747,302.8214001613792,1.0249299300122885,104
5600000,22500.000002748853,-519935.7242038923,301.0585184783411,1.0255378849624286,104
5605000,22520.000002752928,-519600.59825690766,302.6359423765096,1.0296698805246796,104
5610000,22540.000002757002,-521106.1466021589,299.0613101277266,1.0316601437650619,104
5615000,22560.000002761077,-517960.9325809246,303.70010808820894,1.0256747474561165,104
5620000,22580.00000276515,-520024.5843508942,302.4828998383868,1.033546963535401,104
5625000,22600.000002769226,-520025.5889182333,297.6632505177873,1.0261139014641503,104
5630000,22620.0000027733,-520402.54623288475,300.24220168621457,1.0290748559025893,104
5635000,22640.000002777375,-519205.66187518486,297.3048122727019,1.0276549298484667,104
5640000,22660.00000278145,-520085.35021174303,298.05840815350433,1.025994860366161,104
5645000,22680.000002785524,-519037.79229169595,299.2180809946943,1.0255040153349044,104
5650000,22700.0000027896,-518742.5111230889,300.5201434882655,1.026062151931645,104
5655000,22720.000002793673,-520181.9901475017,300.810948480413,1.02321190857024,104
5660000,22740.000002797748,-520124.7741155508,301.733267692156,1.0214478118523076,104
5665000,22760.000002801822,-519491.2197731829,301.1020144236345,1.0234580488092737,104
5670000,22780.000002805897,-519228.24120588717,300.7195318849121,1.0280358372241232,104
5675000,22800.00000280997,-519518.55850986415,299.2957468249763,1.0297888421807737,104
5680000,22820.000002814046,-519837.1331597273,301.1690178486812,1.0252632962686226,104
5685000,22840.00000281812,-519912.2155496455,301.91222861655297,1.0261892321571786,104
5690000,22860.000002822195,-519655.68342261156,298.18188549793643,1.025881414155583,104
5695000,22880.00000282627,-519167.035574198,302.35898514586034,1.0254940973178068,104
5700000,22900.000002830344,-520088.03164687264,298.96317051118183,1.0255751066134418,104
5705000,22920.00000283442,-519591.3769271667,301.5685884241013,1.0253048204661912,104
5710000,22940.000002838493,-518914.2851086897,300.74483997484845,1.0231650385484057,104
5715000,22960.000002842567,-519472.6247718816,299.95964701327574,1.0259338622175698,104
5720000,22980.000002846642,-518396.4813378905,299.8129026584871,1.0249116353653909,104
5725000,23000.000002850717,-517931.0270400841,302.44056561921224,1.02408458904975,104
5730000,23020.00000285479,-519737.5068641724,299.5437678992089,1.0278831992268997,104
5735000,23040.000002858866,-520082.76118078455,302.6110398687005,1.0249715417544092,104
5740000,23060.00000286294,-520528.1670836448,301.3210431267914,1.0296817259871816,104
5745000,23080.000002867015,-519366.71455267724,301.66765636366443,1.0229802379928061,104
5750000,23100.00000287109,-520108.76200738386,299.61016843780607,1.0297926236839188,104
5755000,23120.000002875164,-517587.52965864004,299.0338567400592,1.0252620392055716,104
5760000,23140.00000287924,-518747.7819847348,301.88619067187244,1.0244783661853594,104
5765000,23160.000002883313,-520458.2025852867,299.52783674405464,1.0292097847327846,104
5770000,23180.000002887387,-518648.19889591495,299.20322418745457,1.022312603012723,104
5775000,23200.000002891462,-520383.2504681684,301.62815610987275,1.027720140229232,104
5780000,23220.000002895536,-519828.9814746578,302.00754410810345,1.0249907580478794,104
5785000,23240.00000289961,-519310.7763302573,301.90474131869297,1.0261988034977585,104
5790000,23260.000002903686,-519900.4566130873,302.9943716182974,1.030265735394825,104
5795000,23280.00000290776,-520531.152881698,300.02009294725417,1.0260530363396028,104
5800000,23300.000002911835,-518608.03766868636,301.21565077612024,1.0231722260894396,104
5805000,23320.00000291591,-519089.5472291494,301.3912202635691,1.0271776599973204,104
5810000,23340.000002919984,-519234.6208444007,299.03656622219256,1.0251908428894645,104
5815000,23360.00000292406,-520104.66255541146,299.95853253433273,1.024673920917706,104
5820000,23380.000002928133,-519459.46640138444,300.5130852198833,1.0251049754734638,104
5825000,23400.000002932207,-519763.8078318527,299.66579538321815,1.0274158410555978,104
5830000,23420.00000293628,-519344.20924606477,299.2971482854808,1.0233700880078962,104
5835000,23440.000002940356,-518944.8219311873,302.0073604221743,1.0219787287930242,104
5840000,23460.00000294443,-520344.2532679292,303.9071321179081,1.0279893857503373,104
5845000,23480.000002948505,-519535.91577192745,300.40903437653793,1.0306845179509985,104
5850000,23500.00000295258,-519301.70045855804,303.7677989129616,1.0258542490856797,104
5855000,23520.000002956654,-519754.12388979015,298.43929773414567,1.0291469220609917,104
5860000,23540.00000296073,-519898.40320388926,297.1031935668017,1.0233606048291013,104
5865000,23560.000002964804,-520174.8246591848,298.98900365318855,1.0284150068725617,104
5870000,23580.000002968878,-518815.3174574678,299.7016466670482,1.0250845100202843,104
5875000,23600.000002972953,-519621.6490854642,302.0970034957192,1.0248965175352192,104
5880000,23620.000002977027,-519093.5406608167,299.60062216607184,1.0267706965526842,104
5885000,23640.0000029811,-519328.4096907363,301.5415638561798,1.0241007254406165,104
5890000,23660.000002985176,-519500.33299001004,299.85716326301235,1.0259562328170637,104
5895000,23680.00000298925,-520704.1465605793,301.7645417013895,1.024354624998776,104
5900000,23700.000002993325,-518420.9569305163,302.1737148023095,1.027086784898439,104
5905000,23720.0000029974,-520000.02833313495,299.41904976043764,1.0257343604717253,104
5910000,23740.000003001474,-519172.2510108936,300.2466772234685,1.027021182382457,104
5915000,23760.00000300555,-519859.97437704727,301.1135426074898,1.0250622086012569,104
5920000,23780.000003009623,-520329.53130296967,300.55104774155836,1.0266738345747273,104
5925000,23800.000003013698,-518668.4190984459,302.6182619275304,1.0233536841172466,104
5930000,23820.000003017773,-520026.03615444223,301.3212483830739,1.0267139485987644,104
5935000,23840.000003021847,-518730.3229412548,300.6601421805186,1.0272999395148215,104
5940000,23860.00000302592,-520379.58178673266,304.2332022609237,1.032426502784691,104
5945000,23880.000003029996,-520168.5416067175,300.8292586256833,1.0278871760911439,104
5950000,23900.00000303407,-519316.2687817402,301.6509722844659,1.0227577551558795,104
5955000,23920.000003038145,-519761.2296262395,300.86481769183456,1.0250067652074524,104
5960000,23940.00000304222,-518897.8958381773,298.0978495643275,1.0268338226827718,104
5965000,23960.000003046294,-517843.44407588756,300.35685372141774,1.020032412988607,104
5970000,23980.00000305037,-519788.73278634297,302.0426162313954,1.0229448274188682,104
5975000,24000.000003054443,-518667.87268373324,300.6261056884401,1.0246576198261044,104
5980000,24020.000003058518,-519409.46447701263,303.57545420895985,1.0256521809678723,104
5985000,24040.000003062592,-518436.90376079315,301.73329263301275,1.0241447947822646,104
5990000,24060.000003066667,-519155.25044804346,300.181234818394,1.0230060402035757,104
5995000,24080.00000307074,-519417.0221238162,302.27370123669846,1.024051215150159,104
6000000,24100.000003074816,-519270.8654739596,300.7444123323356,1.024551311037844,104
6005000,24120.00000307889,-520380.624972397,301.5016436739705,1.024707385106716,104
6010000,24140.000003082965,-519444.38270247914,302.2442121543757,1.0253817612885396,104
6015000,24160.00000308704,-518799.63957156404,298.6352225227425,1.0269821470282374,104
6020000,24180.000003091114,-518241.28570521343,302.30137523816927,1.0281786536859,104
6025000,24200.00000309519,-518799.15729926643,299.02195509308734,1.0227466516614072,104
6030000,24220.000003099263,-519467.15949673904,300.7375978084376,1.0275956296496673,104
6035000,24240.000003103338,-519083.4099171213,301.5845551876647,1.0285234645102423,104
6040000,24260.000003107412,-519398.5939274961,302.42528713875043,1.0253740170678263,104
6045000,24280.000003111487,-518617.8401715185,299.2762946292217,1.0241624855555866,104
6050000,24300.00000311556,-519606.04275490344,301.95326477440733,1.0251755747040974,104
6055000,24320.000003119636,-517881.3680603029,301.32968852367134,1.0258849825402596,104
6060000,24340.00000312371,-518744.7458462622,300.45906596022087,1.0236241975861173,104
6065000,24360.000003127785,-520119.9193009415,300.487079968585,1.030359355791736,104
6070000,24380.00000313186,-519311.9243531963,300.20759559429104,1.027701796008909,104
6075000,24400.000003135934,-518753.88818188873,299.63990769649087,1.027129343045804,104
6080000,24420.00000314001,-519036.9544398426,297.81939450417843,1.0214971947971043,104
6085000,24440.000003144083,-520410.3533532552,301.4629340056484,1.0253903809949894,104
6090000,24460.000003148158,-518165.4959023376,305.04957381261175,1.025553475525761,104
6095000,24480.000003152232,-519941.26351434784,299.6050304749017,1.026317379334523,104
6100000,24500.000003156307,-519672.33723540744,302.3786440511689,1.0254696876046954,104
6105000,24520.00000316038,-519745.2032551011,301.2019416276927,1.026636108458495,104
6110000,24540.000003164456,-519657.5898360263,301.93087490698935,1.02453825638863,104
6115000,24560.00000316853,-519585.93537841085,297.9637097171127,1.0275597425215552,104
6120000,24580.000003172605,-518023.44443864306,298.84621933436347,1.0226589658842773,104
6125000,24600.00000317668,-520460.5195034004,299.6393896063418,1.024646913521614,104
6130000,24620.000003180754,-518768.1965127117,298.91504357905274,1.0242109711206837,104
6135000,24640.00000318483,-520462.6471270004,303.67932144132027,1.0281717043811403,104
6140000,24660.000003188903,-519180.96727985004,299.8528676609181,1.0285991162749424,104
6145000,24680.000003192978,-519448.361541749,299.1949560546644,1.0248064441155844,104
6150000,24700.000003197052,-519422.04247061745,301.46047690437337,1.0282876290425191,104
6155000,24720.000003201127,-519981.20041533094,299.681186834384,1.0276229461468667,104
6160000,24740.0000032052,-519115.4304091395,300.0594718877304,1.021693885960637,104
6165000,24760.000003209276,-519418.5511829057,301.04738237248586,1.0267762632414463,104
6170000,24780.00000321335,-520177.9577647231,302.63152493040275,1.0312119239403708,104
6175000,24800.000003217425,-518903.86516809533,300.8351889217819,1.0212872132478832,104
6180000,24820.0000032215,-520958.68903070735,303.303683994055,1.027056885795766,104
6185000,24840.000003225574,-519703.0589222312,300.9592120425979,1.0230373463045965,104
6190000,24860.00000322965,-519148.90147522,299.7277561217272,1.0249931070135463,104
6195000,24880.000003233723,-518842.2035506347,299.1564207122574,1.025245430947441,104
6200000,24900.000003237798,-519746.7886323475,302.39523035956375,1.0227124376721701,104
6205000,24920.000003241872,-519108.7572941212,299.8092629672617,1.0248873497962427,104
6210000,24940.000003245947,-519796.88471575757,299.8319859629749,1.022162377222459,104
6215000,24960.00000325002,-518744.6926714007,298.2951383536534,1.0285359146022208,104
6220000,24980.000003254096,-518693.05010050116,298.0573213908015,1.0234564426523596,104
6225000,25000.00000325817,-520653.3346800809,302.1457683993342,1.0286809645097088,104
6230000,25020.000003262245,-520687.57665515086,299.8509132199682,1.0310208185719354,104
6235000,25040.00000326632,-518385.4024908787,300.5571852025336,1.0287794233719705,104
6240000,25060.000003270394,-519516.9868350418,301.185256602223,1.023518916185207,104
6190000,24860.00000322965,-519389.7094355989,300.5018357214261,1.0285292933695969,--
6195000,24880.000003233723,-518767.36033051764,299.55146639878393,1.0259959571752835,106
6200000,24900.000003237798,-518722.00779334526,302.44959255930394,1.0281147467567655,105
6205000,24920.000003241872,-519548.0499962864,299.7836880035922,1.0238954834610283,105
6210000,24940.000003245947,-519834.60092624347,300.9965380342197,1.0264529454458897,105
6215000,24960.00000325002,-518789.47187351924,300.4469125228332,1.0230161822245505,105
6220000,24980.000003254096,-519841.489287758,299.2511751273928,1.0257954161641827,105
6225000,25000.00000325817,-519138.2923701389,303.378008722671,1.0253616446363063,105
6230000,25020.000003262245,-518037.92308745836,301.5569790677257,1.0250885247765245,105
6235000,25040.00000326632,-518189.33514842833,305.5575547845737,1.0275003899421449,105
6240000,25060.000003270394,-518897.2814316449,299.24997064262965,1.025706767003061,105
6245000,25080.00000327447,-518793.9732462319,299.87206287701815,1.0247992973270308,104
6250000,25100.000003278543,-519300.54409088194,301.6658374736452,1.0245018401195598,104
6255000,25120.000003282617,-519659.90018935245,302.49718137615673,1.0239347678309962,104
6260000,25140.000003286692,-519262.13484167354,303.5500491330337,1.0260259413112867,104
6265000,25160.000003290766,-518531.97766252956,299.11705444336746,1.0193347099718721,104
6270000,25180.00000329484,-518642.4424653007,300.1140733411936,1.023968958380037,104
6275000,25200.000003298916,-519985.50182700437,302.52826575750134,1.028080809461669,104
6280000,25220.00000330299,-520353.85948129557,301.5836805945298,1.0255933009570743,104
6285000,25240.000003307065,-520004.77071909653,299.39253759068595,1.0284491233480757,104
6290000,25260.00000331114,-519372.0726957137,301.526599058015,1.025311377093541,104
6295000,25280.000003315214,-520054.49082169915,301.5175187935672,1.0240929319115275,104
6300000,25300.00000331929,-519847.07524772245,300.4612134404882,1.0276395055967475,104
6305000,25320.000003323363,-519425.6695409375,300.6004157671705,1.0261814345305047,104
6310000,25340.000003327437,-519466.73106931243,302.3743366300399,1.0227449182691943,104
6315000,25360.000003331512,-518514.4277043396,299.6071468637013,1.0268057188914572,104
6320000,25380.000003335586,-518741.4689697139,302.8071119353673,1.0242186300924494,104
6325000,25400.00000333966,-519426.4692074049,302.6482734777015,1.0219071286042185,104
6330000,25420.000003343735,-518882.0036194322,302.90584069994503,1.0257165414691243,104
6335000,25440.00000334781,-519220.09860243695,300.67108139850905,1.0244564304379782,104
6340000,25460.000003351885,-518858.47777916025,301.03246874173146,1.0253404332448421,104
6345000,25480.00000335596,-519362.9973810646,299.3029343184528,1.0251631320155699,104
6350000,25500.000003360034,-518483.55388956796,300.174465705463,1.0218917986919482,104
6355000,25520.000003364108,-519075.5464823162,298.18187359653774,1.0220824398297956,104
6360000,25540.000003368183,-520649.39577373816,299.92474014896897,1.0257610431453459,104
6365000,25560.000003372257,-519187.52606397425,302.7873703213698,1.024209831361909,104
6370000,25580.00000337633,-519351.4682698862,301.82136228571034,1.0253676832987952,104
6375000,25600.000003380406,-518125.72943479824,300.9516437965768,1.0262022746344994,104
6380000,25620.00000338448,-518749.91465807613,299.9357533860807,1.0263425273997033,104
6385000,25640.000003388555,-518426.04002748453,299.958293817943,1.025209482563118,104
6390000,25660.00000339263,-519073.779043247,299.4287405410852,1.0241351250340751,104
6395000,25680.000003396704,-519289.7630360334,300.7172652318443,1.0251418042537719,104
6400000,25700.00000340078,-519332.7061771974,300.71365747806186,1.0258774564962427,104
6405000,25720.000003404853,-519093.17827941454,303.8787337885758,1.0241024769428326,104
6410000,25740.000003408928,-519274.49566698144,300.02860105901016,1.0256101992178241,104
6415000,25760.000003413003,-519986.1683727009,303.57436291955497,1.0253135622502108,104
6420000,25780.000003417077,-518907.8200439359,302.50800737514356,1.0223493001400255,104
6425000,25800.00000342115,-518907.69931937754,301.5009717021841,1.0227761314025063,104
6430000,25820.000003425226,-519306.6569347363,301.9750670843449,1.0254101069711006,104
6435000,25840.0000034293,-520165.5234115147,298.7690656089136,1.029604956075463,104
6440000,25860.000003433375,-519111.83070283197,299.70318750445216,1.0312744653942136,104
6445000,25880.00000343745,-518092.5019948918,301.1850155379449,1.0271482989431218,104
6450000,25900.000003441524,-519224.8262099719,303.3723617261068,1.0276269850961093,104
6455000,25920.0000034456,-521321.580188049,299.4897851713641,1.0285957110872155,104
6460000,25940.000003449673,-519546.4365505227,301.3354316413357,1.0286864819131551,104
6465000,25960.000003453748,-518875.1985480932,301.0364838971748,1.0275559406886403,104
6470000,25980.000003457822,-519663.4090260982,301.9135725411992,1.0247144536495585,104
6475000,26000.000003461897,-518406.40724633774,299.65231129099493,1.0245689559106874,104
6480000,26020.00000346597,-519230.71864798875,300.1087146375338,1.0268699507855925,104
6485000,26040.000003470046,-519557.6129590289,300.7478755549329,1.027543468439912,104
6490000,26060.00000347412,-518628.1139921646,297.32206883720335,1.0258533895566058,104
6495000,26080.000003478195,-519180.08493268536,300.6523403640617,1.0236965608471618,104
6500000,26100.00000348227,-519571.1240273102,299.82211018314797,1.0246068788547267,104
6505000,26120.000003486344,-519478.09653825616,303.28499203681446,1.031838731363323,104
6510000,26140.00000349042,-520142.9652958235,300.7131245704302,1.0298652910082136,104
6515000,26160.000003494493,-519477.38201462384,298.49106748491255,1.0263622026795343,104
6520000,26180.000003498568,-519717.3735765212,300.57394126559234,1.0265908719448675,104
6525000,26200.000003502642,-520471.99724273314,299.74775704209566,1.0298409836436195,104
6530000,26220.000003506717,-518759.73936678073,305.1804986404975,1.0255833917873816,104
6535000,26240.00000351079,-519997.7282941856,300.7888145600954,1.0289619745168044,104
6540000,26260.000003514866,-519395.48088721815,304.0712408018243,1.02354377117506,104
6545000,26280.00000351894,-519635.81265244633,301.700454103567,1.0270940081052882,104
6550000,26300.000003523015,-518848.2170075141,298.4080364715071,1.02443460579862,104
6555000,26320.00000352709,-519437.5084947343,301.2105437418747,1.0213886397494538,104
6560000,26340.000003531164,-519756.52405043505,300.7585855216968,1.0273520366592415,104
6565000,26360.00000353524,-519145.2342170309,301.23851845115985,1.0239142062438287,104
6570000,26380.000003539313,-519642.45695527224,302.0144056278333,1.0268705117192733,104
6575000,26400.000003543388,-519045.61002194905,299.54909122335266,1.0238725159929787,104
6580000,26420.000003547462,-518533.0521896931,298.3425968632067,1.0243462373642749,104
6585000,26440.000003551537,-516669.78620309127,302.13127841869607,1.0208598846949544,104
6590000,26460.00000355561,-519847.654499918,300.85109456382446,1.024431419335585,104
6595000,26480.000003559686,-519151.24533189274,300.75191174906837,1.0285240096835875,104
6600000,26500.00000356376,-518568.244885226,302.17836837340457,1.023938396399701,104
6605000,26520.000003567835,-519140.1079128457,298.4538268097332,1.0260638357584284,104
6610000,26540.00000357191,-519779.6487309907,303.44994850418544,1.0282273210789012,104
6615000,26560.000003575984,-517991.9694502377,300.6687492107365,1.0224968946456157,104
6620000,26580.00000358006,-518588.7453218505,301.3353566051609,1.0261075021936519,104
6625000,26600.000003584133,-519451.26135155605,300.62074900993656,1.0234556866057456,104
6630000,26620.000003588208,-519501.95429820823,297.9929079515686,1.0251578982269827,104
6635000,26640.000003592282,-519619.15022601467,300.09933508583276,1.0245970590845135,104
6640000,26660.000003596357,-519994.96158029116,301.83691996948505,1.0238113263778919,104
6645000,26680.00000360043,-520359.94197017536,301.87100365790644,1.0292258979962814,104
6650000,26700.000003604506,-518556.0810256151,300.8252232811042,1.0254776192619433,104
6655000,26720.00000360858,-519451.54210509383,301.24602057762314,1.0256544345488643,104
6660000,26740.000003612655,-519159.68221453065,299.8338695361701,1.0247627419908925,104
6665000,26760.00000361673,-519310.6804819701,301.7129640972183,1.0233864917423083,104
6670000,26780.000003620804,-520795.19096675585,298.2646968470136,1.0266709643465508,104
6675000,26800.00000362488,-519632.6331169768,298.10282149198457,1.0221249908032688,104
6680000,26820.000003628953,-519938.0219446444,302.38245987405656,1.028343633756542,104
6685000,26840.000003633028,-518396.29830608796,302.33724269501454,1.0237227809217568,104
6690000,26860.000003637102,-518256.50313650165,302.65094708700366,1.022026361123014,104
6695000,26880.000003641177,-519285.33768176637,298.98101979362224,1.0274759650164746,104
6700000,26900.00000364525,-519420.20404226286,299.04680084075744,1.0284532214162638,104
6705000,26920.000003649326,-519282.03509557387,301.1602055408726,1.0279276961834696,104
6710000,26940.0000036534,-519376.5781393652,298.8343996757122,1.0271489227178565,104
6715000,26960.000003657475,-519143.7028954257,299.27179128797354,1.0292936754266304,104
6720000,26980.00000366155,-518558.6614855663,301.0230760092815,1.0248826986974444,104
6725000,27000.000003665624,-520074.1405432732,299.9826291962992,1.0303347973560153,104
6730000,27020.0000036697,-519530.7927391317,299.41844767795277,1.028787044193605,104
6735000,27040.000003673773,-521545.50221258984,301.1761219203267,1.0322062255598305,104
6740000,27060.000003677847,-517874.2150647382,301.96021063047846,1.0251032861572547,104
6745000,27080.000003681922,-517873.6410106127,300.6841370223602,1.0268233189368752,104
6750000,27100.000003685996,-520013.3487844656,300.6063997342312,1.0277600020062223,104
6755000,27120.00000369007,-519567.09873175574,302.74101028409996,1.0280797847821308,104
6760000,27140.000003694146,-520469.755405582,299.80310788989885,1.0253250777785918,104
6765000,27160.00000369822,-520166.3010359402,302.95711061243196,1.0277345730525393,104
6770000,27180.000003702295,-517897.8546927138,299.3454943241291,1.0256235240836165,104
6775000,27200.00000370637,-519892.6874038954,302.95341959195,1.023333492775685,104
6780000,27220.000003710444,-521148.79163516243,300.39804779873367,1.0272939314204188,104
6785000,27240.00000371452,-519958.2842013845,299.846049193924,1.024050811617713,104
6790000,27260.000003718593,-520213.1902303661,305.28546556926136,1.0260599197388742,104
6795000,27280.000003722667,-520502.94551459304,303.5749064718945,1.0259484489897968,104
6800000,27300.000003726742,-518665.91278236266,298.4678710372356,1.0254629108416697,104
6805000,27320.000003730816,-518830.0769182141,301.2052776122252,1.0241005649657626,104
6810000,27340.00000373489,-520434.89905418665,300.99179479468137,1.0314065301268487,104
6815000,27360.000003738965,-519121.37211686466,302.66388311491977,1.0222788557780944,104
6820000,27380.00000374304,-518296.6111610199,299.8124400927103,1.025194009456269,104
6825000,27400.000003747115,-518891.22632786096,302.29841738703016,1.0230475090751514,104
6830000,27420.00000375119,-519982.7788505645,301.78646894765575,1.0234842788444465,104
6835000,27440.000003755264,-519766.6970198776,302.6537419887215,1.0253872141916403,104
6840000,27460.000003759338,-518188.40638169926,301.85056530336124,1.024524425573924,104
6845000,27480.000003763413,-519634.94512804085,300.5942728613273,1.028699769197297,104
6850000,27500.000003767487,-519037.1576163536,299.36313677604716,1.0245549451120424,104
6855000,27520.00000377156,-518876.476744347,301.8972375652239,1.0284677056455225,104
6860000,27540.000003775636,-519527.9265741331,301.09074235753,1.023677909911765,104
6865000,27560.00000377971,-519488.2257129003,300.23874723879453,1.0244132608463767,104
6870000,27580.000003783785,-518418.1664562349,299.40007637929244,1.022572151793018,104
6875000,27600.00000378786,-519281.33060886525,303.25677423488037,1.0281590854695646,104
6880000,27620.000003791934,-520285.76704523806,301.3732212027924,1.030078100652683,104
6885000,27640.00000379601,-518675.4016015108,304.1920251226794,1.0260596777285955,104
6890000,27660.000003800084,-518366.73230645317,299.4521921199933,1.026937780524242,104
6895000,27680.000003804158,-518716.0583728389,303.10083227767774,1.025051924584279,104
6900000,27700.000003808233,-520647.40189255937,299.5844859924723,1.0321055041872507,104
6905000,27720.000003812307,-518888.7622272945,301.23866168939475,1.02370338999038,104
6910000,27740.00000381638,-518085.2240007648,301.2648905189848,1.0259637420039627,104
6915000,27760.000003820456,-518719.1721060206,298.941018225269,1.0276302713086287,104
6920000,27780.00000382453,-518864.49869924993,300.3824384337868,1.0244942636394045,104
6925000,27800.000003828605,-519072.89256261266,301.39257012338237,1.0236457346398902,104
6930000,27820.00000383268,-519951.9235699859,298.3852172153916,1.0312305911436028,104
6935000,27840.000003836754,-519457.126636276,301.36875137966615,1.0238935481198959,104
6940000,27860.00000384083,-518978.7518317702,300.13907975017304,1.0251145070402308,104
6945000,27880.000003844903,-519796.31235433766,301.5490687664802,1.027775289550244,104
6950000,27900.000003848978,-518715.5308027463,300.7682016374863,1.0250580037390657,104
6955000,27920.000003853052,-519070.73266722285,300.75294850888906,1.0266484755643464,104
6960000,27940.000003857127,-519537.99245161144,300.1196978258013,1.0230623332334925,104
6965000,27960.0000038612,-519584.5381951337,302.6111864368903,1.0261036552030227,104
6970000,27980.000003865276,-520229.10242886865,300.01296195732425,1.027202914358656,104
6975000,28000.00000386935,-518288.73523180257,299.78711220112,1.024939503575384,104
6980000,28020.000003873425,-518820.0836483985,299.5840233382456,1.0290728120157684,104
6985000,28040.0000038775,-518530.21120474674,297.96844050886125,1.0223658094694956,104
6990000,28060.000003881574,-518895.6888460254,299.56957874225424,1.0251483580230678,104
6995000,28080.00000388565,-519314.01444239356,301.1800426113832,1.0223124478128742,104
7000000,28100.000003889723,-517971.44767699856,301.58053012601795,1.0232904802854945,104
7005000,28120.000003893798,-519863.8466559395,303.0283732383657,1.0205588799961192,104
7010000,28140.000003897872,-520167.3418032725,301.1530166029273,1.0282054978095354,104
7015000,28160.000003901947,-519027.494568306,299.93600382633724,1.0219507201636266,104
7020000,28180.00000390602,-519452.83538152184,301.03318852397325,1.0250720803945406,104
7025000,28200.000003910096,-519720.56992654735,300.4078595413803,1.0289801817987334,104
7030000,28220.00000391417,-520488.06150274584,304.03527890744067,1.0259365920850247,104
7035000,28240.000003918245,-519578.25950355595,301.3048528114254,1.0273988291159395,104
7040000,28260.00000392232,-518295.36688693496,301.8846610235433,1.0215952981004979,104
7045000,28280.000003926394,-519290.3619910921,300.65368165969636,1.0262973543847669,104
7050000,28300.00000393047,-520091.28697777423,300.8897265625351,1.0266626932147558,104
7055000,28320.000003934543,-519952.3597846972,300.0013699250187,1.0295410759785588,104
7060000,28340.000003938618,-520671.2134036869,301.32666565105427,1.0292518097343317,104
7065000,28360.000003942692,-518862.45856808615,300.8240541927591,1.0260691530130819,104
7070000,28380.000003946767,-518163.30779878027,304.17312106369917,1.0254426388978024,104
7075000,28400.00000395084,-519585.28262437857,299.5766346601765,1.0227385274229994,104
7080000,28420.000003954916,-519318.9106160118,299.9619337164401,1.025063209751253,104
7085000,28440.00000395899,-519808.7109536105,300.74370406131663,1.0289896001004295,104
7090000,28460.000003963065,-519873.9076235234,299.3962165665085,1.0290456586142294,104
7095000,28480.00000396714,-520930.8514177876,302.1570395518209,1.0264788791698711,104
7100000,28500.000003971214,-518504.35297125415,302.3331041221809,1.0264429863750424,104
7105000,28520.00000397529,-518878.05145260645,300.7717912210073,1.0255254849925615,104
7110000,28540.000003979363,-519271.1355745327,300.2343115070563,1.0237968879464785,104
7115000,28560.000003983438,-519685.8862683305,301.1244679535222,1.0276477485462043,104
7120000,28580.000003987512,-518540.7607151319,299.9507023334768,1.0272181166561984,104
7125000,28600.000003991587,-518599.24786435394,301.48578736375384,1.0248165973976309,104
7130000,28620.00000399566,-519010.22955454746,301.9912699422385,1.0279283066857579,104
7135000,28640.000003999736,-520493.02659072285,301.40568538164183,1.0284151510152244,104
7140000,28660.00000400381,-517560.72888754215,299.89418387894193,1.0258142559890737,104
7145000,28680.000004007885,-519427.4202752707,300.4242474100498,1.0277428983967145,104
7150000,28700.00000401196,-518686.80207580165,300.69586113877693,1.0261486784068665,104
7155000,28720.000004016034,-519397.4387268508,299.19282522028635,1.022160395888552,104
7160000,28740.00000402011,-519957.69706943934,298.8303753749102,1.0268890939049158,104
7165000,28760.000004024183,-519444.0425294023,299.7282991705533,1.0254644724206652,104
7170000,28780.000004028258,-519871.2293827939,300.15269387040297,1.0252514002281323,104
7175000,28800.000004032332,-519975.3556645971,301.321296435904,1.0180757007277057,104
7180000,28820.000004036407,-519450.12415161123,303.82217299978873,1.0237112625167948,104
7185000,28840.00000404048,-518830.19169073924,301.89194354990036,1.022573337032202,104
7190000,28860.000004044556,-519926.27857230883,300.7877709793779,1.0270049740150387,104
7195000,28880.00000404863,-519610.8532934657,302.53652635734477,1.0295087267885155,104
7200000,28900.000004052705,-519675.3970247661,300.87935034546024,1.026699873192562,104
7205000,28920.00000405678,-519489.88533088984,299.29320050883604,1.0228208967622898,104
7210000,28940.000004060854,-519456.1340373715,300.108014292248,1.0300874743470085,104
7215000,28960.00000406493,-518534.00182026974,301.4128715064699,1.0232239495477888,104
7220000,28980.000004069003,-519761.32353856764,299.6651132719052,1.0239842137122852,104
7225000,29000.000004073077,-519319.6502920389,301.4105526651416,1.0313879560534789,104
7230000,29020.000004077152,-519302.1721303798,300.90452964962583,1.028377863534119,104
7235000,29040.000004081227,-519519.49415970524,300.90134308453526,1.0246645259197165,104
7240000,29060.0000040853,-519699.6059995352,301.9350160731558,1.0261669007674186,104
7245000,29080.000004089376,-520675.3740314045,299.36449784812,1.0272743744370498,104
7250000,29100.00000409345,-519329.25920392387,297.47852441267383,1.027718722770064,104
7255000,29120.000004097525,-519368.8066723191,300.94663351830025,1.0274837942006445,104
7260000,29140.0000041016,-518853.97401909204,301.25685127396986,1.0252347340516208,104
7265000,29160.000004105674,-518916.41077128355,300.68915791820723,1.028222018693052,104
7270000,29180.00000410975,-519407.64212509943,302.44393227097163,1.0236638521874566,104
7275000,29200.000004113823,-517474.4202455871,302.89889729307845,1.0213919188639444,104
7280000,29220.000004117897,-518437.2791035655,300.6474323653757,1.0229985474299867,104
7285000,29240.000004121972,-519337.95432133623,301.23655448617785,1.0274503878342263,104
7290000,29260.000004126046,-519593.5741000746,299.9394374323119,1.0214448672755116,104
7295000,29280.00000413012,-519233.4740608372,297.7784000619659,1.0264054818136699,104
7300000,29300.000004134195,-518611.15886124945,302.25930792841706,1.0241294062983646,104
7305000,29320.00000413827,-519283.5140257289,302.75507376859844,1.0235984508839113,104
7310000,29340.000004142345,-518055.8768818602,300.77625175829826,1.0222454668924128,104
7315000,29360.00000414642,-519943.7630449801,300.2523307836166,1.0327995478483991,104
7320000,29380.000004150494,-518478.6948622656,301.3356556309802,1.0254535716636193,104
7325000,29400.000004154568,-520179.9013911502,302.61352733849907,1.0296649723988462,104
7330000,29420.000004158643,-519185.7275472423,298.54564618674874,1.0254569157248177,104
7335000,29440.000004162717,-519081.0062648258,300.90690060663354,1.0270669745833776,104
7340000,29460.00000416679,-519364.03040619125,302.06274732253564,1.0259727697946186,104
7345000,29480.000004170866,-518612.65331462794,302.0324069271353,1.0251736558201705,104
7350000,29500.00000417494,-520274.78683355916,300.49650039629785,1.0296903732011582,104
7355000,29520.000004179015,-519658.07357110153,302.20780871155114,1.0239458592956057,104
7360000,29540.00000418309,-518543.5616116305,299.8727660325396,1.0255148599578932,104
7365000,29560.000004187164,-519964.75983267603,300.24658806220174,1.029296040294702,104
7370000,29580.00000419124,-519663.3437167334,299.1622869951844,1.0217992848635313,104
7375000,29600.000004195314,-519637.8214901695,300.14196130835865,1.0239164297550518,104
7380000,29620.000004199388,-520263.79501177906,305.5910812898742,1.0299820807346005,104
7385000,29640.000004203463,-519123.84310752084,303.0502861470364,1.0306363606572115,104
7390000,29660.000004207537,-518285.3157234995,301.62303876740685,1.0217350738312658,104
7395000,29680.00000421161,-519890.6618372542,300.14933200750323,1.0249727931334656,104
7400000,29700.000004215686,-518302.20520005235,302.20946183565763,1.0269575245898632,104
7405000,29720.00000421976,-519455.3850747701,298.759690537442,1.0239666998720112,104
7410000,29740.000004223835,-520052.73686909466,300.9821279667209,1.0260676472958574,104
7415000,29760.00000422791,-519405.7105446418,300.9783831579999,1.0267691025653072,104
7420000,29780.000004231984,-520175.2267211953,301.7671413150063,1.0234635337419173,104
7425000,29800.00000423606,-518752.315123779,300.43053631101424,1.0239673337168824,104
7430000,29820.000004240133,-519913.570337645,303.7539535330294,1.0219473834087864,104
7435000,29840.000004244208,-520394.29452581867,301.7787591671704,1.0281303403750663,104
7440000,29860.000004248282,-519810.19478159724,302.1021656391908,1.0290172179267814,104
7445000,29880.000004252357,-519750.57249197783,299.8337759650171,1.0247664624813209,104
7450000,29900.00000425643,-519655.20805394603,299.0332108094082,1.0255679119037127,104
7455000,29920.000004260506,-519964.19039248466,299.83582168301547,1.0268261626138462,104
7460000,29940.00000426458,-520131.3335414198,301.26176225585994,1.02851523183046,104
7465000,29960.000004268655,-519206.216648235,304.10206499023997,1.0257412187764716,104
7470000,29980.00000427273,-519253.00584997097,298.3632715142412,1.022647550829988,104
7475000,30000.000004276804,-520187.0762030862,300.95207187534254,1.0264379491791564,104
7480000,30020.00000428088,-519218.82319254125,303.20014927789083,1.0269324217417037,104
7485000,30040.000004284953,-519090.8034408807,301.898404779487,1.0277690113506432,104
7490000,30060.000004289028,-519397.25393345,300.20536006808135,1.0241587909984804,104
7495000,30080.000004293102,-519608.69818143686,301.34406221929675,1.0226910580106134,104
7500000,30100.000004297177,-518660.53922069934,299.0170353828367,1.02760723115812,104
7505000,30120.00000430125,-517843.81728316285,300.03724448887505,1.023494123290128,104
7510000,30140.000004305326,-520636.5822490393,302.1330548173508,1.0327197996468997,104
7515000,30160.0000043094,-519609.99176629004,301.276958122104,1.027952451224868,104
7520000,30180.000004313475,-519780.57303100894,302.0209050893652,1.0300692255318744,104
7525000,30200.00000431755,-518642.6184952145,301.80311341230436,1.0216463298597511,104
7530000,30220.000004321624,-519374.09164532204,299.492473574617,1.0258483131731961,104
7535000,30240.0000043257,-518648.8553057199,302.43931549249896,1.0220087556298327,104
7540000,30260.000004329773,-517672.9981573522,299.73186820673556,1.0251641882435278,104
7545000,30280.000004333848,-519057.28447960643,299.87116939062935,1.0281240914104213,104
7550000,30300.000004337922,-518631.9823674569,301.85387176542474,1.024714710231372,104
7555000,30320.000004341997,-520254.53296373086,302.4042895218402,1.0301014572495257,104
7560000,30340.00000434607,-520078.3076729772,303.4399744306764,1.0261879898289834,104
7565000,30360.000004350146,-518999.77955950587,301.0552449747362,1.0263591181874243,104
7570000,30380.00000435422,-519652.4588071725,301.9145630964469,1.0279255735455766,104
7575000,30400.000004358295,-518504.32894892385,299.1338287239511,1.0241775236426351,104
7580000,30420.00000436237,-520098.9358884527,301.02771065979977,1.0292858840523105,104
7585000,30440.000004366444,-519122.86128666485,300.8040625187938,1.0260643862399694,104
7590000,30460.00000437052,-518011.35376967234,298.3853819342706,1.0276449082272436,104
7595000,30480.000004374593,-518864.0705161691,298.2230663900767,1.026664268602973,104
7600000,30500.000004378668,-519178.0821475226,299.9372151024022,1.0233238982818487,104
7605000,30520.000004382742,-518458.7212105198,299.11054348320715,1.025294950809057,104
7610000,30540.000004386817,-519053.99687041715,301.7684734672829,1.026877449419073,104
7615000,30560.00000439089,-519219.62724659336,300.9227786165537,1.020919030702868,104
7620000,30580.000004394966,-518990.8496571295,299.91894591699605,1.0238169968778312,104
7625000,30600.00000439904,-519526.8758233583,300.52532521763334,1.0266903824778495,104
7630000,30620.000004403115,-520393.3739844267,299.94613702572275,1.031424677560482,104
7635000,30640.00000440719,-519084.2508123454,301.54636913283974,1.0246287487874377,104
7640000,30660.000004411264,-520305.3598863217,297.452733045707,1.027967544007066,104
7645000,30680.00000441534,-519088.53295446746,301.5838998930785,1.0251628755998674,104
7650000,30700.000004419413,-520248.3732367668,301.2819502819876,1.0268480874689547,104
7655000,30720.000004423488,-518614.7599625038,302.2234416189763,1.0244601416841101,104
7660000,30740.000004427562,-520095.5526965952,301.3269058746542,1.0248761408811504,104
7665000,30760.000004431637,-520484.3889421185,298.95147215364506,1.0228537445586965,104
7670000,30780.00000443571,-519249.0664713655,300.31358023102996,1.0249109980321391,104
7675000,30800.000004439786,-518584.104697407,300.3882702195782,1.0247395502056573,104
7680000,30820.00000444386,-519553.3967358812,301.8830719227914,1.0256566148260018,104
7685000,30840.000004447935,-518913.26924810326,303.28432844597563,1.0304149175272337,104
7690000,30860.00000445201,-519597.09093977674,301.63535031295436,1.0267208687854423,104
7695000,30880.000004456084,-518704.69861257053,298.29486405655103,1.0239985250575003,104
7700000,30900.00000446016,-519970.5110029853,299.6551653400986,1.024532185400194,104
7705000,30920.000004464233,-520002.14417418535,299.9429462791553,1.0307035557851285,104
7710000,30940.000004468307,-519880.2966960608,302.1654341592955,1.0278276761911136,104
7715000,30960.000004472382,-520651.6116529743,302.67032389054253,1.0263489435580215,104
7720000,30980.000004476457,-519272.71838197345,301.14930106123336,1.0305916118794736,104
7725000,31000.00000448053,-518982.27335090283,300.92841842929425,1.0301187960201428,104
7730000,31020.000004484606,-519686.27941004303,303.3400202999547,1.024425251357212,104
7735000,31040.00000448868,-518966.5291823072,300.1599171830059,1.0252376780888313,104
7740000,31060.000004492755,-519677.5533735517,300.82113899012086,1.0251318288588627,104
7745000,31080.00000449683,-518796.3520906004,299.06311666756284,1.0168843261375031,104
7750000,31100.000004500904,-519985.2729209976,299.206406459289,1.0308709785270131,104
7755000,31120.00000450498,-520156.22830044175,302.26105918397616,1.0256869573532006,104
7760000,31140.000004509053,-519789.1612673751,302.44527540400003,1.0273535177577215,104
7765000,31160.000004513127,-520244.49613505765,299.37734070128306,1.0252016643252513,104
7770000,31180.000004517202,-520511.36853927793,300.7012470464386,1.0280793434287345,104
7775000,31200.000004521276,-518689.9452269783,299.78341421648423,1.0243137620913976,104
7780000,31220.00000452535,-519188.0962686469,301.79429752201776,1.0251738296013562,104
7785000,31240.000004529425,-519331.1136827436,301.5348107252657,1.0247420741558184,104
7790000,31260.0000045335,-520318.94049137225,299.6908560963165,1.0260715499120165,104
7795000,31280.000004537575,-519838.637696601,301.43582824181186,1.02305044550477,104
7800000,31300.00000454165,-519455.25409455877,301.21687066990637,1.024012355407205,104
7805000,31320.000004545724,-519764.2472563756,298.42544393523025,1.0280810062931895,104
7755000,31120.00000450498,-520125.9750728642,300.9055292857747,1.0271747909993676,--
7760000,31140.000004509053,-520813.674887202,301.1648786559565,1.0263256185786556,104
7765000,31160.000004513127,-519256.24953959207,300.580039007162,1.0248650474724106,104
7770000,31180.000004517202,-520357.5463685896,297.20775636610045,1.0291257838089867,104
7775000,31200.000004521276,-519196.23399232957,304.3022756771152,1.0262931936002795,104
7780000,31220.00000452535,-518759.81376456143,303.0619671158648,1.0264591240710808,104
7785000,31240.000004529425,-520130.6595122379,301.1120246069346,1.027643247080997,104
7790000,31260.0000045335,-519774.60042799776,300.9612190313492,1.0290887171700274,103
7795000,31280.000004537575,-520804.5045207774,300.5651708002337,1.0273623557327247,103
7800000,31300.00000454165,-520694.56058317376,301.37151243017996,1.028762430909838,103
7805000,31320.000004545724,-519936.1135960496,302.44268857488447,1.0296647659423135,103
7810000,31340.000004549798,-519058.3908564246,299.16255204908674,1.02369367961881,103
7815000,31360.000004553873,-519515.61855084146,300.31921508063976,1.0246435570650385,103
7820000,31380.000004557947,-519287.5097638513,298.972241872836,1.0252229660116545,103
7825000,31400.00000456202,-518845.78903210326,303.3692091153865,1.0226166137279717,103
7830000,31420.000004566096,-518716.4861631582,302.92704570989616,1.0260254353802527,103
7835000,31440.00000457017,-520311.22717800364,301.346426026543,1.0254863136367647,103
7840000,31460.000004574245,-520035.8758242163,303.1703450755361,1.0317928254571482,103
7845000,31480.00000457832,-519449.3826428987,300.62683201315076,1.0282891065266748,103
7850000,31500.000004582394,-520039.9915895376,300.3753901483909,1.0216310027779778,103
7855000,31520.00000458647,-519764.08133696904,299.2285332922156,1.031255585934075,103
7860000,31540.000004590544,-517745.6260959392,300.97831501629946,1.021657169830214,103
7865000,31560.000004594618,-520323.05362807564,302.02562771060303,1.029187758498101,103
7870000,31580.000004598693,-519595.6070478377,302.8173629780149,1.0277231018915203,103
7875000,31600.000004602767,-519307.3504897554,302.25748062222937,1.0268206557656228,103
7880000,31620.00000460684,-518589.76512559457,298.7963165744177,1.0250770851310678,103
7885000,31640.000004610916,-519911.71415195684,299.19179484427866,1.0289453293664235,103
7890000,31660.00000461499,-519282.51585419755,302.03354240682995,1.0275662858776795,103
7895000,31680.000004619065,-520685.1309162262,301.3451254862244,1.0269609200233871,103
7900000,31700.00000462314,-519195.376177537,302.50622577599285,1.0280156366646196,103
7905000,31720.000004627214,-518838.4439972651,301.87323375037084,1.0266344763791808,103
7910000,31740.00000463129,-520805.78945393395,299.62193819033916,1.0296964873346544,103
7915000,31760.000004635363,-519981.26137400186,302.0366670125267,1.0281068462800167,103
7920000,31780.000004639438,-519154.0198331303,299.3193924615868,1.0286670767898332,103
7925000,31800.000004643513,-518724.16656356025,301.26636347163026,1.0276520396192663,103
7930000,31820.000004647587,-519339.81021645665,298.7662209804646,1.0269223167843355,103
7935000,31840.00000465166,-519511.7061323996,300.21226087952186,1.029474575079459,103
7940000,31860.000004655736,-520703.2812882648,302.47934218524813,1.026057808192493,103
7945000,31880.00000465981,-520171.39449892915,299.98871233675203,1.0273215099451833,103
7950000,31900.000004663885,-520443.2072832142,301.13675736329753,1.0239495106885879,103
7955000,31920.00000466796,-519914.57143081375,301.42381980044684,1.0300988515571479,103
7960000,31940.000004672034,-520330.0553356225,303.36808271368415,1.0265434497493495,103
7965000,31960.00000467611,-519401.62239371263,302.24243427494343,1.0284471041492025,103
7970000,31980.000004680183,-520644.4393717556,298.62862048918265,1.0290813475681289,103
7975000,32000.000004684258,-519533.3788861381,302.0800213004018,1.0250630728497998,103
7980000,32020.000004688332,-518904.22144815046,302.05348047388577,1.0283572218975359,103
7985000,32040.000004692407,-519358.8833597372,297.1361327352566,1.0267389366448152,103
7990000,32060.00000469648,-519465.2555379346,300.24586226280496,1.024495519975189,103
7995000,32080.000004700556,-517663.5455854838,299.4942099736048,1.0242024757920083,103
8000000,32100.00000470463,-519915.93520729034,301.8967881617929,1.024820046420776,103
8005000,32120.000004708705,-519210.08125733514,302.794927760173,1.0277471863211094,103
8010000,32140.00000471278,-519399.82576147816,300.2888382460797,1.030260838818254,103
8015000,32160.000004716854,-519314.02940240037,300.42439584267373,1.0297092355624746,103
8020000,32180.00000472093,-520090.41548385215,301.3039069251392,1.0263184526594515,103
8025000,32200.000004725003,-519296.04888603976,298.88274411452414,1.0283847378015338,103
8030000,32220.000004729078,-520154.8259053207,301.11626526965813,1.0247051740954984,103
8035000,32240.000004733152,-518066.83212280227,298.4980693566394,1.0269275566180494,103
8040000,32260.000004737227,-519731.10300599085,300.9608428657391,1.0255153016817415,103
8045000,32280.0000047413,-519674.72990493267,297.46060872361943,1.0285660843666418,103
8050000,32300.000004745376,-519374.92515769973,301.83246027850953,1.0308367317247389,103
8055000,32320.00000474945,-519599.28656752105,302.1185660223085,1.0273691527012765,103
8060000,32340.000004753525,-519296.49228611425,300.4361849770293,1.0238363009099933,103
8065000,32360.0000047576,-520305.17278969893,299.5284696656549,1.0285074086275128,103
8070000,32380.000004761674,-519994.8844807383,301.7636144382546,1.0289253707837929,103
8075000,32400.00000476575,-518560.69132617326,299.9377148235404,1.024665353658738,103
8080000,32420.000004769823,-520078.89642863884,300.8943615579081,1.0275743829271273,103
8085000,32440.000004773898,-518880.2466356796,299.39935415619493,1.020264861494221,103
8090000,32460.000004777972,-518923.343730218,301.59888503381205,1.0254166297291483,103
8095000,32480.000004782047,-519559.3563981792,301.99391753095335,1.0246875542932825,103
8100000,32500.00000478612,-519171.6315772871,300.454964296641,1.0241083530858537,103
8105000,32520.000004790196,-519468.0238575593,300.32140277953437,1.0228485453590987,103
8110000,32540.00000479427,-518515.5183820401,300.3583473108578,1.02439567979223,103
8115000,32560.000004798345,-520198.9803743763,301.1793653648334,1.0298250212562123,103
8120000,32580.00000480242,-520476.86026472505,301.73646081617414,1.0246739185589464,103
8125000,32600.000004806494,-521234.1583325835,300.14260038704566,1.0274337027247502,103
8130000,32620.00000481057,-519953.6097031799,301.50694726321996,1.025374946884728,103
8135000,32640.000004814643,-519490.50050171535,298.83890709474923,1.0236745958765259,103
8140000,32660.000004818718,-519924.623602859,299.38778257170475,1.026006919019216,103
8145000,32680.000004822792,-520774.87870851904,302.5586571176,1.030404083020167,103
8150000,32700.000004826867,-518986.43649558537,299.76720809336535,1.0245177171178133,103
8155000,32720.00000483094,-518644.4985579478,302.6174857435847,1.0230056346491625,103
8160000,32740.000004835016,-518466.6153678049,300.4549052956628,1.0271093843925578,103
8165000,32760.00000483909,-519511.22409599717,298.01564552762426,1.027437937461473,103
8170000,32780.00000484316,-519544.7908545532,302.49656983614744,1.0246699315720431,103
8175000,32800.000004847236,-520510.52587173367,300.95211566282984,1.0280966210769924,103
8180000,32820.00000485131,-520123.3331752117,299.71463497546563,1.03025104458065,103
8185000,32840.000004855385,-518557.7607867373,300.65534719326524,1.0263977383177756,103
8190000,32860.00000485946,-519761.22990302136,301.70590468826686,1.028176189772383,103
8195000,32880.000004863534,-519848.8358699712,300.96877243906897,1.0289857681537706,103
8200000,32900.00000486761,-519834.9347703776,301.1194350497014,1.0275581678606227,103
8205000,32920.00000487168,-519617.26994553534,301.92595465065256,1.0256725484572662,103
8210000,32940.00000487576,-519938.4568947109,303.05410935222403,1.0228624056322388,103
8215000,32960.00000487983,-518379.81754905055,300.82370096914883,1.0251340894179073,103
8220000,32980.00000488391,-519445.31666525896,300.4421178982225,1.0237836087005034,103
8225000,33000.00000488798,-518719.3840665063,302.49703321726804,1.0212847485211298,103
8230000,33020.000004892056,-519122.58883291995,303.1719144995991,1.027205978059075,103
8235000,33040.00000489613,-519985.3761493489,297.4407497093721,1.0263901444238388,103
8240000,33060.000004900205,-520138.97316338937,300.40842162619714,1.0275396055403272,103
8245000,33080.00000490428,-518800.0413791223,300.6429742011852,1.030635653378357,103
8250000,33100.000004908354,-518807.0582542077,298.78589862878925,1.0250488750497053,103
8255000,33120.00000491243,-519387.78061114065,302.48529753280053,1.0253843116866994,103
8260000,33140.0000049165,-520971.95508032665,301.31827721265086,1.0295096546923186,103
8265000,33160.00000492058,-520586.70570181287,301.31386198158873,1.0264616793134655,103
8270000,33180.00000492465,-519087.7837015756,298.79208300224957,1.0267219103000846,103
8275000,33200.00000492873,-519186.4841599532,299.3087354414556,1.02877454209803,103
8280000,33220.0000049328,-519737.2049551036,302.36116957364135,1.0274535855432227,103
8285000,33240.000004936875,-519748.74324533204,301.9346292148924,1.0262077126608107,103
8290000,33260.00000494095,-518534.0432035411,302.8759373203835,1.024100133677381,103
8295000,33280.000004945025,-517519.4696503766,299.68058677640147,1.0239541765593192,103
8300000,33300.0000049491,-519536.2667278887,301.1883763105856,1.0273247099211944,103
8305000,33320.00000495317,-519983.66271559475,303.7883057760937,1.0287046283158985,103
8310000,33340.00000495725,-519949.3415843579,302.3002706751479,1.02578732282714,103
8315000,33360.00000496132,-519855.1268478881,300.08031132729536,1.0263731636768105,103
8320000,33380.0000049654,-518958.84047474177,301.4215938105393,1.0266982834992517,103
8325000,33400.00000496947,-518509.8835442648,300.05083162918777,1.0224251417132582,103
8330000,33420.000004973546,-518281.7839310295,299.65793214991606,1.0231986035257008,103
8335000,33440.00000497762,-520398.76175608253,297.8182541857305,1.0276681998789954,103
8340000,33460.000004981695,-519543.8732892219,303.41255707244943,1.0266469055962808,103
8345000,33480.00000498577,-519243.7842333759,300.6834565963095,1.0252797803028106,103
8350000,33500.000004989844,-520057.57682541455,301.15465338638364,1.0239383453561979,103
8355000,33520.00000499392,-518655.01663395227,302.7123650508648,1.0240220303929042,103
8360000,33540.00000499799,-518260.1203742523,302.76705834276606,1.0263405092370936,103
8365000,33560.00000500207,-518188.4496902104,300.7047884385222,1.0301130248130546,103
8370000,33580.00000500614,-518304.9696603315,301.4627903435025,1.0244211787292339,103
8375000,33600.00000501022,-519784.07042746013,302.995888137198,1.0266825578512175,103
8380000,33620.00000501429,-519373.1722530192,303.95308766761076,1.0240460366690138,103
8385000,33640.000005018366,-519413.1493930998,301.594561068601,1.0243746493217813,103
8390000,33660.00000502244,-520896.93291179626,301.923127839246,1.026555949220729,103
8395000,33680.000005026515,-518410.3388713051,301.7054545322679,1.026454450926115,103
8400000,33700.00000503059,-518987.27907943376,294.81418878505934,1.0245581279072504,103
8405000,33720.000005034664,-519387.66137132305,302.6153201520318,1.0291220181624685,103
8410000,33740.00000503874,-517956.7976836313,301.0537478131326,1.02226109835519,103
8415000,33760.00000504281,-520399.24820373044,300.96988770217683,1.0300721674584463,103
8420000,33780.00000504689,-519704.4450968534,300.7509248695723,1.0273226475288397,103
8425000,33800.00000505096,-519821.5188779759,303.1539216620209,1.0255843149513542,103
8430000,33820.00000505504,-518792.38176170806,303.39407954890214,1.0261690609992455,103
8435000,33840.00000505911,-519241.471198197,302.3582455107389,1.0262583238136531,103
8440000,33860.000005063186,-519755.7228758207,298.8105205802039,1.0299085660466016,103
8445000,33880.00000506726,-518897.8807998132,300.9683603816471,1.024989266302244,103
8450000,33900.000005071335,-519971.29308846965,302.09103626513576,1.0318636991459313,103
8455000,33920.00000507541,-519164.8798633795,300.89751805472235,1.0260854270094153,103
8460000,33940.000005079484,-519368.7453776719,302.08156586105196,1.0255701997251725,103
8465000,33960.00000508356,-520642.1392266704,302.88964266605115,1.0268326195508446,103
8470000,33980.00000508763,-519767.1435991125,300.65849571906574,1.0316883695815835,103
8475000,34000.00000509171,-519182.1341788259,299.80208628908343,1.0240015682850194,103
8480000,34020.00000509578,-518590.9221421527,304.2338442698111,1.0286924341662798,103
8485000,34040.00000509986,-518981.6907568099,299.58325908982584,1.024052862492152,103
8490000,34060.00000510393,-520034.8068523372,302.4245035973723,1.0267751844476567,103
8495000,34080.000005108006,-520411.6697418543,301.81404435122397,1.0263502995133198,103
8500000,34100.00000511208,-518642.5995040331,299.4765513156935,1.0256315087922598,103
8505000,34120.000005116155,-519831.87472570897,301.3215793141292,1.0276029401230984,103
8510000,34140.00000512023,-519699.37434591795,302.3734578879856,1.0277025442510137,103
8515000,34160.000005124304,-518181.5055085984,301.6148724280662,1.0237717771375292,103
8520000,34180.00000512838,-519014.7245735985,300.20072506587894,1.0243854194347706,103
8525000,34200.00000513245,-519015.24637448345,301.4771896392013,1.0212108927958927,103
8530000,34220.00000513653,-520349.90687010833,301.53418938429644,1.0300225536724312,103
8535000,34240.0000051406,-519697.8034398495,298.3925463083557,1.0244446490679442,103
8540000,34260.00000514468,-518345.47383407736,301.3122988894549,1.0290359786195173,103
8545000,34280.00000514875,-520302.33860219875,304.2448679480067,1.0290097541885084,103
8550000,34300.000005152826,-519931.7331200263,300.20617399513213,1.0282926236126064,103
8555000,34320.0000051569,-518967.900369172,302.9097643383146,1.02500849487509,103
8560000,34340.000005160975,-519729.5918495117,301.51300943932273,1.0278386440933724,103
8565000,34360.00000516505,-519064.11002435256,300.2927161635481,1.0247790752476598,103
8570000,34380.000005169124,-518986.2942597356,299.9101914507212,1.0294851040106054,103
8575000,34400.0000051732,-519566.5937795029,299.5573944541904,1.031305560821544,103
8580000,34420.00000517727,-520063.7905251046,301.85407323055466,1.0279146817367968,103
8585000,34440.00000518135,-518678.6076451428,301.1948368115005,1.0252711962353416,103
8590000,34460.00000518542,-518688.39529073774,297.9358041603847,1.0231439773837439,103
8595000,34480.0000051895,-519365.33578447695,299.74535281637924,1.0268926500025588,103
8600000,34500.00000519357,-519290.22277149,300.6230091504309,1.0268037002178625,103
8605000,34520.000005197646,-520319.049930379,303.8040512092383,1.0250030819851144,103
8610000,34540.00000520172,-519300.45296842,302.1469512638104,1.0278745411528196,103
8615000,34560.000005205795,-519337.6474821938,298.8622068347906,1.0307752693233754,103
8620000,34580.00000520987,-518785.7065632439,300.79393805884297,1.0286139693645249,103
8625000,34600.000005213944,-519058.5840557858,301.3614130748386,1.0237824936615691,103
8630000,34620.00000521802,-519876.28517755563,299.5013497275264,1.021844331161381,103
8635000,34640.00000522209,-519149.04796520504,299.16532223305626,1.0232251250367355,103
8640000,34660.00000522617,-520673.3851621954,302.1829695392445,1.029668951356507,103
8645000,34680.00000523024,-520147.65421569697,300.666101575087,1.0242370758699948,103
8650000,34700.00000523432,-519696.84667460667,299.51048755597077,1.0276363368796038,103
8655000,34720.00000523839,-519247.7151139728,301.53251753106485,1.0245193271425659,103
8660000,34740.000005242466,-518854.06543489895,299.3291850780307,1.0289382857820615,103
8665000,34760.00000524654,-518547.98831873666,303.3121529312202,1.0240247138379033,103
8670000,34780.000005250615,-518306.4745677868,301.64568672245383,1.0221593795381076,103
8675000,34800.00000525469,-521606.3100689468,300.27107650423636,1.0283292754286386,103
8680000,34820.000005258764,-518829.02492622053,302.49854791490424,1.0251157397279014,103
8685000,34840.00000526284,-518993.9593284903,298.7864781931968,1.0268459313219824,103
8690000,34860.00000526691,-519448.9691811686,299.6125869589257,1.0257528425541003,103
8695000,34880.00000527099,-519628.9965740987,299.7868995108589,1.0225722424914239,103
8700000,34900.00000527506,-519002.62823312706,301.07343893575586,1.0281025659387966,103
8705000,34920.00000527914,-519849.0275598662,298.04543308987604,1.0257568683274192,103
8710000,34940.00000528321,-519884.7024406274,302.40573819336976,1.0285540604553884,103
8715000,34960.000005287286,-519796.5957940426,301.0070538463864,1.0277359179472476,103
8720000,34980.00000529136,-519701.72165609174,299.44277998855057,1.0247880467398511,103
8725000,35000.000005295435,-519807.44746451173,302.49644283834,1.0267213270026614,103
8730000,35020.00000529951,-519236.89845426404,300.718262485508,1.025300055405523,103
8735000,35040.000005303584,-520515.5749061201,302.24231196695735,1.0289473793185437,103
8740000,35060.00000530766,-518709.24546049605,301.3664288844166,1.0258661045009847,103
8745000,35080.00000531173,-518958.6143520784,298.3904610212707,1.0263527192627013,103
8750000,35100.00000531581,-520314.1680950769,301.66675907608067,1.0295108957967078,103
8755000,35120.00000531988,-519529.4505970881,302.92495328945313,1.028456750424075,103
8760000,35140.00000532396,-521185.87800742313,302.22570526026635,1.025060664547487,103
8765000,35160.00000532803,-519070.0132578374,300.3521024792414,1.0293268604502857,103
8770000,35180.000005332106,-520364.1883488789,301.6272592611229,1.0264827829754881,103
8775000,35200.00000533618,-518769.08927788306,299.87047112803987,1.0277521968345291,103
8780000,35220.000005340255,-520784.37866011215,302.68628836636105,1.0313782328841687,103
8785000,35240.00000534433,-518502.6149617373,300.1955521553233,1.0283999841635991,103
8790000,35260.000005348404,-520396.95113483793,299.8580048370984,1.0273282604607663,103
8795000,35280.00000535248,-518693.78010159335,300.9416398583917,1.02433763579009,103
8800000,35300.00000535655,-518425.0237774686,301.58488684975026,1.0276435013259062,103
8805000,35320.00000536063,-520371.2786443569,298.20578678061077,1.024782428199234,103
8810000,35340.0000053647,-519635.51759748114,300.78114360730666,1.0287428625631936,103
8815000,35360.000005368776,-520024.0204191217,302.9708802161791,1.0273274861168824,103
8820000,35380.00000537285,-519129.05125706666,300.04151258041014,1.0298020587390269,103
8825000,35400.000005376925,-519788.8392348245,302.1827434898879,1.0287285011533631,103
8830000,35420.000005381,-519223.6372484402,302.1182949018656,1.0302157587577028,103
8835000,35440.000005385074,-518969.6206182607,299.63101601724776,1.0245988342652919,103
8840000,35460.00000538915,-519649.8533644029,300.77880542325926,1.0253524343911613,103
8845000,35480.00000539322,-521951.71906667924,299.6121133683374,1.0330134968121438,103
8850000,35500.0000053973,-519182.6082804934,301.8997481360725,1.0296537361303002,103
8855000,35520.00000540137,-520582.4157513501,300.34876519022384,1.0268107632566066,103
8860000,35540.00000540545,-519220.5503154213,304.2231847177369,1.0255842673489908,103
8865000,35560.00000540952,-519661.36285060295,303.09860786859497,1.0293688213512324,103
8870000,35580.000005413596,-520399.7943773072,301.04364113549985,1.0273302569398088,103
8875000,35600.00000541767,-520151.74147712043,300.2542768739816,1.0261543687420684,103
8880000,35620.000005421745,-519930.7198676199,302.8572421363549,1.024856545948011,103
8885000,35640.00000542582,-519787.27093397663,299.9429450685096,1.0227198792104817,103
8890000,35660.000005429894,-518720.02509246673,300.9675741149334,1.0269372340031233,103
8895000,35680.00000543397,-519001.91071912437,300.93256501169395,1.0265204818244762,103
8900000,35700.00000543804,-520483.8074731785,301.1449335831208,1.0263527625646984,103
8905000,35720.00000544212,-519603.4606829006,299.4000566173732,1.0264849229195203,103
8910000,35740.00000544619,-519113.21147171455,303.10657568278765,1.0266477016303488,103
8915000,35760.00000545027,-519917.01525354106,299.66491227435347,1.0324040809990502,103
8920000,35780.00000545434,-519606.6239074569,301.38400583008007,1.0257107377866783,103
8925000,35800.000005458416,-518894.0783933436,297.9702214065679,1.0261614879394731,103
8930000,35820.00000546249,-518882.8917358988,299.77363111058327,1.026363508787715,103
8935000,35840.000005466565,-520249.64970044605,301.4438357458216,1.0287132850259506,103
8940000,35860.00000547064,-519785.17844702327,302.19242573671033,1.0288154159535663,103
8945000,35880.000005474714,-518970.67495429097,301.00516242281435,1.0261489350667945,103
8950000,35900.00000547879,-519889.62357016024,301.6044466224052,1.0284292883189883,103
8955000,35920.00000548286,-519930.63657700527,301.8217743738347,1.0290982395703836,103
8960000,35940.00000548694,-519988.585188315,298.9694037696751,1.0262350581559347,103
8965000,35960.00000549101,-520736.37685861555,299.628194800283,1.024969194309357,103
8970000,35980.00000549509,-519360.19578901236,299.8906790229843,1.024229719201176,103
8975000,36000.00000549916,-519025.8645425553,299.8709761026269,1.0218448965964115,103
8980000,36020.000005503236,-519295.097853675,300.5926066097387,1.024727470197062,103
8985000,36040.00000550731,-519482.537249997,301.10575925466213,1.0260010563818895,103
8990000,36060.000005511385,-518218.10405341047,300.17193513539183,1.0261084665876465,103
8995000,36080.00000551546,-520116.0139943061,299.9482171022412,1.0258063151670602,103
9000000,36100.000005519534,-518235.8539722203,303.9979923581159,1.0229040776195242,103
9005000,36120.00000552361,-520053.9823607947,301.4266458532751,1.0259501132645175,103
9010000,36140.00000552768,-519778.74389855424,301.6056138497465,1.028222007452118,103
9015000,36160.00000553176,-520796.6605419207,300.3998425900678,1.0267362200365544,103
9020000,36180.00000553583,-519713.82740886696,302.12562582030756,1.0303554620166913,103
9025000,36200.00000553991,-519437.39263827936,299.5466263985371,1.0258377701999704,103
9030000,36220.00000554398,-518624.52534158435,298.90471923135425,1.0260657212620152,103
9035000,36240.000005548056,-519250.9959935774,298.9087869471225,1.0281351319513035,103
9040000,36260.00000555213,-518784.3672434776,303.0071413486471,1.0233095094162463,103
9045000,36280.000005556205,-517244.5454305657,300.67579710026763,1.0233436824690432,103
9050000,36300.00000556028,-518852.95334018674,302.30986563184626,1.0227841527282695,103
9055000,36320.000005564354,-520274.5568152333,298.7205253841287,1.0309915032785488,103
9060000,36340.00000556843,-520083.7903912747,300.36838038894984,1.0312512550319868,103
9065000,36360.0000055725,-520135.9666463409,298.9515634033647,1.0291401208629571,103
9070000,36380.00000557658,-518712.4439415345,301.52166605433104,1.0250689711018985,103
9075000,36400.00000558065,-519324.14444140065,300.73498349326997,1.0211269450990001,103
9080000,36420.00000558473,-519805.81310986425,303.03742419259953,1.0229563900919116,103
9085000,36440.0000055888,-519389.11087195855,300.5441820270984,1.0265731999426173,103
9090000,36460.000005592876,-518602.8643860605,301.0346911655875,1.0259040765059058,103
9095000,36480.00000559695,-517643.4804863264,300.1566321016021,1.0287995693444836,103
9100000,36500.000005601025,-520556.5474767715,300.40618664124514,1.025093554145313,103
9105000,36520.0000056051,-518754.6920888743,300.4194179217178,1.0279036763716538,103
9110000,36540.000005609174,-519549.53752761264,303.5124548463384,1.0230982884110937,103
9115000,36560.00000561325,-518236.6960963318,297.77973109689276,1.0253661168294363,103
9120000,36580.00000561732,-519511.9586508414,300.35780627022666,1.0268618856865779,103
9125000,36600.0000056214,-519030.93819806445,301.8120124293457,1.0234670710910037,103
9130000,36620.00000562547,-518439.7209782747,302.5013551051379,1.0257292984991773,103
9135000,36640.00000562955,-520005.5278357703,300.6116328199397,1.0263130325410408,103
9140000,36660.00000563362,-520385.30669545126,299.0381956974569,1.026490111206545,103
9145000,36680.000005637696,-517367.4012571196,300.06257929611894,1.0255535473710677,103
9150000,36700.00000564177,-519760.0283599305,301.6017178780363,1.0234046874249434,103
9155000,36720.000005645845,-519405.2999521862,300.83415202542676,1.0290111932455737,103
9160000,36740.00000564992,-519217.52644598484,301.619425113205,1.0242546704043933,103
9165000,36760.000005653994,-518835.582767633,301.50787419717363,1.0288151939063088,103
9170000,36780.00000565807,-518686.14660350163,300.55719042011947,1.0231368924489694,103
9175000,36800.00000566214,-519400.91563803516,300.3547932273288,1.0294596612465565,103
9180000,36820.00000566622,-519270.1204754226,300.1114459280383,1.0225110460476472,103
9185000,36840.00000567029,-517938.8331731772,303.0597515194525,1.023051830007549,103
9190000,36860.00000567437,-518861.0297741364,300.01236552496727,1.0258081067853493,103
9195000,36880.00000567844,-518679.7946977017,298.4432340658361,1.0208305297114415,103
9200000,36900.000005682516,-519836.1389450829,301.9091132864254,1.0282748235959132,103
9205000,36920.00000568659,-519091.6276720506,298.1575678663359,1.0284071182095678,103
9210000,36940.000005690665,-519532.91865809145,300.3921451906084,1.023976979253192,103
9215000,36960.00000569474,-519882.7731262436,299.22207325628534,1.0283892967721988,103
9220000,36980.000005698814,-518025.7437353248,302.87845734809923,1.0273166884100855,103
9225000,37000.00000570289,-519148.2518232274,301.1485880448903,1.0244961666499577,103
9230000,37020.00000570696,-518719.8580799033,300.3058665732685,1.0262249806972599,103
9235000,37040.00000571104,-519695.04505853076,298.1303126527497,1.026442299254204,103
9240000,37060.00000571511,-519224.20917462395,299.8003670538216,1.0245999071202472,103
9245000,37080.00000571919,-518489.47959221527,301.0282267282938,1.027683484564165,103
9250000,37100.00000572326,-519554.3020873221,300.19905994585827,1.024795766833203,103
9255000,37120.000005727336,-519565.1125778763,301.6156227199494,1.025378653793555,103
9260000,37140.00000573141,-520440.326025872,301.45691512395643,1.0335797268105986,103
9265000,37160.000005735485,-518504.83305535046,300.75167015752737,1.0275848813558526,103
9270000,37180.00000573956,-519048.06329895183,301.99281923723083,1.0277108071923118,103
9275000,37200.000005743634,-519126.38959505805,300.9473551431532,1.0273801316358386,103
9280000,37220.00000574771,-518808.57262961357,302.2492304886238,1.0254243754128187,103
9285000,37240.00000575178,-519789.5212262303,298.8024846151695,1.0235862072483783,103
9290000,37260.00000575586,-519044.1742126846,301.20230359054665,1.0276843022955446,103
9295000,37280.00000575993,-518897.4443425152,300.40749437553575,1.0263236980111319,103
9300000,37300.000005764006,-518255.89415328763,302.2247956993134,1.0255374455139945,103
9305000,37320.00000576808,-518429.02650179225,302.36553207944974,1.0245605684833359,103
9310000,37340.000005772155,-519725.20671006665,302.16416831124906,1.025266406485485,103
9315000,37360.00000577623,-517256.731223078,299.83273050191724,1.0226456097882273,103
9320000,37380.000005780304,-520759.4286363104,301.59307192707206,1.0263822964527243,103
9325000,37400.00000578438,-519513.59865262127,301.135324640071,1.0264635243555333,103
9330000,37420.00000578845,-519215.4029327398,300.15181694416907,1.0262394928902057,103
9335000,37440.00000579253,-519337.0842995811,299.002132458322,1.0241832795528976,103
9340000,37460.0000057966,-520863.35346013657,302.4182452008929,1.025813741062758,103
9345000,37480.00000580068,-519810.0076281773,300.50817232060814,1.0264195616885143,103
9350000,37500.00000580475,-519389.10743955383,300.73342008998156,1.0275861588432986,103
9355000,37520.000005808826,-519348.2259379425,301.09914734008873,1.026200361491266,103
9360000,37540.0000058129,-519760.2202471979,298.6611130826771,1.027249926526543,103
9315000,37360.00000577623,-519545.0975497952,299.8304920038509,1.0270513089970326,--
9320000,37380.000005780304,-519699.5129064417,302.33573035346427,1.0285992227083398,107
9325000,37400.00000578438,-519761.4730243962,302.35181937448823,1.026904671272967,106
9330000,37420.00000578845,-519593.26478456985,299.80378126589926,1.0252582266075125,106
9335000,37440.00000579253,-520425.1179523149,302.83961799743935,1.0286624109342029,106
9340000,37460.0000057966,-520215.97260101466,298.317297902369,1.0271462664978157,106
9345000,37480.00000580068,-519487.18124235095,301.8859391656712,1.02330323306139,105
9350000,37500.00000580475,-520128.32002766663,300.7638964641811,1.0269583047900135,105
9355000,37520.000005808826,-519244.33102288377,301.54746755069766,1.0295589798168763,105
9360000,37540.0000058129,-519567.64991258364,301.657352200695,1.0273271066755425,105
9365000,37560.000005816975,-518335.1510490065,302.1492993300658,1.0277006671485602,105
9370000,37580.00000582105,-520250.70906243916,299.89896242389204,1.0247919650565296,105
9375000,37600.000005825124,-519942.8585488859,303.43046695211285,1.0267520135703614,105
9380000,37620.0000058292,-520509.243499618,303.0628383691305,1.0285771059732502,105
9385000,37640.00000583327,-519849.0974901796,299.7112334444298,1.027035087540541,105
9390000,37660.00000583735,-519650.53398231533,300.7721546746938,1.0264219636105123,105
9395000,37680.00000584142,-518297.4913089189,300.32579452055825,1.026462597686533,105
9400000,37700.0000058455,-519850.97744453675,299.1172497677565,1.0289913322867714,105
9405000,37720.00000584957,-520449.2000914186,299.8995781565308,1.0265996249718816,105
9410000,37740.000005853646,-518516.1955128056,300.61909742644923,1.0211470794924737,105
9415000,37760.00000585772,-519687.9821559654,302.4226518976122,1.0277716733031768,105
9420000,37780.000005861795,-519908.99335580645,301.3861330146941,1.0270801506713292,105
9425000,37800.00000586587,-519856.3899919584,303.09457286289523,1.0291114723588317,105
9430000,37820.000005869944,-519317.60708351084,299.88705118869666,1.0265729092467688,105
9435000,37840.00000587402,-518540.13037988124,300.0893896408028,1.02445488061744,105
9440000,37860.00000587809,-518817.90788281686,300.2366231408382,1.0281914857042862,105
9445000,37880.00000588217,-519076.4079656522,301.51453200372055,1.0240236355860641,105
9450000,37900.00000588624,-520961.5006752282,302.46360443664975,1.029550658792197,105
9455000,37920.00000589032,-519414.1084414243,299.8407319158651,1.0271674909191577,105
9460000,37940.00000589439,-520648.0897413776,300.5416752944259,1.028873532710693,105
9465000,37960.000005898466,-519332.21701048035,300.69247447438386,1.0268937854692837,105
9470000,37980.00000590254,-519283.576379071,302.39867769650067,1.02332626141468,105
9475000,38000.000005906615,-519036.0674801904,299.14430565911704,1.0277160126189755,105
9480000,38020.00000591069,-519355.0118288414,301.4541880279656,1.0245239882493322,105
9485000,38040.000005914764,-519358.1708998438,300.85381758447727,1.0260062712712603,104
9490000,38060.00000591884,-518620.3644060276,300.2765842613734,1.0265592413174793,104
9495000,38080.00000592291,-520041.28188654105,302.65950939235603,1.029788917475983,104
9500000,38100.00000592699,-520020.3900909766,300.17613066927515,1.023559691907296,104
9505000,38120.00000593106,-520566.2657239069,297.53785727086915,1.025065649694558,104
9510000,38140.00000593514,-520814.14496048377,300.88917857341113,1.0288490079117054,104
9515000,38160.00000593921,-518982.1320776215,301.83434716585555,1.0267266496193141,104
9520000,38180.000005943286,-521073.02042782144,297.98405956159337,1.0280898155790765,104
9525000,38200.00000594736,-518619.0120770184,301.5691976369671,1.024641717223013,104
9530000,38220.000005951435,-519008.16833714256,299.736795120431,1.026802157727402,104
9535000,38240.00000595551,-519174.5400861758,299.8919392811332,1.0257098682007855,104
9540000,38260.000005959584,-520751.9233387902,301.2825057653671,1.027463705841859,104
9545000,38280.00000596366,-519936.88508261484,301.08782527021003,1.0288964553519446,104
9550000,38300.00000596773,-519150.18980676145,298.89374552086,1.0271321055365228,104
9555000,38320.00000597181,-518304.1093865901,300.77106791620133,1.0201881791294112,104
9560000,38340.00000597588,-520504.17705326644,300.83043278314113,1.0260078668580084,104
9565000,38360.00000597996,-519054.35535178473,300.48933189619135,1.024904735009482,104
9570000,38380.00000598403,-519053.0666170707,297.3555152948439,1.0267178277365032,104
9575000,38400.000005988106,-520353.2506666486,301.56089006132265,1.0230200401697562,104
9580000,38420.00000599218,-519350.02066200133,301.10244666124163,1.0242517433756875,104
9585000,38440.000005996255,-519130.4781766895,302.04303818351815,1.024999173509949,104
9590000,38460.00000600033,-518958.5044634221,302.786887705906,1.0263431836048644,104
9595000,38480.000006004404,-519010.2546079343,302.40748471832455,1.028287676803724,104
9600000,38500.00000600848,-520065.3630301021,300.9004097335482,1.02777864183571,104
9605000,38520.00000601255,-519503.0323122819,302.1262787322876,1.0278251638351104,104
9610000,38540.00000601663,-519219.1318686835,299.8934847494814,1.0284969740586152,104
9615000,38560.0000060207,-519737.0083081466,300.1849390283976,1.0246017086860535,104
9620000,38580.00000602478,-518401.8328824644,302.5957059533276,1.0259846597039584,104
9625000,38600.00000602885,-519485.7380731865,299.79961742904305,1.0300674713324913,104
9630000,38620.000006032926,-519814.9258309759,301.0647570317244,1.026531257087174,104
9635000,38640.000006037,-519822.3223510429,301.1707552467567,1.0278346914247303,104
9640000,38660.000006041075,-520440.50295067625,297.9437116067993,1.0259927622566751,104
9645000,38680.00000604515,-518778.1220903287,298.4314922376252,1.0239787311509208,104
9650000,38700.000006049224,-518171.2203996787,301.6469805134518,1.0266911590677894,104
9655000,38720.0000060533,-519135.0674226326,302.2660587639925,1.0261757986368802,104
9660000,38740.00000605737,-520589.6939617435,303.0775864957211,1.0290806564757735,104
9665000,38760.00000606145,-517883.94636725984,300.4714373764242,1.020584560319909,104
9670000,38780.00000606552,-520267.93267452833,301.50906956913104,1.0252959179538343,104
9675000,38800.0000060696,-518238.21391463676,302.9450843680307,1.0249083953825202,104
9680000,38820.00000607367,-519364.3858643642,303.41027724329183,1.0300046861150713,104
9685000,38840.000006077746,-519236.25223512854,299.8859398611166,1.0255702833722447,104
9690000,38860.00000608182,-518468.5995620035,299.70416286497436,1.023718976806555,104
9695000,38880.000006085895,-518447.684892836,298.5104001527597,1.0278659159021908,104
9700000,38900.00000608997,-519812.18201551936,302.7386802241308,1.0239645601762142,104
9705000,38920.000006094044,-519044.3858564296,301.4172303443713,1.0255148286025149,104
9710000,38940.00000609812,-518722.59162486997,299.6809601443772,1.0207984049602417,104
9715000,38960.00000610219,-519318.6906577805,300.59658570543587,1.0235209292071161,104
9720000,38980.00000610627,-518973.35485077766,300.49925219801,1.0247971388291335,104
9725000,39000.00000611034,-519433.5497419385,301.8660899608522,1.0263365045888242,104
9730000,39020.00000611442,-518736.89440285694,302.7411149935485,1.0279349947685197,104
9735000,39040.00000611849,-518515.98244369123,299.89031093001967,1.025849730633621,104
9740000,39060.000006122566,-518491.4460242044,301.16741046705937,1.0203063083186334,104
9745000,39080.00000612664,-521247.44947180105,302.769492462236,1.0291064330853632,104
9750000,39100.000006130715,-520374.00364772603,300.63378578625714,1.028164632354849,104
9755000,39120.00000613479,-520288.2434076716,301.71436878666105,1.0312503051135768,104
9760000,39140.000006138864,-518958.16727716033,300.14867970497386,1.024676558422556,104
9765000,39160.00000614294,-518404.4244883072,300.5246190231334,1.0285478303156246,104
9770000,39180.00000614701,-519754.46252440824,300.6059434854193,1.0259271253614295,104
9775000,39200.00000615109,-518997.5754115074,300.6569097544997,1.0289808633453503,104
9780000,39220.00000615516,-519007.7787167772,301.8194637794663,1.0237124217336837,104
9785000,39240.00000615924,-518270.9489885613,300.28610093585263,1.0227237173386792,104
9790000,39260.00000616331,-520923.4690303423,301.46780918393574,1.0286554416247466,104
9795000,39280.000006167385,-520111.5845144901,302.3277693772796,1.023610996254261,104
9800000,39300.00000617146,-518965.3287647937,300.77348201831325,1.0228175376378825,104
9805000,39320.000006175535,-518347.16771162907,299.0262291930643,1.025217335258177,104
9810000,39340.00000617961,-519767.79134595045,300.36004998158563,1.0277083978164985,104
9815000,39360.00000618368,-519693.98211463634,302.0313221894746,1.0265246323639512,104
9820000,39380.00000618776,-519407.7677903003,300.04098714484775,1.0227000060146967,104
9825000,39400.00000619183,-518904.90693457844,299.38062265684283,1.0249399645735147,104
9830000,39420.00000619591,-520000.319878984,297.9039596359968,1.0270174359022415,104
9835000,39440.00000619998,-518123.766752776,300.5045307451579,1.0248604598908129,104
9840000,39460.000006204056,-519869.50241593854,300.4341091386551,1.0286791980775474,104
9845000,39480.00000620813,-519383.58518065116,304.70074173036016,1.0256610330668756,104
9850000,39500.000006212205,-519993.9794610827,301.72001454619686,1.0290446741831425,104
9855000,39520.00000621628,-519267.1148137979,299.38343883559435,1.0234677559457828,104
9860000,39540.000006220354,-518032.01531965355,299.6626236289838,1.0210305426210164,104
9865000,39560.00000622443,-518989.1850991314,301.38135642487185,1.0294901838092627,104
9870000,39580.0000062285,-520210.11346557527,299.6301429802634,1.0290708137480684,104
9875000,39600.00000623258,-520307.4137386116,301.3941283822543,1.0293888568962177,104
9880000,39620.00000623665,-520132.8027825933,302.7919755305865,1.027227183403374,104
9885000,39640.00000624073,-519775.91675271746,302.94082070362157,1.0272357427789918,104
9890000,39660.0000062448,-519419.64272641996,300.0468694426471,1.02588692380465,104
9895000,39680.000006248876,-519255.8355766954,300.474612558621,1.0247678351497367,104
9900000,39700.00000625295,-518415.76845581573,299.72000910501015,1.023551693493906,104
9905000,39720.000006257025,-520596.788190993,298.10364537608234,1.0250401070437336,104
9910000,39740.0000062611,-519602.02080632374,299.3034742535006,1.026668483048022,104
9915000,39760.000006265174,-519129.6530380219,301.9731091081242,1.0239901164669862,104
9920000,39780.00000626925,-520106.76235758327,302.92580037396795,1.0270628369545234,104
9925000,39800.00000627332,-518373.2320304455,299.6210065129121,1.021213934664261,104
9930000,39820.0000062774,-520155.9133235642,299.8432748914163,1.0265301132167242,104
9935000,39840.00000628147,-519988.6716727405,300.22853692624557,1.0231812630816968,104
9940000,39860.00000628555,-518094.88405072014,299.9642759284614,1.0258824546941234,104
9945000,39880.00000628962,-518756.0473652757,300.9627625251569,1.0298073141243753,104
9950000,39900.000006293696,-519153.19161514705,299.84347852441635,1.026864218883162,104
9955000,39920.00000629777,-519892.9914088098,299.28819826153926,1.0244966848991748,104
9960000,39940.000006301845,-520125.2430762269,299.47737139472395,1.026643411886282,104
9965000,39960.00000630592,-519376.1136272596,300.78420938918464,1.0242361177378692,104
9970000,39980.000006309994,-518659.1304905794,300.44033702194963,1.0238796967918053,104
9975000,40000.00000631407,-519749.435857977,302.63583963870764,1.0250677621036521,104
9980000,40020.00000631814,-519301.684623366,299.4564625572988,1.0177170845423362,104
9985000,40040.00000632222,-519675.1395165471,301.10377836682727,1.0283947385848018,104
9990000,40060.00000632629,-518638.49051651265,300.3374589727567,1.0243215356328956,104
9995000,40080.00000633037,-519727.55755302985,301.2671655211175,1.0316505647553817,104
10000000,40100.00000633444,-519697.56482139626,300.6810740844814,1.0286895883418419,104
10005000,40120.000006338516,-518919.6025472665,302.89067295383177,1.025691985833018,104
10010000,40140.00000634259,-520010.4688884106,302.7975558565201,1.0256056627565047,104
10015000,40160.000006346665,-520924.744896346,303.2419904826785,1.030512381036687,104
10020000,40180.00000635074,-518695.1402434381,300.5631699803385,1.0239860021258866,104
10025000,40200.000006354814,-518204.6323453812,300.4164684421372,1.0267706561569556,104
10030000,40220.00000635889,-519981.8156039894,301.3015869613218,1.0266286471331623,104
10035000,40240.00000636296,-519051.37452511466,301.73484948363654,1.0256946702555998,104
10040000,40260.00000636704,-520390.35424118815,300.7419239820097,1.026457814037743,104
10045000,40280.00000637111,-519605.2227025307,299.2118143814434,1.0267973243342277,104
10050000,40300.00000637519,-519333.9799688831,300.24587348475643,1.0237893198637753,104
10055000,40320.00000637926,-519078.3748249521,299.23368845665306,1.0270351239010702,104
10060000,40340.000006383336,-519436.5631937294,299.4229807185593,1.0265271770031443,104
10065000,40360.00000638741,-519975.970095,300.5573339141859,1.0233499797621253,104
10070000,40380.000006391485,-518827.61352014006,304.31427788300493,1.0243403791720367,104
10075000,40400.00000639556,-518913.93136365013,301.70678408462703,1.0285625436894572,104
10080000,40420.000006399634,-519404.82591305464,301.6053436839149,1.0249730293881543,104
10085000,40440.00000640371,-518520.92833882803,302.7755929873898,1.0271516401366438,104
10090000,40460.00000640778,-519733.20150336134,299.51576285405326,1.0231879384469933,104
10095000,40480.00000641186,-518164.1677535379,299.0083115441576,1.0235380082756882,104
10100000,40500.00000641593,-520157.385765363,301.4106447109069,1.0260675023510493,104
10105000,40520.00000642001,-519906.3195751824,301.71411942903836,1.0311020414264864,104
10110000,40540.00000642408,-519403.0351811894,299.91078778920007,1.0265495306750114,104
10115000,40560.000006428156,-519611.17431500973,301.41697777894717,1.030469228240436,104
10120000,40580.00000643223,-518740.3999507346,300.04707577517456,1.0245395423698194,104
10125000,40600.000006436305,-519642.7562546311,299.221094869727,1.0281378366114855,104
10130000,40620.00000644038,-520320.6575457412,302.35778706512485,1.0272747192051304,104
10135000,40640.000006444454,-519756.9525691294,298.8857042945668,1.028462081316948,104
10140000,40660.00000644853,-519551.83120213123,299.28370251752614,1.0266858248976283,104
10145000,40680.0000064526,-517810.4350851844,299.4605073695209,1.024953295805483,104
10150000,40700.00000645668,-518800.7510658612,298.98787837431587,1.028303173415353,104
10155000,40720.00000646075,-518755.564040222,303.79665136262633,1.0258469854999424,104
10160000,40740.00000646483,-517367.0016270648,301.606194215232,1.0256203455860087,104
10165000,40760.0000064689,-519709.36447582603,296.8383326174224,1.0278731838767807,104
10170000,40780.000006472976,-518216.1045545561,301.83506478364853,1.0241240562824165,104
10175000,40800.00000647705,-519657.92315784143,299.89906344155446,1.0257200448932826,104
10180000,40820.000006481125,-519032.9313858382,301.42821476311616,1.0235322741548498,104
10185000,40840.0000064852,-518912.4548486022,298.835423459557,1.0250274620020767,104
10190000,40860.000006489274,-518370.8721013451,300.8489008527547,1.0280416073774696,104
10195000,40880.00000649335,-518569.16585639585,301.4492331840704,1.026060021770628,104
10200000,40900.00000649742,-519580.45251791086,301.75603508104166,1.0248211643142915,104
10205000,40920.0000065015,-519341.08359820396,299.2152412370986,1.0233027259586986,104
10210000,40940.00000650557,-519950.62842088495,299.1749829322058,1.0269932400101822,104
10215000,40960.00000650965,-520391.0737498142,301.9935428881565,1.027700210601975,104
10220000,40980.00000651372,-519005.955201471,300.0436184662275,1.0314941647662421,104
10225000,41000.000006517796,-519417.313609282,301.6750694311342,1.0236567752457595,104
10230000,41020.00000652187,-518971.17710278905,301.92832204527497,1.0259173858908448,104
10235000,41040.000006525945,-519069.9155927694,298.8574954306018,1.0273958203593356,104
10240000,41060.00000653002,-519784.77449745056,301.8622592632441,1.0235014089540218,104
10245000,41080.000006534094,-519865.3852767288,302.2889558283536,1.0271520051158853,104
10250000,41100.00000653817,-519375.05630514584,302.2620218061456,1.0257961342755655,104
10255000,41120.00000654224,-519238.78421755135,301.9620878547325,1.0210532289569572,104
10260000,41140.00000654632,-519616.67665398424,301.79738959829984,1.0237669632155892,104
10265000,41160.00000655039,-519576.8049108265,300.8656413627293,1.0261700710846864,104
10270000,41180.00000655447,-518149.9486391195,302.73613787540586,1.0264951976910979,104
10275000,41200.00000655854,-517930.5660588746,299.417856601872,1.0276543211763305,104
10280000,41220.000006562615,-518909.30022571865,303.16831276158877,1.025807025542599,104
10285000,41240.00000656669,-519159.5065320777,297.7272163637251,1.027257289192592,104
10290000,41260.000006570765,-519454.9480631545,299.4233267649646,1.0247305638126998,104
10295000,41280.00000657484,-518689.8496691596,302.76699595395655,1.0228372847968494,104
10300000,41300.00000657891,-519612.90185757563,301.4164914595766,1.0280105099583268,104
10305000,41320.00000658299,-520083.42647569394,300.958417996235,1.0260915119467464,104
10310000,41340.00000658706,-517780.69977928884,300.71356465131583,1.0237090393240431,104
10315000,41360.00000659114,-519874.1364505566,300.7205060859474,1.0297888723141384,104
10320000,41380.00000659521,-518392.88688488444,298.0209765652434,1.0215353914145342,104
10325000,41400.000006599286,-518838.0698808045,301.0436501058076,1.0234040466204362,104
10330000,41420.00000660336,-518934.4447300916,301.9742554523624,1.0279073992086574,104
10335000,41440.000006607435,-518338.92147319834,299.70799146566674,1.0256506426404688,104
10340000,41460.00000661151,-518782.4134433372,301.550648442775,1.0291085862327862,104
10345000,41480.000006615584,-518658.2572690237,303.3439344006856,1.0219584180552548,104
10350000,41500.00000661966,-520108.7150640951,300.2047816138515,1.0262770527374134,104
10355000,41520.00000662373,-519397.80229350086,302.28732608636324,1.0251185437555599,104
10360000,41540.00000662781,-521399.04393783235,300.45869707048223,1.025311031513108,104
10365000,41560.00000663188,-517935.2241120313,300.38629780992244,1.0272485003153489,104
10370000,41580.00000663596,-520453.9939519784,302.725306595574,1.0286492447369877,104
10375000,41600.00000664003,-519051.55382487737,300.02196980639724,1.026493416909323,104
10380000,41620.000006644106,-518674.30982651515,299.1707216762173,1.0217255843342754,104
10385000,41640.00000664818,-519709.3876006168,300.4190685043027,1.029443150856965,104
10390000,41660.000006652255,-520387.60170756234,301.8795781053779,1.0240225018738074,104
10395000,41680.00000665633,-518471.2303883098,298.81188615268326,1.026399167656753,104
10400000,41700.000006660404,-519168.08365557203,301.1437533569332,1.0282344671367454,104
10405000,41720.00000666448,-518446.131825733,300.60244733982756,1.0234977081448942,104
10410000,41740.00000666855,-519310.5407659351,303.85966011777515,1.0260196286027625,104
10415000,41760.00000667263,-521124.00703682145,300.9092823434885,1.0293387014523785,104
10420000,41780.0000066767,-519077.1079614286,299.9048115683382,1.0282887406131525,104
10425000,41800.00000668078,-519281.6598459715,301.4366259539851,1.0246908871987594,104
10430000,41820.00000668485,-519916.8949197964,299.7966973792741,1.026282510677448,104
10435000,41840.000006688926,-519396.8717595604,303.97019727534115,1.030108695675725,104
10440000,41860.000006693,-518964.7746519097,300.39618978535606,1.0271008525915672,104
10445000,41880.000006697075,-520329.4126854928,302.785211071845,1.028018492725835,104
10450000,41900.00000670115,-520371.0473560586,304.4025819854405,1.0294315765756619,104
10455000,41920.000006705224,-519812.6326169933,300.74099280650194,1.0284268256145865,104
10460000,41940.0000067093,-519524.05723260157,298.596363884566,1.023530110987311,104
10465000,41960.00000671337,-518529.4675542235,301.9280055039997,1.0256342636086162,104
10470000,41980.00000671745,-517971.3906321146,300.63936462980195,1.0210136765727418,104
10475000,42000.00000672152,-519414.48539539427,299.4908911082166,1.0241741236779272,104
10480000,42020.0000067256,-518599.22972710314,300.9842591444234,1.0258636370900873,104
10485000,42040.00000672967,-518520.067333468,298.8456363357489,1.0249656288083724,104
10490000,42060.000006733746,-519250.8606848903,300.552466809666,1.026002573365566,104
10495000,42080.00000673782,-519208.30305885617,302.98082754902396,1.0280129505640836,104
10500000,42100.000006741895,-519601.1445547682,300.04059718598967,1.0275056491936396,104
10505000,42120.00000674597,-518862.0945740838,300.9997267080607,1.0254340438798208,104
10510000,42140.000006750044,-518368.67234892165,298.7920938063463,1.026343666918617,104
10515000,42160.00000675412,-519500.78310005646,299.3707453439973,1.025311783566744,104
10520000,42180.00000675819,-519627.2854544439,302.7529212895755,1.02523522197586,104
10525000,42200.00000676227,-519490.28488207003,300.2319736679572,1.0269606337897337,104
10530000,42220.00000676634,-517243.70842717076,302.2543022341597,1.0209719246462985,104
10535000,42240.00000677042,-519657.9171992515,300.663829550979,1.0233332041837402,104
10540000,42260.00000677449,-520050.919010303,301.86578439175327,1.0269108751388873,104
10545000,42280.000006778566,-518964.97024888615,298.40780250951224,1.0293900285088051,104
10550000,42300.00000678264,-519403.1932536068,300.331132724915,1.025002164296171,104
10555000,42320.000006786715,-518880.8883953148,300.8354355744249,1.0233173889413658,104
10560000,42340.00000679079,-519711.2201863697,303.2803084689598,1.0253831760847905,104
10565000,42360.000006794864,-518716.928321023,302.19550870664693,1.0241896896130958,104
10570000,42380.00000679894,-518338.91077151615,299.7441836559536,1.0269218150843653,104
10575000,42400.00000680301,-518724.09474228625,299.8272666360752,1.0278488842658313,104
10580000,42420.00000680709,-519379.93749546306,300.62630709721276,1.0263257402952681,104
10585000,42440.00000681116,-520214.51228364324,300.43823086943297,1.030758901939632,104
10590000,42460.00000681524,-518610.7648456355,301.96182585189797,1.0199863350549325,104
10595000,42480.00000681931,-518332.27499503014,297.39088103263254,1.0253842922967573,104
10600000,42500.000006823386,-518871.313793364,300.38147843386065,1.0267495865817158,104
10605000,42520.00000682746,-519605.93768848595,300.62095340587837,1.0247158830105203,104
10610000,42540.000006831535,-520297.8802477906,302.2017018626952,1.0277801057996507,104
10615000,42560.00000683561,-519406.08310930454,299.4066336957803,1.0270855619326935,104
10620000,42580.000006839684,-519220.9236655445,303.82651051560197,1.0269997424403996,104
10625000,42600.00000684376,-518702.6555203353,298.8628350648399,1.028291904914356,104
10630000,42620.00000684783,-518572.46368798125,299.69660851086513,1.0241535143265497,104
10635000,42640.00000685191,-519538.75583574525,302.80335355769944,1.0251150621653498,104
10640000,42660.00000685598,-520317.8527119304,303.3348617014689,1.0277331670248209,104
10645000,42680.00000686006,-520056.909896123,299.8426669327444,1.0236277835226983,104
10650000,42700.00000686413,-518936.35279773944,302.4189011654676,1.0257717988067478,104
10655000,42720.000006868206,-519719.66665096185,299.3476033408128,1.0248823772789875,104
10660000,42740.00000687228,-518521.6631798113,302.16026145911974,1.0244038392898853,104
10665000,42760.000006876355,-519621.9819577595,304.28285365470157,1.027155636601661,104
10670000,42780.00000688043,-520712.88033914263,300.7169829984824,1.031061473399214,104
10675000,42800.000006884504,-520213.58371079084,298.52271552283474,1.026714824114808,104
10680000,42820.00000688858,-519529.75599900726,300.53944896170333,1.024213294988978,104
10685000,42840.00000689265,-520093.954954016,300.7156487296396,1.0253687864569354,104
10690000,42860.00000689673,-520710.42375440104,302.971751812875,1.0307451006547994,104
10695000,42880.0000069008,-518894.0894329469,300.77625982764374,1.0269016987171773,104
10700000,42900.00000690488,-518649.1952292591,302.35374186009784,1.0231336385307477,104
10705000,42920.00000690895,-520023.9954063806,303.3979799664256,1.0315603663495354,104
10710000,42940.000006913026,-517839.55690350453,299.55359261177307,1.0211253713583552,104
10715000,42960.0000069171,-519810.9731977545,302.6662022382444,1.0247773188074132,104
10720000,42980.000006921175,-519628.88834955706,304.02754760552165,1.0253067305447057,104
10725000,43000.00000692525,-517988.89575260296,301.6122397481026,1.022346151341738,104
10730000,43020.000006929324,-518124.1793962915,300.6351761669741,1.0217975470817662,104
10735000,43040.0000069334,-519086.6756023478,299.7755273204502,1.0279398471531607,104
10740000,43060.00000693747,-518881.1631304978,297.80882040960194,1.0267609899633963,104
10745000,43080.00000694155,-518365.82343752263,301.62563268272993,1.0249096228145527,104
10750000,43100.00000694562,-520687.19286071043,300.1845184113172,1.0333403088305275,104
10755000,43120.0000069497,-519960.06871363777,301.7698691348928,1.0260149358336847,104
10760000,43140.00000695377,-519280.9647495076,301.7791118711832,1.0291333441536419,104
10765000,43160.000006957845,-519815.1158725433,301.1931542815223,1.021684843659378,104
10770000,43180.00000696192,-519673.49740528455,302.8258921566482,1.0282961824225934,104
10775000,43200.000006965995,-520222.80569701246,301.3454202040865,1.0243090353468562,104
10780000,43220.00000697007,-519554.99589883373,302.6750653618768,1.0269764046605192,104
10785000,43240.00000697414,-518646.8321301746,301.6417465073923,1.026373803214437,104
10790000,43260.00000697822,-519573.2443565703,299.4920857633537,1.0217482448989652,104
10795000,43280.00000698229,-518402.9282701523,301.7463011975926,1.025860120089016,104
10800000,43300.00000698637,-519783.00777877285,300.6848792911408,1.0244671992973504,104
10805000,43320.00000699044,-520718.93347943015,299.9597394673304,1.0316392658886542,104
10810000,43340.000006994516,-520006.11429181625,300.0743065479584,1.0280178720626,104
10815000,43360.00000699859,-519746.0297013542,301.62205483278217,1.0267910466567343,104
10820000,43380.000007002665,-518559.98737734323,300.10682703816224,1.0226202211915525,104
10825000,43400.00000700674,-518666.8791468651,301.23252509851744,1.0263720831125973,104
10830000,43420.000007010814,-520166.2796363572,300.4689946524387,1.0257454003175037,104
10835000,43440.00000701489,-520393.09383943654,303.7255457629002,1.0295885746869013,104
10840000,43460.00000701896,-520328.1033541518,300.45207886270947,1.0290999062965651,104
10845000,43480.00000702304,-518564.60800043563,299.7959182429921,1.0216182597125425,104
10850000,43500.00000702711,-519154.4632956709,299.10471596687944,1.0221072564398639,104
10855000,43520.00000703119,-518938.83292488754,301.1166348345075,1.0227762357231514,104
10860000,43540.00000703526,-518612.5655083554,301.1949410768247,1.0259831843407474,104
10865000,43560.000007039336,-519085.5694651932,300.86176903981374,1.0254551693301799,104
10870000,43580.00000704341,-519307.2893392083,299.79945761012476,1.0294086975773558,104
10875000,43600.000007047485,-519533.6282900176,301.0860661910403,1.0267245420805482,104
10880000,43620.00000705156,-518965.61722419295,299.315505786949,1.0235661906448696,104
10885000,43640.000007055634,-518282.4276824866,300.9681009925336,1.0225753136380495,104
10890000,43660.00000705971,-519125.84049195284,299.8176293102889,1.0248831755490913,104
10895000,43680.00000706378,-518600.45519250166,298.9742141904363,1.0270754399540722,104
10900000,43700.00000706786,-518763.5376849896,299.48440478396054,1.024068756999192,104
10905000,43720.00000707193,-519386.3465189331,300.8736739212228,1.0258198141189891,104
10910000,43740.00000707601,-520424.88167562755,298.36785588393764,1.0232432093342803,104
10915000,43760.00000708008,-518748.55141706625,302.6235897247702,1.0239673975745738,104
10880000,43620.00000705156,-519357.7998588816,300.66796942758936,1.0256080549873559,--
10885000,43640.000007055634,-519140.76387956575,301.86744442904944,1.0252728943257143,106
10890000,43660.00000705971,-519054.3182300604,299.53508228875324,1.0245213219226328,106
10895000,43680.00000706378,-519197.8232751959,301.1056600060645,1.0263156782477312,106
10900000,43700.00000706786,-519566.77045300603,299.4370934672251,1.0273926310654293,105
10905000,43720.00000707193,-519994.0668499423,300.5491617238805,1.020847738387015,105
10910000,43740.00000707601,-518709.15271368786,301.90300269305897,1.0258796243736708,105
10915000,43760.00000708008,-520360.36913986574,300.73788597028965,1.0294642562599423,105
10920000,43780.000007084156,-519604.35087145795,301.582109569085,1.0247918458635465,105
10925000,43800.00000708823,-519040.50954763126,302.5198472934545,1.0245523701287984,104
10930000,43820.000007092305,-519673.34014615836,301.74229889841445,1.026491326097016,104
10935000,43840.00000709638,-519300.8955998607,303.36090203490636,1.0263951560845361,104
10940000,43860.000007100454,-517857.18298392557,300.64413101967693,1.0222564357319035,104
10945000,43880.00000710453,-518208.53617978515,300.8766911684723,1.0242760097420258,104
10950000,43900.0000071086,-519246.0725872151,300.81578233899586,1.026063318341795,104
10955000,43920.00000711268,-520217.0929499604,300.7982282155484,1.0276616021509046,104
10960000,43940.00000711675,-520522.37986725615,299.5607639023963,1.0257188093559433,103
10965000,43960.00000712083,-519140.8797936111,299.9975520119399,1.0271102597224742,103
10970000,43980.0000071249,-518026.94685391476,302.8070220941678,1.0263960557435,103
10975000,44000.000007128976,-517958.8694578544,302.6347174101405,1.0237738021279212,103
10980000,44020.00000713305,-517708.8890527827,298.56959934626246,1.022557281116911,103
10985000,44040.000007137125,-519040.14544292353,301.2561854486146,1.0227736866856667,103
10990000,44060.0000071412,-519407.31977441255,301.553121648396,1.0245091889488445,103
10995000,44080.000007145274,-520044.892853708,299.92129346461087,1.030477537178551,103
11000000,44100.00000714935,-519386.90818263055,301.62497907132376,1.0246793504199403,103
11005000,44120.00000715342,-520217.2620076514,301.4840993954242,1.0235716276652151,103
11010000,44140.0000071575,-519373.7117428952,302.4054906456506,1.0292955285682661,103
11015000,44160.00000716157,-520042.63677346753,301.49920722448167,1.026957437200015,103
11020000,44180.00000716565,-519126.1735440921,300.38128779363257,1.0263903351709927,103
11025000,44200.00000716972,-520335.15902517806,299.77480405414116,1.0248978835589309,103
11030000,44220.000007173796,-518703.94884487963,302.57684719332667,1.0263661179250083,103
11035000,44240.00000717787,-519395.3802646003,302.38538686028943,1.0252009627864138,103
11040000,44260.000007181945,-519182.3899819851,299.1700476862684,1.0253617333136742,103
11045000,44280.00000718602,-518469.2677436373,301.04869677697184,1.027130890988524,103
11050000,44300.000007190094,-519534.0307334245,302.127534831482,1.0262460115695677,103
11055000,44320.00000719417,-519202.9972084963,300.5651124391655,1.0224709727002819,103
11060000,44340.00000719824,-518174.1127193924,300.297036264935,1.0253670517644478,103
11065000,44360.00000720232,-518940.61468544556,302.82754095215915,1.0284958681081537,103
11070000,44380.00000720639,-520105.6033241735,301.1047061814833,1.0236248702451571,103
11075000,44400.00000721047,-520728.0233868947,302.22194104861507,1.0281111334822046,103
11080000,44420.00000721454,-519327.90646378975,299.26057496886307,1.0256644957661343,103
11085000,44440.000007218616,-519709.10787411826,300.64963867074175,1.0265143140154585,103
11090000,44460.00000722269,-518530.83009520895,299.7595063453457,1.0263909110478895,103
11095000,44480.000007226765,-519919.05636506923,302.2630812463605,1.022715411738817,103
11100000,44500.00000723084,-520055.7297195322,299.15081249256343,1.0279442536262497,103
11105000,44520.000007234914,-519225.62508371915,297.8686079578104,1.0234309077338613,103
11110000,44540.00000723899,-519753.5652516773,301.93744618276537,1.0274023187290997,102
11115000,44560.00000724306,-519610.1669802782,304.1383511019516,1.0253681118957227,102
11120000,44580.00000724714,-519665.38280838076,301.50592884349453,1.0257283157250612,102
11125000,44600.00000725121,-518333.8321361244,302.5242589415467,1.0249846595684804,102
11130000,44620.00000725529,-519285.9307820827,302.00894136659684,1.0237394922068657,102
11135000,44640.00000725936,-519039.4272146076,298.94807741711526,1.0248199750971827,102
11140000,44660.000007263436,-521059.3995486505,299.72639123787343,1.0333761149852456,102
11145000,44680.00000726751,-519274.0790272821,301.12883071658206,1.0270836174769233,102
11150000,44700.000007271585,-518992.64035268873,299.80042424397845,1.0261928325110072,102
11155000,44720.00000727566,-519029.90752303065,299.0275519471009,1.0263304605460146,102
11160000,44740.000007279734,-519684.0124449977,305.1455172969698,1.0268973913399162,102
11165000,44760.00000728381,-517718.500364044,301.01880764743555,1.0221916718448674,102
11170000,44780.00000728788,-519735.0214158071,299.0306782155339,1.0245538259802855,102
11175000,44800.00000729196,-521093.9227400818,299.99769806012216,1.0275023516648591,102
11180000,44820.00000729603,-521808.53069566796,302.3875453288582,1.0303106949490857,102
11185000,44840.00000730011,-520004.5495539615,302.8403491824656,1.028514367991535,102
11190000,44860.00000730418,-519660.66492284625,302.64495318167053,1.0259503704757802,102
11195000,44880.000007308256,-517173.78870527586,298.36489247479295,1.0217903976242986,102
11200000,44900.00000731233,-519815.3183047208,299.70862050691846,1.025387843799358,102
11205000,44920.000007316405,-519018.03752029873,300.5754538198534,1.0270964994467697,102
11210000,44940.00000732048,-519778.3928885306,299.68080029148064,1.028016955859163,102
11215000,44960.000007324554,-519982.723751507,299.74936370300395,1.0268038451299597,102
11220000,44980.00000732863,-519981.8641397159,299.42684711735086,1.0249937949884549,102
11225000,45000.0000073327,-519302.0161827868,299.9908651760869,1.0223909023226856,102
11230000,45020.00000733678,-519738.91640898027,299.5886527385266,1.0236872643388242,102
11235000,45040.00000734085,-518127.0350636055,299.61335103031973,1.0222231589593214,102
11240000,45060.00000734493,-519168.1193002602,302.6549663547762,1.02933100933822,102
11245000,45080.000007349,-519964.4477809239,299.3076253102688,1.027246818034067,102
11250000,45100.000007353075,-518206.8337373517,302.3260487767462,1.0233978611894845,102
11255000,45120.00000735715,-519472.001487195,300.56818064786603,1.0282351798434761,102
11260000,45140.000007361225,-519939.46966395574,301.82482387034094,1.0288081745108908,102
11265000,45160.0000073653,-519657.5945855717,297.06416318709375,1.0252558748687068,102
11270000,45180.00000736937,-520326.8677423422,304.7385308359366,1.0239360850286592,102
11275000,45200.00000737345,-519958.719386142,299.65692511085194,1.0234956499823413,102
11280000,45220.00000737752,-518830.95782752964,301.58117872891165,1.0243722645745263,102
11285000,45240.0000073816,-519178.1591975775,300.2459308168007,1.0209997180311368,102
11290000,45260.00000738567,-519963.044072418,298.18023310803807,1.0214003167135486,102
11295000,45280.000007389746,-519028.0218063474,303.89201368450586,1.0284804596181685,102
11300000,45300.00000739382,-519129.9947350528,299.978446088931,1.0285899520426465,102
11305000,45320.000007397895,-520001.6289201863,301.910238991683,1.025330667853676,102
11310000,45340.00000740197,-519069.17085720995,300.97171160058275,1.02304454522436,102
11315000,45360.000007406044,-518656.5541041028,299.3862417940778,1.0222480135040295,102
11320000,45380.00000741012,-519365.05279041314,301.0878481394048,1.0254852635222398,102
11325000,45400.00000741419,-519284.9386492453,299.6392584250025,1.0229000032930107,102
11330000,45420.00000741827,-520104.48699204344,301.4116574606349,1.027921303189187,102
11335000,45440.00000742234,-519336.895572298,303.2134245246607,1.0230625880711373,102
11340000,45460.00000742642,-518738.0717324915,302.8134112903436,1.0219279321338546,102
11345000,45480.00000743049,-520907.685462218,299.580098151538,1.0239409153316654,102
11350000,45500.000007434566,-520324.92360260664,298.8486125076716,1.0291744705265984,102
11355000,45520.00000743864,-520297.7262827053,303.5531135299472,1.0244309253360615,102
11360000,45540.000007442715,-518273.14365618676,302.9148201236278,1.026067582256065,102
11365000,45560.00000744679,-519704.4997354017,301.0017378572032,1.0296923281974886,102
11370000,45580.000007450864,-520067.48946471233,299.9895186939125,1.023325945171463,102
11375000,45600.00000745494,-520196.4236814042,302.8389266218561,1.0274401563036657,102
11380000,45620.00000745901,-519581.87153864675,300.1617722508295,1.0254701966006017,102
11385000,45640.00000746309,-520308.64775800216,298.48127945814986,1.024637058303817,102
11390000,45660.00000746716,-518664.52213657997,302.0036726708015,1.0285645043460905,102
11395000,45680.00000747124,-519734.4852173077,302.3908457517487,1.0286709707183452,102
11400000,45700.00000747531,-520271.47943699127,300.01545952050134,1.0266919994775472,102
11405000,45720.000007479386,-519058.2929762078,300.0079019703087,1.0256846122007621,102
11410000,45740.00000748346,-519863.5128810413,301.23449997235366,1.0277688673927319,102
11415000,45760.000007487535,-519843.10555933835,301.7064114220469,1.0254677376460972,102
11420000,45780.00000749161,-518763.6229165534,298.03701218015294,1.025932099884839,102
11425000,45800.000007495684,-519812.6861337025,300.4330389555713,1.0261441601969663,102
11430000,45820.00000749976,-520587.87181557436,303.6923272111374,1.0295014181818967,102
11435000,45840.00000750383,-518643.7390532878,300.9610198461618,1.026661919550379,102
11440000,45860.00000750791,-520345.38616066077,305.09298880229386,1.0255571516549653,102
11445000,45880.00000751198,-520917.646326842,301.5893540232299,1.02765262870572,102
11450000,45900.00000751606,-520250.7088420186,301.3530872512866,1.0297898157180343,102
11455000,45920.00000752013,-520166.8101838243,300.2464980338867,1.025107143807436,102
11460000,45940.000007524206,-519350.6981129388,300.636881818376,1.028398050063715,102
11465000,45960.00000752828,-519320.8126932457,301.71344630818174,1.0237245172549947,102
11470000,45980.000007532355,-519566.6319331352,300.09561440622394,1.0264330584627694,102
11475000,46000.00000753643,-519835.66145394254,302.46038145225,1.0291436922409778,102
11480000,46020.000007540504,-519493.8722884131,297.9963995209063,1.0281847568696445,102
11485000,46040.00000754458,-519128.83128829557,301.9811086858469,1.0282263795608146,102
11490000,46060.00000754865,-519212.0701666449,303.3679941975336,1.02919120919656,102
11495000,46080.00000755273,-518286.1648638728,301.3986159642952,1.020971319711938,102
11500000,46100.0000075568,-520231.27898891224,303.3066149540657,1.0295438985880108,102
11505000,46120.00000756088,-520565.9177438235,299.95726982092344,1.0278451012109804,102
11510000,46140.00000756495,-519068.08544856124,302.0863202038546,1.0267002463426964,102
11515000,46160.000007569026,-519733.2637488302,303.5914992791231,1.0263122260817663,102
11520000,46180.0000075731,-520084.90006631636,298.7398001741068,1.0257078717557633,102
11525000,46200.000007577175,-519535.97184558306,299.965944273723,1.0259445182339164,102
11530000,46220.00000758125,-518371.2868178047,299.22788781813756,1.0249689398253956,102
11535000,46240.000007585324,-519362.39127128664,303.58492232286164,1.0268003061219055,102
11540000,46260.0000075894,-519947.5604879204,301.83065902414324,1.0293509654810957,102
11545000,46280.00000759347,-519800.92506447504,301.1561682899404,1.029513435159224,102
11550000,46300.00000759755,-520044.2214465523,301.7910729050402,1.0277457602167572,102
11555000,46320.00000760162,-518559.54643503996,300.6755298188483,1.0272403397459882,102
11560000,46340.0000076057,-519583.22365605575,300.4501236698719,1.0258248309301645,102
11565000,46360.00000760977,-520430.701502017,300.33621677407496,1.028408699700178,102
11570000,46380.000007613846,-518853.5812960111,299.573004788819,1.028667365941803,102
11575000,46400.00000761792,-521075.2119047295,300.4289173110664,1.0275720798517913,102
11580000,46420.000007621995,-518946.75674006226,300.8471761151258,1.026909376692593,102
11585000,46440.00000762607,-519197.2496121817,301.5398627405396,1.0251665969710122,102
11590000,46460.000007630144,-519843.5884977856,301.6355129289198,1.0301502826640883,102
11595000,46480.00000763422,-520252.41983976355,302.2874182359222,1.026883560588586,102
11600000,46500.00000763829,-519516.32301676227,298.7209871094579,1.0293895869766894,102
11605000,46520.00000764237,-519427.74671614077,299.3356449436758,1.0269802931002792,102
11610000,46540.00000764644,-518369.25091057783,304.3463287321244,1.0265510358733099,102
11615000,46560.00000765052,-520323.7901396807,301.1191054094708,1.0264951693393498,102
11620000,46580.00000765459,-519280.477619682,302.25413189335836,1.0213656248386558,102
11625000,46600.000007658666,-518374.59839359066,300.9091912996322,1.0285884811430852,102
11630000,46620.00000766274,-520662.07468149625,299.68304875347354,1.030960291847454,102
11635000,46640.000007666815,-520183.8578587957,302.48302615752283,1.0258799622861916,102
11640000,46660.00000767089,-518859.579403793,301.9739252152924,1.0270669043839957,102
11645000,46680.000007674964,-520183.9729320258,301.5497230920351,1.027874895851988,102
11650000,46700.00000767904,-519584.6510345398,300.24779222569714,1.0262927843489527,102
11655000,46720.00000768311,-519087.5156471182,302.4758679726421,1.027188769595869,102
11660000,46740.00000768719,-519076.85155739984,301.545564014339,1.0253035200649196,102
11665000,46760.00000769126,-519410.3042491658,303.2114390636882,1.0251578499556508,102
11670000,46780.00000769534,-518900.63747345493,300.4557401386476,1.026610369246137,102
11675000,46800.00000769941,-519237.79311697674,301.4756573248794,1.02602538745468,102
11680000,46820.000007703486,-519724.2465783092,302.2139425162073,1.0288242455637766,102
11685000,46840.00000770756,-519628.65220659645,302.2608735319963,1.0284830216536511,102
11690000,46860.000007711635,-518275.7932242551,301.75188505982464,1.0238454981994316,102
11695000,46880.00000771571,-518275.0005689219,301.8988522577785,1.0208865366050606,102
11700000,46900.000007719784,-520628.4800334305,302.85993520818266,1.024642567026178,102
11705000,46920.00000772386,-519308.81855753926,298.2310125642851,1.0260089113492326,102
11710000,46940.00000772793,-519679.8961341544,300.6901181953908,1.0292099511654176,102
11715000,46960.00000773201,-520205.9471826467,303.5299531389856,1.0251537946881961,102
11720000,46980.00000773608,-520467.9472623165,301.41428759585136,1.0327655664059547,102
11725000,47000.00000774016,-519292.1447952511,300.67663964051246,1.0286675110287447,102
11730000,47020.00000774423,-520645.1953755205,300.5169268675554,1.0259362191102732,102
11735000,47040.000007748306,-518447.9375599795,301.7775138675879,1.023455172825326,102
11740000,47060.00000775238,-518763.470159461,301.2312583070182,1.0237641067301573,102
11745000,47080.000007756455,-518821.1437005955,298.6671147069122,1.023963559915157,102
11750000,47100.00000776053,-518874.7854817654,300.1159515637008,1.0270709399442965,102
11755000,47120.000007764604,-518379.22658718773,301.821331287647,1.0250892373843257,102
11760000,47140.00000776868,-519344.79558707145,304.3302116833467,1.0314704852887333,102
11765000,47160.00000777275,-518508.22839691164,298.68998605612256,1.0243113791950829,102
11770000,47180.00000777683,-520113.92999881506,302.73109679653675,1.0318631783883114,102
11775000,47200.0000077809,-520395.0137635025,300.88878323604246,1.0244375487289878,102
11780000,47220.000007784976,-518736.9572179208,301.4050880547413,1.0233767849448387,102
11785000,47240.00000778905,-519243.6102287541,300.576607591431,1.0213472332625912,102
11790000,47260.000007793125,-519596.7720057501,301.18974635863356,1.0281945114181645,102
11795000,47280.0000077972,-519462.8036454052,300.94463746857576,1.0216296280924604,102
11800000,47300.000007801274,-520069.0377546584,301.33267661012786,1.0274835778152478,102
11805000,47320.00000780535,-520148.837214726,300.2286230813641,1.0312392386506233,102
11810000,47340.00000780942,-519684.33882054244,303.14058701878434,1.0273357118370336,102
11815000,47360.0000078135,-518565.8133232957,302.7149859790928,1.023017428206143,102
11820000,47380.00000781757,-519840.1142436825,301.02407127417115,1.0283387215521116,102
11825000,47400.00000782165,-519071.6210092078,303.0268282814507,1.0245652773898353,102
11830000,47420.00000782572,-519090.1514884145,301.49476579076503,1.029763984797467,102
11835000,47440.000007829796,-518859.84433000186,296.48087219627047,1.0275301638116645,102
11840000,47460.00000783387,-518344.5801930905,299.5425668975457,1.0251158606534851,102
11845000,47480.000007837945,-520251.5877488975,303.41717875455794,1.0274972036679526,102
11850000,47500.00000784202,-518867.2528668253,299.05901862359036,1.0277859717746707,102
11855000,47520.000007846094,-519481.543214181,300.81337468107125,1.0239309689516258,102
11860000,47540.00000785017,-518786.0913557499,299.0174330744036,1.0232323639193013,102
11865000,47560.00000785424,-519038.51583117014,300.7774586432389,1.022057901689948,102
11870000,47580.00000785832,-518466.9267493875,300.19715367184955,1.0241384020345767,102
11875000,47600.00000786239,-519430.31361707,301.03543743477854,1.0240257342688055,102
11880000,47620.00000786647,-518943.93803844834,300.40375797985274,1.0267688415108907,102
11885000,47640.00000787054,-518630.4212804553,301.55199025552025,1.0278834674049326,102
11890000,47660.000007874616,-518654.3212402726,299.836609921275,1.0260059206225836,102
11895000,47680.00000787869,-519135.7690582287,300.4543044990368,1.0254102044657436,102
11900000,47700.000007882765,-520108.83630497125,302.13578782192366,1.0267039292754472,102
11905000,47720.00000788684,-518672.9308874144,301.5320748938813,1.0276016322847155,102
11910000,47740.000007890914,-518908.8010622966,300.9735608959556,1.0248420650179928,102
11915000,47760.00000789499,-519532.84799541975,300.4199567800724,1.028421287378872,102
11920000,47780.00000789906,-518586.99746584124,302.90336292517736,1.0265314897955715,102
11925000,47800.00000790314,-518319.67430143175,304.07526740147387,1.0224233813104489,102
11930000,47820.00000790721,-519627.59171848255,304.6274041292115,1.0277608051444445,102
11935000,47840.00000791129,-519437.9767360671,303.2654829323089,1.0253922099408594,102
11940000,47860.00000791536,-518527.9144116908,305.578692738098,1.0248327923380463,102
11945000,47880.000007919436,-521155.64849495515,299.7883433372516,1.0298354262219034,102
11950000,47900.00000792351,-519710.3037397051,303.0192035813758,1.0228513505173855,102
11955000,47920.000007927585,-520041.47507838206,302.3225676516294,1.0288719743334935,102
11960000,47940.00000793166,-519557.8747126432,302.1559605433552,1.0255910574677813,102
11965000,47960.000007935734,-519259.498585196,301.6651221652761,1.0306152949689424,102
11970000,47980.00000793981,-519828.715720518,301.192255565495,1.025885193319603,102
11975000,48000.00000794388,-519983.4315579699,300.85837792911167,1.0258585965026803,102
11980000,48020.00000794796,-519238.4951740985,301.83208294701524,1.024505338342737,102
11985000,48040.00000795203,-519308.3281361272,299.2335907645509,1.0281699237455904,102
11990000,48060.00000795611,-518688.9712377186,299.0525657884647,1.0242954338322066,102
11995000,48080.00000796018,-518630.0937186566,301.61014196164086,1.0232707042653433,102
12000000,48100.000007964256,-519429.52933567157,300.3016579536265,1.0218600980545358,102
12005000,48120.00000796833,-519536.0710579348,300.7664993205318,1.0213819583190937,102
12010000,48140.000007972405,-520498.0985668963,301.2619864488452,1.030050906850748,102
12015000,48160.00000797648,-518858.36622542655,300.64310479226265,1.0236642959192306,102
12020000,48180.000007980554,-520449.50326979463,301.9232644864747,1.0280576943528676,102
12025000,48200.00000798463,-519741.70471172826,299.94462309612277,1.027107491045487,102
12030000,48220.0000079887,-520465.0436611369,300.30189633445235,1.0270751318150457,102
12035000,48240.00000799278,-520185.9897613551,302.88879352939216,1.028185738211261,102
12040000,48260.00000799685,-520621.33304894785,301.516728792892,1.0247522490653496,102
12045000,48280.00000800093,-519596.2858369171,305.27360147073597,1.0250520529711007,102
12050000,48300.000008005,-518834.9173419492,298.4841918428032,1.0266624816635448,102
12055000,48320.000008009076,-517737.25291602174,300.7113307024336,1.0205760393370413,102
12060000,48340.00000801315,-519305.7583585358,300.57484655306826,1.025595961100073,102
12065000,48360.000008017225,-519208.71161997784,301.00903024212516,1.0242625575141318,102
12070000,48380.0000080213,-519084.2210112915,301.1140997745487,1.024651598023937,102
12075000,48400.000008025374,-520052.88027147716,298.13819657256147,1.0267135221204555,102
12080000,48420.00000802945,-519778.6988933061,304.63395848417326,1.0243590631597166,102
12085000,48440.00000803352,-518932.78262212034,300.6564238585421,1.0224084500914519,102
12090000,48460.0000080376,-519615.7010187695,300.76415019050415,1.0221909945111098,102
12095000,48480.00000804167,-518385.1759319813,300.53961290673095,1.0261100964329493,102
12100000,48500.00000804575,-520407.17086547613,303.63464912079564,1.0257032353748736,102
12105000,48520.00000804982,-517968.3655183886,302.173456069101,1.019165221088921,102
12110000,48540.000008053896,-519187.89178266795,303.5859472738999,1.0250004145264566,102
12115000,48560.00000805797,-519247.2917887545,300.8261720527477,1.026265000172133,102
12120000,48580.000008062045,-518743.018595309,300.3184029902101,1.0277079893479193,102
12125000,48600.00000806612,-519580.5726868382,301.7333486361034,1.0267410661139613,102
12130000,48620.000008070194,-519291.71125475387,299.22787581255113,1.0270939823601488,102
12135000,48640.00000807427,-519457.92555663455,302.0195841612229,1.0239095456036333,102
12140000,48660.00000807834,-519910.93335800245,301.7216721946608,1.0286935887595032,102
12145000,48680.00000808242,-520080.9869842229,301.936613347491,1.0246562762464022,102
12150000,48700.00000808649,-520336.245181751,301.23279938241694,1.028505742647428,102
12155000,48720.00000809057,-519176.32852985896,299.1142357340954,1.0218236939992957,102
12160000,48740.00000809464,-519135.5575016546,301.8683885949923,1.0249598369594786,102
12165000,48760.000008098716,-519634.60342170857,299.53465008185947,1.0230136073643343,102
12170000,48780.00000810279,-518995.3379482855,302.907772571549,1.025246757650823,102
12175000,48800.000008106865,-518808.0973120346,302.53768929527854,1.0223614391645817,102
12180000,48820.00000811094,-518363.73706513783,300.19514850485484,1.0224930320220016,102
12185000,48840.000008115014,-518939.6428928389,300.1564603011233,1.0254498838222972,102
12190000,48860.00000811909,-519136.3244781892,299.20339712477306,1.0248335148910117,102
12195000,48880.00000812316,-520133.45711890375,299.66463121205857,1.0216338396056053,102
12200000,48900.00000812724,-519316.41568696266,302.7310236344434,1.0272834528936334,102
12205000,48920.00000813131,-518845.9119257701,298.0890388154577,1.025880116298762,102
12210000,48940.00000813539,-520099.48129361216,299.78235226541307,1.0296246472715498,102
12215000,48960.00000813946,-519956.4793871781,301.29512715093813,1.025918817774994,102
12220000,48980.000008143536,-519904.5649729369,300.89951548706273,1.0241377078598146,102
12225000,49000.00000814761,-520082.5042842382,302.9086066634881,1.0227640948322665,102
12230000,49020.000008151685,-519471.65503238,300.4444318984018,1.025264221895245,102
12235000,49040.00000815576,-519328.2718970487,298.58591608682974,1.0240332227106619,102
12240000,49060.000008159834,-518738.5612063685,297.47134906466994,1.020004364071455,102
12245000,49080.00000816391,-519455.0217571878,299.5769197742214,1.0245994401606078,102
12250000,49100.00000816798,-519213.76655868976,299.43762047026206,1.0265104740628603,102
12255000,49120.00000817206,-518878.5422009141,300.6834146988762,1.0253753152317018,102
12260000,49140.00000817613,-517930.01778283855,298.79783571960354,1.0266651650244984,102
12265000,49160.000008180206,-520096.4892248791,300.1580722949367,1.0257088827361733,102
12270000,49180.00000818428,-519365.7333640703,300.42001566494207,1.0272620053169537,102
12275000,49200.000008188355,-518898.5361148203,301.8324748269225,1.0249446042999892,102
12280000,49220.00000819243,-519551.2925510919,301.25956748001704,1.0295154345785404,102
12285000,49240.000008196504,-520054.6395060478,304.40863989500264,1.0291548452607082,102
12290000,49260.00000820058,-519162.5507209564,300.8151252225946,1.032017196004714,102
12295000,49280.00000820465,-519269.6082962635,303.7251494300007,1.0265976721801429,102
12300000,49300.00000820873,-519098.3771614386,302.1058280127333,1.027950329788476,102
12305000,49320.0000082128,-519752.62376043224,301.41911167252476,1.0249840006210007,102
12310000,49340.00000821688,-518895.8659279733,298.0529351784091,1.023529148830223,102
12315000,49360.00000822095,-520087.73715092265,300.6182149916319,1.0264125012330996,102
12320000,49380.000008225026,-519690.26624430297,299.4778229603811,1.0254802408892834,102
12325000,49400.0000082291,-519077.1409654601,300.4509753718989,1.0253410987179505,102
12330000,49420.000008233175,-519708.9219899345,298.82398939729,1.0296841536157055,102
12335000,49440.00000823725,-519210.7001365593,301.8834978032435,1.025248098994671,102
12340000,49460.000008241324,-519434.2137374566,298.4872039090752,1.027279990736321,102
12345000,49480.0000082454,-519703.15663063526,300.8966901473696,1.027453203056698,102
12350000,49500.00000824947,-519695.0638445476,302.6530838378767,1.0185251365060424,102
12355000,49520.00000825355,-519223.6571687616,301.6317275405424,1.027099699434262,102
12360000,49540.00000825762,-519543.71676483797,303.12715483434016,1.0273390757422094,102
12365000,49560.0000082617,-519663.4863781105,299.50007877820775,1.0261270961853963,102
12370000,49580.00000826577,-518465.4313879614,300.0007537117542,1.025390849766233,102
12375000,49600.000008269846,-519805.1006045488,302.70917249617617,1.0221203744367637,102
12380000,49620.00000827392,-519521.6344072372,298.6086453800551,1.0255696574586173,102
12385000,49640.000008277995,-521120.8727717763,300.4296740959047,1.0285944532493734,102
12390000,49660.00000828207,-519861.7030722881,300.21952248521944,1.026790566646257,102
12395000,49680.000008286144,-520458.79933171114,302.95324093277253,1.025899948542473,102
12400000,49700.00000829022,-519010.5217757174,302.13864509925236,1.025758511981622,102
12405000,49720.00000829429,-519045.6678169563,300.1764286052037,1.0271984988402363,102
12410000,49740.00000829837,-518521.4336438214,299.20946168908966,1.0227203423138829,102
12415000,49760.00000830244,-520211.61089906073,300.74040278886747,1.0295598368218175,102
12420000,49780.00000830652,-519086.1755921489,303.2631252901181,1.0261609240590719,102
12425000,49800.00000831059,-519781.67285654997,298.53668568240903,1.0290861413624897,102
12430000,49820.000008314666,-520090.4569565917,299.36874287559255,1.0303337195237152,102
12435000,49840.00000831874,-518911.17420770833,299.54712152388083,1.0309311969233352,102
12440000,49860.000008322815,-519068.02331880946,299.47828989560986,1.0230564387810466,102
12445000,49880.00000832689,-517923.71855068323,300.04053760086015,1.029535979815101,102
12450000,49900.000008330964,-520338.77492326545,297.97924402461354,1.028887141627763,102
12455000,49920.00000833504,-519147.9434732655,301.2866158935874,1.0278962666934284,102
12460000,49940.00000833911,-519433.6467134787,302.0575752613966,1.0266136294762271,102
12440000,49860.000008322815,-519639.3542167349,300.16172509016906,1.0285111048178714,--
12445000,49880.00000832689,-519846.61764865834,300.1703257727194,1.026283470437149,105
12450000,49900.000008330964,-519303.71959929843,298.41975979924155,1.0239822209626426,104
12455000,49920.00000833504,-520330.5376506788,300.11379718443476,1.02440530621144,104
12460000,49940.00000833911,-519736.6265325288,301.73482917761044,1.030205668190986,104
12465000,49960.00000834319,-520263.9977207689,299.40632199399795,1.0248609947236722,104
12470000,49980.00000834726,-519545.2608397263,300.48251179889087,1.0274508338082142,104
12475000,50000.00000835134,-518737.2220686944,301.0999752618257,1.023735156680365,104
12480000,50020.00000835541,-518981.050100836,299.2238907958054,1.0272879023534096,103
12485000,50040.000008359486,-518552.79162713443,299.32724078282087,1.0229759642415386,103
12490000,50060.00000836356,-520653.4831803292,303.04935385386,1.0241281302649468,103
12495000,50080.000008367635,-519498.3529881693,301.048351021173,1.0234261638052535,103
12500000,50100.00000837171,-520062.8495209357,302.49504048645224,1.0279564101550078,103
