#"Step","Time (ps)","Potential Energy (kJ/mole)","Temperature (K)","Density (g/mL)","Speed (ns/day)"
5000,120.00000000005473,-516118.3161988007,298.9352162981056,1.0235069843343731,--
10000,140.00000000003652,-516226.2122121253,298.54744748169685,1.0224931392286956,103
15000,159.9999999999899,-515965.3100562298,300.28395115505947,1.0270250919811006,103
20000,179.9999999999433,-516460.43937081075,303.096442834959,1.0227155029513721,103
25000,199.9999999998967,-516530.8967021343,302.5805646687816,1.0259872422051566,103
30000,219.99999999985008,-515538.5313748913,298.5887922683567,1.0249399961851882,103
35000,239.99999999980346,-517381.26075748843,299.7291386536457,1.0253414304665203,103
40000,259.99999999978525,-516588.0384921632,301.5751784278959,1.0290784955894872,103
45000,279.99999999988074,-516029.7742514126,301.74817496382866,1.023921175455861,103
50000,299.99999999997624,-515861.6873721706,303.29293178072453,1.0251267490472395,103
55000,320.00000000007174,-516439.47973882663,301.8128386377511,1.0235853286819747,103
60000,340.00000000016723,-517885.06101057073,302.84346753913775,1.0266981355394151,103
65000,360.00000000026273,-516146.8622449909,302.1748134326751,1.0264201225157763,103
70000,380.0000000003582,-517101.57879814925,302.17124720714247,1.0256801180199866,103
75000,400.0000000004537,-517075.3621521485,299.97231253242813,1.0323029299678572,103
80000,420.0000000005492,-515910.7165357913,299.90469360514857,1.0264340891580834,103
85000,440.0000000006447,-516343.4754249952,301.3777720674212,1.0246714890151638,103
90000,460.0000000007402,-517265.82497406704,301.3692041538242,1.026478545927417,103
95000,480.0000000008357,-516791.57128724945,301.065488212449,1.0278545924591564,103
100000,500.0000000009312,-515166.8830423176,302.6654266821387,1.0251048747025404,103
105000,520.0000000010267,-517340.4888816357,301.7026520489743,1.023131403200802,103
110000,540.0000000011222,-516111.02461436717,305.3207198187004,1.024744984124819,103
115000,560.0000000012177,-516483.4137907608,299.77078115530395,1.0257937344991528,103
120000,580.0000000013132,-515127.26209172746,301.6773030801231,1.0235096790419829,103
125000,600.0000000014087,-517135.1308922882,301.24142243122054,1.0272834424875525,103
130000,620.0000000015042,-516976.2851762746,301.98267615575173,1.028383981525502,103
135000,640.0000000015997,-516941.0185959763,301.1531186680404,1.0247810589850626,103
140000,660.0000000016952,-518222.6354193338,301.72196947092795,1.03010828903893,103
145000,680.0000000017907,-517012.15151348244,300.6220977300148,1.022940189461876,103
150000,700.0000000018862,-515532.5118691223,299.54637064387214,1.023969313063135,103
155000,720.0000000019817,-516753.374836548,303.1432211680498,1.0271444120660436,103
160000,740.0000000020772,-516769.40499414783,299.44627035672147,1.0244947525641526,103
165000,760.0000000021727,-517576.9181618113,300.0550167427788,1.026525908116175,103
170000,780.0000000022682,-515581.47968809865,302.3421484694927,1.0246237690335158,103
175000,800.0000000023637,-518440.4342704243,300.9987759334396,1.0265254124301562,103
180000,820.0000000024592,-516840.4092978006,301.88608520342524,1.027148277336092,103
185000,840.0000000025547,-517333.6092552317,296.8559140868156,1.0258484657840174,103
190000,860.0000000026502,-516983.7682348951,299.81937114945015,1.0269755764896875,103
195000,880.0000000027457,-516535.485923629,297.9956117524905,1.0258479288675784,103
200000,900.0000000028411,-516515.9604356461,305.1033056903982,1.0236996877084659,103
205000,920.0000000029366,-516714.92854125355,299.6213286653186,1.0267448228894913,103
210000,940.0000000030321,-517832.2318283224,300.7775321555168,1.0232497015234048,103
215000,960.0000000031276,-516457.1231954496,301.8077978872734,1.0260219658395944,103
220000,980.0000000032231,-516651.03945732745,300.88463142926685,1.0251522252193324,103
225000,1000.0000000033186,-518407.6861088376,301.5871810098973,1.0281053885047162,103
230000,1020.0000000034141,-515844.52560230996,302.3171894942738,1.020739885976421,103
235000,1040.0000000030548,-517662.06666605733,304.5796761923507,1.0284219333797053,103
240000,1060.0000000025818,-517232.15398750803,302.5847072616517,1.0284786950886236,102
245000,1080.000000002109,-516200.00605052663,301.1201132652494,1.0263147789848086,102
250000,1100.000000001636,-517143.66798102716,302.53380449147875,1.0289031528959276,102
255000,1120.000000001163,-516674.4207901519,300.89682889625266,1.0277480323367716,102
260000,1140.00000000069,-517931.5645710707,300.05545979025305,1.028038035096782,102
265000,1160.0000000002171,-517597.7450638013,300.22990077465835,1.028391217634242,102
270000,1179.9999999997442,-516155.9165881793,300.21672071815,1.0218434669283505,102
275000,1199.9999999992713,-515752.5973056804,302.6698749931662,1.0222474673739743,102
280000,1219.9999999987983,-516279.1263084167,303.46359843111156,1.0221378409773723,102
285000,1239.9999999983254,-517404.44039086625,300.99602682740607,1.0276907163721567,102
290000,1259.9999999978525,-516717.0075349123,302.34282071570146,1.0223291967219588,102
295000,1279.9999999973795,-517371.13566589705,305.46785287514007,1.0261706101569068,102
300000,1299.9999999969066,-516134.56532310764,302.03507450498796,1.026009241195345,102
305000,1319.9999999964336,-517469.95948944497,300.1625028139075,1.024688200099354,102
310000,1339.9999999959607,-515196.10676144087,300.5319242815506,1.021849454673236,102
315000,1359.9999999954878,-517417.1076659849,301.5636575441246,1.023107285107642,102
320000,1379.9999999950148,-516761.6022771469,301.4050930422265,1.026904433917349,102
325000,1399.999999994542,-517434.7593755685,298.9320133279651,1.0270870441763404,102
330000,1419.999999994069,-516902.7837324296,299.0719725919242,1.0247706176318483,102
335000,1439.999999993596,-516916.2997164454,301.0710755518127,1.024148778707093,102
340000,1459.999999993123,-517919.0310774385,301.61622890072425,1.0245014149992826,102
345000,1479.9999999926501,-516065.4741629085,301.10216260780135,1.0233979941356148,102
350000,1499.9999999921772,-516628.22043433273,301.6697444055709,1.0250310740986384,102
355000,1519.9999999917043,-516697.59760490246,300.1689294743968,1.021233183196865,102
360000,1539.9999999912313,-516524.67243607435,300.3975505826321,1.0231861767019879,102
365000,1559.9999999907584,-517548.2691261575,301.4497709711713,1.026510557063595,102
370000,1579.9999999902855,-517362.00868931133,301.92283058247074,1.0243220719725736,102
375000,1599.9999999898125,-516344.8712805109,300.0161395131335,1.0232453432484516,102
380000,1619.9999999893396,-516759.5503407547,302.4907742165315,1.027537634783193,102
385000,1639.9999999888666,-516004.77953175595,299.02924221059925,1.0263885861116455,102
390000,1659.9999999883937,-518104.47728151875,301.4145024560032,1.0296557897907725,102
395000,1679.9999999879208,-517391.94805119094,300.62300417438195,1.025027028749945,102
400000,1699.9999999874478,-516847.2508469436,300.4159533585341,1.0245691432696273,102
405000,1719.999999986975,-517195.6679796118,300.60588320555127,1.027074169818526,102
410000,1739.999999986502,-518550.2834729925,299.6171386600379,1.0270084514326558,102
415000,1759.999999986029,-517471.5958595304,300.0445738832415,1.0261667035664535,102
420000,1779.999999985556,-516484.9892946372,299.62614819596183,1.0282670872019628,102
425000,1799.9999999850832,-516749.289956036,300.09413163771296,1.0269319454773425,102
430000,1819.9999999846102,-516635.7747166746,302.9648522895317,1.0263135086559712,102
435000,1839.9999999841373,-516064.60654942016,301.64061454298593,1.0281111291686071,102
440000,1859.9999999836643,-516996.08068826585,300.09736839970583,1.028686624838127,102
445000,1879.9999999831914,-517685.9109268475,302.6131831118771,1.0297056100526116,102
450000,1899.9999999827185,-516416.3583701516,301.60557257455883,1.020863972545564,102
455000,1919.9999999822455,-517050.6513050259,303.1517296737761,1.0274505993426823,102
460000,1939.9999999817726,-517051.7413384868,300.510909945732,1.0246508757731683,102
465000,1959.9999999812997,-515990.9095098211,303.2708569633526,1.0218883404421333,102
470000,1979.9999999808267,-517911.3051962715,300.66852843889967,1.027506111554161,102
475000,1999.9999999803538,-516765.09429711266,299.42757360709874,1.0256231711343593,102
480000,2019.9999999798808,-517791.4230157614,301.7902938074878,1.0297608750448841,102
485000,2039.999999979408,-516449.3917853357,305.1290182508502,1.028455353918585,102
490000,2059.999999978935,-517971.1203555227,300.4992030932021,1.0269576595005425,102
495000,2079.9999999784623,-518307.61789317825,297.2402051933492,1.0212716460421898,102
500000,2099.9999999779893,-515598.3797138529,302.3337678093876,1.022067122805095,102
505000,2119.9999999775164,-517471.4340719264,300.74705313788434,1.0261625805362191,102
510000,2139.9999999770434,-517641.83081905637,301.4074777524551,1.027660726113177,102
515000,2159.9999999765705,-516773.20879858034,300.1717228850702,1.0240166239402653,102
520000,2179.9999999760976,-515681.12093767384,301.9996219221415,1.0259221197036918,102
525000,2199.9999999756246,-517224.00230010087,300.8951312322189,1.0228705560303208,102
530000,2219.9999999751517,-517524.19170261524,301.8833898634301,1.026569314766075,102
535000,2239.9999999746788,-517372.4235601714,302.5418367532022,1.0251953185753988,102
540000,2259.999999974206,-518175.01405091025,299.3202403347291,1.0295671402629727,102
545000,2279.999999973733,-515715.1047538838,300.9754680294592,1.0223983235766922,102
550000,2299.99999997326,-515748.0664265109,298.80885307128466,1.0236838651895348,102
555000,2319.999999972787,-517096.10356855555,300.82485528126716,1.0226686434115786,102
560000,2339.999999972314,-517828.28903930634,301.75462303974564,1.0270948704392509,102
565000,2359.999999971841,-516895.25711972243,301.8266752924152,1.0309300733214914,102
570000,2379.999999971368,-516482.9731423261,299.7261549345177,1.024461786270668,102
575000,2399.9999999708953,-516050.3129889434,301.69118554531343,1.0267152114732505,102
580000,2419.9999999704223,-517396.25781422923,302.4538309667234,1.026376908812397,102
585000,2439.9999999699494,-518408.42135751643,300.08750023961875,1.0275332766766732,102
590000,2459.9999999694764,-516996.1247473494,302.03622603990067,1.0265354472816655,102
595000,2479.9999999690035,-516390.8154356398,300.13966298379506,1.0274891716909351,102
600000,2499.9999999685306,-517733.82829515147,299.15331098359303,1.0317879304047743,102
605000,2519.9999999680576,-516692.497837781,299.58648178041494,1.0256560400964632,102
610000,2539.9999999675847,-515937.8594974773,299.94786883198844,1.024672422704773,102
615000,2559.9999999671118,-516339.6212864183,301.1570330493416,1.0259035713537288,102
620000,2579.999999966639,-516516.2108994562,300.46092966859294,1.0240407279498804,102
625000,2599.999999966166,-517012.19029874005,300.8026818370508,1.0265695918044124,102
630000,2619.999999965693,-516927.5129889485,299.5462288859172,1.0217139145045213,102
635000,2639.99999996522,-516108.233703726,300.06108835435595,1.0228068818702598,102
640000,2659.999999964747,-516167.1318644979,303.5427900190336,1.0275207281673788,102
645000,2679.999999964274,-516413.4241049681,302.06019290439355,1.0213004022325216,102
650000,2699.999999963801,-516931.03277822374,301.2693959374835,1.0307793983773106,102
655000,2719.9999999633283,-517138.2879390344,300.6673022326117,1.028811858687909,102
660000,2739.9999999628553,-517617.30605618726,299.1079555376649,1.0265835351866466,102
665000,2759.9999999623824,-517052.5669722399,301.01222303396116,1.0258981017024593,102
670000,2779.9999999619095,-516870.15607843245,302.1701360691059,1.0246208635132203,102
675000,2799.9999999614365,-516668.74645170197,302.73909671377334,1.0254682532302315,102
680000,2819.9999999609636,-517971.35715777264,300.52407406991443,1.0281798834426668,102
685000,2839.9999999604906,-516580.89710090426,300.6505095797301,1.026792044898731,102
690000,2859.9999999600177,-517381.87728106184,303.0650084420311,1.0307339472875086,102
695000,2879.9999999595448,-516881.96120342007,301.32658990687816,1.0230610750890683,102
700000,2899.999999959072,-516544.97732928465,302.23098003741836,1.0231752448535276,102
705000,2919.999999958599,-516289.3582908872,301.16138483696176,1.0267338834041606,102
710000,2939.999999958126,-517124.3998545676,301.2231840203998,1.0235834729220765,102
715000,2959.999999957653,-517536.55958608934,302.4627932525124,1.0293209668504906,102
720000,2979.99999995718,-515907.0943463289,301.46058982665284,1.023899215922204,102
725000,2999.999999956707,-516904.8170782018,298.58559345298437,1.0248522615561104,102
730000,3019.999999956234,-516171.11890783673,300.9474412996228,1.022879024865997,102
735000,3039.9999999557613,-515792.9363497831,300.4742877469498,1.023504412871704,102
740000,3059.9999999552883,-517517.3747083361,302.01222818683686,1.0282526062050936,102
745000,3079.9999999548154,-517019.6560595548,302.65526908244345,1.027586079840882,102
750000,3099.9999999543425,-516898.58309739106,299.1193128924617,1.0264468165754281,102
755000,3119.9999999538695,-517247.31345076626,302.457625169609,1.0297468269175776,102
760000,3139.9999999533966,-517936.76408818737,300.62236778468014,1.0245546754290813,102
765000,3159.9999999529236,-516648.01542929723,301.61325472238565,1.023735909790899,102
770000,3179.9999999524507,-517156.0948385368,298.663182482239,1.0298355261748329,102
775000,3199.9999999519778,-517013.35373293725,301.7099555356705,1.0259758801868992,102
780000,3219.999999951505,-517668.8111657901,299.5828088919726,1.0287589601608311,102
785000,3239.999999951032,-515992.50971733965,299.40243263705395,1.0198747954606469,102
790000,3259.999999950559,-517099.95924491016,299.6496690284675,1.0270405303142016,102
795000,3279.999999950086,-516227.2739156508,302.00870661580143,1.025238102654796,102
800000,3299.999999949613,-515917.65812831884,299.2613310085597,1.0304226790540325,102
805000,3319.99999994914,-517174.66043956927,298.9027612684436,1.0283809183778176,102
810000,3339.999999948667,-517711.3059636764,300.2348255538026,1.028151297255173,102
815000,3359.9999999481943,-515805.1541636388,300.07458396095575,1.0240195882638152,102
820000,3379.9999999477213,-517162.74200775335,301.6680638007898,1.02667349786959,102
825000,3399.9999999472484,-517161.64077969734,299.7731935120257,1.025780809873658,102
830000,3419.9999999467755,-516826.43015316664,303.6577990634468,1.0241828413839946,102
835000,3439.9999999463025,-517905.1836486645,302.6949419327948,1.0267197861462882,102
840000,3459.9999999458296,-515904.17911414197,301.8114268358273,1.0287180174522859,102
845000,3479.9999999453566,-517260.27049073577,299.61758549513706,1.0267583274525618,102
850000,3499.9999999448837,-515908.86205205135,296.5806517425378,1.0228567314836439,102
855000,3519.999999944411,-517109.1674144622,298.0055649953996,1.0248149470073922,102
860000,3539.999999943938,-516480.8390808846,301.18776104310695,1.0261793470060252,102
865000,3559.999999943465,-516436.2064288517,300.1198893307553,1.0257282995892698,102
870000,3579.999999942992,-516355.00116210664,297.699648794064,1.0227206269749853,102
875000,3599.999999942519,-517460.7913472657,299.00820697994965,1.0281103612942948,102
880000,3619.999999942046,-516514.31269144895,301.1671623897649,1.0229327050989379,102
885000,3639.999999941573,-515836.1904985765,302.73253564919355,1.0225287560340146,102
890000,3659.9999999411,-517066.10238984297,300.83856619914474,1.0253971171608436,102
895000,3679.9999999406273,-517077.5084471365,300.43558022598694,1.025597018104719,102
900000,3699.9999999401543,-516423.8741546059,299.5128961557134,1.0223543026090145,102
905000,3719.9999999396814,-516605.1911584209,301.48822626205344,1.0242627044033725,102
910000,3739.9999999392085,-517407.7963009323,299.577154821583,1.0259368131782287,102
915000,3759.9999999387355,-516275.68888610625,300.246777410802,1.0250912900076259,102
920000,3779.9999999382626,-517048.84931838233,302.12709329372774,1.0250043105681674,102
925000,3799.9999999377897,-517181.37065517367,299.6344403305933,1.0237107427497003,102
930000,3819.9999999373167,-517180.0169443351,302.49389186945507,1.0287792758168488,102
935000,3839.999999936844,-516653.7348527557,299.20553833702587,1.0248866867812216,102
940000,3859.999999936371,-517135.5054645487,302.81794860082545,1.027653670872538,102
945000,3879.999999935898,-517520.05458862614,300.22683784289256,1.0291242520217114,102
950000,3899.999999935425,-516548.8377019854,301.8178008466775,1.0272239160545573,102
955000,3919.999999934952,-517535.22998782014,302.18684230007045,1.0252059294233165,102
960000,3939.999999934479,-517100.5860823151,302.95596555157596,1.0280688161268101,102
965000,3959.999999934006,-517305.96016215393,299.5165701040158,1.0288610107127198,102
970000,3979.999999933533,-516453.93602311495,300.43328198354834,1.0240993725166476,102
975000,3999.9999999330603,-516238.70537726255,300.0863989196295,1.026293839592973,102
980000,4019.9999999325873,-517016.35868302407,299.6081824871008,1.031853759904791,102
985000,4039.9999999321144,-517350.2377350121,302.58975267240874,1.0252183785448803,102
990000,4059.9999999316415,-517622.30139233684,301.1614123978859,1.0259166856625246,102
995000,4079.9999999311685,-516917.7080582378,302.17019312489805,1.0267300015111231,102
1000000,4099.999999930696,-517433.18665556354,301.08232966135165,1.02843340108688,102
1005000,4119.999999930223,-517881.0055795612,301.07450403269763,1.029200293802591,102
1010000,4139.99999992975,-517127.55757118016,301.6872609873307,1.0277177907568595,102
1015000,4159.999999929277,-516173.4597557734,301.09154798359924,1.0236926610288652,102
1020000,4179.999999928804,-516978.4990985512,301.3360254695006,1.0241589084926472,102
1025000,4199.999999928331,-516183.92991759,302.20882567005424,1.02585528936042,102
1030000,4219.999999927858,-516876.33742236136,300.03943764726137,1.025763537681664,102
1035000,4239.999999927385,-516404.7744963686,302.1320700019183,1.0237236514639168,102
1040000,4259.999999926912,-515973.495980144,300.36459581330877,1.0250474085666426,102
1045000,4279.999999926439,-516813.97194832005,302.99361045308626,1.0229627691666205,102
1050000,4299.999999925966,-517674.3172309431,301.26429015688916,1.0275813191566228,102
1055000,4319.999999925493,-517275.70158482715,302.85096432983136,1.0275370745072416,102
1060000,4339.99999992502,-516369.64917628444,301.8932929913694,1.0228389279167458,102
1065000,4359.999999924547,-517264.98262945097,301.2247534863783,1.0226950425779946,102
1070000,4379.9999999240745,-516161.83152807713,299.8834525739538,1.024777774445699,102
1075000,4399.9999999236015,-516825.2243974258,300.4479890876854,1.0220508256123653,102
1080000,4419.999999923129,-517398.3520686785,305.88523338412404,1.0236970211117815,102
1085000,4439.999999922656,-517001.7370472811,301.04945353724787,1.0233092146778944,102
1090000,4459.999999922183,-516758.11659381096,301.6015054372494,1.0250180931427897,102
1095000,4479.99999992171,-516456.27476775367,299.85265399027406,1.0274534424376538,102
1100000,4499.999999921237,-517780.787417236,301.5618941676181,1.0262023685481476,102
1105000,4519.999999920764,-517309.92960087885,301.4660901244454,1.0253107222873672,102
1110000,4539.999999920291,-516495.37585710455,302.3321826108104,1.0228664990828915,102
1115000,4559.999999919818,-517706.1522627929,300.18368582735263,1.0278764065861734,102
1120000,4579.999999919345,-517788.62379956665,302.0960609893619,1.0276115166331998,102
1125000,4599.999999918872,-518382.4581387888,298.8781557058854,1.0293308544910666,102
1130000,4619.999999918399,-516536.2653389338,300.21116779036845,1.0330741073802674,102
1135000,4639.999999917926,-516931.8856934414,300.0071252065186,1.0237076339577635,102
1140000,4659.999999917453,-516208.2991720191,303.90916738690754,1.0247709585697693,102
1145000,4679.99999991698,-516914.6812942184,298.935613245617,1.0265931797163825,102
1150000,4699.9999999165075,-518563.6255153222,300.4795836757292,1.0286502964102249,102
1155000,4719.9999999160345,-516057.36370035773,300.2232955052719,1.0231296077007244,102
1160000,4739.999999915562,-516143.94059783267,300.88922612822296,1.0242262071785677,102
1165000,4759.999999915089,-517377.2863772083,302.4879714537067,1.0276801507927371,102
1170000,4779.999999914616,-517536.90574744344,298.5120112417765,1.0239311803835573,102
1175000,4799.999999914143,-516719.550557266,299.34602462219374,1.0263741543797467,102
1180000,4819.99999991367,-517185.11641519656,302.231213167629,1.0274748960855271,102
1185000,4839.999999913197,-516098.21802631626,299.43997954742105,1.0239969461701088,102
1190000,4859.999999912724,-515550.74234407535,302.174837007155,1.0221140876070136,102
1195000,4879.999999912251,-517275.3240385868,300.6629961135088,1.0253250184937208,102
1200000,4899.999999911778,-518554.0634835295,299.44911784043654,1.028742014843041,102
1205000,4919.999999911305,-516549.8133745901,301.9256688016279,1.02470685296225,102
1210000,4939.999999910832,-516878.702241977,300.45575445977977,1.0223298230819764,102
1215000,4959.999999910359,-516914.0056730686,300.91814941363987,1.0272160626200226,102
1220000,4979.999999909886,-518171.9944831168,300.19344451691626,1.0258488042832081,102
1225000,4999.999999909413,-516663.0291795642,302.648467293708,1.0282123447362006,102
1230000,5019.9999999089405,-517194.4356919646,300.6950040904984,1.0273170965670166,102
1235000,5039.9999999084675,-516971.99435125594,300.2430059585271,1.024332974002349,102
1240000,5059.999999907995,-516635.60756500345,302.71234808917484,1.0268154325993395,102
1245000,5079.999999907522,-516923.0749732782,299.83502893757264,1.0253012212599415,102
1250000,5099.999999907049,-517184.9565314364,299.2246085170017,1.0214697962528467,102
1255000,5119.999999906576,-516897.2739155579,304.60338010310414,1.0251215766533603,102
1260000,5139.999999906103,-516503.381549299,301.08397912716146,1.023926230824367,102
1265000,5159.99999990563,-516596.9253751403,300.6297600577711,1.028337089532417,102
1270000,5179.999999905157,-516824.7830382376,299.868399757138,1.0256352985767954,102
1275000,5199.999999904684,-517046.2029803295,300.32910574030115,1.0276969043805213,102
1280000,5219.999999904211,-517933.46908690664,299.9133180822165,1.026846840839164,102
1285000,5239.999999903738,-517407.90318525233,302.3661680652672,1.0267211447844877,102
1290000,5259.999999903265,-516896.38282354176,301.9049288164333,1.0258903337061749,102
1295000,5279.999999902792,-517417.7767406467,302.8421686273952,1.0249093420022335,102
1300000,5299.999999902319,-517192.0554166748,300.5266895587847,1.023932915764601,102
1305000,5319.999999901846,-516842.42692534835,300.34700908758,1.0246199445343667,102
1310000,5339.9999999013735,-516305.97989642527,302.04542607864096,1.0252783494876976,102
1315000,5359.999999900901,-515988.9572002422,302.62303180562725,1.0247170656088995,102
1320000,5379.999999900428,-517247.6143766546,300.1716452265093,1.0265383277226698,102
1325000,5399.999999899955,-516912.74712822307,304.31710463545653,1.0296048399623043,102
1330000,5419.999999899482,-516640.25655702595,302.6818354149849,1.0257331739855167,102
1335000,5439.999999899009,-517897.459751335,300.07933914009084,1.0279448477607454,102
1340000,5459.999999898536,-517370.00126473536,301.72615804783646,1.028914141825114,102
1345000,5479.999999898063,-517644.2903784099,300.208903440976,1.0261848145994001,102
1350000,5499.99999989759,-517615.5160893642,300.6576016650803,1.0272088550024592,102
1355000,5519.999999897117,-516425.7509746656,303.74492582833835,1.024334724255973,102
1360000,5539.999999896644,-515717.3517948948,302.78671705826906,1.0229443100859736,102
1365000,5559.999999896171,-517291.84265011107,299.2853187652479,1.0254533452798158,102
1370000,5579.999999895698,-516975.8068345196,299.3684185323223,1.0253245262771864,102
1375000,5599.999999895225,-516580.0540318673,301.7429615674725,1.0238706817489265,102
1380000,5619.999999894752,-516317.6357023679,300.26194829426606,1.025618738870237,102
1385000,5639.999999894279,-516647.92855407856,300.3451053014852,1.0234680057191712,102
1390000,5659.9999998938065,-517093.71590979304,299.97359406965893,1.024560359733259,102
1395000,5679.999999893334,-516434.8915409653,302.7209700252781,1.0231636463846023,102
1400000,5699.999999892861,-517294.2785954126,301.8404274421635,1.025106476567279,102
1405000,5719.999999892388,-517380.29574553925,299.4608994722908,1.0242588996028774,102
1410000,5739.999999891915,-516809.5930872187,299.046911458609,1.025878136098168,102
1415000,5759.999999891442,-517237.5046794133,300.39099805841494,1.026310468163721,102
1420000,5779.999999890969,-517896.52853748505,300.61358314854425,1.0264150562244885,102
1425000,5799.999999890496,-517168.6391590256,301.32479643714254,1.0264538433492456,102
1430000,5819.999999890023,-516635.93504707003,299.4675813785693,1.0256887494448188,102
1435000,5839.99999988955,-517037.47930768365,302.1018341925223,1.0291095844799005,102
1440000,5859.999999889077,-517291.34673582856,298.66003063623475,1.0272626925786632,102
1445000,5879.999999888604,-516430.6571662524,300.7883289724467,1.025695517124947,102
1450000,5899.999999888131,-515960.54532403755,303.0000148354587,1.0237855668412148,102
1455000,5919.999999887658,-515886.7939784145,303.3840561203835,1.0263918347386842,102
1460000,5939.999999887185,-516016.32091055624,301.07117670284657,1.0249324582071082,102
1465000,5959.999999886712,-515944.52486698097,301.66858849857925,1.028201338576433,102
1470000,5979.9999998862395,-517056.6298422527,301.1812698856349,1.0226261479249708,102
1475000,5999.999999885767,-515835.9498433494,300.59391432097624,1.0280418967625407,102
1480000,6019.999999885294,-517285.8240902738,303.7456398500273,1.0273142266885644,102
1485000,6039.999999884821,-515549.5330169855,299.27835038305034,1.0204766262902965,102
1490000,6059.999999884348,-516043.3169452967,299.76927870186876,1.0221830366928921,102
1495000,6079.999999883875,-518509.5713146359,299.8847408742181,1.0302096926573985,102
1500000,6099.999999883402,-517660.7604832761,299.90435774773823,1.0260190181900675,102
1505000,6119.999999882929,-516382.39472352597,298.9258362556356,1.0259130845191102,102
1510000,6139.999999882456,-516851.6807360479,301.4213175576103,1.0234945409479357,102
1515000,6159.999999881983,-517566.8295889194,301.50891991204026,1.0296490777825895,102
1520000,6179.99999988151,-516839.1773746782,300.23750091765015,1.025598965434616,102
1525000,6199.999999881037,-516846.59270638204,299.5124725353133,1.0301169769849419,102
1530000,6219.999999880564,-515910.82123975945,302.65409191830594,1.0249127912197962,102
1535000,6239.999999880091,-517332.61789662065,299.7148723565111,1.0283337917181476,102
1540000,6259.999999879618,-516026.6010642692,301.6361372651384,1.022911593846657,102
1545000,6279.999999879145,-516862.33945773705,302.080544609533,1.0257693473273173,102
1550000,6299.9999998786725,-516147.4582665034,298.97058825698156,1.0275576628568814,102
1555000,6319.9999998782,-516745.55522082886,297.6813111036882,1.0222993357700265,102
1505000,6119.999999882929,-517512.93535251776,301.07152844058703,1.0279387038730017,--
1510000,6139.999999882456,-516153.5058931953,300.125508646077,1.0232483069291276,107
1515000,6159.999999881983,-517185.27367661987,299.2334769521538,1.0277203789537468,107
1520000,6179.99999988151,-516251.1652343571,299.8493013685799,1.0249224169693938,106
1525000,6199.999999881037,-515973.92779408046,301.3405678661987,1.023944510616705,106
1530000,6219.999999880564,-516918.2970758779,300.4373516491876,1.02667212530822,106
1535000,6239.999999880091,-516551.71855891077,300.62457331620806,1.0240618724624666,106
1540000,6259.999999879618,-516537.35041628196,300.90770801573626,1.0281958271613878,106
1545000,6279.999999879145,-515791.6000711813,302.52976063289026,1.024364315963411,106
1550000,6299.9999998786725,-516539.7664053517,300.62511160365665,1.0209603911547884,106
1555000,6319.9999998782,-516816.6263420952,302.8736773852603,1.0281170234518202,106
1560000,6339.999999877727,-517343.26828789315,301.33896353145843,1.0262797422947187,106
1565000,6359.999999877254,-518350.38886125013,300.3974491792971,1.024633591077796,106
1570000,6379.999999876781,-518199.038687967,298.01209035988853,1.025499681459566,106
1575000,6399.999999876308,-515895.9570350284,304.3465102866122,1.023511064248715,106
1580000,6419.999999875835,-517704.3724778008,300.606316856649,1.0260010963331443,106
1585000,6439.999999875362,-516496.2001293411,300.73219344385245,1.024716476456826,106
1590000,6459.999999874889,-516709.9037241114,301.855213887498,1.0285300794242382,106
1595000,6479.999999874416,-516484.52263647015,302.29977520266914,1.0258084885300354,106
1600000,6499.999999873943,-516765.32293087314,302.6933111461409,1.02663606548017,106
1605000,6519.99999987347,-516759.1948474983,300.8947992190847,1.028021936362991,106
1610000,6539.999999872997,-516217.9009922794,302.90366736112713,1.024231255028152,106
1615000,6559.999999872524,-517296.2552593949,303.33945397148926,1.0269489538927046,106
1620000,6579.999999872051,-516743.705972363,301.5171718061861,1.0271453707979101,106
1625000,6599.999999871578,-516429.09956043307,298.96793916295456,1.021767431829304,106
1630000,6619.9999998711055,-516590.32797670504,301.7886621449245,1.023240372559379,106
1635000,6639.999999870633,-516729.6054223003,301.5429482743624,1.0233839293274363,106
1640000,6659.99999987016,-518431.74564876594,299.368550395738,1.0297490687355348,106
1645000,6679.999999869687,-517265.1768177622,299.8927973629234,1.0235112647469615,106
1650000,6699.999999869214,-517498.2825730324,300.580292977515,1.026476148193926,106
1655000,6719.999999868741,-516103.5026207911,298.41061287481364,1.0261383662439858,106
1660000,6739.999999868268,-517571.6496052593,301.3123529352462,1.0274406830856875,106
1665000,6759.999999867795,-517741.3835068473,296.23703185973756,1.0258525399358642,106
1670000,6779.999999867322,-515868.6249279643,299.55016665061277,1.0279556292703558,106
1675000,6799.999999866849,-515758.4588712349,301.94368997565624,1.0274485626558079,106
1680000,6819.999999866376,-515636.4129284329,298.48428754811454,1.021835146257167,106
1685000,6839.999999865903,-517602.40456117154,301.46981685145954,1.0257654960393834,106
1690000,6859.99999986543,-517255.69842738705,301.80424465579324,1.028377211742438,106
1695000,6879.999999864957,-516195.4292254157,300.4557241691089,1.024166941739357,106
1700000,6899.999999864484,-517552.49044068856,300.2198008495856,1.0255416582762036,106
1705000,6919.999999864011,-516501.2196357411,301.00924343574735,1.0276798820348683,106
1710000,6939.9999998635385,-516673.0329861592,299.9011401549326,1.0283220437241698,106
1715000,6959.999999863066,-516772.6617317698,302.9128381083461,1.0286891735103874,106
1720000,6979.999999862593,-517157.00932840793,302.2898242707709,1.0283194814659138,106
1725000,6999.99999986212,-515863.40686652786,301.77467047746933,1.025069076260089,106
1730000,7019.999999861647,-518139.09704853524,301.3949224979675,1.0283223851782257,106
1735000,7039.999999861174,-517048.2453832985,301.6573599862452,1.0257973370410134,106
1740000,7059.999999860701,-517117.9459507887,300.86875522273306,1.0243512271026958,106
1745000,7079.999999860228,-516743.5900202957,300.40509245467905,1.0259593975475318,106
1750000,7099.999999859755,-517210.85072217765,298.72019111010945,1.0229569075035239,106
1755000,7119.999999859282,-517030.58404353634,298.4920171820649,1.0282065722593738,106
1760000,7139.999999858809,-515678.0906377197,302.4257207696868,1.0210142059614715,106
1765000,7159.999999858336,-517439.87697172514,301.52693556018835,1.0289212513566623,106
1770000,7179.999999857863,-518436.07246494084,300.2464396127784,1.029332803435568,106
1775000,7199.99999985739,-516704.02014050353,300.4293695158729,1.0251926130981506,106
1780000,7219.999999856917,-516674.6983793718,301.42839095314525,1.0280617050216163,106
1785000,7239.999999856444,-517144.42974347994,299.5013381479569,1.0310475691118919,106
1790000,7259.9999998559715,-517129.9674665015,301.4100131575875,1.0287085715303663,106
1795000,7279.999999855499,-516842.11289345706,301.4028952540671,1.02773846981079,106
1800000,7299.999999855026,-517390.81125400076,303.63353063191875,1.0247637176482804,106
1805000,7319.999999854553,-516655.8499353933,300.44055958380045,1.0254397456075381,106
1810000,7339.99999985408,-517113.65949212713,298.86559529930673,1.025003497448439,106
1815000,7359.999999853607,-516175.87861493137,300.7313713474094,1.027434653029614,106
1820000,7379.999999853134,-516514.6946647002,301.9181231446752,1.024901396431652,106
1825000,7399.999999852661,-516599.41399044706,299.3858320222405,1.0241085010798239,106
1830000,7419.999999852188,-516489.97637387575,301.8903135651822,1.025482173012599,106
1835000,7439.999999851715,-516998.03751568357,302.14419041739785,1.0303880049113758,106
1840000,7459.999999851242,-517294.9542942811,301.2137975921668,1.0276469547865075,106
1845000,7479.999999850769,-515827.2874789031,302.1381587125643,1.0257790334403392,106
1850000,7499.999999850296,-517534.6697268679,296.6621104999562,1.0286755230684508,106
1855000,7519.999999849823,-516670.4865276492,299.28115368975705,1.02231166151924,106
1860000,7539.99999984935,-516752.89975662204,302.33618681840557,1.0249001385502252,106
1865000,7559.999999848877,-515815.1166268585,301.2088345841421,1.0307440679809703,106
1870000,7579.9999998484045,-517519.19737394736,303.049867238904,1.0258668683538226,106
1875000,7599.999999847932,-517779.9471517885,303.45376361478156,1.0286577456756223,106
1880000,7619.999999847459,-517425.6340221297,300.44843364048734,1.026241669768582,106
1885000,7639.999999846986,-516346.08164761146,300.7450275065548,1.0249783976137492,106
1890000,7659.999999846513,-516398.8845759665,300.64011736467154,1.0247194550901806,106
1895000,7679.99999984604,-516550.71104940865,302.3430101838394,1.0252870438749144,106
1900000,7699.999999845567,-517404.92338528065,301.98507631959734,1.0242690317904224,106
1905000,7719.999999845094,-516017.56906596315,300.831043616731,1.027319254886359,106
1910000,7739.999999844621,-516741.0345197201,301.11203241378104,1.0263304621918772,106
1915000,7759.999999844148,-515694.7625998969,301.6777463412678,1.0241319256091392,106
1920000,7779.999999843675,-518125.51613002876,302.8190967484954,1.0257277057302248,106
1925000,7799.999999843202,-516261.19033312565,302.3096514967021,1.0270595092090755,106
1930000,7819.999999842729,-517835.0730977664,303.06020838461455,1.0299385282790396,106
1935000,7839.999999842256,-517366.58957288787,302.57535337975776,1.025999409638201,106
1940000,7859.999999841783,-517014.3695930585,302.52570879478316,1.0252672159146419,106
1945000,7879.9999998413105,-517282.61576276016,304.75508651283957,1.0274471067605966,106
1950000,7899.9999998408375,-516900.95649308525,301.1096893663084,1.022534289492069,106
1955000,7919.999999840365,-516467.3140475268,301.9075109091871,1.0229584531059348,106
1960000,7939.999999839892,-517062.59521489963,301.6162249335112,1.0260961430510323,106
1965000,7959.999999839419,-516449.8594058817,300.62430406788894,1.0277350360914908,106
1970000,7979.999999838946,-517215.8965068746,302.4624537405458,1.023518266807866,106
1975000,7999.999999838473,-516647.65675226506,298.5262881258741,1.0283680061877907,106
1980000,8019.999999838,-517162.5848749024,304.0339326998518,1.0270280920124004,106
1985000,8039.999999837527,-516235.889560923,300.88275496206086,1.0287065994551514,106
1990000,8059.999999837054,-516014.0637357221,300.7912508158904,1.0234367602139969,106
1995000,8079.999999836581,-515993.4336933226,297.92401029299674,1.02582327799277,106
2000000,8099.999999836108,-517297.34307878953,302.2254149299753,1.0278268062803981,106
2005000,8119.999999835635,-516828.8586686745,299.2975856548614,1.026252298238882,106
2010000,8139.999999835162,-515914.958614985,303.06530894049655,1.0237861630848821,106
2015000,8159.999999834689,-517887.4023570942,300.42913530664845,1.0298257205762738,106
2020000,8179.999999834216,-516990.12822604226,301.24951758616436,1.0285174563855906,106
2025000,8199.999999835562,-517142.04868858866,301.3934463414901,1.0233482592038772,106
2030000,8219.999999839636,-517232.35487643094,299.2360150705601,1.027289977534168,106
2035000,8239.99999984371,-518553.37995828106,299.9957116620378,1.0301826985228242,106
2040000,8259.999999847785,-517561.703930428,298.1891447063907,1.0274944495053115,106
2045000,8279.99999985186,-515598.76481234445,298.17990255689386,1.0244479737427428,106
2050000,8299.999999855934,-517149.5136397637,300.48271748293985,1.0264919805784938,106
2055000,8319.999999860009,-517499.7494990085,298.23370099691743,1.0227952622035894,106
2060000,8339.999999864083,-517988.26125633763,300.0848511810003,1.02815709920513,106
2065000,8359.999999868158,-517470.14244734263,300.4127282186693,1.0228870517787874,106
2070000,8379.999999872232,-518619.14641164383,301.57848652313163,1.0252520439617765,106
2075000,8399.999999876307,-516994.93138685124,298.98911622238876,1.0272011410203155,106
2080000,8419.999999880381,-517187.8911859933,297.7879234018412,1.0268335825213617,106
2085000,8439.999999884456,-516645.8379343704,299.06604517685105,1.0236195910724464,106
2090000,8459.99999988853,-516842.7321849335,301.71309668198455,1.0260849273385177,106
2095000,8479.999999892605,-519028.5294909149,300.9177548463734,1.029832915242948,106
2100000,8499.99999989668,-517181.924435091,300.51440984812496,1.029335610701853,106
2105000,8519.999999900754,-517291.0531572518,300.58999878513873,1.0260647933711664,106
2110000,8539.999999904829,-517066.84505986026,301.78681677911925,1.0253116632786945,106
2115000,8559.999999908903,-517079.52738976036,303.184384561116,1.0263913563052147,106
2120000,8579.999999912978,-517294.8474855628,304.02487593751346,1.0284895393316464,106
2125000,8599.999999917052,-517876.6364137777,299.55269031451337,1.0281705988875793,106
2130000,8619.999999921127,-515610.4311850793,303.4930061870372,1.0250524828466683,106
2135000,8639.999999925201,-516501.26827302855,302.4103146900321,1.0260346313800541,106
2140000,8659.999999929276,-517677.29993743263,300.9945132645126,1.0271688994157298,106
2145000,8679.99999993335,-516009.98352544033,303.54261506734986,1.0260380450201612,106
2150000,8699.999999937425,-516749.4162366614,301.4360483757639,1.0266364970135866,106
2155000,8719.9999999415,-518094.0675808161,299.9154422162044,1.029987286331779,106
2160000,8739.999999945574,-515542.6117957807,301.6874374498503,1.02355605840104,106
2165000,8759.999999949649,-517632.2183729252,302.44097170845623,1.0293939448626057,106
2170000,8779.999999953723,-516937.81734791,301.9355181335467,1.0254212368705615,106
2175000,8799.999999957798,-516702.9314102987,299.9794333480443,1.0266559755866789,106
2180000,8819.999999961872,-516157.1488071827,299.5174297371388,1.0287164334189434,106
2185000,8839.999999965947,-518661.809063358,304.27889484236243,1.0270758537772815,106
2190000,8859.999999970021,-516061.4367481498,301.18562079066635,1.0262076510005906,106
2195000,8879.999999974096,-517307.343427968,301.90110120437686,1.0280630790166037,106
2200000,8899.99999997817,-517133.22018960514,302.76055223320145,1.0261611170443354,106
2205000,8919.999999982245,-516229.6459210769,302.9765216140534,1.0224934231518943,106
2210000,8939.99999998632,-516705.6371992121,300.08870924640127,1.0310576176392083,106
2215000,8959.999999990394,-517465.4219384757,301.34353907802705,1.0244217648922893,106
2220000,8979.999999994468,-517400.3552946774,298.908944415178,1.027471951522538,106
2225000,8999.999999998543,-517118.3538179577,301.3148304266395,1.0263228688683415,106
2230000,9020.000000002618,-516338.69536494394,299.7808141885213,1.0256615262756572,106
2235000,9040.000000006692,-516110.83705170057,304.3015444740954,1.0268516604243896,106
2240000,9060.000000010767,-516910.75227166177,299.9107175161189,1.0310798156222578,106
2245000,9080.000000014841,-517288.2185160427,304.8388359929088,1.0260827322668322,106
2250000,9100.000000018916,-516608.41650479403,300.8324557206077,1.0263563394987596,106
2255000,9120.00000002299,-517288.2477048917,298.0681921971316,1.0263210997277519,106
2260000,9140.000000027065,-515179.98009176995,301.3196507913685,1.0263183486163032,106
2265000,9160.00000003114,-517290.4902069208,302.93715104907807,1.0278755399862658,106
2270000,9180.000000035214,-517874.0797002835,300.87433911381777,1.027197463197602,106
2275000,9200.000000039288,-518110.1126252392,299.97451708521965,1.0293291415346175,106
2280000,9220.000000043363,-516882.3969657612,299.53120325866496,1.0263734847460475,106
2285000,9240.000000047437,-517127.4129904194,300.8494236315002,1.0278633927007295,106
2290000,9260.000000051512,-516572.7372569421,300.84252921827044,1.0261247194911027,106
2295000,9280.000000055586,-515961.91530958377,303.7583429851085,1.0291973877345617,106
2300000,9300.000000059661,-517350.7113883465,302.1982915721408,1.025025851968313,106
2305000,9320.000000063736,-517793.56414308865,299.44524880599675,1.0252862704227594,106
2310000,9340.00000006781,-516747.0150740943,302.2528993785774,1.0269297389385008,106
2315000,9360.000000071885,-516586.70198089094,297.9673512023869,1.0253640098607537,106
2320000,9380.00000007596,-516030.3779307329,301.3738894481028,1.020563816189809,106
2325000,9400.000000080034,-516049.6441976952,299.4800983061056,1.0231578988214152,106
2330000,9420.000000084108,-516524.4273318623,301.03719507001165,1.0248171816818092,106
2335000,9440.000000088183,-517736.7827464491,300.4673572749311,1.0275881873948374,106
2340000,9460.000000092257,-516634.21891179285,302.9839635233384,1.0252401883805125,106
2345000,9480.000000096332,-515119.69788932987,302.5165070734031,1.0234305441014084,106
2350000,9500.000000100406,-517323.0513921138,300.43872271628715,1.024377347477229,106
2355000,9520.000000104481,-515370.5166630666,303.56432776522644,1.0267414602561935,106
2360000,9540.000000108555,-517262.25594237354,301.0434953879353,1.0255644426660113,106
2365000,9560.00000011263,-515906.4551753714,302.90552736133776,1.0244773626899886,106
2370000,9580.000000116705,-517948.7548955041,302.35368995254964,1.025062380751563,106
2375000,9600.000000120779,-516516.27983804466,299.48756158515664,1.0248293886393707,106
2380000,9620.000000124854,-517227.96492937324,300.98935071045605,1.0300795882018283,106
2385000,9640.000000128928,-516491.7641937672,300.7546385167046,1.0242386131481536,106
2390000,9660.000000133003,-516450.87001521187,299.43693757978724,1.0240861682870788,106
2395000,9680.000000137077,-516895.8311927507,301.33464913376304,1.023475326632068,106
2400000,9700.000000141152,-516481.85558575834,300.52341376202276,1.0270620783642472,106
2405000,9720.000000145226,-516773.88302634936,304.473430638352,1.027389408293731,106
2410000,9740.0000001493,-516444.2677880209,301.6090088212449,1.0257913919398312,106
2415000,9760.000000153375,-518028.04372829664,302.55818524132843,1.0263452374575701,106
2420000,9780.00000015745,-516991.3628741414,298.9333109932463,1.0292728574484529,106
2425000,9800.000000161524,-516654.7991873645,304.16624744121776,1.0249282145930334,106
2430000,9820.000000165599,-517276.64928355487,300.5519674989205,1.0308895573012948,106
2435000,9840.000000169674,-517500.07930798735,302.597839758484,1.026201991741334,106
2440000,9860.000000173748,-516526.4970165943,301.731134894281,1.0269981860762323,106
2445000,9880.000000177823,-517220.75548297423,300.16032204443906,1.0265212802795547,105
2450000,9900.000000181897,-517908.56289811875,300.30360966003553,1.0295498325564512,105
2455000,9920.000000185972,-517248.2683884308,298.551499122694,1.0286868607806963,105
2460000,9940.000000190046,-518787.91515645524,303.31108317296594,1.029314694528249,105
2465000,9960.00000019412,-516990.6700613536,302.1875874310137,1.027467391182482,105
2470000,9980.000000198195,-517584.6809458884,300.99376711487156,1.0259223691831,105
2475000,10000.00000020227,-516991.08280282514,299.1811187231018,1.0203649126908891,105
2480000,10020.000000206344,-518462.0336843396,302.4156934621458,1.0269390511278478,105
2485000,10040.000000210419,-516710.1266137487,302.16493948268885,1.0255924392797189,105
2490000,10060.000000214493,-517528.6917429699,303.4482806310588,1.0260581424537212,105
2495000,10080.000000218568,-517113.9428833856,302.4929401353058,1.0241947999826908,105
2500000,10100.000000222642,-514983.68536657677,300.6260328068635,1.0223355484698355,105
2505000,10120.000000226717,-516910.2478497941,298.03926939525684,1.0240849249588704,105
2510000,10140.000000230792,-517637.7950284409,302.57809064897367,1.0287856011034602,105
2515000,10160.000000234866,-516504.49267447484,300.75015460280224,1.0246418359550884,105
2520000,10180.00000023894,-516859.7176737634,299.7908073600021,1.028029514588584,105
2525000,10200.000000243015,-516704.3078891989,301.0069021434296,1.0279900873086862,105
2530000,10220.00000024709,-517794.6603900427,301.0734828591549,1.0251937189170361,105
2535000,10240.000000251164,-516405.08040593006,301.0967275760923,1.0268303617902144,105
2540000,10260.000000255239,-517881.8298884097,297.80635405658546,1.0276322932486233,105
2545000,10280.000000259313,-517679.3919010011,301.724365370328,1.0256035826157641,105
2550000,10300.000000263388,-515763.74520022934,300.4982777533626,1.024002950144338,105
2555000,10320.000000267462,-517689.8553962142,301.4025601379441,1.031681331562537,105
2560000,10340.000000271537,-517872.91420588084,302.77863637304216,1.0269486438753417,105
2565000,10360.000000275611,-517197.6241487742,302.877524254703,1.0249175050980757,105
2570000,10380.000000279686,-515971.87667284836,302.9711639699876,1.0241998405667265,105
2575000,10400.00000028376,-516968.85629428155,302.68421739570186,1.0230639112426043,105
2580000,10420.000000287835,-517657.8615931701,296.75023951683903,1.026376661416567,105
2585000,10440.00000029191,-518031.04120177776,302.0702614839852,1.0273942722346976,105
2590000,10460.000000295984,-517520.61257627304,301.75539007657414,1.0300568417252405,105
2595000,10480.000000300059,-516892.4578429728,303.07878787207073,1.0290460072857124,105
2600000,10500.000000304133,-518030.61677693995,300.5475352192445,1.02786391403713,105
2605000,10520.000000308208,-518452.16598070576,299.87166350786845,1.028523383666426,105
2610000,10540.000000312282,-517376.88394215726,299.55408133134443,1.025665386855906,105
2615000,10560.000000316357,-516377.9684684223,300.7698322374444,1.0230464561407973,105
2620000,10580.000000320431,-518102.6579615937,298.84436810957743,1.0283424384154904,105
2625000,10600.000000324506,-515760.8449486124,299.97639148374714,1.0224204381990751,105
2630000,10620.00000032858,-516773.370317179,302.8310002107017,1.0260725634195627,105
2635000,10640.000000332655,-515485.8963452403,301.3309374461102,1.021588281741502,105
2640000,10660.00000033673,-518023.80636743084,302.3684489989531,1.0244681685675403,105
2645000,10680.000000340804,-516281.73695623875,302.7652114882625,1.0267295963431742,105
2650000,10700.000000344879,-516922.13708180934,301.8145354550997,1.0223092228634756,105
2655000,10720.000000348953,-518334.19200068666,301.6652808357095,1.0305297859554752,105
2660000,10740.000000353028,-517979.47153822915,299.6365982063783,1.0277127514649855,105
2665000,10760.000000357102,-516237.08061101893,301.22213784641514,1.0250502478496586,105
2670000,10780.000000361177,-516115.0027885267,301.1791740397995,1.0256689002620467,105
2675000,10800.000000365251,-517478.2720400074,303.99232394538075,1.0276109644217637,105
2680000,10820.000000369326,-517329.28387858206,301.0622658303626,1.0287622953552242,105
2685000,10840.0000003734,-516378.67374730157,301.5401633891406,1.0291251763269886,105
2690000,10860.000000377475,-517121.2378730145,301.4425324821346,1.0292744586132698,105
2695000,10880.00000038155,-518645.7702514888,304.6700314223596,1.0280473110232005,105
2700000,10900.000000385624,-516151.1261059765,299.63877277509084,1.0267951745690145,105
2705000,10920.000000389698,-516164.7203772352,302.15066530427373,1.0249556263984014,105
2710000,10940.000000393773,-516442.5935349006,297.57459961881153,1.02988858544915,105
2715000,10960.000000397848,-516982.9133249591,299.85358814031565,1.0298621413218434,105
2720000,10980.000000401922,-517007.7529215191,302.9850459397774,1.0270542881421791,105
2725000,11000.000000405997,-516544.0832551187,299.5714336945446,1.0271912958962195,105
2730000,11020.000000410071,-517376.5211636026,301.2074764239808,1.0269011987261376,105
2735000,11040.000000414146,-517730.40429162607,300.964301811308,1.0232859366008138,105
2740000,11060.00000041822,-517161.21145756566,298.31513768293746,1.0275654369898126,105
2745000,11080.000000422295,-516290.4661046611,298.53949578323426,1.0247881543137933,105
2750000,11100.00000042637,-517249.45704717655,299.3650897755267,1.0255271972006992,105
2755000,11120.000000430444,-515669.9763751887,303.2548859097405,1.0226402540706305,105
2760000,11140.000000434518,-516525.33992304164,298.63416289765615,1.0255149638699668,105
2765000,11160.000000438593,-516733.93848826224,299.08288481500136,1.024145047927083,105
2770000,11180.000000442667,-517750.51517832885,301.7000377088916,1.0280340605339697,105
2775000,11200.000000446742,-517363.0891986245,301.0694320800861,1.0295854390948773,105
2780000,11220.000000450817,-517650.12343402114,300.8548633428318,1.0283865710972824,105
2785000,11240.000000454891,-516987.93587575783,302.9836282051515,1.0263229404852476,105
2790000,11260.000000458966,-516552.161620077,299.20259305461644,1.0278918052598953,105
2795000,11280.00000046304,-517327.8736513781,302.9450612712341,1.0258339537116525,105
2800000,11300.000000467115,-517569.72023103246,302.213090069845,1.0300953288634775,105
2805000,11320.00000047119,-518816.5646768431,304.0879423609439,1.0288817812899393,105
2810000,11340.000000475264,-517976.8179423644,302.41143894782056,1.0284105838284099,105
2815000,11360.000000479338,-516617.56134420517,301.7901047887579,1.0259597535810354,105
2820000,11380.000000483413,-516852.1342122699,300.17676075201285,1.0277075024985953,105
2825000,11400.000000487487,-516135.05181319406,299.31333280914066,1.024992986536257,105
2830000,11420.000000491562,-517286.6642606491,304.1594069146977,1.0228729044461058,105
2835000,11440.000000495636,-516194.3175357641,301.986492499275,1.025315000306094,105
2840000,11460.000000499711,-517606.48497739644,300.61220227831484,1.0260969059439997,105
2845000,11480.000000503785,-518032.2880535282,299.7508304719475,1.0295130649857893,105
2850000,11500.00000050786,-517950.9588723788,302.0676600890252,1.0255590797019267,105
2855000,11520.000000511935,-516411.4271247571,303.02764058335384,1.0274464555679226,105
2860000,11540.00000051601,-517410.5303408224,301.58707914530964,1.0278969546420396,105
2865000,11560.000000520084,-517431.6664916645,302.5699117822775,1.0292155947213828,105
2870000,11580.000000524158,-517569.6690242344,301.1564561259078,1.0306747897063162,105
2875000,11600.000000528233,-518146.0868632253,300.63605627768175,1.0265351218891596,105
2880000,11620.000000532307,-516658.4842654506,300.6849579219104,1.026775479109103,105
2885000,11640.000000536382,-516597.34468513797,299.2243936119701,1.0280938369311319,105
2890000,11660.000000540456,-516513.9479195734,301.880996498088,1.0244889568022848,105
2895000,11680.00000054453,-516595.7206522373,301.84136213334966,1.0269650496854934,105
2900000,11700.000000548605,-518711.4973818185,302.3744976708928,1.0276779257933693,105
2905000,11720.00000055268,-516281.09630239126,300.80409647382254,1.0267445223885474,105
2910000,11740.000000556754,-517568.1933136992,297.9286016017329,1.031437288749357,105
2915000,11760.000000560829,-516369.6640368863,299.9809161067148,1.0268590193716745,105
2920000,11780.000000564904,-516820.57050911966,298.13298215078817,1.0252679132828835,105
2925000,11800.000000568978,-517644.4199890415,300.4292137638517,1.0264411213453766,105
2930000,11820.000000573053,-516577.94648586726,301.4602714465828,1.024030466401369,105
2935000,11840.000000577127,-516285.53121516993,302.8297662416039,1.0256800780750026,105
2940000,11860.000000581202,-515554.5448010112,300.85632489459164,1.0240825715872288,105
2945000,11880.000000585276,-516752.68077942333,300.4907022254252,1.0282895956905882,105
2950000,11900.00000058935,-517117.1426826136,297.5917679793803,1.0308213780787854,105
2955000,11920.000000593425,-516445.3668519207,300.90860053413013,1.0288525378078084,105
2960000,11940.0000005975,-517380.7570760143,301.84603183955045,1.0269549631937398,105
2965000,11960.000000601574,-516807.86099474784,299.71678237261796,1.020876789227377,105
2970000,11980.000000605649,-516977.60338137345,302.706159985674,1.024533849405947,105
2975000,12000.000000609723,-517872.802832545,301.9781124809498,1.0265623278358535,105
2980000,12020.000000613798,-518232.34157809615,299.74114580208794,1.027297102080959,105
2985000,12040.000000617873,-517546.3433443592,302.7666780432782,1.0229324555365498,105
2990000,12060.000000621947,-517011.91485496215,300.68448063145,1.0273728754699931,105
2995000,12080.000000626022,-516879.379413974,300.3755377336935,1.0270504986646527,105
3000000,12100.000000630096,-517142.83265239233,300.0989353455699,1.0275008059109851,105
3005000,12120.00000063417,-516166.9801308457,301.79901172530487,1.0277006859850475,105
3010000,12140.000000638245,-517227.52619733126,300.6061894078327,1.0226669330663107,105
3015000,12160.00000064232,-516487.7428394181,300.3850927714792,1.0218981610388682,105
3020000,12180.000000646394,-517646.73962385766,299.5273654784744,1.0327898857388342,105
3025000,12200.000000650469,-516251.6945721144,299.7098533917043,1.025055517736389,105
3030000,12220.000000654543,-517278.66591485706,301.71591938129563,1.0273590235979744,105
3035000,12240.000000658618,-516862.9113911099,299.9927058245183,1.0298896120609495,105
3040000,12260.000000662692,-517598.67822302505,301.7828404300554,1.0262475371916975,105
3045000,12280.000000666767,-516153.4200977243,302.713877138149,1.025379117831302,105
3050000,12300.000000670841,-516882.55513536674,302.8163667928859,1.027963561490942,105
3055000,12320.000000674916,-517286.022496582,302.3614914284076,1.0239104597555628,105
3060000,12340.00000067899,-516387.13758620503,302.1069180601182,1.0278421975548726,105
3065000,12360.000000683065,-517492.56148198736,302.20159215438446,1.027948817712858,105
3070000,12380.00000068714,-517320.20043929946,300.12879810164486,1.0279195973648227,105
3075000,12400.000000691214,-517383.70023102546,301.1372205758514,1.0264661243923323,105
3080000,12420.000000695289,-517827.1694320631,299.8408511209248,1.0293712799709922,105
3085000,12440.000000699363,-517040.45936500677,301.4560807786813,1.023892656794523,105
3090000,12460.000000703438,-516899.9773666132,300.6985841359276,1.0264468977591894,105
3095000,12480.000000707512,-517477.2147037061,302.01778492165687,1.0268134527078518,105
3100000,12500.000000711587,-516449.0886792205,300.64009960007195,1.0274833585097334,105
3105000,12520.000000715661,-517164.7720925084,300.8029164833537,1.022611687361534,105
3110000,12540.000000719736,-517847.3591264563,301.93127939049094,1.0266501812243396,105
3115000,12560.00000072381,-516149.92244346626,300.2421383986284,1.0264569500468792,105
3120000,12580.000000727885,-518312.1170617002,299.8006733315501,1.02799386653944,105
3125000,12600.00000073196,-517758.18057741085,302.43079053287124,1.0292370016861316,105
3130000,12620.000000736034,-516466.1348571591,300.3739274892632,1.024955409922089,105
3130000,12620.000000736034,-517818.4779415282,301.1389453430474,1.0252585426578134,--
3135000,12640.000000740109,-518085.7438021444,302.0566418463582,1.0239851459873053,107
3140000,12660.000000744183,-516883.66243220796,300.87754896662386,1.0231496097175588,107
3145000,12680.000000748258,-515928.977324808,299.75197249363936,1.0230568353713347,106
3150000,12700.000000752332,-517314.5679028076,301.7030461089664,1.0265124678994406,106
3155000,12720.000000756407,-517730.18765441095,300.50578936279203,1.0297928024023388,106
3160000,12740.000000760481,-516189.8198686894,301.9117682937062,1.0241072186725162,106
3165000,12760.000000764556,-516870.2517892211,300.81880094820747,1.0253742595346047,106
3170000,12780.00000076863,-516841.71664516744,301.397859562533,1.0280411663299676,106
3175000,12800.000000772705,-517059.7528095748,301.5860136411956,1.0250605895402696,106
3180000,12820.00000077678,-516268.06839297665,301.78727184168054,1.0283956959220575,106
3185000,12840.000000780854,-517403.11913773045,298.827472148174,1.0298886814936563,106
3190000,12860.000000784928,-517034.32028122083,300.01833842777404,1.0252782608094317,106
3195000,12880.000000789003,-515994.7139919717,299.8095434651963,1.0255712837359874,106
3200000,12900.000000793078,-518028.5138884287,302.4224018829951,1.0306563776507744,106
3205000,12920.000000797152,-517234.22360628005,302.00433212946194,1.0264053113737248,106
3210000,12940.000000801227,-517988.5930130787,302.0518330758207,1.032013430937582,106
3215000,12960.000000805301,-516568.22420870024,302.49184653425516,1.0251520034640358,106
3220000,12980.000000809376,-517870.09232525737,300.40259736090957,1.0260750511783148,106
3225000,13000.00000081345,-517966.32788280374,303.83212483654944,1.0302792880363913,106
3230000,13020.000000817525,-516143.4606187758,301.79392148180654,1.0265764064662282,106
3235000,13040.0000008216,-516402.22257258603,301.36406658361335,1.0234057610949399,106
3240000,13060.000000825674,-516642.2711140518,299.40170904459274,1.0237019530640181,106
3245000,13080.000000829748,-516269.51496552513,301.84695934092457,1.0215168805122297,106
3250000,13100.000000833823,-516349.99624642637,298.9927668067998,1.0259032134870216,106
3255000,13120.000000837897,-515897.4479219492,301.720084306263,1.0271961991941252,106
3260000,13140.000000841972,-517743.4601623127,302.1670513112967,1.0273738097868619,106
3265000,13160.000000846047,-516923.1016831342,300.3351479731964,1.0239002915691273,106
3270000,13180.000000850121,-516317.607706418,297.8855520402522,1.0240322097524415,106
3275000,13200.000000854196,-516494.8983485077,301.8049139938135,1.025000482878078,106
3280000,13220.00000085827,-516163.74901017686,300.2785327314853,1.0293735244379176,106
3285000,13240.000000862345,-515924.0668524178,299.3041963709713,1.0221012290127052,106
3290000,13260.00000086642,-517345.36887098337,302.12037489948193,1.0249566124921523,106
3295000,13280.000000870494,-517835.9029520117,299.0399589356463,1.0262040921593663,106
3300000,13300.000000874568,-517370.6755588923,302.6441791929551,1.0277972989420217,106
3305000,13320.000000878643,-515878.6825398789,300.5780499926228,1.0262122143659391,106
3310000,13340.000000882717,-516540.9711162264,300.30855457565286,1.0253234003680234,106
3315000,13360.000000886792,-517408.7548661004,301.5803208026744,1.0288864882877826,106
3320000,13380.000000890866,-516737.19984162017,301.1849320676241,1.0242107440472263,106
3325000,13400.000000894941,-517311.69383455184,303.6829852840791,1.030293295119614,106
3330000,13420.000000899016,-517124.77382200817,299.16344842640837,1.0267317916625982,106
3335000,13440.00000090309,-516611.803100609,299.4613613337647,1.0265277403228505,106
3340000,13460.000000907165,-516232.3588603323,300.2073341191408,1.026212994228717,106
3345000,13480.00000091124,-517736.06803595857,300.01705987454085,1.023285311965062,106
3350000,13500.000000915314,-517566.27673757426,303.3460235223269,1.0266613837022043,106
3355000,13520.000000919388,-517416.87741181464,301.9138551268631,1.0283563979778145,106
3360000,13540.000000923463,-516678.3843617281,298.64847016950955,1.0267832165909287,106
3365000,13560.000000927537,-517316.6777940593,301.07624672153423,1.0259154663075254,106
3370000,13580.000000931612,-516870.3764649993,299.73553269779717,1.0291687468272188,106
3375000,13600.000000935686,-517260.4103446652,302.3400540833944,1.022909915464063,106
3380000,13620.00000093976,-517548.05945172766,300.01687339689875,1.025464910147893,106
3385000,13640.000000943835,-516287.1943864103,302.84660414396006,1.026886521677963,106
3390000,13660.00000094791,-518307.56163171446,298.6980313880926,1.0281059259094258,106
3395000,13680.000000951984,-517121.3362946247,299.9648350460244,1.0263681050380034,106
3400000,13700.000000956059,-517145.08273827913,302.38706042983506,1.0262323054800169,106
3405000,13720.000000960134,-517648.1781855095,300.9846191839034,1.024431335451868,106
3410000,13740.000000964208,-517072.8438079043,300.9439959790834,1.0285683702296606,106
3415000,13760.000000968283,-515895.1875259946,299.9814203806403,1.0231379484217111,106
3420000,13780.000000972357,-517763.78754421766,301.9763842533107,1.024786358556872,106
3425000,13800.000000976432,-516663.5437656364,299.2862939859239,1.02384223530543,106
3430000,13820.000000980506,-517168.0688778807,303.572135237228,1.0223624560905844,106
3435000,13840.00000098458,-517371.9739322064,301.00067183137776,1.0255330570386916,106
3440000,13860.000000988655,-517359.11384051037,300.59556146499773,1.029573664736173,106
3445000,13880.00000099273,-516656.5423757336,301.7561548760797,1.0230120293059082,106
3450000,13900.000000996804,-516707.469054715,298.38107398380714,1.0254816071179953,106
3455000,13920.000001000879,-516424.5154707073,300.471160656786,1.02803301488278,106
3460000,13940.000001004953,-517350.1980977566,303.4490954517506,1.0190846653949883,106
3465000,13960.000001009028,-516230.6060235414,302.6534945538164,1.0240897140895326,106
3470000,13980.000001013103,-516109.62560136407,299.8536164299485,1.025928394021694,106
3475000,14000.000001017177,-517101.65607035975,301.860539554055,1.0294103241873118,106
3480000,14020.000001021252,-516726.85730223265,301.9443277022088,1.0265561145524469,106
3485000,14040.000001025326,-516461.9060527191,301.5881939087451,1.0234143369324942,106
3490000,14060.0000010294,-517006.5891080785,300.09740889571725,1.0265584241819203,106
3495000,14080.000001033475,-515991.98570952984,301.00230975604467,1.028319935528028,106
3500000,14100.00000103755,-517490.62003186205,301.5235894599156,1.0271508235107587,106
3505000,14120.000001041624,-517999.00074661034,298.39045478961015,1.0287272883176026,106
3510000,14140.000001045699,-516299.6073411505,300.30109799461513,1.0257490585607907,106
3515000,14160.000001049773,-515991.5691795328,300.70271380280326,1.0238838424814685,106
3520000,14180.000001053848,-516690.5691195475,302.4424876954043,1.0247837474591233,106
3525000,14200.000001057922,-516750.39646408684,300.3491574083381,1.026430488617194,106
3530000,14220.000001061997,-515957.0924734089,301.1276169264613,1.0252002521485375,106
3535000,14240.000001066071,-517398.9491066607,299.5756850723185,1.0285574920751646,106
3540000,14260.000001070146,-517624.91560831806,303.0092103125491,1.0267845361562347,106
3545000,14280.00000107422,-516429.3735893306,299.2175599401839,1.0239376987434234,106
3550000,14300.000001078295,-517617.1908481673,301.94051145871657,1.0263611525009413,106
3555000,14320.00000108237,-516498.3002962144,305.53150761968675,1.022656887960698,106
3560000,14340.000001086444,-515456.7064001197,301.1426066614979,1.0296837446856542,106
3565000,14360.000001090519,-517475.2160249711,301.56254164194587,1.0267661773582233,106
3570000,14380.000001094593,-517817.81283358764,300.6890201910498,1.032337679994843,106
3575000,14400.000001098668,-516437.6567032824,300.6539810145177,1.0269431225334065,106
3580000,14420.000001102742,-517655.1955380633,301.9448677458537,1.0260634004249856,106
3585000,14440.000001106817,-518768.2896719442,302.13977735933213,1.0291025634197244,106
3590000,14460.000001110891,-515902.25375308865,300.61283339835927,1.0269782315126759,106
3595000,14480.000001114966,-517430.7975224047,301.1592622033168,1.0264460505953517,106
3600000,14500.00000111904,-515917.66580969,301.717981571058,1.0261511958522755,106
3605000,14520.000001123115,-516118.4851342449,299.5152619953149,1.0237700225569233,106
3610000,14540.00000112719,-516601.5913279415,299.5767075910081,1.0268105803828487,106
3615000,14560.000001131264,-517625.8866778179,301.77748001679504,1.0287243673171205,106
3620000,14580.000001135339,-518617.4511819782,298.55043517008863,1.0220945260026668,106
3625000,14600.000001139413,-516828.2171490141,300.6606116444869,1.0286675572508228,106
3630000,14620.000001143488,-517145.02408204554,302.7475785674152,1.0275171910326424,106
3635000,14640.000001147562,-517486.56838112907,301.61810107867217,1.0260384541396725,106
3640000,14660.000001151637,-518431.416938551,301.1193246096114,1.0280937487333424,106
3645000,14680.000001155711,-517921.00291173253,298.44791786114394,1.0270626050211007,106
3650000,14700.000001159786,-516877.0247288351,300.89596790979425,1.0235510261932723,106
3655000,14720.00000116386,-517837.28865195415,300.8765482301679,1.0249464951214045,106
3660000,14740.000001167935,-517797.88298697537,301.6637901072506,1.0281018763041885,106
3665000,14760.00000117201,-516221.36333420244,300.8415313430815,1.024542197156056,106
3670000,14780.000001176084,-515998.4145798299,302.8822335380787,1.0228194402426498,106
3675000,14800.000001180159,-517019.4434074855,302.8141107055682,1.0277108675953999,106
3680000,14820.000001184233,-516286.7014327778,300.44189057525296,1.0246362340472774,106
3685000,14840.000001188308,-516566.799018038,300.8368119895714,1.0296815187684403,106
3690000,14860.000001192382,-516406.99019987835,300.8820145248365,1.0293602437201015,106
3695000,14880.000001196457,-516305.9874759542,301.2343888185842,1.0268992578848917,106
3700000,14900.000001200531,-516063.6824530971,300.70198179335097,1.0271603312315878,106
3705000,14920.000001204606,-517380.80916613387,300.76697738826675,1.0271287018113597,106
3710000,14940.00000120868,-517226.6202718108,301.8774293882842,1.0282648402769392,106
3715000,14960.000001212755,-517337.53807392274,300.42305908670403,1.0249377720731134,106
3720000,14980.00000121683,-517020.1201809726,302.2925088568867,1.0266948695367004,106
3725000,15000.000001220904,-517355.44393302617,301.8424648599973,1.0310032336618224,106
3730000,15020.000001224978,-517512.0495785712,300.79732652890965,1.0238085244559365,106
3735000,15040.000001229053,-516829.3808558374,301.7415304179878,1.0278977685833746,106
3740000,15060.000001233127,-516922.7171800502,298.0479233977201,1.0249962656590146,106
3745000,15080.000001237202,-516919.4083163317,299.29112032296723,1.0282570844976557,106
3750000,15100.000001241277,-516750.1615983469,301.26809192313203,1.0275809252120287,106
3755000,15120.000001245351,-517300.680450313,300.89684392485066,1.0293120093816508,106
3760000,15140.000001249426,-516643.16876839474,299.679242270206,1.0317827178014314,106
3765000,15160.0000012535,-517072.92515590484,299.65705773521796,1.0266279742660154,106
3770000,15180.000001257575,-517638.28503658343,301.6580686096505,1.0259321580418108,106
3775000,15200.00000126165,-516519.9228664674,301.0587529047554,1.0274697147192684,106
3780000,15220.000001265724,-518503.38780649053,298.55695792988183,1.0282836418497803,106
3785000,15240.000001269798,-517479.0904240927,303.2818171986813,1.03081285708865,106
3790000,15260.000001273873,-517637.0979554772,302.1854142282155,1.027970685091249,106
3795000,15280.000001277947,-516699.97458381765,299.7230875515484,1.0273171475158833,106
3800000,15300.000001282022,-518040.84801990306,299.99130982968813,1.027272605716342,106
3805000,15320.000001286096,-516360.6235758532,298.4624039608523,1.024825111356213,106
3810000,15340.000001290171,-517160.1306610664,299.2067649742698,1.027493170846682,106
3815000,15360.000001294246,-517376.3694004412,302.45055276691414,1.0258006567943088,106
3820000,15380.00000129832,-517323.9153669686,304.2633643585227,1.0252003705930093,106
3825000,15400.000001302395,-517009.78020498203,298.89812621365127,1.0283948199946236,106
3830000,15420.00000130647,-517246.07946091844,300.9383348414229,1.0267575825300768,106
3835000,15440.000001310544,-516787.0091360938,299.31189888782154,1.0266952682656263,106
3840000,15460.000001314618,-516349.8392107792,300.0179000876394,1.0257011844682709,106
3845000,15480.000001318693,-517201.85112920054,300.31917322203844,1.0261888388623144,106
3850000,15500.000001322767,-516577.76883017784,302.69001392871724,1.0272434133808444,106
3855000,15520.000001326842,-515982.55818636785,300.76339829961626,1.0249829121354699,106
3860000,15540.000001330916,-517214.82082112203,299.5716726211453,1.0257061200374324,106
3865000,15560.00000133499,-517606.89286110597,301.7423740900178,1.02604926377318,106
3870000,15580.000001339065,-516032.1303159897,299.95077337706914,1.0277348239669686,106
3875000,15600.00000134314,-516733.3269052536,298.69707473472124,1.0282225565283702,106
3880000,15620.000001347214,-517679.5314712336,300.77736568438263,1.0258650411440127,106
3885000,15640.000001351289,-518787.9236596825,304.25610903564103,1.0301945230071274,106
3890000,15660.000001355364,-517102.9544488103,301.352666292356,1.0233061433251536,106
3895000,15680.000001359438,-516359.0982405259,300.97696076747735,1.0235241636937393,106
3900000,15700.000001363513,-517288.04068570887,301.3755515251916,1.0278456564447054,106
3905000,15720.000001367587,-517248.1938956992,297.84681178304214,1.0245879340489312,106
3910000,15740.000001371662,-516846.82732322114,300.7482613491122,1.0253488523694003,106
3915000,15760.000001375736,-519380.31392564834,298.8405743730637,1.0294876900322611,106
3920000,15780.00000137981,-516119.2250920909,301.6592315432888,1.0257687009307257,106
3925000,15800.000001383885,-517466.4730221564,299.8803283228822,1.0283945766139564,106
3930000,15820.00000138796,-517618.1895934411,302.1945131830383,1.026957424578656,106
3935000,15840.000001392034,-515820.3586860371,302.61582356182123,1.0197103086668464,106
3940000,15860.000001396109,-516247.5320201521,301.8875027676351,1.0252732243282872,106
3945000,15880.000001400183,-516786.40458308253,297.5778349590442,1.0258716179330438,106
3950000,15900.000001404258,-518093.1036066667,301.84318796453584,1.026549494578779,106
3955000,15920.000001408333,-517353.5511168749,298.8736557479217,1.0250153426876742,106
3960000,15940.000001412407,-517545.3006597692,300.52741541621754,1.0260221010302035,106
3965000,15960.000001416482,-517176.77436862024,297.8413932696421,1.0269271478376123,106
3970000,15980.000001420556,-517970.26942327665,301.308729533682,1.0287972798208336,106
3975000,16000.00000142463,-516237.766580669,300.99761981773764,1.024007259831355,106
3980000,16020.000001428705,-515957.95028873044,302.2492005983667,1.0231354330081117,106
3985000,16040.00000143278,-516740.2353993603,298.3394189559579,1.0275576186731363,106
3990000,16060.000001436854,-516384.3957229345,300.5812706420894,1.0244646714402441,106
3995000,16080.000001440929,-514353.96196820727,301.4082831609558,1.023010778462338,106
4000000,16100.000001445003,-517157.7665635941,300.04900158274427,1.0271692387827598,106
4005000,16120.000001449078,-517265.109828816,300.3217549271861,1.0275692379377281,106
4010000,16140.000001453152,-518064.15859999927,301.7607276456779,1.0311993376497879,106
4015000,16160.000001457227,-516139.2078053609,297.11934882197494,1.0259931486822114,106
4020000,16180.000001461302,-516732.7432290341,302.3212895628779,1.023888857016444,106
4025000,16200.000001465376,-517215.8563070919,301.00569526361653,1.0227225080674016,106
4030000,16220.00000146945,-516463.5264565642,300.7370532743125,1.027928938978599,106
4035000,16240.000001473525,-516618.1136869893,301.32290033683853,1.0271366638879915,106
4040000,16260.0000014776,-516769.85064065736,300.5600938498079,1.0275621112532507,106
4045000,16280.000001481674,-516470.9929755209,301.27410857839936,1.025484044492152,106
4050000,16300.000001485749,-517394.1656665148,300.9682999999026,1.0288938925239315,106
4055000,16320.000001489823,-517925.37175861327,299.9866680038245,1.0306866806314476,106
4060000,16340.000001493898,-516774.54731276166,301.9909938031691,1.0272576569974337,106
4065000,16360.000001497972,-518512.0222427447,299.335176768873,1.0319233671637167,106
4070000,16380.000001502047,-517661.2412751324,301.0732098309544,1.0221718921238787,106
4075000,16400.00000150612,-517474.2025742119,303.6803421623962,1.0237471882368427,106
4080000,16420.000001510194,-517273.9174832627,301.2182248214742,1.0274539492381805,106
4085000,16440.00000151427,-517637.6616050112,303.6802033994972,1.025590307698708,106
4090000,16460.000001518343,-516209.3681483327,303.2618334497726,1.0255798908757974,106
4095000,16480.000001522418,-516843.3414002815,300.3834957822372,1.0268652509356189,106
4100000,16500.000001526492,-517934.82361178775,297.37517038713077,1.0283137728878877,106
4105000,16520.000001530567,-517126.7819885311,300.96767784673915,1.029025663222322,106
4110000,16540.00000153464,-516860.96647086204,303.66806501507216,1.0262945539609092,106
4115000,16560.000001538716,-517432.89835517155,300.05931922057914,1.0299206153665865,106
4120000,16580.00000154279,-517448.1816661635,303.3328132374426,1.0248392814709464,106
4125000,16600.000001546865,-518030.146706783,300.4724381361544,1.0282595679735322,106
4130000,16620.00000155094,-516859.45762131014,300.75857626186,1.0232234990924978,106
4135000,16640.000001555014,-517286.60085346363,299.2504074098737,1.0252507697918376,106
4140000,16660.00000155909,-518363.684713566,299.76542396678667,1.0279366021898195,106
4145000,16680.000001563163,-515789.18557681283,300.16618569552315,1.0277497134203617,106
4150000,16700.000001567238,-518674.9725979003,300.4679095919406,1.0302410948396945,106
4155000,16720.000001571312,-517810.5312584832,300.8736102355583,1.0281977267414817,106
4160000,16740.000001575387,-517214.5121295494,304.1269263035195,1.029527220526989,106
4165000,16760.00000157946,-517610.50283259596,302.37177880147715,1.0265438150130244,106
4170000,16780.000001583536,-516499.1522856306,297.21724264413047,1.0274707498283138,106
4175000,16800.00000158761,-516403.0688556882,302.24470365488105,1.027408147226226,106
4180000,16820.000001591685,-516937.25716724433,302.03708486625555,1.0261408373457155,106
4185000,16840.00000159576,-516465.28668151936,301.2256980572013,1.0277065609359115,106
4190000,16860.000001599834,-517440.04938217206,301.98946219551,1.0241786319829376,106
4195000,16880.00000160391,-517213.2767960108,301.7315285131882,1.0267913506105109,106
4200000,16900.000001607983,-516306.51901869057,300.73542794684624,1.0262435396209553,106
4205000,16920.000001612058,-517504.50451962464,298.12496065579643,1.0275864145411757,106
4210000,16940.000001616132,-518447.4433898211,302.206182708425,1.0275317235919892,106
4215000,16960.000001620207,-516636.2047226317,302.79784638920177,1.0246971432290812,106
4220000,16980.00000162428,-517673.25343352556,302.91188349152003,1.0288397627472046,106
4225000,17000.000001628356,-516719.4242420334,297.26602164676694,1.0237988234668494,106
4230000,17020.00000163243,-516032.12404629216,302.3140344097102,1.027523027091886,106
4235000,17040.000001636505,-516005.74880796904,301.515466638572,1.0233488030476092,106
4240000,17060.00000164058,-516130.494902869,300.00737237967564,1.0298861809101145,106
4245000,17080.000001644654,-517612.89431692916,302.5479260481953,1.029693519602261,106
4250000,17100.00000164873,-518264.72452167026,301.97675722048746,1.024778624660214,106
4255000,17120.000001652803,-517928.3252002774,297.38542500815964,1.0335581604205721,106
4260000,17140.000001656877,-515910.42033842276,297.9441074416565,1.022475099198704,106
4265000,17160.000001660952,-517224.7270900789,301.9111613674331,1.0250716345793596,106
4270000,17180.000001665027,-517215.2610552402,300.3626922911969,1.0238373529739395,106
4275000,17200.0000016691,-517328.49678840535,298.8144449139292,1.0271737027335608,106
4280000,17220.000001673176,-515388.5784346876,302.7446891863704,1.0302200340055991,106
4285000,17240.00000167725,-515851.7187836743,300.5688121829727,1.027113900557531,106
4290000,17260.000001681325,-518014.25354412734,300.33128798269166,1.0274646328184736,106
4295000,17280.0000016854,-516237.6768379959,301.5430170126933,1.0269868939186801,106
4300000,17300.000001689474,-516861.99029162526,300.3913539274833,1.02600935300423,106
4305000,17320.00000169355,-516705.9509476051,300.6378686374403,1.0242608759181548,106
4310000,17340.000001697623,-517629.9267566947,301.7434116928313,1.0226855187291084,106
4315000,17360.000001701697,-516358.6940985953,301.1484659716582,1.022550896698275,106
4320000,17380.000001705772,-517048.5819635787,301.5255625189241,1.0263771653526612,106
4325000,17400.000001709846,-517231.62745427736,304.0130258970197,1.0243153872784898,106
4330000,17420.00000171392,-518028.3572792094,299.1961919230056,1.0268145339383554,106
4335000,17440.000001717995,-516682.0973715959,299.65305732150847,1.0222210501193822,106
4340000,17460.00000172207,-515367.03908831556,298.9786363270118,1.0275568719013313,106
4345000,17480.000001726145,-517047.1628367896,299.4863418811364,1.02756096586296,106
4350000,17500.00000173022,-516904.276048518,301.0956999087679,1.0280116427010655,106
4355000,17520.000001734294,-516356.330218754,302.56361254872576,1.0218166399998598,106
4360000,17540.000001738368,-516628.27416685456,301.22258825341976,1.0266000426837316,106
4365000,17560.000001742443,-517198.92242368707,301.3418717108943,1.028935735535759,106
4370000,17580.000001746517,-516338.43306199973,299.9741677593858,1.0264360377601647,106
4375000,17600.00000175059,-517545.83559077396,301.64731487721906,1.028337829033764,106
4380000,17620.000001754666,-518346.9767106711,302.49851054620837,1.0306872950075605,106
4385000,17640.00000175874,-517750.91127393185,300.5631896212788,1.0265977186467268,106
4390000,17660.000001762815,-516771.3595195217,302.79293199694973,1.0294858094136383,106
4395000,17680.00000176689,-516762.4586842151,301.043231292032,1.024585809423412,106
4400000,17700.000001770964,-517344.68196041905,303.0813338556559,1.0266791461406177,106
4405000,17720.00000177504,-516360.08856210136,301.92308461306885,1.0257810775910174,106
4410000,17740.000001779114,-516987.9908396553,302.1753840918208,1.0275806653910817,106
4415000,17760.000001783188,-516338.706131503,301.04062679867644,1.0217319847710284,106
4420000,17780.000001787263,-517274.6705978138,300.9349268408275,1.026968861680388,106
4425000,17800.000001791337,-517523.61537312483,302.3986301392536,1.0254675632249135,106
4430000,17820.00000179541,-516259.6059436356,302.9367503005927,1.0196065829977858,106
4435000,17840.000001799486,-517913.07220801036,299.41210728382475,1.0267436613793177,106
4440000,17860.00000180356,-517494.0581396853,301.07655546626563,1.0255660019157875,106
4445000,17880.000001807635,-518127.8602122653,302.8658286657579,1.0259614279930322,106
4450000,17900.00000181171,-516361.53024536604,302.75329429170364,1.0225447450879759,106
4455000,17920.000001815784,-517187.85908828373,300.3693576707647,1.0272727100568901,106
4460000,17940.00000181986,-515686.86961379624,300.2325483992074,1.024029345992003,106
4465000,17960.000001823933,-516749.24015350174,300.636435477419,1.024188887944307,106
4470000,17980.000001828008,-517228.5563794526,303.4944034384747,1.0286378653090942,106
4475000,18000.000001832082,-517278.2195145469,302.29359404289926,1.0227218894820624,106
4480000,18020.000001836157,-517254.7229989555,300.6988118159649,1.0285858123481357,106
4485000,18040.00000184023,-515656.5001229625,300.66833357946075,1.0205530674822934,106
4490000,18060.000001844306,-517382.8886277899,298.9316956944246,1.0321093269551116,106
4495000,18080.00000184838,-517999.3225963835,299.58553783920445,1.0259177556329115,106
4500000,18100.000001852455,-516872.2557596287,298.3334828221377,1.023236548012815,106
4505000,18120.00000185653,-517628.41031341464,301.56111389421386,1.030217120906316,106
4510000,18140.000001860604,-517596.57278219564,303.7189114230207,1.0253165086178408,106
4515000,18160.00000186468,-517878.285837729,301.4506951801606,1.0256488957804961,106
4520000,18180.000001868753,-517348.1544652926,301.94597448030663,1.0254885791835142,106
4525000,18200.000001872828,-517221.82996133156,302.9977033210708,1.0298588011640664,106
4530000,18220.000001876902,-516990.6982392869,301.1463898488,1.025773174624427,106
4535000,18240.000001880977,-516434.39499618416,303.3648612212378,1.029063068536765,106
4540000,18260.00000188505,-516260.2918479254,301.68598612322216,1.0243918286107347,106
4545000,18280.000001889126,-516138.46240847325,301.6244036415352,1.024182835273965,106
4550000,18300.0000018932,-516454.5492765927,302.71932903722137,1.0258925094793274,106
4555000,18320.000001897275,-518974.11504461453,300.39874711842805,1.031251734445424,106
4560000,18340.00000190135,-517211.851766753,301.1025282109894,1.0280329688586456,106
4565000,18360.000001905424,-516218.4698340341,301.478919474404,1.0286615216153823,106
4570000,18380.0000019095,-518107.2616086826,301.43896881554997,1.0291736539243397,106
4575000,18400.000001913573,-516814.8762704162,299.55000906263416,1.0267586290378412,106
4580000,18420.000001917648,-517045.7769366235,301.3042803096264,1.0235233301889353,106
4585000,18440.000001921722,-517527.1982398443,302.0385576024735,1.0278765418636662,106
4590000,18460.000001925797,-516975.5184112957,300.0329084149863,1.025178599005414,106
4595000,18480.00000192987,-516496.37760382495,299.2906116044694,1.0246067932734755,106
4600000,18500.000001933946,-517806.4215327627,302.21693625377145,1.0299674254631666,106
4605000,18520.00000193802,-516718.9099024595,301.18756761824625,1.0253111479919659,106
4610000,18540.000001942095,-517534.6336565609,298.6413961616644,1.026660392841798,106
4615000,18560.00000194617,-518340.43138962775,299.64694033391817,1.0295542525554557,106
4620000,18580.000001950244,-516901.1098443095,301.12211967923736,1.0232267062360416,106
4625000,18600.00000195432,-516821.72469250485,301.6637440036805,1.0260857947397628,106
4630000,18620.000001958393,-517689.6142909627,301.5063205133797,1.0265548839612126,106
4635000,18640.000001962468,-516789.2528154743,300.1711498932413,1.028308434964048,106
4640000,18660.000001966542,-517089.8646269671,302.8826888890483,1.0287297658421342,106
4645000,18680.000001970617,-518143.97650794825,298.250309535438,1.025094660318163,106
4650000,18700.00000197469,-518323.5829146134,300.44352250074957,1.0258272538125541,106
4655000,18720.000001978766,-517583.30645071086,300.41852361258753,1.024112535642851,106
4660000,18740.00000198284,-516358.001280288,298.83591075330764,1.026872121848341,106
4665000,18760.000001986915,-517476.1942231022,300.5036483199062,1.0289774483201453,106
4670000,18780.00000199099,-517409.3327183572,299.9859060689246,1.0248844728444921,106
4675000,18800.000001995064,-518417.9032509469,301.0583285043014,1.0309028341094026,106
4680000,18820.00000199914,-516243.45888748066,302.57081273872,1.0245152230590249,106
4685000,18840.000002003213,-517790.09888784937,299.6140254169506,1.0259176236125622,106
4690000,18860.000002007288,-517785.8777629314,301.88348167582456,1.0246743261998186,106
4695000,18880.000002011362,-517599.10031912243,301.7346347242727,1.0286023344061686,106
4700000,18900.000002015437,-515494.1696809691,303.7234210312519,1.0261863492013859,106
4705000,18920.00000201951,-516676.81553563196,302.25081042356476,1.0236031199512001,106
4710000,18940.000002023586,-516552.942651412,299.9033530176194,1.0298534709089502,106
4715000,18960.00000202766,-517639.93801132264,302.0838282182294,1.0271974572330584,106
4720000,18980.000002031735,-517542.21083420306,300.53127402182236,1.0274705988046768,106
4725000,19000.00000203581,-517425.06332330406,300.23623462895216,1.0253850229066215,106
4730000,19020.000002039884,-516930.0294453725,302.11451989456964,1.0253424980682286,106
4735000,19040.00000204396,-516650.4777180627,300.3494083606759,1.0216857648365025,106
4740000,19060.000002048033,-517435.4622530723,302.6042739721084,1.0321224978548875,106
4745000,19080.000002052107,-517683.0044155079,302.2242723957586,1.0270801463443195,106
4750000,19100.000002056182,-516613.2155928246,300.8622594700785,1.0259370296812798,106
4755000,19120.000002060257,-518188.7137631485,298.3688099354157,1.028954186137497,106
4760000,19140.00000206433,-517807.76913937624,299.54666909336794,1.025466621576244,106
4765000,19160.000002068406,-516835.79247381096,300.4793241173823,1.028839634971424,106
4770000,19180.00000207248,-517206.3066909716,301.6996384542804,1.0245020031914491,106
4755000,19120.000002060257,-517595.1565503308,301.1414387793321,1.028373488002726,0
4760000,19140.00000206433,-516978.7072648294,300.8954908205033,1.0284994586139473,104
4765000,19160.000002068406,-516736.8155433219,301.27920938465775,1.022944915546925,104
4770000,19180.00000207248,-517607.5614770055,299.4054491241878,1.0261564749275653,104
4775000,19200.000002076555,-517857.8646455421,301.38913475148746,1.024992733939723,104
4780000,19220.00000208063,-516933.06031697383,303.1952426803646,1.023984197220418,103
4785000,19240.000002084704,-517735.3616457763,299.25463714872853,1.0284424899414462,103
4790000,19260.00000208878,-517709.19894557074,299.94837980547044,1.0266077465567265,103
4795000,19280.000002092853,-516341.8374510254,301.08670464756796,1.0263352423452226,103
4800000,19300.000002096927,-516904.60094434675,301.90107138829745,1.0269920958636003,103
4805000,19320.000002101002,-516939.749896836,299.71506950049053,1.0253078094149415,103
4810000,19340.000002105076,-516828.63783838693,301.8638219891529,1.0276786950571097,103
4815000,19360.00000210915,-517538.9534685081,301.33118608413685,1.0278110175094841,103
4820000,19380.000002113225,-516936.6799770149,302.641488158295,1.0319131802961028,103
4825000,19400.0000021173,-517024.70724454755,299.91416687633847,1.0269287520161319,103
4830000,19420.000002121375,-518111.7204035318,298.88193356834046,1.0230905245635211,103
4835000,19440.00000212545,-516224.1315484587,299.9800227173488,1.0270614083189082,103
4840000,19460.000002129524,-517035.6320171298,298.42163517621134,1.0302039696899445,103
4845000,19480.000002133598,-516201.67687017773,299.7646821071661,1.0255648158190531,103
4850000,19500.000002137673,-516680.7626550747,302.3574722761739,1.0235307071846373,103
4855000,19520.000002141747,-515845.5942789526,299.4204450882904,1.0240348551564626,103
4860000,19540.00000214582,-517407.24028433044,302.9956065648539,1.0266081436578725,103
4865000,19560.000002149896,-516420.88426738326,300.04805217971204,1.0274422353292114,103
4870000,19580.00000215397,-516489.2077715085,299.05797955869025,1.0276106664213265,103
4875000,19600.000002158045,-518106.13584032026,299.2990797045197,1.0285224103634791,103
4880000,19620.00000216212,-516188.9267779081,301.23932448494185,1.0232101108590936,103
4885000,19640.000002166194,-517328.88984770863,298.27041848635827,1.0279520360363334,103
4890000,19660.00000217027,-517895.83685650653,298.6375344885508,1.032062008869067,103
4895000,19680.000002174344,-518032.83146803454,302.79462264102136,1.0247222345042295,103
4900000,19700.000002178418,-517732.80225252174,299.3982899578026,1.0229543600923683,103
4905000,19720.000002182493,-517938.4986022678,299.733173269369,1.0270212008963824,103
4910000,19740.000002186567,-516779.9500811859,304.89206879828924,1.027965830200418,103
4915000,19760.00000219064,-518268.98634631257,300.0890908522773,1.0255221407394504,103
4920000,19780.000002194716,-518131.8933389415,301.9540341978,1.02606643564013,103
4925000,19800.00000219879,-518091.6660285301,299.51030319141626,1.0315600230607376,103
4930000,19820.000002202865,-517753.8731396466,301.46942774149517,1.0298979529622974,103
4935000,19840.00000220694,-516762.03092738823,303.1457796856489,1.0254460693068363,103
4940000,19860.000002211014,-516833.10366389994,300.84553654876805,1.0273196612468636,103
4945000,19880.00000221509,-517624.10355052794,298.30387635072714,1.024711879981527,103
4950000,19900.000002219163,-517093.9932816229,300.0731817601355,1.0255245182733064,103
4955000,19920.000002223238,-517641.58047866006,302.2581865245539,1.0256254909518572,103
4960000,19940.000002227313,-517042.65504086344,298.862191679643,1.0325661628334342,103
4965000,19960.000002231387,-516009.96639211033,299.8069711241642,1.0231757176005052,103
4970000,19980.00000223546,-517263.72496499517,301.234467646898,1.0269489391034357,103
4975000,20000.000002239536,-516693.5026485906,300.68568675715267,1.0305941680290613,103
4980000,20020.00000224361,-518359.5943235578,302.3346931308165,1.0290815356980931,103
4985000,20040.000002247685,-517142.079093158,297.1482269461527,1.025917280375457,103
4990000,20060.00000225176,-516268.44633138087,302.9762463772352,1.0232126581778305,103
4995000,20080.000002255834,-517896.0392609956,299.6002614133337,1.0250870884669583,103
5000000,20100.00000225991,-516576.8710878852,302.825108484377,1.0261562398747168,103
5005000,20120.000002263983,-517275.0589300075,302.24306477203044,1.0291338396072052,103
5010000,20140.000002268058,-516984.72701497865,301.80532795333465,1.0243828558024577,103
5015000,20160.000002272132,-516756.22219870775,299.3411079417127,1.0271141212708652,103
5020000,20180.000002276207,-516593.55650302116,303.7417514465587,1.0276621629986251,103
5025000,20200.00000228028,-516920.1214088679,301.6535637625875,1.023680871585898,103
5030000,20220.000002284356,-515904.32426972245,300.095061964994,1.0240992243898248,103
5035000,20240.00000228843,-517475.59407991916,300.62818309696087,1.0271269410769035,103
5040000,20260.000002292505,-517264.04637337336,299.74175598229493,1.0253214622557536,103
5045000,20280.00000229658,-517155.6672770728,301.85609704186106,1.0265855397120018,103
5050000,20300.000002300654,-516763.51386331697,300.26976769819703,1.0228539895645923,103
5055000,20320.00000230473,-516399.0217929019,305.33771262612953,1.0299293614064817,103
5060000,20340.000002308803,-516568.1482593529,301.77701159028857,1.0262785604327724,103
5065000,20360.000002312878,-517504.0602994005,299.18435010772185,1.028687559537358,103
5070000,20380.000002316952,-517081.2352516358,299.582157983814,1.030789008074895,103
5075000,20400.000002321027,-517670.30439519905,300.10661115815077,1.0295564030378144,103
5080000,20420.0000023251,-517022.6704985255,302.5815972265306,1.027373071352437,103
5085000,20440.000002329176,-517294.56090053427,299.1891886058307,1.0255829528876672,103
5090000,20460.00000233325,-517696.0687236844,302.4860346133518,1.031156516997312,103
5095000,20480.000002337325,-515964.38243111246,299.97487580561364,1.0254117362427766,103
5100000,20500.0000023414,-516742.9293841794,298.7733028687157,1.0253950199586241,103
5105000,20520.000002345474,-517333.1599667412,301.63427975716365,1.0273600307193942,103
5110000,20540.00000234955,-517702.93952024775,299.3229205927707,1.0283775247967537,103
5115000,20560.000002353623,-517668.40887876647,300.3090655790666,1.0267789538799958,103
5120000,20580.000002357698,-517569.2092996589,302.9486891642295,1.0268504673287266,103
5125000,20600.000002361772,-516471.6441481337,299.472096117262,1.0245729950085487,103
5130000,20620.000002365847,-517096.2040589787,301.58311494249585,1.033624739086867,103
5135000,20640.00000236992,-517978.80636852165,299.1686958269067,1.0278812223998601,103
5140000,20660.000002373996,-516378.7094952427,301.11962739986427,1.0264106180008699,103
5145000,20680.00000237807,-517586.6093343629,299.533247448839,1.028825443012222,103
5150000,20700.000002382145,-517244.5797306327,300.92734208220793,1.0261905563060008,103
5155000,20720.00000238622,-516867.7995157647,301.2443259864718,1.0311833207431724,103
5160000,20740.000002390294,-516819.93140873034,303.1788764923593,1.0295036317675537,103
5165000,20760.00000239437,-516035.70232125884,303.0928448120031,1.0239787325140253,103
5170000,20780.000002398443,-516782.2564665538,301.8080806502472,1.0242306704263644,103
5175000,20800.000002402518,-515092.473693836,301.4513908059632,1.0244681850717594,103
5180000,20820.000002406592,-518512.57170889806,300.6825458959426,1.0258367348168194,103
5185000,20840.000002410667,-516548.82200291846,299.5666250714407,1.0217518156841294,103
5190000,20860.00000241474,-516211.56239249767,300.40982268872284,1.027030421617632,103
5195000,20880.000002418816,-517493.1684411359,300.0103925175659,1.0268530862899024,103
5200000,20900.00000242289,-518004.17159553175,302.73758826064255,1.0296829348752152,103
5205000,20920.000002426965,-517598.1447209888,300.26539484738436,1.0312952728460099,103
5210000,20940.00000243104,-516632.0163295795,300.584497762129,1.0263915945747721,103
5215000,20960.000002435114,-518327.13762329845,298.34223159434265,1.0244995216254462,103
5220000,20980.00000243919,-517211.7907319565,302.019935101418,1.0273812511043856,103
5225000,21000.000002443263,-516763.85483513866,300.11408504770384,1.0221123396853933,103
5230000,21020.000002447337,-517626.821876748,299.73174555594306,1.0300023300780277,103
5235000,21040.000002451412,-518198.6700484925,300.9639256813702,1.0280444773766697,103
5240000,21060.000002455487,-517546.736973108,300.97502430889057,1.0246886250308025,103
5245000,21080.00000245956,-517976.12485530204,301.14109660698347,1.030462836942458,103
5250000,21100.000002463636,-517861.41625087126,302.83768335293684,1.0328811689433754,103
5255000,21120.00000246771,-518008.0473772264,301.5124861149475,1.0295075388970958,103
5260000,21140.000002471785,-518498.213096105,303.0159450509389,1.0276754649215765,103
5265000,21160.00000247586,-517735.2023863357,301.8594781003359,1.0289480463428855,103
5270000,21180.000002479934,-516870.86647447967,302.56521738836545,1.027336052374727,103
5275000,21200.00000248401,-517169.20197967,299.9966148331676,1.0285517187173256,103
5280000,21220.000002488083,-517264.7299487649,300.3002459231081,1.026681828598581,103
5285000,21240.000002492157,-517569.6062107901,301.1986028308707,1.0289779104315653,103
5290000,21260.000002496232,-517310.4672692334,301.4483167481895,1.0229420456993168,103
5295000,21280.000002500306,-516958.20116536086,302.22679412518147,1.0304174366622914,103
5300000,21300.00000250438,-516759.46108775213,300.9218612820812,1.0276131633614305,103
5305000,21320.000002508456,-517048.47238702467,303.4763184248126,1.026304665029137,103
5310000,21340.00000251253,-517521.1029379291,301.1048126831641,1.0253024713228138,103
5315000,21360.000002516605,-516592.1159799001,299.26825004656,1.0245350179293478,103
5320000,21380.00000252068,-517145.83918165136,301.0103233140747,1.0275853939073736,103
5325000,21400.000002524754,-516312.8161417651,301.4564649897509,1.0255062643494408,103
5330000,21420.00000252883,-515600.9305797899,300.9845338197544,1.0232080925579092,103
5335000,21440.000002532903,-516894.9698390798,300.09421526330135,1.0212177987006157,103
5340000,21460.000002536977,-517293.56328163715,300.3264549267279,1.0276709068806382,103
5345000,21480.00000254105,-516087.1455963978,300.6532589351079,1.02669203959589,103
5350000,21500.000002545126,-515505.21821492934,304.7223818836953,1.0214305676179818,103
5355000,21520.0000025492,-517046.9652434434,303.0826853672232,1.0231662100592254,103
5360000,21540.000002553275,-518365.2050832277,302.9714722211437,1.0297489920188327,103
5365000,21560.00000255735,-516900.1996306549,302.2573830788695,1.0257569527118429,103
5370000,21580.000002561424,-517688.3167648339,298.5986132543517,1.0309412458277587,103
5375000,21600.0000025655,-517053.93190118973,303.55550386583894,1.0284701569993788,103
5380000,21620.000002569574,-517129.6746671975,297.9461270646375,1.0270403588157044,103
5385000,21640.000002573648,-518714.70033583324,301.88886489235307,1.0268110035380145,103
5390000,21660.000002577723,-517867.52883231174,302.5141673335221,1.029049188842889,103
5395000,21680.000002581797,-515677.44312649406,302.3059229122747,1.027661148806791,103
5400000,21700.00000258587,-517921.6858290073,299.62066069538986,1.0273240182254615,103
5405000,21720.000002589946,-518419.7144976484,299.9158442276857,1.0308515812299808,103
5410000,21740.00000259402,-516675.265175442,298.02584616407705,1.0242119027915548,103
5415000,21760.000002598095,-517497.72983418335,300.90469722285206,1.030124867734831,103
5420000,21780.00000260217,-517073.73462506244,301.14184165562546,1.0233777252260832,103
5425000,21800.000002606244,-517358.0969271646,302.28701354743106,1.0238048812815261,103
5430000,21820.00000261032,-517734.62744173803,300.2157564607011,1.0276433826844418,103
5435000,21840.000002614393,-517731.70862855716,300.09160380595364,1.0275521548938948,103
5440000,21860.000002618468,-515897.1420571613,300.86880188272204,1.025690427507608,103
5445000,21880.000002622543,-517791.58099031355,302.35957028939015,1.029050207965793,103
5450000,21900.000002626617,-517038.17458735453,301.5746615378663,1.0272038918863915,103
5455000,21920.00000263069,-517150.86195748346,299.4602003119453,1.0253306458362346,103
5460000,21940.000002634766,-518461.72059645737,298.38253437398873,1.0279328079355146,103
5465000,21960.00000263884,-517129.29692354845,301.3930212393714,1.0269287121803254,103
5470000,21980.000002642915,-514752.62505901814,303.06763138092396,1.0195172090966236,103
5475000,22000.00000264699,-517158.7905287985,299.4757775933695,1.0217748721244169,103
5480000,22020.000002651064,-516318.2468206233,302.8633919840861,1.0251264197364014,103
5485000,22040.00000265514,-516668.4777945285,304.21337063505797,1.0252840708148747,103
5490000,22060.000002659213,-517535.542823941,304.293148248949,1.028153041767008,103
5495000,22080.000002663288,-517005.6159431408,304.50526949562976,1.0227389685586712,103
5500000,22100.000002667362,-516978.6038662731,303.0956915793464,1.0272626999769963,103
5505000,22120.000002671437,-516750.099191549,298.927569495127,1.0226834527531743,103
5510000,22140.00000267551,-517422.79890729766,300.20822809036247,1.0251576892910628,103
5515000,22160.000002679586,-517968.5440411363,299.08893600385545,1.0302054146953938,103
5520000,22180.00000268366,-517551.6793456739,302.9873230968996,1.0280591466799331,103
5525000,22200.000002687735,-516472.9537275778,301.2029858895694,1.024572905407604,103
5530000,22220.00000269181,-516400.94318773854,299.5264453627843,1.0241524452127366,103
5535000,22240.000002695884,-517360.48552720924,298.0012587609131,1.0276143225060985,103
5540000,22260.00000269996,-517262.2801458484,300.58605961666007,1.027325629190825,103
5545000,22280.000002704033,-517444.52855914785,301.318117653646,1.0252510355686557,103
5550000,22300.000002708108,-516551.3244824824,300.42007142280033,1.0265302532929428,103
5555000,22320.000002712182,-516838.0900283342,299.8021977483098,1.0274348237352722,103
5560000,22340.000002716257,-516910.9243785378,303.7585498191343,1.0312066506020503,103
5565000,22360.00000272033,-516746.10981461057,301.2550463202769,1.0257032240724437,103
5570000,22380.000002724406,-517371.25119956816,301.7731301407274,1.0239679286047134,103
5575000,22400.00000272848,-516482.7789803108,300.29882916968967,1.0252038172167632,103
5580000,22420.000002732555,-516234.90487108147,300.5901322462125,1.0260536703262078,103
5585000,22440.00000273663,-516384.6182825614,299.4975456838738,1.02449030596275,103
5590000,22460.000002740704,-517282.93757307995,299.7817723785995,1.0253014607778759,103
5595000,22480.00000274478,-517034.1737293212,302.3002203245118,1.021784012741623,103
5600000,22500.000002748853,-517684.2295094663,301.0472339774376,1.0216725117360284,103
5605000,22520.000002752928,-518080.93507661414,300.0778784271947,1.0257868716221263,103
5610000,22540.000002757002,-515883.74898879207,302.0236866294784,1.0266189648205726,103
5615000,22560.000002761077,-516951.68552688276,298.5549781268753,1.0264237987950198,103
5620000,22580.00000276515,-517065.2307863387,300.3793574288628,1.0229837630734873,103
5625000,22600.000002769226,-517120.3197132007,301.7477086657717,1.0265230281070576,103
5630000,22620.0000027733,-516148.760124716,301.6881747563233,1.0225904412793774,103
5635000,22640.000002777375,-516865.31042923755,301.48058567127913,1.0301340391637563,103
5640000,22660.00000278145,-516654.0906585022,298.7968126577418,1.0234556100393764,103
5645000,22680.000002785524,-516285.0496907651,302.11379493468434,1.0255472225897997,103
5650000,22700.0000027896,-517660.3018554924,303.63428774203817,1.0278585472379143,103
5655000,22720.000002793673,-518095.1637216776,300.7140194265209,1.0269056851232976,103
5660000,22740.000002797748,-517112.5997424731,300.60672908259835,1.0283100042120148,103
5665000,22760.000002801822,-515883.95727334684,302.9459457245096,1.0226596162404278,103
5670000,22780.000002805897,-515486.0600996476,301.42693632382714,1.0222060600327703,103
5675000,22800.00000280997,-516859.37740164995,298.86833811453516,1.0279218450882102,103
5680000,22820.000002814046,-517390.6542760681,298.9666029005644,1.0288047417356792,103
5685000,22840.00000281812,-516045.5261979075,300.8452238645508,1.024629832385001,103
5690000,22860.000002822195,-517133.7373565638,299.94571242284735,1.0262939778529616,103
5695000,22880.00000282627,-517525.547977214,301.95891674296934,1.0265452028940076,103
5700000,22900.000002830344,-518350.82922698325,300.57041988520524,1.0237699437824606,103
5705000,22920.00000283442,-517244.82967158454,300.3729827236152,1.0216216158599418,103
5710000,22940.000002838493,-517202.23882387904,301.610704975311,1.0270934358449044,103
5715000,22960.000002842567,-517100.97218699264,299.8711709630441,1.0219864009528707,103
5720000,22980.000002846642,-516033.09922822216,301.1173431375164,1.0235450292366195,103
5725000,23000.000002850717,-517046.1709916345,302.45940171559585,1.0280887049056704,103
5730000,23020.00000285479,-516440.64053433295,301.89477814662695,1.0264859206086199,103
5735000,23040.000002858866,-516605.53402027907,298.825480333647,1.029507128653618,103
5740000,23060.00000286294,-516114.64520228095,301.7688713418198,1.0266634465741342,103
5745000,23080.000002867015,-518198.2593757014,302.33209789710594,1.027910096920044,103
5750000,23100.00000287109,-516479.85256490693,304.7026538761132,1.028740279038665,103
5755000,23120.000002875164,-518099.42963896925,299.63144109345205,1.0308141694585131,103
5760000,23140.00000287924,-516977.49316822505,300.0575328156505,1.0231481083231972,103
5765000,23160.000002883313,-517391.2481220856,298.59521896510626,1.0222341399735695,103
5770000,23180.000002887387,-516887.60317899403,300.41608391228795,1.0313313381073186,103
5775000,23200.000002891462,-515329.66895960853,298.77582234578006,1.0233514495680396,103
5780000,23220.000002895536,-517395.84469521977,301.18457930659184,1.0294612187946626,103
5785000,23240.00000289961,-516409.62407905725,297.3504764215418,1.0283418825257973,103
5790000,23260.000002903686,-516721.85953303776,300.77632868900395,1.027754331228964,103
5795000,23280.00000290776,-515807.4708872943,298.2413217995972,1.0233687923728247,103
5800000,23300.000002911835,-516924.88853599573,300.80616667505967,1.0230047626925727,103
5805000,23320.00000291591,-516204.46308779763,299.86180779383756,1.0282849423096052,103
5810000,23340.000002919984,-516217.1126576655,301.67242531976297,1.0206217839446214,103
5815000,23360.00000292406,-516596.1364809151,302.8175729112895,1.0277151748388564,103
5820000,23380.000002928133,-517357.87315065577,299.48365470909386,1.028423785084442,103
5825000,23400.000002932207,-516139.33901415695,300.3787528781096,1.0250860502694632,103
5830000,23420.00000293628,-517395.84598431364,302.07691287048294,1.026337537202704,103
5835000,23440.000002940356,-516498.1529483318,300.5469672564218,1.0235989749830727,103
5840000,23460.00000294443,-516042.51404945203,300.450952643558,1.0259700012836277,103
5845000,23480.000002948505,-516215.05141337775,300.4022468328849,1.0217555933370515,103
5850000,23500.00000295258,-516214.5820162399,299.8378849476841,1.0283835389635771,103
5855000,23520.000002956654,-517309.3377333479,301.2687358431042,1.027153975122802,103
5860000,23540.00000296073,-516488.32448973646,301.5755184862215,1.0263005864221655,103
5865000,23560.000002964804,-517367.79280955624,300.66797271302187,1.0261543957061812,103
5870000,23580.000002968878,-516880.55897969496,298.4217845200063,1.026400850815809,103
5875000,23600.000002972953,-518455.15251891245,300.30440085779895,1.030089372463042,103
5880000,23620.000002977027,-516988.347031286,302.7423677412365,1.0259362370055365,103
5885000,23640.0000029811,-517383.6166561204,299.8501145183355,1.024746665372159,103
5890000,23660.000002985176,-517566.5860911701,300.6461554956079,1.027151239270322,103
5895000,23680.00000298925,-516910.93430866324,301.7894628062222,1.0244450631122703,103
5900000,23700.000002993325,-517493.01795238396,302.67065575928524,1.0299320239947822,103
5905000,23720.0000029974,-517499.1256014381,299.2661394635313,1.0260262306548895,103
5910000,23740.000003001474,-516938.16510005784,302.852602012148,1.0283745037704135,103
5915000,23760.00000300555,-517016.12665574043,299.0290438186531,1.025467945116074,103
5920000,23780.000003009623,-517070.25600346713,300.68275206045723,1.0258122516726405,103
5925000,23800.000003013698,-517444.4657855057,301.17585227313333,1.0244696028606748,103
5930000,23820.000003017773,-517790.13514250005,298.37605495884094,1.0267727605013914,103
5935000,23840.000003021847,-516107.81938870274,302.8791202717264,1.0231179111073179,103
5940000,23860.00000302592,-517258.602574826,302.680654579589,1.0274336006323008,103
5945000,23880.000003029996,-517395.7018196513,300.9305286595941,1.0253794992298628,103
5950000,23900.00000303407,-516666.69560313947,299.5699956858716,1.026198445853695,103
5955000,23920.000003038145,-516337.0632850316,302.0916607567216,1.0252000885266408,103
5960000,23940.00000304222,-516323.8437353149,301.5056303530309,1.0235776828685967,103
5965000,23960.000003046294,-516647.74632449937,297.64237326869375,1.0258014548458159,103
5970000,23980.00000305037,-516191.8761086124,303.0599860041577,1.0253781582198302,103
5975000,24000.000003054443,-517527.2858416282,297.9330479814277,1.02724736697217,103
5980000,24020.000003058518,-517456.4823334534,298.1289942865671,1.0265589775921373,103
5985000,24040.000003062592,-516947.2812413119,301.5526899646309,1.0228122645880893,103
5990000,24060.000003066667,-516824.04645914864,298.73597291179743,1.0254690986141872,103
5995000,24080.00000307074,-517221.7751429125,300.9743670949249,1.0230340016249277,103
6000000,24100.000003074816,-516960.57023064536,301.9270475751726,1.0250375328078465,103
6005000,24120.00000307889,-515258.614749074,303.60249555266256,1.0208566643066095,103
6010000,24140.000003082965,-517602.4105883455,300.46909049673377,1.0279264818407203,103
6015000,24160.00000308704,-516887.0968491095,299.42908492381144,1.026458749149528,103
6020000,24180.000003091114,-516380.1940439318,299.91845218052345,1.022359137330412,103
6025000,24200.00000309519,-517485.15381647996,299.20418428138083,1.0257049717005016,103
6030000,24220.000003099263,-516862.70794797875,301.0388985563147,1.0278899999517666,103
6035000,24240.000003103338,-516413.6342527906,301.78555576045574,1.0267603069168045,103
6040000,24260.000003107412,-518549.010234162,299.3005904195443,1.0267438841236618,103
6045000,24280.000003111487,-515947.2980856558,301.8555841957191,1.0260917040886361,103
6050000,24300.00000311556,-516719.1546413521,300.26879911856884,1.0312918141094451,103
6055000,24320.000003119636,-517898.8266095044,298.03054501962106,1.0262794906388892,103
6060000,24340.00000312371,-516850.9000341154,300.7427856555794,1.0246306959520541,103
6065000,24360.000003127785,-516235.2388296013,299.7844743348127,1.0250580069559043,103
6070000,24380.00000313186,-516999.3081352045,299.50165626266215,1.0277680363549448,103
6075000,24400.000003135934,-517175.001521952,302.3426861362429,1.0234243902943847,103
6080000,24420.00000314001,-516485.123784889,299.9422197533841,1.0292697508878392,103
6085000,24440.000003144083,-517978.8014776339,301.94516851566874,1.0290777606817496,103
6090000,24460.000003148158,-516038.43181039207,297.9951166468862,1.0264962785142588,103
6095000,24480.000003152232,-518255.6285006881,301.4729865144114,1.0286292002494353,103
6100000,24500.000003156307,-516950.54089273955,300.2145053218319,1.0295500693383075,103
6105000,24520.00000316038,-517645.5401087268,299.5097658694507,1.0245660179003113,103
6110000,24540.000003164456,-516549.20829804405,299.5582199300945,1.0256033920976286,103
6115000,24560.00000316853,-516682.7809627366,301.7906960896077,1.024898591838772,103
6120000,24580.000003172605,-517743.7758750662,301.77267859822484,1.0304002822327611,103
6125000,24600.00000317668,-516155.4189309953,300.99811789344733,1.0278683384089011,103
6130000,24620.000003180754,-516073.5259474146,305.0978775583382,1.022777722685179,103
6135000,24640.00000318483,-515450.12654075306,299.8652816969445,1.0241650420148123,103
6140000,24660.000003188903,-517932.5236511971,300.0910303830616,1.0242310921132403,103
6145000,24680.000003192978,-517149.8517001772,298.6407886204326,1.0259429005643088,103
6150000,24700.000003197052,-517599.2191019368,300.9219282105734,1.0260488134403454,103
6155000,24720.000003201127,-517094.77990184585,300.6904998072722,1.0258361577945738,103
6160000,24740.0000032052,-518026.89127194625,299.75871627535304,1.0268765221282095,103
6165000,24760.000003209276,-516053.50368916756,304.62300363392836,1.0255130190682156,103
6170000,24780.00000321335,-516729.62413841253,301.73778644712905,1.0275094488152134,103
6175000,24800.000003217425,-517135.68519063573,303.17309625797435,1.0254551606213778,103
6180000,24820.0000032215,-516962.8063907989,299.9663200027109,1.030546752432461,103
6185000,24840.000003225574,-516367.2758448534,300.0642954501937,1.0229777873276482,103
6190000,24860.00000322965,-517992.0340914817,301.7776965432985,1.0280726525539317,103
6195000,24880.000003233723,-518741.06400896097,301.2177041959118,1.0289747490285304,103
6200000,24900.000003237798,-516837.27620918304,298.9398345429309,1.0242787055012568,103
6205000,24920.000003241872,-517413.1480416851,302.74196376592084,1.0266892825755671,103
6210000,24940.000003245947,-515415.0511587823,302.02863589223193,1.024467658459213,103
6215000,24960.00000325002,-517317.65050461283,301.68834130411244,1.0265287331279576,103
6220000,24980.000003254096,-515344.82337883045,300.1869960271103,1.0209675656437636,103
6225000,25000.00000325817,-517832.46538183396,300.414580965124,1.0316754149024814,103
6230000,25020.000003262245,-516128.91724346695,298.6831067627437,1.0266834861930254,103
6235000,25040.00000326632,-517403.4356461179,297.661621279009,1.0269411997243705,103
6240000,25060.000003270394,-516377.86175919324,302.07795549579595,1.0260162117281588,103
6245000,25080.00000327447,-518238.5172609028,300.7251178195726,1.0274193131067495,103
6250000,25100.000003278543,-517664.5506294605,300.4319342187283,1.0294101409044834,103
6255000,25120.000003282617,-516775.8896026714,302.8521602792724,1.0256987142312692,103
6260000,25140.000003286692,-517457.17843025085,300.0403298333931,1.0303432729219122,103
6265000,25160.000003290766,-517329.9204865361,300.104875442248,1.0246570759621727,103
6270000,25180.00000329484,-516279.29866360314,302.3846661714147,1.025187960271413,103
6275000,25200.000003298916,-516565.99792047194,299.9035686081251,1.0272583386418817,103
6280000,25220.00000330299,-518351.94457514095,298.069268168925,1.024560934287939,103
6285000,25240.000003307065,-517298.0127200312,300.08496495436236,1.0264409948716862,103
6290000,25260.00000331114,-517022.11459834245,301.47642657870654,1.0270975266595617,103
6295000,25280.000003315214,-516830.5652492794,300.9224309821428,1.0265965308841325,103
6300000,25300.00000331929,-516924.47395561193,300.27036881233795,1.024213503056443,103
6305000,25320.000003323363,-517248.6163787986,302.072270243204,1.02546609831919,103
6310000,25340.000003327437,-516768.1216147912,301.00684968477196,1.024592072927731,103
6315000,25360.000003331512,-517657.05532610836,297.58607070911813,1.0306873801559113,103
6320000,25380.000003335586,-516650.9223108338,300.58667304328725,1.024139910315158,103
6325000,25400.00000333966,-517877.5837864005,300.04802069366957,1.0314852628462936,103
6330000,25420.000003343735,-517970.3783087805,296.93568649242667,1.027714369906704,103
6335000,25440.00000334781,-517530.418257487,297.2165615403892,1.0301424512274184,103
6340000,25460.000003351885,-518729.89844308654,299.2018584520002,1.02830235508726,103
6345000,25480.00000335596,-516283.49064855627,301.19467169003536,1.0258180260296295,103
6350000,25500.000003360034,-515948.00891805044,300.47048160308265,1.0235946108965652,103
6315000,25360.000003331512,-518238.2772335212,300.6501856761215,1.0285016492706127,--
6320000,25380.000003335586,-515489.3441359864,301.0502304180576,1.0255456381081076,107
6325000,25400.00000333966,-517127.5510677865,298.31206220526525,1.0269277391669476,107
6330000,25420.000003343735,-518064.7781029574,298.25604539896034,1.0281358170572026,107
6335000,25440.00000334781,-517211.4461490798,300.3144424737719,1.0256275193177005,107
6340000,25460.000003351885,-516915.4182644731,301.443092971016,1.0245824814476177,107
6345000,25480.00000335596,-517197.0465358533,299.8769717511681,1.0295399779337864,107
6350000,25500.000003360034,-517819.84969759523,300.8351168716873,1.0255613682487774,107
6355000,25520.000003364108,-517749.2187297989,302.73805844342195,1.0289112731500338,107
6360000,25540.000003368183,-517230.59343904,299.75858022476274,1.0245688172519691,107
6365000,25560.000003372257,-518198.1234856653,299.76173769461036,1.0265413338968445,106
6370000,25580.00000337633,-517415.2539131255,301.59036552472094,1.0251733901227351,106
6375000,25600.000003380406,-518174.32350308984,302.6007339449218,1.0308585708926306,106
6380000,25620.00000338448,-516400.62453041784,297.1478146603956,1.0284653115727709,106
6385000,25640.000003388555,-516403.22979414696,300.3344765543229,1.0221185894684819,106
6390000,25660.00000339263,-516064.2707894326,298.1911496796871,1.0260062691650986,106
6395000,25680.000003396704,-516691.63958268566,301.4727500053971,1.0269376728948725,106
6400000,25700.00000340078,-516588.01698942366,299.29430829061243,1.031655738980681,106
6405000,25720.000003404853,-516485.674952528,302.39065736730845,1.0255635365408309,106
6410000,25740.000003408928,-517634.3467606439,300.00323516553453,1.027778393604928,106
6415000,25760.000003413003,-518400.1648620176,300.17686994820974,1.0310806852256877,106
6420000,25780.000003417077,-518238.93241499783,298.4824837733062,1.032508693271728,106
6425000,25800.00000342115,-515597.3247590251,301.2671354733361,1.0255843797235031,106
6430000,25820.000003425226,-516336.81683470984,299.5749452180731,1.0295266719114393,106
6435000,25840.0000034293,-516454.87564363144,299.6723053072007,1.0253234766296526,106
6440000,25860.000003433375,-518638.1482608754,298.7994342893918,1.028054172115786,106
6445000,25880.00000343745,-517488.8162100427,301.89431202904314,1.0289590990319557,106
6450000,25900.000003441524,-517058.3324784143,299.12151589268245,1.0275681702827255,106
6455000,25920.0000034456,-517157.566551815,297.98393974918116,1.0220561118169584,106
6460000,25940.000003449673,-516321.61898013507,301.95112151943886,1.0247019721881945,106
6465000,25960.000003453748,-516586.74719748483,303.19565519195476,1.0231490066948994,106
6470000,25980.000003457822,-518386.3982422957,300.76520444079995,1.0270882119235702,106
6475000,26000.000003461897,-516783.50366281695,300.33793790249723,1.0261855384808996,106
6480000,26020.00000346597,-517616.35468402505,301.47765451856253,1.0272166886819742,106
6485000,26040.000003470046,-517334.9042013325,300.41889369319955,1.0261332337729374,106
6490000,26060.00000347412,-516544.4493327148,300.96989395537037,1.0233219215817586,106
6495000,26080.000003478195,-518027.94914073986,301.69249465333866,1.0254480409580766,106
6500000,26100.00000348227,-517350.1801925672,299.7227524685844,1.0285947107774605,106
6505000,26120.000003486344,-517346.6314117706,299.72954033365113,1.0264764818464585,106
6510000,26140.00000349042,-516895.1450614189,301.51022133253736,1.027697947479392,106
6515000,26160.000003494493,-517828.83409767016,302.0251681865469,1.0262192383076874,106
6520000,26180.000003498568,-516548.64189794404,299.34506183293087,1.0287249667468104,106
6525000,26200.000003502642,-515940.753285707,303.4948592123492,1.020619033464205,106
6530000,26220.000003506717,-514563.61633014004,301.175399579351,1.019224502142007,106
6535000,26240.00000351079,-517435.1625972986,299.67460422410153,1.0258173901099865,106
6540000,26260.000003514866,-515890.04972255067,301.03589448448855,1.0254262772736893,106
6545000,26280.00000351894,-516745.4702821744,301.4029229844484,1.0242912887617583,106
6550000,26300.000003523015,-516615.14680679794,299.95422460045165,1.0253024830853608,106
6555000,26320.00000352709,-516568.5786541195,300.01852397873273,1.0271749812857374,106
6560000,26340.000003531164,-516948.12539911876,302.727349458753,1.0281781153812386,106
6565000,26360.00000353524,-517355.3386984528,298.47847293636653,1.0269549778982343,106
6570000,26380.000003539313,-517395.38621413475,300.20731335567467,1.0305741723545483,106
6575000,26400.000003543388,-516865.0860515747,302.7461320433064,1.025329993446161,106
6580000,26420.000003547462,-515773.89001606614,299.56449750155025,1.0204358023166225,106
6585000,26440.000003551537,-517613.2315727824,300.15353604270103,1.030523874831001,106
6590000,26460.00000355561,-516278.53007124923,301.26244602213194,1.0223551241312543,106
6595000,26480.000003559686,-516477.70527669834,303.3469385690944,1.023081045448897,106
6600000,26500.00000356376,-516541.23834705306,301.01262521559204,1.0237138548372051,106
6605000,26520.000003567835,-515642.00027692434,302.02074983564614,1.0250655225988012,106
6610000,26540.00000357191,-517117.5815669813,303.04059600412194,1.029902197332823,106
6615000,26560.000003575984,-517790.15825436404,301.58400929935925,1.0289979709495163,106
6620000,26580.00000358006,-517620.53385371645,301.1380241647564,1.029855374133442,106
6625000,26600.000003584133,-517162.13102329546,304.7992459719111,1.02675115151998,106
6630000,26620.000003588208,-517528.35381102096,302.1723552135151,1.0254253124191395,106
6635000,26640.000003592282,-518678.99591648346,299.9957352611533,1.030884470627684,106
6640000,26660.000003596357,-515667.08828467457,301.96042526744725,1.0251643740434855,106
6645000,26680.00000360043,-518777.58281169645,301.2325461304026,1.0287938212406302,106
6650000,26700.000003604506,-516524.8476271308,299.53971716770707,1.0303283107310115,106
6655000,26720.00000360858,-516395.4769405199,301.7155009395131,1.0288063593732775,106
6660000,26740.000003612655,-517323.79113608296,302.9436293243753,1.0271937653672725,106
6665000,26760.00000361673,-517522.14504716685,301.74279448778657,1.0226360548513982,106
6670000,26780.000003620804,-517978.51295948215,299.09624525039624,1.0286036189626384,106
6675000,26800.00000362488,-515989.8599925167,298.65933892372897,1.0258652154012455,106
6680000,26820.000003628953,-517798.56734165293,298.9021487017977,1.028743171818716,106
6685000,26840.000003633028,-517358.44831994176,302.88498677890783,1.0257831933818518,106
6690000,26860.000003637102,-517289.2933569704,304.1155577309553,1.0264437201895584,106
6695000,26880.000003641177,-517685.3856303722,300.7877421812642,1.0259752536759366,106
6700000,26900.00000364525,-516727.956029007,297.63041163076406,1.0257533681255877,106
6705000,26920.000003649326,-517049.230353293,302.1893774782645,1.025176889345086,106
6710000,26940.0000036534,-517235.7988841445,300.1793652792585,1.0234074244144318,106
6715000,26960.000003657475,-517429.1253942603,301.0437201461498,1.027229127732584,106
6720000,26980.00000366155,-516430.59308792045,300.31448713982576,1.0267716452762312,106
6725000,27000.000003665624,-516806.28065004107,299.3107169678577,1.0235256133033024,106
6730000,27020.0000036697,-516476.5392780504,300.72720198652536,1.0316392686857199,106
6735000,27040.000003673773,-519007.28291000053,303.366903714679,1.0252522207729564,106
6740000,27060.000003677847,-516992.98154053534,299.2089383297077,1.0239554193397031,106
6745000,27080.000003681922,-515838.21652311436,299.0562715831508,1.0268577768900247,106
6750000,27100.000003685996,-517020.4537066645,299.73353195488465,1.025139750358884,106
6755000,27120.00000369007,-516982.4709921635,302.696805843753,1.0230399951293727,106
6760000,27140.000003694146,-518085.42927568546,301.1851473502993,1.0269904462271202,106
6765000,27160.00000369822,-517625.6106528181,301.226758020021,1.0253328154940784,106
6770000,27180.000003702295,-516452.4333737779,301.2896652104248,1.0238657554250146,106
6775000,27200.00000370637,-517708.44142787484,299.12280105305337,1.0272732421492987,106
6780000,27220.000003710444,-516877.85936581925,298.6649727370083,1.0249029044987474,106
6785000,27240.00000371452,-517431.9931282685,303.61638712106395,1.025780882682206,106
6790000,27260.000003718593,-517623.6123078363,300.8185931784401,1.0245738400366506,106
6795000,27280.000003722667,-518134.16860165936,302.1410904105945,1.0293689874837935,106
6800000,27300.000003726742,-517534.18152195634,296.8678686891849,1.0266640576637678,106
6805000,27320.000003730816,-517553.7155296514,302.73551413818296,1.024517487958659,106
6810000,27340.00000373489,-517895.0795612957,303.9222197934077,1.0287423013245416,106
6815000,27360.000003738965,-516364.66212605126,300.10670264264064,1.025502533143295,106
6820000,27380.00000374304,-517059.6142413609,301.1325797195259,1.0278173915084992,106
6825000,27400.000003747115,-516604.24740748317,300.4169784471459,1.0276698571452876,106
6830000,27420.00000375119,-515945.9185485579,301.47048502711715,1.0243380979385603,106
6835000,27440.000003755264,-517903.46305481764,300.6928158243829,1.0274188660008445,106
6840000,27460.000003759338,-518358.55436352314,300.75411707257575,1.0266568507344447,106
6845000,27480.000003763413,-517084.2045933849,301.4586371648501,1.0253192600968604,106
6850000,27500.000003767487,-517694.9591770214,303.3226124727478,1.0310624415471144,106
6855000,27520.00000377156,-517383.18911723956,302.1482644999451,1.0240789060757698,106
6860000,27540.000003775636,-517467.18275203626,301.6839438748491,1.0223818193706242,106
6865000,27560.00000377971,-516289.60313365166,300.9944830045127,1.0235189741454254,106
6870000,27580.000003783785,-516977.69341603806,301.7334404542624,1.0234936747999637,106
6875000,27600.00000378786,-517520.90424336074,301.41059840169333,1.029539649832946,106
6880000,27620.000003791934,-516508.93141820235,301.1262528050044,1.0236503466156746,106
6885000,27640.00000379601,-517233.587423861,299.45759540615774,1.0253729693573521,106
6890000,27660.000003800084,-516895.48341635894,299.9028913049633,1.0243279367125544,106
6895000,27680.000003804158,-516656.7534301332,301.5054476136092,1.026062366341293,106
6900000,27700.000003808233,-518304.57086259895,300.37246551974636,1.0253665574827577,106
6905000,27720.000003812307,-518063.99151010136,300.93503349774437,1.031788975795843,106
6910000,27740.00000381638,-516663.0513731672,301.86542325839616,1.024708537174258,106
6915000,27760.000003820456,-517081.9317146791,300.96986879846565,1.0239306872525773,106
6920000,27780.00000382453,-518778.08971803496,300.8641388740603,1.0307067437225543,106
6925000,27800.000003828605,-517133.89623984206,300.7811421762094,1.026581270784088,106
6930000,27820.00000383268,-518908.851270603,299.2504091559291,1.0266911546790443,106
6935000,27840.000003836754,-517825.80401087133,302.8932052829652,1.0252646277603419,106
6940000,27860.00000384083,-517506.0764087429,301.11938553203817,1.0262216861024842,106
6945000,27880.000003844903,-518215.4488769758,299.917983759966,1.0254487067979434,106
6950000,27900.000003848978,-518371.1707554413,303.6125994631011,1.0267083754416824,106
6955000,27920.000003853052,-518741.41789832176,301.83236858536804,1.0269811658809533,106
6960000,27940.000003857127,-516314.3214763398,300.13169143429417,1.023042422680964,106
6965000,27960.0000038612,-518153.3190928295,300.642482671441,1.0254161415757659,106
6970000,27980.000003865276,-515881.8840900324,302.98463776674436,1.0224808836215649,106
6975000,28000.00000386935,-516274.8165838071,300.18823039647333,1.0256391034623495,106
6980000,28020.000003873425,-517078.86892258143,298.99632973841756,1.0275977701730177,106
6985000,28040.0000038775,-517339.4671016168,300.88702170075277,1.026361388398228,106
6990000,28060.000003881574,-517502.73477124213,300.18633548442745,1.027796516771882,106
6995000,28080.00000388565,-516190.509318748,298.462287260628,1.02618650928983,106
7000000,28100.000003889723,-517506.478014719,300.65953183505957,1.0269986178334773,106
7005000,28120.000003893798,-516777.1412192525,302.2426547819553,1.0226110373271253,106
7010000,28140.000003897872,-515415.5059237371,303.0551864681469,1.022992705168848,106
7015000,28160.000003901947,-518869.09813754447,300.53088649004496,1.033190537160402,106
7020000,28180.00000390602,-516685.0615213956,303.2475357755537,1.025114065115575,106
7025000,28200.000003910096,-516464.15712982346,300.72909267723907,1.0246708676831058,106
7030000,28220.00000391417,-518846.6119641138,299.71327343160436,1.0293687186530567,106
7035000,28240.000003918245,-517002.64753511245,302.1888367425698,1.0226958006478555,106
7040000,28260.00000392232,-517784.2320009519,300.9137063496618,1.0284827699218861,106
7045000,28280.000003926394,-516984.60647319467,301.7342846752164,1.0268018932047946,106
7050000,28300.00000393047,-517239.88795749634,302.04298150014915,1.0264589541047204,106
7055000,28320.000003934543,-516161.92304310645,298.96064652262646,1.0261532271222507,106
7060000,28340.000003938618,-516533.9461014583,304.3685744377107,1.026634025415962,106
7065000,28360.000003942692,-516861.7357066695,298.4484480248189,1.0247503575059436,106
7070000,28380.000003946767,-517907.8132179964,301.8594153752722,1.026175559477356,106
7075000,28400.00000395084,-516503.14664371614,295.93408645498084,1.0284051558176481,106
7080000,28420.000003954916,-516206.46770679206,301.9028261421282,1.0256242136717706,106
7085000,28440.00000395899,-515478.15297721606,302.6903978980063,1.0266139919703094,106
7090000,28460.000003963065,-516014.6858126451,301.9644567575457,1.0276653190879492,106
7095000,28480.00000396714,-516558.4396364561,299.1786027074173,1.0261051594823836,106
7100000,28500.000003971214,-516057.45193137624,303.3138054256478,1.0264542132019572,106
7105000,28520.00000397529,-517685.07577683055,299.01133278445235,1.0297099106405985,106
7110000,28540.000003979363,-516825.1799328972,303.77501668359525,1.024534542561105,106
7115000,28560.000003983438,-517172.6407968984,300.07163813124276,1.0281005813787392,106
7120000,28580.000003987512,-516324.7065426125,303.4879094789183,1.0239164771128861,106
7125000,28600.000003991587,-517209.01935028494,302.27248276294034,1.0254963043515226,106
7130000,28620.00000399566,-517056.41964859096,302.25660669288186,1.0324649829197785,106
7135000,28640.000003999736,-516295.7488905869,301.90686812560443,1.024521992296908,106
7140000,28660.00000400381,-516089.7918410057,299.39039613479355,1.0258664228798147,106
7145000,28680.000004007885,-517409.0011588286,302.1245826182479,1.026929986416691,106
7150000,28700.00000401196,-517903.0229284037,302.7787220868234,1.0315509676410453,106
7155000,28720.000004016034,-517320.8215570904,300.6022361234792,1.0225190456887625,106
7160000,28740.00000402011,-517898.25751142274,302.5199025826888,1.0233169788727867,106
7165000,28760.000004024183,-517066.56172527326,301.2613290344322,1.0225466478530616,106
7170000,28780.000004028258,-516698.2326717044,302.1669998993862,1.0268718289088512,106
7175000,28800.000004032332,-517630.59996095276,300.99682272401566,1.025895182046302,106
7180000,28820.000004036407,-516251.6485545812,301.7653421509623,1.0284504364315987,106
7185000,28840.00000404048,-517069.45491853426,300.9913081013055,1.027402980859705,106
7190000,28860.000004044556,-517144.0619943838,300.71281756848214,1.0276392979360638,106
7195000,28880.00000404863,-517272.6555772789,301.50305704345357,1.024313782869198,106
7200000,28900.000004052705,-516006.4859685786,301.3165596804116,1.0233578215407815,106
7205000,28920.00000405678,-517403.68265540386,299.41091212547525,1.0303636336083666,106
7210000,28940.000004060854,-517360.3313203959,301.7434859852903,1.0277449038972317,106
7215000,28960.00000406493,-516883.19073579716,300.28166223239833,1.0284845338804,106
7220000,28980.000004069003,-517531.2640200325,299.8125877714581,1.0256001794428269,106
7225000,29000.000004073077,-517059.1019342609,300.26832130249966,1.0294175416850238,106
7230000,29020.000004077152,-518300.35165143386,300.71030586882665,1.02327141330648,106
7235000,29040.000004081227,-516963.31062273774,299.9925248474978,1.0262884098149332,106
7240000,29060.0000040853,-516317.9778943751,300.9952326928467,1.0271509504279952,106
7245000,29080.000004089376,-517329.4875612161,303.11067526404094,1.028088599586129,106
7250000,29100.00000409345,-517415.9855283045,299.10251921721164,1.0279813238269944,106
7255000,29120.000004097525,-517020.92516518664,300.022861561834,1.0240998213953167,106
7260000,29140.0000041016,-517254.8550165999,297.9161082973756,1.0277662880974199,106
7265000,29160.000004105674,-517477.4168131009,299.5491992006267,1.0254072143364887,106
7270000,29180.00000410975,-517509.7533723579,301.85116136878656,1.0259592205694876,106
7275000,29200.000004113823,-516584.1920197136,301.8823058033682,1.023907372924445,106
7280000,29220.000004117897,-515619.3254139861,302.7352487510832,1.026527655829848,106
7285000,29240.000004121972,-516625.69762245636,299.9999478221131,1.0227710405394719,106
7290000,29260.000004126046,-516386.5074468185,303.93702192704916,1.0344199542902879,106
7295000,29280.00000413012,-516511.78293745895,300.96402541576566,1.0277895226093254,106
7300000,29300.000004134195,-516859.336783441,301.0511311808034,1.021716068729363,106
7305000,29320.00000413827,-517923.6850663847,299.75127172821317,1.029396840991788,106
7310000,29340.000004142345,-516954.3176523454,301.2529564749243,1.0208789036313923,106
7315000,29360.00000414642,-517344.97232726845,301.25610801643063,1.0243941458820875,106
7320000,29380.000004150494,-517858.1581095131,302.7264183732726,1.028043525619654,106
7325000,29400.000004154568,-517698.8972786728,299.8498366912685,1.0317564278308216,106
7330000,29420.000004158643,-516995.2643121027,301.2118495461124,1.0274953391934938,106
7335000,29440.000004162717,-516573.2586220063,303.3630033108359,1.02612906897369,106
7340000,29460.00000416679,-516846.8801919692,300.9037516702914,1.027860075361079,106
7345000,29480.000004170866,-517185.95176331745,295.04446825810123,1.0224421814257856,106
7350000,29500.00000417494,-516753.96376954555,301.82141754471803,1.0289179498916223,106
7355000,29520.000004179015,-515345.3080301422,303.2434570722684,1.022806306626828,106
7360000,29540.00000418309,-517540.9226742033,300.40079047292136,1.027455798812188,106
7365000,29560.000004187164,-518021.2378040452,301.71626383075886,1.0300842990625845,106
7370000,29580.00000419124,-517400.628604637,299.59949955138217,1.0265597274812452,106
7375000,29600.000004195314,-517858.7226871329,301.6883774868779,1.0307741950626597,106
7380000,29620.000004199388,-517617.5910713908,301.7136104195045,1.0277839508245927,106
7385000,29640.000004203463,-517874.7872098789,301.26692116717567,1.0288389360193582,106
7390000,29660.000004207537,-517630.69592137635,301.72524537745903,1.025167568252308,106
7395000,29680.00000421161,-516871.4387989326,301.72108463120827,1.026360353852483,106
7400000,29700.000004215686,-518125.42456051335,301.6669401548236,1.030917636822707,106
7405000,29720.00000421976,-517354.0088952689,302.11346872295235,1.0272077364679877,106
7410000,29740.000004223835,-517358.6825336041,300.9861426859339,1.028308677544571,106
7415000,29760.00000422791,-517170.6719852763,300.294406697426,1.026459187621806,106
7420000,29780.000004231984,-516404.14431979647,300.57041059817936,1.0255629772347008,106
7425000,29800.00000423606,-517193.5659048315,302.4892247757395,1.0280755667504295,106
7430000,29820.000004240133,-516760.9506334134,302.3203346746405,1.0293200400264297,106
7435000,29840.000004244208,-518140.52039148356,301.4676801341402,1.027222553726966,106
7440000,29860.000004248282,-516006.8384022778,301.3430038130896,1.025754181746022,106
7445000,29880.000004252357,-517147.45242531993,301.8644121311156,1.0284908250979337,106
7450000,29900.00000425643,-516694.0970512347,299.70236966570667,1.0234087531315623,106
7455000,29920.000004260506,-517671.6032101377,303.66040843575746,1.029798461349318,106
7460000,29940.00000426458,-518055.3133603018,297.71225867266924,1.0286610281455895,106
7465000,29960.000004268655,-516283.57832786883,301.95492222818325,1.026546027876171,106
7470000,29980.00000427273,-517980.6646653847,303.6192578007627,1.0249868102655921,106
7475000,30000.000004276804,-516924.67987570236,301.7213819196768,1.0265992603108964,106
7480000,30020.00000428088,-517776.7143718251,299.7040754733072,1.0242396492168884,106
7485000,30040.000004284953,-516586.57360676304,301.29630419099135,1.0206264287687759,106
7490000,30060.000004289028,-517215.5404206377,302.593272338261,1.0290032988268751,106
7495000,30080.000004293102,-517507.28893523687,300.13449252898505,1.024695263033103,106
7500000,30100.000004297177,-516797.5423013612,299.5095554334868,1.024029813679013,106
7505000,30120.00000430125,-517201.7955013497,298.4078618068131,1.031534939405798,106
7510000,30140.000004305326,-517271.12752774335,300.67935434943115,1.026898360258964,106
7515000,30160.0000043094,-517109.36880292,303.32086288831084,1.0264499774149491,106
7520000,30180.000004313475,-517820.8873332029,300.96720336491984,1.029404348164932,106
7525000,30200.00000431755,-516461.1369031947,300.75560518915535,1.0259159892272693,106
7530000,30220.000004321624,-517826.16847000294,298.6921468999002,1.029511031551387,106
7535000,30240.0000043257,-517948.0985629242,301.81091502222694,1.0324473687555002,106
7540000,30260.000004329773,-516034.4151828028,301.5235704749816,1.0275158494340264,106
7545000,30280.000004333848,-517620.6353002796,302.82943092206864,1.0277379419960821,106
7550000,30300.000004337922,-516461.3977185807,300.6426287589674,1.0248021785903327,106
7555000,30320.000004341997,-517041.12398555735,301.8043426307109,1.0237011364816948,106
7560000,30340.00000434607,-517376.85335633554,300.5637005340194,1.02578236672267,106
7565000,30360.000004350146,-517294.5621460981,300.8076281648549,1.0256668291188118,106
7570000,30380.00000435422,-516779.6926239906,298.64443860286553,1.027544404303784,106
7575000,30400.000004358295,-517387.08600373217,303.8780211236352,1.0255879528463543,106
7580000,30420.00000436237,-516236.1027228958,300.38907310402806,1.0253994990521695,106
7585000,30440.000004366444,-516925.4149829594,303.5078988477593,1.0263479468014478,106
7590000,30460.00000437052,-516518.1633686926,298.15557249009595,1.02502398200112,106
7595000,30480.000004374593,-515698.68512276467,302.67738901301686,1.0232535921312609,106
7600000,30500.000004378668,-517028.7606523512,299.24702965021163,1.0235149488075264,106
7605000,30520.000004382742,-516661.5164830587,300.2673316865629,1.0263024732817652,106
7610000,30540.000004386817,-517274.6536928464,299.68884548696695,1.0267518246150649,106
7615000,30560.00000439089,-516173.83774098894,302.3327811258395,1.0247413746685647,106
7620000,30580.000004394966,-515828.638679683,300.21698792895,1.0234001213492538,106
7625000,30600.00000439904,-516252.3769109396,299.2014029098771,1.023179088719887,106
7630000,30620.000004403115,-518240.97607035725,299.12828602660943,1.029838251366611,106
7635000,30640.00000440719,-517553.78548834915,300.833355297795,1.0225045624934697,106
7640000,30660.000004411264,-516859.83998467075,296.9900083488044,1.0254316584932712,106
7645000,30680.00000441534,-517325.33920517657,303.5799497777402,1.0274048522006607,106
7650000,30700.000004419413,-518021.5058245396,300.0696409180809,1.0260248575114432,106
7655000,30720.000004423488,-516331.9295291209,299.3222515730983,1.023270944020727,106
7660000,30740.000004427562,-517452.872072977,302.05369468089845,1.0272716543321556,106
7665000,30760.000004431637,-515390.08304980467,304.4847316022642,1.0245491645000018,106
7670000,30780.00000443571,-517050.47387181316,301.6706759184586,1.023610354230139,106
7675000,30800.000004439786,-518340.6376414676,301.6406311319853,1.0257716224505904,106
7680000,30820.00000444386,-517299.6377731133,302.8279949625792,1.0248708821101942,106
7685000,30840.000004447935,-517564.80993689294,299.7684336139237,1.023724480639213,106
7690000,30860.00000445201,-515560.6177425189,301.0341043365154,1.0262605343964977,106
7695000,30880.000004456084,-517979.2227094814,300.5993416385602,1.0258439732671112,106
7700000,30900.00000446016,-516750.93970487756,303.7640138950125,1.0270289640628967,106
7705000,30920.000004464233,-516577.28982177284,300.4613731008132,1.0233821154395513,106
7710000,30940.000004468307,-516621.5482106607,299.0719566761269,1.0302577342202393,106
7715000,30960.000004472382,-518091.9418203698,298.3306891060633,1.0284694673513237,106
7720000,30980.000004476457,-516380.53286127886,299.81101088965977,1.0232936558554477,106
7725000,31000.00000448053,-515966.8189619717,302.2120404922435,1.024768657697082,106
7730000,31020.000004484606,-517366.4918342454,298.6859409460037,1.0241340255816498,106
7735000,31040.00000448868,-516855.55073461216,303.09705122456234,1.02492747290025,106
7740000,31060.000004492755,-516963.7330582484,303.73080738317304,1.0251572492774115,106
7745000,31080.00000449683,-517746.46156957606,298.3699663022255,1.0260746468104949,106
7750000,31100.000004500904,-516970.7823278287,298.9831922155551,1.025347324050778,106
7755000,31120.00000450498,-517270.3203455552,301.3338930585784,1.025501853898284,106
7760000,31140.000004509053,-517720.67601330485,300.9312942226542,1.029658198315773,106
7765000,31160.000004513127,-518433.4734178679,302.73987590728063,1.0309340548988704,106
7770000,31180.000004517202,-518305.4330910668,298.7785919597835,1.0268529950135583,106
7775000,31200.000004521276,-515891.11539880163,301.4499055939637,1.0265973338221173,106
7780000,31220.00000452535,-516391.0286641808,301.78992837251724,1.0257115576512634,106
7785000,31240.000004529425,-517240.54594819224,302.2201297045785,1.030160010350295,106
7790000,31260.0000045335,-516619.5619284387,300.00293164054017,1.0255506544446285,106
7795000,31280.000004537575,-517984.66063487553,299.9833110892091,1.0272504027376637,106
7800000,31300.00000454165,-516926.7016631102,301.6537229519148,1.0260095854974962,106
7805000,31320.000004545724,-516881.3525126574,301.43202236389124,1.0229880177230801,106
7810000,31340.000004549798,-516895.54770663846,301.0166856828572,1.025521086401711,106
7815000,31360.000004553873,-517477.48352133203,301.21491104021226,1.0305095582306179,106
7820000,31380.000004557947,-516788.30766935553,300.4183624131599,1.0271368351131078,106
7825000,31400.00000456202,-517697.2673603927,301.5110052820113,1.0217409261809496,106
7830000,31420.000004566096,-516321.6337440333,300.9417774364312,1.026338306255667,106
7835000,31440.00000457017,-517556.8086736677,302.76393142252863,1.0291877658520825,106
7840000,31460.000004574245,-517490.6304984237,300.50858624156615,1.0258601939574017,106
7845000,31480.00000457832,-517789.39305760455,300.2851331362036,1.0264658714709738,106
7850000,31500.000004582394,-517323.74282167247,300.8859818865319,1.0254024069696825,106
7855000,31520.00000458647,-518675.09724862897,302.67008686616776,1.0310219822531927,106
7860000,31540.000004590544,-517718.5943482809,303.31527999975003,1.024804455885729,106
7865000,31560.000004594618,-518350.75084343576,299.38974968524474,1.0284383482798156,106
7870000,31580.000004598693,-516294.0812514294,299.41235088491044,1.026125089420003,106
7875000,31600.000004602767,-516871.56187018775,299.7613056657032,1.0262158468526172,106
7880000,31620.00000460684,-516154.1053550623,301.88994424913705,1.0253826247240014,106
7885000,31640.000004610916,-516489.3982646903,300.27508757277343,1.029512453349689,106
7890000,31660.00000461499,-516695.10449246364,301.99809899929784,1.026841632142116,106
7895000,31680.000004619065,-516195.5715176065,299.0911465454191,1.0259596809463474,106
7900000,31700.00000462314,-516538.07759284345,300.00916901898665,1.0253944277938696,106
7905000,31720.000004627214,-517390.3097882448,300.181015538844,1.0255460332320625,106
7910000,31740.00000463129,-517607.3936733573,300.787461842374,1.0247959178748238,106
7915000,31760.000004635363,-516736.85711016785,301.78563191741625,1.0273146758936393,106
7920000,31780.000004639438,-516721.3686971974,300.7468385465577,1.028644313551312,106
7925000,31800.000004643513,-517196.7657814892,304.4752472049401,1.023259083463661,106
7930000,31820.000004647587,-517244.96976065263,301.7211105284436,1.027291868869502,106
7935000,31840.00000465166,-517510.9876804319,300.0079876140946,1.0274411909345833,106
7940000,31860.000004655736,-517799.0722008515,300.82075251136115,1.0278093260368804,106
7945000,31880.00000465981,-518046.91113957576,302.16916995004664,1.029863395498928,106
7950000,31900.000004663885,-517132.6923120355,299.1454842640062,1.0232512186271723,106
7955000,31920.00000466796,-516773.8493921687,301.368277497778,1.0265330031847966,106
7940000,31860.000004655736,-515688.5631678917,300.24261615264436,1.0264915586590666,--
7945000,31880.00000465981,-518176.8260266485,298.8066554969822,1.0262832796552184,104
7950000,31900.000004663885,-518222.2008961856,299.9953543099295,1.0298132876415107,104
7955000,31920.00000466796,-517845.21766091674,300.17157298090495,1.0266303721841488,104
7960000,31940.000004672034,-518357.50841286243,301.3689870476826,1.0300962188207865,104
7965000,31960.00000467611,-517582.14084319584,302.4198132110247,1.0288005734193395,104
7970000,31980.000004680183,-517507.2781557427,301.0216052174412,1.0272152486841728,104
7975000,32000.000004684258,-518186.99929974717,299.9398425271358,1.0265497521128515,104
7980000,32020.000004688332,-517875.8869022883,302.6683618342718,1.0221963168610813,104
7985000,32040.000004692407,-517502.34041411453,302.0888665955557,1.0263952848784033,104
7990000,32060.00000469648,-517507.29822103283,301.3965065222904,1.0266659817207162,104
7995000,32080.000004700556,-517208.07753514475,299.2348626021412,1.0253893026900163,104
8000000,32100.00000470463,-517526.84991075937,300.54914654072934,1.0283963328798356,104
8005000,32120.000004708705,-516224.1326678423,300.5146172389231,1.0227310944059136,104
8010000,32140.00000471278,-516947.4507645711,304.606873886345,1.0237626679620935,104
8015000,32160.000004716854,-516943.39721892984,300.20244182603966,1.023415440803488,104
8020000,32180.00000472093,-516732.3793498436,298.868171843762,1.0269050974100715,104
8025000,32200.000004725003,-516395.7916188482,299.19157849798364,1.025991389821145,104
8030000,32220.000004729078,-517330.88718427555,300.90934732051835,1.0222231142512592,104
8035000,32240.000004733152,-517271.5562948189,302.12305680587485,1.0214478162914273,104
8040000,32260.000004737227,-516248.9687687312,303.25455354116355,1.025650022106783,104
8045000,32280.0000047413,-516604.0992653789,299.98330508750644,1.0243851929305834,104
8050000,32300.000004745376,-517662.5241894163,302.21868036495107,1.0255333644024305,104
8055000,32320.00000474945,-516766.8601368738,302.9010215297546,1.027505962559777,104
8060000,32340.000004753525,-517575.4341316512,298.36068837392213,1.0281018608134098,104
8065000,32360.0000047576,-516452.8798116946,301.8921220854404,1.0314704696400405,104
8070000,32380.000004761674,-517083.32739065215,300.97070632102486,1.02604891479393,104
8075000,32400.00000476575,-516387.2628402321,299.1921841414635,1.0232972952788126,104
8080000,32420.000004769823,-515978.62287759595,299.89101691772925,1.0255111795650587,104
8085000,32440.000004773898,-516596.9311964051,302.0609364231861,1.027407973835602,104
8090000,32460.000004777972,-516980.83670097636,300.78611481659834,1.027161553283749,104
8095000,32480.000004782047,-518121.96535090636,300.74142536439626,1.0309473705366128,104
8100000,32500.00000478612,-517333.16931634536,302.3517702986547,1.0276082929445642,104
8105000,32520.000004790196,-517065.7987552155,299.1653152125461,1.0243159293810036,104
8110000,32540.00000479427,-516937.20082551846,300.9112800693859,1.02531210912604,104
8115000,32560.000004798345,-517674.9931914606,302.81432099563557,1.0227172950003176,104
8120000,32580.00000480242,-516472.4031373102,299.8527710752392,1.0209191537617162,104
8125000,32600.000004806494,-515622.9160984836,302.03550012179875,1.0270470157771097,104
8130000,32620.00000481057,-517749.938778694,301.04664895465606,1.0300410181040325,104
8135000,32640.000004814643,-516658.54645295464,299.00220074767145,1.0230316169083837,104
8140000,32660.000004818718,-517056.5950366459,299.3818754341047,1.0291952471474395,104
8145000,32680.000004822792,-516361.5408635151,300.00744976087645,1.0249106457405683,104
8150000,32700.000004826867,-518149.9680252606,300.7167890310348,1.0326628794879606,104
8155000,32720.00000483094,-517170.3969015472,301.9497748897539,1.0253254608019042,104
8160000,32740.000004835016,-517054.4240775809,301.1887164399748,1.0257994010908718,104
8165000,32760.00000483909,-516652.38706777454,300.8769434122989,1.0273296288033722,104
8170000,32780.00000484316,-517366.0931671781,299.27527070098483,1.0261364192384068,104
8175000,32800.000004847236,-517144.05689084553,301.44029112348807,1.0247524665855128,104
8180000,32820.00000485131,-517823.9476003896,301.00054129020606,1.0293495864119713,104
8185000,32840.000004855385,-517622.2930692774,300.3160049989521,1.0258940937367524,104
8190000,32860.00000485946,-517614.7771356073,302.58827132360625,1.0307003358251405,104
8195000,32880.000004863534,-517111.92544115824,301.11655377094434,1.0229873544374286,105
8200000,32900.00000486761,-516654.6439994273,301.214099398603,1.0266395860013258,105
8205000,32920.00000487168,-515618.26440323004,303.17361794901836,1.025177094381305,105
8210000,32940.00000487576,-517096.18363001896,300.11122583961804,1.026906537518352,105
8215000,32960.00000487983,-517867.24026644113,299.4775953123982,1.0235548301657549,105
8220000,32980.00000488391,-517685.2074020556,300.6258072831363,1.0256237230004626,105
8225000,33000.00000488798,-516493.27418639534,300.3941181716306,1.0245641945919393,105
8230000,33020.000004892056,-517382.0929948266,299.2652039235403,1.0262149335286734,105
8235000,33040.00000489613,-518289.663278162,299.8848392405322,1.0310622866815722,105
8240000,33060.000004900205,-518040.0425115393,303.26436476288086,1.030816025927575,105
8245000,33080.00000490428,-516034.28812857834,298.36667933719355,1.0272631129154324,105
8250000,33100.000004908354,-517946.6520576386,302.8622301046666,1.028457161013355,105
8255000,33120.00000491243,-516760.78843576345,298.97882191806286,1.0222715523675656,105
8260000,33140.0000049165,-516557.9331754062,303.1608860168069,1.026871080659471,105
8265000,33160.00000492058,-517652.8552052616,300.5315061762621,1.0271267796137762,105
8270000,33180.00000492465,-518037.1491437028,303.7839377793701,1.0294825067532105,105
8275000,33200.00000492873,-516582.62235536915,301.4136155085116,1.0210473709495647,105
8280000,33220.0000049328,-517006.62337268004,301.6913854578925,1.0270087220261022,105
8285000,33240.000004936875,-517374.8897312756,302.7286196620769,1.0278059967928148,105
8290000,33260.00000494095,-518305.28409415414,302.69882403259015,1.0294940541607633,105
8295000,33280.000004945025,-517532.3157523358,302.6651365010626,1.027592970579377,105
8300000,33300.0000049491,-516936.19204658153,298.6205571586531,1.0290115473019574,105
8305000,33320.00000495317,-516968.60184900416,300.97725906586675,1.0266167076801735,105
8310000,33340.00000495725,-517403.54527312587,301.24670029954916,1.0270566131161258,105
8315000,33360.00000496132,-517620.72556140134,300.0245263394975,1.0294187716520533,105
8320000,33380.0000049654,-515961.3292100525,300.8561207676549,1.029820186816339,105
8325000,33400.00000496947,-517644.39047002885,301.676266077282,1.0298618764995096,105
8330000,33420.000004973546,-517332.2651137619,300.6824150746919,1.0278652360054508,105
8335000,33440.00000497762,-517384.53091624426,299.6146208927344,1.0255871291714151,105
8340000,33460.000004981695,-517325.7859116148,301.2039951479509,1.0289937682821553,105
8345000,33480.00000498577,-518196.82555276994,301.7522511795307,1.0327643750521507,105
8350000,33500.000004989844,-517832.97225511214,298.65476654738995,1.0267844678094522,105
8355000,33520.00000499392,-517588.0051168131,299.88759969074613,1.0296885969182232,105
8360000,33540.00000499799,-517325.2790566152,299.4797959730395,1.024751982803546,105
8365000,33560.00000500207,-516944.67503380287,300.0140794041095,1.027692312760756,105
8370000,33580.00000500614,-517012.1989158548,300.5556743109905,1.026081015881839,105
8375000,33600.00000501022,-517418.19022015133,300.0463492864204,1.0286298046512752,105
8380000,33620.00000501429,-517207.4422908337,299.57641808858455,1.02617872073404,105
8385000,33640.000005018366,-517307.5691935858,301.5998914442538,1.0295755004257943,105
8390000,33660.00000502244,-517114.0888649665,300.3617210648279,1.027343215663104,105
8395000,33680.000005026515,-517527.32344025746,299.87138075283207,1.0259324945785264,105
8400000,33700.00000503059,-517819.2608156209,300.8654873970282,1.0270364457966488,105
8405000,33720.000005034664,-516902.3443238856,303.4234126688701,1.024717843859005,105
8410000,33740.00000503874,-517799.80356752966,299.9442427567054,1.0284275398588902,105
8415000,33760.00000504281,-518724.8103605686,300.6612652424377,1.0299147545832967,105
8420000,33780.00000504689,-517407.0428344498,302.3622576054497,1.022320743565339,105
8425000,33800.00000505096,-517939.60094342567,298.2861934475998,1.0315425427314648,105
8430000,33820.00000505504,-517630.5283745851,301.2754772787604,1.0277684971657242,105
8435000,33840.00000505911,-516687.4309756446,300.69128702448586,1.0307330083886979,105
8440000,33860.000005063186,-517359.3325196889,297.80318183700115,1.026206589957542,105
8445000,33880.00000506726,-517596.96275734436,302.1918502605144,1.0279328794030125,105
8450000,33900.000005071335,-517012.9677018698,297.4178852503454,1.029088019269513,105
8455000,33920.00000507541,-517881.2431039475,304.1678158554632,1.0243269432238304,105
8460000,33940.000005079484,-517668.0512842487,300.5293372436081,1.029814448256988,105
8465000,33960.00000508356,-517184.29846140114,300.4226324098458,1.025975882570007,105
8470000,33980.00000508763,-516929.88426041696,300.2050167463007,1.025112568421236,105
8475000,34000.00000509171,-517544.0148360776,299.9907497106847,1.0282674750298293,105
8480000,34020.00000509578,-516275.64438305516,304.0787603213622,1.025023098961703,105
8485000,34040.00000509986,-516299.9180263998,300.9620180431422,1.0250447074759468,105
8490000,34060.00000510393,-516248.7287575661,300.2815758183808,1.0253845105518917,105
8495000,34080.000005108006,-518095.4139136339,299.1691373221441,1.0267595553719457,105
8500000,34100.00000511208,-516360.4126929054,301.81395217632456,1.024078287047737,105
8505000,34120.000005116155,-516294.6087002342,298.9086625007094,1.030096130830343,105
8510000,34140.00000512023,-516669.141660413,300.3169587750111,1.0269601169821998,105
8515000,34160.000005124304,-518594.4724703692,298.99823491147714,1.0278936552326694,105
8520000,34180.00000512838,-517901.127027099,301.96406565381403,1.0272289550245874,105
8525000,34200.00000513245,-516202.80783877405,300.8277155984087,1.025690504785311,105
8530000,34220.00000513653,-517207.91398993717,300.0553961914544,1.02703510820765,105
8535000,34240.0000051406,-518655.27592510195,302.97978518791035,1.0306453002122757,105
8540000,34260.00000514468,-516583.54327814677,297.75939436319175,1.0288593361364433,105
8545000,34280.00000514875,-517046.0994315082,302.25310322498757,1.0215499709518963,105
8550000,34300.000005152826,-516798.8377305991,301.48866229511555,1.0303796078071734,105
8555000,34320.0000051569,-516359.3902991242,302.3343854329207,1.02796759501326,105
8560000,34340.000005160975,-516829.0290124542,298.0771562815591,1.027025535791439,105
8565000,34360.00000516505,-518029.99346499937,300.6084670258583,1.0283314605704852,105
8570000,34380.000005169124,-518384.02570708166,299.2516854748722,1.0315370020787438,105
8575000,34400.0000051732,-516367.401386729,297.97110204176875,1.0255019620642432,105
8580000,34420.00000517727,-517233.95044940664,299.3718351601583,1.0253342421046483,105
8585000,34440.00000518135,-518200.3755845437,299.0789242426011,1.0253763718232434,105
8590000,34460.00000518542,-516897.7369551896,301.7692678565848,1.0240122275718666,105
8595000,34480.0000051895,-517870.79541900405,301.2021636632745,1.0290992989067287,105
8600000,34500.00000519357,-517056.1432454721,299.19566404443856,1.0250822885487874,105
8605000,34520.000005197646,-517282.5387681441,301.8368875994296,1.0290769328942166,105
8610000,34540.00000520172,-517269.12341985176,301.9866176186169,1.0294609176828697,105
8615000,34560.000005205795,-516706.70894726855,302.08877565238765,1.0239874844595256,105
8620000,34580.00000520987,-516614.17215867667,302.33068398203204,1.0269386594429382,105
8625000,34600.000005213944,-518326.453212542,298.8362847631717,1.0257412946430484,105
8630000,34620.00000521802,-517601.9641296237,301.65131262183013,1.0207904683753546,105
8635000,34640.00000522209,-517365.8114034019,299.8218513763047,1.027443624095535,105
8640000,34660.00000522617,-516757.35323254694,301.7061846932903,1.0282873987606551,105
8645000,34680.00000523024,-517358.24897912284,301.28137838637065,1.0276383811453818,105
8650000,34700.00000523432,-518785.0798630337,298.9642793590622,1.0263204669808161,105
8655000,34720.00000523839,-515993.0269673262,301.80188122509304,1.0235162139868477,105
8660000,34740.000005242466,-517028.65187212406,300.1649729558416,1.0265234147703999,105
8665000,34760.00000524654,-516500.37401282554,300.5838660506121,1.0269941520077128,105
8670000,34780.000005250615,-518024.9066436058,298.26760165484234,1.0259324040551556,105
8675000,34800.00000525469,-516931.121640987,299.0441540656607,1.0252247629898499,105
8680000,34820.000005258764,-516700.32943560067,300.55345417655917,1.0224658439521555,105
8685000,34840.00000526284,-517357.566009148,300.1689472012342,1.027698460018874,105
8690000,34860.00000526691,-518002.5669306326,302.245861968175,1.0258080853643678,105
8695000,34880.00000527099,-516426.7251566802,302.2189238407582,1.024526281589507,105
8700000,34900.00000527506,-518260.16334379907,300.0378918158635,1.0272396809414959,105
8705000,34920.00000527914,-517514.02728516236,301.0014997845707,1.0299083127460598,105
8710000,34940.00000528321,-517575.80497511686,301.1141654088109,1.0293632216759556,105
8715000,34960.000005287286,-517198.9008855801,301.1790864089796,1.0233425153000035,105
8720000,34980.00000529136,-517291.0526847914,299.71820499197105,1.028179620141424,105
8725000,35000.000005295435,-516706.6880986991,301.173322605008,1.022888295872344,105
8730000,35020.00000529951,-516628.5104804416,300.53192905508155,1.0289538468231942,105
8735000,35040.000005303584,-518019.6387588612,300.0855288563429,1.0295870563724299,105
8740000,35060.00000530766,-516622.51448009745,300.4975632265166,1.026819529484895,105
8745000,35080.00000531173,-515835.31549068587,299.36357590345256,1.0228435266599571,105
8750000,35100.00000531581,-517110.4924180012,301.77271456206137,1.0235603334590115,105
8755000,35120.00000531988,-517950.4033986379,300.9243603872954,1.026251625863997,105
8760000,35140.00000532396,-515998.2539854825,301.10655525290616,1.0249828903150302,105
8765000,35160.00000532803,-517226.9591475106,300.3478065685944,1.0254468272671347,105
8770000,35180.000005332106,-517953.8922770233,301.6856232265562,1.02918124043936,105
8775000,35200.00000533618,-516643.9765936055,301.4771662266694,1.0278892472586127,105
8780000,35220.000005340255,-517448.5372788608,301.7649325862326,1.0307904406275796,105
8785000,35240.00000534433,-518003.30725559965,302.6173705916667,1.023164603272817,105
8790000,35260.000005348404,-516027.5633741971,299.500463734494,1.0299844199036925,105
8795000,35280.00000535248,-518030.9227473489,299.25463194957445,1.0289235486237092,105
8800000,35300.00000535655,-516991.52109139576,299.11266101950076,1.0234175947663533,105
8805000,35320.00000536063,-517811.8398393041,301.1468008573985,1.0316234250695693,105
8810000,35340.0000053647,-516584.22540789284,300.2098453698198,1.023362504131354,105
8815000,35360.000005368776,-518569.5944466174,300.0543575718418,1.024912801722235,105
8820000,35380.00000537285,-516592.464669409,304.36906669913725,1.0255655804574888,105
8825000,35400.000005376925,-517123.44384074095,301.8138535084215,1.0254850943932432,105
8830000,35420.000005381,-516450.53853213345,303.0920564955336,1.026593827192552,105
8835000,35440.000005385074,-518070.11610478815,302.6995642180515,1.0277730894142947,105
8840000,35460.00000538915,-516861.35500222025,302.42800846418055,1.027497330388409,105
8845000,35480.00000539322,-516876.820067754,304.35743957692415,1.029385325785532,105
8850000,35500.0000053973,-516552.2872440233,302.558216341474,1.0292014924827022,105
8855000,35520.00000540137,-516787.2939661052,300.2005440425507,1.0245667697972962,105
8860000,35540.00000540545,-517221.5253345254,300.8654281780435,1.0243499596801071,105
8865000,35560.00000540952,-517155.33176664216,302.24124699761927,1.0262914326194539,105
8870000,35580.000005413596,-517531.01363116316,299.9873973548242,1.0280175225238353,105
8875000,35600.00000541767,-518077.6266325407,302.91207651955125,1.0243348354240445,105
8880000,35620.000005421745,-516805.7679205013,300.1107149607905,1.0275094667204865,105
8885000,35640.00000542582,-517135.88191663637,300.74623082675663,1.0260327667760993,105
8890000,35660.000005429894,-517545.71033120225,301.7675860651551,1.0280294911316636,105
8895000,35680.00000543397,-517341.0307009306,302.1388891414726,1.0233026946276307,105
8900000,35700.00000543804,-516680.8254751407,302.01703264411213,1.0241352275353164,105
8905000,35720.00000544212,-517374.8213430797,302.16872147174183,1.0292876659046595,105
8910000,35740.00000544619,-516035.8210560235,299.6764312486837,1.0252832075732505,105
8915000,35760.00000545027,-517466.2227331081,301.85256991198435,1.0266496624040025,105
8920000,35780.00000545434,-515968.0700460274,299.96706535212104,1.02521818721045,105
8925000,35800.000005458416,-516373.3267949738,299.16790632970685,1.0263955586735618,105
8930000,35820.00000546249,-517516.7328308241,300.7358633263035,1.0251362842175489,105
8935000,35840.000005466565,-516971.443273532,301.87041379200286,1.0240078503135128,105
8940000,35860.00000547064,-517747.98906772747,301.7495300244349,1.025118895555744,105
8945000,35880.000005474714,-517664.8146771656,300.80873139204056,1.0260665110208034,105
8950000,35900.00000547879,-517696.437606795,300.39470926154564,1.0294293448150118,105
8955000,35920.00000548286,-517015.7180491667,301.3129138447979,1.0209868058275007,105
8960000,35940.00000548694,-517379.2213119706,303.2649795607049,1.0301633468758795,105
8965000,35960.00000549101,-516338.8764018761,301.30070154894685,1.0246314491724198,105
8970000,35980.00000549509,-517398.81445664144,301.0518331406983,1.0259431310476133,105
8975000,36000.00000549916,-517602.65900573833,298.02665585497135,1.024888553539419,105
8980000,36020.000005503236,-518033.6984365708,300.70357908833154,1.0306464284296093,105
8985000,36040.00000550731,-516758.96235131565,300.6024228697321,1.0271517036962052,105
8990000,36060.000005511385,-516311.53155997535,303.43338789546664,1.0279335707783552,105
8995000,36080.00000551546,-516832.5664793886,304.0085184148627,1.0283215197590294,105
9000000,36100.000005519534,-517565.9377219253,298.6129016347772,1.0259667012577005,105
9005000,36120.00000552361,-517294.5682185986,301.6430944442056,1.025501302759881,105
9010000,36140.00000552768,-517571.3509583457,299.141402137923,1.0278826855035135,105
9015000,36160.00000553176,-518402.6214329726,302.14070496958783,1.031705057804826,105
9020000,36180.00000553583,-516959.2033336824,299.6892287713141,1.0301222313841896,105
9025000,36200.00000553991,-517457.07327442337,300.8009260130536,1.0290022038756335,105
9030000,36220.00000554398,-517434.2650501528,300.3840452389362,1.0265919246794946,105
9035000,36240.000005548056,-516822.17579852813,302.40952886424134,1.0256083571845869,105
9040000,36260.00000555213,-516255.1175723288,296.35270703148865,1.0248915692729086,105
9045000,36280.000005556205,-517496.590327644,303.34940160146675,1.024998679188676,105
9050000,36300.00000556028,-516405.7462961925,303.72512758677317,1.0243883700718905,105
9055000,36320.000005564354,-517248.97560910694,301.1567558329319,1.0263017042452807,105
9060000,36340.00000556843,-516417.42497939547,301.7176705985066,1.0273720948290614,105
9065000,36360.0000055725,-517056.90078749624,299.0613392885868,1.0277425112535745,105
9070000,36380.00000557658,-516551.69391185115,302.1643731337567,1.0264733423874903,106
9075000,36400.00000558065,-519100.20734845335,299.60141504824526,1.029170006332263,106
9080000,36420.00000558473,-517210.6591961337,300.2784195985508,1.028328278064451,106
9085000,36440.0000055888,-516231.9134124075,298.83721271397,1.0254574370690046,106
9090000,36460.000005592876,-517059.54788303585,298.9106756511597,1.0266178456289983,106
9095000,36480.00000559695,-518438.8651082737,302.8099592306792,1.028940246952194,106
9100000,36500.000005601025,-516718.457363358,300.0817008132105,1.0253950761295876,106
9105000,36520.0000056051,-517701.3338491258,300.16203370121593,1.0271918198911252,106
9110000,36540.000005609174,-515729.31412977073,300.77165146615766,1.0249314615185998,106
9115000,36560.00000561325,-518179.2865874255,303.365515773793,1.0278963484217196,106
9120000,36580.00000561732,-518298.68482942926,305.0678467229177,1.0292416492702028,106
9125000,36600.0000056214,-516031.8380912903,300.3105299828337,1.0252827631069164,106
9130000,36620.00000562547,-517047.1052341766,300.4926471686211,1.0264341760387792,106
9135000,36640.00000562955,-517340.42204929516,301.44605005277566,1.0248601400696378,106
9140000,36660.00000563362,-516320.77235911065,300.5882492013078,1.0240023980584665,106
9145000,36680.000005637696,-517834.9954746014,302.96425052715983,1.028873599734522,106
9150000,36700.00000564177,-517342.79180869856,300.4109014406918,1.0271450851596924,106
9155000,36720.000005645845,-516028.2573816851,300.24403165602047,1.0240802939877254,106
9160000,36740.00000564992,-516809.2126826204,302.13860786128197,1.0245133952811978,106
9165000,36760.000005653994,-517421.4579776323,300.2332394437544,1.0265078857369365,106
9170000,36780.00000565807,-516898.96636272944,299.8858746639746,1.0279689885632788,106
9175000,36800.00000566214,-517411.3609635576,298.9599538247244,1.0285140226142622,106
9180000,36820.00000566622,-516869.93362969765,299.01210473116015,1.023862918009625,106
9185000,36840.00000567029,-517373.80306734145,301.66176737054707,1.0279546327812357,106
9190000,36860.00000567437,-516861.4901838901,299.5078237972859,1.0282345326806377,106
9195000,36880.00000567844,-517579.3159434956,300.0583378965992,1.0264911716236653,106
9200000,36900.000005682516,-516355.8625621442,295.68398968787824,1.0260696318453382,106
9205000,36920.00000568659,-516389.6906058495,299.7010031093998,1.0248403673452104,106
9210000,36940.000005690665,-516844.06719999714,301.4776836848135,1.029710954644051,106
9215000,36960.00000569474,-516768.00194903044,301.95243246251044,1.0262717911280341,106
9220000,36980.000005698814,-517387.50782643654,301.094018142733,1.0292562711620348,106
9225000,37000.00000570289,-516958.61592353345,300.0648683576056,1.0293695238793146,106
9230000,37020.00000570696,-517297.5192237608,301.50090673753346,1.0292200180941398,106
9235000,37040.00000571104,-517919.7786287684,299.1287913284873,1.027527206750147,106
9240000,37060.00000571511,-517105.8350529431,296.956334590282,1.0244401529658662,106
9245000,37080.00000571919,-518493.1103027968,301.93179791051824,1.0269003292578411,106
9250000,37100.00000572326,-518220.08155699726,301.4992026772625,1.027941778788325,106
9255000,37120.000005727336,-517271.2411045749,299.9618594209244,1.0282103662312396,106
9260000,37140.00000573141,-517110.6187518074,301.68198386101005,1.0305579889586802,106
9265000,37160.000005735485,-516261.98047572095,297.9618582593502,1.0242971975162602,106
9270000,37180.00000573956,-517781.3696182375,300.03359010548655,1.0231359389796262,106
9275000,37200.000005743634,-516169.66649278277,302.17234729892056,1.0255494244895018,106
9280000,37220.00000574771,-517291.62336068065,299.782186564604,1.025453105644391,106
9285000,37240.00000575178,-516560.6798523348,302.40202163402927,1.0270470293992873,106
9290000,37260.00000575586,-516076.5814736837,300.13236151447984,1.0242603009413316,106
9295000,37280.00000575993,-517381.18441630574,301.1325728115357,1.0283460199956533,106
9300000,37300.000005764006,-518282.3481843639,301.9589702552428,1.0277587336599239,106
9305000,37320.00000576808,-517934.61076921294,300.8721969835765,1.024948633477927,106
9310000,37340.000005772155,-517836.089681081,299.47661636042847,1.0280468482543732,106
9315000,37360.00000577623,-515960.3971902656,302.67361891153985,1.0250347710460939,106
9320000,37380.000005780304,-517805.1808433265,300.81916809761304,1.0279110856038993,106
9325000,37400.00000578438,-516146.6406760486,299.02821497830735,1.0257620913457708,106
9330000,37420.00000578845,-517281.811067885,299.88993280944186,1.027321561396717,106
9335000,37440.00000579253,-516444.9348871736,299.6331181951734,1.0260370040532025,106
9340000,37460.0000057966,-516910.99078371865,295.40957162159106,1.0276627425189806,106
9345000,37480.00000580068,-518919.87847286696,301.2677462872288,1.0298838189751014,106
9350000,37500.00000580475,-516142.84836653294,297.69102942437144,1.0272851556199205,106
9355000,37520.000005808826,-517214.72332240734,300.80791112717304,1.0271721108020488,106
9360000,37540.0000058129,-518163.8117062007,297.8851504457221,1.0290611365520506,106
9365000,37560.000005816975,-518564.66343792714,302.2002765046395,1.0264666932112236,106
9370000,37580.00000582105,-518219.0307814523,299.0184929761079,1.0297297378312313,106
9375000,37600.000005825124,-517032.81541009666,299.6214340128022,1.027477756223591,106
9380000,37620.0000058292,-515374.00188056706,300.51432952719136,1.0206329680834174,106
9385000,37640.00000583327,-517203.1459171106,299.6938011266155,1.024890333124044,106
9390000,37660.00000583735,-517808.78394118976,299.372487280462,1.024775147695548,106
9395000,37680.00000584142,-516750.7736896246,300.49401781373155,1.0260336712683937,106
9400000,37700.0000058455,-516473.89171939227,302.4964121840299,1.025967514122255,106
9405000,37720.00000584957,-517826.006787339,300.05799054508026,1.0280767609174954,106
9410000,37740.000005853646,-516325.4201757822,301.1808044066593,1.0252934706185144,106
9415000,37760.00000585772,-516601.39372431114,299.8325668862842,1.0245797768594829,106
9420000,37780.000005861795,-518087.9810547519,297.8290281940404,1.0286173522829372,106
9425000,37800.00000586587,-517369.8375040728,300.836977030209,1.0261921634544588,106
9430000,37820.000005869944,-517582.87891946407,300.3769471753312,1.0291982801718509,106
9435000,37840.00000587402,-517031.25837249076,298.69268626964737,1.0262929775540441,106
9440000,37860.00000587809,-517833.6097388193,302.3265326682093,1.0257005157539156,106
9445000,37880.00000588217,-517473.7821610216,301.4923097037965,1.0262696080962495,106
9450000,37900.00000588624,-517007.2843325152,301.3460232335498,1.0293931212269805,106
9455000,37920.00000589032,-517980.823639299,302.19774616415225,1.0291799655801726,106
9460000,37940.00000589439,-517268.2953420661,300.33483803250544,1.0252523080616867,106
9465000,37960.000005898466,-515628.36685939925,303.1646987774238,1.0206800412369794,106
9470000,37980.00000590254,-517151.84006692003,300.11665780193647,1.0283907929650653,106
9475000,38000.000005906615,-517142.1597357956,304.3300473589188,1.0280819759679698,106
9480000,38020.00000591069,-516661.98132341914,298.8145650635793,1.028332140528613,106
9485000,38040.000005914764,-517931.2563782397,302.2362867093438,1.027459854802403,106
9490000,38060.00000591884,-516282.0414213687,302.92513736044646,1.0275084863211674,106
9495000,38080.00000592291,-516619.6983247581,301.7755076207645,1.024280408900499,106
9500000,38100.00000592699,-517214.56245346996,298.1640633451291,1.0262841246589218,106
9505000,38120.00000593106,-517088.0345972334,300.68715618525755,1.028625913086207,106
9510000,38140.00000593514,-518119.8367077401,300.30008694524213,1.0255015022433231,106
9515000,38160.00000593921,-517818.473504432,299.94678767970214,1.0290764801616834,106
9520000,38180.000005943286,-517344.5555772993,302.6397332217216,1.0300757704676762,106
9525000,38200.00000594736,-517774.99883982935,300.5184601575959,1.0282204557263492,106
9530000,38220.000005951435,-517411.63482747274,297.8049412698303,1.0288049226195877,106
9535000,38240.00000595551,-516049.42220745515,300.3959095747489,1.0235654216292256,106
9540000,38260.000005959584,-518666.17877882114,298.39063444873443,1.0313403683883562,106
9545000,38280.00000596366,-517434.29475770914,298.93468199201,1.0287603430216936,106
9550000,38300.00000596773,-517183.7793028052,300.5622211914683,1.0292600351573633,106
9555000,38320.00000597181,-517163.2449996681,298.76827743390976,1.0286234442287734,106
9560000,38340.00000597588,-516986.7486044327,301.2921802651427,1.0271416606481596,106
9565000,38360.00000597996,-517050.6490778683,301.2452052316242,1.028310292899143,106
9570000,38380.00000598403,-516917.4303799926,303.29032246558694,1.0281160274206878,106
9565000,38360.00000597996,-517644.33095300244,303.252232819629,1.0269413160966243,--
9570000,38380.00000598403,-516397.83178951265,298.453090937747,1.0246485059573796,104
9575000,38400.000005988106,-516596.94460687204,300.9790209009524,1.0248700674590352,104
9580000,38420.00000599218,-517587.704505329,302.2029098322198,1.0274841233118837,104
9585000,38440.000005996255,-516782.7650504089,300.2160762656277,1.0262740132992338,104
9590000,38460.00000600033,-516299.7909339161,299.9886443089752,1.0241778324071154,104
9595000,38480.000006004404,-516309.10035812063,302.7854241277641,1.0242528939880562,104
9600000,38500.00000600848,-517634.9825022428,302.49059495634737,1.0253754090032823,104
9605000,38520.00000601255,-518076.6308418757,305.70019063959046,1.0291373943164805,104
9610000,38540.00000601663,-515979.9211831896,300.38474736033334,1.0266181139991513,104
9615000,38560.0000060207,-516274.8611314283,298.47193144360136,1.0267734513673124,104
9620000,38580.00000602478,-516886.8307801187,300.0933833185252,1.0270480350409734,104
9625000,38600.00000602885,-516574.7506291936,301.2266017882108,1.0276170802948774,103
9630000,38620.000006032926,-517420.33188465005,302.09407928322,1.027434668308172,103
9635000,38640.000006037,-516480.3754580228,302.13951333167137,1.0266351025481721,103
9640000,38660.000006041075,-516704.225056967,301.12113732987285,1.023889967539092,103
9645000,38680.00000604515,-515970.6546928254,301.48714566446614,1.0272164973661855,103
9650000,38700.000006049224,-517911.1341761155,303.0405605010827,1.0282291879581953,103
9655000,38720.0000060533,-517397.6661795927,301.0788431821158,1.0247629960311937,103
9660000,38740.00000605737,-516529.17102597724,301.274852945748,1.0263090058370223,103
9665000,38760.00000606145,-516397.7035904315,301.8899134477485,1.0257794534017322,103
9670000,38780.00000606552,-517505.8556376579,300.96059181108257,1.028367803698687,103
9675000,38800.0000060696,-516451.11297917855,303.1558618659367,1.0302878456317774,103
9680000,38820.00000607367,-516376.49231414055,301.42008865409775,1.0301063459827708,103
9685000,38840.000006077746,-516324.43388054706,300.38413034410013,1.0263885388199465,103
9690000,38860.00000608182,-517252.0815514431,298.87595179306106,1.0320623065807675,103
9695000,38880.000006085895,-517487.8286092845,302.15740677188836,1.0257574478881566,103
9700000,38900.00000608997,-516627.1986563953,299.02276430596936,1.0263913595741325,103
9705000,38920.000006094044,-517392.87236263254,301.46850235483936,1.029485556381016,103
9710000,38940.00000609812,-517312.7566047658,301.8132212071804,1.026333826743307,103
9715000,38960.00000610219,-516876.95233568246,298.860424279181,1.0248810414886618,103
9720000,38980.00000610627,-516860.8554076471,300.1811614069432,1.0309704379905076,103
9725000,39000.00000611034,-517528.2563804991,299.13293638326246,1.028588676800488,103
9730000,39020.00000611442,-516662.9765132889,303.65865058081647,1.0276024079130868,103
9735000,39040.00000611849,-519011.06426918576,301.8832066481235,1.0306574674976936,103
9740000,39060.000006122566,-517668.37733760197,302.6723074019959,1.0270942572615378,103
9745000,39080.00000612664,-517525.77845785953,301.5938315970024,1.027413727982056,103
9750000,39100.000006130715,-517053.7227469373,301.2377532041325,1.0275473590611994,103
9755000,39120.00000613479,-516797.6220399053,301.99271174131485,1.0251865158855793,103
9760000,39140.000006138864,-517407.91857246775,301.4329123786084,1.0304309493186299,103
9765000,39160.00000614294,-517664.89840965066,297.9550856888625,1.0268554607269635,103
9770000,39180.00000614701,-516581.65919411415,300.78739611906377,1.0248264692305187,103
9775000,39200.00000615109,-516097.8921924939,298.87708493244224,1.0262270806286966,103
9780000,39220.00000615516,-517382.6378107858,298.4514171672192,1.0295924337525455,103
9785000,39240.00000615924,-518555.31615305133,301.86057815959526,1.0260446453942693,103
9790000,39260.00000616331,-517616.9073851814,301.79037723232864,1.0254326381654524,103
9795000,39280.000006167385,-517124.4767004913,302.66975268140465,1.0244669994479598,103
9800000,39300.00000617146,-517490.05202390114,304.14613881070505,1.0288883745076562,103
9805000,39320.000006175535,-517430.7311325462,303.2747026198857,1.0265962063529919,103
9810000,39340.00000617961,-516322.26474018674,299.861128176871,1.0275799732387885,103
9815000,39360.00000618368,-517030.5133475438,301.19041921916124,1.0285745378429574,103
9820000,39380.00000618776,-515762.4965318793,303.9270228070608,1.0258775320716214,103
9825000,39400.00000619183,-516853.63925789716,301.023661747409,1.0282198348411584,103
9830000,39420.00000619591,-517465.3142493763,299.08605065503315,1.0283264538310575,103
9835000,39440.00000619998,-516806.0601988074,303.1901927583214,1.024151206783732,103
9840000,39460.000006204056,-516082.73646554514,300.08904193867846,1.0229783218069322,103
9845000,39480.00000620813,-517295.5442931687,300.9235882197189,1.0277187098020168,103
9850000,39500.000006212205,-516789.5391580553,301.8580581448776,1.0261294640324032,103
9855000,39520.00000621628,-515983.53329674667,299.0167827297491,1.0184966637964843,103
9860000,39540.000006220354,-517525.2543706689,300.0940234838324,1.0256886790928594,103
9865000,39560.00000622443,-516669.06198319444,299.78476183224814,1.023157785623157,103
9870000,39580.0000062285,-515672.0632420571,301.85564149271767,1.0240312495009776,103
9875000,39600.00000623258,-517148.85369730974,302.80621170815544,1.022669088758882,103
9880000,39620.00000623665,-516835.563890656,300.4213795782292,1.0261733985341868,103
9885000,39640.00000624073,-517406.1924041286,302.01323484187293,1.0254184906626014,103
9890000,39660.0000062448,-517207.48294037883,300.276631058189,1.0289524327784152,103
9895000,39680.000006248876,-516361.3389724777,299.3470039168248,1.024771841111078,103
9900000,39700.00000625295,-516544.61649322533,303.3165624511307,1.022807020631988,103
9905000,39720.000006257025,-518071.9668430092,300.0357957042845,1.0253817734499926,103
9910000,39740.0000062611,-517318.2386635416,302.47453213504633,1.02488797944992,103
9915000,39760.000006265174,-516243.8549779472,301.2761605655853,1.0305565193249122,103
9920000,39780.00000626925,-517755.93323021824,300.34249702423716,1.0265229772283486,103
9925000,39800.00000627332,-516891.3365712173,298.8412317063378,1.0261841075414293,103
9930000,39820.0000062774,-517765.5510066035,300.25354726133537,1.0267062157897042,103
9935000,39840.00000628147,-517257.81677170284,299.2923858388437,1.030162933787721,103
9940000,39860.00000628555,-516067.4433874644,303.20703857486535,1.028630746120389,103
9945000,39880.00000628962,-517280.21794578317,301.873593690967,1.0274999623882575,103
9950000,39900.000006293696,-516969.72993691056,299.9619459339351,1.027473221707171,103
9955000,39920.00000629777,-517050.29357061186,299.0757762356883,1.026984553300037,103
9960000,39940.000006301845,-517655.3137463953,299.2403544346025,1.0283221643092655,103
9965000,39960.00000630592,-515665.6699759546,298.8619821798612,1.0276645482877327,103
9970000,39980.000006309994,-518757.3530079543,299.91232690895305,1.0260670825179705,103
9975000,40000.00000631407,-517689.55733720236,300.0506404978184,1.0246039512511187,103
9980000,40020.00000631814,-517079.9557132411,303.0813525568146,1.0294316139029183,103
9985000,40040.00000632222,-516215.36446690164,301.80073095648595,1.0270895880966529,103
9990000,40060.00000632629,-517473.6356975499,303.24161568110026,1.0299216748521947,103
9995000,40080.00000633037,-518148.29257482546,301.66765998149657,1.0273112720290558,103
10000000,40100.00000633444,-516417.0434370709,301.64353288831813,1.0247481736825883,103
10005000,40120.000006338516,-515908.75140898,301.27589353573035,1.022600443088154,103
10010000,40140.00000634259,-517393.3504727902,301.20966681688617,1.0247349444117386,103
10015000,40160.000006346665,-516556.19433297194,302.2395881951493,1.0251970222484008,103
10020000,40180.00000635074,-517193.2108493368,302.4503866418478,1.030260016092828,103
10025000,40200.000006354814,-517991.31042004446,300.0055833097499,1.0291060542956114,103
10030000,40220.00000635889,-517548.094857475,299.9605821802854,1.0282941361700606,103
10035000,40240.00000636296,-516546.5075871432,301.82090706270316,1.0306637388043078,103
10040000,40260.00000636704,-516660.03577741235,300.0587020835415,1.0264256333872765,103
10045000,40280.00000637111,-517468.5716980309,305.73309526478226,1.0247063043801492,103
10050000,40300.00000637519,-518319.1314728274,303.36028929568715,1.0275550794761137,103
10055000,40320.00000637926,-516905.95942920167,301.44899470475224,1.0291886541783173,103
10060000,40340.000006383336,-517660.13060061494,300.6950948921532,1.0254619366385322,103
10065000,40360.00000638741,-517041.2062610695,300.51384646099655,1.027428263453993,103
10070000,40380.000006391485,-516563.7820659904,300.81123741170677,1.0283495245062841,103
10075000,40400.00000639556,-517287.98462710716,300.4547689424572,1.0257279952691298,103
10080000,40420.000006399634,-517483.6901181778,302.3002508955464,1.0292893558979326,103
10085000,40440.00000640371,-518042.9524940585,301.6933996976497,1.0281492688027523,103
10090000,40460.00000640778,-516090.2506621871,300.2852900127332,1.0247070449229314,103
10095000,40480.00000641186,-517350.4683834384,301.30275688014086,1.0236761839630841,103
10100000,40500.00000641593,-517466.5523572897,302.59994448954103,1.0271458820307238,103
10105000,40520.00000642001,-516947.57642485504,302.73521221214014,1.0265205462461693,103
10110000,40540.00000642408,-516911.6588112316,300.29358051758794,1.026840112214996,103
10115000,40560.000006428156,-517752.79214941594,304.5739897033839,1.0267356688894849,103
10120000,40580.00000643223,-517299.858353795,300.3629209508019,1.026100188816483,103
10125000,40600.000006436305,-517682.1114782004,299.4752180374459,1.0324063451877847,103
10130000,40620.00000644038,-517363.450092301,300.24333394534574,1.0271917072864536,103
10135000,40640.000006444454,-517027.46911949967,303.2055716367353,1.0285232427230817,103
10140000,40660.00000644853,-517438.7784111856,303.3978377280832,1.0283673541016911,103
10145000,40680.0000064526,-516279.4262756808,299.5406264443746,1.0214838413536174,103
10150000,40700.00000645668,-516232.9944424543,300.27848592042056,1.025302952097659,103
10155000,40720.00000646075,-517998.6842088965,301.1421364598505,1.0330771678401367,103
10160000,40740.00000646483,-517296.5887401041,299.46818743289873,1.0287923651430713,103
10165000,40760.0000064689,-517011.5969401607,300.2001215274503,1.0278842429221344,103
10170000,40780.000006472976,-515575.9774315604,302.7889991977546,1.0261849592044316,103
10175000,40800.00000647705,-516855.1357502418,302.72511403657813,1.0238804361633085,103
10180000,40820.000006481125,-517355.92339840694,301.8648565331728,1.026536941432534,103
10185000,40840.0000064852,-517718.71610603016,301.20018883938025,1.0248954378231319,103
10190000,40860.000006489274,-517376.07356890803,302.10077340324784,1.0254318626511305,103
10195000,40880.00000649335,-517016.6835282212,300.5129277862203,1.0274495021234165,103
10200000,40900.00000649742,-515953.06302778143,299.6658166820377,1.0226904087872777,103
10205000,40920.0000065015,-517585.12401463185,301.6835933548312,1.026107027144046,103
10210000,40940.00000650557,-516772.72677753586,299.2782498281824,1.0252800857363764,103
10215000,40960.00000650965,-517403.690457036,300.8923952538824,1.0277941811095184,103
10220000,40980.00000651372,-517723.15786237037,301.71298062086055,1.0299243210409486,103
10225000,41000.000006517796,-516224.59175483487,301.59567726312764,1.0300714873680856,103
10230000,41020.00000652187,-516764.9293040943,303.58778377951825,1.0236611607382962,103
10235000,41040.000006525945,-517599.8730316325,301.7595061396755,1.0269905317010355,103
10240000,41060.00000653002,-519043.5565351234,300.76565364505785,1.0346470630651272,103
10245000,41080.000006534094,-517316.9245128727,298.0548984125447,1.0311081421624972,103
10250000,41100.00000653817,-517413.61790646473,301.59950633915406,1.0251633662865354,103
10255000,41120.00000654224,-517063.2781872968,298.82867418304966,1.0282250145131608,103
10260000,41140.00000654632,-515724.0506494825,300.94939803745433,1.0244409981191218,103
10265000,41160.00000655039,-517079.1063892427,301.0516977943457,1.0251408192456921,103
10270000,41180.00000655447,-518163.36657138215,298.5067359954817,1.0262052423999761,103
10275000,41200.00000655854,-517672.6055756523,305.4082789624041,1.0264501391275824,103
10280000,41220.000006562615,-517511.1506259574,302.181536500359,1.0312207830153233,103
10285000,41240.00000656669,-516913.8801981744,299.3464800314919,1.029288796450318,103
10290000,41260.000006570765,-516894.8241989957,302.6031864433258,1.0251953646831038,104
10295000,41280.00000657484,-515702.72155867214,301.45994607697264,1.0245398799437353,104
10300000,41300.00000657891,-517359.06590247294,301.18113126786994,1.0295569186733515,104
10305000,41320.00000658299,-519003.73914972716,298.97870284275393,1.0282659123645999,104
10310000,41340.00000658706,-516050.3097129038,300.4184516997879,1.0273602964860078,104
10315000,41360.00000659114,-517922.16995321563,300.447616534284,1.029320604582621,104
10320000,41380.00000659521,-517673.8504375962,303.2634853032437,1.0261688509614255,104
10325000,41400.000006599286,-517625.09293017304,298.9348172075621,1.0265825233050754,104
10330000,41420.00000660336,-516849.53861503,301.2719316677592,1.0277508519768281,104
10335000,41440.000006607435,-516950.2046319749,299.3926921505298,1.0295653839787298,104
10340000,41460.00000661151,-517193.78016000846,299.87814240129444,1.027490159655352,104
10345000,41480.000006615584,-516823.48159409454,302.14220113287973,1.025009736667148,104
10350000,41500.00000661966,-517089.0073409071,301.4710708963028,1.0273370021307786,104
10355000,41520.00000662373,-517858.5488817913,301.03797463800134,1.0242078833661183,104
10360000,41540.00000662781,-515391.5701144994,302.3554140410468,1.0246853114094399,104
10365000,41560.00000663188,-517467.23126093624,302.2479398876973,1.0294292712333024,104
10370000,41580.00000663596,-516151.5513420084,299.94714933792847,1.0262606800815985,104
10375000,41600.00000664003,-516492.27218525065,303.2592197527813,1.0253661765662492,104
10380000,41620.000006644106,-517663.41420444404,298.70096398165555,1.0286187211695317,104
10385000,41640.00000664818,-516932.47007875144,301.1515400051702,1.0235275886906945,104
10390000,41660.000006652255,-516842.9121825844,300.39054446294904,1.0302223262370007,104
10395000,41680.00000665633,-517284.0328955455,300.5037858494597,1.0254882493803346,104
10400000,41700.000006660404,-517661.33186165174,302.7607994497521,1.025089779221318,104
10405000,41720.00000666448,-516463.6452388689,301.44147256203166,1.0258465368094647,104
10410000,41740.00000666855,-516961.3780116923,298.7156954288538,1.0254279719148789,104
10415000,41760.00000667263,-516935.5401438393,301.171530680273,1.0273553688236778,104
10420000,41780.0000066767,-516220.15041161166,300.8818796737969,1.0252645869302965,104
10425000,41800.00000668078,-516777.8901266991,300.46524560388076,1.0264720865276125,104
10430000,41820.00000668485,-516623.9578820197,300.53985077782147,1.0239962209839293,104
10435000,41840.000006688926,-516670.35582513013,302.46519644455,1.0275022057238918,104
10440000,41860.000006693,-517812.5808495665,300.1596909243246,1.023732179302302,104
10445000,41880.000006697075,-515446.4220544882,302.62167943235914,1.0249751933823847,104
10450000,41900.00000670115,-517637.61032542516,299.43719111356654,1.0257848708722221,104
10455000,41920.000006705224,-517420.6657172381,301.7336267041356,1.0309197599609317,104
10460000,41940.0000067093,-517565.15291651525,301.8298383565436,1.0243829291416198,104
10465000,41960.00000671337,-517993.4451689499,300.3489403500806,1.0256062335865697,104
10470000,41980.00000671745,-516687.2643770375,300.5793703656091,1.0247414012623535,104
10475000,42000.00000672152,-517696.90370591474,303.3863896796864,1.0275880086341127,104
10480000,42020.0000067256,-517448.3130243565,299.89337227616886,1.025812426550044,104
10485000,42040.00000672967,-516836.8688687163,299.81796898082615,1.0233305913797381,104
10490000,42060.000006733746,-518211.9623802141,301.2798515488218,1.027952118297922,104
10495000,42080.00000673782,-517165.1666325249,300.3771081405817,1.0249366929233668,104
10500000,42100.000006741895,-515923.80038239947,301.4348715695381,1.0253839360666437,104
10505000,42120.00000674597,-518466.37316539,300.91594484911076,1.0330830438364433,104
10510000,42140.000006750044,-517578.93495582417,301.11046989951757,1.0265398431315242,104
10515000,42160.00000675412,-517804.1966433509,300.65041686554434,1.0293344936593312,104
10520000,42180.00000675819,-517142.35630143294,301.84533999907995,1.0221045993107036,104
10525000,42200.00000676227,-516339.39334893133,301.63299944291504,1.0257335183467946,104
10530000,42220.00000676634,-517857.67726517236,301.77187125653234,1.0254817498822484,104
10535000,42240.00000677042,-517705.6173850985,299.33211015665273,1.0273665962654528,104
10540000,42260.00000677449,-517310.64322805265,302.9692995431911,1.026074769036689,104
10545000,42280.000006778566,-517203.21567755635,303.13043591299095,1.0287242050620486,104
10550000,42300.00000678264,-516670.11411442095,298.65913730031355,1.02317021971498,104
10555000,42320.000006786715,-517184.75460347394,302.9461870898919,1.0302645652893812,104
10560000,42340.00000679079,-515772.82255493687,300.9618244055743,1.0263663007999688,104
10565000,42360.000006794864,-517305.42663317197,300.07364392003035,1.0225424039166147,104
10570000,42380.00000679894,-516072.88795664534,299.50045839609504,1.0266254912900725,104
10575000,42400.00000680301,-517572.26186364633,298.9230769140273,1.0263268663721214,104
10580000,42420.00000680709,-517325.81688578404,300.26645931349094,1.0272619690331062,104
10585000,42440.00000681116,-516085.726037771,301.79741173033904,1.0212704050735693,104
10590000,42460.00000681524,-516878.6900267489,301.02041700179075,1.028198848274809,104
10595000,42480.00000681931,-516376.2189734264,302.1674171012995,1.0285289841900234,104
10600000,42500.000006823386,-516310.108167039,300.9966499100986,1.0279390984923404,104
10605000,42520.00000682746,-518197.83568583266,300.8787816030089,1.031504602350634,104
10610000,42540.000006831535,-516186.3355065037,301.266078230118,1.0269679659423616,104
10615000,42560.00000683561,-517879.016790224,300.8701052036089,1.0265601371326343,104
10620000,42580.000006839684,-516996.865225893,300.3595072478259,1.0294393066884941,104
10625000,42600.00000684376,-517390.50504130125,299.55830682622485,1.0279635208308497,104
10630000,42620.00000684783,-517656.8384017141,302.1284861933774,1.0278561548248504,104
10635000,42640.00000685191,-518441.36700316286,301.33922262764617,1.0276560157961567,104
10640000,42660.00000685598,-516603.7394100148,300.56982746731643,1.0229034807470192,104
10645000,42680.00000686006,-517166.03855783865,300.49174493403433,1.0286326637759822,104
10650000,42700.00000686413,-516895.2777812218,300.93985853884936,1.02793785449735,104
10655000,42720.000006868206,-517862.88760023145,300.1182979051253,1.0227847448435714,104
10660000,42740.00000687228,-517860.15487788734,303.50084073594047,1.0270341309069762,104
10665000,42760.000006876355,-518094.3720866614,300.72439055047795,1.028733982210463,104
10670000,42780.00000688043,-517293.00956935366,301.5150020539376,1.0288643901787338,104
10675000,42800.000006884504,-517728.17932850774,299.87670117614107,1.026085873493713,104
10680000,42820.00000688858,-518313.41042876826,301.6698785641674,1.0296820367391635,104
10685000,42840.00000689265,-517077.5176596453,299.9184277069179,1.0258633755340438,104
10690000,42860.00000689673,-517525.8249841782,300.77363795682334,1.029362514121189,104
10695000,42880.0000069008,-516807.27880144794,302.41743545981524,1.0268514267332065,104
10700000,42900.00000690488,-517421.08294626535,302.21893846129376,1.0255396655931994,104
10705000,42920.00000690895,-516973.11765536596,299.6905745930182,1.0256436539091716,104
10710000,42940.000006913026,-517126.6525531681,298.4114846824504,1.0315775480725893,104
10715000,42960.0000069171,-518449.4080265863,298.31616375894424,1.030557063814809,104
10720000,42980.000006921175,-517915.9484913305,299.73781714585976,1.031650635599347,104
10725000,43000.00000692525,-516962.3026792847,299.11279151863476,1.0311928054898378,104
10730000,43020.000006929324,-517569.1829963357,300.7377212927821,1.0257471447868383,104
10735000,43040.0000069334,-517957.2675528892,300.87846115950254,1.0285362178834654,104
10740000,43060.00000693747,-518337.3212798063,299.84896917119266,1.0299883455733563,104
10745000,43080.00000694155,-517727.0695679807,300.56948675532294,1.023903476466578,104
10750000,43100.00000694562,-516744.4501257548,303.560257435644,1.0234023150143055,104
10755000,43120.0000069497,-517454.95528727304,297.918365013201,1.024944118549074,104
10760000,43140.00000695377,-517888.78410481126,301.2581190589324,1.0246628581904766,104
10765000,43160.000006957845,-517208.4655147155,301.143291787411,1.030114576210431,104
10770000,43180.00000696192,-516388.6855595638,300.91787496753903,1.0229163809649016,104
10775000,43200.000006965995,-517477.24338217196,297.87040922247235,1.031621309774435,104
10780000,43220.00000697007,-516970.81127719395,300.8560330057377,1.0228784872539936,104
10785000,43240.00000697414,-516599.0442049969,299.3230896399848,1.0270173657110737,104
10790000,43260.00000697822,-516043.28451799764,297.96733459051234,1.0274496541799518,104
10795000,43280.00000698229,-517185.17740148026,302.5359268124033,1.027831429902815,104
10800000,43300.00000698637,-517259.29743135115,303.2893793401127,1.0247111347804878,104
10805000,43320.00000699044,-517999.7735601482,300.09020188285484,1.0277120075545734,104
10810000,43340.000006994516,-517802.2274460306,300.78203535652983,1.027872929724749,104
10815000,43360.00000699859,-518007.451079485,299.89728314070794,1.0277877671680182,104
10820000,43380.000007002665,-516530.09773371345,300.41817178510917,1.0246261004917532,104
10825000,43400.00000700674,-515276.77794250986,301.78938066159907,1.0230685872425855,104
10830000,43420.000007010814,-515344.93153830664,299.9182399680833,1.022637631384851,104
10835000,43440.00000701489,-516898.2895728112,302.8973576008598,1.0241775070974246,104
10840000,43460.00000701896,-519121.30286136805,302.912714111002,1.029457187363319,104
10845000,43480.00000702304,-515768.0424759742,302.1563928397586,1.029123419672333,104
10850000,43500.00000702711,-517914.32225758117,302.66668695243624,1.0276267092984606,104
10855000,43520.00000703119,-517036.347591134,301.58297020839854,1.0240429947761434,104
10860000,43540.00000703526,-516607.70800448675,299.3626199964748,1.0255226952995848,104
10865000,43560.000007039336,-516673.59469529707,299.62092264201186,1.0263812028744452,104
10870000,43580.00000704341,-518048.4163283501,302.05316657300153,1.0274877390089943,104
10875000,43600.000007047485,-517468.9250856086,302.48601876812717,1.0262654586597795,104
10880000,43620.00000705156,-517344.9591474873,302.0848845163014,1.027061089928883,104
10885000,43640.000007055634,-517219.9359559233,298.83473380337676,1.0249958174834537,104
10890000,43660.00000705971,-516961.4306753073,303.92058102020644,1.0261372019558732,104
10895000,43680.00000706378,-517240.2108432108,301.85370701562795,1.0276877221271243,104
10900000,43700.00000706786,-517013.76905568456,301.2946184773291,1.0228750848304637,104
10905000,43720.00000707193,-516699.4844305315,298.8184230637565,1.0292338108233725,104
10910000,43740.00000707601,-516044.9862092666,300.3912724566359,1.0236069841266666,104
10915000,43760.00000708008,-517276.72711677523,300.23936506956693,1.0254244281759741,104
10920000,43780.000007084156,-517011.78577287635,298.32919997189293,1.027851183691846,104
10925000,43800.00000708823,-517877.12508096197,301.3385808624139,1.0267043939756275,104
10930000,43820.000007092305,-515935.5968590649,299.79866202440456,1.0222638293481359,104
10935000,43840.00000709638,-517551.43378985,302.2718947576735,1.0292994201280643,104
10940000,43860.000007100454,-516755.47124430304,299.69302831610264,1.027332641836501,104
10945000,43880.00000710453,-518189.8140811445,303.04144411836916,1.024822621680022,104
10950000,43900.0000071086,-517148.3728052161,298.90543164536035,1.0229206509088629,104
10955000,43920.00000711268,-516469.5942796429,303.3196003279261,1.0275899333344198,104
10960000,43940.00000711675,-518469.3458099619,301.21022377633807,1.027366958529142,104
10965000,43960.00000712083,-517574.9182004833,305.0465658479403,1.0266995755889952,104
10970000,43980.0000071249,-517099.16702773795,301.9047316182799,1.0266228677463995,104
10975000,44000.000007128976,-516460.04381330847,305.0514668918344,1.0278143695179476,104
10980000,44020.00000713305,-517625.58322480996,301.5694025076921,1.0298245642334092,104
10985000,44040.000007137125,-517075.58369021513,299.95013439569993,1.0277200459330302,104
10990000,44060.0000071412,-517212.0210173121,299.2785937705061,1.027691182662658,104
10995000,44080.000007145274,-517809.07255380135,299.8143458218269,1.0337220193610324,104
11000000,44100.00000714935,-517916.7796422164,301.2711224344629,1.0231303647056689,104
11005000,44120.00000715342,-516803.8387524807,300.80385137216985,1.0316413643326345,104
11010000,44140.0000071575,-516417.52975831274,299.9658099764792,1.021816638546262,104
11015000,44160.00000716157,-517415.34851375315,301.40745693036513,1.0243631262411381,104
11020000,44180.00000716565,-516735.2883230855,300.9617074818759,1.0249616120710656,104
11025000,44200.00000716972,-516825.6470837542,300.9424727403043,1.0266215496930784,104
11030000,44220.000007173796,-517003.84947755793,302.16774884656115,1.0256550765957428,104
11005000,44120.00000715342,-517212.54692962137,302.57814088537873,1.028702098276652,0
11010000,44140.0000071575,-516505.8106611131,300.88593478516015,1.0250344291805125,105
11015000,44160.00000716157,-518335.7032022651,297.1543025698962,1.0289166999097281,105
11020000,44180.00000716565,-518381.8810417063,300.2295960929001,1.029684198520499,104
11025000,44200.00000716972,-517317.1996705404,299.3053422960111,1.029129429316327,104
11030000,44220.000007173796,-515697.9492688407,303.13649312457966,1.0253978032325943,104
11035000,44240.00000717787,-516607.1695368022,303.15135251393525,1.0271706758609485,104
11040000,44260.000007181945,-516767.6611103406,301.07140099814023,1.0245300307401104,103
11045000,44280.00000718602,-516480.5008096758,300.23249354435217,1.0273104855412523,103
11050000,44300.000007190094,-517020.93862184393,300.7619247577317,1.0264463330669331,103
11055000,44320.00000719417,-516745.675692911,301.6248131103023,1.026230698470609,103
11060000,44340.00000719824,-516070.6692090591,299.3962349663771,1.0268237741167294,103
11065000,44360.00000720232,-516702.70619938476,302.5585239275534,1.0256836895658086,103
11070000,44380.00000720639,-518353.5049610839,300.50764034691514,1.025380967631935,103
11075000,44400.00000721047,-515264.76406597416,302.87486438488,1.0262272401718096,103
11080000,44420.00000721454,-518304.1500146019,300.31766575022164,1.026749332165336,103
11085000,44440.000007218616,-516735.9551738419,301.31577127018153,1.0285905288631418,103
11090000,44460.00000722269,-517878.06918206345,302.1754699305305,1.0260735547743964,103
11095000,44480.000007226765,-517429.52178189903,302.6252987696755,1.0275713277529113,103
11100000,44500.00000723084,-516683.9642495313,301.6384617534751,1.0257880232383145,103
11105000,44520.000007234914,-517255.7505770291,299.9955861319507,1.0288727410516347,103
11110000,44540.00000723899,-517208.510863177,299.4260266849842,1.0274652192823954,103
11115000,44560.00000724306,-517099.8611738889,301.223819242,1.0293542388174814,102
11120000,44580.00000724714,-516389.26203647093,302.45168013259456,1.0247123885541167,102
11125000,44600.00000725121,-517856.92155884206,300.60370188610074,1.0286915131246144,102
11130000,44620.00000725529,-517145.0867353985,301.734047615607,1.0271313388311358,102
11135000,44640.00000725936,-517946.8846624866,301.0221767235575,1.026706341454697,102
11140000,44660.000007263436,-517314.4983329787,302.5898709231278,1.0240176455218593,102
11145000,44680.00000726751,-517674.8833625112,300.5990963623523,1.027494432446956,102
11150000,44700.000007271585,-518217.70257629105,298.99113291032324,1.0245370067193678,102
11155000,44720.00000727566,-516920.1723216502,302.2555457302765,1.0267262668885306,102
11160000,44740.000007279734,-516992.4941786616,302.8830982761904,1.0265694442403084,102
11165000,44760.00000728381,-517217.61652617715,300.9320247402139,1.0289956689634363,103
11170000,44780.00000728788,-516858.76724003046,299.270599563363,1.0260927487161058,103
11175000,44800.00000729196,-517659.74480138463,298.6486784071941,1.0257420953887355,103
11180000,44820.00000729603,-518389.5559798253,301.80068378004574,1.0327138516600116,103
11185000,44840.00000730011,-517859.0589278331,300.60255044596926,1.0241081338745424,103
11190000,44860.00000730418,-518117.25725467806,297.67547575602174,1.0269805840334518,103
11195000,44880.000007308256,-517143.39620435354,303.43224275224463,1.028585594917743,103
11200000,44900.00000731233,-517101.2328578357,301.7825909776446,1.0226879481036744,103
11205000,44920.000007316405,-517849.3273777107,301.33987256317846,1.0244752136555892,103
11210000,44940.00000732048,-516115.85991835734,300.6871307621801,1.025902670292057,103
11215000,44960.000007324554,-517013.45938952407,300.02856763342345,1.0269695182967593,103
11220000,44980.00000732863,-518211.17914613965,300.18303286668674,1.0289006685874558,103
11225000,45000.0000073327,-517435.06150146015,301.32700594638715,1.02405411115996,103
11230000,45020.00000733678,-517759.6729166012,302.1266295179412,1.0302577032340205,103
11235000,45040.00000734085,-515704.19745323784,300.85155702676286,1.0254472580378022,103
11240000,45060.00000734493,-516799.0273328179,301.0387256556539,1.024216600758341,103
11245000,45080.000007349,-516779.16983501543,302.94015884296084,1.027445300684907,103
11250000,45100.000007353075,-516688.36571936286,301.2560840850651,1.0232182533389846,103
11255000,45120.00000735715,-517594.8329795357,299.6586053901381,1.0270778220313623,103
11260000,45140.000007361225,-517577.2089969041,299.1011018793153,1.0271544124266734,103
11265000,45160.0000073653,-516487.9949597176,301.48753144058196,1.0252848399937642,103
11270000,45180.00000736937,-516901.3525511571,303.17094319438485,1.0258600310798376,103
11275000,45200.00000737345,-517530.05422182893,301.51402924094856,1.0181744449004697,103
11280000,45220.00000737752,-517477.4027546863,303.1463014851037,1.029587397869808,103
11285000,45240.0000073816,-518616.1032293681,302.4578258835706,1.0289310225806776,103
11290000,45260.00000738567,-516630.8996394221,298.10867138464056,1.0237817262049957,103
11295000,45280.000007389746,-517576.38867675536,300.0452858139426,1.0297532807101435,103
11300000,45300.00000739382,-516945.9775595693,300.8184806194762,1.0237951180137148,103
11305000,45320.000007397895,-517282.33123706956,297.9628654763311,1.0313380267202252,103
11310000,45340.00000740197,-517013.9392797819,300.711007906372,1.023330635296796,103
11315000,45360.000007406044,-516416.0540207799,301.68555303079205,1.0281933414309512,103
11320000,45380.00000741012,-517406.31275403406,298.84794803087283,1.0269675588750684,103
11325000,45400.00000741419,-518114.13194686593,300.74398098292846,1.028560893843476,103
11330000,45420.00000741827,-517151.9153526877,300.9051581893602,1.0306164643614226,103
11335000,45440.00000742234,-516622.5037251441,303.2106749610792,1.028836065891759,104
11340000,45460.00000742642,-518180.0513819088,299.75701959716037,1.0305456714556294,104
11345000,45480.00000743049,-518185.8728599048,301.4332570995467,1.0273547696017165,104
11350000,45500.000007434566,-517849.9644102219,298.5520200393385,1.026566449142818,104
11355000,45520.00000743864,-517145.47664188524,299.1297401951774,1.0245206351784373,104
11360000,45540.000007442715,-516497.88801168837,301.8311470391915,1.0269841209839174,104
11365000,45560.00000744679,-517347.996056197,302.6101331525078,1.0250083588360777,104
11370000,45580.000007450864,-518265.7687008225,299.0439658844081,1.0275982751108044,104
11375000,45600.00000745494,-517821.5696974364,301.9780843501963,1.0226505010565863,104
11380000,45620.00000745901,-516581.1708975488,302.6154803646961,1.0244933491942405,104
11385000,45640.00000746309,-518436.62424239004,300.0100628011199,1.0265568967566638,104
11390000,45660.00000746716,-516821.4108992545,300.03296413836773,1.027123306455225,104
11395000,45680.00000747124,-516890.8785477036,299.3125550286955,1.0274918134941167,104
11400000,45700.00000747531,-517745.0196492765,302.10867987881954,1.0286291744847926,104
11405000,45720.000007479386,-516249.82893869583,301.4464902687069,1.0263562643271473,104
11410000,45740.00000748346,-518227.33344300976,300.24740350920206,1.0298687450968549,104
11415000,45760.000007487535,-517176.21028703195,301.6627120917584,1.0247315925755034,104
11420000,45780.00000749161,-517309.71772609535,301.4614473143799,1.0296471195411505,104
11425000,45800.000007495684,-516657.9201570712,302.4899101819679,1.0241099516947514,104
11430000,45820.00000749976,-517985.26882717735,301.2349717484005,1.0287664078237582,104
11435000,45840.00000750383,-516245.54674473894,301.50833691580556,1.0279259547078243,104
11440000,45860.00000750791,-516942.02395327925,302.39281688608463,1.0265695337248075,104
11445000,45880.00000751198,-517655.17758015124,301.0430791072958,1.0290658444509544,104
11450000,45900.00000751606,-517317.1475573329,303.04110197665443,1.025300362403884,104
11455000,45920.00000752013,-517982.3210658259,299.19572774960426,1.027635169474016,104
11460000,45940.000007524206,-517806.5615959978,301.1974434245245,1.0280700647156318,104
11465000,45960.00000752828,-516143.85736585176,301.1408069054374,1.0264409752757155,104
11470000,45980.000007532355,-516655.6595420223,302.0231973981191,1.0206907982988798,104
11475000,46000.00000753643,-516955.635890733,303.49896380879744,1.0290214908015984,104
11480000,46020.000007540504,-517124.0117090184,299.68441710219975,1.0277540236653473,104
11485000,46040.00000754458,-516715.2724818187,303.07085385903775,1.0275528301309222,104
11490000,46060.00000754865,-517458.9750202417,298.838704493594,1.0245293312603676,104
11495000,46080.00000755273,-516855.7659332142,302.53123583455,1.0243914270476657,104
11500000,46100.0000075568,-516836.38812118606,299.0035459863413,1.0208999786736648,104
11505000,46120.00000756088,-517047.97193303425,300.1131869973352,1.0264292028304027,104
11510000,46140.00000756495,-517141.9459240814,300.8792381176729,1.0249967514652951,104
11515000,46160.000007569026,-517446.1887408402,299.0124769847646,1.0233848375331687,104
11520000,46180.0000075731,-516385.3974298595,297.8396703365527,1.0209146370346038,104
11525000,46200.000007577175,-516517.9009316047,299.42145001771854,1.0222509984926027,104
11530000,46220.00000758125,-517518.0445435457,302.563429118578,1.0244389359987829,104
11535000,46240.000007585324,-516350.4871521711,302.1093186413795,1.0219372270651121,104
11540000,46260.0000075894,-516076.12274888204,299.57779928434474,1.029201658134267,104
11545000,46280.00000759347,-515889.8912911338,302.92892405797403,1.0256066253178011,104
11550000,46300.00000759755,-517343.27115253615,302.20534563167456,1.029766201145467,104
11555000,46320.00000760162,-518557.3702306296,301.28638226750274,1.0281640363804032,104
11560000,46340.0000076057,-517709.84286076366,301.69076730278846,1.0260826277024975,104
11565000,46360.00000760977,-516993.8336206267,301.9036340157993,1.0290274638559558,104
11570000,46380.000007613846,-517357.13659631135,303.58548883725575,1.0261225557699092,104
11575000,46400.00000761792,-517834.52652494167,300.7143481379176,1.027954711321727,104
11580000,46420.000007621995,-516316.6107704579,300.9389752322178,1.0244656968564314,104
11585000,46440.00000762607,-517292.21789485286,301.9687496168454,1.0295989642266064,104
11590000,46460.000007630144,-516691.10642476263,301.70662725033105,1.0281857168051785,104
11595000,46480.00000763422,-517916.3143422622,301.6716905201265,1.02943556991161,104
11600000,46500.00000763829,-517061.7948837308,299.8462921608232,1.0244567561761944,104
11605000,46520.00000764237,-516641.3196828284,301.62989926728403,1.0258661019724902,104
11610000,46540.00000764644,-515890.6495876759,302.2688498808708,1.0189721421836786,104
11615000,46560.00000765052,-517240.2779427301,302.5917530958525,1.0302005720470788,104
11620000,46580.00000765459,-517454.7028740342,303.61321688802184,1.031825044186488,105
11625000,46600.000007658666,-517022.84837401984,301.1396730098333,1.0229637592544736,105
11630000,46620.00000766274,-515762.1586003145,301.9731998480004,1.0278395202193247,105
11635000,46640.000007666815,-517441.2675189192,302.9115951529081,1.0267051499923565,105
11640000,46660.00000767089,-517288.3478674162,299.56810006315845,1.0230013413955883,105
11645000,46680.000007674964,-517085.4367218076,300.8940156542997,1.0298943326085728,105
11650000,46700.00000767904,-516354.55943012773,301.8329089985537,1.0227378072181588,105
11655000,46720.00000768311,-517354.9476300697,299.82622345546594,1.0264682541408852,105
11660000,46740.00000768719,-517306.28177958936,301.4009271296392,1.0286888189027754,105
11665000,46760.00000769126,-518311.05600062106,299.4761270454291,1.0303336738102933,105
11670000,46780.00000769534,-516992.67399526504,298.55659981807213,1.0256956819730354,105
11675000,46800.00000769941,-517480.4842957363,300.2660396150142,1.0233888763411898,105
11680000,46820.000007703486,-516382.9190911562,300.4641347783041,1.0265589780877422,105
11685000,46840.00000770756,-518319.75055860006,299.0652451547111,1.033824408322021,105
11690000,46860.000007711635,-516694.54247703496,303.16196183388325,1.028876099383368,105
11695000,46880.00000771571,-517925.8940326483,303.69884233036606,1.0309516516267687,105
11700000,46900.000007719784,-516525.47136566346,299.24628368834794,1.0279489223688916,105
11705000,46920.00000772386,-517473.5467922103,301.6496193601372,1.027026816339428,105
11710000,46940.00000772793,-517592.9149545999,301.3061333493662,1.0318889388063315,105
11715000,46960.00000773201,-516061.3110541871,300.06070083642766,1.0297389563635257,105
11720000,46980.00000773608,-516387.0768048931,300.0556767195321,1.0239761581067377,105
11725000,47000.00000774016,-517479.81449011434,300.93148853174165,1.0290037039856854,105
11730000,47020.00000774423,-518485.87130459934,301.10534877489323,1.0265745548385485,105
11735000,47040.000007748306,-517764.52023733826,302.43963662897056,1.0284379821150766,105
11740000,47060.00000775238,-516097.5551759333,302.8888439388326,1.025064819201917,105
11745000,47080.000007756455,-518265.9327654585,301.60530094692825,1.0265684101892878,105
11750000,47100.00000776053,-517257.3986527785,301.4537960444127,1.0278877275448677,105
11755000,47120.000007764604,-517599.5694866588,301.4319094448841,1.0292397680916194,105
11760000,47140.00000776868,-516609.7447808229,300.6681854736175,1.0294542356153034,105
11765000,47160.00000777275,-517363.06277628243,299.8643580022945,1.0277910232326406,105
11770000,47180.00000777683,-516529.4621994097,301.6350470957737,1.0245191687709574,105
11775000,47200.0000077809,-517997.33460193407,299.5963978433128,1.0244338023498238,105
11780000,47220.000007784976,-517046.0299235075,301.47487753748504,1.0258136686043087,105
11785000,47240.00000778905,-516659.2689288431,300.282648290079,1.0238380459304688,105
11790000,47260.000007793125,-518243.79547794187,298.68047953448263,1.0279577808785,105
11795000,47280.0000077972,-516649.4127803629,299.63230119347213,1.0241423450030414,105
11800000,47300.000007801274,-517577.97323809774,300.9329157529532,1.0260868343645033,105
11805000,47320.00000780535,-517016.1327910733,299.671798422408,1.030075041883208,105
11810000,47340.00000780942,-516757.99654316483,301.3710814698539,1.0244926176042743,105
11815000,47360.0000078135,-516816.9265063626,299.6806398227954,1.0222072475870259,105
11820000,47380.00000781757,-516322.579270425,301.2479957933817,1.0263349544096374,105
11825000,47400.00000782165,-517325.7705478887,299.45551995036226,1.0232458460851899,105
11830000,47420.00000782572,-518357.86305538844,301.9012953579046,1.0264976060840834,105
11835000,47440.000007829796,-518211.5481996068,302.5563151839564,1.024136281315014,105
11840000,47460.00000783387,-517952.8334503786,298.5234191312183,1.027708420168643,105
11845000,47480.000007837945,-516729.8805909192,300.5528177083759,1.032532912139458,105
11850000,47500.00000784202,-516339.708751407,301.33580983340676,1.022177940358393,105
11855000,47520.000007846094,-516825.6767561899,300.83725552178737,1.026661605375892,105
11860000,47540.00000785017,-516833.7323342615,298.18093238392396,1.027893032291346,105
11865000,47560.00000785424,-517485.3036590228,299.34302352484355,1.0264147880039622,105
11870000,47580.00000785832,-517767.3326034115,301.04698138654487,1.0276136641628488,105
11875000,47600.00000786239,-517319.45928948163,302.3518073421852,1.0247265811229922,105
11880000,47620.00000786647,-516446.9550566396,300.9733995334467,1.028447612029154,105
11885000,47640.00000787054,-517836.13048914704,302.13036464784614,1.0301529215021552,105
11890000,47660.000007874616,-518171.07520242315,301.51777288744705,1.0292492173298704,105
11895000,47680.00000787869,-517774.76672830083,300.87700329952577,1.0284322138240203,105
11900000,47700.000007882765,-517437.1942208614,299.629585105153,1.0289253652635202,105
11905000,47720.00000788684,-515776.73819561675,300.2682213003239,1.0293026563644732,105
11910000,47740.000007890914,-517253.6335142513,300.9336596777856,1.028524909797469,105
11915000,47760.00000789499,-516147.96217544447,300.27696392695725,1.0247691643977854,105
11920000,47780.00000789906,-516474.62191650504,303.88325686093316,1.02392430415797,105
11925000,47800.00000790314,-517841.23092604475,301.87677226475984,1.0261855953265298,105
11930000,47820.00000790721,-517031.45103386603,302.1427732284015,1.0270970720709307,105
11935000,47840.00000791129,-516600.3929561118,299.5165697167588,1.026282335418228,105
11940000,47860.00000791536,-517443.90994253266,302.1263830348886,1.0258306687049275,105
11945000,47880.000007919436,-514860.18725624145,300.0433026557814,1.025810735968587,105
11950000,47900.00000792351,-516800.2186992399,302.6284563492638,1.0275232229954376,105
11955000,47920.000007927585,-517254.3446736417,300.7684534964395,1.0248366983148811,105
11960000,47940.00000793166,-516056.41424516216,301.06096093272646,1.0232462198411274,105
11965000,47960.000007935734,-515944.5953116035,300.5701536759611,1.0280262701083318,105
11970000,47980.00000793981,-515864.953730572,299.26164131117326,1.0257717580854036,105
11975000,48000.00000794388,-516874.37705284497,300.6171138849407,1.0253897851143114,105
11980000,48020.00000794796,-517166.50326615805,299.7234129074772,1.0266724440513901,105
11985000,48040.00000795203,-518207.09446713375,302.3212087731615,1.0261521752854343,105
11990000,48060.00000795611,-516531.6784559642,301.3899142757794,1.024760476914421,105
11995000,48080.00000796018,-518043.9738771212,300.2763499041084,1.027881665507146,105
12000000,48100.000007964256,-517595.7484580679,300.8964915232417,1.0286889823805558,105
12005000,48120.00000796833,-517758.5479424428,302.1842729270077,1.0291722341083471,105
12010000,48140.000007972405,-518331.39594642376,301.633009795784,1.026818199778797,105
12015000,48160.00000797648,-517417.3915043699,303.6304731040232,1.0221780880317115,105
12020000,48180.000007980554,-517056.54800365376,301.2223210950993,1.0237873890397409,105
12025000,48200.00000798463,-517286.42288779654,301.77303027454695,1.0263892869837954,105
12030000,48220.0000079887,-517883.84180561104,305.2409324034721,1.0290833797704797,105
12035000,48240.00000799278,-516901.6219012316,299.0725953874453,1.0302764625296241,105
12040000,48260.00000799685,-517199.92849629885,301.46523452059154,1.0284814255501808,105
12045000,48280.00000800093,-517647.5896919207,300.3114892133228,1.027698298476822,105
12050000,48300.000008005,-517011.03187876777,302.9255136151464,1.024074798141437,105
12055000,48320.000008009076,-515201.17001217185,299.788195775095,1.0241087517958247,105
12060000,48340.00000801315,-517405.16078210063,302.11632272885674,1.0254739498514511,105
12065000,48360.000008017225,-517692.04398241243,299.7800457508968,1.0265366048724944,105
12070000,48380.0000080213,-517088.1690911588,303.2257761512844,1.0272514011938225,105
12075000,48400.000008025374,-517416.26137452363,302.1187497583765,1.0275117885319218,105
12080000,48420.00000802945,-517555.78874782193,299.10187758103416,1.0260706256954648,105
12085000,48440.00000803352,-516867.68342457945,298.6981559454118,1.0280976334258385,105
12090000,48460.0000080376,-517540.8455462295,301.753136528472,1.0240826109916448,105
12095000,48480.00000804167,-517296.60815755953,300.0092135776322,1.0270317066325292,105
12100000,48500.00000804575,-517801.72065284546,302.04980560853386,1.0254610105480548,105
12105000,48520.00000804982,-517563.77595311333,304.12898294054787,1.0271347445666843,105
12110000,48540.000008053896,-517154.31023069983,301.50607337552213,1.0251207353902585,105
12115000,48560.00000805797,-517518.4369771525,301.99172151814076,1.0262599690794771,105
12120000,48580.000008062045,-518533.2624501295,301.26113522189274,1.026978905478711,105
12125000,48600.00000806612,-517246.4084748463,301.58622408081027,1.0232892054555418,105
12130000,48620.000008070194,-516814.69017903996,297.0865877504013,1.0266830177994362,105
12135000,48640.00000807427,-516150.10059543,302.2698959834528,1.0294790280408792,105
12140000,48660.00000807834,-517279.47935397946,303.65453086873754,1.0282970282052393,105
12145000,48680.00000808242,-517473.0619346511,300.8411841290851,1.0275898295164094,105
12150000,48700.00000808649,-516884.61126113334,300.34113920761575,1.0283776116285808,105
12155000,48720.00000809057,-515729.52937611844,301.76937299805206,1.0276394348559927,105
12160000,48740.00000809464,-517154.8594659264,299.1447771444133,1.0255115641010304,105
12165000,48760.000008098716,-517792.5353831439,303.5732971019076,1.0261471999853373,105
12170000,48780.00000810279,-516674.4930046019,302.07912970516156,1.0258092703908144,105
12175000,48800.000008106865,-516282.9259448843,302.14170759560955,1.0239280561676096,105
12180000,48820.00000811094,-518126.311978522,303.585394925216,1.0248305761903442,105
12185000,48840.000008115014,-517462.94841363933,303.0537182938032,1.026127140071725,105
12190000,48860.00000811909,-517547.29713774985,303.37585057593174,1.0262066819961397,105
12195000,48880.00000812316,-518927.6980435492,301.47755878926455,1.0314204896694865,105
12200000,48900.00000812724,-516664.86618429446,301.7206451615126,1.02775672871316,105
12205000,48920.00000813131,-516666.6999231186,300.8235324802589,1.024797384555659,105
12210000,48940.00000813539,-516844.9090192367,299.0966988180925,1.0234505097760265,105
12215000,48960.00000813946,-517355.65214301995,298.1310460269441,1.0280457359957536,105
12220000,48980.000008143536,-516019.52120804135,302.1512161399283,1.0247967052996145,105
12225000,49000.00000814761,-516998.6800837193,299.3102761395486,1.0270172703493086,105
12230000,49020.000008151685,-516866.8474964481,304.3193728711735,1.0229472911997188,105
12235000,49040.00000815576,-516441.42337221024,302.71816262262,1.0278823057613549,105
12240000,49060.000008159834,-518308.1305922498,302.1437843626164,1.026683148492586,105
12245000,49080.00000816391,-517215.6748506301,300.03555484755697,1.0287101420258227,105
12250000,49100.00000816798,-517401.57702032523,300.07562950407805,1.0254567513725206,105
12255000,49120.00000817206,-518771.92904330394,304.55277106408977,1.0276310871275853,105
12260000,49140.00000817613,-517411.23440333595,304.09024693705277,1.0293729126308049,105
12265000,49160.000008180206,-516412.20034691994,299.83353889615915,1.0266696122870975,105
12270000,49180.00000818428,-516482.31099057896,301.7749920020455,1.0240427136465053,105
12275000,49200.000008188355,-515721.01662794966,297.87787768143977,1.0253958022595226,105
12280000,49220.00000819243,-518235.0999773694,302.4045669354661,1.0251963486835336,105
12285000,49240.000008196504,-517756.0768345003,301.9804513348299,1.0275352271399856,105
12290000,49260.00000820058,-517433.56572187995,300.73600354344086,1.0274563295927421,105
12295000,49280.00000820465,-516907.227242158,299.44506273492544,1.025007154330215,105
12300000,49300.00000820873,-519080.0656981268,303.91910661587985,1.0244434100646085,105
12305000,49320.0000082128,-518707.1836816468,302.40032280552083,1.0256430321111696,105
12310000,49340.00000821688,-517894.9549078946,300.5394052144427,1.0314817305991728,105
12315000,49360.00000822095,-518364.5697641107,301.13768611466685,1.0245466464890725,105
12320000,49380.000008225026,-517006.4843590539,299.78929854164403,1.0283251639604958,105
12325000,49400.0000082291,-517096.9598302634,297.6609944641962,1.027164856786997,105
12330000,49420.000008233175,-517823.4008323264,300.83197032626185,1.0305223960792065,105
12335000,49440.00000823725,-516609.5686096407,302.0682302404535,1.0248860508809474,105
12340000,49460.000008241324,-517504.1844415164,300.39790693841513,1.0288747919496395,105
12345000,49480.0000082454,-517554.97186930035,301.67479648596066,1.0271041655886186,105
12350000,49500.00000824947,-518259.52014681604,300.66018474971634,1.0338849251395976,105
12355000,49520.00000825355,-516341.8597196238,299.6118330637564,1.0251885459399752,105
12360000,49540.00000825762,-517429.1119421872,298.6561336228407,1.024973929643487,105
12365000,49560.0000082617,-517181.9399317552,300.3852437088599,1.0248600765133877,105
12370000,49580.00000826577,-517161.73149756086,300.47211874409305,1.0270869316226083,105
12375000,49600.000008269846,-518224.0469445409,301.2779761399743,1.0291021214018206,105
12380000,49620.00000827392,-516326.1771275848,301.88188346704095,1.0219137640304317,105
12385000,49640.000008277995,-516646.9775032315,302.3215303578893,1.0279659612220855,105
12390000,49660.00000828207,-517607.0948514044,300.3590572279426,1.0228825384519795,105
12395000,49680.000008286144,-517382.6124396343,300.99266556893684,1.0233827179415036,105
12400000,49700.00000829022,-517224.07074819226,304.5525154854862,1.0282793072359107,105
12405000,49720.00000829429,-518339.22500786325,300.74581891157965,1.0306214473173219,105
12410000,49740.00000829837,-516307.9767700273,302.72180032820745,1.0230941701769032,105
12415000,49760.00000830244,-515786.49433063646,302.813028148968,1.022410821381484,105
12420000,49780.00000830652,-517486.66965642734,303.81868997846453,1.0255182850943412,105
12425000,49800.00000831059,-517363.9894351191,303.677951698213,1.030695520941856,105
12430000,49820.000008314666,-517633.9332526915,299.6849936641638,1.030461190521729,105
12435000,49840.00000831874,-518148.0229338098,302.0421812730351,1.0297853860404085,105
12440000,49860.000008322815,-518397.3954201634,301.3975828725579,1.0300115926308646,105
12445000,49880.00000832689,-517617.929799468,301.110757257843,1.0300343475475568,105
12450000,49900.000008330964,-519094.59688981087,301.8644580344095,1.0265295206454754,105
12455000,49920.00000833504,-517399.9030282148,301.45014703197256,1.0306935949772698,105
12460000,49940.00000833911,-517401.67380504287,299.4691728424161,1.0253545642704596,105
12465000,49960.00000834319,-517179.97448749887,302.2145724116593,1.0278733501812165,105
12470000,49980.00000834726,-516024.2363737158,301.7670105722272,1.0264900927578773,105
12475000,50000.00000835134,-517641.946243054,301.62533895302846,1.0295239558090346,105
12480000,50020.00000835541,-518313.48215298704,301.9134499391683,1.0285212163977202,105
12485000,50040.000008359486,-517079.8622110507,300.9717183621311,1.0275968813423373,105
12490000,50060.00000836356,-517530.4989800551,302.6543064722685,1.0232629883377582,105
12495000,50080.000008367635,-516570.169304017,301.694622421626,1.0278896465331757,105
12500000,50100.00000837171,-516918.9144371287,299.85797195390535,1.024862569300414,105
