#"Step","Time (ps)","Potential Energy (kJ/mole)","Temperature (K)","Density (g/mL)","Speed (ns/day)"
5000,120.00000000005473,-516029.75817998964,303.19273749554856,1.0297384651134365,0
10000,140.00000000003652,-516639.399931598,301.4725355632901,1.02644403165041,104
15000,159.9999999999899,-517968.08850811934,301.80407754828065,1.0251802723633967,104
20000,179.9999999999433,-516769.7158250115,300.66426693761014,1.0254241112501041,104
25000,199.9999999998967,-517111.42955855094,301.2123429620785,1.0235510282063998,104
30000,219.99999999985008,-517602.4065591898,299.9714519200569,1.0232558319307605,104
35000,239.99999999980346,-517070.59504000377,301.3530075198371,1.0271858908715932,104
40000,259.99999999978525,-516598.1776115005,301.24605805298245,1.0209555999482995,104
45000,279.99999999988074,-517377.7256469729,300.37131736942587,1.0201370913931134,104
50000,299.99999999997624,-517249.30785988877,300.5751419606933,1.0237066091381388,104
55000,320.00000000007174,-517958.1527515566,301.2589271235148,1.0271014954449733,104
60000,340.00000000016723,-516684.8447335479,301.10984917171857,1.0243070509295822,104
65000,360.00000000026273,-517426.6598786749,302.07204043380665,1.0265261023792092,104
70000,380.0000000003582,-517838.37193096825,300.99284493394873,1.0301829883349374,104
75000,400.0000000004537,-517530.0228003061,300.03642543880636,1.0251420857910891,104
80000,420.0000000005492,-518277.820005127,302.25130841230094,1.0280792908570857,104
85000,440.0000000006447,-517142.25269724755,300.0677282051271,1.0262084725220546,104
90000,460.0000000007402,-516804.6526527691,301.6772006803868,1.0256427495760583,104
95000,480.0000000008357,-517279.66590871173,301.66101808659636,1.0298530109275472,104
100000,500.0000000009312,-515343.07753369305,301.4412584782848,1.0279383466014278,104
105000,520.0000000010267,-518036.93486428726,297.9918132403468,1.024358236184588,104
110000,540.0000000011222,-517635.2934601754,299.7053645488648,1.0252544160375348,104
115000,560.0000000012177,-516416.0019871511,301.10543739578634,1.0257466587715771,104
120000,580.0000000013132,-517745.66901661316,298.40241891018525,1.026326603118965,104
125000,600.0000000014087,-518811.3588804479,300.6878549034045,1.022733560237532,103
130000,620.0000000015042,-517173.81726401625,301.18963596521087,1.025747284130637,103
135000,640.0000000015997,-516705.10350620514,301.75812711652,1.0261347787547621,103
140000,660.0000000016952,-518769.3186639312,300.730924578919,1.026882595487801,103
145000,680.0000000017907,-517987.3091034726,299.17957749867736,1.0270069538808035,103
150000,700.0000000018862,-517260.1391820079,302.36667420284516,1.0259434041838247,103
155000,720.0000000019817,-518018.7125087946,301.46614141928563,1.0250369697326196,103
160000,740.0000000020772,-517697.92175599374,301.3057996667228,1.027133499389497,103
165000,760.0000000021727,-517276.8448199725,298.61703849718106,1.0246318156210688,103
170000,780.0000000022682,-517782.2886513006,303.90191195690846,1.025141239334948,103
175000,800.0000000023637,-517911.6793048729,302.54188858158903,1.0303589315424118,103
180000,820.0000000024592,-516387.5324012153,302.27178313892347,1.026774103662673,103
185000,840.0000000025547,-517416.84962943825,301.4674574072182,1.0285116990956693,103
190000,860.0000000026502,-517501.11976324115,300.6550535752972,1.0261525165058096,103
195000,880.0000000027457,-517135.67029268877,302.2537227286236,1.0257024236208696,103
200000,900.0000000028411,-516422.9982137289,299.3230667927035,1.0279677766743593,103
205000,920.0000000029366,-516499.0596675286,299.420825018174,1.0238571435461754,103
210000,940.0000000030321,-517213.27301075915,301.03817384917676,1.0261044418140213,103
215000,960.0000000031276,-517835.79502219707,302.13679226025283,1.0270907892539465,103
220000,980.0000000032231,-517703.91535559506,298.67702525692346,1.0241457227174504,103
225000,1000.0000000033186,-517353.19545344356,300.86634573424703,1.0214171420597506,103
230000,1020.0000000034141,-517748.9426770997,299.9872486309929,1.0261181554495329,103
235000,1040.0000000030548,-518407.17689086404,301.7053578558692,1.0235694009081377,103
240000,1060.0000000025818,-517386.05044998345,300.7979016384766,1.0247627723193475,103
245000,1080.000000002109,-517581.1584472195,302.55805462622453,1.025661203439812,103
250000,1100.000000001636,-518562.35346527025,300.83722538950127,1.027828116070604,103
255000,1120.000000001163,-518678.03768802504,298.4193129711553,1.0241425894943441,103
260000,1140.00000000069,-518092.21901545324,299.71681364872705,1.0235563027314225,103
265000,1160.0000000002171,-515861.79896045546,301.95671643589026,1.0248584310372713,103
270000,1179.9999999997442,-518222.2636673681,297.80343366479684,1.027237487142416,103
275000,1199.9999999992713,-518031.9478875543,303.03034619448295,1.0233188615047368,103
280000,1219.9999999987983,-518226.4274837433,302.1465717528366,1.0235911042539783,103
285000,1239.9999999983254,-518646.444260719,301.61820091658143,1.0235987025632758,103
290000,1259.9999999978525,-517214.11313956627,301.891230877051,1.0304435300218626,103
295000,1279.9999999973795,-518408.60042673256,299.79376499518156,1.0332442826222794,103
300000,1299.9999999969066,-516347.0680266563,302.83284276810616,1.0205163779513167,103
305000,1319.9999999964336,-518492.98194502806,298.09333347129945,1.0296897282847293,103
310000,1339.9999999959607,-517682.98586543184,299.7518997874822,1.0234718623412113,103
315000,1359.9999999954878,-517394.0072266334,301.839208399982,1.0248853710516133,103
320000,1379.9999999950148,-518206.1764298759,298.4307503602099,1.022795070728597,103
325000,1399.999999994542,-517415.98184261774,298.1734751432358,1.025106909350424,103
330000,1419.999999994069,-517961.3965685172,302.16214861401636,1.0253213323760928,103
335000,1439.999999993596,-516983.8041147678,300.0860308908143,1.0263304946693839,103
340000,1459.999999993123,-517442.7073894029,300.3519119684908,1.0292052179601945,103
345000,1479.9999999926501,-517117.5211320068,302.3338227372552,1.0273901616697003,103
350000,1499.9999999921772,-517730.35704629775,302.0816207241022,1.0211783983541223,103
355000,1519.9999999917043,-518904.4866065115,301.368071823169,1.0269805879487164,103
360000,1539.9999999912313,-517189.3525811732,300.5699686435141,1.025569392353209,103
365000,1559.9999999907584,-517783.02815467725,299.9809958174865,1.0227874192938071,103
370000,1579.9999999902855,-518466.0497963871,299.66168350704004,1.0271456734801423,103
375000,1599.9999999898125,-517650.1892825605,302.0852635523158,1.0240743905705527,103
380000,1619.9999999893396,-516440.03337590746,301.16213074014723,1.0279647632721012,103
385000,1639.9999999888666,-518827.95078961644,302.027534470603,1.0279750246347117,103
390000,1659.9999999883937,-517966.52267774916,299.3459362422295,1.0270653746865346,103
395000,1679.9999999879208,-518819.37969407183,301.4244883613467,1.0271810513516475,103
400000,1699.9999999874478,-518423.3425682222,301.49344075967923,1.025075307804359,103
405000,1719.999999986975,-518162.8465323611,299.50864487407,1.0255371025664977,103
410000,1739.999999986502,-517568.4232934031,302.38968450626106,1.0248657989238874,103
415000,1759.999999986029,-517635.0819041487,299.47310830170153,1.0282205194957268,103
420000,1779.999999985556,-517100.61030373443,303.926201614514,1.0231672920000543,103
425000,1799.9999999850832,-516342.91678031767,299.85944929961266,1.0255987958300967,103
430000,1819.9999999846102,-516791.6074827416,300.3871497886208,1.0273062569950528,103
435000,1839.9999999841373,-516501.266125774,300.02777885712635,1.0239356873477434,103
440000,1859.9999999836643,-517207.1572726907,300.1179132998785,1.0233037610213647,103
445000,1879.9999999831914,-516805.0842546348,299.85454409217647,1.02438725310257,103
450000,1899.9999999827185,-517383.70717912284,300.842133126609,1.026242122958116,103
455000,1919.9999999822455,-517285.14807645045,302.7481756332384,1.0258334500955446,103
460000,1939.9999999817726,-517608.45226331824,302.72159900797595,1.0253435099255201,103
465000,1959.9999999812997,-518596.28020121506,298.56881661807927,1.0273605930564205,103
470000,1979.9999999808267,-518138.05216302443,301.4162359415234,1.027273598509089,103
475000,1999.9999999803538,-519003.2976008544,298.4605051574171,1.0261900514683937,103
480000,2019.9999999798808,-518093.01810239325,301.2747151469148,1.030974181749734,103
485000,2039.999999979408,-517477.2234012224,302.1497739238097,1.0296042159493206,104
490000,2059.999999978935,-517792.0880579469,300.84129455802497,1.0269873264809652,104
495000,2079.9999999784623,-518110.86902119056,301.7074346805236,1.0275562125337385,104
500000,2099.9999999779893,-519198.95618620934,301.1626467480142,1.0284436047415544,104
505000,2119.9999999775164,-517613.2888576982,297.739726202194,1.0222085120842215,104
510000,2139.9999999770434,-516241.5202641736,300.3804570628696,1.0261750807387031,104
515000,2159.9999999765705,-518220.88511262694,299.2328735495313,1.026972378644425,104
520000,2179.9999999760976,-516867.2797328497,299.799213435732,1.023165324194971,104
525000,2199.9999999756246,-517870.1582772413,302.09156587870814,1.0256694810778815,104
530000,2219.9999999751517,-518546.8715847144,301.3912567892672,1.0265761689229258,104
535000,2239.9999999746788,-517534.0519297987,300.8312272694455,1.0249184995523466,104
540000,2259.999999974206,-518976.4173556734,298.06431211558765,1.028448114246387,104
545000,2279.999999973733,-518279.2103227265,301.02758595426917,1.0257401471388645,104
550000,2299.99999997326,-517461.95328919264,300.8234431511912,1.030122166035359,104
555000,2319.999999972787,-519176.69007433625,299.768658202572,1.0298862041395538,104
560000,2339.999999972314,-518151.27814380545,301.2780398593624,1.0265688080515947,104
565000,2359.999999971841,-518112.67229154543,299.920208794233,1.030941431827291,104
570000,2379.999999971368,-518149.34434995847,301.6560691508916,1.0264881417761953,104
575000,2399.9999999708953,-517555.32565419096,298.7593553922981,1.0269056980181615,104
580000,2419.9999999704223,-517486.47109307814,301.94768774183007,1.0230397278315746,104
585000,2439.9999999699494,-517314.90471950127,303.2852077320065,1.0295954610251423,104
590000,2459.9999999694764,-517652.8912409586,300.13716943846845,1.0286087032443962,104
595000,2479.9999999690035,-517144.7724405052,301.2393498469986,1.0296440926952812,104
600000,2499.9999999685306,-516585.0458413814,302.20164392280793,1.0239081659197855,104
605000,2519.9999999680576,-519050.4534397365,298.9990685044221,1.0232104701864522,104
610000,2539.9999999675847,-517474.08284862316,300.3410915743854,1.0239685535456178,104
615000,2559.9999999671118,-516978.52889179555,301.29835733399375,1.027775353119799,104
620000,2579.999999966639,-517219.24013830116,299.9020668494892,1.029281522126963,104
625000,2599.999999966166,-517994.3252363708,299.4497792713028,1.0229405629413346,104
630000,2619.999999965693,-518338.6438274144,301.2224714278457,1.0311713143339558,104
635000,2639.99999996522,-517053.6747752484,299.3672328204627,1.0262221896433437,104
640000,2659.999999964747,-517004.4120741149,302.1307165679899,1.0228547102688808,104
645000,2679.999999964274,-517149.2708185264,302.2484086622171,1.0256572997079334,104
650000,2699.999999963801,-519219.36360653234,301.05457659984296,1.0313171981656424,104
655000,2719.9999999633283,-517200.7406014642,301.1910170956573,1.0264435635208695,104
660000,2739.9999999628553,-516772.40400778665,300.766690603901,1.0264776059632772,104
665000,2759.9999999623824,-517253.5406680885,301.56708282068763,1.027982840919822,104
670000,2779.9999999619095,-517432.5501795423,303.772510087207,1.0283667328867407,104
675000,2799.9999999614365,-518278.34071370563,300.1108664289216,1.02585694001306,104
680000,2819.9999999609636,-516811.8114305609,300.1321289197337,1.024455571331072,104
685000,2839.9999999604906,-519237.33884066856,299.55974411778413,1.0262436698487116,104
690000,2859.9999999600177,-517547.79003350646,300.02603532176846,1.0250861447424242,104
695000,2879.9999999595448,-518692.1845701223,300.9757356407828,1.0244344849263285,104
700000,2899.999999959072,-518295.33850286435,300.58218117745696,1.024213451698741,104
705000,2919.999999958599,-517776.09123554104,299.9712937834352,1.0287998071982956,104
710000,2939.999999958126,-516195.49048542744,298.76422183687333,1.0240592850609358,104
715000,2959.999999957653,-517581.662849159,301.03308944603185,1.023664195898136,104
720000,2979.99999995718,-518540.4126601573,299.71205839132153,1.0295263586431707,104
725000,2999.999999956707,-517392.0235313119,301.2447129529334,1.0255312646170751,104
730000,3019.999999956234,-517573.1369073042,298.62173023368854,1.0257912983590962,104
735000,3039.9999999557613,-518543.8667573943,301.0834089467845,1.0280990339244787,104
740000,3059.9999999552883,-516873.8771760273,300.35662430944507,1.025060937799332,104
745000,3079.9999999548154,-518019.0008425708,298.54737121692267,1.023435905455044,104
750000,3099.9999999543425,-518139.63134859945,303.5613181596722,1.025950852662243,104
755000,3119.9999999538695,-517483.3995794363,299.72193048059984,1.0244561428720527,104
760000,3139.9999999533966,-517193.1978006619,302.0774772579795,1.0245990109595149,104
765000,3159.9999999529236,-517782.207897183,301.74921010082244,1.025552659964276,104
770000,3179.9999999524507,-517428.0116568224,298.35820601145855,1.0282106104321238,104
775000,3199.9999999519778,-518449.5241696937,301.05251379568494,1.031620980374464,104
780000,3219.999999951505,-518415.5465024302,302.26832773194457,1.0259200791154577,104
785000,3239.999999951032,-518164.89150130656,301.6889850492093,1.0236501447774524,104
790000,3259.999999950559,-517000.5913458066,301.26845690549055,1.02658472314057,104
795000,3279.999999950086,-519400.4236966148,299.63100470972074,1.0274154951094328,104
800000,3299.999999949613,-517433.8076666263,301.3707120463639,1.0272039276273475,104
805000,3319.99999994914,-518086.9458172212,299.2413168698554,1.0289255827243258,104
810000,3339.999999948667,-517978.48442079104,302.1810838071255,1.0236527485171918,104
815000,3359.9999999481943,-515889.78081859834,301.9249975230318,1.0211316057602804,104
820000,3379.9999999477213,-516597.5817128443,302.44217159774473,1.0236889479118685,104
825000,3399.9999999472484,-517957.16653778893,300.9400698967913,1.025121036484461,104
830000,3419.9999999467755,-517384.0358588968,301.78160300111,1.0254880780735556,104
835000,3439.9999999463025,-517921.4667960594,302.64627304321095,1.0266059242911467,104
840000,3459.9999999458296,-520129.94782110397,302.5035274641176,1.0278453609434615,104
845000,3479.9999999453566,-517910.0441117035,303.78983639185606,1.0263950659122036,104
850000,3499.9999999448837,-517139.2373565978,298.41999597702227,1.0285193326635753,104
855000,3519.999999944411,-518795.4184754216,302.72508084980416,1.0261055233021343,104
860000,3539.999999943938,-517790.3176096366,300.563707574792,1.0218802428339984,104
865000,3559.999999943465,-516892.8309609629,301.512703540085,1.0242234030214534,104
870000,3579.999999942992,-518753.8026660397,300.3593661076176,1.0268031138569813,104
875000,3599.999999942519,-519481.58581815474,301.83780363601653,1.0263337259281398,104
880000,3619.999999942046,-517377.257005522,299.8254491848603,1.0258316437953092,104
885000,3639.999999941573,-518088.50699621974,302.85408510055385,1.0268121361501588,104
890000,3659.9999999411,-517780.26214077114,303.2883933430244,1.02340883313032,104
895000,3679.9999999406273,-518085.5318303248,298.8669523230251,1.0242896357596214,104
900000,3699.9999999401543,-517973.7150512871,299.25710291462315,1.0248760759205904,104
905000,3719.9999999396814,-517345.45153630245,301.0011801711758,1.0292210432699394,104
910000,3739.9999999392085,-518625.1404193968,301.04684215775694,1.0249241731694951,104
915000,3759.9999999387355,-517907.01554843015,302.8863828431936,1.0269146834028382,104
920000,3779.9999999382626,-518256.05717239366,299.790030574979,1.0274699218875283,104
925000,3799.9999999377897,-518570.68787864526,299.4292032505019,1.0269059956889497,104
930000,3819.9999999373167,-517573.59656550526,298.09814050890037,1.0248569493776152,104
935000,3839.999999936844,-518082.9466893389,298.4357895018846,1.0302700238900264,104
940000,3859.999999936371,-518468.04233925045,299.5164572437079,1.0278337815211507,104
945000,3879.999999935898,-516486.5435895405,300.4974586918565,1.0279441611323934,104
950000,3899.999999935425,-518552.7981150255,300.9956988519076,1.0303439720007244,104
955000,3919.999999934952,-517906.93164923694,299.2416061562008,1.0234360791473702,104
960000,3939.999999934479,-517693.58656053105,305.4846700998276,1.0263980396422758,104
965000,3959.999999934006,-518145.48078713333,299.76001449211543,1.0249297510186066,104
970000,3979.999999933533,-518627.8922742766,300.7577329703258,1.0320934616021291,104
975000,3999.9999999330603,-517740.7280945701,301.3245193553602,1.0263537385116335,104
980000,4019.9999999325873,-516380.94782786,300.7434551735976,1.0225757933437107,104
985000,4039.9999999321144,-517951.8840310653,300.5677407846509,1.0296211560508488,104
990000,4059.9999999316415,-518537.1429292471,300.12855879660697,1.0280729518060165,104
995000,4079.9999999311685,-518486.42052310775,300.7065992127828,1.026446074681326,104
1000000,4099.999999930696,-516880.24476967915,299.10316026866593,1.0275696670819885,104
1005000,4119.999999930223,-517632.54785545217,301.59440311549616,1.0234449583346996,104
1010000,4139.99999992975,-517928.9329756992,299.6422218407897,1.0265440500080945,104
1015000,4159.999999929277,-517223.6879377598,301.30708248437236,1.0284167724612892,104
1020000,4179.999999928804,-517759.19224109594,302.8578539418506,1.0284010631592424,104
1025000,4199.999999928331,-517012.8374345165,299.5176612696781,1.026535228304702,104
1030000,4219.999999927858,-516691.5796915707,300.0632533614896,1.0237145570867718,104
1035000,4239.999999927385,-518778.8181094413,299.4422122435664,1.0310595797288453,104
1040000,4259.999999926912,-518458.9408457433,302.13391400526393,1.025379901946021,104
1045000,4279.999999926439,-518618.2684848972,302.0788377088977,1.030925063118589,104
1050000,4299.999999925966,-518348.909775269,301.9392853939224,1.025081411379153,104
1055000,4319.999999925493,-517050.1510748558,301.2081345879915,1.026015829142258,104
1060000,4339.99999992502,-518491.2833209166,301.5238440310193,1.0341631928481072,104
1065000,4359.999999924547,-518275.37516053,302.443036373869,1.0288839323673165,104
1070000,4379.9999999240745,-517089.5485890722,302.46068443562604,1.0232733009568808,104
1075000,4399.9999999236015,-517217.94552508974,301.60239379238465,1.0226061544358003,104
1080000,4419.999999923129,-516697.05511886254,300.254182192042,1.0265804493614465,104
1085000,4439.999999922656,-518067.9295012767,303.63976809234464,1.0270833709067986,104
1090000,4459.999999922183,-518627.63236191845,299.3855621580147,1.0254603956620834,104
1095000,4479.99999992171,-517788.37590280245,298.5231032237958,1.0246337229529972,104
1100000,4499.999999921237,-517920.9925225475,301.1117913810675,1.0230884372986278,104
1105000,4519.999999920764,-518580.9295730428,299.7756265109346,1.0269850174181454,104
1110000,4539.999999920291,-517507.2533588286,297.4062557453161,1.0228476682620793,104
1115000,4559.999999919818,-517591.4093036202,299.56076386725204,1.0250914835352167,104
1120000,4579.999999919345,-518324.8262614405,300.68656981476636,1.0276684176303854,104
1125000,4599.999999918872,-516791.72259408,299.5842064164631,1.0264764403455682,104
1130000,4619.999999918399,-518590.782664526,297.9468324600106,1.023164908376055,104
1135000,4639.999999917926,-517191.80161328474,303.59236681983964,1.0283710537660136,104
1140000,4659.999999917453,-515705.22217704635,299.99565652735686,1.0224136060727935,104
1145000,4679.99999991698,-517298.3724099002,300.463644225476,1.0271684744137453,104
1150000,4699.9999999165075,-518126.09909590636,301.7143108118895,1.0299203213471864,104
1155000,4719.9999999160345,-517900.5873320645,305.23654124768785,1.0264875386121888,104
1160000,4739.999999915562,-518478.78991255816,303.8643978155916,1.0251209335135314,104
1165000,4759.999999915089,-517732.4461060844,300.69279945652295,1.0238225125282883,104
1170000,4779.999999914616,-517681.74452104955,300.8624852961874,1.0228450877548259,104
1175000,4799.999999914143,-516979.8040309574,299.9741672203935,1.0247527052224175,104
1180000,4819.99999991367,-517181.67833550903,303.29609243226355,1.0216719094997868,104
1185000,4839.999999913197,-517090.8189983899,302.4805387482659,1.0263932595206249,104
1190000,4859.999999912724,-517840.5012997,298.78571687572816,1.0244034273776654,104
1195000,4879.999999912251,-516870.84306680295,301.90949598481194,1.024543268851671,104
1200000,4899.999999911778,-518007.542499623,300.51158275366157,1.0273193553991142,104
1205000,4919.999999911305,-517850.8596545502,300.3620591047835,1.0308450276205354,104
1210000,4939.999999910832,-517480.84948764835,298.58534019862657,1.0271287428464766,104
1215000,4959.999999910359,-517974.0401797525,301.8121166476721,1.0280100221602566,104
1220000,4979.999999909886,-518038.34372818936,301.6977030842711,1.0291546130207265,104
1225000,4999.999999909413,-516941.6609471806,298.92380031112697,1.0242484522371025,104
1230000,5019.9999999089405,-517178.783016213,302.6036385881012,1.0249075738898252,104
1235000,5039.9999999084675,-518724.42748496775,301.614256591003,1.0305726283410446,104
1240000,5059.999999907995,-517151.77770929225,299.79873620372973,1.0261920893438317,104
1245000,5079.999999907522,-518374.7516010157,300.39005289892583,1.0285079269831727,104
1250000,5099.999999907049,-517089.25030207937,302.8076159625351,1.0262797689923295,104
1255000,5119.999999906576,-518125.7265942516,300.6281851150186,1.0241051635228273,104
1260000,5139.999999906103,-517031.9017935768,303.8557776132741,1.0229860033591955,104
1265000,5159.99999990563,-517704.60495931027,298.3751358193524,1.024086322130603,104
1270000,5179.999999905157,-516907.56732288515,301.6227551177854,1.0245539969040935,104
1275000,5199.999999904684,-518084.63730715006,301.69058174665196,1.0241421327009004,104
1280000,5219.999999904211,-516658.2751532707,300.76640305663625,1.0249691907039737,104
1285000,5239.999999903738,-518292.6454442621,303.0224339405675,1.0244969024696804,104
1290000,5259.999999903265,-518153.3454771987,300.4164342368603,1.0270273355088857,104
1295000,5279.999999902792,-517748.40078346594,299.48519251086196,1.02882283225237,104
1300000,5299.999999902319,-517495.18677752744,303.2955129299297,1.0254277725310446,104
1305000,5319.999999901846,-518432.7998295205,300.60091987500743,1.025674352384854,104
1310000,5339.9999999013735,-518401.9157326624,300.36125563693605,1.0270076173614267,104
1315000,5359.999999900901,-518427.6881912269,300.4203310445767,1.0252506016438276,104
1320000,5379.999999900428,-517118.85198474163,299.9590483246345,1.02582420162298,104
1325000,5399.999999899955,-518054.08509003767,302.1866198867988,1.0280377403042162,104
1330000,5419.999999899482,-517672.1285516375,300.39842817827883,1.0214513737494086,104
1335000,5439.999999899009,-518496.4130348435,300.0707864268253,1.028220292987721,104
1340000,5459.999999898536,-517736.7007943231,299.7791621794037,1.0260431358757145,104
1345000,5479.999999898063,-519066.1184638797,299.5148209537523,1.0265749369901445,104
1350000,5499.99999989759,-517486.3492289148,301.98879257894265,1.025107141285092,104
1355000,5519.999999897117,-517980.76539639314,299.09603570280126,1.0302916411288419,104
1360000,5539.999999896644,-517944.7015273685,302.8738688455112,1.0281680530171788,104
1365000,5559.999999896171,-518597.50045473804,300.4882490660655,1.029431972245287,104
1370000,5579.999999895698,-517304.6750469054,302.9375422010217,1.0266798979554101,104
1375000,5599.999999895225,-517363.204295926,300.1629466038071,1.0250168608070958,104
1380000,5619.999999894752,-517647.60184847866,300.22515988797625,1.027089545157007,104
1385000,5639.999999894279,-516566.0684717898,305.0019500149253,1.0207892834168792,104
1390000,5659.9999998938065,-518317.5391824655,302.9591516104085,1.030122734072507,104
1395000,5679.999999893334,-516969.5582077999,301.83085353996603,1.0245288987393666,104
1400000,5699.999999892861,-517263.3601932782,297.0586994339325,1.0253964171828922,104
1405000,5719.999999892388,-516957.3457352191,301.48337227053673,1.0266067716963956,104
1410000,5739.999999891915,-519066.2942220117,300.6721912129571,1.0275361128253389,104
1415000,5759.999999891442,-518313.56829062523,300.5046194911344,1.0273765313136134,104
1420000,5779.999999890969,-519266.6972841765,300.3666217652776,1.0307242207590044,104
1425000,5799.999999890496,-518500.53992525744,304.6519181683793,1.02408749352282,104
1430000,5819.999999890023,-517511.77434935514,301.41313994681883,1.026932766991026,104
1435000,5839.99999988955,-517362.13064135914,299.33393187394694,1.029296905542989,104
1440000,5859.999999889077,-518183.35188920726,298.55832099577754,1.0275093653832181,104
1445000,5879.999999888604,-516243.12359524844,302.18437799128594,1.0220638033065033,104
1450000,5899.999999888131,-517479.47891903576,300.4707806463245,1.026078786418116,104
1455000,5919.999999887658,-517698.62035739096,299.4345466049967,1.02348368456419,104
1460000,5939.999999887185,-518436.2059417311,299.8423347278711,1.027645612517254,104
1465000,5959.999999886712,-518237.89338447107,302.2294751287431,1.0270226054401446,104
1470000,5979.9999998862395,-518246.6502338166,302.023568449034,1.0255871103689795,104
1475000,5999.999999885767,-516774.8519534683,302.1701977968303,1.0272890189045676,104
1480000,6019.999999885294,-519078.26976661966,298.2581413564844,1.0269796067701085,104
1485000,6039.999999884821,-518076.36220436776,299.28616822236734,1.0275273664310207,104
1490000,6059.999999884348,-517924.56860950054,298.2874622916344,1.0264929849226223,104
1495000,6079.999999883875,-517772.04704109207,301.2303191691383,1.028789055480344,104
1500000,6099.999999883402,-516692.753707428,303.3522739581155,1.0274219105844338,104
1505000,6119.999999882929,-517949.62734194635,302.09840908367937,1.023867333900188,104
1510000,6139.999999882456,-517873.3164425462,298.01326432639553,1.027039397355426,104
1515000,6159.999999881983,-518418.6283378727,298.5069687234104,1.0268978308018093,104
1520000,6179.99999988151,-518709.0246049296,299.12672768097804,1.0265460867539784,104
1525000,6199.999999881037,-517526.12424734095,301.94510880205206,1.0227209917346662,104
1530000,6219.999999880564,-518556.6457095123,300.2859068099329,1.0271647118875635,104
1535000,6239.999999880091,-518190.0970246203,300.6539105468296,1.0293423189039572,104
1540000,6259.999999879618,-517825.4688984032,301.283631447146,1.0239665665391675,104
1545000,6279.999999879145,-516370.060579506,301.1370775550885,1.0234618566944675,104
1550000,6299.9999998786725,-518248.5182545241,303.7228468288231,1.0279962942226668,104
1555000,6319.9999998782,-518930.74462525314,299.146101714855,1.0297298973841782,104
1560000,6339.999999877727,-518360.38227188773,299.55158420617914,1.027143696626389,104
1565000,6359.999999877254,-517019.6417497308,301.6834826482828,1.025921382897868,104
1570000,6379.999999876781,-517403.0440069891,300.8633792775376,1.0261897451418225,104
1575000,6399.999999876308,-517800.3110759633,301.7688511259034,1.0238804041172254,104
1565000,6359.999999877254,-517718.702617601,301.56006046628113,1.0276537981801952,--
1570000,6379.999999876781,-517620.15753125004,303.40362883153756,1.0268968932340037,107
1575000,6399.999999876308,-518029.93985495484,299.59870378938365,1.0230181486659184,106
1580000,6419.999999875835,-518853.843260105,300.17263479071954,1.0257825988991343,106
1585000,6439.999999875362,-518410.8753966221,299.78557487106224,1.0265758123486595,106
1590000,6459.999999874889,-518108.0006566532,302.1896782188789,1.0278726937097862,106
1595000,6479.999999874416,-516599.73741225083,298.6802045009755,1.0251210295795168,106
1600000,6499.999999873943,-517173.9425687499,296.8634701778741,1.0273888604310406,106
1605000,6519.99999987347,-516929.96531659574,298.9626584849457,1.0245505582906003,105
1610000,6539.999999872997,-517997.662338607,297.3713613048587,1.0284180538682068,105
1615000,6559.999999872524,-517639.099626855,298.65673235006534,1.0221206028936216,105
1620000,6579.999999872051,-517776.217095444,301.32540747658885,1.0266247661045127,105
1625000,6599.999999871578,-517736.355875141,299.4297229507394,1.0261433870334113,105
1630000,6619.9999998711055,-518653.84679189,302.0676816542958,1.0273470376818323,105
1635000,6639.999999870633,-518889.75569197885,302.1247548994718,1.0267058728826945,105
1640000,6659.99999987016,-517952.18971952354,300.2445218148954,1.0312309567814164,105
1645000,6679.999999869687,-516955.576455317,301.23384519876726,1.0260582055724112,105
1650000,6699.999999869214,-518847.69795545423,301.7221947637841,1.0296493145354955,105
1655000,6719.999999868741,-518245.43029899034,300.8612152083502,1.0226158500768279,105
1660000,6739.999999868268,-518264.1288742211,297.9035733345035,1.0261673828511324,105
1665000,6759.999999867795,-517193.6851840925,302.32178213454057,1.0258255784765993,105
1670000,6779.999999867322,-517101.9831155583,300.3268532394318,1.029014527797178,105
1675000,6799.999999866849,-517751.51218397263,299.72414227217087,1.0295211560520432,105
1680000,6819.999999866376,-517440.5520685178,301.19893842740885,1.0291127931177684,105
1685000,6839.999999865903,-516792.72985159,298.2428581550839,1.02543257779164,105
1690000,6859.99999986543,-519266.97448104015,299.2547979302969,1.0301507189723997,105
1695000,6879.999999864957,-517477.495779068,300.21979774637884,1.0266171747423516,105
1700000,6899.999999864484,-518399.24072470795,302.6150662340475,1.028405147668679,105
1705000,6919.999999864011,-517936.7627753434,300.8553735084465,1.028993896105094,105
1710000,6939.9999998635385,-516083.02274982585,302.13092448246675,1.0248619446330136,105
1715000,6959.999999863066,-516832.56328870496,300.6324394300317,1.0261508408266007,105
1720000,6979.999999862593,-517529.72213218315,301.53747267160594,1.023632218485502,105
1725000,6999.99999986212,-517930.7149348294,301.9346927725042,1.0252775326492327,105
1730000,7019.999999861647,-517362.3085545823,302.54737208178875,1.0284235714731083,105
1735000,7039.999999861174,-519066.0379373012,300.41472419722334,1.022433929372856,105
1740000,7059.999999860701,-518804.80630259844,301.0685465793921,1.0242064333753897,105
1745000,7079.999999860228,-518701.4953431254,301.41935710088194,1.0257001953264158,105
1750000,7099.999999859755,-517626.2152546756,299.83462334043935,1.0261347928424258,105
1755000,7119.999999859282,-517926.54100023187,303.7635812226476,1.0267517707747835,105
1760000,7139.999999858809,-517911.67344547505,299.1142229472654,1.0323751754882446,105
1765000,7159.999999858336,-517299.5899405228,301.0980589178057,1.0285106938463233,105
1770000,7179.999999857863,-518827.056939499,300.61030951994786,1.0300286712656472,105
1775000,7199.99999985739,-517888.98634861014,300.8829844350119,1.0278836682997123,105
1780000,7219.999999856917,-518654.319372718,301.3412233836493,1.0269081495845571,105
1785000,7239.999999856444,-519514.5394155546,301.30318527744527,1.0266574594927393,105
1790000,7259.9999998559715,-517786.0242790405,303.60098743881827,1.0230828255014812,105
1795000,7279.999999855499,-517988.12627574964,299.2064415899917,1.02474028125258,105
1800000,7299.999999855026,-517371.7597888401,300.47365690027226,1.0289021354729424,105
1805000,7319.999999854553,-517280.4599421129,299.712738699501,1.0239405614504666,105
1810000,7339.99999985408,-518935.96349357837,300.17104937224315,1.0286259862305385,105
1815000,7359.999999853607,-516854.89409767045,301.48906395769194,1.025601314114241,105
1820000,7379.999999853134,-516449.4624495364,300.5848513086059,1.027118688475043,105
1825000,7399.999999852661,-517323.30230355286,300.69296882130254,1.0242711724303613,105
1830000,7419.999999852188,-518357.7153023004,300.2194143042835,1.0271537597317726,105
1835000,7439.999999851715,-518674.3367070288,303.1075121789331,1.0264900009020061,105
1840000,7459.999999851242,-518523.27850175695,300.03207122125764,1.0255072869617177,105
1845000,7479.999999850769,-518533.95277346275,301.45865957921455,1.0262711130257187,105
1850000,7499.999999850296,-517708.1647131159,302.2260379193802,1.0252333111933671,105
1855000,7519.999999849823,-517859.8809091572,303.43695821267727,1.0266152297652473,105
1860000,7539.99999984935,-517229.1982100592,300.232206653063,1.0310909836695192,105
1865000,7559.999999848877,-517984.9666108589,304.1558998260409,1.0325039066497972,105
1870000,7579.9999998484045,-517898.72189446236,301.9125992772694,1.0283062496656483,105
1875000,7599.999999847932,-517078.23901088256,299.59407486542995,1.0251381280500775,105
1880000,7619.999999847459,-517660.84707976645,302.78122046230044,1.0293853224009788,105
1885000,7639.999999846986,-517729.93050364754,301.1310294602844,1.0247176118777193,105
1890000,7659.999999846513,-517900.8292910233,301.95018264043927,1.0266802963887114,105
1895000,7679.99999984604,-517576.11998122185,301.5683041170012,1.030027377557722,105
1900000,7699.999999845567,-517638.3729329773,301.27355855091577,1.0235858299862408,105
1905000,7719.999999845094,-518177.97015185794,301.0928050149112,1.025139851185746,105
1910000,7739.999999844621,-516970.4686110844,303.3054518593524,1.022873513648391,105
1915000,7759.999999844148,-518580.3338064761,299.0958107136159,1.026815837233231,105
1920000,7779.999999843675,-518525.46640036255,299.6532944761249,1.0275961445029311,105
1925000,7799.999999843202,-517977.58001359017,299.7454878370001,1.026693289765507,105
1930000,7819.999999842729,-518266.8268870816,301.0595243172174,1.023848277911573,105
1935000,7839.999999842256,-517305.00009874767,303.2997062425396,1.0276377652096915,105
1940000,7859.999999841783,-517754.18221797096,299.99279390207045,1.028047281480698,105
1945000,7879.9999998413105,-517228.54591860157,300.7679060511529,1.0264181845288123,105
1950000,7899.9999998408375,-516987.0441890275,301.46449928813456,1.027472767403816,105
1955000,7919.999999840365,-517703.0292331872,300.8079183608807,1.027783260673126,105
1960000,7939.999999839892,-518995.27238903614,301.6445174367681,1.0294564029084237,105
1965000,7959.999999839419,-517838.8009437639,298.8027474285564,1.0292030201450948,105
1970000,7979.999999838946,-517680.51063576504,300.2571599248076,1.0268675703936176,105
1975000,7999.999999838473,-518396.51640541456,299.67657178838215,1.0273247096827847,105
1980000,8019.999999838,-517268.6182612181,303.4822197000785,1.0267534863374002,105
1985000,8039.999999837527,-519544.7736154827,301.0917942715995,1.030984483377265,105
1990000,8059.999999837054,-517997.6527876726,301.03460210998713,1.0280613258386415,105
1995000,8079.999999836581,-517885.04948292254,300.5708957133218,1.0284187049816689,105
2000000,8099.999999836108,-518246.6592327892,302.1148676060888,1.0260885566582931,105
2005000,8119.999999835635,-518697.13525991957,302.4624245977782,1.0268013465395034,105
2010000,8139.999999835162,-516923.9002050101,302.1848571593752,1.022977272570902,105
2015000,8159.999999834689,-518073.87910239445,301.5238028921665,1.027728881953003,105
2020000,8179.999999834216,-518556.03066675575,300.74781822141006,1.0296947885621897,105
2025000,8199.999999835562,-518636.5234439669,297.4975872497936,1.0309982240572666,105
2030000,8219.999999839636,-516570.39752720227,301.69749791744306,1.0260915381364635,105
2035000,8239.99999984371,-517278.5966651642,300.1692177448828,1.0244742961471216,105
2040000,8259.999999847785,-517718.3857457079,300.6234173064245,1.0271158932847253,105
2045000,8279.99999985186,-516592.8579656549,302.2841465916404,1.0235420223505007,105
2050000,8299.999999855934,-518145.08385437843,299.6165244317229,1.0252902041574852,105
2055000,8319.999999860009,-517786.93685538415,299.4776759859957,1.0284024348695808,105
2060000,8339.999999864083,-519076.3068630458,300.52073813020235,1.0317990820439529,105
2065000,8359.999999868158,-518371.49408323783,300.79148957403874,1.028760812547071,105
2070000,8379.999999872232,-518124.8072023741,301.93714449792,1.0287799628249559,105
2075000,8399.999999876307,-517579.35771569866,301.1941124952918,1.0253573183054787,105
2080000,8419.999999880381,-517716.009091238,299.7433222828358,1.0262660827685397,105
2085000,8439.999999884456,-517785.91750654625,302.384001237649,1.0266203285070152,105
2090000,8459.99999988853,-518782.875295945,301.3943554845996,1.025843932466654,105
2095000,8479.999999892605,-518328.5891306924,297.8938117282467,1.0292108019474278,105
2100000,8499.99999989668,-517977.37218232313,300.7187928135755,1.0273960771415662,105
2105000,8519.999999900754,-518147.73941778275,298.7895995149221,1.027321130396909,105
2110000,8539.999999904829,-518436.65913372487,303.590865556211,1.0276170451915738,105
2115000,8559.999999908903,-517035.163616159,303.6914128127044,1.0238687536503468,105
2120000,8579.999999912978,-518090.3020867624,304.01920974126125,1.0266876116926809,105
2125000,8599.999999917052,-518465.139817616,300.7900899576402,1.0276999134389424,105
2130000,8619.999999921127,-517674.3571731681,299.39724453916386,1.0264136378441007,105
2135000,8639.999999925201,-517148.1982946759,300.0481449232191,1.0233493251411194,105
2140000,8659.999999929276,-517686.6429260215,301.1119896521694,1.0272269448436318,105
2145000,8679.99999993335,-517908.482164989,301.0363227232851,1.0278504949244902,105
2150000,8699.999999937425,-516992.22368080565,303.74338143522016,1.0246960076918266,105
2155000,8719.9999999415,-517666.26303666504,299.5663826794809,1.025410566625123,105
2160000,8739.999999945574,-517379.0049247518,300.8556200826337,1.0243298809395696,105
2165000,8759.999999949649,-518134.1687751652,300.78349960480926,1.0267134928917843,105
2170000,8779.999999953723,-518946.4643360977,299.67720555552586,1.0271330806447192,105
2175000,8799.999999957798,-518762.29914397304,299.457404538006,1.0289064161543824,105
2180000,8819.999999961872,-517352.6907888735,301.43831314819874,1.0265591711836843,105
2185000,8839.999999965947,-518526.0761433719,302.8351011295777,1.0244486063223497,105
2190000,8859.999999970021,-517572.56972399564,302.94380028847667,1.0274568993072422,105
2195000,8879.999999974096,-518586.24047802086,302.0389867252778,1.0297213695015872,105
2200000,8899.99999997817,-517851.99794155057,300.8085056338686,1.0295723403601142,105
2205000,8919.999999982245,-517573.15682574525,301.63456229595374,1.0255899454066613,105
2210000,8939.99999998632,-518684.42167857545,299.88951010854964,1.0221951066134456,105
2215000,8959.999999990394,-517592.21543715405,298.73272642668417,1.02142013019827,105
2220000,8979.999999994468,-517021.3263326548,302.1982101556555,1.0263392922906418,105
2225000,8999.999999998543,-517093.5057424726,301.70793066579785,1.0246791103812605,105
2230000,9020.000000002618,-517753.5976634782,301.2863601021575,1.0239833892557173,105
2235000,9040.000000006692,-517648.43091114494,300.47474400593615,1.027345891468759,105
2240000,9060.000000010767,-517623.0791595336,301.4030573173709,1.0279138929386886,105
2245000,9080.000000014841,-516832.4801233469,299.93783021928704,1.0278149569199686,105
2250000,9100.000000018916,-517855.51622716384,298.779265460038,1.0238847946466512,105
2255000,9120.00000002299,-518132.667164742,300.95650010794645,1.025237026227502,105
2260000,9140.000000027065,-517561.2650027131,298.1391447082045,1.0255285223629997,105
2265000,9160.00000003114,-517721.8749799321,299.94954881817586,1.0248719317813089,105
2270000,9180.000000035214,-517453.3402972943,298.5239569864982,1.0258330315724977,105
2275000,9200.000000039288,-518349.68384146574,298.940777920605,1.0282965399834707,105
2280000,9220.000000043363,-518654.9640817996,301.5419537238092,1.0249999142626216,105
2285000,9240.000000047437,-517712.7910567941,300.494049582689,1.026736429504869,105
2290000,9260.000000051512,-518244.2141936531,299.0615384750665,1.0255568218867845,105
2295000,9280.000000055586,-517141.7458533477,301.3278255589346,1.024622148233717,105
2300000,9300.000000059661,-516359.14607831556,303.7803805743473,1.0207935544826272,105
2305000,9320.000000063736,-517741.56770317,299.33406063197776,1.0264969374978181,105
2310000,9340.00000006781,-517213.2992532335,305.77357343610413,1.0276492019025565,105
2315000,9360.000000071885,-519104.67711571325,299.78812086095263,1.0235234704253755,105
2320000,9380.00000007596,-515584.03451808635,300.2211690753977,1.0222743788887954,105
2325000,9400.000000080034,-518367.23737778864,301.2816121762987,1.026045063647987,105
2330000,9420.000000084108,-518093.80333744455,301.95087037707555,1.026373011965897,105
2335000,9440.000000088183,-516914.16982216807,299.25785279687693,1.0251176673440556,105
2340000,9460.000000092257,-518149.29476862587,299.8604367945223,1.0286565937227532,105
2345000,9480.000000096332,-518063.34231854347,302.3886765995765,1.0249825224175932,105
2350000,9500.000000100406,-517751.7682648152,300.3339038792315,1.025174863214723,105
2355000,9520.000000104481,-517873.8549889345,301.83054713331694,1.0251294786449625,105
2360000,9540.000000108555,-518108.6263066409,299.4712296038566,1.0269233535302131,105
2365000,9560.00000011263,-516851.700831,302.5300045874309,1.0222571888169418,105
2370000,9580.000000116705,-517100.07338379184,298.4283236794215,1.0237005997243689,105
2375000,9600.000000120779,-519314.36558454623,300.65450614266564,1.0264622501405114,104
2380000,9620.000000124854,-517035.1478003394,300.22233603398394,1.0263895696617091,104
2385000,9640.000000128928,-519040.2021051843,303.263674149415,1.025846486677994,104
2390000,9660.000000133003,-518102.1986653465,300.27002618773963,1.027048880426842,104
2395000,9680.000000137077,-517415.48732802947,301.29964434147723,1.0267905015449992,104
2400000,9700.000000141152,-518461.1441818231,298.31188566223705,1.0278899873815481,104
2405000,9720.000000145226,-517951.0985880573,300.5453000770056,1.0294610186687163,104
2410000,9740.0000001493,-518562.9704266379,300.6890977845061,1.028981801317653,104
2415000,9760.000000153375,-518174.0108577418,300.94924006029623,1.02610884447474,104
2420000,9780.00000015745,-516804.9765463355,298.850523388421,1.0256531084570495,104
2425000,9800.000000161524,-518823.921659474,298.91634119933724,1.028171279894737,104
2430000,9820.000000165599,-517520.0938552194,301.2183175393926,1.0233846023024062,104
2435000,9840.000000169674,-517350.448338727,302.18120706685346,1.0255022528646935,104
2440000,9860.000000173748,-517255.99316830514,301.1852357322191,1.0265322704072655,104
2445000,9880.000000177823,-517420.8431509442,301.94883047089047,1.0244135597158475,104
2450000,9900.000000181897,-518070.3776747249,298.9749274595023,1.024766430605381,104
2455000,9920.000000185972,-516828.75584977306,299.9911225555785,1.025325820154068,104
2460000,9940.000000190046,-518680.19537532795,300.16421963030024,1.0280014329775893,104
2465000,9960.00000019412,-517764.53227735544,301.34487542308347,1.0255118209095568,104
2470000,9980.000000198195,-516997.38329824526,302.74679387137314,1.0282808207428424,104
2475000,10000.00000020227,-517108.607900169,304.09250728403316,1.0271369578750675,104
2480000,10020.000000206344,-518419.9108580677,301.0713770894162,1.0261561936654744,104
2485000,10040.000000210419,-518257.11969778035,300.2490975109324,1.027344331012662,104
2490000,10060.000000214493,-516659.9636234082,300.43951637019273,1.02533002327547,104
2495000,10080.000000218568,-517479.2246644341,300.82049449977524,1.0260424473784762,104
2500000,10100.000000222642,-518573.6182860818,299.6004111003627,1.0262848527826882,104
2505000,10120.000000226717,-517176.48622545716,301.8545302906195,1.0227274916418563,104
2510000,10140.000000230792,-517428.7716925964,301.35284574316546,1.027129139328378,104
2515000,10160.000000234866,-517273.65043366,300.739009756438,1.0270010305951727,104
2520000,10180.00000023894,-517329.69350952306,301.52450209223497,1.0260626164177773,104
2525000,10200.000000243015,-516789.6165055812,298.2695674556651,1.0258612952249624,104
2530000,10220.00000024709,-518254.57027369994,300.84268249684334,1.025997516001387,104
2535000,10240.000000251164,-518894.3826226881,302.9683024292336,1.0281841304972612,104
2540000,10260.000000255239,-517786.3917377717,300.7968844616827,1.0246582377391291,104
2545000,10280.000000259313,-517336.8114906703,301.3355116771261,1.024701993069453,104
2550000,10300.000000263388,-517109.44026040914,300.65812010050763,1.0282556138359689,104
2555000,10320.000000267462,-517353.56040877383,301.71537339295435,1.024634949531466,104
2560000,10340.000000271537,-516719.4116953756,301.4663529096581,1.0265722420872976,104
2565000,10360.000000275611,-518292.993582885,299.4685831227592,1.02937574781368,104
2570000,10380.000000279686,-517655.24233045266,299.0166086145426,1.0295392543747033,104
2575000,10400.00000028376,-517599.3843285544,301.37188783030103,1.02773924769081,104
2580000,10420.000000287835,-517373.7158916206,300.63949639372834,1.025842069021866,104
2585000,10440.00000029191,-517947.5876965001,301.44532397127887,1.026458519853699,104
2590000,10460.000000295984,-518578.98525756295,299.8376728160943,1.0265669291275195,104
2595000,10480.000000300059,-517521.52627474,302.41457696124735,1.0264766142776205,104
2600000,10500.000000304133,-516790.7023001462,302.16167761622614,1.0234566273934946,104
2605000,10520.000000308208,-518550.43337682704,298.793901904509,1.0273982323227993,104
2610000,10540.000000312282,-518134.45848607644,298.06261148184274,1.0283095440127543,104
2615000,10560.000000316357,-519210.25035806466,299.17764191139014,1.0244242917918966,104
2620000,10580.000000320431,-517077.5371747867,303.2688489810962,1.0280591961298748,104
2625000,10600.000000324506,-517450.8396767152,301.17125482674635,1.0234895653932214,104
2630000,10620.00000032858,-518037.46970348386,298.71274151044094,1.0239864263412641,104
2635000,10640.000000332655,-516894.36200980796,302.0394687166272,1.0261135155644971,104
2640000,10660.00000033673,-517544.40405589505,301.80572293149925,1.0255179432539643,104
2645000,10680.000000340804,-519055.33882375876,298.9606949248229,1.0256524052650928,104
2650000,10700.000000344879,-518770.29001103085,299.18605743012654,1.0283681636618718,104
2655000,10720.000000348953,-517118.54084461555,302.40570393574365,1.0246746450007027,104
2660000,10740.000000353028,-517832.42124309833,299.8981418132057,1.0265182226392149,104
2665000,10760.000000357102,-517417.73196736,300.8496268286249,1.0278436578947932,104
2670000,10780.000000361177,-517638.71374911536,301.8647527241924,1.0306110523578824,104
2675000,10800.000000365251,-518239.2647727991,298.8147502420989,1.0263082771155623,104
2680000,10820.000000369326,-518641.5934254145,300.3360410646242,1.027683964278324,104
2685000,10840.0000003734,-518552.52357445983,299.87484053242724,1.0262747755686332,104
2690000,10860.000000377475,-518955.0043860404,300.30653463482224,1.0268430132447741,104
2695000,10880.00000038155,-515964.6336464174,299.9927125592037,1.0252475601840845,104
2700000,10900.000000385624,-518103.97634829907,299.61810407330904,1.0286377265602342,104
2705000,10920.000000389698,-517576.8899494624,299.3463922372129,1.0291946512819707,104
2710000,10940.000000393773,-518515.90262407763,301.44581740034187,1.0234280613496622,104
2715000,10960.000000397848,-516814.9633390787,301.79960851812166,1.0277251692583018,104
2720000,10980.000000401922,-518381.65627038176,302.0554510920604,1.0293879122899703,104
2725000,11000.000000405997,-518333.42401208286,300.9439024665394,1.028462340281731,104
2730000,11020.000000410071,-518197.39749373076,298.9865025492143,1.02369354673889,104
2735000,11040.000000414146,-517976.1094512406,299.17674918361314,1.0284033703366466,104
2740000,11060.00000041822,-517472.1586841617,299.68250418275323,1.0249295698283423,104
2745000,11080.000000422295,-517599.5419561344,299.74347559165045,1.0268752574887952,104
2750000,11100.00000042637,-517558.5909983497,301.8792764309148,1.0281489484709703,104
2755000,11120.000000430444,-517271.65801368677,301.46707269045106,1.0279835440378036,104
2760000,11140.000000434518,-517018.9492563752,299.929698589929,1.0250478334094562,104
2765000,11160.000000438593,-517984.2338535972,304.7290482364614,1.0232284533640335,104
2770000,11180.000000442667,-517295.3496100111,302.03334651342294,1.0277186014112463,104
2775000,11200.000000446742,-518010.06057929364,300.47718832069876,1.0257567225835382,104
2780000,11220.000000450817,-518143.2225934074,302.6382743490183,1.027677617711125,104
2785000,11240.000000454891,-517186.9901806789,301.1730027622864,1.026853588774946,104
2790000,11260.000000458966,-517613.23070484283,302.0528590063135,1.0272604179239893,104
2795000,11280.00000046304,-517699.82404428534,301.3133447753982,1.0293682698542042,104
2800000,11300.000000467115,-517605.60088121775,303.8339877308374,1.0254375940994462,104
2805000,11320.00000047119,-518891.63888966595,299.0686291249702,1.0256252273603774,104
2810000,11340.000000475264,-516927.7766454995,302.0115971551772,1.0263854319590042,104
2815000,11360.000000479338,-517498.93224555743,303.97300593583134,1.0236296676484822,104
2820000,11380.000000483413,-518490.9720245043,301.8543483646846,1.0267006698015777,104
2825000,11400.000000487487,-517082.8862575202,300.3608357709631,1.025870127204137,104
2830000,11420.000000491562,-518047.03843626264,300.43756866273907,1.024475169341002,104
2835000,11440.000000495636,-517998.6921911875,303.69538990877555,1.0274793376458662,104
2840000,11460.000000499711,-519035.38196423394,300.57692861251644,1.0281575090781565,104
2845000,11480.000000503785,-518761.4687193581,301.4488291941015,1.0293111108994517,104
2850000,11500.00000050786,-517260.7990163269,302.75659228784616,1.0251478730245676,104
2855000,11520.000000511935,-518038.63988012774,298.9814123518142,1.0263880716163456,104
2860000,11540.00000051601,-518275.071380205,296.35322958476587,1.0236844916788077,104
2865000,11560.000000520084,-517233.4728677508,301.62191279755433,1.025323308159731,104
2870000,11580.000000524158,-516976.9377555847,301.6131486296879,1.0253220415558937,104
2875000,11600.000000528233,-516410.47835765756,300.1710735323045,1.026398115267317,104
2880000,11620.000000532307,-516546.20192627027,301.2760599159502,1.0273887210677448,104
2885000,11640.000000536382,-517338.43805811484,302.42726852634195,1.027664696691174,104
2890000,11660.000000540456,-517689.1346913066,301.27267154413136,1.025607005024824,104
2895000,11680.00000054453,-517625.81462865043,301.9255355007656,1.0214013281452117,104
2900000,11700.000000548605,-517794.93312201486,300.28976327397186,1.023837353353872,104
2905000,11720.00000055268,-517682.4157472979,301.09455989417745,1.024781178405643,104
2910000,11740.000000556754,-518192.68393772375,302.05787171722113,1.026562293228958,104
2915000,11760.000000560829,-517800.8989821817,301.13716447259577,1.026448505875659,104
2920000,11780.000000564904,-517948.7979715143,301.7956249249995,1.025813890625705,104
2925000,11800.000000568978,-517477.29644871503,301.30454220536274,1.0269180677128145,104
2930000,11820.000000573053,-517655.2557025885,302.2205636225781,1.0237925330572102,104
2935000,11840.000000577127,-517530.732448861,299.43553993345165,1.02907995805679,104
2940000,11860.000000581202,-519671.87966050394,300.91404738042297,1.0287771436217696,104
2945000,11880.000000585276,-516830.89655072987,296.0126120930108,1.0261528672417257,104
2950000,11900.00000058935,-518337.78159485897,303.20913677682483,1.0273862759155659,104
2955000,11920.000000593425,-518605.6319575736,299.6321231909467,1.0265495228023933,104
2960000,11940.0000005975,-516489.42169787036,300.9482005756557,1.0247444075648016,104
2965000,11960.000000601574,-518373.18749808543,302.4099015342961,1.024432814246227,104
2970000,11980.000000605649,-517524.4904553534,300.2443937743818,1.0274707721949918,104
2975000,12000.000000609723,-517130.4210516717,301.03655904779924,1.0226081705523051,104
2980000,12020.000000613798,-517072.2309036942,302.3306317899907,1.0233513939894046,104
2985000,12040.000000617873,-517678.7619322047,300.0383481471534,1.0246328200374666,104
2990000,12060.000000621947,-518278.91346755857,299.9285803989319,1.0242258594167504,104
2995000,12080.000000626022,-517991.4980087725,299.2945037948527,1.0276358194450648,104
3000000,12100.000000630096,-518228.52720545186,300.6167933469048,1.0244216795081362,104
3005000,12120.00000063417,-518615.0277146399,302.57115129195216,1.0300235976628802,104
3010000,12140.000000638245,-517753.2645636252,301.27101112535496,1.0288000767654928,104
3015000,12160.00000064232,-516868.1607269142,301.5770850814491,1.0250689540798752,104
3020000,12180.000000646394,-517675.77279870305,296.54660936645655,1.0254276759081953,104
3025000,12200.000000650469,-517756.3959027645,302.56623819955917,1.0245378698897636,104
3030000,12220.000000654543,-516532.4688055597,301.31750493883305,1.0240782259577415,104
3035000,12240.000000658618,-517178.27946205856,300.23045879880533,1.0261529320715612,104
3040000,12260.000000662692,-518110.64114009426,301.1801645175031,1.026017332314557,104
3045000,12280.000000666767,-517501.5063274517,299.3298693902841,1.0269952291075293,104
3050000,12300.000000670841,-518608.9322085304,298.7144595284438,1.030427569814154,104
3055000,12320.000000674916,-517658.3017381707,300.2082715066957,1.0286024311566555,104
3060000,12340.00000067899,-518856.06685155723,301.0871218226846,1.0235195221258948,104
3065000,12360.000000683065,-517758.45337159093,299.40605553368096,1.0242768776881799,104
3070000,12380.00000068714,-517494.5868447595,301.18197046862906,1.025011702399767,104
3075000,12400.000000691214,-517791.8964341774,299.097019878772,1.025742265396875,104
3080000,12420.000000695289,-517660.24230190343,298.4270163124884,1.0263358938248186,104
3085000,12440.000000699363,-516854.9582034515,301.5818404159252,1.0251388739056253,104
3090000,12460.000000703438,-518069.2559215389,299.1318724333199,1.0254649476038837,104
3095000,12480.000000707512,-516906.31090890686,299.81424821426054,1.0231522735876475,104
3100000,12500.000000711587,-517739.5256109424,299.36894598184193,1.0204046956416462,104
3105000,12520.000000715661,-517515.9287358946,299.602474066834,1.0244638213196744,104
3110000,12540.000000719736,-517967.06075534807,299.5158467235805,1.0265849839294812,104
3115000,12560.00000072381,-516574.9785743824,300.1119477820612,1.0263856647174752,104
3120000,12580.000000727885,-517889.6475795752,301.10283515582955,1.0274486861950884,104
3125000,12600.00000073196,-516576.7527061361,300.67779836404577,1.0222395365387755,104
3130000,12620.000000736034,-519133.23704817216,300.6553875494203,1.0245724945853283,104
3135000,12640.000000740109,-518564.88633785676,302.32589246357037,1.02317208034966,104
3140000,12660.000000744183,-517208.3325096532,301.57981175522394,1.0231862312239424,104
3145000,12680.000000748258,-517551.5669066915,300.97945462992976,1.0258797072720318,104
3150000,12700.000000752332,-517486.44020310836,297.5411204171057,1.026906768984917,104
3155000,12720.000000756407,-516898.9090916114,301.7669721732911,1.0279548618645626,104
3160000,12740.000000760481,-518005.17307529063,298.77852785645473,1.0237026458671867,104
3165000,12760.000000764556,-517467.37825182546,301.5890848657564,1.0223392559780402,104
3170000,12780.00000076863,-518157.22575454856,301.4340363350985,1.0255864836258817,104
3175000,12800.000000772705,-518304.00047415495,301.9963654323247,1.0266399161325532,104
3180000,12820.00000077678,-516908.7600153177,298.482617541452,1.0251010993790308,104
3185000,12840.000000780854,-518435.1842063607,299.58999898910105,1.0254399758461965,104
3190000,12860.000000784928,-517660.5361883063,298.21765044215414,1.0256020144437608,--
3195000,12880.000000789003,-517110.0781089922,301.4522666335054,1.0272164793206902,106
3200000,12900.000000793078,-517215.9024617139,299.366762259434,1.0259469790023856,106
3205000,12920.000000797152,-518631.5400519485,301.9020748686243,1.0288153511306926,106
3210000,12940.000000801227,-517965.2021424915,299.9352869723164,1.0299705171484583,105
3215000,12960.000000805301,-517563.43150090845,299.80538131305565,1.0219826765263802,105
3220000,12980.000000809376,-518528.2484316111,298.0980772014418,1.0270212634827667,105
3225000,13000.00000081345,-517376.1523664093,300.2060431386534,1.0220755164582207,105
3230000,13020.000000817525,-518382.9959355325,299.9167158770657,1.0261663186543084,105
3235000,13040.0000008216,-517631.1268608945,302.15813730715365,1.0251180269548772,105
3240000,13060.000000825674,-517961.86733586923,301.86331187612706,1.0287355632093786,105
3245000,13080.000000829748,-518191.65963425534,301.6816633163072,1.0252768099332914,105
3250000,13100.000000833823,-516227.1621351449,302.55293453368,1.0227465026869504,105
3255000,13120.000000837897,-517375.20261212275,302.6775502597727,1.0229351231554218,105
3260000,13140.000000841972,-517419.4902640388,300.2997493137028,1.0254539072249191,105
3265000,13160.000000846047,-517597.4868988765,300.3462172343416,1.0253217517521944,105
3270000,13180.000000850121,-517704.69696794427,298.89405228316605,1.0278102643980216,105
3275000,13200.000000854196,-518139.0793005007,298.2521599676877,1.0265303113178177,105
3280000,13220.00000085827,-517133.47575002373,302.4547381265775,1.0232190572947568,105
3285000,13240.000000862345,-517640.884836945,299.63172236406615,1.0250354687261978,105
3290000,13260.00000086642,-517378.9946423173,303.2656014935762,1.023632791540901,105
3295000,13280.000000870494,-518633.58177056117,298.74579816413967,1.0240341912858963,105
3300000,13300.000000874568,-517324.2288514918,298.990933497027,1.026105693140638,105
3305000,13320.000000878643,-517486.4695966991,303.391846348306,1.0239325322642736,105
3310000,13340.000000882717,-516929.6572077973,301.49601771035174,1.0262582497213768,105
3315000,13360.000000886792,-517348.400380058,301.3613668528641,1.0252293599140967,105
3320000,13380.000000890866,-517845.6894964597,299.19472181683005,1.0274209194873702,105
3325000,13400.000000894941,-517755.86767162196,302.29043649041154,1.0205334639764458,105
3330000,13420.000000899016,-519122.3666009058,299.9428832637331,1.0283557215761505,104
3335000,13440.00000090309,-517612.0144228861,299.8740492532383,1.024546453901448,104
3340000,13460.000000907165,-519471.2550934772,303.11682103617596,1.0313823575868104,104
3345000,13480.00000091124,-517913.23616289813,301.7738353032295,1.0251744087229173,104
3350000,13500.000000915314,-518599.35222613625,300.46397980874013,1.0281726598031438,104
3355000,13520.000000919388,-518256.00986998854,300.6443063583587,1.026617488473159,104
3360000,13540.000000923463,-518199.283726912,301.83933503893803,1.0210945903874205,104
3365000,13560.000000927537,-518070.9014586322,300.92964635892866,1.025983694560776,104
3370000,13580.000000931612,-518629.71627467265,299.86515899431566,1.0306357511583557,104
3375000,13600.000000935686,-519531.02677121153,301.8389396525216,1.0300478851468946,104
3380000,13620.00000093976,-518201.4531984455,298.46129749034293,1.0256807131615189,104
3385000,13640.000000943835,-517860.3875569927,301.6156916071629,1.029627748406404,104
3390000,13660.00000094791,-517612.3776923525,301.4944758280564,1.0259155719247248,104
3395000,13680.000000951984,-516306.0702722303,299.4622291040309,1.0232971245450857,104
3400000,13700.000000956059,-516839.4443806978,299.27615769672656,1.0247338606772405,104
3405000,13720.000000960134,-517835.8757426208,298.64529554196764,1.023899744176198,104
3410000,13740.000000964208,-516530.03058928275,302.0369108719864,1.0243027790378259,104
3415000,13760.000000968283,-517263.6271581934,301.6501867875925,1.0269620195846045,104
3420000,13780.000000972357,-516159.9724671745,301.5556067002525,1.0241779721954636,104
3425000,13800.000000976432,-517852.6506454912,300.77338963835916,1.029197963588772,104
3430000,13820.000000980506,-516522.34864576044,300.377149616203,1.0193448694071863,104
3435000,13840.00000098458,-518049.2284755728,299.11678430215534,1.0270984595170063,104
3440000,13860.000000988655,-518421.103362974,299.28766656686787,1.032108156352685,104
3445000,13880.00000099273,-516914.55287788785,300.39935471109385,1.0263444162858275,104
3450000,13900.000000996804,-519318.99772419943,305.8805981217431,1.028715273772467,104
3455000,13920.000001000879,-516856.3260871235,300.1152405801048,1.0268755181686977,104
3460000,13940.000001004953,-516277.6139667439,301.0070335216468,1.022739152793121,104
3465000,13960.000001009028,-517938.1158366932,300.2892718699549,1.0279211047520955,104
3470000,13980.000001013103,-517308.0082597637,298.42898611875717,1.0252995165109973,104
3475000,14000.000001017177,-517441.2973060736,302.23841123415764,1.0270594140476346,104
3480000,14020.000001021252,-516532.0127960793,301.2884777134326,1.0235709083143214,104
3485000,14040.000001025326,-517043.5636802488,300.8767656670421,1.0245642630691414,104
3490000,14060.0000010294,-518159.2889215434,303.23958985616383,1.025153803076702,104
3495000,14080.000001033475,-517381.04245889094,300.2996616258978,1.0251553270998917,104
3500000,14100.00000103755,-517429.2046011563,304.24593692412327,1.025799143491647,104
3505000,14120.000001041624,-518975.97898049746,301.43465770735094,1.0274514585656382,104
3510000,14140.000001045699,-517956.9988175605,298.4425658799967,1.0298362031996557,104
3515000,14160.000001049773,-518109.30544061144,299.29421236765205,1.0281321343556415,104
3520000,14180.000001053848,-516409.24162571784,300.80801068485476,1.0268307411197457,104
3525000,14200.000001057922,-517641.6054222074,300.4767001297302,1.0260946758067253,104
3530000,14220.000001061997,-517151.84974321746,298.69262744104026,1.0292463162949994,104
3535000,14240.000001066071,-518046.56679619965,300.2281389525354,1.0270445138562627,104
3540000,14260.000001070146,-517271.56863532914,303.47043802769906,1.0225482467891507,104
3545000,14280.00000107422,-518670.24798914907,300.36246496628803,1.0257292754715301,104
3550000,14300.000001078295,-516532.9258122023,299.8757767574653,1.0275723061485131,104
3555000,14320.00000108237,-519493.60677724076,299.9350558390405,1.028866296492328,104
3560000,14340.000001086444,-517434.875946722,298.9623256834832,1.0230991387972155,104
3565000,14360.000001090519,-518043.3993953632,299.627698007217,1.0267032564741623,104
3570000,14380.000001094593,-517203.3787200644,300.7410484122513,1.022910409752531,104
3575000,14400.000001098668,-518405.5523472659,299.1366033973664,1.0282521258918471,104
3580000,14420.000001102742,-517537.8858054974,300.1319570062676,1.027047115588087,104
3585000,14440.000001106817,-518928.26924022334,299.654682095683,1.0270728540934815,104
3590000,14460.000001110891,-517542.97842447436,301.0278901564985,1.0254326632505484,104
3595000,14480.000001114966,-517332.08286194573,302.8969811255961,1.025311526319848,104
3600000,14500.00000111904,-518850.5540177119,302.61140960837423,1.02727342348331,104
3605000,14520.000001123115,-517643.9289493209,297.1494444152955,1.02547371987513,104
3610000,14540.00000112719,-517211.33776584244,299.5328903842547,1.0252596835430288,104
3615000,14560.000001131264,-517074.72742540087,300.54749021642857,1.0254368944097265,104
3620000,14580.000001135339,-516685.5423853833,301.20474742541387,1.0234504607021453,104
3625000,14600.000001139413,-517235.17089453805,303.19177782169726,1.0272866048931066,104
3630000,14620.000001143488,-517708.20377315907,300.8705624414538,1.0306407761353116,104
3635000,14640.000001147562,-518531.5713625164,301.5122646044705,1.0275749776815024,104
3640000,14660.000001151637,-518349.4757005272,300.6908255445981,1.0246496189027765,104
3645000,14680.000001155711,-517229.2941524568,302.0720932515983,1.027205048785472,104
3650000,14700.000001159786,-516781.2465474168,301.4892712026361,1.0241887872967563,104
3655000,14720.00000116386,-518111.5762604459,300.73707620041665,1.0276945219434075,104
3660000,14740.000001167935,-518428.68821740453,300.38659721044877,1.0263283197031334,104
3665000,14760.00000117201,-518613.9316163317,302.0252292460526,1.0255849933961219,104
3670000,14780.000001176084,-517955.0259748937,298.01875124978216,1.0269754762654992,104
3675000,14800.000001180159,-518982.5434609358,300.81144890867074,1.0287398761116542,104
3680000,14820.000001184233,-517238.4699939429,304.2899190166532,1.0265516675858308,104
3685000,14840.000001188308,-518160.5464596681,301.2819346321286,1.0275516190630243,104
3690000,14860.000001192382,-517949.84028362064,301.6131316283691,1.026577728186982,104
3695000,14880.000001196457,-518216.42254260834,301.7688231497747,1.029719908122469,104
3700000,14900.000001200531,-517934.90353876585,299.7861649224748,1.0260158544114508,104
3705000,14920.000001204606,-517738.7954571685,298.8117144743225,1.0273178869266995,104
3710000,14940.00000120868,-517754.6065577469,301.45807025650555,1.0261113358632585,104
3715000,14960.000001212755,-516447.53241339047,301.0776043938037,1.0268658000410125,104
3720000,14980.00000121683,-517660.06630361034,302.54172742991955,1.0263451445953027,104
3725000,15000.000001220904,-517125.462924354,298.1525885982783,1.0289570786799984,104
3730000,15020.000001224978,-517881.0858686324,299.3980889169691,1.0243730844141543,104
3735000,15040.000001229053,-518053.7000464874,298.04023862029686,1.0298138658810518,104
3740000,15060.000001233127,-516396.92799258605,298.96656947490453,1.0254817813839947,104
3745000,15080.000001237202,-516234.07180377864,300.59978596910673,1.0217398600736423,104
3750000,15100.000001241277,-517598.8284135482,301.6256633169519,1.0259924573183317,104
3755000,15120.000001245351,-518142.8647163166,300.9543614065451,1.0274841932351109,104
3760000,15140.000001249426,-518251.3947825893,300.6253410257877,1.0315658520733186,104
3765000,15160.0000012535,-517579.2983786857,300.9594692650787,1.0269823915686407,104
3770000,15180.000001257575,-517663.93083204515,299.9130552797751,1.0274807363487337,104
3775000,15200.00000126165,-518319.9722936626,300.53290457301085,1.0268451548628255,104
3780000,15220.000001265724,-517434.4098705177,301.5192827485835,1.0224599835996862,104
3785000,15240.000001269798,-517296.5254194245,298.88781821104305,1.025394094706107,104
3790000,15260.000001273873,-516878.86720545986,299.5217275183101,1.0224226518813555,104
3795000,15280.000001277947,-518093.38988890476,302.65294897901134,1.0275725113831298,104
3800000,15300.000001282022,-517811.2864962921,300.2003620694046,1.0244705872005733,104
3805000,15320.000001286096,-516559.2820395513,301.45661102446456,1.0264358367215114,104
3810000,15340.000001290171,-519207.01297529927,302.378902440948,1.0261959947974093,104
3815000,15360.000001294246,-518660.4650374418,298.56716637987233,1.0269679934814167,104
3820000,15380.00000129832,-517905.35486815614,298.9485742085221,1.0257919390785417,104
3825000,15400.000001302395,-516811.88366445014,302.15251982422654,1.024815494909906,104
3830000,15420.00000130647,-518185.0720561093,301.1645853815629,1.0252591242963403,104
3835000,15440.000001310544,-517863.7040255137,299.36632099881655,1.0295293255679077,104
3840000,15460.000001314618,-518133.6607104754,298.7335792129601,1.0238633193234306,104
3845000,15480.000001318693,-518418.50641907076,301.3904893292738,1.02597607699006,104
3850000,15500.000001322767,-518112.16184850177,298.86504862579176,1.0251211195454688,104
3855000,15520.000001326842,-517693.32786893053,302.6135383159051,1.0237194376451373,104
3860000,15540.000001330916,-517138.76932357694,299.33000232137874,1.0277527430262636,104
3865000,15560.00000133499,-517756.78265638,297.85147371945527,1.0243061715859232,104
3870000,15580.000001339065,-517131.1324420972,299.5972131010841,1.023852402846144,104
3875000,15600.00000134314,-517824.0818423035,304.211103549026,1.0271821097007447,104
3880000,15620.000001347214,-517644.6642937197,301.6889258354663,1.0213546897631582,104
3885000,15640.000001351289,-517721.22221291205,299.9233438738522,1.0253975613390793,104
3890000,15660.000001355364,-518255.6431940298,302.8134861016048,1.0255371815214442,104
3895000,15680.000001359438,-518347.815057389,300.6718095279295,1.024505009979663,104
3900000,15700.000001363513,-517671.2611158928,300.5678692876113,1.0253443817074774,104
3905000,15720.000001367587,-517281.24740030034,301.01088831895964,1.0250528325189792,104
3910000,15740.000001371662,-517002.23386028036,298.5355109037862,1.0273229237787245,104
3915000,15760.000001375736,-519278.15263675596,301.2717864022343,1.0302348517397226,104
3920000,15780.00000137981,-517097.60545986216,303.84152068989033,1.0263183649892789,104
3925000,15800.000001383885,-518798.9107717073,300.9177728763498,1.0288553844942376,104
3930000,15820.00000138796,-517764.26244986034,300.38480770235174,1.024216358452167,104
3935000,15840.000001392034,-518393.8039450089,299.53954408282493,1.0260322580670393,104
3940000,15860.000001396109,-517139.5480937022,299.5582876895314,1.0219022631201378,104
3945000,15880.000001400183,-517213.8173196078,299.68169751541905,1.0279423294789103,104
3950000,15900.000001404258,-518344.8099172807,300.615604895805,1.0249517412406728,104
3955000,15920.000001408333,-517919.00022848276,299.33292507084633,1.0233721792203587,104
3960000,15940.000001412407,-517887.07991118706,299.7254093039236,1.0286940650852576,104
3965000,15960.000001416482,-518117.15737894154,301.7602943062705,1.0285114788889498,104
3970000,15980.000001420556,-518056.36363062006,300.14862338644053,1.0226657050665897,104
3975000,16000.00000142463,-517415.0201105785,300.9738059511258,1.0269961756814827,104
3980000,16020.000001428705,-519975.43328691134,299.0369647250164,1.0286986463081362,104
3985000,16040.00000143278,-519205.8369236733,300.49248141087617,1.0261006955535321,104
3990000,16060.000001436854,-518103.25081663183,301.59569570074297,1.025566165510415,104
3995000,16080.000001440929,-517555.20636721095,301.7306733712367,1.0247560900377934,104
4000000,16100.000001445003,-518057.4769051818,300.2822034420652,1.0286122343288713,104
4005000,16120.000001449078,-518424.029353868,300.85418443694044,1.0250271634412267,104
4010000,16140.000001453152,-518484.1667790653,301.1965284534781,1.0302990064614952,104
4015000,16160.000001457227,-518573.1544292718,300.4892392067136,1.024451181224379,104
4020000,16180.000001461302,-517192.03110946505,299.7845119799774,1.0254574279551982,104
4025000,16200.000001465376,-518953.8905010589,300.33073519677095,1.025159653766064,104
4030000,16220.00000146945,-519213.3546018109,300.41375591738716,1.027334050004261,104
4035000,16240.000001473525,-517647.1647110733,302.4698578955825,1.0256833782405101,104
4040000,16260.0000014776,-516233.9316372052,301.09571767554536,1.0265763425048273,104
4045000,16280.000001481674,-516952.4900894519,300.11953567024256,1.0242374796253222,104
4050000,16300.000001485749,-517763.6904374177,303.18477310444786,1.0247706971544692,104
4055000,16320.000001489823,-517748.2066811896,299.8884744778654,1.0215552153206133,104
4060000,16340.000001493898,-517977.4738265285,298.9503482177174,1.0281307527354893,104
4065000,16360.000001497972,-517933.3807664553,301.06308243453043,1.0272364730397117,104
4070000,16380.000001502047,-517881.75356825814,302.77022284398714,1.0285264786510195,104
4075000,16400.00000150612,-516979.95108708553,299.70579465075497,1.025764815368343,104
4080000,16420.000001510194,-518945.49790251,302.8993023673582,1.0286902371898956,104
4085000,16440.00000151427,-518864.0412333794,299.67069408858157,1.0248263636236792,104
4090000,16460.000001518343,-518475.1833030521,300.25136251843236,1.0268606136892924,104
4095000,16480.000001522418,-518109.87958255457,302.2186303889983,1.0281015129668731,104
4100000,16500.000001526492,-517340.7923853153,298.8606038540806,1.0241201689480166,104
4105000,16520.000001530567,-517876.7845531802,302.30099936251014,1.029466558412026,104
4110000,16540.00000153464,-519389.09345621103,300.1212784791833,1.0252423161343356,104
4115000,16560.000001538716,-517992.4540246874,300.7991224326865,1.0251222515741791,104
4120000,16580.00000154279,-516662.3735869394,303.1636195499363,1.0237832862229286,104
4125000,16600.000001546865,-517844.3861859299,298.55199533263306,1.0255280015437498,104
4130000,16620.00000155094,-516836.0182101652,302.69290511022723,1.0265723609528679,104
4135000,16640.000001555014,-518482.6077820647,298.1976482740401,1.0296994088743188,104
4140000,16660.00000155909,-517299.27297639987,298.96841335075374,1.0230023571783593,104
4145000,16680.000001563163,-517383.31516683847,303.4454732814038,1.0223930998797237,104
4150000,16700.000001567238,-517562.02276085224,301.85924206268027,1.0255960777287596,104
4155000,16720.000001571312,-518823.2790526827,301.7222880551144,1.027566999473176,104
4160000,16740.000001575387,-518312.1952007371,302.32086841580434,1.027699268863606,104
4165000,16760.00000157946,-517097.25331304385,301.62427093808424,1.0233398478067242,104
4170000,16780.000001583536,-517800.46135798306,300.94409990711483,1.026303465685257,104
4175000,16800.00000158761,-518067.8034684928,301.2684946212521,1.0277334577747033,104
4180000,16820.000001591685,-517824.0881843043,300.85444366504214,1.023261249843359,104
4185000,16840.00000159576,-517889.2078551571,299.8037132992761,1.0279094446620343,104
4190000,16860.000001599834,-519205.52694907715,299.25309058764606,1.029802853780921,104
4195000,16880.00000160391,-518465.5985589335,300.0596069421554,1.0264181191556625,104
4200000,16900.000001607983,-518229.0506282847,299.1917619939844,1.0260361904252921,104
4205000,16920.000001612058,-517786.0617585606,300.08095502613855,1.0261450802033205,104
4210000,16940.000001616132,-516524.9171840283,300.25067700513443,1.0233287384820324,104
4215000,16960.000001620207,-517402.49805144523,302.10515956632787,1.027009189278602,104
4220000,16980.00000162428,-518352.1923890216,301.64992009817075,1.0283665158571593,104
4225000,17000.000001628356,-517535.4123165326,302.3130513435636,1.0271079557807163,104
4230000,17020.00000163243,-518186.9706902045,300.27308008080547,1.0262705006022623,104
4235000,17040.000001636505,-518067.09593964904,304.2732479860739,1.025458774721489,104
4240000,17060.00000164058,-518105.98112426675,301.72160317542426,1.0262204475570238,104
4245000,17080.000001644654,-517220.20898594265,301.6566706923839,1.0273812693085285,104
4250000,17100.00000164873,-519267.27803724445,296.96737222613746,1.0311538483389104,104
4255000,17120.000001652803,-518003.6423632121,301.33160268457436,1.0262906532041203,104
4260000,17140.000001656877,-517831.2158628048,301.62692987040043,1.0280941632747822,104
4265000,17160.000001660952,-518450.65627023485,301.8188598611358,1.025284125285377,104
4270000,17180.000001665027,-517789.4251935333,299.7774731593814,1.027674606862511,104
4275000,17200.0000016691,-518179.9137039373,299.6258512275435,1.0280195283144307,104
4280000,17220.000001673176,-518600.5951099058,300.31636239575687,1.0254812550836798,104
4285000,17240.00000167725,-517263.3635847366,298.3973012676935,1.0258011678439611,104
4290000,17260.000001681325,-516799.2304327176,303.46390773247316,1.0239599720246284,104
4295000,17280.0000016854,-519128.0633656832,300.7830047447954,1.0308042676913602,104
4300000,17300.000001689474,-518437.15762415156,299.8138263226004,1.028225630418271,104
4305000,17320.00000169355,-517862.19111494743,300.37728836653247,1.024175624749588,104
4310000,17340.000001697623,-518094.74101555813,301.96565528403244,1.0259873908486041,104
4315000,17360.000001701697,-518075.40945868846,302.15953521431277,1.0274539818180801,104
4320000,17380.000001705772,-518064.28141055885,301.3322626552992,1.0288197007411195,104
4325000,17400.000001709846,-518499.3018400313,302.32120843007255,1.0235334366417252,104
4330000,17420.00000171392,-517847.04534985614,302.4160271770833,1.0289924934682921,104
4335000,17440.000001717995,-518634.1502092122,299.25572903603006,1.0289092715725052,104
4340000,17460.00000172207,-517701.50516471104,301.334474890731,1.0271297375750275,104
4345000,17480.000001726145,-518210.72013039864,303.0066253055447,1.0241802351338778,104
4350000,17500.00000173022,-517596.38274717587,301.7653572961714,1.0250986406577802,104
4355000,17520.000001734294,-517225.4619996357,300.34384722496304,1.024681244869212,104
4360000,17540.000001738368,-517834.95624067495,300.41504509402574,1.0225604910488153,104
4365000,17560.000001742443,-519148.32032738184,302.8388084192282,1.0260228615690015,104
4370000,17580.000001746517,-518863.871908254,300.3790644188253,1.026722690022632,104
4375000,17600.00000175059,-517434.9846007002,301.7882589773045,1.0256590590310461,104
4380000,17620.000001754666,-517907.80224128766,301.93130202668976,1.0270440698553787,104
4385000,17640.00000175874,-517431.59993678494,301.6188499360257,1.0235606273872382,104
4390000,17660.000001762815,-518213.9235729566,303.7695206920028,1.0290015872961094,104
4395000,17680.00000176689,-518224.8548842394,301.9789844565172,1.0282324396827176,104
4400000,17700.000001770964,-516842.7431811739,298.7205158604553,1.0245403203879577,104
4405000,17720.00000177504,-517991.7648507424,303.249068558237,1.0256448663118372,104
4410000,17740.000001779114,-517641.22727126954,302.02140301600315,1.0306197355065139,104
4415000,17760.000001783188,-517843.09094289737,300.1819805339678,1.0257112033335665,104
4420000,17780.000001787263,-516850.6707475402,300.26233338775813,1.024973909205097,104
4425000,17800.000001791337,-517640.3976423077,298.8695462954699,1.0282177190181714,104
4430000,17820.00000179541,-517624.1048878124,299.1257480514807,1.0242244782702183,104
4435000,17840.000001799486,-516171.9472674737,299.4843725345973,1.0245181296706365,104
4440000,17860.00000180356,-518248.7672908909,303.50483177702597,1.0279707281207386,104
4445000,17880.000001807635,-517141.9358354409,300.94571446584564,1.0255556122698244,104
4450000,17900.00000181171,-518922.34346566116,300.970150306772,1.02737647814684,104
4455000,17920.000001815784,-518128.9229539356,300.7220340091078,1.0257141174393853,104
4460000,17940.00000181986,-517627.63818599214,300.79270536069293,1.0224030993486837,104
4465000,17960.000001823933,-517677.3801323115,299.67236500399775,1.0228629832617324,104
4470000,17980.000001828008,-517557.5576226341,302.5167686389519,1.025881357861218,104
4475000,18000.000001832082,-518008.23464391823,299.06691128614176,1.0279860230393358,104
4480000,18020.000001836157,-517334.35568141774,298.79418141125456,1.026070228686492,104
4485000,18040.00000184023,-518027.1379442145,303.35211428259896,1.024909236699661,104
4490000,18060.000001844306,-517782.11200225004,303.1083184578222,1.0263022551210885,104
4495000,18080.00000184838,-518054.0828283001,304.57505261038665,1.0250748200211584,104
4500000,18100.000001852455,-517494.9273129101,299.3458734978294,1.0266863519727862,104
4505000,18120.00000185653,-517841.82500913343,299.70748637094766,1.0254691065832853,104
4510000,18140.000001860604,-517794.2094929563,302.30820738650135,1.0267059943938894,104
4515000,18160.00000186468,-517951.688739446,300.73708985466936,1.024223511585188,104
4520000,18180.000001868753,-518425.5477708017,301.9509554380231,1.0275020060729811,104
4525000,18200.000001872828,-517503.4923416006,299.7205268329333,1.0251931238879248,104
4530000,18220.000001876902,-518788.79712976073,298.90638774903954,1.028604457672781,104
4535000,18240.000001880977,-518107.6459968132,301.12476323231283,1.0243374300564632,104
4540000,18260.00000188505,-517144.2148897315,300.094630157504,1.028870141282054,104
4545000,18280.000001889126,-517355.02079144726,300.8697041752311,1.0241505682962937,104
4550000,18300.0000018932,-517291.5853218525,299.13087594421296,1.0282607450329944,104
4555000,18320.000001897275,-518318.49153620075,299.6343838833883,1.0252394269956586,104
4560000,18340.00000190135,-518063.2243356698,299.9826576014543,1.0284381651940124,104
4565000,18360.000001905424,-518962.2303035136,302.4320882872437,1.026285030582072,104
4570000,18380.0000019095,-518547.4819940636,299.9242007156095,1.0278419822872025,104
4575000,18400.000001913573,-517943.62455528136,302.4144102763972,1.0275526280727774,104
4580000,18420.000001917648,-517946.95615759585,300.80484018425994,1.0281013184253338,104
4585000,18440.000001921722,-517297.97347583086,301.792491807128,1.0264597078266873,104
4590000,18460.000001925797,-517515.61327497987,301.66846568155387,1.0242983131832535,104
4595000,18480.00000192987,-518098.47852492006,300.72872107827374,1.0252656728063767,103
4600000,18500.000001933946,-517889.86254731286,301.3748145520692,1.0262034491566647,103
4605000,18520.00000193802,-518310.4814919464,301.9946078791717,1.0299134101319456,103
4610000,18540.000001942095,-517265.79762398335,302.7134154372622,1.0284040000888903,103
4615000,18560.00000194617,-517808.617665339,301.3967417818267,1.025094152618955,103
4620000,18580.000001950244,-517881.5107054855,299.73723509485774,1.0292066598181546,103
4625000,18600.00000195432,-517872.2435814128,302.60608932225813,1.0256446654552875,103
4630000,18620.000001958393,-517999.9450237823,301.62436893675914,1.0278851922892034,103
4635000,18640.000001962468,-517523.58334557875,299.83165140697645,1.0235772415241415,103
4640000,18660.000001966542,-518911.4535165599,302.26196100633507,1.025709514024805,103
4645000,18680.000001970617,-517530.31376153417,299.1181412598963,1.0243039557195552,103
4650000,18700.00000197469,-518328.2911265204,298.834399407293,1.0238966067287003,103
4655000,18720.000001978766,-518004.4847970286,302.47436370416347,1.0228852855771977,103
4660000,18740.00000198284,-518102.58882725355,302.3321678401019,1.0276449031238575,103
4665000,18760.000001986915,-517722.478273849,301.1746017689565,1.0270428538022618,103
4670000,18780.00000199099,-517713.626292438,301.80698410193907,1.0246576303062191,103
4675000,18800.000001995064,-518595.41739860806,299.5996516755504,1.0264034097283312,103
4680000,18820.00000199914,-517867.0276741674,301.5270446001693,1.0248095417215903,103
4685000,18840.000002003213,-518868.8974964726,298.0531187786662,1.0246296048909593,103
4690000,18860.000002007288,-518123.0702741386,301.2053322947902,1.0260510326797383,103
4695000,18880.000002011362,-517762.5748271053,300.66468837565736,1.0275558041106627,103
4700000,18900.000002015437,-517016.3273567434,299.1215625044639,1.0245699460589983,103
4705000,18920.00000201951,-518369.513461499,302.7808402249289,1.024245515109415,103
4710000,18940.000002023586,-517417.2315209836,299.8347154306895,1.0226999522090607,103
4715000,18960.00000202766,-516568.9145580069,301.64135986751955,1.0250790407072399,103
4720000,18980.000002031735,-516253.7559402671,302.6043596647056,1.0240703291859423,103
4725000,19000.00000203581,-519469.05593980174,299.2335952552039,1.0281220586829627,103
4730000,19020.000002039884,-518627.3762267907,301.7157384365281,1.029234288205679,103
4735000,19040.00000204396,-517760.53785575717,301.47957437870514,1.027337726506835,103
4740000,19060.000002048033,-516416.9954844895,300.1200474193728,1.0217180617061352,103
4745000,19080.000002052107,-518064.7228004541,300.804054351278,1.0237186512485825,103
4750000,19100.000002056182,-517775.20954843494,302.99577438891015,1.0241787964624045,103
4755000,19120.000002060257,-517513.58737051254,300.32680369487423,1.0266967150458322,103
4760000,19140.00000206433,-516950.42047875165,302.67649750009565,1.0231885071873343,103
4765000,19160.000002068406,-518912.88478669804,298.6991514643808,1.0213811965387287,103
4770000,19180.00000207248,-517769.6367364689,300.0514982121836,1.0288563820391408,103
4775000,19200.000002076555,-518110.33465017774,300.28455664036437,1.0206557488881194,103
4780000,19220.00000208063,-518139.8583466797,300.18528985157553,1.0234036920107707,103
4785000,19240.000002084704,-516680.65829969966,298.7129003748746,1.0253164048414707,103
4790000,19260.00000208878,-517356.5222013986,303.2750686669057,1.025023960869865,103
4795000,19280.000002092853,-517015.71545141377,301.30148881868473,1.0286597302388194,103
4800000,19300.000002096927,-518771.4173045086,302.35316734968023,1.0254570300388068,103
4755000,19120.000002060257,-517016.48877051985,298.7948170773034,1.0208006701493988,--
4760000,19140.00000206433,-518611.93479656894,302.68917407939364,1.024469941007741,106
4765000,19160.000002068406,-518455.58132988843,300.6718124463441,1.029626519703715,105
4770000,19180.00000207248,-518164.6247313495,303.22163602384757,1.0222893294779403,105
4775000,19200.000002076555,-518075.9318079916,302.67739464537925,1.024243000971059,105
4780000,19220.00000208063,-517265.6770841789,301.5845874955656,1.0212626145009014,105
4785000,19240.000002084704,-517334.04975951393,304.35360487707453,1.0224744210090313,105
4790000,19260.00000208878,-518700.6589335317,300.3060522736033,1.02433336077959,105
4795000,19280.000002092853,-519931.1755477693,302.4256242890992,1.0263121581187127,104
4800000,19300.000002096927,-517808.11107424484,298.1490848805702,1.0244352654274171,104
4805000,19320.000002101002,-517680.81994534493,301.09165631358707,1.0243047425996568,104
4810000,19340.000002105076,-518462.2776798855,303.50061454947803,1.026139864626241,104
4815000,19360.00000210915,-516855.79300415097,302.13284443298954,1.025661660020027,104
4820000,19380.000002113225,-517523.7753189707,302.8706840030446,1.02210778622241,104
4825000,19400.0000021173,-517479.8816390266,299.6321034925196,1.026195111424037,104
4830000,19420.000002121375,-517415.63634525426,301.8127887004037,1.0227080513933782,104
4835000,19440.00000212545,-516771.9070315568,303.41943441959427,1.0261284003556193,104
4840000,19460.000002129524,-517910.35554432706,303.84402116041656,1.0254442173629974,104
4845000,19480.000002133598,-518600.1370659354,300.5438160199148,1.024146858779262,104
4850000,19500.000002137673,-517603.20628674794,300.3972849392702,1.0263474337245087,104
4855000,19520.000002141747,-517832.17844976066,301.96949319718794,1.0291380651891655,104
4860000,19540.00000214582,-518253.9671052089,300.1013824867025,1.026636232838198,104
4865000,19560.000002149896,-517408.3218169585,299.3327804682077,1.0241778400629808,104
4870000,19580.00000215397,-516902.1040133501,303.0210971250455,1.0246066513258794,104
4875000,19600.000002158045,-518771.7118230483,300.4044677444091,1.0245349680142934,104
4880000,19620.00000216212,-517971.7271929828,301.7585937408828,1.023374127350457,104
4885000,19640.000002166194,-518617.06096598343,303.26388198123465,1.0241347909619538,104
4890000,19660.00000217027,-517401.7174127749,299.37673794064654,1.0226444047402647,104
4895000,19680.000002174344,-517304.3775640675,301.4979105308087,1.023385657884107,104
4900000,19700.000002178418,-516977.69586830563,300.8755190660343,1.027697228671354,104
4905000,19720.000002182493,-517702.9160592649,299.79616673236416,1.0282094161017712,104
4910000,19740.000002186567,-518028.99200681364,302.15745301090215,1.0288276404127152,104
4915000,19760.00000219064,-516944.9369888259,301.3978245686792,1.0266193616389028,104
4920000,19780.000002194716,-518131.3119910634,301.9562682752023,1.0268937870247297,104
4925000,19800.00000219879,-517775.47984649683,299.82680185897226,1.0249699388824025,104
4930000,19820.000002202865,-517497.026262054,300.3877380381013,1.0255465572040166,104
4935000,19840.00000220694,-517627.5887758648,301.02140190626227,1.025223970711928,104
4940000,19860.000002211014,-518088.2296408557,298.3384208455825,1.0280273768679369,104
4945000,19880.00000221509,-516951.2898132566,301.23556224312074,1.0224801661854286,104
4950000,19900.000002219163,-516067.7532712226,303.62031843738356,1.022918719247245,104
4955000,19920.000002223238,-517647.8456622651,302.1512674074338,1.0219542408577458,104
4960000,19940.000002227313,-517342.0929954387,301.86714029270365,1.0225658747191844,104
4965000,19960.000002231387,-518051.7104101975,299.65673243172927,1.0228096585898632,104
4970000,19980.00000223546,-516727.4944124818,300.40065825110077,1.0229750888138684,104
4975000,20000.000002239536,-518260.7629554607,304.19652570787633,1.0272389690539627,104
4980000,20020.00000224361,-518674.33175576525,300.03541317341023,1.025468819980315,104
4985000,20040.000002247685,-518480.8683911839,303.0014026995034,1.0264387425880115,104
4990000,20060.00000225176,-518145.334335614,302.1166903698291,1.021920090114716,104
4995000,20080.000002255834,-517053.7329967455,301.1459042946495,1.0248013541576866,104
5000000,20100.00000225991,-518554.6638994003,302.6358879537963,1.0266569915045243,104
5005000,20120.000002263983,-517944.3748297384,300.44667214939557,1.0255598784246862,104
5010000,20140.000002268058,-518551.1880423359,301.0668441050917,1.0235001091303986,104
5015000,20160.000002272132,-518592.74229103094,299.02097654825496,1.0259426518523915,104
5020000,20180.000002276207,-517847.25131172896,301.9949542774152,1.0268648334966972,104
5025000,20200.00000228028,-517472.06303113373,301.60619671109714,1.0254942742540893,104
5030000,20220.000002284356,-518126.89464036725,302.7472933566685,1.0282587702119457,104
5035000,20240.00000228843,-517682.5342296213,299.39988732540286,1.0254183281212985,104
5040000,20260.000002292505,-518396.6638219098,299.8885601070794,1.026361908282308,104
5045000,20280.00000229658,-518019.55382584664,303.8311234884338,1.0244335971465153,104
5050000,20300.000002300654,-516583.96077549015,302.5486574337898,1.0239097443749137,104
5055000,20320.00000230473,-518241.15120630176,300.38683392415095,1.0273071341320539,104
5060000,20340.000002308803,-518326.0691209452,300.12898643199776,1.0273273366016606,104
5065000,20360.000002312878,-516771.5540185431,302.31345266784626,1.0254334454842118,104
5070000,20380.000002316952,-517980.27121079573,301.1323475517364,1.02424067049147,104
5075000,20400.000002321027,-517065.64962499193,301.1820620699676,1.0258095230168713,104
5080000,20420.0000023251,-516914.1714092011,301.9396921901965,1.0267809963664902,104
5085000,20440.000002329176,-518687.7825945646,300.0564118602841,1.0248414881324064,104
5090000,20460.00000233325,-517373.9863929122,301.0644116697696,1.0222542392666452,104
5095000,20480.000002337325,-517585.9378409779,302.90954504525325,1.025097943259505,104
5100000,20500.0000023414,-517581.4894383687,301.0241281006533,1.0191607756705363,104
5105000,20520.000002345474,-517806.63062649616,302.0851449050779,1.0227431283748811,104
5110000,20540.00000234955,-517074.69944186904,301.20629919572326,1.0254523730077107,104
5115000,20560.000002353623,-518031.18862844165,302.09615919157136,1.0267389496079293,104
5120000,20580.000002357698,-516581.62814310566,301.0841364539093,1.026326579090247,104
5125000,20600.000002361772,-519030.557488109,299.24768439361713,1.0255795362525095,104
5130000,20620.000002365847,-517865.2484334486,300.9667935087484,1.02539638092806,104
5135000,20640.00000236992,-517649.8857316212,300.75988235830835,1.0271300061633084,104
5140000,20660.000002373996,-517614.3400027533,302.2110704455571,1.0275239102277005,104
5145000,20680.00000237807,-517381.8519109059,301.3383193204161,1.0245318045888825,104
5150000,20700.000002382145,-518511.96497560455,301.99101306013773,1.0266625209405298,104
5155000,20720.00000238622,-517222.31285914127,302.16145687909784,1.0262557444471683,104
5160000,20740.000002390294,-517197.9543945971,301.0282403945947,1.0185026063826428,104
5165000,20760.00000239437,-518028.3697280367,300.0604307246715,1.030017783107282,104
5170000,20780.000002398443,-519138.8166835611,299.45418980551756,1.0262381812582888,104
5175000,20800.000002402518,-519038.8625194717,300.66308970477496,1.029061240114489,104
5180000,20820.000002406592,-518226.53733930807,299.44670033255875,1.0287177738489306,104
5185000,20840.000002410667,-517612.78787696967,298.124528765931,1.0226839378745907,104
5190000,20860.00000241474,-520200.8912746352,302.9170019022918,1.031534756988168,104
5195000,20880.000002418816,-518205.3500277479,300.9046443617629,1.0306873512170898,104
5200000,20900.00000242289,-518562.34043931845,305.18056166014077,1.0277446282034046,104
5205000,20920.000002426965,-517969.20675734966,301.87238964729903,1.0237211015924215,104
5210000,20940.00000243104,-517334.9344793041,301.86198144419086,1.0294525600022357,104
5215000,20960.000002435114,-517714.35800490994,301.21041795590946,1.027336545537521,104
5220000,20980.00000243919,-517913.3773574529,298.18459356350655,1.025706502392189,104
5225000,21000.000002443263,-517830.2236186669,298.95525054494516,1.0267928838546665,104
5230000,21020.000002447337,-518044.025527332,301.33327994565184,1.0251270348501844,104
5235000,21040.000002451412,-517200.7414851526,298.75877119259724,1.0187846744294622,104
5240000,21060.000002455487,-518289.17587208515,300.7266366923553,1.0273443300297205,104
5245000,21080.00000245956,-517261.1006119561,300.6861525227352,1.024598050987134,104
5250000,21100.000002463636,-518349.0649703203,299.28863989958575,1.0281353492211303,104
5255000,21120.00000246771,-517890.74483402795,301.5069300399653,1.0258686110000537,104
5260000,21140.000002471785,-516865.02716624434,301.6525508902183,1.0228965957502192,104
5265000,21160.00000247586,-517884.84014027426,301.32665526009384,1.0278876830828438,104
5270000,21180.000002479934,-518311.27184817917,302.3735089380729,1.0240952111415447,104
5275000,21200.00000248401,-518240.93399550556,303.227956492467,1.0281625513241,104
5280000,21220.000002488083,-518285.86653783685,301.65315852375693,1.0255047395506511,104
5285000,21240.000002492157,-519146.62893338036,302.2660363229552,1.0288960438014798,104
5290000,21260.000002496232,-516665.279865216,300.0993904078667,1.0192405783433505,104
5295000,21280.000002500306,-517590.09825358493,302.8166917163013,1.02019581060714,104
5300000,21300.00000250438,-517500.8106111479,300.9313565388593,1.0302998767135232,104
5305000,21320.000002508456,-517350.60353799677,300.2364684354578,1.0253420229200885,104
5310000,21340.00000251253,-518198.0909509603,301.1402670770259,1.0303344319108338,104
5315000,21360.000002516605,-516516.2357416381,298.9451362135313,1.0280305665100071,104
5320000,21380.00000252068,-518465.06345591554,300.0957228530078,1.0233684030776609,104
5325000,21400.000002524754,-517177.90928260074,299.5582479493956,1.0234004034079676,104
5330000,21420.00000252883,-518256.717609792,301.1390556329022,1.0276102948946124,104
5335000,21440.000002532903,-518106.28732887795,302.29994134571956,1.0273322047089206,104
5340000,21460.000002536977,-515636.847517936,299.49887316236476,1.024859687930018,104
5345000,21480.00000254105,-516843.4356633264,298.06506991706505,1.0276702031850269,104
5350000,21500.000002545126,-516712.5010594805,300.27039310396003,1.025895194778543,104
5355000,21520.0000025492,-516400.93881564215,301.0146016835214,1.0269376836422552,104
5360000,21540.000002553275,-517478.50464862096,302.32371015768354,1.024246390930043,104
5365000,21560.00000255735,-518653.89865242643,301.4863362231111,1.0313685672332287,104
5370000,21580.000002561424,-517899.8781972425,299.9575843109299,1.0245012307126773,104
5375000,21600.0000025655,-516943.74114924204,300.2198780561738,1.028620555368816,104
5380000,21620.000002569574,-517088.69752845634,298.3353003482906,1.024381428683944,104
5385000,21640.000002573648,-518373.84450269863,301.02598603932836,1.0227203081555176,104
5390000,21660.000002577723,-518054.48759483173,301.431505977924,1.026036782254191,104
5395000,21680.000002581797,-517266.3641733099,298.17690964543783,1.0274240245888884,104
5400000,21700.00000258587,-518808.2757989676,302.47462099971057,1.0264920227798637,104
5405000,21720.000002589946,-519483.82097502146,301.75304499829866,1.0257113480189533,104
5410000,21740.00000259402,-517812.35178663535,300.6323513650486,1.028872481853516,104
5415000,21760.000002598095,-518637.9524349626,301.6231770242928,1.0298979796902754,104
5420000,21780.00000260217,-517828.2384552392,302.5041529604082,1.0259535511331217,104
5425000,21800.000002606244,-517904.8900908334,299.71889609703345,1.021834260254022,104
5430000,21820.00000261032,-517802.19845763687,303.43880579762117,1.025258733494831,104
5435000,21840.000002614393,-517376.88453912386,301.79133663838974,1.0244594095688782,104
5440000,21860.000002618468,-517943.1886789191,300.34881127744353,1.023235126808872,104
5445000,21880.000002622543,-516533.30676458357,303.5044920719317,1.0273460498019658,104
5450000,21900.000002626617,-517601.7339519623,302.14444624611207,1.0253481872722015,104
5455000,21920.00000263069,-516265.43932451867,303.34105799997644,1.0223649775449017,104
5460000,21940.000002634766,-517532.3618403678,300.03721631650234,1.0240779678926377,104
5465000,21960.00000263884,-516251.68016993324,300.1323361790411,1.0226069549369374,104
5470000,21980.000002642915,-517843.04971901537,302.54490576546954,1.0257955414026638,104
5475000,22000.00000264699,-517295.0991010715,302.6267394123228,1.029498870835866,104
5480000,22020.000002651064,-517911.4068557904,300.6475291862049,1.0288177104736564,104
5485000,22040.00000265514,-517862.5310108317,297.71442164194576,1.0225679483906651,104
5490000,22060.000002659213,-517167.0558331029,300.3026611987189,1.0250252375328726,104
5495000,22080.000002663288,-517946.9864441592,301.3242621224329,1.0294394138657246,104
5500000,22100.000002667362,-516515.557472782,300.17171655248325,1.0272434548088578,104
5505000,22120.000002671437,-517079.07734440407,301.0871841810984,1.0251439700526412,104
5510000,22140.00000267551,-516847.74542910745,301.7750221468649,1.0230855896843882,104
5515000,22160.000002679586,-518382.4107826066,302.93214400312047,1.0272900872136381,104
5520000,22180.00000268366,-516841.28340537334,298.6449228201733,1.0237831728673281,104
5525000,22200.000002687735,-517745.2611179163,299.35778738433385,1.0252778279416452,104
5530000,22220.00000269181,-517934.5619529893,299.564364640919,1.0241274644265985,104
5535000,22240.000002695884,-518435.2174012908,302.75038481114774,1.024060265671421,104
5540000,22260.00000269996,-518650.228980124,299.8595861524414,1.0302108638652827,104
5545000,22280.000002704033,-518135.2211424818,300.88910456995234,1.0233025945442589,104
5550000,22300.000002708108,-517952.6074451376,303.2772688685986,1.027261853943608,104
5555000,22320.000002712182,-517130.9324338313,299.7914212110891,1.024467714733722,104
5560000,22340.000002716257,-519247.74141003285,301.4020461275921,1.0278235387043633,104
5565000,22360.00000272033,-517964.3535154469,299.3750123021975,1.0244734519875023,104
5570000,22380.000002724406,-517973.8058736527,301.04235456080113,1.0266071530619019,104
5575000,22400.00000272848,-517909.3441032893,299.12201849467,1.0267696201928502,104
5580000,22420.000002732555,-518058.7512495464,299.4524076549827,1.024081853754442,104
5585000,22440.00000273663,-518312.45604810934,298.059751434992,1.0247112131880065,104
5590000,22460.000002740704,-517058.3669059123,300.8876394270921,1.0285811914436125,104
5595000,22480.00000274478,-516507.7637135724,303.59400547316983,1.0249287359958577,104
5600000,22500.000002748853,-519099.20402107853,303.48220755963615,1.0285524908480326,104
5605000,22520.000002752928,-517361.4307878944,298.0740273834573,1.0247826493405305,104
5610000,22540.000002757002,-517256.9674302016,301.00304178463546,1.023905811144111,104
5615000,22560.000002761077,-517900.58141991636,299.7584393653725,1.026177783267167,104
5620000,22580.00000276515,-517678.97171496134,300.9806440851547,1.0304788781725702,104
5625000,22600.000002769226,-517332.2513364437,300.637123953278,1.0254156251607665,104
5630000,22620.0000027733,-517579.7119248342,300.20551226684677,1.026593215954085,104
5635000,22640.000002777375,-517367.16241197055,299.9407370583386,1.027589282928711,104
5640000,22660.00000278145,-517564.00049570086,299.3408918827958,1.0251910911816784,104
5645000,22680.000002785524,-517242.9333454827,297.57707257603005,1.0267645438468496,104
5650000,22700.0000027896,-517354.5440787822,299.26455846322636,1.0253513655555675,104
5655000,22720.000002793673,-518996.0663654094,303.55450162387973,1.0261411444234927,104
5660000,22740.000002797748,-516652.6747085061,300.6968091487378,1.0255425753403096,104
5665000,22760.000002801822,-517252.20258852304,301.04211740857454,1.0270951314185286,104
5670000,22780.000002805897,-517024.96819803794,301.4337061156952,1.0294077041604641,104
5675000,22800.00000280997,-516310.06490852474,299.43563398693476,1.0222922255177147,104
5680000,22820.000002814046,-517187.24240581156,300.62359586205065,1.025611824153664,104
5685000,22840.00000281812,-516450.16579681705,302.4837184438518,1.0257638993306348,104
5690000,22860.000002822195,-517642.72093486297,300.92907342890965,1.0266374663885383,104
5695000,22880.00000282627,-518095.47604877315,304.1375420836595,1.0223767794313938,104
5700000,22900.000002830344,-518593.40534534515,300.10491934362204,1.0315864849381546,104
5705000,22920.00000283442,-519597.4655195966,301.81708037788314,1.0306853698235823,104
5710000,22940.000002838493,-518246.75615161075,302.97928328409324,1.0264285604629861,104
5715000,22960.000002842567,-519080.76712050894,300.75689842522985,1.0310527559319103,104
5720000,22980.000002846642,-518932.1152373606,300.28536950721946,1.0286716305756687,104
5725000,23000.000002850717,-515547.8364404917,301.2827147846981,1.022308730266412,104
5730000,23020.00000285479,-517217.67909991136,302.45736517119207,1.0232888581358917,104
5735000,23040.000002858866,-517815.74956370797,302.52480657645737,1.030453366684858,104
5740000,23060.00000286294,-517253.7787538839,302.092949632634,1.0252857653607559,104
5745000,23080.000002867015,-517560.07423893246,301.2142291146502,1.0264266017576529,104
5750000,23100.00000287109,-517673.92664781143,303.1665157192217,1.0253160090208613,104
5755000,23120.000002875164,-517099.501614345,300.6403291013185,1.0267135612773717,104
5760000,23140.00000287924,-519000.65764087415,300.07124113743055,1.0274112066133292,104
5765000,23160.000002883313,-518780.53662141506,302.1041751729497,1.0329312386920846,104
5770000,23180.000002887387,-517781.7391783681,301.1362059821817,1.0296382826907227,104
5775000,23200.000002891462,-516859.88822551584,302.2638733417012,1.0249251440584213,104
5780000,23220.000002895536,-517297.4851585345,300.53597932006977,1.0235850085855334,104
5785000,23240.00000289961,-517179.4152191153,299.07754429484567,1.0293487822738168,104
5790000,23260.000002903686,-517505.9785736862,300.6853532327501,1.0234892904791575,104
5795000,23280.00000290776,-517790.4159453565,301.84763477944057,1.0225437016671113,104
5800000,23300.000002911835,-518270.84239507606,300.487134693009,1.0290734963907961,104
5805000,23320.00000291591,-517753.3859166214,302.18082798497943,1.0284256172392607,104
5810000,23340.000002919984,-516944.58616757207,303.0761644189198,1.025724110007348,104
5815000,23360.00000292406,-517511.5965900086,302.04412526063356,1.0238425787595422,104
5820000,23380.000002928133,-519059.57350319833,300.0024737184417,1.0267396137511946,104
5825000,23400.000002932207,-518343.14228129224,299.19039144606745,1.0265477601327788,104
5830000,23420.00000293628,-518007.1293831861,302.4578692498942,1.0213706666613025,104
5835000,23440.000002940356,-518043.3918996763,298.6824068252775,1.0276637251854364,104
5840000,23460.00000294443,-517446.24171214155,295.63681738204184,1.029557108929685,104
5845000,23480.000002948505,-517230.48650754895,301.0368686130899,1.0254438343106806,104
5850000,23500.00000295258,-517921.3091298337,301.27509805767147,1.0219645241813031,104
5855000,23520.000002956654,-518113.8916111761,299.1311172876854,1.0297532066698627,104
5860000,23540.00000296073,-518073.8745345536,300.8226680591466,1.0282161370554368,104
5865000,23560.000002964804,-518792.5211509445,301.2204117010282,1.0303744089966587,104
5870000,23580.000002968878,-517712.30017293245,302.1070879527883,1.0268372896648033,104
5875000,23600.000002972953,-517591.7068801678,298.72529517430985,1.0250801283963773,104
5880000,23620.000002977027,-518217.19380361587,300.5195707402647,1.025767850456274,103
5885000,23640.0000029811,-518191.7713253037,301.39226519941553,1.0226622101540077,103
5890000,23660.000002985176,-518615.42630642606,300.5096038843749,1.0276940950836906,103
5895000,23680.00000298925,-518315.3574373552,301.3113359885241,1.024212142495627,103
5900000,23700.000002993325,-518631.49704731186,302.28389449233714,1.0296809281109487,103
5905000,23720.0000029974,-518318.79610128957,299.717085672631,1.0242108409597133,103
5910000,23740.000003001474,-518486.19577780017,300.61630783049264,1.02413168460134,103
5915000,23760.00000300555,-518531.49589351844,302.0027971068656,1.0288612450065566,103
5920000,23780.000003009623,-517700.91738597443,301.2539302053918,1.0248514892967053,103
5925000,23800.000003013698,-517840.7908964674,301.4913623663932,1.026235937610086,103
5930000,23820.000003017773,-516972.0645234054,304.2246521925173,1.024965615249317,103
5935000,23840.000003021847,-517025.85010138457,299.6100829568463,1.0279087540573424,103
5940000,23860.00000302592,-518156.2406542753,301.985381982407,1.0241518938336154,103
5945000,23880.000003029996,-516827.788168079,300.0424689623146,1.0233643517140587,103
5950000,23900.00000303407,-517277.46898260433,301.6290861716296,1.0251232593469777,103
5955000,23920.000003038145,-517109.95456513856,299.6971738397365,1.0247641855707021,103
5960000,23940.00000304222,-519000.49385107285,299.91908729886626,1.0290242309208661,103
5965000,23960.000003046294,-517380.76120423176,302.53057153369787,1.024782061932728,103
5970000,23980.00000305037,-518256.7129423015,301.5214769935313,1.0301731526630555,103
5975000,24000.000003054443,-518299.7132352381,302.98442983394546,1.0292642317867704,103
5980000,24020.000003058518,-518295.5526045903,302.0587399068119,1.0289483880126225,103
5985000,24040.000003062592,-517381.05204610154,300.65831578429305,1.0292551898075601,103
5990000,24060.000003066667,-516511.14554793504,303.413855517968,1.024375348620466,103
5995000,24080.00000307074,-518993.9702368458,302.2335173348063,1.0290034936328551,103
6000000,24100.000003074816,-518469.9393860786,300.44772516278476,1.0325711251787688,103
6005000,24120.00000307889,-517770.6432589446,301.2641473298347,1.0269914979437091,103
6010000,24140.000003082965,-518648.1797096138,304.2919117995906,1.0266770217312813,103
6015000,24160.00000308704,-518293.2306855207,300.35462955848743,1.0305887551668373,103
6020000,24180.000003091114,-518646.5143881808,300.04150726801845,1.0261542710484806,103
6025000,24200.00000309519,-517308.1128840097,302.406042916345,1.0248085186297458,103
6030000,24220.000003099263,-517502.43604904227,301.85173175674794,1.0253050952995508,103
6035000,24240.000003103338,-517815.9395232897,299.1779203027809,1.023470731202995,103
6040000,24260.000003107412,-518661.4554724102,301.7389143102946,1.0311153552655787,103
6045000,24280.000003111487,-518753.37139902636,301.99400668617875,1.025446566578474,103
6050000,24300.00000311556,-519511.6057250197,301.5632033589445,1.0312007151926232,103
6055000,24320.000003119636,-517030.83646475524,301.9925151858207,1.0278524895386543,103
6060000,24340.00000312371,-518242.3968545203,300.3669757834766,1.028873034937165,103
6065000,24360.000003127785,-518484.80890736287,302.58759601485156,1.0259773519821378,103
6070000,24380.00000313186,-517905.8526781765,300.41487989697725,1.0275034303821948,103
6075000,24400.000003135934,-517873.9303145723,300.9889422018242,1.0227360945864339,103
6080000,24420.00000314001,-517392.8657093467,300.0764922884363,1.025561309022339,103
6085000,24440.000003144083,-518765.519362153,301.4632017293481,1.0219932277468353,103
6090000,24460.000003148158,-517761.98835023167,299.6737321578206,1.0304537863064802,103
6095000,24480.000003152232,-518340.78177359584,301.717119018685,1.0267077432483407,103
6100000,24500.000003156307,-517706.77188480087,299.9152053663503,1.0272620936287793,103
6105000,24520.00000316038,-517510.5573844912,301.0351337596594,1.024311134144287,103
6110000,24540.000003164456,-517008.9825043327,300.2990759382514,1.0265948065254225,103
6115000,24560.00000316853,-516785.7169886087,300.2499099999732,1.025644702540008,103
6120000,24580.000003172605,-517880.112488884,299.60320191292703,1.0233312641707624,103
6125000,24600.00000317668,-518476.1728882985,302.92663819816863,1.022852297711308,103
6130000,24620.000003180754,-518247.53768196143,300.23599529863145,1.0278418441662496,103
6135000,24640.00000318483,-519021.6164864693,296.5521040090303,1.024538251475859,103
6140000,24660.000003188903,-518955.9751138296,300.9264799352391,1.0253532320402297,103
6145000,24680.000003192978,-517097.12722410145,300.680280550997,1.0229836299665491,103
6150000,24700.000003197052,-517959.0737262056,301.642962174329,1.0257387904588895,103
6155000,24720.000003201127,-517268.3138310597,301.409483292697,1.0252591935794293,103
6160000,24740.0000032052,-517459.4466505563,298.7222071931563,1.0289753414003995,103
6165000,24760.000003209276,-517535.8543597306,299.7088340948813,1.025987897174393,103
6170000,24780.00000321335,-516365.8055966031,300.33532267314166,1.0259766950323363,103
6175000,24800.000003217425,-517853.0262976426,302.32151546648043,1.0264713025583323,103
6180000,24820.0000032215,-518003.19050570996,302.91644264469113,1.02437797396219,103
6185000,24840.000003225574,-517873.99027747544,301.8777719327993,1.0269531009989465,103
6190000,24860.00000322965,-517066.5180084829,301.13296652072967,1.0256212758804477,103
6195000,24880.000003233723,-517136.5303880584,300.1736706359675,1.0264736548891429,103
6200000,24900.000003237798,-517878.39805395645,301.9615597769198,1.0251487200660845,103
6205000,24920.000003241872,-517432.7916533146,301.1095439252495,1.0267121264840957,103
6210000,24940.000003245947,-517487.5288562493,299.17975947543385,1.0266007140943494,103
6215000,24960.00000325002,-517550.95896333293,303.4257113458037,1.0215374470417065,103
6220000,24980.000003254096,-518498.7489020275,300.62011190226247,1.0255943885948973,103
6225000,25000.00000325817,-518121.1140481543,299.774570158753,1.0277524474923265,103
6230000,25020.000003262245,-517710.4090232861,301.61655362058235,1.0214039094365301,103
6235000,25040.00000326632,-516884.14325705566,302.23521891403465,1.024022072416659,103
6240000,25060.000003270394,-517138.915875481,304.3486819349727,1.0238323602093902,103
6245000,25080.00000327447,-516373.19129712787,297.4750200798742,1.0290825781371384,103
6250000,25100.000003278543,-517740.99584162305,301.081004917041,1.0293404229247247,103
6255000,25120.000003282617,-517252.0096515708,302.446893839439,1.02577146163147,103
6260000,25140.000003286692,-518885.84471397265,299.3113445991903,1.0265272406853516,103
6265000,25160.000003290766,-517636.94076838624,299.9693243849466,1.0262380709851269,103
6270000,25180.00000329484,-517731.347751969,300.0993483006186,1.0271061799044765,103
6275000,25200.000003298916,-516810.68931312533,301.6240916888142,1.0249720139787029,103
6280000,25220.00000330299,-518341.25786502706,303.9633336293462,1.026735559192893,103
6285000,25240.000003307065,-517994.6069862507,300.22605284843166,1.0264839640890986,103
6290000,25260.00000331114,-517370.67574321665,300.73176218788944,1.0293146718414998,103
6295000,25280.000003315214,-518085.804829258,299.07395881329353,1.0229210085862284,103
6300000,25300.00000331929,-517521.10305970674,303.22262388802295,1.0262703617924736,103
6305000,25320.000003323363,-516857.4040168191,300.42884683783984,1.0265317012670854,103
6310000,25340.000003327437,-517591.80193131557,300.7110216219083,1.0269705572151713,103
6315000,25360.000003331512,-518824.56108599016,301.0058953094385,1.0301535511777709,103
6320000,25380.000003335586,-517932.5707110057,301.6981195965213,1.0284148028282007,103
6325000,25400.00000333966,-517001.04774693726,301.3010360024315,1.0259168142599357,103
6330000,25420.000003343735,-517867.80505491584,298.19276801640507,1.024034290222112,103
6335000,25440.00000334781,-516966.9078849731,301.023197709747,1.0244033681663287,103
6340000,25460.000003351885,-518581.8963339487,299.81344084559004,1.027365957384012,103
6345000,25480.00000335596,-517658.25128282653,300.9776617264745,1.027205075116393,103
6350000,25500.000003360034,-518031.72795361816,299.5621866050774,1.026169595837961,103
6355000,25520.000003364108,-518554.8501669124,303.54633494255756,1.0258214181248009,103
6360000,25540.000003368183,-519076.97556889756,301.53080797162016,1.0295414491277313,103
6315000,25360.000003331512,-518336.5004342019,298.67327601620957,1.0295718801798053,--
6320000,25380.000003335586,-517297.91956109693,300.3477983508996,1.0288348410347077,104
6325000,25400.00000333966,-518086.3208714146,300.88733756077676,1.0294742179399519,104
6330000,25420.000003343735,-518938.4291281805,298.8863395611482,1.0223004313459463,104
6335000,25440.00000334781,-517978.4145112694,300.582746262796,1.0251725347165725,104
6340000,25460.000003351885,-517358.81672172155,302.43290587672436,1.0258243010528343,104
6345000,25480.00000335596,-516760.44113184465,300.89106702043637,1.0223533887605454,104
6350000,25500.000003360034,-516864.0270444632,301.7609344636821,1.026153953752568,104
6355000,25520.000003364108,-517639.31793238455,299.98194398097866,1.0251433067341709,104
6360000,25540.000003368183,-517360.13706325856,301.72626736409586,1.0270903745989752,104
6365000,25560.000003372257,-518724.3772792085,299.51956973971147,1.0291282860610276,104
6370000,25580.00000337633,-517403.8527469407,300.77127688888413,1.026849301775403,104
6375000,25600.000003380406,-518304.4843819998,301.12389672619264,1.0244701261353946,104
6380000,25620.00000338448,-517756.0158629932,300.63641241711366,1.0273234915271616,104
6385000,25640.000003388555,-518282.62222201214,300.58045886271987,1.026956195816839,104
6390000,25660.00000339263,-518299.6556309769,301.3088589820338,1.0284976156568861,103
6395000,25680.000003396704,-518732.99530049786,302.5932479398342,1.0268017787030104,103
6400000,25700.00000340078,-515538.62689405936,296.6561603668853,1.0255153644619863,103
6405000,25720.000003404853,-516790.6578212725,299.1301381532871,1.0251246615422704,103
6410000,25740.000003408928,-517548.7876516024,301.89121880172354,1.025691098851596,103
6415000,25760.000003413003,-516689.4062236643,302.6034687628664,1.0267358384203762,103
6420000,25780.000003417077,-518248.3358229711,300.8520088930159,1.0268455912653232,103
6425000,25800.00000342115,-517615.44409862394,300.8180014236828,1.0236110019554308,103
6430000,25820.000003425226,-518174.78017175896,301.37753775442275,1.028400906280291,103
6435000,25840.0000034293,-517958.9577454226,302.53873795257647,1.0275240647725092,103
6440000,25860.000003433375,-516765.87294693175,301.5436556560093,1.0222923249870808,103
6445000,25880.00000343745,-517297.53344881255,298.80338314670803,1.0253607389591615,103
6450000,25900.000003441524,-518032.39580855076,300.7794915587921,1.0275588594666447,103
6455000,25920.0000034456,-517206.63618311565,298.11503343378496,1.0293751445261854,103
6460000,25940.000003449673,-516303.6276630368,300.570105779474,1.0264951993885694,103
6465000,25960.000003453748,-517255.6028834961,300.22438092310455,1.0221784335181698,103
6470000,25980.000003457822,-518513.70263425866,301.46307483232135,1.0268705009903085,103
6475000,26000.000003461897,-517550.99641939416,300.9446239796846,1.0246550485681836,103
6480000,26020.00000346597,-518757.7943154543,299.4864683163918,1.0320671016746286,103
6485000,26040.000003470046,-517545.0378104015,302.1757861599096,1.0282039106401561,103
6490000,26060.00000347412,-517175.45355157554,299.5977886273762,1.0247051748692213,103
6495000,26080.000003478195,-517873.84999180865,300.9879198272204,1.0248293257488201,103
6500000,26100.00000348227,-516943.3394531107,300.9197680680411,1.0232336071505244,103
6505000,26120.000003486344,-517138.1785309494,301.45922870424766,1.0238777566165038,103
6510000,26140.00000349042,-517605.1523388908,301.073178693023,1.0258204541515001,103
6515000,26160.000003494493,-518837.44005585555,299.55479666258015,1.0264999941822137,103
6520000,26180.000003498568,-516677.4975717156,300.3507104974619,1.024776364831669,103
6525000,26200.000003502642,-517586.4884475698,301.1094618354867,1.0309350827670887,103
6530000,26220.000003506717,-518033.13388366485,299.57253288191447,1.0235948128070496,103
6535000,26240.00000351079,-517717.93937458517,301.36173851499467,1.0246036426749063,103
6540000,26260.000003514866,-517705.50072330586,300.3154824539154,1.0261990041632598,103
6545000,26280.00000351894,-518456.60912248585,301.3274172023265,1.0275000778280468,103
6550000,26300.000003523015,-518389.54731766484,303.90363805868026,1.0276441068450648,103
6555000,26320.00000352709,-517611.7436490436,303.64766983841827,1.028582000827659,103
6560000,26340.000003531164,-518620.6811877927,298.98074666856655,1.0284218243851433,103
6565000,26360.00000353524,-517307.73493956076,299.9195208086701,1.0239659727389268,103
6570000,26380.000003539313,-518697.64020802104,300.87152703522645,1.0244003086887954,103
6575000,26400.000003543388,-518956.31254529534,298.8974904212737,1.0239065158688327,103
6580000,26420.000003547462,-518811.55070947856,298.7632805132482,1.0305443012020377,103
6585000,26440.000003551537,-517866.6028000491,300.15573742995736,1.026031843607942,103
6590000,26460.00000355561,-516901.7830400013,300.7012562305681,1.0224750518364294,103
6595000,26480.000003559686,-517313.96279994864,302.7998813538281,1.0240131385093592,103
6600000,26500.00000356376,-518173.6084261171,300.26178087980685,1.028718865719479,103
6605000,26520.000003567835,-517755.9344507372,303.0043456611254,1.0246340830145062,103
6610000,26540.00000357191,-517646.7041329227,301.9927690732188,1.0265010639705916,103
6615000,26560.000003575984,-517415.56418982777,300.44228145600016,1.0268901362775997,103
6620000,26580.00000358006,-517498.71283045155,300.3333678068045,1.0241062426807597,103
6625000,26600.000003584133,-518945.5386387054,301.4581808543971,1.0300002479042336,103
6630000,26620.000003588208,-517524.4097519361,299.57111535188,1.0251162724173104,103
6635000,26640.000003592282,-517538.04574457044,300.35356741659956,1.023551009270132,103
6640000,26660.000003596357,-517220.4405392797,299.6046750535011,1.024841363893243,103
6645000,26680.00000360043,-516960.2702992491,299.0410068194442,1.0256443118287284,103
6650000,26700.000003604506,-518263.79696334386,300.4934151538698,1.02970113655447,103
6655000,26720.00000360858,-517109.7700233618,302.5753150205311,1.022054170714597,103
6660000,26740.000003612655,-518676.2730139757,298.24383479810103,1.0285828535940735,103
6665000,26760.00000361673,-519495.9859621774,299.615925949252,1.0286451107519017,103
6670000,26780.000003620804,-518916.68230220256,301.9772635189666,1.0267225973245067,103
6675000,26800.00000362488,-517465.8486197968,301.66267539012625,1.024230780580678,103
6680000,26820.000003628953,-517452.25969103025,301.0062485179801,1.0258923955287451,103
6685000,26840.000003633028,-516614.49148858595,300.23508036305367,1.0219948721931236,103
6690000,26860.000003637102,-517842.566298652,300.18317921276486,1.0257161219231365,103
6695000,26880.000003641177,-517811.63464963785,298.19301949156767,1.0286618803272303,103
6700000,26900.00000364525,-518033.6565067773,302.56243591898004,1.0241498452436317,103
6705000,26920.000003649326,-517607.93413734087,299.769955360089,1.0264155978224976,103
6710000,26940.0000036534,-517614.7166761691,301.3080113567614,1.0283898154837852,103
6715000,26960.000003657475,-518177.51011249726,302.05455760632157,1.0257133959779359,103
6720000,26980.00000366155,-517244.0072113576,300.7091327192677,1.0274446025389212,103
6725000,27000.000003665624,-518845.72673776606,299.8315366905187,1.024765240508774,103
6730000,27020.0000036697,-517485.6908268512,302.646043898726,1.0283341950000762,103
6735000,27040.000003673773,-518633.4676136065,299.2717274315863,1.025954921940709,103
6740000,27060.000003677847,-517886.4122259286,301.0295480868167,1.0271538078376388,103
6745000,27080.000003681922,-518857.9766888437,304.09091248747774,1.0266718318920094,103
6750000,27100.000003685996,-518077.94164689886,298.84907850528305,1.0244404112534282,103
6755000,27120.00000369007,-516996.1767065285,301.79279916927,1.022989248346807,103
6760000,27140.000003694146,-516672.0082897637,302.8231544203943,1.024436529383243,103
6765000,27160.00000369822,-516790.3193320029,301.7561022947901,1.025934214530689,103
6770000,27180.000003702295,-517576.10233913735,301.1804317934139,1.026810659541281,103
6775000,27200.00000370637,-518271.54300512234,299.77673255566066,1.0236768701587504,103
6780000,27220.000003710444,-518226.010633948,302.40917760618396,1.0270982709794612,103
6785000,27240.00000371452,-516246.54844242684,303.3074749703661,1.02389845413939,103
6790000,27260.000003718593,-517467.4544741055,301.37407350802226,1.0218706736082834,103
6795000,27280.000003722667,-517553.6688694272,301.05055310199486,1.0271038006998245,103
6800000,27300.000003726742,-518340.65390916076,300.0273772770769,1.027513913570235,103
6805000,27320.000003730816,-517077.09835977387,300.5692846665264,1.0243370121030988,103
6810000,27340.00000373489,-517554.3766555381,301.62278873199597,1.0237703229590125,103
6815000,27360.000003738965,-517752.1833388412,299.36188985985746,1.0283743551413416,103
6820000,27380.00000374304,-518056.6255823164,301.2553145212671,1.0260355341018255,103
6825000,27400.000003747115,-517346.0683670498,300.25817525681737,1.024874628153419,103
6830000,27420.00000375119,-518401.81808061665,301.63532069017424,1.0264030785646066,103
6835000,27440.000003755264,-517003.7537581646,301.7969569206138,1.0279997988654717,103
6840000,27460.000003759338,-516704.721338199,297.9386315225787,1.0269664686430284,103
6845000,27480.000003763413,-518320.25083249365,301.6942198948521,1.0239008604676834,103
6850000,27500.000003767487,-517045.3859427846,300.1529030418066,1.0246250526968255,103
6855000,27520.00000377156,-518115.8287542232,301.0597052739401,1.03016821779663,103
6860000,27540.000003775636,-517787.682371994,301.57218377687565,1.0277327883456397,103
6865000,27560.00000377971,-517188.8478311978,300.06485942859257,1.0244552536121192,103
6870000,27580.000003783785,-517282.47973634023,302.3432495969763,1.02487411107854,103
6875000,27600.00000378786,-516580.09837172553,299.7985939007405,1.0262473214138488,103
6880000,27620.000003791934,-516877.17053095903,299.2828165063791,1.0276624347921952,103
6885000,27640.00000379601,-517389.7653921945,300.6186276167437,1.0283107681197965,103
6890000,27660.000003800084,-518232.54463075777,300.7941343672225,1.029495078206608,103
6895000,27680.000003804158,-517620.7638875642,302.0863889906382,1.0244786754040343,103
6900000,27700.000003808233,-517920.8863223898,301.6751479100532,1.0264551687302674,103
6905000,27720.000003812307,-517474.76114672585,301.71555546777165,1.0247456763027882,103
6910000,27740.00000381638,-519127.2721725332,303.52730399251726,1.0226313725526468,103
6915000,27760.000003820456,-517339.7860441394,302.3118002046946,1.029331679621498,103
6920000,27780.00000382453,-518529.84845108935,302.3267119321017,1.0274082582403623,103
6925000,27800.000003828605,-517912.01575950766,302.26107112142586,1.0261071274935465,103
6930000,27820.00000383268,-518296.26650497736,302.0511407675873,1.0261441481942009,103
6935000,27840.000003836754,-517954.49668974965,300.87145117931124,1.0266227155867977,103
6940000,27860.00000384083,-517322.69964824873,303.1356699254574,1.0224080385271692,103
6945000,27880.000003844903,-519135.89542116714,299.4712016572361,1.0264088348026854,103
6950000,27900.000003848978,-518563.2331009498,302.30689859989036,1.0244007244717968,103
6955000,27920.000003853052,-517794.8856760743,302.298764119724,1.0255620715273375,103
6960000,27940.000003857127,-517825.68451453093,301.18028867494917,1.0251202457985173,103
6965000,27960.0000038612,-517101.8337143867,299.9656995718238,1.0240229728020063,103
6970000,27980.000003865276,-519480.3279491067,302.074061870126,1.0283686362163729,103
6975000,28000.00000386935,-516816.78626070893,300.22799745580556,1.0262429853673698,103
6980000,28020.000003873425,-517887.3217088864,302.93327039448394,1.0237833684996016,103
6985000,28040.0000038775,-518641.78256867034,301.1765021020283,1.0261068547990868,103
6990000,28060.000003881574,-518102.731372803,300.145115294043,1.0258290656110964,103
6995000,28080.00000388565,-516999.16596680926,301.44214915335215,1.024300480898228,103
7000000,28100.000003889723,-518551.61586031923,301.2206533215952,1.0288406361272535,103
7005000,28120.000003893798,-517553.9897784069,303.06965216884606,1.025809721460005,103
7010000,28140.000003897872,-517484.5746197102,300.1564991420731,1.0261480247138264,103
7015000,28160.000003901947,-518253.6293490089,300.0819164439945,1.031383495856657,103
7020000,28180.00000390602,-518286.15243090433,302.04236345200496,1.0263403926367238,103
7025000,28200.000003910096,-517171.28802189627,302.0499274726923,1.0266131282313748,103
7030000,28220.00000391417,-518326.1820957877,302.3255684671068,1.0268167576184861,103
7035000,28240.000003918245,-518894.75067266496,301.7260917413997,1.02683506310159,103
7040000,28260.00000392232,-517307.15275268024,298.73187767459126,1.0270168498171355,103
7045000,28280.000003926394,-517478.13853569585,297.89232044883727,1.024687609357378,103
7050000,28300.00000393047,-517908.4405664259,301.09449402575126,1.0282422035738117,103
7055000,28320.000003934543,-517534.61905559106,303.62103796172477,1.023322755331267,103
7060000,28340.000003938618,-518913.43638385856,300.00747454665884,1.0278658818499797,103
7065000,28360.000003942692,-517553.8586160855,300.40591153860004,1.0227397391187965,103
7070000,28380.000003946767,-517823.1175672705,301.39705682960033,1.023914429966223,103
7075000,28400.00000395084,-517760.1703989988,303.4745739681631,1.0272245869682815,103
7080000,28420.000003954916,-518407.41039251536,301.77331099921844,1.0259101204649241,103
7085000,28440.00000395899,-518271.2751578875,301.664580520374,1.02725585446956,103
7090000,28460.000003963065,-516912.11614011205,299.4020163777423,1.0266683010455757,103
7095000,28480.00000396714,-517537.27801859425,301.52112188861713,1.0256251323034913,103
7100000,28500.000003971214,-517297.84998250846,300.39509525411955,1.0301009158057903,103
7105000,28520.00000397529,-517253.2307957888,299.17115985908436,1.0257602923602014,103
7110000,28540.000003979363,-519009.6464880288,302.6534200930085,1.0259100260646905,103
7115000,28560.000003983438,-518713.10146685084,299.0716109563918,1.0257803194155386,103
7120000,28580.000003987512,-517562.65342931706,303.2820317831022,1.0288627251522084,103
7125000,28600.000003991587,-517125.99356273934,301.2094816010263,1.0242521071105388,103
7130000,28620.00000399566,-518807.90552628995,299.9517116685159,1.0266435350341245,103
7135000,28640.000003999736,-517785.6019012318,300.97362020992483,1.0283955014711201,103
7140000,28660.00000400381,-518477.66036457475,300.61936858682475,1.027381187922939,103
7145000,28680.000004007885,-517568.2240548206,301.1200290794364,1.0271335597772306,103
7150000,28700.00000401196,-516615.7510442424,301.72980264437564,1.0257471611021813,103
7155000,28720.000004016034,-516620.4882709482,300.83241006771146,1.022536124419955,103
7160000,28740.00000402011,-518153.1365985933,303.3211538980183,1.0254987482401259,103
7165000,28760.000004024183,-517901.15798910847,303.2333621759099,1.029246733281495,103
7170000,28780.000004028258,-517469.5419785138,300.4201078391269,1.0252371435638368,103
7175000,28800.000004032332,-517068.7861464722,300.76436969045875,1.0263760290822468,103
7180000,28820.000004036407,-516978.38023461145,302.99418128394944,1.0276286045903806,103
7185000,28840.00000404048,-517466.77815376176,300.69643892560345,1.0239975205962002,103
7190000,28860.000004044556,-517115.20733428444,304.2730089704541,1.0289137796659957,103
7195000,28880.00000404863,-517886.23120977567,298.08712765404607,1.0233481669500455,103
7200000,28900.000004052705,-517906.0276578292,301.5126856282161,1.0259676610916781,103
7205000,28920.00000405678,-517844.8207949775,300.0735144734272,1.0275511127368475,103
7210000,28940.000004060854,-518249.67382333917,299.40376396760024,1.0272048881354634,103
7215000,28960.00000406493,-517463.0324178699,300.2628825749991,1.0250069573100145,103
7220000,28980.000004069003,-517877.762374046,300.26981207149277,1.0301860005829744,103
7225000,29000.000004073077,-517890.221399775,300.3668673447288,1.0271584473719466,103
7230000,29020.000004077152,-516994.3572765149,300.4932269516788,1.0234981061198722,103
7235000,29040.000004081227,-517363.624359278,300.3084358967192,1.0287779897892004,103
7240000,29060.0000040853,-517358.2158774084,301.7680691957839,1.027778553897145,103
7245000,29080.000004089376,-516910.70617375174,302.5424662779645,1.0266270693002235,103
7250000,29100.00000409345,-516820.64978508814,301.2344289907633,1.023153166123478,103
7255000,29120.000004097525,-518225.275593539,301.34073748814023,1.0239261566287317,103
7260000,29140.0000041016,-517805.68672677246,300.9887846305143,1.0224836064805687,103
7265000,29160.000004105674,-517214.96589645254,301.2074186661605,1.0239198190768175,103
7270000,29180.00000410975,-516843.1851311624,300.93469671230594,1.0262687392870018,103
7275000,29200.000004113823,-518159.24985808204,301.1231689653478,1.025508386759546,103
7280000,29220.000004117897,-517495.5379462049,299.4785339567487,1.0246570901658294,103
7285000,29240.000004121972,-516899.9172421694,301.4032115419461,1.029584991017597,103
7290000,29260.000004126046,-519134.65911460295,300.45345452929894,1.0277651219156843,103
7295000,29280.00000413012,-518296.1546536633,301.86736677678164,1.0262272273920874,103
7300000,29300.000004134195,-517584.43882591324,300.2284945777564,1.0231244353724847,103
7305000,29320.00000413827,-517372.97545726714,300.98562815118555,1.024585506281411,103
7310000,29340.000004142345,-517278.4461782535,300.96716646912597,1.0267438359822945,103
7315000,29360.00000414642,-516516.8203110611,301.8938858747582,1.026721899904373,103
7320000,29380.000004150494,-518807.33524516737,303.15201131083876,1.0270219119406456,103
7325000,29400.000004154568,-517289.52449242375,299.92269672114213,1.028589689823842,103
7330000,29420.000004158643,-517889.17111469246,301.9890368456259,1.0261137776770446,103
7335000,29440.000004162717,-517350.60558586894,301.6143179616755,1.0240175420770878,103
7340000,29460.00000416679,-516695.84384458535,300.57600660888403,1.0246734071728059,103
7345000,29480.000004170866,-517214.78790536546,300.1067417792819,1.0228130066474044,103
7350000,29500.00000417494,-517029.1978564232,302.66382868730176,1.0308549783507108,103
7355000,29520.000004179015,-517991.9658722044,303.0862482135342,1.025962824049588,103
7360000,29540.00000418309,-517798.31088769203,298.73925940675963,1.0269015555752963,103
7365000,29560.000004187164,-518193.97782467166,302.0443600487722,1.0278641999495453,103
7370000,29580.00000419124,-517643.88935205946,300.54755876144156,1.023818859164852,103
7375000,29600.000004195314,-516739.1899304935,300.41559693185354,1.0224448161961603,103
7380000,29620.000004199388,-518359.91819327045,299.7586474884829,1.0276956069741332,103
7385000,29640.000004203463,-518003.0416591612,302.4223580759953,1.028854625400967,103
7390000,29660.000004207537,-517226.19341350556,301.68661776530274,1.0269912550230087,103
7395000,29680.00000421161,-516209.58859373117,301.3826573759951,1.0219647614736733,103
7400000,29700.000004215686,-518325.0750679369,301.9844977526591,1.0262658445936812,103
7405000,29720.00000421976,-518771.16758494126,299.4969377204166,1.029935050131913,103
7410000,29740.000004223835,-518782.94100991264,299.48838724714227,1.0276777601310951,103
7415000,29760.00000422791,-517887.6929142708,300.5493404344583,1.0251757138027613,103
7420000,29780.000004231984,-517056.000877572,299.64540440549695,1.025221016003965,103
7425000,29800.00000423606,-518311.850935532,301.01166097823847,1.0254813956690523,103
7430000,29820.000004240133,-517807.90834033187,299.29600470890045,1.0259850261385386,103
7435000,29840.000004244208,-518002.8519415881,299.1254972397868,1.02828455190795,103
7440000,29860.000004248282,-518765.90509162704,299.6332670393623,1.0240332999598587,103
7445000,29880.000004252357,-518258.20188307203,301.4148144403071,1.0296519199805367,103
7450000,29900.00000425643,-518643.73705482366,301.05193090305585,1.0268874282554565,103
7455000,29920.000004260506,-517547.0570978655,302.9806197385058,1.0257276968913998,103
7460000,29940.00000426458,-518127.7215277632,301.4463970700676,1.0246642283224539,103
7465000,29960.000004268655,-517504.82777726767,300.9699753154781,1.0251829269307735,103
7470000,29980.00000427273,-517302.6861565432,301.9962413045909,1.0230112372509224,103
7475000,30000.000004276804,-518539.6646201031,298.5998866972427,1.0249988516147803,103
7480000,30020.00000428088,-518819.9624780149,301.1409384915892,1.0288903460365257,103
7485000,30040.000004284953,-518345.4517769569,299.6693340759455,1.0259721919060698,103
7490000,30060.000004289028,-519270.1022714237,301.1263000361167,1.0226057759596936,103
7495000,30080.000004293102,-517651.10975965275,300.0852244159814,1.0238240085391206,103
7500000,30100.000004297177,-517162.87912457297,300.30347123115223,1.022152235656854,103
7505000,30120.00000430125,-517392.0120407252,300.6290180233926,1.0249563928467387,103
7510000,30140.000004305326,-518194.0244146497,304.1417628470675,1.0286931689817627,103
7515000,30160.0000043094,-517382.3819195607,300.52047377508865,1.0222717701438861,103
7520000,30180.000004313475,-518678.3852287468,299.6323842161898,1.0255241293580242,103
7525000,30200.00000431755,-518087.8775685902,302.6751302067392,1.0254104265587813,103
7530000,30220.000004321624,-518470.18877676874,303.8881799712058,1.0294672566637193,103
7535000,30240.0000043257,-518412.9806164112,299.0035124853671,1.0258276892889158,103
7540000,30260.000004329773,-518351.18655454344,299.8280170232982,1.024851730103151,103
7545000,30280.000004333848,-517911.5384662831,300.9107925931319,1.0264142065232096,103
7550000,30300.000004337922,-517620.7292587536,299.94515464336354,1.0308438762693775,103
7555000,30320.000004341997,-516958.0860665662,300.78796310220264,1.0276309225402547,103
7560000,30340.00000434607,-517870.9642438968,299.48213911497714,1.026551390270484,103
7565000,30360.000004350146,-518586.85080163926,297.469282632521,1.030083857647403,103
7570000,30380.00000435422,-517029.89322163793,298.9396813502613,1.0241890908337519,103
7575000,30400.000004358295,-518328.89208122296,300.19664648975083,1.0264006378270758,103
7580000,30420.00000436237,-517269.51059254236,301.95843235394847,1.0247675276190782,103
7585000,30440.000004366444,-518881.7379291414,303.03135513036443,1.0263543024502202,103
7590000,30460.00000437052,-518147.311831163,301.8657582670113,1.0254146858610926,103
7595000,30480.000004374593,-516881.94176959805,300.29277058257014,1.0239299831723656,103
7600000,30500.000004378668,-517469.54540246795,298.55602098424214,1.0303768854061597,103
7605000,30520.000004382742,-517458.8039985455,301.8560923649933,1.0248203135438674,103
7610000,30540.000004386817,-518700.1682675746,297.4438041347077,1.025639101346074,103
7615000,30560.00000439089,-518207.9150443955,302.643915962616,1.0270673648564381,103
7620000,30580.000004394966,-517324.07105347887,300.73334593034815,1.0250373556461583,103
7625000,30600.00000439904,-517590.1847941694,298.9476513355563,1.0242422970130163,103
7630000,30620.000004403115,-517122.9950520119,298.4323477710565,1.0261127752630508,103
7635000,30640.00000440719,-519032.59736722964,302.3744244651034,1.028100209967362,103
7640000,30660.000004411264,-517423.77170519833,300.84942417248834,1.0301723824029498,103
7645000,30680.00000441534,-518527.8620107225,299.2487323845244,1.0312143018944409,103
7650000,30700.000004419413,-518132.00342042255,298.51511262876323,1.0231649113090133,103
7655000,30720.000004423488,-517567.08293641615,297.6571390851236,1.0291239561750363,103
7660000,30740.000004427562,-518640.488346308,301.96515355357803,1.024906556038787,103
7665000,30760.000004431637,-518944.84651082195,301.65930035801546,1.025656183956101,103
7670000,30780.00000443571,-517807.3199753382,300.4090452379765,1.023804031081465,103
7675000,30800.000004439786,-517930.9312621609,301.9313075985075,1.0265013407144334,103
7680000,30820.00000444386,-518008.75689612725,303.09705505837934,1.02646903934296,103
7685000,30840.000004447935,-516903.1908181866,299.68115727026924,1.0243499605393245,103
7690000,30860.00000445201,-519045.9703421262,303.30077418490873,1.0262658041060617,103
7695000,30880.000004456084,-518033.36623440916,300.9157088616062,1.0265806614351751,103
7700000,30900.00000446016,-518838.10977699,303.2341720152572,1.0281386663456893,103
7705000,30920.000004464233,-517525.2461381764,302.75240892475944,1.0284739396692648,103
7710000,30940.000004468307,-518582.5698528369,299.4946597637537,1.0278065599707935,103
7715000,30960.000004472382,-515731.5794313268,300.4562617070884,1.023168248456735,103
7720000,30980.000004476457,-517376.277945603,301.71221499019646,1.0209420657801966,103
7725000,31000.00000448053,-516612.90213589184,300.6375809707552,1.025728884498379,103
7730000,31020.000004484606,-517583.053067449,299.4363631003173,1.0274675208398332,103
7735000,31040.00000448868,-517137.5250047054,301.0046635549929,1.0243891813913368,103
7740000,31060.000004492755,-518309.8787655211,301.01704677055494,1.0287842554523146,103
7745000,31080.00000449683,-518760.2023180495,301.5538117170234,1.0276443644347244,103
7750000,31100.000004500904,-517789.04247935466,301.43245256881863,1.026688922510767,103
7755000,31120.00000450498,-517993.206297087,301.7088981335533,1.0274966494437663,103
7760000,31140.000004509053,-518009.9132039184,298.2781316175499,1.03015933995272,103
7765000,31160.000004513127,-518433.8998692243,301.00563599140474,1.0245079318926593,103
7770000,31180.000004517202,-517744.7487594078,304.2711659480947,1.026683780450603,103
7775000,31200.000004521276,-517288.49200900504,299.5903071545545,1.0259724124744984,103
7780000,31220.00000452535,-517149.97300846595,303.40293611974687,1.0233657755841221,103
7785000,31240.000004529425,-518869.2998051974,302.6603431333371,1.0284268644132488,103
7790000,31260.0000045335,-517433.68385970895,299.30138778890307,1.0258545070354357,103
7795000,31280.000004537575,-517565.3199988934,298.5437848860427,1.0279906187328416,103
7800000,31300.00000454165,-517815.86208414077,299.91724241338216,1.023647932853843,103
7805000,31320.000004545724,-517839.5960293615,298.90657576541975,1.0302191336283193,103
7810000,31340.000004549798,-518059.52572265896,300.8833660160875,1.0274400628542373,103
7815000,31360.000004553873,-517601.682335699,301.45925455980654,1.0276812358029561,103
7820000,31380.000004557947,-517995.85535434564,298.7733368766425,1.0275225643890102,103
7825000,31400.00000456202,-518489.44900099654,302.66590115184755,1.0262224628770626,103
7830000,31420.000004566096,-518549.50896361866,301.3021060923879,1.0259540413158301,103
7835000,31440.00000457017,-518734.0730053878,302.1751613768363,1.0257694159277493,103
7840000,31460.000004574245,-517496.7952763706,301.9183861628077,1.0252477316142068,103
7845000,31480.00000457832,-517941.41854213923,299.5381971967466,1.0234698920498908,103
7850000,31500.000004582394,-518681.1046975972,301.862269890345,1.0299050361588034,103
7855000,31520.00000458647,-518891.587997176,300.41373401566636,1.0232843797724205,103
7860000,31540.000004590544,-518392.8715686854,300.2578835279328,1.0289418490121083,103
7865000,31560.000004594618,-518344.1696619871,304.02952754125556,1.0193899934229855,103
7870000,31580.000004598693,-517551.4473099066,301.41341824850923,1.0230796144723884,103
7875000,31600.000004602767,-517188.0832707407,300.84149953981455,1.0253271739259575,103
7880000,31620.00000460684,-518009.06767657446,299.82494322092197,1.0230515486168525,103
7885000,31640.000004610916,-517397.6837705248,300.76728787092895,1.0250484713679786,103
7890000,31660.00000461499,-517724.2063941597,300.5821325197616,1.0291700052190027,103
7895000,31680.000004619065,-517027.3185789478,299.50669708699803,1.0277449436929496,103
7900000,31700.00000462314,-517491.49729261314,301.2769313541704,1.0238236098485256,103
7905000,31720.000004627214,-518060.2227963302,299.1096066821653,1.031101329585796,103
7910000,31740.00000463129,-517853.5554562849,302.44176696149344,1.0237183915583201,103
7915000,31760.000004635363,-517731.2126944866,301.1898713035446,1.0301783563866647,103
7920000,31780.000004639438,-518389.5666483212,298.3275468617378,1.0238989062692283,103
7880000,31620.00000460684,-517508.59814100456,299.5996145534273,1.0276916954124182,--
7885000,31640.000004610916,-516089.7503695616,302.59939869559884,1.0252008230649967,104
7890000,31660.00000461499,-518527.4154331584,301.96257423175956,1.0272327620088764,104
7895000,31680.000004619065,-517478.05461187963,298.9795602001727,1.02826670197697,104
7900000,31700.00000462314,-517549.83268437046,301.4503152116547,1.0243383440276472,104
7905000,31720.000004627214,-518701.5854849017,304.6522609485512,1.0274521370950436,104
7910000,31740.00000463129,-519262.133825592,301.2580147697515,1.0304642339823118,104
7915000,31760.000004635363,-517706.29376595886,300.010898161477,1.022306155693369,104
7920000,31780.000004639438,-517468.81520554214,301.3971099714458,1.0248739404978249,104
7925000,31800.000004643513,-519003.6087358049,300.3896096380213,1.02767043476136,104
7930000,31820.000004647587,-517206.02262548567,299.2159123538071,1.0266206600374697,104
7935000,31840.00000465166,-517049.3976239776,302.4185080071342,1.0288770222665404,104
7940000,31860.000004655736,-517937.9865670358,302.26368730385224,1.026695520696777,104
7945000,31880.00000465981,-516972.1386807724,302.1171357044571,1.024789906118789,104
7950000,31900.000004663885,-518008.5675565952,299.5589675023444,1.025265462255419,104
7955000,31920.00000466796,-516456.7669428196,300.3055646145238,1.0290471125381337,104
7960000,31940.000004672034,-518486.43791144807,301.6764053253158,1.0274758274582199,104
7965000,31960.00000467611,-516963.2732554595,305.3765430721692,1.0286868714365371,103
7970000,31980.000004680183,-517716.84539985145,299.0498235893859,1.0222591330993633,103
7975000,32000.000004684258,-518821.41678089835,301.7037760583625,1.0276712218915556,103
7980000,32020.000004688332,-517375.2673031846,300.3846896419167,1.023699206476258,103
7985000,32040.000004692407,-516955.7858820795,300.0955902262517,1.0229442367648314,103
7990000,32060.00000469648,-517603.2823219253,300.472188144186,1.0229604316327556,103
7995000,32080.000004700556,-519025.732496361,301.2441004835928,1.0246052796224294,103
8000000,32100.00000470463,-517962.7362500953,299.45189620757964,1.0276656611903754,103
8005000,32120.000004708705,-516957.0403977602,300.6686066310361,1.0245006639868959,103
8010000,32140.00000471278,-517354.81142371334,302.56101442518815,1.0269909036915386,103
8015000,32160.000004716854,-517284.2299702682,302.8252535689407,1.0233386714565633,103
8020000,32180.00000472093,-517243.56221996434,301.6998274495487,1.0248114098634709,103
8025000,32200.000004725003,-516943.9428759522,298.7498760780664,1.0224904844586615,103
8030000,32220.000004729078,-517749.19849072746,298.5592417675215,1.0287854243409906,103
8035000,32240.000004733152,-518127.7086924538,299.2176041817238,1.0315996900990267,103
8040000,32260.000004737227,-517536.4528743932,301.87490917147994,1.0280875579522404,103
8045000,32280.0000047413,-517197.2244832518,302.17740382824945,1.0268767536918726,103
8050000,32300.000004745376,-518782.8395222537,300.74163201739253,1.0254442017829997,103
8055000,32320.00000474945,-517343.67809201754,300.40519926930506,1.026728585212184,103
8060000,32340.000004753525,-517832.8311265416,298.83121617350974,1.0255505667359557,103
8065000,32360.0000047576,-517841.69809255307,302.1542094563362,1.0247904700511936,103
8070000,32380.000004761674,-517967.9330626945,300.7990538366354,1.024617686386111,103
8075000,32400.00000476575,-517178.36181618716,300.9188522394654,1.0250414349265018,103
8080000,32420.000004769823,-519162.98774046125,300.71294662405353,1.025508297516377,103
8085000,32440.000004773898,-517455.6914339294,304.1426644870127,1.0250992735225897,103
8090000,32460.000004777972,-518233.7666043006,298.58970367766346,1.0306346347728126,103
8095000,32480.000004782047,-517722.3874200224,300.22371133304586,1.02390842357415,103
8100000,32500.00000478612,-517765.9339067673,299.54909185160056,1.0233111022901185,103
8105000,32520.000004790196,-518019.67956750863,300.9431420868166,1.0285407736589964,103
8110000,32540.00000479427,-517127.4224843974,300.2800852926793,1.0240522475212195,103
8115000,32560.000004798345,-519014.4419718676,302.564996638521,1.028032938341655,103
8120000,32580.00000480242,-518478.6851027848,298.89760213365565,1.0272242058955154,103
8125000,32600.000004806494,-518827.4584136356,304.02828776189943,1.0269973686884688,103
8130000,32620.00000481057,-518483.2273957629,302.0723342585324,1.027176252603691,103
8135000,32640.000004814643,-518606.4537697793,301.4070161720866,1.0267930880775582,103
8140000,32660.000004818718,-518069.74522938626,298.89481020637254,1.0274853240025859,103
8145000,32680.000004822792,-518896.2767021477,297.4317409190844,1.0296961478712516,103
8150000,32700.000004826867,-517828.4075240658,299.2568451133133,1.029050398844582,103
8155000,32720.00000483094,-518334.40249581146,301.90333722644573,1.0223592250354339,103
8160000,32740.000004835016,-517378.2501687603,304.05791211803074,1.029560548157701,103
8165000,32760.00000483909,-517664.833452174,302.1340250368446,1.0265511303110293,103
8170000,32780.00000484316,-517163.3836986555,301.52507612763117,1.02174387186774,103
8175000,32800.000004847236,-518760.19661639794,299.3765786619321,1.0264680182154924,103
8180000,32820.00000485131,-517832.8198832241,301.1136806263108,1.0280125044412234,103
8185000,32840.000004855385,-517811.7731438556,300.00145988932263,1.0259633631050746,103
8190000,32860.00000485946,-518433.54547626036,299.3023608797204,1.0248437089535691,103
8195000,32880.000004863534,-519194.65147981956,304.2064919032801,1.0252917970866833,103
8200000,32900.00000486761,-518599.00608535204,299.8250780384922,1.0222861629683344,103
8205000,32920.00000487168,-517932.17358462024,302.27485776268117,1.02779035809222,103
8210000,32940.00000487576,-519013.6471259773,301.3244329478146,1.0286221566811076,103
8215000,32960.00000487983,-518372.04638752737,304.3870615746537,1.0325416048670997,103
8220000,32980.00000488391,-518544.59852156625,301.03497392988515,1.0281641097989016,103
8225000,33000.00000488798,-517882.4018275675,298.21323357528024,1.0215613425404055,103
8230000,33020.000004892056,-519252.83378969505,296.2516363809406,1.0300585851667867,103
8235000,33040.00000489613,-517016.32578505087,301.62983346701617,1.026805030022029,103
8240000,33060.000004900205,-517879.743601433,301.4650306310616,1.027286141235308,103
8245000,33080.00000490428,-519030.71837714827,299.81571233338366,1.0292978947208702,103
8250000,33100.000004908354,-519060.13023601566,298.79639022944565,1.0265481476389857,103
8255000,33120.00000491243,-517274.26935976255,301.3900509436081,1.0270743675674627,103
8260000,33140.0000049165,-517949.6733424922,302.40087931704926,1.023841561747165,103
8265000,33160.00000492058,-518022.644139759,302.07631832407037,1.021793413768888,103
8270000,33180.00000492465,-516979.6330422277,299.21066107100944,1.0256376231813527,103
8275000,33200.00000492873,-516635.7899741139,302.56172264638496,1.028752675402337,103
8280000,33220.0000049328,-517728.87941768835,300.0495466174623,1.026963834580533,103
8285000,33240.000004936875,-517903.6453952533,300.05031026067877,1.0250122362267637,103
8290000,33260.00000494095,-516735.4501913183,302.14048716436673,1.024879095051595,103
8295000,33280.000004945025,-518289.68335957755,300.2668636217114,1.028081075642432,103
8300000,33300.0000049491,-518211.15875251545,299.00831866453444,1.028287712376243,103
8305000,33320.00000495317,-519384.69598723715,302.85848791233286,1.0309800578929849,103
8310000,33340.00000495725,-518711.88488260563,302.8597962928412,1.0269453075693609,103
8315000,33360.00000496132,-518286.83938100375,300.70895838352584,1.0236615196672205,103
8320000,33380.0000049654,-517994.7976509442,301.6344011315178,1.024396189558789,103
8325000,33400.00000496947,-518015.2703059383,302.1458961516603,1.0225355580258833,103
8330000,33420.000004973546,-517673.0407128327,300.59267809664345,1.0293029930688622,103
8335000,33440.00000497762,-518378.4327627125,301.30811316164153,1.0299615926010057,103
8340000,33460.000004981695,-518161.84185378277,298.9177290165546,1.0285518239789317,103
8345000,33480.00000498577,-518374.98535754206,302.6305302439612,1.0308353700150135,103
8350000,33500.000004989844,-517821.72530095885,301.84743253553523,1.0223120273575854,103
8355000,33520.00000499392,-519095.02926828293,298.92655433092756,1.0288897586644232,103
8360000,33540.00000499799,-518612.10695537133,301.64020949080674,1.0304068882094903,103
8365000,33560.00000500207,-517628.36147066485,301.53636497672346,1.0298731368061596,103
8370000,33580.00000500614,-517759.67363685695,299.7519296096193,1.027690543510278,103
8375000,33600.00000501022,-517383.06004909263,301.8515582877956,1.0252286833837474,103
8380000,33620.00000501429,-517421.9184002213,302.76566476837615,1.0255472034921993,103
8385000,33640.000005018366,-517156.4818163938,300.9501271885972,1.025732517242803,103
8390000,33660.00000502244,-518279.0749985769,303.07730579454994,1.0303828693045791,103
8395000,33680.000005026515,-518785.5634468326,300.56500915258783,1.0284441664999653,103
8400000,33700.00000503059,-517555.1596227533,300.81748755913753,1.0277031965368322,103
8405000,33720.000005034664,-517748.47389553883,302.0524995190534,1.0263908602847984,103
8410000,33740.00000503874,-517620.9642869751,301.1767615490708,1.023107387137548,103
8415000,33760.00000504281,-517055.9380064453,301.4098460330296,1.022757965632447,103
8420000,33780.00000504689,-518091.81799955876,299.696386269089,1.0277383331421701,103
8425000,33800.00000505096,-517676.5035100584,299.0413793963184,1.0264742349033875,103
8430000,33820.00000505504,-518388.7447876504,302.3779473675147,1.0267433329455213,103
8435000,33840.00000505911,-518131.9979580052,300.2925061585238,1.0253448059524701,103
8440000,33860.000005063186,-517308.6042463337,298.19502561200414,1.0273748199124313,103
8445000,33880.00000506726,-518427.4414204955,300.64913105565216,1.0266181476748706,103
8450000,33900.000005071335,-517210.5890910593,300.1342017153113,1.0245167931527839,103
8455000,33920.00000507541,-519675.7475673554,300.5214801184807,1.0247994742653237,103
8460000,33940.000005079484,-517694.72107565193,300.67504932052935,1.0244771150151708,103
8465000,33960.00000508356,-517607.25116016716,301.00842244064904,1.0239619696985365,103
8470000,33980.00000508763,-519203.6815873415,301.9508604938167,1.0276900923114332,103
8475000,34000.00000509171,-518359.18320293864,298.78981462171953,1.0265052592384565,103
8480000,34020.00000509578,-518391.27776204236,301.3771618633019,1.026621198936304,103
8485000,34040.00000509986,-518559.2515641637,298.5495842121741,1.0260459287112198,103
8490000,34060.00000510393,-517649.8420149202,303.3336369627981,1.026141061605075,103
8495000,34080.000005108006,-517876.13765071286,299.1155783970221,1.025616443944906,103
8500000,34100.00000511208,-518298.690359358,302.03812048294003,1.028459644348008,103
8505000,34120.000005116155,-518379.7457010988,301.1040433150266,1.0252193754187422,103
8510000,34140.00000512023,-518050.65148215694,302.0828128323956,1.0258155318700655,103
8515000,34160.000005124304,-517535.6987215257,301.8777203503623,1.0258987420005647,103
8520000,34180.00000512838,-518688.1666477409,298.4261358211146,1.0247291360546957,103
8525000,34200.00000513245,-516198.98067142325,301.2145795315866,1.0248238719752107,103
8530000,34220.00000513653,-517082.31682070205,299.0145243418038,1.02519709880484,103
8535000,34240.0000051406,-517147.5945668286,301.51932119019017,1.0247534553441497,103
8540000,34260.00000514468,-517665.238016119,303.3675232867733,1.0254956823581332,103
8545000,34280.00000514875,-517140.9648569771,302.06349595813964,1.0260163076318736,103
8550000,34300.000005152826,-519264.50467427983,297.97455137751496,1.0348469853739715,103
8555000,34320.0000051569,-518582.0916267743,301.3219807453942,1.029126242758591,103
8560000,34340.000005160975,-518196.1447010888,302.4707835170607,1.027945119118289,103
8565000,34360.00000516505,-518196.42788188416,301.67085557310816,1.0267423004786917,103
8570000,34380.000005169124,-516611.1131574251,300.79223434108525,1.0224662860766887,103
8575000,34400.0000051732,-517502.3232382948,301.2543416722539,1.02582897053736,103
8580000,34420.00000517727,-517847.8179538662,302.30190864204434,1.0270364218471073,103
8585000,34440.00000518135,-518542.9118371431,301.5576913763913,1.0244581689547887,103
8590000,34460.00000518542,-516557.6248033026,299.41599861272846,1.0271160739710672,103
8595000,34480.0000051895,-517917.79301592126,299.61078428698454,1.0269222976942067,103
8600000,34500.00000519357,-517151.41711431905,301.00444054408723,1.021773378129768,103
8605000,34520.000005197646,-517605.94020656915,302.92082014903883,1.0261843860276412,103
8610000,34540.00000520172,-519241.64168700646,300.06891014936224,1.0236283623530489,103
8615000,34560.000005205795,-517748.19655911997,300.3143632862958,1.0266402713096048,103
8620000,34580.00000520987,-517846.5960019992,299.69018752869977,1.028908697987981,103
8625000,34600.000005213944,-518550.0311238498,300.8526202973054,1.0266629528009112,103
8630000,34620.00000521802,-518306.19527228526,300.70267147835693,1.0269779887298796,103
8635000,34640.00000522209,-516734.77289961115,302.67592231473463,1.0271462837598089,103
8640000,34660.00000522617,-518086.6705869534,299.2164554231241,1.0265713813981912,103
8645000,34680.00000523024,-517042.8556641964,303.08597167061146,1.024461901697086,103
8650000,34700.00000523432,-518344.6507453425,300.4829702221749,1.0256882457686964,103
8655000,34720.00000523839,-517687.32301305234,302.53436585945843,1.0250521310610852,103
8660000,34740.000005242466,-518171.7968498317,299.81734495001723,1.0278939554337787,103
8665000,34760.00000524654,-517453.06815790804,298.95575596617834,1.0243063936559007,103
8670000,34780.000005250615,-517980.1344418521,299.6827346389163,1.0300183705517085,103
8675000,34800.00000525469,-518049.97075346485,302.44500428631454,1.0230716042802612,103
8680000,34820.000005258764,-517724.9979620748,301.74248358596697,1.02369398978519,103
8685000,34840.00000526284,-519575.6809333409,297.0664794564996,1.0261820000816497,103
8690000,34860.00000526691,-517006.1490215787,301.6161714861922,1.0290886250596643,103
8695000,34880.00000527099,-517970.2106677103,297.8091436035766,1.0277820650055531,103
8700000,34900.00000527506,-518066.5310626237,300.9925014945081,1.0286005555571327,103
8705000,34920.00000527914,-517363.5200662522,302.11146024448163,1.0272319556929081,103
8710000,34940.00000528321,-517546.3482625324,301.8309051932391,1.0251068816023756,103
8715000,34960.000005287286,-517895.10028784303,300.667534115195,1.029814671525956,103
8720000,34980.00000529136,-517907.6781930302,299.6080293507639,1.0249186722044292,103
8725000,35000.000005295435,-518190.8138758789,300.12982862722316,1.024363365775546,103
8730000,35020.00000529951,-517241.7239607214,301.06935375759275,1.0209665561635766,103
8735000,35040.000005303584,-517676.50506253494,300.3922470831574,1.0299307419038866,103
8740000,35060.00000530766,-518441.5209074714,300.3787019925465,1.0257013047772356,103
8745000,35080.00000531173,-518083.7376768319,299.4562339319347,1.0243653381786066,103
8750000,35100.00000531581,-518507.5313206767,300.22395153460826,1.0291776537992265,103
8755000,35120.00000531988,-519102.32263978454,298.4614141048244,1.0264767965785602,103
8760000,35140.00000532396,-517086.19520074315,303.8042803515381,1.0252913477473629,103
8765000,35160.00000532803,-518275.9702267174,301.0864125710283,1.026659936754588,103
8770000,35180.000005332106,-518396.3941863093,303.45418005916065,1.0252718545219293,103
8775000,35200.00000533618,-517850.69615543494,300.07357349528445,1.0237654064409363,103
8780000,35220.000005340255,-515748.9530626016,301.620495939183,1.0234414474732754,103
8785000,35240.00000534433,-516619.9303419939,301.24296730913915,1.0224429108399982,103
8790000,35260.000005348404,-518253.88012959785,299.13178440412287,1.0260162181582293,103
8795000,35280.00000535248,-517388.73888424295,301.98023054463283,1.0253903992493354,103
8800000,35300.00000535655,-518284.238953423,301.3996458004951,1.0272680767349467,103
8805000,35320.00000536063,-517935.21849303646,300.6394074142136,1.0263745766568566,103
8810000,35340.0000053647,-518272.7473857275,301.16990206296566,1.0278413210361153,103
8815000,35360.000005368776,-518060.0674945889,300.7275521494731,1.029008882397997,103
8820000,35380.00000537285,-517996.8421604794,300.9477102852474,1.0272773663697827,103
8825000,35400.000005376925,-516202.61923958734,302.5768083399913,1.0254863125129825,103
8830000,35420.000005381,-518672.1170009435,300.7560557249619,1.0277193610706645,103
8835000,35440.000005385074,-518488.8202226474,300.76941505625416,1.0271427426038287,103
8840000,35460.00000538915,-517640.8821275539,300.86398271543135,1.0240054981887547,103
8845000,35480.00000539322,-518457.4462946919,300.5667635539694,1.0253698961723798,103
8850000,35500.0000053973,-518170.3973162926,302.1364200297055,1.0269616562140347,103
8855000,35520.00000540137,-517897.6013380226,302.1640081407703,1.0245984904668108,103
8860000,35540.00000540545,-518817.6598382166,302.3602822107738,1.0261580278453724,103
8865000,35560.00000540952,-517438.2574116774,302.235043185039,1.0258670171460225,103
8870000,35580.000005413596,-516891.60946887895,301.0544333870771,1.0280723008497705,103
8875000,35600.00000541767,-518263.9916316401,303.602085566372,1.0257181275799312,103
8880000,35620.000005421745,-516714.2133718184,305.1946444233344,1.0294835944205962,103
8885000,35640.00000542582,-517149.94247161434,300.5413146630575,1.0283975540645638,103
8890000,35660.000005429894,-518454.9800331553,301.90783285934714,1.0291047719916921,103
8895000,35680.00000543397,-518935.068749764,301.21698879087677,1.0284976547027422,103
8900000,35700.00000543804,-518081.440645206,300.7729598213685,1.0255776244220072,103
8905000,35720.00000544212,-518517.43317997037,300.03307876305297,1.0231922261585173,103
8910000,35740.00000544619,-517038.9882363931,300.4337810550402,1.0260319314673243,103
8915000,35760.00000545027,-518151.7950384186,303.6105918354313,1.027745557810152,103
8920000,35780.00000545434,-517906.9415763435,299.5229073654457,1.0253657960427824,103
8925000,35800.000005458416,-517626.78814938315,297.51048181819584,1.0251528654150137,103
8930000,35820.00000546249,-519394.8832406893,299.381402341726,1.0283993601681556,103
8935000,35840.000005466565,-517902.0290980998,304.84571294149885,1.0257374517818163,103
8940000,35860.00000547064,-518054.7584794124,301.10973960806876,1.0243120396806513,103
8945000,35880.000005474714,-517206.3944628192,300.2055353368513,1.025140801437418,103
8950000,35900.00000547879,-517986.5561464927,302.46463841118697,1.0309297324971674,103
8955000,35920.00000548286,-518249.0149914464,300.5999637770375,1.0233104614186934,103
8960000,35940.00000548694,-517790.8038014234,301.16664754051345,1.0276665205719795,103
8965000,35960.00000549101,-519928.838862499,300.91021947869444,1.0283990144172723,103
8970000,35980.00000549509,-517258.3207842754,302.0575699249776,1.025995906192162,103
8975000,36000.00000549916,-518669.2620863805,302.93877365187547,1.028086562981885,103
8980000,36020.000005503236,-518739.32999682287,298.86389314007687,1.0290024116128158,103
8985000,36040.00000550731,-518734.46487643523,301.62211178944375,1.0288160825164114,103
8990000,36060.000005511385,-517309.7891412594,301.86945596823057,1.026121682115352,103
8995000,36080.00000551546,-516934.37815190316,301.53845804353887,1.0245729596152198,103
9000000,36100.000005519534,-518088.95709796064,300.66662765275464,1.0261343662625741,103
9005000,36120.00000552361,-518078.56964173354,302.7902510475071,1.0298191339229665,103
9010000,36140.00000552768,-518063.68418189604,301.2732472519729,1.02637650703734,103
9015000,36160.00000553176,-516928.1735573241,300.9575240295256,1.026797282254234,103
9020000,36180.00000553583,-517904.95192465745,302.60571096113495,1.0266960163309167,103
9025000,36200.00000553991,-518641.96691746055,300.4329551682006,1.026601856462056,103
9030000,36220.00000554398,-516543.0289191529,300.64460592694866,1.0246099657541063,103
9035000,36240.000005548056,-518966.9761766365,301.4072426581582,1.0249978422347643,103
9040000,36260.00000555213,-517522.59468718944,302.6455680256214,1.0260711007768402,103
9045000,36280.000005556205,-518484.2605467655,298.57750007762144,1.0282276583252643,103
9050000,36300.00000556028,-516609.33338026213,301.2414145958894,1.0221667458873982,103
9055000,36320.000005564354,-517775.6759166098,301.63361570287907,1.0233507056008744,103
9060000,36340.00000556843,-517230.00683811284,301.61529759042145,1.0267465532546711,103
9065000,36360.0000055725,-517252.50092587783,301.424554653953,1.0255534139889315,103
9070000,36380.00000557658,-518930.1011404623,299.60068977693913,1.0270646682104108,103
9075000,36400.00000558065,-517860.69812297286,297.1388477187859,1.0303447649351332,103
9080000,36420.00000558473,-518835.34780798806,299.50503998976876,1.027969518925045,103
9085000,36440.0000055888,-518086.7054716523,302.68704896074473,1.0215116342600694,103
9090000,36460.000005592876,-516776.7931199374,301.47431779654585,1.0238524590655607,103
9095000,36480.00000559695,-517356.97050763573,302.8260779102589,1.0227944921398477,103
9100000,36500.000005601025,-517494.7909458785,299.8594977666929,1.0254896977301495,103
9105000,36520.0000056051,-518548.3202257273,298.9640266647921,1.0311596321776133,103
9110000,36540.000005609174,-518236.98781623505,298.9587107695163,1.026146333186011,103
9115000,36560.00000561325,-518475.8120626409,301.0811153853591,1.0273644606680326,103
9120000,36580.00000561732,-516759.666566974,300.5463431998042,1.0215530151822083,103
9125000,36600.0000056214,-518364.5718484805,300.1381736833505,1.0256882258781101,103
9130000,36620.00000562547,-520025.34685402364,300.183502863407,1.027430127491861,103
9135000,36640.00000562955,-517471.16005530837,299.96291324013316,1.0242667276485147,103
9140000,36660.00000563362,-516210.6602258971,300.25753726992144,1.0248640674026024,103
9145000,36680.000005637696,-518400.1492559933,302.06492552785113,1.0248780114306046,103
9150000,36700.00000564177,-517421.86818657094,303.79331734773757,1.024348961147451,103
9155000,36720.000005645845,-518535.3892020667,300.1027754780887,1.0243471484464255,103
9160000,36740.00000564992,-517139.2467437489,301.1177051809833,1.0228678809260765,103
9165000,36760.000005653994,-518751.07605850627,300.27549751753395,1.0282119881707739,103
9170000,36780.00000565807,-517152.47670967504,300.99448333759824,1.022669826676846,103
9175000,36800.00000566214,-519016.0339786031,301.0277350603431,1.029012247804189,103
9180000,36820.00000566622,-518793.4840455039,300.3297045898918,1.025718581417865,103
9185000,36840.00000567029,-516778.46240650094,302.7366990194978,1.0245243520977245,103
9190000,36860.00000567437,-516658.05377223575,297.8564923974981,1.0256151405609064,103
9195000,36880.00000567844,-518198.93522136775,300.5789054037398,1.027279867405298,103
9200000,36900.000005682516,-517404.9559150727,301.24245650157934,1.0254260746872446,103
9205000,36920.00000568659,-519243.40797371673,302.94631167449796,1.024679704020698,103
9210000,36940.000005690665,-518242.86568827834,304.85821769554445,1.0242737607537142,103
9215000,36960.00000569474,-517907.68791674124,298.9680411505338,1.0261400467673942,103
9220000,36980.000005698814,-519076.70054223854,299.6514676130799,1.0299696827879659,103
9225000,37000.00000570289,-518985.90738953487,301.5360966823751,1.0263379549171452,103
9230000,37020.00000570696,-518262.8107660478,300.91728119378547,1.0241579365025115,103
9235000,37040.00000571104,-517230.3055417263,299.095381021301,1.0264995748265984,103
9240000,37060.00000571511,-518641.17941469327,301.58253233870323,1.025120687768645,103
9245000,37080.00000571919,-518565.37005853234,300.59088892387166,1.029453540346621,103
9250000,37100.00000572326,-520345.09189765225,301.8630077034266,1.0288330302977673,103
9255000,37120.000005727336,-518391.69635663205,300.78024099142385,1.0253459888592857,103
9260000,37140.00000573141,-517323.54641960445,301.65443963104707,1.0287258910553947,103
9265000,37160.000005735485,-516963.8735388587,301.69395913986534,1.027249918612533,103
9270000,37180.00000573956,-519138.3521526996,302.8814324041301,1.0261480682294897,103
9275000,37200.000005743634,-518992.00662921905,302.1542139826587,1.0313996373114689,103
9280000,37220.00000574771,-518041.03089322825,301.03495834428304,1.0262236694528666,103
9285000,37240.00000575178,-517001.66430693655,301.28813980329653,1.0267111582096347,103
9290000,37260.00000575586,-517774.6126867456,300.9577973628578,1.0262353162407334,103
9295000,37280.00000575993,-517902.09954808606,296.96402258855784,1.0279956861108586,103
9300000,37300.000005764006,-518032.53399420786,298.2956293732382,1.0253733668481095,103
9305000,37320.00000576808,-518887.7139906867,300.5719829944779,1.0288306448909796,103
9310000,37340.000005772155,-518058.60770944273,302.0949779959468,1.0261453944177044,103
9315000,37360.00000577623,-518449.75372964144,300.2624149113867,1.0286847123657152,103
9320000,37380.000005780304,-518844.360942072,300.516454373744,1.0262372342713622,103
9325000,37400.00000578438,-518262.570268688,297.92023174609244,1.0257509487623604,103
9330000,37420.00000578845,-517788.45222918387,300.23956049181356,1.022582001593111,103
9335000,37440.00000579253,-517360.957195739,301.34524972387067,1.0232721201871278,103
9340000,37460.0000057966,-518181.7974715091,300.5545324053882,1.027454632932738,103
9345000,37480.00000580068,-516407.426046022,301.10909778795633,1.0218822909396534,103
9350000,37500.00000580475,-516617.1354550754,300.8281496920693,1.0232402004121164,103
9355000,37520.000005808826,-519456.2444371078,303.05286490501595,1.0297301683588982,103
9360000,37540.0000058129,-517149.3594369525,303.5270538784546,1.0272522883249344,103
9365000,37560.000005816975,-517922.194557386,299.1783221201921,1.0227118832167315,103
9370000,37580.00000582105,-516441.0010010109,300.696174630178,1.0268508635398845,103
9375000,37600.000005825124,-516819.7280901496,300.0121309016515,1.0240008409615557,103
9380000,37620.0000058292,-517361.5527805253,301.39943275771304,1.0251849973970881,103
9385000,37640.00000583327,-517952.17944045854,301.8448370514899,1.0264177493561235,103
9390000,37660.00000583735,-518275.7965408284,303.09351609570217,1.0272601501554226,103
9395000,37680.00000584142,-518927.0650636498,300.10312052806887,1.0278164252697448,103
9400000,37700.0000058455,-518641.7459666752,300.38108230455674,1.028864377344268,103
9405000,37720.00000584957,-517413.44447416114,303.9707754997459,1.0265149949525607,103
9410000,37740.000005853646,-518704.35499068,301.8250530891377,1.030803993988354,103
9415000,37760.00000585772,-516372.1342205985,301.79850585396855,1.0262399075761601,103
9420000,37780.000005861795,-519141.0245296962,299.6478836632731,1.0268770892898025,103
9425000,37800.00000586587,-516764.4318771425,300.61901410923286,1.0230340787648027,103
9430000,37820.000005869944,-517544.65162745654,302.89392367926274,1.0289089377894043,103
9435000,37840.00000587402,-518248.4682572817,302.98240694167407,1.0256354436210628,103
9440000,37860.00000587809,-518017.9844592882,303.39127424451755,1.0329989290840043,103
9445000,37880.00000588217,-518688.63912999537,299.21252814408746,1.0305089643959404,103
9450000,37900.00000588624,-519197.25612050644,301.216010142312,1.0257028875918266,103
9455000,37920.00000589032,-517609.5048578514,299.16253386962023,1.0236075298127094,103
9460000,37940.00000589439,-517147.38891359535,299.562750237828,1.0263030611057915,103
9465000,37960.000005898466,-517382.0777078108,302.92292582319004,1.0264421438015154,103
9470000,37980.00000590254,-517786.5692324743,301.6893062717357,1.0279371242833157,103
9475000,38000.000005906615,-518485.8720611839,302.43743145896224,1.026547857691629,103
9440000,37860.00000587809,-519575.42516895407,299.8308741447108,1.0265281688271297,--
9445000,37880.00000588217,-517847.1645351022,301.53389922290717,1.0219944148809832,106
9450000,37900.00000588624,-518893.47105069156,297.3473232274407,1.0252254316276406,106
9455000,37920.00000589032,-517928.92905635876,301.5653759074193,1.028794638379252,106
9460000,37940.00000589439,-516701.34048899845,303.3579821166523,1.0255472553541696,106
9465000,37960.000005898466,-518865.80562582356,301.0694307189942,1.0258352165868085,106
9470000,37980.00000590254,-517451.05332835624,300.03110854676567,1.0265010360758169,106
9475000,38000.000005906615,-518141.78443852277,305.004847808956,1.02600618192724,106
9480000,38020.00000591069,-517405.90122928936,301.7143625351086,1.0262318040747158,105
9485000,38040.000005914764,-516774.7467199126,300.6113923281409,1.0252909721877121,105
9490000,38060.00000591884,-517910.7825857324,302.1711831334581,1.0248909195572233,105
9495000,38080.00000592291,-517887.96062136185,299.7082083266148,1.0243478257486147,105
9500000,38100.00000592699,-519018.46229470405,300.68471852528177,1.0243811751108227,105
9505000,38120.00000593106,-518245.8472027534,300.47466173474874,1.029758867906501,105
9510000,38140.00000593514,-517106.7435619917,301.11350943021955,1.0230483095549838,105
9515000,38160.00000593921,-516815.26950598834,298.4962196529118,1.0270325274790055,105
9520000,38180.000005943286,-517164.93979307776,301.837552262679,1.0278748036555507,105
9525000,38200.00000594736,-517162.40426844987,301.4534374526326,1.0218056022794808,105
9530000,38220.000005951435,-516524.3701823896,300.93633090476936,1.0247127035592534,105
9535000,38240.00000595551,-517481.0656456605,302.5380093139955,1.0246265041907006,105
9540000,38260.000005959584,-518110.55728238565,303.1663938067489,1.029451057951065,105
9545000,38280.00000596366,-516655.5351631171,300.3199249636631,1.0228981171796767,105
9550000,38300.00000596773,-517432.631226131,302.2334077597846,1.0240679812797024,105
9555000,38320.00000597181,-515534.90499315574,302.12266124113137,1.023682073518805,105
9560000,38340.00000597588,-517693.7499101765,299.70534325856767,1.0216483953295443,105
9565000,38360.00000597996,-517247.8405540846,301.18428936353786,1.0273142195223155,105
9570000,38380.00000598403,-518824.1090560695,298.5472624420077,1.0280853770626546,105
9575000,38400.000005988106,-517096.1949262044,301.65127754874635,1.026451755166435,105
9580000,38420.00000599218,-519301.509685036,301.78269731591587,1.0288971604596888,105
9585000,38440.000005996255,-518714.2157510917,302.7750079572371,1.0298353151584898,105
9590000,38460.00000600033,-518308.87568418426,301.4680817674713,1.0276242255535435,105
9595000,38480.000006004404,-517504.85911142314,300.945523630153,1.0287103355458425,105
9600000,38500.00000600848,-517680.6872333742,301.40895905817894,1.0269670239588358,105
9605000,38520.00000601255,-517010.9190813054,299.89802058052226,1.0262583249024324,105
9610000,38540.00000601663,-518482.21412302786,300.5158029751345,1.0265344374380656,105
9615000,38560.0000060207,-518485.1999902739,299.91318287217587,1.0260034919489238,105
9620000,38580.00000602478,-517626.84945055307,299.1553217095091,1.0269318549313582,105
9625000,38600.00000602885,-518036.91513519036,302.9545225444596,1.027359097293792,105
9630000,38620.000006032926,-517951.3117856262,298.4686105045912,1.0291555671420607,105
9635000,38640.000006037,-518468.98305008025,302.449067914215,1.0227962702102271,105
9640000,38660.000006041075,-518696.8683336284,300.14460258407064,1.0294182878868707,105
9645000,38680.00000604515,-518520.8014166977,300.38501218902337,1.0227477075598936,105
9650000,38700.000006049224,-517566.9820655086,302.4696332448668,1.025229893404054,105
9655000,38720.0000060533,-518075.30060403165,300.7882420292641,1.0194442316109182,105
9660000,38740.00000605737,-518280.3164637969,298.9352287989254,1.0253418980623275,105
9665000,38760.00000606145,-518968.6447831283,299.3201299424975,1.0242554335603766,105
9670000,38780.00000606552,-517816.25082651107,300.0466006036768,1.0278365860691363,105
9675000,38800.0000060696,-518412.871744249,298.6455054989663,1.0249648063876973,105
9680000,38820.00000607367,-518617.4578385623,303.5572553833051,1.026686555628959,105
9685000,38840.000006077746,-517629.16882542404,301.2131145925959,1.0278156526361029,105
9690000,38860.00000608182,-517705.69023569464,301.5922588583443,1.022341273456136,105
9695000,38880.000006085895,-517583.12411134527,300.3881407519587,1.0233498315497163,105
9700000,38900.00000608997,-516985.68417421984,301.3209959094987,1.0234855389114308,105
9705000,38920.000006094044,-517819.6940118319,299.6556281955733,1.0241441309291128,105
9710000,38940.00000609812,-517559.2985165133,300.4320702624832,1.0244733850387406,105
9715000,38960.00000610219,-518585.6289448838,300.688563511661,1.031022600098961,105
9720000,38980.00000610627,-518030.4699320749,302.6398843401121,1.0276233420638832,105
9725000,39000.00000611034,-517259.7083701482,300.84180102064005,1.0250100195108518,105
9730000,39020.00000611442,-515836.1633616374,300.0626954759004,1.0219225773464373,105
9735000,39040.00000611849,-517902.64721563784,301.84526877972917,1.027261225020806,105
9740000,39060.000006122566,-517825.09204653604,301.9300217231232,1.029332811750771,105
9745000,39080.00000612664,-517934.3909549515,300.66481192888875,1.0257599197236709,105
9750000,39100.000006130715,-518120.8419077159,301.818921509061,1.027114443040271,105
9755000,39120.00000613479,-517389.6594939097,300.0400001256904,1.0268666220686047,105
9760000,39140.000006138864,-517788.2081331634,301.52922969006636,1.0249668051946874,105
9765000,39160.00000614294,-518100.73451026226,299.3134881641312,1.0260579241142862,105
9770000,39180.00000614701,-517185.6268099523,302.18506646306133,1.0249041920619393,105
9775000,39200.00000615109,-519111.35927026207,299.4386007143335,1.0292886337047016,105
9780000,39220.00000615516,-517842.1958172375,298.97659873261944,1.0235298754002353,105
9785000,39240.00000615924,-518781.5968013846,301.7346901826632,1.0257952440205236,105
9790000,39260.00000616331,-516847.2226676326,301.7057330299705,1.0244105517551325,105
9795000,39280.000006167385,-517416.0911336718,299.1956599738454,1.0288674128743043,105
9800000,39300.00000617146,-519171.13104373636,299.4601161170979,1.025374933269992,105
9805000,39320.000006175535,-518663.5062814385,300.6551594596843,1.0267593887042772,105
9810000,39340.00000617961,-516978.4334159503,297.61275811271486,1.0285218061650019,105
9815000,39360.00000618368,-518504.988874624,302.2382493567214,1.0291403374182135,105
9820000,39380.00000618776,-517853.7880310789,301.32684725636176,1.0252789795192334,105
9825000,39400.00000619183,-519509.29257990443,301.1553431976847,1.0302431588204182,105
9830000,39420.00000619591,-517756.16287805815,301.3513226478778,1.0291703673974493,105
9835000,39440.00000619998,-519011.6211245074,300.3766171353031,1.0289347273781944,105
9840000,39460.000006204056,-518197.148396716,302.06211966722185,1.0216184257232783,105
9845000,39480.00000620813,-516496.78656454175,301.68007390470416,1.0185434207734558,105
9850000,39500.000006212205,-517061.3945218846,298.87814580718754,1.02596401316347,105
9855000,39520.00000621628,-518223.11271814466,299.00364149573784,1.0224598976929475,105
9860000,39540.000006220354,-517991.5440538293,300.9408947341054,1.029467431426335,105
9865000,39560.00000622443,-518115.63351506647,298.92040082108196,1.0217852105244931,105
9870000,39580.0000062285,-518241.3092798274,302.21461798942426,1.0266597029692017,105
9875000,39600.00000623258,-517223.801350269,298.7985669259875,1.0259924436998855,105
9880000,39620.00000623665,-517946.3641556718,302.17792806610004,1.0267222127162088,105
9885000,39640.00000624073,-518353.8167864233,298.8432778771459,1.022786854115216,105
9890000,39660.0000062448,-517079.41533664917,299.34847119968583,1.0264359460946213,105
9895000,39680.000006248876,-519229.52051517484,301.96924438873214,1.0259463246432503,105
9900000,39700.00000625295,-516352.32720109634,300.60540412828345,1.0243779933598747,105
9905000,39720.000006257025,-517813.56002085865,299.48208255468325,1.0272132886429886,105
9910000,39740.0000062611,-517574.3542116899,299.9424732550065,1.0281184203562925,105
9915000,39760.000006265174,-517690.89542593365,300.8621440155704,1.022532218853721,105
9920000,39780.00000626925,-517758.85166328005,300.5492130910016,1.0287598993570397,105
9925000,39800.00000627332,-517412.48433573334,297.47536812100554,1.0228585322750143,105
9930000,39820.0000062774,-518757.474937327,300.67002575915615,1.0225129275300893,105
9935000,39840.00000628147,-518231.84517444205,301.0837417340236,1.0237696854293703,105
9940000,39860.00000628555,-517967.93514549127,302.7832013320537,1.0281792712336701,105
9945000,39880.00000628962,-517074.695599288,299.93642587187423,1.025811899017968,105
9950000,39900.000006293696,-517305.88722008956,301.831288746834,1.0289064460975024,105
9955000,39920.00000629777,-518148.65156213334,300.46547823161046,1.0206535750047239,105
9960000,39940.000006301845,-517386.7191211467,300.7038289755525,1.0259973282790962,105
9965000,39960.00000630592,-518726.6990949188,299.040502798509,1.0322995261209629,105
9970000,39980.000006309994,-517838.15872331476,299.1786198458056,1.0253436414297816,105
9975000,40000.00000631407,-517592.45004188735,302.6339894810473,1.0268185960008667,105
9980000,40020.00000631814,-517846.0774853849,303.86889921611044,1.022607578136874,105
9985000,40040.00000632222,-518102.68012937857,301.67606919703246,1.0263604069295313,105
9990000,40060.00000632629,-517858.8500645554,301.44727804180326,1.0238207518746354,105
9995000,40080.00000633037,-518220.7425211258,301.54231341233975,1.0273413612280324,105
10000000,40100.00000633444,-518295.5829004776,300.67225050118867,1.0271823553150419,105
10005000,40120.000006338516,-517727.99210959626,300.1838972479916,1.0283846366503702,105
10010000,40140.00000634259,-517918.72610258125,302.111118733023,1.0271358085420446,105
10015000,40160.000006346665,-518308.68442792865,302.47899645323776,1.0266848942912963,105
10020000,40180.00000635074,-518106.05232111504,298.1528362643095,1.0233530670598574,105
10025000,40200.000006354814,-517488.0238267849,302.42828879323116,1.023240512783723,105
10030000,40220.00000635889,-516902.442494737,301.54548020981946,1.0235918330700724,105
10035000,40240.00000636296,-517791.724124047,300.9404645114695,1.024478633935556,105
10040000,40260.00000636704,-516927.5630542678,301.93036588385155,1.0251778307880857,105
10045000,40280.00000637111,-516964.9271898472,300.8951372735362,1.026620536180217,105
10050000,40300.00000637519,-519099.5375266094,301.1301334695125,1.027479023662468,105
10055000,40320.00000637926,-517819.427422147,300.629798733544,1.0246272780789312,105
10060000,40340.000006383336,-517737.57505885884,301.4442139028336,1.0259534418129677,105
10065000,40360.00000638741,-517743.10822155257,299.8090819066117,1.0271181198165258,105
10070000,40380.000006391485,-517704.4105598065,298.3826944192598,1.0245553940537073,105
10075000,40400.00000639556,-518410.04451860394,301.4165556708064,1.026454615769776,104
10080000,40420.000006399634,-517040.7997199313,299.9418400388065,1.0225750271980785,104
10085000,40440.00000640371,-517757.16769086267,301.6046336839669,1.024678443893885,104
10090000,40460.00000640778,-519764.3435530304,299.500482074626,1.0247151899898943,104
10095000,40480.00000641186,-516131.2213992162,303.2992490756353,1.0250934926291542,104
10100000,40500.00000641593,-517226.9532403955,304.1486344057718,1.026352247012619,104
10105000,40520.00000642001,-518047.8039488706,300.2164711291575,1.025934256678332,104
10110000,40540.00000642408,-517706.44870485645,298.31545294951,1.025840840977171,104
10115000,40560.000006428156,-517900.7730088646,300.23596764028497,1.0266658630041636,104
10120000,40580.00000643223,-518002.2404738893,304.6022681951614,1.0213389057725621,104
10125000,40600.000006436305,-519131.3381463699,301.6994532012745,1.0270187884294442,104
10130000,40620.00000644038,-518566.43491607276,301.9188845527556,1.0270527240957221,104
10135000,40640.000006444454,-516103.316372694,303.38034147960053,1.0206393284579696,104
10140000,40660.00000644853,-516346.84943190846,299.7298381235266,1.0246827593452312,104
10145000,40680.0000064526,-518467.7368658087,302.6123948503192,1.0297266877926206,104
10150000,40700.00000645668,-518986.05625583045,300.5057937827416,1.0268977352263087,104
10155000,40720.00000646075,-518275.5505678409,300.01740644206666,1.0272755384436754,104
10160000,40740.00000646483,-517041.483512179,297.0443703425188,1.0268305573877605,104
10165000,40760.0000064689,-518301.91552402894,301.99988816500485,1.0249843126053777,104
10170000,40780.000006472976,-518298.8133873069,301.50862854254444,1.0259016551726217,104
10175000,40800.00000647705,-516089.1556740969,303.0100836027031,1.0260827284985068,104
10180000,40820.000006481125,-517874.2552363009,301.6732040562701,1.0292557629587218,104
10185000,40840.0000064852,-517607.2008231287,301.5206385176607,1.0284639357539607,104
10190000,40860.000006489274,-518040.7001539527,302.4118967326464,1.028233087720458,104
10195000,40880.00000649335,-517498.06182358484,301.6373638551272,1.0300021811202482,104
10200000,40900.00000649742,-517134.37252939213,299.25270090385885,1.0231185871748711,104
10205000,40920.0000065015,-516962.20642302907,299.7332865182828,1.0219589861006566,104
10210000,40940.00000650557,-518315.217534058,300.684321164195,1.0280265826047004,104
10215000,40960.00000650965,-517576.14153132564,301.5439539254008,1.0236610484730093,104
10220000,40980.00000651372,-519321.7079059859,299.7915832942861,1.0285881697211268,104
10225000,41000.000006517796,-518062.3592236198,303.5505949214513,1.0245470239497432,104
10230000,41020.00000652187,-518162.6357716855,299.9146894817971,1.023380216213763,104
10235000,41040.000006525945,-518104.34550626925,301.5568176221897,1.0219471116187855,104
10240000,41060.00000653002,-518555.76371994824,301.06833370155385,1.0291948938070685,104
10245000,41080.000006534094,-517879.5180722319,301.9045048411964,1.027111767713216,104
10250000,41100.00000653817,-518730.1947608697,299.3007289730562,1.0275788925885618,104
10255000,41120.00000654224,-517331.92626084737,300.70398266058197,1.026747211976684,104
10260000,41140.00000654632,-518004.8062935029,296.9697257149247,1.0237967779392378,104
10265000,41160.00000655039,-517735.1678280765,300.5920245344023,1.029360072179167,104
10270000,41180.00000655447,-518012.92250633263,302.77804504517826,1.0284085262262421,104
10275000,41200.00000655854,-518624.1861958094,302.19403954995096,1.0236795185766654,104
10280000,41220.000006562615,-517635.65230739,301.7505376421296,1.023525302013858,104
10285000,41240.00000656669,-517902.50516344653,301.385043686107,1.0272573690740576,104
10290000,41260.000006570765,-516865.67989217304,299.62277235447846,1.0260751619453712,104
10295000,41280.00000657484,-518252.7266557615,299.5794197640153,1.0254602602321206,104
10300000,41300.00000657891,-518552.5724109339,300.75099974369783,1.023673798383803,104
10305000,41320.00000658299,-518379.7946171472,300.57529382180854,1.027469114528197,104
10310000,41340.00000658706,-517895.68862783955,299.38315670469115,1.0295590346694077,104
10315000,41360.00000659114,-518017.73137051635,299.05826039024765,1.0283902301165926,104
10320000,41380.00000659521,-517656.53689302085,301.89461731285894,1.0239086322057396,104
10325000,41400.000006599286,-517360.18323568697,298.9115240183915,1.0269873282913826,104
10330000,41420.00000660336,-518027.03022298496,298.5232975937172,1.0248118048975632,104
10335000,41440.000006607435,-519091.62502124463,301.92613066010216,1.028584090872477,104
10340000,41460.00000661151,-517743.7527375859,300.10551658091555,1.0233937792371912,104
10345000,41480.000006615584,-518256.7127799564,300.58514360234085,1.0278201371589284,104
10350000,41500.00000661966,-518260.89234965644,301.1739829346503,1.0290909473064689,104
10355000,41520.00000662373,-517228.4489740911,301.11443920481724,1.0223887299857424,104
10360000,41540.00000662781,-518367.21126056206,300.56905192803947,1.0235166043669044,104
10365000,41560.00000663188,-518483.28436744865,299.75366827826326,1.0248827147328394,104
10370000,41580.00000663596,-517203.0579957934,303.36273667185503,1.02506830314369,104
10375000,41600.00000664003,-517461.3222205846,299.9745952832592,1.0296615089720005,104
10380000,41620.000006644106,-518896.30985373165,302.71373599808237,1.025481587578274,104
10385000,41640.00000664818,-518686.1064444857,302.3775693235359,1.0268882961147614,104
10390000,41660.000006652255,-517193.3824657316,299.72571420485025,1.0245066426419962,104
10395000,41680.00000665633,-518076.34324395866,297.4757670428205,1.0257099515380204,104
10400000,41700.000006660404,-517912.009560209,301.48556410426903,1.0204259507852935,104
10405000,41720.00000666448,-516245.5571361738,300.03281948394647,1.0171401369864328,104
10410000,41740.00000666855,-516509.143756561,302.33166120960857,1.020977493780237,104
10415000,41760.00000667263,-517866.32356410753,299.86899573467593,1.0290534178929513,104
10420000,41780.0000066767,-518972.0009574564,301.11115630583805,1.0258392195676904,104
10425000,41800.00000668078,-517918.45740895276,302.3462627618388,1.024627254077153,104
10430000,41820.00000668485,-516572.0287856611,299.6066757320253,1.021295724114815,104
10435000,41840.000006688926,-517405.6066826433,300.490560713191,1.0198868954513018,104
10440000,41860.000006693,-519760.0582850813,300.12097086027325,1.028985198218229,104
10445000,41880.000006697075,-519473.35820064484,302.66089449541244,1.030660071023362,104
10450000,41900.00000670115,-518318.9234928638,301.95132961166513,1.0242274821058397,104
10455000,41920.000006705224,-518070.1808856467,305.0085868767608,1.0260355245044692,104
10460000,41940.0000067093,-518912.6853579548,302.6176068331117,1.0303535905312398,104
10465000,41960.00000671337,-517281.20544723584,301.22359365165937,1.028122797249058,104
10470000,41980.00000671745,-518278.7726399922,300.51166717087983,1.0263597794925379,104
10475000,42000.00000672152,-517547.6158284554,299.42597237393306,1.0277244356610673,104
10480000,42020.0000067256,-518398.15814541304,301.0319489589032,1.0270774684936181,104
10485000,42040.00000672967,-516658.6107648213,301.89734580112884,1.023953243668552,104
10490000,42060.000006733746,-517769.1693619387,301.8024236291894,1.0263377311586672,104
10495000,42080.00000673782,-518252.7339245754,296.80715025353715,1.0272649298186907,104
10500000,42100.000006741895,-518877.06866246834,301.13333956688496,1.0272275958696309,104
10505000,42120.00000674597,-517283.8404728875,303.56896119142255,1.0238569495440757,104
10510000,42140.000006750044,-518083.51783792814,304.45042838170383,1.0271376118747366,104
10515000,42160.00000675412,-517864.6393699043,300.48188175936895,1.0263640105305172,104
10520000,42180.00000675819,-517301.8804693753,300.56443375401466,1.0241231701181175,104
10525000,42200.00000676227,-518036.5103352836,302.3404358614812,1.0197779365375157,104
10530000,42220.00000676634,-517378.45730404044,298.88446459034446,1.0261680793644326,104
10535000,42240.00000677042,-518205.6103551835,301.1537215759049,1.0259588873872791,104
10540000,42260.00000677449,-519848.821981641,304.48758029049344,1.0301044584333896,104
10545000,42280.000006778566,-517980.91252657585,302.61888701079795,1.0276656831592896,104
10550000,42300.00000678264,-519568.5264912555,302.6168660109179,1.0270871967017206,104
10555000,42320.000006786715,-518480.84983766265,298.4870806210472,1.025679343717507,104
10560000,42340.00000679079,-519114.4600035087,298.8933878560007,1.0279207238737698,104
10565000,42360.000006794864,-518071.43497505854,299.6186359643558,1.028649924680194,104
10570000,42380.00000679894,-518805.998356045,299.96226630228534,1.0264741253602474,104
10575000,42400.00000680301,-517616.7216273621,299.09376751069726,1.0270341688508204,104
10580000,42420.00000680709,-517922.62495646416,303.6320831828488,1.0263820347482486,104
10585000,42440.00000681116,-517141.6027596004,299.9368313976562,1.024494430910722,104
10590000,42460.00000681524,-517422.24597226083,300.6918822405434,1.026415227154092,104
10595000,42480.00000681931,-518869.67224551016,301.95117155036974,1.0244616287214263,104
10600000,42500.000006823386,-518230.5958983288,300.7686716249879,1.0284055759780557,104
10605000,42520.00000682746,-518026.9431776402,300.9895153946246,1.0253330157723912,104
10610000,42540.000006831535,-518628.2899215205,303.060426637443,1.0268929052471125,104
10615000,42560.00000683561,-517482.4371915688,300.1360036708821,1.025940877884236,104
10620000,42580.000006839684,-516586.5651098124,301.79904176353625,1.0212443352289013,104
10625000,42600.00000684376,-518224.1617538254,301.0836297910815,1.024802553099633,104
10630000,42620.00000684783,-518151.3629146358,300.84437170815363,1.0289237249787295,104
10635000,42640.00000685191,-519650.6652214383,296.77410525423386,1.027673009691328,104
10640000,42660.00000685598,-517924.1079345739,298.58505327904635,1.0243671150929539,104
10645000,42680.00000686006,-518897.9142296766,300.91485093451945,1.0267864977067602,104
10650000,42700.00000686413,-516786.73291441123,299.0650751603985,1.0227180976466566,104
10655000,42720.000006868206,-518787.14938677126,301.95100141266647,1.0235776653747792,104
10660000,42740.00000687228,-519576.85788209876,299.1832652435807,1.0280437527964863,104
10665000,42760.000006876355,-518023.7608493392,301.4079818829945,1.0272167654013793,104
10670000,42780.00000688043,-517744.43475621194,302.5381391086172,1.0247324764594716,104
10675000,42800.000006884504,-517548.68819349725,300.54680065114616,1.021399406246049,104
10680000,42820.00000688858,-517672.45069801295,302.0404533390668,1.0249167735647415,104
10685000,42840.00000689265,-517868.661015176,301.38685652383873,1.0259770914503454,104
10690000,42860.00000689673,-517114.3446909087,303.1909434944286,1.0239101111119246,104
10695000,42880.0000069008,-517458.9576434349,301.82380305058626,1.0239453156136995,104
10700000,42900.00000690488,-518258.3143895003,303.1238659208816,1.0239453302865673,104
10705000,42920.00000690895,-518154.7621715979,300.9911753512051,1.02536978704904,104
10710000,42940.000006913026,-517712.05117052724,299.08765366460625,1.0260105591568447,104
10715000,42960.0000069171,-517653.7184248264,302.72350772197507,1.0263055002489585,104
10720000,42980.000006921175,-518413.6629189539,300.3105057522629,1.0228957300572319,104
10725000,43000.00000692525,-519083.0440583455,298.5461523226235,1.0241921097936755,104
10730000,43020.000006929324,-516714.4421110526,299.3836220646022,1.0247551206569,104
10735000,43040.0000069334,-517093.9800721274,300.48436728760663,1.0221217556471869,104
10740000,43060.00000693747,-516036.6903360686,300.3786979664629,1.024343702183786,104
10745000,43080.00000694155,-517224.40239831107,301.29988101549935,1.0246358067921983,104
10750000,43100.00000694562,-518000.4847313701,300.3039876252569,1.0220007492894116,104
10755000,43120.0000069497,-518644.6045619792,302.28752057390153,1.0292173307292063,104
10760000,43140.00000695377,-517850.71564106154,300.66153062584783,1.0263758553778737,104
10765000,43160.000006957845,-517887.9250748928,300.25685535290864,1.0238490379250378,104
10770000,43180.00000696192,-517124.8163549979,299.40982284935234,1.0210710572163078,104
10775000,43200.000006965995,-516302.0171402963,303.0887924070646,1.0271066333806655,104
10780000,43220.00000697007,-517648.87595301284,302.711000004674,1.0271479351113466,104
10785000,43240.00000697414,-516857.7853908383,297.6670878436533,1.025335873194193,104
10790000,43260.00000697822,-517444.37892415,302.6226591017422,1.0286931926049083,104
10795000,43280.00000698229,-517762.8843516647,300.8741983157546,1.0287371960235228,104
10800000,43300.00000698637,-517917.7596589427,302.06615192579375,1.0269226983917359,104
10805000,43320.00000699044,-517819.41562872264,300.58718965202155,1.02707913753313,104
10810000,43340.000006994516,-518084.74696351564,300.7843175291579,1.0262864950954451,104
10815000,43360.00000699859,-516780.9530960852,303.01301175670557,1.0246584960875647,104
10820000,43380.000007002665,-517701.41034143814,299.52150662079634,1.0284851727581164,104
10825000,43400.00000700674,-516299.9280025989,299.31857998361346,1.0266137878127075,104
10830000,43420.000007010814,-517317.6676021877,303.38230334521114,1.024392043197567,104
10835000,43440.00000701489,-518073.8759598073,298.1900005180418,1.0263332332370838,104
10840000,43460.00000701896,-518221.23115959787,297.88727792267804,1.0216594714458387,104
10845000,43480.00000702304,-516924.1980492857,302.05006655178715,1.0221298767488478,104
10850000,43500.00000702711,-516714.0394853202,302.02604940270385,1.0233628917325466,104
10855000,43520.00000703119,-517396.2137724201,302.66337898327464,1.0246408397283941,104
10860000,43540.00000703526,-517571.50501924683,302.2733192050811,1.0280930368735985,104
10865000,43560.000007039336,-518154.57809010614,300.4320532519814,1.024073728935749,104
10870000,43580.00000704341,-518459.3091637192,303.41652217119366,1.0249978799975716,104
10875000,43600.000007047485,-517818.1547861274,299.14853442391603,1.026206534308427,104
10880000,43620.00000705156,-517750.9286193184,301.67698404143493,1.0264394273374484,104
10885000,43640.000007055634,-518006.4360942608,299.10305406852007,1.02745990950126,104
10890000,43660.00000705971,-516879.6757376236,300.2482149429935,1.025735418208928,104
10895000,43680.00000706378,-517363.5754200646,299.1788871420476,1.0256735524455312,104
10900000,43700.00000706786,-517640.7459058163,302.47401812657847,1.0241473091057967,104
10905000,43720.00000707193,-518441.7767233078,299.9162090427679,1.0272365633969545,104
10910000,43740.00000707601,-519238.08577510295,300.34607219879473,1.0295043692596146,104
10915000,43760.00000708008,-517237.9327575583,302.8314741602034,1.0248674627375138,104
10920000,43780.000007084156,-519138.2870554656,301.3735216370049,1.0260257876535874,104
10925000,43800.00000708823,-516662.47274671635,299.40362164814997,1.0211560165044238,104
10930000,43820.000007092305,-518324.3194205093,302.07654976702054,1.0267188426358158,104
10935000,43840.00000709638,-519132.0932843883,300.66680647108313,1.0264510354670127,104
10940000,43860.000007100454,-518080.68444881216,300.98027250010966,1.0238812852452546,104
10945000,43880.00000710453,-518489.5623308441,302.1965629570717,1.0252318053433505,104
10950000,43900.0000071086,-516950.0234473583,298.6357952902311,1.0232264493667498,104
10955000,43920.00000711268,-517123.41083752597,298.9261806782904,1.022925805427989,104
10960000,43940.00000711675,-517761.24413620913,304.01683840074446,1.0279604608189201,104
10965000,43960.00000712083,-518507.93752622954,302.0680183753372,1.024388762973174,104
10970000,43980.0000071249,-517844.16260186955,298.83107126816634,1.0234165575586174,104
10975000,44000.000007128976,-517927.89925890067,300.72249087228164,1.0277546412116516,104
10980000,44020.00000713305,-517713.09325092356,301.95801418811124,1.0242082750361237,104
10985000,44040.000007137125,-519427.4105434511,300.9302927047783,1.0260844740212987,104
10990000,44060.0000071412,-519190.82514632493,303.8584007192287,1.0270075834081231,104
10995000,44080.000007145274,-518523.5610879981,296.6149967659699,1.024714543874541,104
11000000,44100.00000714935,-518537.16054990445,303.3533894454285,1.028078733491044,104
11005000,44120.00000715342,-517995.0234962059,301.82265406162236,1.0244692004651461,104
11010000,44140.0000071575,-516847.1621219248,301.0290836324996,1.0263702738710463,104
11015000,44160.00000716157,-519095.31517965044,301.2636879685718,1.0215621712546832,104
11020000,44180.00000716565,-516825.05146184494,302.5779164891541,1.0246180730189907,104
11025000,44200.00000716972,-518599.2261295393,302.30008458907326,1.026747592639557,104
11030000,44220.000007173796,-518115.73029706464,298.7199049577243,1.0300656496077933,104
11035000,44240.00000717787,-517750.66288081347,301.8477885073481,1.022701549312658,104
11040000,44260.000007181945,-517981.8381364278,298.87170447770416,1.0262466719164636,104
11045000,44280.00000718602,-519105.82385774236,301.43456410069973,1.0263875051750626,104
11005000,44120.00000715342,-517769.62903732946,299.7182314034052,1.0243386248474582,0
11010000,44140.0000071575,-518201.4993805408,299.27857614354815,1.0260048736636378,106
11015000,44160.00000716157,-517147.66575355385,303.66153804929564,1.0223488197271382,106
11020000,44180.00000716565,-517269.49952855404,299.4414238487372,1.0249824169483088,106
11025000,44200.00000716972,-517306.8824167736,297.6237946501608,1.0235216067586423,106
11030000,44220.000007173796,-517849.58814068907,299.8648066067562,1.023623836637682,105
11035000,44240.00000717787,-517879.99042169796,301.1572939420889,1.0299813767456727,105
11040000,44260.000007181945,-518422.2569562774,302.42180940135086,1.0289054614981814,105
11045000,44280.00000718602,-519097.91557505913,302.3254960664269,1.0254592890004062,105
11050000,44300.000007190094,-517503.5459651598,299.7493410362719,1.028599817542634,105
11055000,44320.00000719417,-517534.92828027904,301.59837517591274,1.029295505882051,105
11060000,44340.00000719824,-517559.4802331566,303.91586016719344,1.025397790097563,105
11065000,44360.00000720232,-517582.1050778334,302.1349026197594,1.025559639136116,105
11070000,44380.00000720639,-517830.1691818102,299.26464362003674,1.0279889177245305,105
11075000,44400.00000721047,-519027.79398880014,300.3306030036463,1.0257609065439328,105
11080000,44420.00000721454,-518332.49153760495,299.51096551787197,1.0247673046235024,105
11085000,44440.000007218616,-518075.7245928135,300.87112847005636,1.0269947096975145,105
11090000,44460.00000722269,-518668.6450066231,302.51521983335437,1.0291759428897327,105
11095000,44480.000007226765,-517827.8901919485,301.5850890670156,1.0272073584102406,105
11100000,44500.00000723084,-518476.6039307534,301.7876422770698,1.032745853288305,105
11105000,44520.000007234914,-517626.3227035862,298.4410147513087,1.0248632735108492,105
11110000,44540.00000723899,-517962.88740861346,302.6191862245365,1.022913484262354,105
11115000,44560.00000724306,-518109.1237605901,300.40545458589554,1.0283202890806722,105
11120000,44580.00000724714,-516865.6080710341,302.04624230826363,1.0214365669067969,105
11125000,44600.00000725121,-517828.07404127694,301.03216829437014,1.023348899405459,105
11130000,44620.00000725529,-517220.1779273655,301.16659253097305,1.0256779748454685,105
11135000,44640.00000725936,-517149.8157840201,300.21713663828507,1.0265037002262787,105
11140000,44660.000007263436,-519012.9829226383,301.1799660087322,1.0253073914857913,104
11145000,44680.00000726751,-517193.721333724,303.1957084246575,1.0232383239391654,104
11150000,44700.000007271585,-517985.8819970903,300.97367608497456,1.0317800691940562,104
11155000,44720.00000727566,-517421.3083028605,302.2203845994639,1.0267643804447435,104
11160000,44740.000007279734,-517022.69097790984,300.2555725089828,1.0255529007285218,104
11165000,44760.00000728381,-516883.3778223533,304.0335501459381,1.0225889622972257,104
11170000,44780.00000728788,-518556.88385411166,303.8293119092536,1.0265695138751594,104
11175000,44800.00000729196,-518407.51971581625,302.64114450583685,1.0302747767037428,104
11180000,44820.00000729603,-518533.80623375624,301.1188640673774,1.0239620078546197,104
11185000,44840.00000730011,-518892.2836649411,297.92197200758415,1.0292047296474816,104
11190000,44860.00000730418,-517448.99869416514,299.22848151842834,1.025918579840147,104
11195000,44880.000007308256,-518665.3269472874,303.8204276752165,1.0266868069885573,104
11200000,44900.00000731233,-517930.91332164593,299.1390931501949,1.0288095653008555,104
11205000,44920.000007316405,-518130.3772040154,303.4913027256736,1.0247442678096226,104
11210000,44940.00000732048,-518446.037883542,302.53676028119224,1.02569178447062,104
11215000,44960.000007324554,-517633.6496540089,303.6441356776388,1.0270695292300296,104
11220000,44980.00000732863,-517766.6995442435,304.25274608303323,1.0282091989141164,104
11225000,45000.0000073327,-518064.0670130842,301.5140722852543,1.028485434263683,104
11230000,45020.00000733678,-516665.0590221458,300.77456331391977,1.0273840531981422,104
11235000,45040.00000734085,-518443.5356006485,301.0261174482703,1.0277918512738053,104
11240000,45060.00000734493,-517638.78726672963,299.9835570764664,1.026401474892706,104
11245000,45080.000007349,-519103.51674245135,300.48680182214196,1.0297044788157463,104
11250000,45100.000007353075,-518353.9432890187,302.04287517399723,1.0255052639202586,103
11255000,45120.00000735715,-517719.72745054844,299.10841574327674,1.0293889894156805,103
11260000,45140.000007361225,-518167.960603792,301.3170477034061,1.0256707585239753,103
11265000,45160.0000073653,-516934.22661374114,300.0101033593625,1.0248646900012448,103
11270000,45180.00000736937,-518311.9579964678,301.01087382416875,1.028831087305112,103
11275000,45200.00000737345,-518205.7416036611,302.77560827332434,1.028524903804672,103
11280000,45220.00000737752,-517580.39675250626,301.73779070087073,1.0258362226137157,103
11285000,45240.0000073816,-517456.50569954445,300.80521650189763,1.0236906665975516,103
11290000,45260.00000738567,-516920.6639715866,299.2144950951365,1.024952712064003,103
11295000,45280.000007389746,-517754.5220767893,302.94261496813016,1.0217502043731377,103
11300000,45300.00000739382,-518757.8318806845,299.9804783104283,1.0296955213828574,103
11305000,45320.000007397895,-517703.8762309707,301.9898827948445,1.0266780027089537,103
11310000,45340.00000740197,-516462.49021658604,302.7995010611319,1.023437373129066,103
11315000,45360.000007406044,-518138.66716620163,299.1476080898654,1.0272864370055754,103
11320000,45380.00000741012,-516519.51059872285,299.96201426408237,1.0245389166801637,103
11325000,45400.00000741419,-518298.12173836026,300.9244816687061,1.0269975029418066,103
11330000,45420.00000741827,-516974.3353361506,301.1511249619203,1.026083631874426,103
11335000,45440.00000742234,-518033.7747871587,299.1826395325291,1.0268922710643749,103
11340000,45460.00000742642,-517222.64761539805,299.36284030996393,1.0243533472224666,103
11345000,45480.00000743049,-518154.5568886481,300.5233396328878,1.0279264948179172,103
11350000,45500.000007434566,-519007.3133711342,299.3854235628705,1.029015688574796,103
11355000,45520.00000743864,-516643.1988636246,297.7905258101744,1.023612978348898,103
11360000,45540.000007442715,-516776.856319132,302.5393365901171,1.0232784213572694,103
11365000,45560.00000744679,-517662.0695118529,299.95147134049125,1.0248348551807704,102
11370000,45580.000007450864,-516618.00190829765,301.3511994691299,1.0238952332920637,102
11375000,45600.00000745494,-517079.66764076566,301.3797115101833,1.0264639924741759,102
11380000,45620.00000745901,-518585.0097706411,299.1842680491159,1.0229748088959925,102
11385000,45640.00000746309,-518263.0716087762,299.2835535484531,1.027194261329345,102
11390000,45660.00000746716,-517362.4592252576,302.2640349046221,1.026194907204002,102
11395000,45680.00000747124,-519058.534338627,301.1584073601038,1.025816413802862,102
11400000,45700.00000747531,-517557.3371156226,303.83491851896525,1.023307843909199,102
11405000,45720.000007479386,-518523.7183551793,302.79814526755297,1.0276397929700785,102
11410000,45740.00000748346,-518505.3671153246,298.23483619913253,1.0271667486466103,102
11415000,45760.000007487535,-518034.9816001563,300.76301339057767,1.0274839744397557,102
11420000,45780.00000749161,-516769.20219380036,303.2928247153827,1.0230553553041135,102
11425000,45800.000007495684,-519197.65774692036,297.1269116808791,1.030548202196794,102
11430000,45820.00000749976,-517166.8724949984,301.26006272810696,1.0271756709207573,102
11435000,45840.00000750383,-518073.44259770587,301.2261098780684,1.026803180412935,102
11440000,45860.00000750791,-518339.40505628753,301.40745815784345,1.0243797250973667,102
11445000,45880.00000751198,-516824.15850628424,300.3802026023241,1.025604615471783,102
11450000,45900.00000751606,-517870.89802355017,298.3765540452281,1.0266377376143,102
11455000,45920.00000752013,-517905.4170857561,301.32496511890656,1.0246496629682467,102
11460000,45940.000007524206,-516088.60395957925,302.4369017293521,1.0212661187318277,102
11465000,45960.00000752828,-518837.92089077714,299.38058276528614,1.0272384973522657,102
11470000,45980.000007532355,-517434.37036685506,299.99034939065007,1.023841419249911,102
11475000,46000.00000753643,-517841.3911409802,301.59354146038334,1.0287364379134214,102
11480000,46020.000007540504,-517829.3940819332,299.9309342679157,1.027190901327534,102
11485000,46040.00000754458,-517514.60895422264,304.4045229766398,1.0222503158607088,102
11490000,46060.00000754865,-517784.1603945184,299.9848026425036,1.0240057610008526,102
11495000,46080.00000755273,-518034.4340757597,303.6992871819816,1.0276247105364695,102
11500000,46100.0000075568,-518659.7835127807,305.22228995700095,1.0264613703963923,102
11505000,46120.00000756088,-516607.1130156275,299.9448980349847,1.019999449911277,102
11510000,46140.00000756495,-517569.6970655755,299.54623792489366,1.024438252328597,103
11515000,46160.000007569026,-517729.965099304,302.8329321235941,1.0293230151232176,103
11520000,46180.0000075731,-518773.95094790915,299.47197696246786,1.024899154984888,103
11525000,46200.000007577175,-517968.2746838846,303.8558087897132,1.0255593981693056,103
11530000,46220.00000758125,-517859.4473266436,300.15270358995446,1.0252647829671757,103
11535000,46240.000007585324,-516823.18388357107,300.2512959234657,1.0278172602195084,103
11540000,46260.0000075894,-517156.0712610127,301.8992753014228,1.0238466930295347,103
11545000,46280.00000759347,-517009.59077554964,300.19019416132556,1.0235365882809264,103
11550000,46300.00000759755,-517287.01167166326,300.4135480784118,1.0272053305600481,103
11555000,46320.00000760162,-518076.92778128246,300.90393595122464,1.027901196167688,103
11560000,46340.0000076057,-518700.29328611237,300.70653099738524,1.0245494509550361,103
11565000,46360.00000760977,-517762.08548246045,301.7283126839462,1.025753350416884,103
11570000,46380.000007613846,-517477.29543372453,300.08899561321874,1.0246977977441667,103
11575000,46400.00000761792,-517198.47830341756,301.8297823782847,1.0248189556512066,103
11580000,46420.000007621995,-517952.16865755967,300.97212393541815,1.0268496340171254,103
11585000,46440.00000762607,-518645.6313066194,300.3186652127645,1.0316152167895423,103
11590000,46460.000007630144,-517415.1337228124,299.0789337752493,1.0252119410407945,103
11595000,46480.00000763422,-518288.45518198726,301.8125502651671,1.0242675822937797,103
11600000,46500.00000763829,-517105.909419392,299.83299834642895,1.0271005039169305,103
11605000,46520.00000764237,-517471.4013420001,300.45035507714437,1.0277675639870907,103
11610000,46540.00000764644,-517602.3792202729,301.9165616690353,1.0309194194547937,103
11615000,46560.00000765052,-517032.3053956679,300.61477806901195,1.0253532129561398,103
11620000,46580.00000765459,-519051.65806268994,303.848206245362,1.0267416177039563,103
11625000,46600.000007658666,-517862.75781565555,301.6731841166676,1.02657253259014,103
11630000,46620.00000766274,-519102.8570976758,298.9775384430652,1.0254718558870826,103
11635000,46640.000007666815,-517797.30867959093,302.6011706166932,1.024569433025398,103
11640000,46660.00000767089,-517779.19034521445,301.79018122580277,1.0285146750573673,103
11645000,46680.000007674964,-518512.38372453395,300.57776114888316,1.0297521952597903,103
11650000,46700.00000767904,-516981.0090936301,302.2958595476981,1.0247077681547005,103
11655000,46720.00000768311,-518353.4578787247,300.43730712034875,1.0274295821535913,103
11660000,46740.00000768719,-519298.20742627233,300.93525112282424,1.0272979288190047,103
11665000,46760.00000769126,-517489.4624109876,300.54193901865557,1.0225476752256344,103
11670000,46780.00000769534,-519139.8986118119,298.6445713896684,1.0308422241755948,103
11675000,46800.00000769941,-519130.4719213126,299.2833142156756,1.029565258987215,103
11680000,46820.000007703486,-516890.36048661126,301.26845072947066,1.024389695392992,103
11685000,46840.00000770756,-517130.2792539692,298.7423830726539,1.025213475641397,103
11690000,46860.000007711635,-518218.81127220043,303.7714150036128,1.0237940021285645,103
11695000,46880.00000771571,-517652.36090389406,298.77609721543075,1.022215167568641,103
11700000,46900.000007719784,-518535.5174289753,302.4587778009484,1.030018578766167,103
11705000,46920.00000772386,-517903.3103033055,300.76660224504144,1.0235214082388822,103
11710000,46940.00000772793,-518593.35392872174,302.76213667853096,1.02796712639328,103
11715000,46960.00000773201,-518238.5574409326,300.42653924453725,1.027430822064201,103
11720000,46980.00000773608,-516717.741706352,302.94674419482203,1.022422497062366,103
11725000,47000.00000774016,-519096.4090849033,299.9238830980938,1.0299430386274224,103
11730000,47020.00000774423,-518556.741619729,301.96537285702124,1.0246547779890576,103
11735000,47040.000007748306,-518820.5827213798,301.4089133393759,1.028135255166776,103
11740000,47060.00000775238,-517500.25679073134,302.57927324886504,1.029693129418994,103
11745000,47080.000007756455,-518409.76639376953,298.22053632211055,1.026254622006262,103
11750000,47100.00000776053,-519267.392198259,298.37539938010576,1.028534423440194,103
11755000,47120.000007764604,-517647.1720032701,300.54988021247595,1.0226746277978305,103
11760000,47140.00000776868,-518098.2534380113,302.626631970877,1.0249196455644716,103
11765000,47160.00000777275,-517955.0395810902,304.83241483389116,1.0249504297872316,103
11770000,47180.00000777683,-516970.89805464796,300.80164426519457,1.0258569695652417,103
11775000,47200.0000077809,-516772.18732914864,300.96194875173995,1.0277021858675075,103
11780000,47220.000007784976,-517937.6788417697,301.86639868221334,1.0251449084725524,103
11785000,47240.00000778905,-517285.181269136,300.2507011103003,1.024321317063057,103
11790000,47260.000007793125,-518028.57581983577,301.8627229085689,1.029164539964468,103
11795000,47280.0000077972,-518219.6186648777,300.66113211031006,1.0235603806885845,103
11800000,47300.000007801274,-518296.49840248236,301.3550301445257,1.022445764021745,103
11805000,47320.00000780535,-517954.7455813319,301.107637091592,1.0258192559067196,103
11810000,47340.00000780942,-517899.23543137964,300.0590073431622,1.024455792826161,103
11815000,47360.0000078135,-516169.4795286604,301.6583258182072,1.0220605967307912,103
11820000,47380.00000781757,-517683.79547161027,301.4434379031636,1.0245095851725599,103
11825000,47400.00000782165,-518240.1343704772,298.1264436749666,1.0282911954661196,103
11830000,47420.00000782572,-517824.66125947004,302.2254673931075,1.0246999000435193,103
11835000,47440.000007829796,-517848.1666917233,300.1807580949712,1.0276735836813322,103
11840000,47460.00000783387,-518810.04313866305,300.4368108300912,1.0260891381458335,103
11845000,47480.000007837945,-518370.15562708443,302.9976525368658,1.0274889403777765,103
11850000,47500.00000784202,-518782.89498937246,298.8287216088257,1.0279910106243948,103
11855000,47520.000007846094,-517699.9977812809,299.32466316778243,1.0279296622174736,103
11860000,47540.00000785017,-516422.49448167067,299.1493200259161,1.0206035137491984,103
11865000,47560.00000785424,-519441.9540557435,300.05744968079455,1.027000777158931,103
11870000,47580.00000785832,-518867.7165692968,300.45973395044615,1.0262517830729971,103
11875000,47600.00000786239,-518911.3774011871,302.3146503625749,1.028012474124412,103
11880000,47620.00000786647,-517313.1907188941,299.4831523608258,1.0265194693982413,103
11885000,47640.00000787054,-518118.3173356042,300.86907925560325,1.0276526665835852,103
11890000,47660.000007874616,-518903.8997644668,302.9137622155292,1.0255601719719722,103
11895000,47680.00000787869,-517585.23402564065,302.78555518770247,1.0233197560776826,103
11900000,47700.000007882765,-518808.95861953567,303.3200263732565,1.0289360719796177,103
11905000,47720.00000788684,-517905.5555351889,301.06754858679784,1.0260360889435347,103
11910000,47740.000007890914,-517670.5690090074,300.98817844732787,1.0257005928200018,103
11915000,47760.00000789499,-517973.38863203605,300.4516919593989,1.0276641889500253,103
11920000,47780.00000789906,-518400.59328070655,302.05149692940563,1.0255057524976103,103
11925000,47800.00000790314,-518056.1775850635,301.13309674619336,1.0279491137218855,103
11930000,47820.00000790721,-516983.21566598234,302.6358329279618,1.0228688687830065,104
11935000,47840.00000791129,-517838.0960727779,301.9478661051925,1.029730288609026,104
11940000,47860.00000791536,-517398.34629083076,302.7571620410273,1.0246119775532363,104
11945000,47880.000007919436,-518516.0809671604,302.7261918360196,1.0263217532656623,104
11950000,47900.00000792351,-518016.21047132206,300.2150241987873,1.024885659196884,104
11955000,47920.000007927585,-517680.4716894389,300.031241955199,1.0302264697859953,104
11960000,47940.00000793166,-518531.12414951716,299.9720763979467,1.0268482190180064,104
11965000,47960.000007935734,-516984.8207335116,300.45093811849233,1.0270157086994922,104
11970000,47980.00000793981,-518080.53045511106,299.27598248796255,1.0219619391728947,104
11975000,48000.00000794388,-518597.6229969347,300.26173599741395,1.0301177034859619,104
11980000,48020.00000794796,-517213.0614594505,300.16602231189404,1.0231062573931478,104
11985000,48040.00000795203,-518530.27889795415,300.49869640128674,1.0269446644125673,104
11990000,48060.00000795611,-518032.5727594956,301.22601411016296,1.0261508560594768,104
11995000,48080.00000796018,-517530.6358636201,297.9704550780324,1.0251522908944368,104
12000000,48100.000007964256,-517833.3434133462,301.95260158592225,1.023582331766575,104
12005000,48120.00000796833,-518313.6129178088,303.9701718284243,1.0273717653154963,104
12010000,48140.000007972405,-517809.0245482912,301.9825338386035,1.0252988721827323,104
12015000,48160.00000797648,-517114.0168682465,301.88531586179585,1.0211151858275682,104
12020000,48180.000007980554,-518563.34443749185,303.5495082008036,1.0261983446867617,104
12025000,48200.00000798463,-518724.44249150204,299.8596381874123,1.0276300884904301,104
12030000,48220.0000079887,-519124.7492728492,303.3133114415132,1.0283814191384593,104
12035000,48240.00000799278,-517229.3633709999,301.72732003727486,1.0274089211845394,104
12040000,48260.00000799685,-516798.8442860448,303.3650607335219,1.0256274503143998,104
12045000,48280.00000800093,-517839.0818751168,300.72815557696805,1.0254814651797228,104
12050000,48300.000008005,-517729.0109357829,300.8990234918498,1.0253252663281598,104
12055000,48320.000008009076,-518435.1114066348,299.82186301589485,1.0290421194432369,104
12060000,48340.00000801315,-517648.4577147027,301.9287469063868,1.0278516318895121,104
12065000,48360.000008017225,-518017.13699116395,300.97206437328236,1.0261839205876269,104
12070000,48380.0000080213,-517652.16850238317,302.25542055767704,1.0279900341682948,104
12075000,48400.000008025374,-517492.2409187134,301.1294437089585,1.026106842652277,104
12080000,48420.00000802945,-517511.8574252564,302.45175423004747,1.0264113909471941,104
12085000,48440.00000803352,-517988.50004133605,301.7004399051986,1.026168699079136,104
12090000,48460.0000080376,-518982.62042453955,303.7601191090514,1.0287944358531622,104
12095000,48480.00000804167,-517614.23377221473,300.265607540959,1.0261990249400976,104
12100000,48500.00000804575,-516785.90381458984,300.5525621205974,1.028790119658414,104
12105000,48520.00000804982,-518872.5272335389,299.8375466376854,1.028986301503168,104
12110000,48540.000008053896,-517725.12379630306,302.01202971056887,1.0287396075796664,104
12115000,48560.00000805797,-516913.2259785868,300.3358221578081,1.0254374346375499,104
12120000,48580.000008062045,-518873.1207850997,302.8843924046165,1.0274963952294323,104
12125000,48600.00000806612,-517068.5554913839,297.76003605916156,1.0252158640340858,104
12130000,48620.000008070194,-518424.1784783185,301.81791440381784,1.0287478529322713,104
12135000,48640.00000807427,-517576.2277221787,298.49690498254375,1.0250471254431,104
12140000,48660.00000807834,-518281.42819064413,301.132549257882,1.0242219403973987,104
12145000,48680.00000808242,-517847.7616763348,302.2576331323409,1.0270602971593823,104
12150000,48700.00000808649,-516837.16124282917,300.6036296578017,1.023843944416505,104
12155000,48720.00000809057,-518118.9827862247,300.373043937411,1.0263659871146447,104
12160000,48740.00000809464,-518179.0266996189,301.84780475275204,1.0289062409372627,104
12165000,48760.000008098716,-518163.27277425816,300.1554738819141,1.0229195877571926,104
12170000,48780.00000810279,-516374.7253171357,303.3017356686321,1.0263970981428936,104
12175000,48800.000008106865,-517405.31311021885,298.7935465289209,1.0302961303020548,104
12180000,48820.00000811094,-518927.55210600165,299.8499033212635,1.0292771428589156,104
12185000,48840.000008115014,-517361.0459253581,302.92667453212925,1.0269976281326254,104
12190000,48860.00000811909,-517834.25368281803,298.62112576178487,1.0234294136507562,104
12195000,48880.00000812316,-518452.6800757386,300.7797807462399,1.028247781970114,104
12200000,48900.00000812724,-518032.27378759766,299.3270587946238,1.0230126458295292,104
12205000,48920.00000813131,-518978.9467115798,299.69820209429736,1.0263087321353528,104
12210000,48940.00000813539,-519177.40784571436,298.8189661671451,1.030841938791929,104
12215000,48960.00000813946,-519218.54597650375,300.2850202293088,1.025136623428521,104
12220000,48980.000008143536,-519053.6495323358,299.6650974826162,1.0275704217879156,104
12225000,49000.00000814761,-519457.48961377447,299.6082225100717,1.0267852190516222,104
12230000,49020.000008151685,-518312.16758780717,302.43612986163834,1.0283969666022457,104
12235000,49040.00000815576,-517136.8031075513,299.9063556664577,1.0223527313475758,104
12240000,49060.000008159834,-518761.7071245292,299.27865873974474,1.030155702663954,104
12245000,49080.00000816391,-518416.4657961803,300.8361673174209,1.0252991760335755,104
12250000,49100.00000816798,-517828.6795761783,300.67727208319286,1.026697793771247,104
12255000,49120.00000817206,-517323.6061417414,301.49108778904946,1.0250400390823289,104
12260000,49140.00000817613,-517921.9937113533,304.3827842260532,1.0298338405385001,104
12265000,49160.000008180206,-518362.99416348827,299.81413476695104,1.0256973188463583,104
12270000,49180.00000818428,-517103.02404470043,300.4915857427331,1.0251212792636608,104
12275000,49200.000008188355,-518066.73423692444,298.247260535554,1.0224988457384472,104
12280000,49220.00000819243,-517737.4468015656,301.7184435976873,1.0247213010003697,104
12285000,49240.000008196504,-517720.8283563021,297.96559104352065,1.0271943565454216,104
12290000,49260.00000820058,-517873.9963929292,300.7481100221464,1.0260903264653736,104
12295000,49280.00000820465,-518531.2020658294,299.3101035949013,1.023889598777124,104
12300000,49300.00000820873,-518125.82269718265,302.59532445299124,1.0256802468202677,104
12305000,49320.0000082128,-517345.99792402284,303.24183367668866,1.0228794542133994,104
12310000,49340.00000821688,-518841.6358599805,306.0252367426707,1.0270538905167093,104
12315000,49360.00000822095,-518088.8220067562,300.39909063278327,1.0274642292357354,104
12320000,49380.000008225026,-517620.9556083125,303.2546516663368,1.0261917567891103,104
12325000,49400.0000082291,-518244.21552102827,298.04854697676654,1.0249017917260181,104
12330000,49420.000008233175,-519886.790011419,301.1744842418563,1.0261412877352716,104
12335000,49440.00000823725,-518419.4644482385,302.0520154722077,1.0256109416575545,104
12340000,49460.000008241324,-518336.76824331447,301.56592649446924,1.0289964909158775,104
12345000,49480.0000082454,-516812.12174914544,300.88252975619804,1.0237064692301154,104
12350000,49500.00000824947,-517649.0455357048,302.7183825789744,1.0250119665032267,104
12355000,49520.00000825355,-517500.5882671585,299.7952268469753,1.0271287680431773,104
12360000,49540.00000825762,-519192.28725459916,303.2553472317723,1.0284683821440328,104
12365000,49560.0000082617,-517543.75235787896,303.0236229163151,1.026639158526779,104
12370000,49580.00000826577,-517646.90969866025,301.8249090415541,1.0257398748530673,104
12375000,49600.000008269846,-518126.249076938,300.2578437516177,1.0275031304728166,104
12380000,49620.00000827392,-517908.14539171313,301.0411088017662,1.0226880335782682,104
12385000,49640.000008277995,-516298.59294514847,300.5894414897391,1.0265258464854679,104
12390000,49660.00000828207,-517530.5397269828,301.20862779860784,1.0260209219780476,104
12395000,49680.000008286144,-518156.6337005622,300.8408161593395,1.0238424681442677,104
12400000,49700.00000829022,-517650.8348651596,301.1014828832924,1.0283868665373181,104
12405000,49720.00000829429,-518319.0932134809,300.3423874902118,1.0277792636350767,104
12410000,49740.00000829837,-518273.5144543955,300.27757149237675,1.0225373568145282,104
12415000,49760.00000830244,-517657.7611944219,302.3512625007672,1.022462775729974,104
12420000,49780.00000830652,-517143.1925418619,300.37623861417825,1.0234270659713254,104
12425000,49800.00000831059,-518100.64712092653,300.0934120544903,1.0241200202388112,104
12430000,49820.000008314666,-517781.376889369,301.0804208904344,1.0288237769038382,104
12435000,49840.00000831874,-518021.1187463859,299.98443344127116,1.0238255984625249,104
12440000,49860.000008322815,-518252.6471145984,302.83216220726,1.0252905207695395,104
12445000,49880.00000832689,-516898.57387720793,303.22111204604613,1.0246754262941142,104
12450000,49900.000008330964,-518348.06898210896,299.0513869579121,1.0274026594093129,104
12455000,49920.00000833504,-518128.6379652682,301.2818535492736,1.0262408159027925,104
12460000,49940.00000833911,-517747.2088548115,302.48875668549897,1.0235081384878408,104
12465000,49960.00000834319,-517699.89757163124,298.74873245573644,1.027572057111365,104
12470000,49980.00000834726,-517048.967933187,301.5122963864484,1.0262015804485063,104
12475000,50000.00000835134,-518399.3876417822,301.03482312044565,1.0244497708163873,104
12480000,50020.00000835541,-517741.7543998733,299.4488563988749,1.0268623486670698,104
12485000,50040.000008359486,-518417.7180116025,304.4951705929814,1.0309095872632872,104
12490000,50060.00000836356,-518643.4532579181,300.9210325516952,1.0288100502560815,104
12495000,50080.000008367635,-517088.4184153315,298.5921056524772,1.0259507966964643,104
12500000,50100.00000837171,-517584.21371017396,300.8684820646103,1.0262628717399767,104
