#"Step","Time (ps)","Potential Energy (kJ/mole)","Temperature (K)","Density (g/mL)","Speed (ns/day)"
5000,120.00000000005473,-511544.1837968023,300.51105637450206,1.02914545378534,--
10000,140.00000000003652,-511856.2906101614,302.25297904127456,1.0273759176472312,105
15000,159.9999999999899,-511930.45705693075,300.32688943738225,1.025133890828114,105
20000,179.9999999999433,-511772.49538341,298.4765145079781,1.0281549552939668,105
25000,199.9999999998967,-511653.9938902231,301.7259740956527,1.026298356802361,105
30000,219.99999999985008,-512127.52520815725,300.59813987124755,1.0244117620182156,105
35000,239.99999999980346,-511468.5893173849,300.341315613059,1.0243654346388116,105
40000,259.99999999978525,-513147.64740280574,301.10419767093964,1.0277364768197632,105
45000,279.99999999988074,-513136.6464032938,301.60243428612614,1.0282808859561523,105
50000,299.99999999997624,-512895.2361026497,300.57849377959974,1.0259019001575906,105
55000,320.00000000007174,-511882.9386075195,301.2377558752928,1.0273673795755023,104
60000,340.00000000016723,-511649.27515715687,302.7428595684312,1.0296847222626622,104
65000,360.00000000026273,-511907.46979279607,301.5045501595045,1.0269079311699434,104
70000,380.0000000003582,-511088.9259001396,300.72011999242324,1.0236480804064974,104
75000,400.0000000004537,-512423.7747167954,302.0085352283367,1.0273812948436511,104
80000,420.0000000005492,-512046.46896756557,300.0873430579281,1.0232808080448512,104
85000,440.0000000006447,-513350.53551688395,302.6259126531723,1.0286241755652703,104
90000,460.0000000007402,-513118.5377094748,299.1473072354689,1.0246272919756918,104
95000,480.0000000008357,-511943.06070151064,299.9071696650128,1.0269306713030166,104
100000,500.0000000009312,-511399.29446123936,302.1005969976736,1.0224060909027741,104
105000,520.0000000010267,-513098.25728647364,300.19161963288946,1.0275773263294155,104
110000,540.0000000011222,-512360.8387141335,301.49241119668153,1.0287659008145618,104
115000,560.0000000012177,-512379.6203349191,303.658606783079,1.025522077681838,104
120000,580.0000000013132,-512164.72759030527,301.71297005630527,1.0296593455157819,104
125000,600.0000000014087,-511542.74122082605,301.9439121994383,1.025538941600543,104
130000,620.0000000015042,-512552.40534127667,300.53244571856527,1.023096365128718,104
135000,640.0000000015997,-512827.68638682575,301.56746313623046,1.0291684149656826,104
140000,660.0000000016952,-511889.81328347325,298.84435011816555,1.0262889258067236,104
145000,680.0000000017907,-512837.9839621489,302.3965127128013,1.0279121594591327,104
150000,700.0000000018862,-512717.0049471222,303.15201893844767,1.0257177682349146,104
155000,720.0000000019817,-512314.1032267504,300.07191166594845,1.0278334815974544,104
160000,740.0000000020772,-511948.0720189428,303.63068639899,1.022048319388828,104
165000,760.0000000021727,-512848.52561391774,297.56207845175896,1.02669464939483,104
170000,780.0000000022682,-513289.25990761793,300.53631984343997,1.0244986642134413,104
175000,800.0000000023637,-512585.999749735,304.2991365830198,1.0296174468074848,104
180000,820.0000000024592,-512163.528222051,300.8319969392417,1.026681745037007,104
185000,840.0000000025547,-512744.2540676999,301.79407091906387,1.0241324017454592,104
190000,860.0000000026502,-512016.86882726476,301.1260197046976,1.0247740056068022,104
195000,880.0000000027457,-513467.31689217105,301.00258000617833,1.027438249402001,104
200000,900.0000000028411,-512557.0801001685,303.0659540873989,1.025074366513619,104
205000,920.0000000029366,-512052.87613260397,302.3269050944132,1.026082123827286,104
210000,940.0000000030321,-511898.228214124,301.9826540512168,1.0235263380573068,104
215000,960.0000000031276,-511910.95649682474,301.94333981370977,1.023117217121201,104
220000,980.0000000032231,-511937.0215257285,304.0169091144398,1.0287675069126494,104
225000,1000.0000000033186,-511623.26628325647,304.62141026045526,1.0248196147861715,104
230000,1020.0000000034141,-513316.96391052334,303.86512719815397,1.0285641227505247,104
235000,1040.0000000030548,-512674.46382793714,301.1613708076772,1.0265029302985962,104
240000,1060.0000000025818,-512156.46469156304,303.6531284387335,1.0274662422109881,104
245000,1080.000000002109,-510796.4127061614,301.6828571930443,1.0234709783856346,104
250000,1100.000000001636,-510574.28881220147,299.3001042219711,1.0218424385692695,104
255000,1120.000000001163,-510965.4420067398,302.2839812880291,1.023768282788825,104
260000,1140.00000000069,-511845.6904461095,300.97116229685986,1.0241421327605675,104
265000,1160.0000000002171,-513526.6910618583,300.50706183152533,1.0298228116891794,104
270000,1179.9999999997442,-512371.928454275,301.1768860355497,1.0239202839114314,104
275000,1199.9999999992713,-512365.10575220594,300.1294301825788,1.0231043261501087,104
280000,1219.9999999987983,-512013.8172239461,300.7555271225538,1.0268635850835515,104
285000,1239.9999999983254,-513485.5738808422,300.6769337397106,1.0295475923743005,104
290000,1259.9999999978525,-512988.0262553678,302.18172364606994,1.024457849816453,104
295000,1279.9999999973795,-512786.4263695653,299.1059526521633,1.026058929931344,104
300000,1299.9999999969066,-511409.66281163134,302.3953746642469,1.0210420023839197,104
305000,1319.9999999964336,-511806.71619974053,301.2627618408753,1.0290002159537406,104
310000,1339.9999999959607,-511693.93751111696,301.44555040196263,1.0279738607964006,104
315000,1359.9999999954878,-512198.4117516151,303.06839800672094,1.0292400327183586,104
320000,1379.9999999950148,-513195.1668137985,297.7556652354181,1.0251462919084768,104
325000,1399.999999994542,-511202.95634588273,301.2025010319056,1.0238162904700379,104
330000,1419.999999994069,-512621.31536422134,301.12411441451843,1.0277482577715356,104
335000,1439.999999993596,-511976.65022806986,300.73123027457336,1.0240616701854972,104
340000,1459.999999993123,-512730.8673504845,302.8840311008436,1.0254449955883542,104
345000,1479.9999999926501,-512435.8863545442,303.5355905461624,1.0278017861021755,104
350000,1499.9999999921772,-511548.35748935817,299.8065084561166,1.0264826417825292,104
355000,1519.9999999917043,-512325.3826522967,301.9941226476741,1.0282612816960348,104
360000,1539.9999999912313,-512215.4286569052,300.1234129664393,1.0269506116733187,104
365000,1559.9999999907584,-512396.0139511721,297.6379490757358,1.0262593197124523,104
370000,1579.9999999902855,-512750.73124259245,301.2164950957368,1.0302106447327357,104
375000,1599.9999999898125,-511800.23001248855,298.3689207873753,1.0222789469591256,104
380000,1619.9999999893396,-513110.1624753284,300.31740306372797,1.0265906636066306,104
385000,1639.9999999888666,-511453.03285791515,302.24098144517967,1.0237713909329613,104
390000,1659.9999999883937,-512013.02350248466,302.8986958373743,1.025271272983408,104
395000,1679.9999999879208,-512641.84957276285,302.58046876802837,1.0308049529985672,104
400000,1699.9999999874478,-512438.89748879126,300.50334729721675,1.026452090156137,104
405000,1719.999999986975,-511941.13420958957,300.85731855917743,1.0291291244523508,104
410000,1739.999999986502,-512938.07157792477,303.339815967926,1.0293942886194154,104
415000,1759.999999986029,-511676.3031462659,298.1288146558017,1.0265109833151833,104
420000,1779.999999985556,-512392.6872727494,301.78431989290397,1.0286020267899636,104
425000,1799.9999999850832,-513542.1186229454,300.3114768473836,1.0254130328951903,104
430000,1819.9999999846102,-512910.3124439488,299.2753537370608,1.02573535266559,104
435000,1839.9999999841373,-512254.74186715344,301.79670233604946,1.0276955895542792,104
440000,1859.9999999836643,-512499.4928858797,302.10475784564346,1.0276021603906502,104
445000,1879.9999999831914,-513497.1542123889,301.90058570102514,1.0219468255568127,104
450000,1899.9999999827185,-512911.1720688022,301.8326578751569,1.026140450230546,104
455000,1919.9999999822455,-512508.3099387302,301.6087424021434,1.025458529834209,104
460000,1939.9999999817726,-512283.24176129256,302.48397866674964,1.0233617836876643,104
465000,1959.9999999812997,-513171.33455907577,299.4570941330961,1.0277112631039091,104
470000,1979.9999999808267,-510899.3377097391,299.97604426342065,1.019139714400637,104
475000,1999.9999999803538,-511801.8020315494,301.80851875207105,1.0181690685854785,104
480000,2019.9999999798808,-512545.52212390304,302.6075361755858,1.0262893686823797,104
485000,2039.999999979408,-511684.27238963335,300.33574556788926,1.027340294298436,104
490000,2059.999999978935,-512422.53527155635,300.48975795055657,1.0263625881281226,104
495000,2079.9999999784623,-511644.9327662424,301.8403581009459,1.0255781376039494,104
500000,2099.9999999779893,-511917.1298068841,301.23569781755765,1.024323399323521,104
505000,2119.9999999775164,-513378.49308591406,299.51698331503746,1.0290740958350537,104
510000,2139.9999999770434,-512026.5275906264,303.0507538820999,1.023943089241755,104
515000,2159.9999999765705,-513305.3088411377,300.66866982864286,1.0282568297259027,104
520000,2179.9999999760976,-512025.98089218885,299.5780656485573,1.0255453957002834,104
525000,2199.9999999756246,-512165.15364617575,300.54463778773356,1.0281410352956877,104
530000,2219.9999999751517,-513629.53494627983,298.8740839342643,1.0263918334358495,104
535000,2239.9999999746788,-512246.04987958795,301.9485905387875,1.0228306289017108,104
540000,2259.999999974206,-512118.52555297595,298.7921097529363,1.0271531271015926,104
545000,2279.999999973733,-513282.6070633838,297.2926617637534,1.0298259936911058,104
550000,2299.99999997326,-512653.22448845534,301.67929714001895,1.02823808779706,104
555000,2319.999999972787,-511780.1326489034,298.9954295234983,1.0281599816291347,104
560000,2339.999999972314,-512877.59347995115,300.694222147389,1.0276304907975746,104
565000,2359.999999971841,-512399.48161773547,298.3381519220936,1.029935418075658,104
570000,2379.999999971368,-514481.3008675829,302.5867061304216,1.0354823790221759,104
575000,2399.9999999708953,-512472.1670932146,300.7747575219137,1.0260027850522464,104
580000,2419.9999999704223,-511897.9306768365,302.422121110822,1.025690581000486,104
585000,2439.9999999699494,-511649.3272791826,301.221730130455,1.0213886122081757,104
590000,2459.9999999694764,-511506.8404146526,301.9982161026832,1.0229358666666915,104
595000,2479.9999999690035,-511780.62049931055,301.8185914957955,1.028204792842891,104
600000,2499.9999999685306,-511331.23833398265,301.31001563105747,1.0274223942422736,104
605000,2519.9999999680576,-513539.6369793841,299.11609648053235,1.0270967216748388,104
610000,2539.9999999675847,-511604.3244304175,301.90010742473123,1.0224419480745226,104
615000,2559.9999999671118,-512711.19666327094,300.1446562918792,1.0188897037057267,104
620000,2579.999999966639,-511546.1720916373,300.90827993649316,1.0195005675688187,104
625000,2599.999999966166,-511831.5705149621,301.65190688139154,1.0253809365239568,104
630000,2619.999999965693,-511858.82063303865,301.9712001618409,1.0228235464074116,104
635000,2639.99999996522,-512134.4042197475,302.0539894851742,1.0241443564675994,104
640000,2659.999999964747,-512864.7398271428,300.0464509897178,1.0275617876948966,104
645000,2679.999999964274,-511222.2524080961,305.2544326121281,1.0277779897211374,104
650000,2699.999999963801,-512936.1388735636,302.10098538956936,1.0265169797556772,104
655000,2719.9999999633283,-513055.986545732,299.0874157789195,1.0300175458664917,104
660000,2739.9999999628553,-512539.3561736392,301.98375757638144,1.0296636383419915,104
665000,2759.9999999623824,-512653.5554321129,300.252849518838,1.0234136246327776,104
670000,2779.9999999619095,-512348.35527118226,301.89557503078186,1.025491899082201,104
675000,2799.9999999614365,-512614.33031919925,301.55556275826086,1.0250851020719713,104
680000,2819.9999999609636,-513044.69522433355,301.06735060883204,1.025630912862146,104
685000,2839.9999999604906,-512621.40958160744,302.6207562766993,1.0226837845339327,104
690000,2859.9999999600177,-512574.7300666645,299.879628701711,1.0256208119912538,104
695000,2879.9999999595448,-511958.0871848266,300.4372995330134,1.025425834928249,104
700000,2899.999999959072,-512515.65249086195,301.0144039640748,1.0275973082048688,104
705000,2919.999999958599,-512953.4462913803,300.1900200929505,1.0282704668075913,104
710000,2939.999999958126,-513266.01166839246,301.7307082410908,1.0284775000833875,104
715000,2959.999999957653,-512832.3544635235,301.29930708900525,1.0293043588360618,104
720000,2979.99999995718,-511490.44640414184,300.9117321681633,1.0253466516029675,104
725000,2999.999999956707,-513247.48984956974,298.6635957945786,1.0323875362178185,104
730000,3019.999999956234,-512744.43892137986,301.9120941227588,1.0232352205617912,104
735000,3039.9999999557613,-512659.5083731387,301.49727756715674,1.0255153816534612,104
740000,3059.9999999552883,-512754.5861751677,301.6749162041837,1.027470029440782,104
745000,3079.9999999548154,-511272.40041248826,300.39502897309956,1.0238753670325647,104
750000,3099.9999999543425,-511742.16067495686,299.5645229525352,1.0240932853139797,104
755000,3119.9999999538695,-512594.8475858157,302.95621099676106,1.0276857251659846,104
760000,3139.9999999533966,-511754.1684383624,297.3935174211842,1.027037536002334,104
765000,3159.9999999529236,-513258.7044504434,299.94625709783793,1.0257301318151406,104
770000,3179.9999999524507,-512399.14784353087,298.73135865338486,1.0303806400187856,104
775000,3199.9999999519778,-512256.4222943955,299.9464287672015,1.0231584132443194,104
780000,3219.999999951505,-511750.0042962916,299.48113676717685,1.0245548774779143,104
785000,3239.999999951032,-511736.90671419026,300.7745446220847,1.0272959399717405,104
790000,3259.999999950559,-512707.4742855388,300.4978189887178,1.0270370022980333,104
795000,3279.999999950086,-512340.54831596697,299.19776042604155,1.0253301046350016,104
800000,3299.999999949613,-512559.581746259,302.7985222027639,1.0303619847675916,104
805000,3319.99999994914,-512880.4322007026,304.35411493951125,1.0280772894164345,104
810000,3339.999999948667,-512399.73642328265,300.0500795508871,1.0249747890486962,104
815000,3359.9999999481943,-513473.69350126525,298.34953841342474,1.028378558626415,104
820000,3379.9999999477213,-512198.28117240965,302.05538777067454,1.0240734026918958,104
825000,3399.9999999472484,-511516.41481532436,302.53089769551224,1.0273322680574648,104
830000,3419.9999999467755,-512362.0363338811,303.12333384770096,1.0296093018481753,104
835000,3439.9999999463025,-514852.5030894212,300.4544694869565,1.0324680147293066,104
840000,3459.9999999458296,-512728.6247814342,300.86572382762137,1.026026193717335,104
845000,3479.9999999453566,-512276.3260500068,300.8748098343237,1.0276218934492674,104
850000,3499.9999999448837,-512404.1977732759,302.80866695365006,1.0256255419678006,104
855000,3519.999999944411,-514244.93271431536,300.20558235316713,1.0275952347828803,104
860000,3539.999999943938,-512105.07852591644,303.32121280691877,1.0289271675922638,104
865000,3559.999999943465,-512881.00321643613,300.5807871188222,1.0274586722143648,104
870000,3579.999999942992,-514160.42731780047,300.4325877387365,1.0271108255514125,104
875000,3599.999999942519,-513628.85361268977,300.4581018666117,1.0282408295980334,104
880000,3619.999999942046,-512724.11471203994,302.239408350691,1.0255304272138241,104
885000,3639.999999941573,-512386.05298005743,299.66872729626004,1.0284058718813212,104
890000,3659.9999999411,-513234.8107540875,299.45979774470254,1.0284819536037832,104
895000,3679.9999999406273,-513369.6392315328,300.3165607889546,1.0249148646046096,104
900000,3699.9999999401543,-510907.78510214295,302.140689280763,1.0304494141645097,104
905000,3719.9999999396814,-512579.07086221874,301.0799966271908,1.0245959133599245,104
910000,3739.9999999392085,-513402.45721647795,299.1962015880847,1.0264866385305464,104
915000,3759.9999999387355,-512815.0179606618,301.76160689122776,1.0263059685306328,104
920000,3779.9999999382626,-512929.1676825208,300.15504610666153,1.0237615391582766,104
925000,3799.9999999377897,-512485.5074599595,302.10678577175867,1.024839723425119,104
930000,3819.9999999373167,-512199.84660013486,301.8306699550284,1.0221827367460572,104
935000,3839.999999936844,-512228.2195907971,300.07288438669207,1.0234115361248608,104
940000,3859.999999936371,-513581.62047968013,298.8589491142055,1.0253076532622367,104
945000,3879.999999935898,-512878.02705408004,299.6992450170204,1.0273159847338424,104
950000,3899.999999935425,-513653.33857295127,302.3652093371637,1.0266768765467351,104
955000,3919.999999934952,-512253.9014345263,304.05740662919226,1.0278692708945603,104
960000,3939.999999934479,-512507.03966884036,299.04826691316845,1.02699960248911,104
965000,3959.999999934006,-511682.4555681364,300.0249373320765,1.0228648578404944,104
970000,3979.999999933533,-512093.5937380516,303.2546343201441,1.0279413953383874,104
975000,3999.9999999330603,-511683.8543104767,304.9659374268869,1.024370612775851,104
980000,4019.9999999325873,-510690.2171022056,300.75440513298946,1.0268055148210522,104
985000,4039.9999999321144,-512186.6979991731,300.5907618066986,1.026010188539617,104
990000,4059.9999999316415,-513827.0601577782,302.4809167917385,1.028046217713026,104
995000,4079.9999999311685,-513128.8389963417,301.67695469061573,1.0243073580868787,104
1000000,4099.999999930696,-512079.07865513745,299.30518298700434,1.022463667728165,104
1005000,4119.999999930223,-512716.1527134776,302.3421253614301,1.0216946913342784,104
1010000,4139.99999992975,-512434.4481851356,301.16818127464785,1.0261124057281261,104
1015000,4159.999999929277,-512287.5275664944,299.13004156432766,1.0243591509419658,104
1020000,4179.999999928804,-514100.8841683341,300.74283960378585,1.0290668788651989,104
1025000,4199.999999928331,-512409.2988948135,299.5816269752527,1.0238781790196487,104
1030000,4219.999999927858,-512233.06851192564,303.60269248387806,1.0262842909057044,104
1035000,4239.999999927385,-513095.66018332215,302.58933213320563,1.0267754448411675,104
1040000,4259.999999926912,-512619.53742110403,300.5145778362994,1.0295222098203387,104
1045000,4279.999999926439,-511887.1465662024,297.9617449098738,1.0253183111678443,104
1050000,4299.999999925966,-513680.4863859627,302.69638514630935,1.0265522861689487,104
1055000,4319.999999925493,-513333.5898774958,300.39609803697493,1.0292885901559516,104
1060000,4339.99999992502,-512356.2611518896,300.21828267778255,1.0276436013449293,104
1065000,4359.999999924547,-513253.96217387076,302.84046036309553,1.0282086907044226,104
1070000,4379.9999999240745,-512493.33496084344,299.6529597108877,1.0256192570647378,104
1075000,4399.9999999236015,-512784.7671947237,300.4349817614129,1.022606469992813,104
1080000,4419.999999923129,-512218.1023222399,299.8711420222809,1.0242786548827054,104
1085000,4439.999999922656,-512773.8574468191,300.9737061221495,1.0280724045453002,104
1090000,4459.999999922183,-510214.3556177907,299.59318815951144,1.0235479217791092,104
1095000,4479.99999992171,-512718.46262119897,302.6995241217678,1.030558266857736,104
1100000,4499.999999921237,-512549.36810363946,303.02579676840253,1.0246131786464954,104
1105000,4519.999999920764,-512966.52076440444,299.5066098811485,1.023848250227785,104
1110000,4539.999999920291,-512189.8024806087,302.4690819304727,1.0260021782726814,104
1115000,4559.999999919818,-512739.1674083031,302.32689039170805,1.0246845148031964,104
1120000,4579.999999919345,-512838.4364666918,300.4390182683572,1.0231153269095319,104
1125000,4599.999999918872,-511812.8722934176,300.7833060704312,1.0240038810177035,104
1130000,4619.999999918399,-512932.381766387,300.94557929866994,1.026818536941274,104
1135000,4639.999999917926,-512719.4125603845,301.4248439421016,1.021456926187378,104
1140000,4659.999999917453,-512735.0766057789,300.9730258350428,1.0238776099046727,104
1145000,4679.99999991698,-511350.0202284679,299.44754780191334,1.0200352429731003,104
1150000,4699.9999999165075,-513372.50237825606,297.72291813806345,1.021503526775741,104
1155000,4719.9999999160345,-511172.1485470487,298.8653778748601,1.0274181672791847,104
1160000,4739.999999915562,-511996.1841851559,301.4401631605969,1.022551554355581,104
1165000,4759.999999915089,-512050.74877548125,300.57133782309273,1.0242178042195613,104
1170000,4779.999999914616,-513348.8261590407,297.4641441856513,1.0215765363002454,104
1175000,4799.999999914143,-512969.6114265437,301.3916134396533,1.0269702024093408,104
1180000,4819.99999991367,-512977.78503255267,301.0114079212145,1.0272338617992927,104
1185000,4839.999999913197,-513165.3538529079,301.40313343135716,1.0308125776269064,104
1190000,4859.999999912724,-511891.6070321705,299.22204149295237,1.0236726223903152,104
1195000,4879.999999912251,-512011.49379775557,303.3272145052053,1.0271596683281805,104
1200000,4899.999999911778,-512273.110485686,299.16147219741606,1.0262051971375645,104
1205000,4919.999999911305,-511228.9619094094,301.3809802510586,1.0241775505544066,104
1210000,4939.999999910832,-511698.3026048185,298.7032271033313,1.0234910084652113,104
1215000,4959.999999910359,-511702.57770639355,300.9401448664412,1.029884053356033,104
1220000,4979.999999909886,-512200.2256339395,303.82535244234623,1.026017219326804,104
1225000,4999.999999909413,-512178.99120299006,300.7480166766847,1.025598447604389,104
1230000,5019.9999999089405,-512072.61976614594,304.0238210309913,1.0267918884948262,104
1235000,5039.9999999084675,-511810.27094004955,299.6569659031504,1.025837369254586,104
1240000,5059.999999907995,-512497.86287516565,302.2297534244753,1.0219785094190665,104
1245000,5079.999999907522,-512056.7739341338,301.6394648901508,1.0246910664713988,104
1250000,5099.999999907049,-512732.6041070388,302.162117097112,1.0280794508193147,104
1255000,5119.999999906576,-514138.576887422,302.5435575144967,1.025474859092471,104
1260000,5139.999999906103,-513055.74656809773,300.30320950276274,1.0240723118879858,104
1265000,5159.99999990563,-512025.4598393487,302.28659239805586,1.024021750366146,104
1270000,5179.999999905157,-510597.7461666255,301.054705805797,1.0240231021015318,104
1275000,5199.999999904684,-512895.39289958915,299.90579115704537,1.0284867253294678,104
1280000,5219.999999904211,-512345.23985223705,299.99011470523124,1.0245953816539528,104
1285000,5239.999999903738,-510407.35473901243,303.51219060898524,1.0254855035587231,104
1290000,5259.999999903265,-512813.8301095036,299.969460935894,1.0281179641716143,104
1295000,5279.999999902792,-512723.68427834986,300.47424510454044,1.0259817536603335,104
1300000,5299.999999902319,-512361.1754378057,300.993266918476,1.025420025934587,104
1305000,5319.999999901846,-512740.3934499214,300.29412716522927,1.0239530820480902,104
1310000,5339.9999999013735,-513203.8908848362,299.3983675525267,1.0256037585032722,104
1315000,5359.999999900901,-512564.1173154465,302.123410653158,1.0243846705840778,104
1320000,5379.999999900428,-512582.02855476947,300.2561287429304,1.0242961274836084,104
1325000,5399.999999899955,-511451.7867908927,301.5588017699183,1.0238412071983807,104
1330000,5419.999999899482,-511129.487784561,301.4081498037742,1.021667816261716,104
1335000,5439.999999899009,-512028.547004187,299.73304701508727,1.0231232922000701,104
1340000,5459.999999898536,-512670.75623717415,300.4642940402839,1.023299673711346,104
1345000,5479.999999898063,-513142.191393123,299.28241711881174,1.0273756689289921,104
1350000,5499.99999989759,-512407.8370325337,303.18958458188956,1.0262762337604812,104
1355000,5519.999999897117,-510825.7796938573,301.0153036157799,1.0265911139234263,104
1360000,5539.999999896644,-512774.9430984766,302.1684689081306,1.0260625249391515,104
1365000,5559.999999896171,-513631.7068076227,301.9939563338861,1.0264230556691396,104
1370000,5579.999999895698,-512650.5954247799,299.53191488655176,1.0279898204039106,104
1375000,5599.999999895225,-512092.0189531748,301.4238683322673,1.0239868828275114,104
1380000,5619.999999894752,-512629.5787459281,298.990660771575,1.0281989156673081,104
1385000,5639.999999894279,-514081.6339274589,300.60108869067307,1.0224848704569474,104
1390000,5659.9999998938065,-510742.67051968025,302.40931580254454,1.024259085699176,104
1395000,5679.999999893334,-511084.6011262648,301.05196505151616,1.0180637759032884,104
1400000,5699.999999892861,-513160.83594125835,300.79534358043037,1.0317100266787365,104
1405000,5719.999999892388,-511981.58477656706,300.91821550061934,1.0264274786580185,104
1410000,5739.999999891915,-512517.42508109706,299.97403946457547,1.0247849780175664,104
1415000,5759.999999891442,-512430.5149264068,302.71860800152496,1.023714951663754,104
1420000,5779.999999890969,-512979.28663741425,297.5785346850754,1.0284344528717884,104
1425000,5799.999999890496,-511986.95716889296,303.578060235602,1.0271204762291768,104
1430000,5819.999999890023,-512571.6785292304,301.9724204644892,1.0280904974756402,104
1435000,5839.99999988955,-512733.66172836744,301.4388159271456,1.0277824231412735,104
1440000,5859.999999889077,-513212.23186012055,302.76757265787836,1.0323679786939883,104
1445000,5879.999999888604,-512292.4861598653,301.2531862619934,1.0277658721251821,104
1450000,5899.999999888131,-513356.0645660993,300.37769017577494,1.0285758852968139,104
1455000,5919.999999887658,-512663.77183959424,301.54733185757783,1.0265561530006357,104
1460000,5939.999999887185,-513946.9703298523,300.1130416827407,1.0264811998579377,104
1465000,5959.999999886712,-511332.02722820826,297.6938069465474,1.0262546957851402,104
1470000,5979.9999998862395,-513100.55569035164,302.6771490500782,1.0258046077553364,104
1475000,5999.999999885767,-512564.5292794509,301.883719275882,1.02657535745447,104
1480000,6019.999999885294,-512547.7777257713,301.55069462143007,1.026751750795447,104
1485000,6039.999999884821,-512606.1853544973,299.4050631703456,1.0262457949336865,104
1490000,6059.999999884348,-512807.6062293821,300.0493434588964,1.0244938340691543,104
1495000,6079.999999883875,-513149.00906190625,297.13195456337576,1.0260159889032932,104
1500000,6099.999999883402,-513262.051034987,299.0317717284884,1.02706839865295,104
1505000,6119.999999882929,-513075.81146037555,302.90482301970746,1.028151292877605,104
1510000,6139.999999882456,-513463.8896321296,302.2119381973909,1.0306152170460812,104
1515000,6159.999999881983,-512668.39731518156,300.348882633421,1.0295106831607699,104
1520000,6179.99999988151,-513264.32136633596,301.71366655465613,1.0246153595108736,104
1525000,6199.999999881037,-512386.4475424185,300.87091602174075,1.0256685106066759,104
1530000,6219.999999880564,-512388.70701809344,302.64483243865953,1.0282020117948236,104
1535000,6239.999999880091,-512312.5975289354,301.603265259597,1.0274118142446267,104
1540000,6259.999999879618,-512364.2837893653,302.3427940049949,1.028693126452904,104
1545000,6279.999999879145,-511387.62388685625,302.4673503881957,1.022936432151422,104
1550000,6299.9999998786725,-512231.1611894234,301.6506574411521,1.028169586135607,104
1555000,6319.9999998782,-511699.3736378604,295.95002706323913,1.0231965390896998,104
1560000,6339.999999877727,-511552.08434590185,300.7686376735612,1.0283648988626914,104
1565000,6359.999999877254,-512925.8698059062,298.7759345645948,1.0251746579353518,104
1570000,6379.999999876781,-512535.3658425156,302.2514599704717,1.0243062332184796,104
1575000,6399.999999876308,-512878.02630959544,300.6242003853127,1.0244562497785972,104
1565000,6359.999999877254,-514066.25524668256,301.3250888759371,1.0286802698526043,--
1570000,6379.999999876781,-512977.3683595734,301.6426144757929,1.0287605546695673,107
1575000,6399.999999876308,-512232.4800639609,301.54993776962135,1.0215979178432855,106
1580000,6419.999999875835,-513378.3127824846,301.66028942368916,1.027385120586962,106
1585000,6439.999999875362,-512395.65570632205,302.3473547727193,1.0253204907879847,106
1590000,6459.999999874889,-511874.3822643708,299.4435256065048,1.0313468304547464,105
1595000,6479.999999874416,-513750.3696618851,302.259732885738,1.029770815264595,105
1600000,6499.999999873943,-511787.0990301864,303.8517689243157,1.027370765434751,105
1605000,6519.99999987347,-511834.71031277324,301.02131428341227,1.0203712694150988,105
1610000,6539.999999872997,-512241.57666632324,301.0000041291853,1.0266180333913733,105
1615000,6559.999999872524,-512850.9360039544,300.9207689032144,1.0295754909127237,105
1620000,6579.999999872051,-511709.43612006214,300.9412075408519,1.0257224823214257,105
1625000,6599.999999871578,-512734.7056299632,299.5567481380351,1.0297673379802805,105
1630000,6619.9999998711055,-513216.44976108405,300.24992913362263,1.029078186656223,104
1635000,6639.999999870633,-513760.8426130058,300.99724465525986,1.0280599448880965,104
1640000,6659.99999987016,-512228.28972512623,303.0554115729924,1.0238621523039635,104
1645000,6679.999999869687,-513727.52895582747,300.3281703306141,1.0255858240316464,104
1650000,6699.999999869214,-513295.67849470116,302.6439998143144,1.0253276110087575,104
1655000,6719.999999868741,-511830.4830883492,301.0209747944897,1.025358185784603,104
1660000,6739.999999868268,-512796.6919450117,299.51045181912707,1.0255551707198949,104
1665000,6759.999999867795,-512301.082639551,301.3730986966954,1.028484396534509,104
1670000,6779.999999867322,-511830.77447125455,300.6905808184006,1.0239164161863832,104
1675000,6799.999999866849,-511709.1555950139,299.7708153808097,1.0217878535702425,104
1680000,6819.999999866376,-512783.5689686148,300.8700877266839,1.028561297232968,104
1685000,6839.999999865903,-512537.8772415444,298.3677709664043,1.0225871153048454,104
1690000,6859.99999986543,-512495.1666729923,300.4886738854757,1.0242684298042843,104
1695000,6879.999999864957,-511648.28765517473,301.78783099181555,1.0304768936690714,104
1700000,6899.999999864484,-513183.6860741405,303.38901463563747,1.0310377840241047,104
1705000,6919.999999864011,-512572.3651769154,300.83783892379466,1.0280098161210784,104
1710000,6939.9999998635385,-511675.00079050753,300.75039654724986,1.027448844467925,104
1715000,6959.999999863066,-514103.0720643641,300.75069041115125,1.0301433376961966,104
1720000,6979.999999862593,-512482.5749957147,296.80291198469314,1.024134894461443,104
1725000,6999.99999986212,-511608.2523336429,302.2121678506497,1.0225729719913867,104
1730000,7019.999999861647,-513183.63292096974,302.4296281098151,1.0267264349063816,104
1735000,7039.999999861174,-511690.13891974534,298.32814627979656,1.0255712138222282,104
1740000,7059.999999860701,-512374.69429725944,300.8104956770633,1.025059999485716,104
1745000,7079.999999860228,-512575.4885256933,300.7164128214817,1.0227216150911718,104
1750000,7099.999999859755,-513752.73145343014,301.4722428113951,1.0258898792389133,104
1755000,7119.999999859282,-511940.05361561244,301.20421883997244,1.0238849224231001,104
1760000,7139.999999858809,-512396.2557154314,300.74551883251195,1.0234884493006342,104
1765000,7159.999999858336,-512216.5745849223,302.5991075836449,1.029041977187689,104
1770000,7179.999999857863,-512759.7604550803,302.4023354433752,1.0269826174068126,104
1775000,7199.99999985739,-511924.97421682463,302.15266500821286,1.0247006932681806,104
1780000,7219.999999856917,-512731.28711133986,300.1001438555875,1.0251091992969616,104
1785000,7239.999999856444,-511927.7154176887,298.61478549506967,1.029721774881894,104
1790000,7259.9999998559715,-513387.8576752739,298.17801378408507,1.024125382519662,104
1795000,7279.999999855499,-511095.18060555914,302.879716834213,1.0238067433616203,104
1800000,7299.999999855026,-513223.50622395054,302.21743180529967,1.0250048808231818,104
1805000,7319.999999854553,-512615.3781162882,299.84064009111944,1.029065448686415,104
1810000,7339.99999985408,-512578.5953098617,299.25428358313485,1.0234869404122728,104
1815000,7359.999999853607,-512077.1411049762,301.3362276742131,1.0229552347129673,104
1820000,7379.999999853134,-512950.8520379886,302.3428252466145,1.0312287324170666,104
1825000,7399.999999852661,-512752.1452468266,299.56993645088505,1.0265838903292082,104
1830000,7419.999999852188,-512277.86449064733,301.5612215751325,1.0230536877313543,104
1835000,7439.999999851715,-512979.1315161204,299.5825331453529,1.0243684459125892,104
1840000,7459.999999851242,-512675.34640478157,299.66271073680855,1.02695059631127,104
1845000,7479.999999850769,-511743.4065339959,299.33668003009836,1.0286429102096426,104
1850000,7499.999999850296,-511211.60866673104,302.408718791377,1.0252864774835688,104
1855000,7519.999999849823,-512356.59238306317,302.1968690459597,1.026886926829787,104
1860000,7539.99999984935,-511851.17870358634,299.33630343276053,1.0233138427339064,104
1865000,7559.999999848877,-513688.806595132,299.75888401139025,1.023598091682544,104
1870000,7579.9999998484045,-512677.9116109924,300.27234803829197,1.0274976382439682,104
1875000,7599.999999847932,-512369.17976404075,300.102903442703,1.0258389770984317,104
1880000,7619.999999847459,-513065.3021976012,298.3393277369948,1.0243525279038068,104
1885000,7639.999999846986,-511983.1070281898,301.2375632977309,1.0250604808933903,104
1890000,7659.999999846513,-512065.36131588044,302.72647495620197,1.0259139680755,104
1895000,7679.99999984604,-513058.92440600647,299.3483737936289,1.0273812448787185,104
1900000,7699.999999845567,-511881.0825790819,302.3445022286649,1.0268601748799007,104
1905000,7719.999999845094,-511250.3822642169,299.95072327389295,1.023953273099267,104
1910000,7739.999999844621,-512180.5334913628,300.33818295076674,1.025156055695662,104
1915000,7759.999999844148,-512081.8211801355,302.2278940040986,1.0289685312504973,104
1920000,7779.999999843675,-511504.25080432324,303.09048359744924,1.023158356919076,104
1925000,7799.999999843202,-512590.928097934,301.14576340507114,1.0260699852052555,104
1930000,7819.999999842729,-512492.0007125563,300.19711237982494,1.0288658876965442,104
1935000,7839.999999842256,-513250.19870193605,301.11472799664006,1.0297094861690101,104
1940000,7859.999999841783,-512111.5709942358,306.34037020467036,1.0292325611226516,104
1945000,7879.9999998413105,-512477.7024898422,302.1195155977213,1.0267436794042364,104
1950000,7899.9999998408375,-512230.8029129652,303.5451963957255,1.024130395315861,104
1955000,7919.999999840365,-512448.54367388994,298.63951713602523,1.0281100552675837,104
1960000,7939.999999839892,-513066.5334437578,300.1943845479723,1.0269371835794123,104
1965000,7959.999999839419,-513610.5888779368,298.5980470810136,1.0300504177807719,104
1970000,7979.999999838946,-511890.2821767584,300.66174270698724,1.0266600511887098,104
1975000,7999.999999838473,-512007.3749041774,300.9033407640611,1.025283681654286,104
1980000,8019.999999838,-511699.01111901714,300.83259249666423,1.026272465311931,104
1985000,8039.999999837527,-513637.0726263302,301.53394590728146,1.0243298911719152,104
1990000,8059.999999837054,-512874.5383531216,302.1466472718985,1.0277875054701697,104
1995000,8079.999999836581,-512846.1794147182,301.3170966170601,1.0297029669825177,104
2000000,8099.999999836108,-512866.73626455804,302.58469189245295,1.0278485945935534,104
2005000,8119.999999835635,-512557.28852127003,301.6032679272933,1.022734769213151,104
2010000,8139.999999835162,-512826.6846413631,300.4820868630602,1.0216831511611761,104
2015000,8159.999999834689,-512141.29580925195,298.10803130570804,1.024510155038075,104
2020000,8179.999999834216,-511788.7509835188,297.8913702373215,1.0252356339214632,104
2025000,8199.999999835562,-511649.46655539353,303.60139505497983,1.027916948204338,104
2030000,8219.999999839636,-512823.5435389485,303.21685963688,1.0239643663751792,104
2035000,8239.99999984371,-512870.2721832243,298.347731310624,1.023567289528984,104
2040000,8259.999999847785,-511642.1041727036,302.70756089169413,1.0246445276752552,104
2045000,8279.99999985186,-510947.7996651579,301.4785306268456,1.0232959576654188,104
2050000,8299.999999855934,-512653.01995802345,299.23827982150175,1.0302679133767927,104
2055000,8319.999999860009,-512172.94222886954,301.05728042933896,1.024718873094701,104
2060000,8339.999999864083,-511906.91161470185,301.9432452867939,1.0240036291407717,104
2065000,8359.999999868158,-511950.33449806296,301.6463198463691,1.0267571533760593,104
2070000,8379.999999872232,-511095.0798605969,303.2999176618991,1.0261202680767425,104
2075000,8399.999999876307,-511576.30220130575,301.85142806587413,1.0269364054980585,104
2080000,8419.999999880381,-513467.07485435135,301.12819638133584,1.02851574015321,104
2085000,8439.999999884456,-512225.5856650793,300.24809315400705,1.0233328878047387,104
2090000,8459.99999988853,-511995.0911910122,302.77963050276986,1.029000525915205,104
2095000,8479.999999892605,-513831.2248952242,301.62602802149286,1.0258687103057866,104
2100000,8499.99999989668,-512221.7630485578,302.7152281934351,1.0253261697357114,104
2105000,8519.999999900754,-513924.4536810415,297.8887050596801,1.0299744851558814,104
2110000,8539.999999904829,-512507.22170178103,299.09826624370703,1.030776500200521,104
2115000,8559.999999908903,-512318.46952934866,302.12645018628587,1.0265037893149354,104
2120000,8579.999999912978,-512944.8483104189,299.87302465897585,1.026671383598115,104
2125000,8599.999999917052,-512641.92552036745,305.48482105108866,1.0253053814611637,104
2130000,8619.999999921127,-513127.18443165696,299.45831925278054,1.0311098730372288,104
2135000,8639.999999925201,-512608.6717156104,300.64908951316687,1.0271867336441896,104
2140000,8659.999999929276,-512890.30693600094,303.0248650861193,1.0260322512880735,104
2145000,8679.99999993335,-510691.0163188558,300.6831633357265,1.0217263055032966,104
2150000,8699.999999937425,-513646.5581393095,302.0623959773475,1.0309421663831115,104
2155000,8719.9999999415,-512092.3563172284,300.60161043093933,1.0255975995301414,104
2160000,8739.999999945574,-511764.3841019983,300.9874870563678,1.0258979307424478,104
2165000,8759.999999949649,-511990.63088353677,301.55203622273467,1.0264797738903952,104
2170000,8779.999999953723,-512588.0083465434,297.3119880913686,1.0250845619390625,104
2175000,8799.999999957798,-513403.67014443036,297.6601511228842,1.0271529846616525,104
2180000,8819.999999961872,-511999.21093600406,301.02273836472955,1.0253114383075175,104
2185000,8839.999999965947,-511767.4826496623,301.4996271520056,1.024399353791303,104
2190000,8859.999999970021,-511919.705785722,300.5828733636502,1.0212220992973657,104
2195000,8879.999999974096,-513481.957365185,299.5356867879386,1.0254019334096711,104
2200000,8899.99999997817,-513402.03279760387,300.35109375819343,1.028651771163307,104
2205000,8919.999999982245,-512934.631530582,299.4846820110602,1.0301450864650301,104
2210000,8939.99999998632,-511558.61279572384,302.0024602324436,1.025990121089944,104
2215000,8959.999999990394,-513764.2687688966,301.03980723813754,1.025298700072423,104
2220000,8979.999999994468,-514055.2360991081,300.9382911011882,1.031091974568497,104
2225000,8999.999999998543,-512860.01079176716,300.47272991033907,1.0314525488126454,104
2230000,9020.000000002618,-513008.1136988371,301.81484937991945,1.0262445984071265,104
2235000,9040.000000006692,-511935.3549217852,298.09104490440467,1.028197771448436,104
2240000,9060.000000010767,-511907.1373751664,299.8686462697256,1.0279454986084506,104
2245000,9080.000000014841,-511853.6266025675,300.3538660570441,1.0274169470352477,104
2250000,9100.000000018916,-512236.81031604274,299.99151778524146,1.0290451450564637,104
2255000,9120.00000002299,-512568.41216546646,301.42454860349784,1.0272177849267123,104
2260000,9140.000000027065,-512666.25600363687,300.2347492715018,1.0257952923644489,104
2265000,9160.00000003114,-511922.74679656187,301.4351454262256,1.0211211921516665,104
2270000,9180.000000035214,-511409.08140158886,300.36952172262056,1.024467344924795,104
2275000,9200.000000039288,-512196.38641451066,298.9796945688756,1.0212215502947444,104
2280000,9220.000000043363,-512989.3676546542,300.0321584753069,1.0290155987773084,104
2285000,9240.000000047437,-512635.1292469143,299.61738695630595,1.0274403991645176,104
2290000,9260.000000051512,-513235.4863240784,300.2180841559377,1.028130758364299,104
2295000,9280.000000055586,-512921.31109033804,300.30353831860725,1.02879819149726,104
2300000,9300.000000059661,-511921.6978066026,300.77207269352095,1.0258226505212114,104
2305000,9320.000000063736,-513426.37324373913,301.3978570962178,1.0245391044090884,104
2310000,9340.00000006781,-512267.30765695684,302.81997414749105,1.0289519880520648,104
2315000,9360.000000071885,-513002.59113224735,304.2619653067186,1.0268067423372997,104
2320000,9380.00000007596,-513051.39498284203,300.98467051472227,1.0301779689833903,104
2325000,9400.000000080034,-513767.5249331,300.65568170692364,1.0270530075726092,104
2330000,9420.000000084108,-511459.6454523192,301.056722964794,1.0272926299335705,104
2335000,9440.000000088183,-512726.89139839495,301.9599355950878,1.0259926512682003,104
2340000,9460.000000092257,-512060.23397160904,301.3333246975663,1.0220476081658465,104
2345000,9480.000000096332,-511660.6034384023,300.5553590924511,1.0255733432274214,104
2350000,9500.000000100406,-512564.97109793243,299.6012174538681,1.024129050785191,104
2355000,9520.000000104481,-513016.16692588385,301.40139558835864,1.0271672883370129,104
2360000,9540.000000108555,-511954.49442879646,301.76840228156897,1.0251305098199843,104
2365000,9560.00000011263,-512910.2367835881,299.75015100814096,1.0235880840089173,104
2370000,9580.000000116705,-512465.41183737596,301.523635500418,1.0248057489848614,104
2375000,9600.000000120779,-511875.15255088964,302.62769836109356,1.028169253819529,104
2380000,9620.000000124854,-513293.0760410121,300.4089648853601,1.026203646965578,104
2385000,9640.000000128928,-511188.109183877,301.1448829165633,1.0260162751114401,104
2390000,9660.000000133003,-512050.44660198176,301.253728967255,1.027452266652037,104
2395000,9680.000000137077,-511219.0472478168,301.38742988390345,1.0248868226327907,104
2400000,9700.000000141152,-513494.16111227893,300.4494588600844,1.0280236832373963,104
2405000,9720.000000145226,-511689.66590727284,303.437545172753,1.0275773190885993,104
2410000,9740.0000001493,-513031.16102581844,298.39718794132983,1.0272283206978206,104
2415000,9760.000000153375,-511730.79727869947,298.4288764815789,1.027701504714384,104
2420000,9780.00000015745,-513785.6311398132,301.3879469638199,1.0280018206121435,104
2425000,9800.000000161524,-510844.14954633196,298.7728318552699,1.0237095126006672,104
2430000,9820.000000165599,-512647.1558637719,303.15427646702653,1.0257316254305582,103
2435000,9840.000000169674,-514180.96525142295,300.7382020059483,1.0261773664669738,103
2440000,9860.000000173748,-512308.66592252953,299.22980315410865,1.024984417275197,103
2445000,9880.000000177823,-512208.73791654664,301.3297561324753,1.0235512182108712,103
2450000,9900.000000181897,-511953.74936817586,302.464159801059,1.0217155776925329,103
2455000,9920.000000185972,-512894.44468916,298.76757649211567,1.027698619929045,103
2460000,9940.000000190046,-512322.14541835943,299.91322495201376,1.0228903758569239,103
2465000,9960.00000019412,-512762.70758242696,299.2688661718556,1.0291513306786368,103
2470000,9980.000000198195,-513054.59388364246,298.25311837720454,1.027397384109025,103
2475000,10000.00000020227,-512599.5721122967,301.9170422030793,1.0238760222821306,103
2480000,10020.000000206344,-511493.2258218874,300.042994096491,1.0230187867598506,103
2485000,10040.000000210419,-513440.8146056023,299.33916172909903,1.0239442782630972,103
2490000,10060.000000214493,-512333.87254920206,302.23948412090334,1.027193492688502,103
2495000,10080.000000218568,-513986.68265322666,304.1624268599768,1.0283169365303422,103
2500000,10100.000000222642,-511577.3243106359,298.72461392930626,1.0232697919123366,103
2505000,10120.000000226717,-511849.89349413547,302.73764258480617,1.0221485985708123,103
2510000,10140.000000230792,-512404.49762090854,298.90537789272787,1.0260618851476346,103
2515000,10160.000000234866,-512636.3789083818,301.284648960084,1.0249560016611328,103
2520000,10180.00000023894,-511860.0191871333,301.76605090839246,1.0257194186314633,103
2525000,10200.000000243015,-513205.1992748834,300.9502142656092,1.0285945499080082,103
2530000,10220.00000024709,-511443.90550393984,298.9837816293573,1.0238022900563066,103
2535000,10240.000000251164,-511380.3465336608,301.8565158100791,1.028030208546552,103
2540000,10260.000000255239,-512914.8834214087,300.52782922169536,1.027572423845648,103
2545000,10280.000000259313,-512786.19096573605,302.0183525858422,1.0262509903531098,103
2550000,10300.000000263388,-513426.4330778043,299.4884072034707,1.0260475339578154,103
2555000,10320.000000267462,-512012.1475236912,300.2834101701174,1.0259498167786132,103
2560000,10340.000000271537,-512617.1103005046,296.57088831315923,1.0232097545029326,103
2565000,10360.000000275611,-512612.531284085,301.76694948390207,1.027432282575516,103
2570000,10380.000000279686,-513147.52169674425,301.3011647479337,1.0266542271392962,103
2575000,10400.00000028376,-512431.1739244007,301.2166307190253,1.0268039429967029,103
2580000,10420.000000287835,-513390.5074659891,303.9469353643102,1.030280237034767,103
2585000,10440.00000029191,-512923.6155379086,303.054907923639,1.0283820586322006,103
2590000,10460.000000295984,-513579.9399372332,299.2200754155161,1.0338193164040999,103
2595000,10480.000000300059,-512805.51278550504,297.13189976416146,1.0284726124008317,103
2600000,10500.000000304133,-512736.1078865812,302.4400309697793,1.0256897834705725,103
2605000,10520.000000308208,-513143.28568372317,298.2455431698684,1.0280816137117106,103
2610000,10540.000000312282,-512695.753185631,299.717271833189,1.0282426262529134,103
2615000,10560.000000316357,-512655.28603571607,302.5874557351135,1.0285051129774858,103
2620000,10580.000000320431,-513360.78253010404,302.0489861255833,1.0262744753327828,103
2625000,10600.000000324506,-511967.33374751615,300.5905908005319,1.0246968907426108,103
2630000,10620.00000032858,-512561.8412647231,300.2022906213626,1.0244736757812805,103
2635000,10640.000000332655,-512986.11348304665,298.29829759996056,1.0284495539270186,103
2640000,10660.00000033673,-513069.8905812362,299.3636158677223,1.0284026077277593,103
2645000,10680.000000340804,-512288.4441902784,301.66394136065674,1.0257443736768634,103
2650000,10700.000000344879,-513249.9625353324,301.0931412641602,1.0304784257706148,103
2655000,10720.000000348953,-513743.5367147536,300.087579896776,1.0300521768699669,103
2660000,10740.000000353028,-511795.40890744515,302.0141667123103,1.0236922600826448,103
2665000,10760.000000357102,-511930.2896377512,300.28847684414677,1.0225838784130983,103
2670000,10780.000000361177,-512712.08293782687,301.9091783013816,1.0249553541120653,103
2675000,10800.000000365251,-512681.7184941699,299.1320464044547,1.024792151489377,103
2680000,10820.000000369326,-513067.6016436005,300.2290630895106,1.02683082013143,103
2685000,10840.0000003734,-511987.8684598105,303.9867032822185,1.0236341562411286,103
2690000,10860.000000377475,-511702.3522224552,301.6961103198391,1.0250373833583961,103
2695000,10880.00000038155,-511840.07280297717,297.3964991463335,1.0250730998447355,103
2700000,10900.000000385624,-512916.34621066786,301.4318214069557,1.0281352452849204,103
2705000,10920.000000389698,-511835.35802127863,297.7725308880078,1.0270102154696714,103
2710000,10940.000000393773,-512582.05438887374,300.46207523881066,1.0206123985547315,103
2715000,10960.000000397848,-512549.05029922,298.12452840777553,1.0274864161896693,103
2720000,10980.000000401922,-512690.9554838708,303.2000852769863,1.0264543727932576,103
2725000,11000.000000405997,-512109.75022453954,301.5913358748107,1.022088822477667,103
2730000,11020.000000410071,-512260.48101744545,301.68510351228576,1.0241856363077297,103
2735000,11040.000000414146,-511580.97398918704,299.74444307577454,1.0251883113470681,103
2740000,11060.00000041822,-511757.7210093844,301.1571795855312,1.023638596269084,103
2745000,11080.000000422295,-511556.3506266717,301.62063488061403,1.0242641421515295,103
2750000,11100.00000042637,-512376.8621720213,303.1354641674208,1.0276025131083257,103
2755000,11120.000000430444,-513138.9199512361,301.05727168947504,1.0281892243509876,103
2760000,11140.000000434518,-512820.727192031,298.65568537670566,1.0276705960392392,103
2765000,11160.000000438593,-511560.95393517846,302.5357230324035,1.027625249191476,103
2770000,11180.000000442667,-511941.646643511,301.2477178918854,1.0221638008929483,103
2775000,11200.000000446742,-511509.2824011268,299.9463872378746,1.018790849831669,103
2780000,11220.000000450817,-512335.0436278451,301.7341450317478,1.0256717669702466,103
2785000,11240.000000454891,-511931.5159496572,301.6840683952255,1.0240793170122433,103
2790000,11260.000000458966,-512212.5241412227,303.35918335781815,1.0228717940829133,103
2795000,11280.00000046304,-512763.53914768714,300.12419480825463,1.0291577313643778,103
2800000,11300.000000467115,-511687.2304466467,303.7692622861481,1.0259671909306327,103
2805000,11320.00000047119,-512363.1604749337,301.43798597881744,1.0243862383844478,103
2810000,11340.000000475264,-513550.02375698206,301.96033937543,1.0257649606526988,103
2815000,11360.000000479338,-512537.4622120857,300.95412999112904,1.0256134038354823,103
2820000,11380.000000483413,-512370.50964007154,300.36684890864547,1.0251159925255724,103
2825000,11400.000000487487,-512327.00315449294,300.77579565828484,1.0222803421710633,103
2830000,11420.000000491562,-511814.62096682494,301.4004516165616,1.0228339327107951,103
2835000,11440.000000495636,-512338.67819154775,303.17333688892603,1.0243770908547014,103
2840000,11460.000000499711,-512321.88335436163,300.0090508145366,1.024486434998166,103
2845000,11480.000000503785,-511527.84768149024,299.91803940932175,1.0264822972134648,103
2850000,11500.00000050786,-513574.96891007386,299.3481220834849,1.0267196168381298,103
2855000,11520.000000511935,-511658.8414309672,300.4163759839871,1.024398136500975,103
2860000,11540.00000051601,-512445.5625027297,301.30533537557386,1.0274511226294287,103
2865000,11560.000000520084,-512455.82560936967,299.7914424462416,1.027292550726796,103
2870000,11580.000000524158,-512216.8598136578,299.59911668881904,1.0247159900188627,103
2875000,11600.000000528233,-513737.44108792883,298.4277418635806,1.031112731755462,103
2880000,11620.000000532307,-513342.31656622584,299.61432643891555,1.0260618378288753,103
2885000,11640.000000536382,-511693.7871650546,302.50608866443395,1.0251586940879596,103
2890000,11660.000000540456,-511755.29316218966,298.2117618688235,1.0229614002399119,103
2895000,11680.00000054453,-513136.38551494665,299.61028615071007,1.0302829485324458,103
2900000,11700.000000548605,-512410.10302802315,301.82253233147907,1.0285776882330837,103
2905000,11720.00000055268,-513356.3046319466,302.3299251938534,1.0262518939987393,103
2910000,11740.000000556754,-512750.0959150756,301.2411927042306,1.0268782484493117,103
2915000,11760.000000560829,-512402.93079888006,303.9592288743683,1.0256425086139078,103
2920000,11780.000000564904,-511600.36456454895,302.9678549291308,1.0245571202630093,103
2925000,11800.000000568978,-512280.8466264161,300.1457692848276,1.0234330963541018,103
2930000,11820.000000573053,-512507.792316952,300.62679074159627,1.028155300209303,103
2935000,11840.000000577127,-512059.14324866235,300.54332997588943,1.0262069478157612,103
2940000,11860.000000581202,-512280.96192292613,301.26591677669495,1.0244062040335826,103
2945000,11880.000000585276,-512141.0554206327,301.9269938983843,1.0267836176022822,103
2950000,11900.00000058935,-512897.41877423995,300.32825060569064,1.0266232064469274,103
2955000,11920.000000593425,-512641.5234064632,300.5038117340113,1.0261056342571233,103
2960000,11940.0000005975,-511566.7755318468,300.3308017646937,1.0271578529674992,103
2965000,11960.000000601574,-513384.6193217486,301.6475868775082,1.0273015907780179,103
2970000,11980.000000605649,-511733.3561151421,301.1530207330295,1.0272419872813303,103
2975000,12000.000000609723,-512567.29714615014,301.3932825330993,1.0295558259744955,103
2980000,12020.000000613798,-511503.6061311073,301.1909100509765,1.0248639576832679,103
2985000,12040.000000617873,-512924.1825742873,301.40986930574434,1.0322634397428199,103
2990000,12060.000000621947,-512224.49517884804,302.1554354121272,1.0324528798828199,103
2995000,12080.000000626022,-511982.5110136429,300.88843491486443,1.0241188596613582,103
3000000,12100.000000630096,-513294.6213061828,299.95029624966276,1.0283443922530706,103
3005000,12120.00000063417,-511878.29883075994,300.1373031302807,1.0247619938759458,103
3010000,12140.000000638245,-512953.8901828246,300.0667368169203,1.025307416770399,103
3015000,12160.00000064232,-511719.4494869362,302.42127461243155,1.0240737125943886,103
3020000,12180.000000646394,-512297.8197599207,299.27729340566435,1.0246358653970284,103
3025000,12200.000000650469,-512944.0484592817,301.77801996752777,1.0291638512555341,103
3030000,12220.000000654543,-511899.9903677041,297.5970423036055,1.0260764582100403,103
3035000,12240.000000658618,-511221.3784576594,303.1058145861336,1.028833854961042,103
3040000,12260.000000662692,-513483.7651887825,300.6061561215046,1.0250840580753706,103
3045000,12280.000000666767,-513110.9658075238,303.15258966246876,1.0261635459465361,103
3050000,12300.000000670841,-511675.60011608526,297.8530243923983,1.0202443276442468,103
3055000,12320.000000674916,-513323.6893346498,301.2632724638621,1.0257373237027905,103
3060000,12340.00000067899,-513293.7589953181,302.1876413792515,1.029244699684208,103
3065000,12360.000000683065,-511592.25142175076,302.96454233862573,1.0214636772736685,103
3070000,12380.00000068714,-512263.5008047386,303.7981351220259,1.0260765353295216,103
3075000,12400.000000691214,-511756.65619706106,302.6622124154167,1.0268696722625206,103
3080000,12420.000000695289,-511766.00016306806,301.2988551964887,1.0270631147066391,103
3085000,12440.000000699363,-512726.0455531988,302.24246585798227,1.0262242047489176,103
3090000,12460.000000703438,-512384.2268140039,299.30193571569004,1.0287999277674398,103
3095000,12480.000000707512,-513100.7058017673,301.9286602651886,1.0251820798525169,103
3100000,12500.000000711587,-511591.0794311499,303.89471589174224,1.0251560616598452,103
3105000,12520.000000715661,-511768.346768477,303.18019740796234,1.0281989131878648,103
3110000,12540.000000719736,-512143.17678191233,298.6874489252789,1.0265888740720732,103
3115000,12560.00000072381,-512096.2282396739,299.0568393985589,1.0261379208726737,103
3120000,12580.000000727885,-511190.7440975888,302.842587009795,1.0244032546402235,103
3125000,12600.00000073196,-512158.9307588483,301.93805607478225,1.02393095560482,103
3130000,12620.000000736034,-512038.9590941251,302.94492626236604,1.023271833851677,103
3135000,12640.000000740109,-513325.0084906188,300.4972811111472,1.0250008037148197,103
3140000,12660.000000744183,-511712.34058657056,301.4021289319443,1.024511467650186,103
3145000,12680.000000748258,-513848.54602217465,299.1751783655415,1.030807923358597,103
3150000,12700.000000752332,-511558.7990063953,300.2563959853145,1.0251634923022208,103
3155000,12720.000000756407,-511882.6593736976,302.10045819205857,1.0239443713855316,103
3160000,12740.000000760481,-513171.18013083865,300.51082039685446,1.0296367109972078,103
3165000,12760.000000764556,-511941.66495757503,301.25448939187345,1.0315871659623137,103
3170000,12780.00000076863,-512873.4907296323,299.83216059254414,1.0278263905098337,103
3130000,12620.000000736034,-511699.58123295056,301.57617173201504,1.0226797558186418,--
3135000,12640.000000740109,-512475.29630816285,302.5834252192595,1.0275176593289157,107
3140000,12660.000000744183,-512219.97501316806,303.4774250815378,1.0273965866765244,106
3145000,12680.000000748258,-512099.0232516292,300.7460530097423,1.0235927567434837,106
3150000,12700.000000752332,-512541.47924255463,301.321062158637,1.0233681877392788,106
3155000,12720.000000756407,-511900.78977686795,301.481874482767,1.0253991237532842,106
3160000,12740.000000760481,-512289.6454384462,301.5527007538555,1.0287870435545525,106
3165000,12760.000000764556,-510732.36656881194,301.01211221178863,1.024876796384578,105
3170000,12780.00000076863,-512112.45476366463,300.4041605826193,1.0249981400821522,105
3175000,12800.000000772705,-514143.88825425925,302.7627696727756,1.0276273507472236,105
3180000,12820.00000077678,-513946.63757123286,301.20929637664403,1.0276733532048403,105
3185000,12840.000000780854,-512802.70768584986,299.1071942885619,1.0262596766307224,105
3190000,12860.000000784928,-512620.6621385615,300.3359491646534,1.027384662635494,105
3195000,12880.000000789003,-512864.8982553284,301.0716311668984,1.0247969345824082,105
3200000,12900.000000793078,-512376.4694403894,299.3099803622851,1.0258031196351711,105
3205000,12920.000000797152,-512660.60151712503,300.05418284686664,1.0250363142791579,105
3210000,12940.000000801227,-512653.82993798284,299.2207062949376,1.026547616547179,105
3215000,12960.000000805301,-513210.11886988976,305.15198157956877,1.0266604056833253,105
3220000,12980.000000809376,-510964.9533137998,301.5165465244646,1.0258651656036932,105
3225000,13000.00000081345,-513273.8199601348,300.3146986710815,1.0306699170672924,105
3230000,13020.000000817525,-512204.46880204347,301.59740314568546,1.0272660207400361,105
3235000,13040.0000008216,-513264.786781925,302.34087765222836,1.0262736333046696,105
3240000,13060.000000825674,-513310.5873477617,300.7966185520264,1.0312416424071567,105
3245000,13080.000000829748,-511874.47121937876,298.83614085865634,1.025247121702759,105
3250000,13100.000000833823,-514585.4136390744,300.9938505933585,1.0302115216770777,105
3255000,13120.000000837897,-513406.6790981104,302.6098425660511,1.0328689124648949,105
3260000,13140.000000841972,-513479.5043126617,299.8457098728021,1.0297750042922769,104
3265000,13160.000000846047,-512270.14315646957,302.8185648616979,1.0247351581614967,104
3270000,13180.000000850121,-511675.6620874631,300.69496777834325,1.0268206413659455,104
3275000,13200.000000854196,-513770.9668770577,301.12560245131766,1.0274503225227645,104
3280000,13220.00000085827,-512578.4680929093,300.5010901433705,1.0269123020399764,104
3285000,13240.000000862345,-512421.1005891706,304.1459095460997,1.027269958038773,104
3290000,13260.00000086642,-512504.36937722214,299.5014327124529,1.026676614878734,104
3295000,13280.000000870494,-511685.55054846127,303.3510887554288,1.02790735240507,104
3300000,13300.000000874568,-513094.0360035526,301.0970213290018,1.0247697195067866,104
3305000,13320.000000878643,-513117.82634349633,300.65113217655835,1.0266100575983825,104
3310000,13340.000000882717,-512695.2044765742,299.93643668557013,1.0250240432849205,104
3315000,13360.000000886792,-511582.1125543013,303.1387124821262,1.0268930788224524,104
3320000,13380.000000890866,-511357.80708037666,300.3547928432392,1.0267258287605994,104
3325000,13400.000000894941,-512298.93861834565,300.8203572359039,1.0259714232662496,104
3330000,13420.000000899016,-512115.49649877497,300.0966802915321,1.0281092425970901,104
3335000,13440.00000090309,-512744.02661887114,301.01189251052006,1.0275229718986958,104
3340000,13460.000000907165,-512578.9055220878,300.43479020342716,1.0255969790776658,104
3345000,13480.00000091124,-513422.1856637038,297.73868426537626,1.0294022985956206,104
3350000,13500.000000915314,-512631.7904058751,301.2102102213931,1.0268207621382333,104
3355000,13520.000000919388,-512883.65540754236,301.94032750752893,1.0252565771425,104
3360000,13540.000000923463,-513304.435679385,300.27120247854975,1.0273708204771395,104
3365000,13560.000000927537,-512651.40596484765,301.21424629378225,1.0273823493398992,104
3370000,13580.000000931612,-512434.1688098905,301.4538682407989,1.0289613913323232,104
3375000,13600.000000935686,-512805.84820402786,299.4216026821359,1.0239366110860812,104
3380000,13620.00000093976,-512004.7069680046,299.94902834869384,1.0234795914993933,104
3385000,13640.000000943835,-512249.75127264136,300.12670140385694,1.0231900651602182,104
3390000,13660.00000094791,-511785.87423669244,300.8034850846726,1.0231779840704807,104
3395000,13680.000000951984,-512032.01486725616,299.97374318048895,1.02538332760568,104
3400000,13700.000000956059,-512519.75061858725,300.1628033017382,1.025946744398218,104
3405000,13720.000000960134,-512420.6703326409,302.13795920160817,1.0235341803457172,104
3410000,13740.000000964208,-512288.93835562374,300.52946486576855,1.025948463486204,104
3415000,13760.000000968283,-512298.95420265524,304.0573984716268,1.0252300075349443,104
3420000,13780.000000972357,-511828.13240149803,300.1626118593519,1.0248852791754157,104
3425000,13800.000000976432,-513522.60430908715,296.8378905545679,1.0258736042549008,104
3430000,13820.000000980506,-511290.96790524386,300.5065564891794,1.0257049331898114,104
3435000,13840.00000098458,-512636.11773625435,298.4186233102718,1.0266838902942443,104
3440000,13860.000000988655,-512026.5157213593,300.6348484113216,1.0277659950673423,104
3445000,13880.00000099273,-513178.33650974976,301.446030515019,1.0309986590813254,104
3450000,13900.000000996804,-512088.5025929902,302.5632009592769,1.02803640562806,104
3455000,13920.000001000879,-512462.76089363126,302.13974877705243,1.027960853182543,104
3460000,13940.000001004953,-512739.66801225976,301.9351230131216,1.0234566280742539,104
3465000,13960.000001009028,-511823.11200260627,300.3759035604334,1.0255436864084098,104
3470000,13980.000001013103,-513549.6914994514,297.6101653783919,1.0284062737996698,104
3475000,14000.000001017177,-511842.09985222877,300.24410076229856,1.026909668467204,104
3480000,14020.000001021252,-512947.5274677328,300.65469731815097,1.0254301220480866,104
3485000,14040.000001025326,-512699.59173639887,304.04699153001985,1.0278217098984994,104
3490000,14060.0000010294,-511803.61463787896,301.46435483252765,1.0264286469377635,104
3495000,14080.000001033475,-511263.14770413865,298.48012697871184,1.024206772497719,104
3500000,14100.00000103755,-512281.3944024865,301.13611118338116,1.023130504579971,104
3505000,14120.000001041624,-513338.26969048125,298.9683077351472,1.0265230296327321,104
3510000,14140.000001045699,-513132.45991313504,301.51606114778895,1.0249602707899914,104
3515000,14160.000001049773,-512412.4230745407,300.7913918098368,1.022825777613797,104
3520000,14180.000001053848,-514261.0194376884,302.0766661637602,1.029212898528845,104
3525000,14200.000001057922,-511964.4556411577,300.9844150960461,1.0256135003147488,104
3530000,14220.000001061997,-512109.4952031418,299.4562012971821,1.0239852970990093,104
3535000,14240.000001066071,-512072.4550943645,301.76304713659084,1.0253627528750167,104
3540000,14260.000001070146,-511433.93221187685,297.9115082385295,1.0229943311416447,104
3545000,14280.00000107422,-511567.488213039,302.66864708329626,1.0256260179336956,104
3550000,14300.000001078295,-512698.15635237587,302.216401146831,1.0280200888044548,104
3555000,14320.00000108237,-512120.91920862184,301.7721839268244,1.0273102350987022,104
3560000,14340.000001086444,-511857.1204260262,301.1912461358346,1.0262259289556972,104
3565000,14360.000001090519,-512606.1362859877,302.0600177237737,1.0295644122336758,104
3570000,14380.000001094593,-512953.1241316304,300.5549901897271,1.0266906948585894,104
3575000,14400.000001098668,-512041.19330295734,301.65469572933245,1.0275857239835997,104
3580000,14420.000001102742,-511533.3246758301,300.94747433551566,1.0247154496702857,104
3585000,14440.000001106817,-512905.66082835384,302.7942574029484,1.0310947707404763,104
3590000,14460.000001110891,-512089.33409687853,300.5747489371183,1.0295149340067957,104
3595000,14480.000001114966,-512034.41201082454,301.14961190691633,1.0260705439517641,104
3600000,14500.00000111904,-512049.1900224199,301.17598358782,1.0252543942668624,104
3605000,14520.000001123115,-511512.81648701406,303.48443618989137,1.0265569189232508,104
3610000,14540.00000112719,-513133.3218393193,300.42564057639066,1.0310605993450561,104
3615000,14560.000001131264,-512945.0814401109,298.54552220016063,1.0254510415822413,104
3620000,14580.000001135339,-512673.59415358724,298.9754964160652,1.0229019361143596,104
3625000,14600.000001139413,-512168.9545558931,301.3816624947469,1.0229902518680496,104
3630000,14620.000001143488,-512369.94506950513,301.7519955156338,1.0274379010005794,104
3635000,14640.000001147562,-512340.9255422079,303.8216137337567,1.0260381398391378,104
3640000,14660.000001151637,-511777.20216567,301.5183520289231,1.0287104145061396,104
3645000,14680.000001155711,-512596.1082869582,298.89295481813707,1.023556347799479,104
3650000,14700.000001159786,-511381.41372503457,300.8638655159996,1.0257716870184919,104
3655000,14720.00000116386,-512210.3434799432,299.52191349682505,1.029287138426553,104
3660000,14740.000001167935,-512185.9304455784,301.16627054442654,1.0233021305783745,104
3665000,14760.00000117201,-512620.5681085922,301.8775850517787,1.028271048673543,104
3670000,14780.000001176084,-512520.90990748745,302.2659726404248,1.0232544798228898,104
3675000,14800.000001180159,-514537.4619826188,299.0223621204064,1.0304039251756576,104
3680000,14820.000001184233,-513398.46099959756,299.9280390772402,1.0269568183634745,104
3685000,14840.000001188308,-513012.0501264562,301.46787396952203,1.025967854074266,104
3690000,14860.000001192382,-511741.2634927132,302.6786047754269,1.020542246164544,104
3695000,14880.000001196457,-512147.4335687815,300.5763082354696,1.0232686394059045,104
3700000,14900.000001200531,-513218.28916445165,300.7250265219168,1.0267935046955485,104
3705000,14920.000001204606,-513040.4423900158,302.424412190499,1.027371783459765,104
3710000,14940.00000120868,-511900.97390983277,300.7066836658745,1.0276500503936898,104
3715000,14960.000001212755,-512935.02286111354,299.3537811511125,1.0260922508364307,104
3720000,14980.00000121683,-512142.6198516111,298.75552499703986,1.0221651094203115,104
3725000,15000.000001220904,-512165.7705000853,300.35894983116026,1.0241516569776423,104
3730000,15020.000001224978,-512709.9383610182,302.3349992626299,1.0263168864881895,104
3735000,15040.000001229053,-512360.1185757192,298.68886099384025,1.0270309245406932,104
3740000,15060.000001233127,-513032.26315303263,300.50815930529706,1.0256009500749619,104
3745000,15080.000001237202,-512597.89983564266,299.7168849053652,1.0244119651727817,104
3750000,15100.000001241277,-512565.41564753116,300.82760277738265,1.027353106322648,104
3755000,15120.000001245351,-513696.82288369676,302.2295354783536,1.0289297174104886,104
3760000,15140.000001249426,-510637.76040230785,299.33508184402166,1.0285221829480735,104
3765000,15160.0000012535,-514386.40764233144,303.1723707767065,1.0297398347145954,104
3770000,15180.000001257575,-512758.28801303986,301.4490900990955,1.0257186912646328,104
3775000,15200.00000126165,-512889.70705098356,301.8909112457366,1.0226326476490326,104
3780000,15220.000001265724,-513815.0780718273,301.2205646879615,1.0300526146176585,104
3785000,15240.000001269798,-512904.4211520518,299.45980399295115,1.024862565395606,104
3790000,15260.000001273873,-511707.39912308194,300.94947287169424,1.029101548477747,104
3795000,15280.000001277947,-512063.5926741997,302.77101752431105,1.0294898807469886,104
3800000,15300.000001282022,-512736.68807129515,302.9998160086738,1.0267708309501955,104
3805000,15320.000001286096,-512185.47048604465,300.0167225935092,1.025860462816476,104
3810000,15340.000001290171,-512216.73747721035,302.16781859750034,1.0257722792767,104
3815000,15360.000001294246,-512573.1715199121,300.64437548083055,1.0287978800487165,104
3820000,15380.00000129832,-511728.16951428517,300.58892300868604,1.0272804723160593,104
3825000,15400.000001302395,-512905.57058736705,302.9696972055373,1.0286436210348786,104
3830000,15420.00000130647,-512552.30135202943,297.30491584883833,1.0275058670943047,104
3835000,15440.000001310544,-512565.944036013,300.22118750147797,1.025682238906505,104
3840000,15460.000001314618,-512567.9095368935,302.73709906791976,1.023523213971827,104
3845000,15480.000001318693,-512740.47332180967,301.1171240833796,1.0242918907938745,104
3850000,15500.000001322767,-512260.9340537458,300.7642066528566,1.0258157215835262,104
3855000,15520.000001326842,-513004.2540833871,301.18059600127486,1.0291652550917512,104
3860000,15540.000001330916,-513353.7801314185,301.1735581729884,1.034737511201747,104
3865000,15560.00000133499,-511952.6311272546,298.8658906815052,1.0264802077820174,104
3870000,15580.000001339065,-513349.079203784,302.24108024160165,1.0249701056046678,104
3875000,15600.00000134314,-512993.71259527095,300.2999928989971,1.0281704851801008,104
3880000,15620.000001347214,-514238.54086193675,302.48498780995493,1.028567951169028,104
3885000,15640.000001351289,-513543.24462670065,302.50384650299526,1.0267334958729089,104
3890000,15660.000001355364,-513487.52515637456,299.0912122370237,1.0294155444708566,104
3895000,15680.000001359438,-512066.78988196934,299.0375893049204,1.0297265235970108,104
3900000,15700.000001363513,-513643.71958587575,299.4111337903295,1.0279897952843444,104
3905000,15720.000001367587,-513114.53896869905,302.5661878657766,1.029192584621561,104
3910000,15740.000001371662,-513124.92706392705,301.3316836327443,1.0268214555813697,104
3915000,15760.000001375736,-513457.89796043676,301.1569862666211,1.0281623489857423,104
3920000,15780.00000137981,-512340.2221595908,302.05684645118896,1.0240096408074635,104
3925000,15800.000001383885,-512522.08277675835,301.73659083283076,1.0253328678816347,104
3930000,15820.00000138796,-511557.8248179131,303.4196807397086,1.0257302962631747,104
3935000,15840.000001392034,-511865.93658562424,298.3053078703417,1.0203638548327716,104
3940000,15860.000001396109,-512602.2404473908,302.2534624998925,1.0255749353962522,104
3945000,15880.000001400183,-511251.4768801611,300.5686789104835,1.0254087034787782,104
3950000,15900.000001404258,-512280.9883794158,301.2297778467824,1.0240969868857204,104
3955000,15920.000001408333,-513510.0034626622,303.1781033572701,1.0248695310699716,104
3960000,15940.000001412407,-512701.7840878819,300.3693674968959,1.029475803773722,104
3965000,15960.000001416482,-512257.0129954745,301.1485930487261,1.0276595268631048,104
3970000,15980.000001420556,-513869.0977845895,299.9118367896205,1.0237969050640796,104
3975000,16000.00000142463,-513648.95493554254,299.31403273922615,1.0251725161093335,104
3980000,16020.000001428705,-511910.53052593884,300.5635520700897,1.026300545657582,104
3985000,16040.00000143278,-511667.33021306875,299.61718809682,1.0249750314362587,104
3990000,16060.000001436854,-511445.82844296447,301.10962066323435,1.0244451568774322,104
3995000,16080.000001440929,-512321.9892659243,301.30957177848205,1.021900511095104,104
4000000,16100.000001445003,-512856.67409430374,301.78252170934365,1.026618628550499,104
4005000,16120.000001449078,-512850.8485115012,298.2347712754749,1.0305651576295636,104
4010000,16140.000001453152,-512063.0869759915,298.7437122510419,1.0299750615396719,104
4015000,16160.000001457227,-511620.8062607832,300.3736433892846,1.0232525952061375,104
4020000,16180.000001461302,-513043.53842681064,300.0393847894203,1.028716306203669,104
4025000,16200.000001465376,-511636.80310968356,303.0197926536976,1.0277297615921497,104
4030000,16220.00000146945,-511207.27669927594,304.1520914818922,1.0230670657831742,104
4035000,16240.000001473525,-511933.80173976,302.568668424093,1.026400808962451,104
4040000,16260.0000014776,-512065.292873187,301.2128826535951,1.0263461981531763,104
4045000,16280.000001481674,-511229.7965246483,298.4016598275669,1.0252596402902014,104
4050000,16300.000001485749,-514201.52097209427,300.361687267781,1.0289307788269224,104
4055000,16320.000001489823,-512452.99111956684,301.25492229058017,1.0244959718030602,104
4060000,16340.000001493898,-511205.94606112223,301.34708165665955,1.0210833834320052,104
4065000,16360.000001497972,-513367.45650911145,298.4388254850643,1.0266384881269284,104
4070000,16380.000001502047,-511546.37510343106,302.56760351556335,1.02299497476836,104
4075000,16400.00000150612,-513371.2534157592,299.9151504351352,1.0252683809561025,104
4080000,16420.000001510194,-512246.6043164369,301.0876834009263,1.0258940162175556,104
4085000,16440.00000151427,-511954.67067524465,299.49552935741445,1.0244780323692237,104
4090000,16460.000001518343,-512144.0152130539,300.6934018434625,1.0324767787919271,104
4095000,16480.000001522418,-512405.7254256271,300.94164328205267,1.022462013210152,104
4100000,16500.000001526492,-512771.689884773,301.75324483328126,1.0265680666247419,104
4105000,16520.000001530567,-511863.3428482227,301.03828217686953,1.0261451354732576,104
4110000,16540.00000153464,-512976.53734413185,300.0670574373805,1.0264868849083728,104
4115000,16560.000001538716,-512123.5021255836,300.3890850922784,1.021817234644858,104
4120000,16580.00000154279,-512903.4631317912,300.9622680345418,1.0296445929385278,104
4125000,16600.000001546865,-511668.73804196506,301.581609984277,1.0238674868773736,104
4130000,16620.00000155094,-513281.1565598184,302.6292295595268,1.0302681527740025,104
4135000,16640.000001555014,-513107.0725799727,300.36543168190497,1.026589821175128,104
4140000,16660.00000155909,-512789.9988258837,300.76311621662745,1.02444748440616,104
4145000,16680.000001563163,-513407.40026716935,304.38629311244534,1.0257151022037299,104
4150000,16700.000001567238,-512292.0339928884,302.21854422879795,1.0271336910504927,104
4155000,16720.000001571312,-513334.6624790847,301.15251545964884,1.0301141761690529,104
4160000,16740.000001575387,-512222.07453136425,299.4918119144306,1.0298363461793012,104
4165000,16760.00000157946,-512676.50443214946,301.75610352721424,1.0266750470372317,104
4170000,16780.000001583536,-512058.32624203875,301.8969765573836,1.0225399081068265,104
4175000,16800.00000158761,-511518.9229270704,298.88133085740435,1.0235010197910634,104
4180000,16820.000001591685,-512281.64245892013,301.8691412499518,1.0285791771688317,104
4185000,16840.00000159576,-512671.3836361265,301.39394203276305,1.0245503735549701,104
4190000,16860.000001599834,-512000.1556702533,303.54822276239366,1.0287438854064843,104
4195000,16880.00000160391,-513287.665938454,301.22933800744414,1.0294526831822624,104
4200000,16900.000001607983,-511973.57432902534,299.03128760019626,1.0205511062646568,104
4205000,16920.000001612058,-511578.37472267845,299.97300814847836,1.0239885727297822,104
4210000,16940.000001616132,-511506.7535464524,302.76467038975954,1.0289444233425398,104
4215000,16960.000001620207,-512571.49565550126,302.7658420417236,1.0256962773820024,104
4220000,16980.00000162428,-511957.47622226924,301.50136772541566,1.0266347234732072,104
4225000,17000.000001628356,-512511.0471672374,298.67532937175014,1.0245378562622736,104
4230000,17020.00000163243,-513040.2962491822,298.61859539257466,1.0287379029158608,104
4235000,17040.000001636505,-512602.14300410706,300.6990398839088,1.026240782009044,104
4240000,17060.00000164058,-513713.0881931449,298.2486853711808,1.0271442806515148,104
4245000,17080.000001644654,-512869.97368536564,299.25847977093923,1.0247658976629836,104
4250000,17100.00000164873,-512070.09243474645,299.95007840819807,1.0287060420159773,104
4255000,17120.000001652803,-512150.50503148534,301.9271432631457,1.025785044036328,104
4260000,17140.000001656877,-513027.77022973634,300.18841711989984,1.0261727821801674,104
4265000,17160.000001660952,-511348.9802844925,299.8734820700348,1.0247414576020693,104
4270000,17180.000001665027,-512196.5363369726,301.63842984189586,1.0275150381825617,104
4275000,17200.0000016691,-511930.7519563823,300.64681629254045,1.0260025054417483,104
4280000,17220.000001673176,-512985.0232028614,300.9355913399825,1.025098745444607,104
4285000,17240.00000167725,-512402.9269160372,301.27673266612754,1.0243419544440302,104
4290000,17260.000001681325,-512373.5858859541,301.21413193397666,1.0244782444335894,104
4295000,17280.0000016854,-512556.8764667709,302.78632030657457,1.0264172471896706,104
4300000,17300.000001689474,-512235.232739195,303.2064326744164,1.0277804434621902,104
4305000,17320.00000169355,-513189.9306963119,301.1788160173122,1.0263535966118131,104
4310000,17340.000001697623,-513561.0009103194,301.61817897229906,1.0283039995698868,104
4315000,17360.000001701697,-511529.61151740747,302.11629441838903,1.0265780688672832,104
4320000,17380.000001705772,-512084.992917208,303.80059639320007,1.0248388294759219,104
4325000,17400.000001709846,-512888.62130739214,300.96648562689825,1.0269564227626145,104
4330000,17420.00000171392,-512590.7041457244,299.7938772291256,1.027148333491053,104
4335000,17440.000001717995,-512487.2082396315,297.9689400278793,1.0297228414284174,104
4340000,17460.00000172207,-512390.53201100393,301.8258126835766,1.0260607244452604,104
4345000,17480.000001726145,-512060.60971408966,300.72676550134094,1.0256536579201032,104
4350000,17500.00000173022,-511766.9373766554,299.5500546698069,1.0248894808187419,104
4355000,17520.000001734294,-513053.7839134387,298.318204905814,1.0262143124823768,104
4360000,17540.000001738368,-512290.503860611,302.11065051202326,1.0247031801331214,104
4365000,17560.000001742443,-511624.0724408326,301.54115397360266,1.0274949834945077,104
4370000,17580.000001746517,-512526.0130199457,303.5631187217566,1.029641092940399,104
4375000,17600.00000175059,-512665.6278194047,300.04556967377243,1.02741608342788,104
4380000,17620.000001754666,-512024.1451703706,302.1139407379176,1.026238694316738,104
4385000,17640.00000175874,-512024.3924892924,300.64241679221544,1.0275105683409116,104
4390000,17660.000001762815,-513188.7573964221,301.37661588505256,1.0252992612705472,104
4395000,17680.00000176689,-511304.5424389299,300.9545765314597,1.022448719287872,104
4400000,17700.000001770964,-513539.73534428584,301.76857231598143,1.0302330609740757,104
4405000,17720.00000177504,-512952.41114128614,299.85712158857604,1.0256198461990582,104
4410000,17740.000001779114,-513302.19139286526,302.7917242827965,1.0321462366166163,104
4415000,17760.000001783188,-511608.2098399182,301.951894240279,1.0223222532431813,103
4420000,17780.000001787263,-511431.7583325652,302.19444426421563,1.0257036477827544,103
4425000,17800.000001791337,-513515.0419998998,301.4121812859095,1.0251207956995856,103
4430000,17820.00000179541,-513040.03921293886,301.71134249484504,1.026679225550039,103
4435000,17840.000001799486,-512771.145645123,300.87460562621544,1.0284472401658475,103
4440000,17860.00000180356,-512211.1289925368,300.0274805537314,1.0265986599994428,103
4445000,17880.000001807635,-512896.338577667,302.55681266005877,1.0286339630567545,103
4450000,17900.00000181171,-511925.4606123781,297.382508245021,1.0262251152855173,103
4455000,17920.000001815784,-512884.74959822604,300.241639844908,1.02452877421177,103
4460000,17940.00000181986,-511443.20715885004,299.59491556516747,1.0281439198740383,103
4465000,17960.000001823933,-511667.48335457896,302.2203227175282,1.0259078111493367,103
4470000,17980.000001828008,-512027.6912691749,298.4673663263536,1.0234471303550892,103
4475000,18000.000001832082,-512249.6764784865,300.7001341303186,1.0230628579720151,103
4480000,18020.000001836157,-512339.26347559877,303.5542706135632,1.024134710813868,103
4485000,18040.00000184023,-513989.0695252449,299.96634396040423,1.0275268324629483,103
4490000,18060.000001844306,-512423.38855477655,301.2597380472649,1.027195073069101,103
4495000,18080.00000184838,-513346.73244192544,299.3042655586818,1.0291410877713025,103
4500000,18100.000001852455,-511807.28221202455,298.3773952867023,1.0229323742543455,103
4505000,18120.00000185653,-512627.807109497,300.19083296491294,1.0272900921837635,103
4510000,18140.000001860604,-511880.5512534713,305.9278305758576,1.028610494314404,103
4515000,18160.00000186468,-510608.33698356966,298.8721937842353,1.0225448470378766,103
4520000,18180.000001868753,-513048.4302289563,300.2961799180835,1.0239701432770252,103
4525000,18200.000001872828,-512683.7574685158,302.4208777987202,1.024653079966593,103
4530000,18220.000001876902,-512821.03829112556,299.8844860610659,1.0268065371854658,103
4535000,18240.000001880977,-512702.25137813156,302.8103638581921,1.0255726798351297,103
4540000,18260.00000188505,-514074.0897640451,300.44712704815385,1.0286827825875944,103
4545000,18280.000001889126,-512158.11520404066,300.39797475579417,1.0262389366632962,103
4550000,18300.0000018932,-512566.39703546604,296.4852877864758,1.0255734613777243,103
4555000,18320.000001897275,-511926.3295943383,301.7651295029321,1.0293984144304031,103
4560000,18340.00000190135,-513708.6346806581,298.7731222633723,1.0281654030357341,103
4565000,18360.000001905424,-514633.745679619,299.5596265911343,1.0277708677168764,103
4570000,18380.0000019095,-512863.7379410721,303.3320114940363,1.0268318803257426,103
4575000,18400.000001913573,-511071.49388025,300.6560691555798,1.024346775400405,103
4580000,18420.000001917648,-513434.70057119173,304.0806507419017,1.0302759256825442,103
4585000,18440.000001921722,-513324.97209661664,300.0944896199793,1.025290467636056,103
4590000,18460.000001925797,-512693.1188352045,300.06081629929247,1.0275204230592898,103
4595000,18480.00000192987,-513042.7698123499,302.3252976095553,1.0279073183283625,103
4600000,18500.000001933946,-513000.26239848346,300.9794690375926,1.0280534475734107,103
4605000,18520.00000193802,-513532.29706543754,300.0941400731675,1.024106536412075,103
4610000,18540.000001942095,-512118.32126160245,301.4971891876383,1.0245656442208737,103
4615000,18560.00000194617,-512122.4932611061,301.0434397262872,1.0250410950132616,103
4620000,18580.000001950244,-512279.93619634095,301.32314728732905,1.0260426272832823,103
4625000,18600.00000195432,-512946.3337987014,302.5347645008223,1.0274994560814639,103
4630000,18620.000001958393,-513306.25962797017,301.30679104922706,1.025113325061005,103
4635000,18640.000001962468,-512798.78028874774,300.79749561501757,1.0287456539599802,103
4640000,18660.000001966542,-512522.5055853536,302.0562162170558,1.024022501763215,103
4645000,18680.000001970617,-512122.39954826585,299.09837313282947,1.0251238430683574,103
4650000,18700.00000197469,-511979.9341003236,301.43151877937123,1.0258452848603514,103
4655000,18720.000001978766,-513047.02980552963,301.1003323860773,1.0260121472075245,103
4660000,18740.00000198284,-512064.72525115544,300.51513889565814,1.0267789479318088,103
4665000,18760.000001986915,-511957.0976826437,298.71958431251056,1.0309983696769556,103
4670000,18780.00000199099,-512024.8298280551,299.2912889143511,1.0269003604988853,103
4675000,18800.000001995064,-512795.02692666044,301.6423615839626,1.0262327654415069,103
4680000,18820.00000199914,-513580.51146084303,303.2133682149324,1.0319764503369446,103
4685000,18840.000002003213,-512476.98908922775,297.5337712248713,1.0257722696517764,103
4690000,18860.000002007288,-512775.0329676857,301.34756178894054,1.0317868400560333,103
4695000,18880.000002011362,-513170.27022724994,299.34423148644817,1.0250059664648963,103
4700000,18900.000002015437,-512734.489505477,298.8932999142173,1.0283256728215884,103
4705000,18920.00000201951,-512286.5752489583,299.64000638620297,1.0299504935242976,103
4710000,18940.000002023586,-513969.5126132574,302.08099530766015,1.0288303290880332,103
4715000,18960.00000202766,-512030.54362546257,305.2126627265495,1.0227552746668418,103
4720000,18980.000002031735,-513237.21146124485,299.6883771885666,1.026409265120726,103
4725000,19000.00000203581,-512597.3044120928,300.8000103193641,1.02557815330565,103
4730000,19020.000002039884,-512770.7355016549,300.99866448491895,1.027566457920368,103
4690000,18860.000002007288,-512093.4228574063,301.7443593149669,1.0267846663686153,0
4695000,18880.000002011362,-511542.90328208334,304.00338307426,1.0278466252240122,107
4700000,18900.000002015437,-513412.21905901586,300.05641192081475,1.0274230750519502,107
4705000,18920.00000201951,-512204.86959847854,301.00781679380276,1.0269060964066898,106
4710000,18940.000002023586,-512607.9185723441,302.55887456349615,1.0246834035882249,106
4715000,18960.00000202766,-513667.767416317,301.4936807246696,1.0254691032053347,106
4720000,18980.000002031735,-513269.9974670487,301.37620835993994,1.0252736493866528,106
4725000,19000.00000203581,-512635.4262412728,299.37114020988656,1.0270381461710871,106
4730000,19020.000002039884,-511517.46694901586,302.34428176998915,1.0234936035253894,105
4735000,19040.00000204396,-511223.96869701566,302.42400726275815,1.0252987769149238,105
4740000,19060.000002048033,-512972.9641317057,299.4997637138625,1.0253449001674346,105
4745000,19080.000002052107,-512146.4242007078,300.7213901246553,1.028157966154526,105
4750000,19100.000002056182,-513334.3035288481,299.81247642204477,1.0258523370726222,105
4755000,19120.000002060257,-511459.9971621651,300.2724837013512,1.025575813649893,105
4760000,19140.00000206433,-514366.99844600656,300.35545909358575,1.0268463557261815,105
4765000,19160.000002068406,-513579.0872151363,301.49050919257525,1.0293686579201395,105
4770000,19180.00000207248,-513153.18751021987,303.9306934842235,1.0295365982184568,105
4775000,19200.000002076555,-511930.555223153,298.3199582183903,1.0262120687525855,105
4780000,19220.00000208063,-512614.4269157862,300.5121001884453,1.0251486958870066,104
4785000,19240.000002084704,-512437.16164894146,302.954375173641,1.0283348395149645,104
4790000,19260.00000208878,-512491.35921067465,303.2246284800158,1.0292425446560156,104
4795000,19280.000002092853,-513296.0766236314,299.9144875494197,1.0235348446581705,104
4800000,19300.000002096927,-512723.2003122659,302.3566531340362,1.0232063600547163,104
4805000,19320.000002101002,-512178.05960395443,301.1957646060294,1.0277747205637882,104
4810000,19340.000002105076,-512969.39005103265,299.45244715883825,1.0273595999636993,104
4815000,19360.00000210915,-513019.6840641389,298.2109393829914,1.027240683089539,104
4820000,19380.000002113225,-513251.48351184325,300.490657919028,1.0220851062185032,104
4825000,19400.0000021173,-513803.880614009,303.7849982572457,1.027099654022612,104
4830000,19420.000002121375,-512354.3583272954,299.9875635125106,1.0310551005990811,104
4835000,19440.00000212545,-511398.6719519575,300.62063764586327,1.0242177103437287,104
4840000,19460.000002129524,-512622.3997190709,301.14890279424793,1.0282702194511069,104
4845000,19480.000002133598,-512494.7284796203,300.0198271585899,1.0272809522301174,104
4815000,19360.00000210915,-512807.56039168686,299.7269649096886,1.0326759971028672,--
4820000,19380.000002113225,-513364.90607242985,302.0773567783086,1.027314022506237,107
4825000,19400.0000021173,-512059.25529305846,300.4397979154648,1.0276152201507551,107
4830000,19420.000002121375,-513217.9530207778,298.64415265509825,1.0253240575413465,106
4835000,19440.00000212545,-513886.8203587278,299.95324426406853,1.0329189262456833,106
4840000,19460.000002129524,-512532.4352111269,299.58058793522383,1.0251811837569949,106
4845000,19480.000002133598,-513154.24151424225,303.17740002829277,1.0275868554824925,105
4850000,19500.000002137673,-512906.81837913115,298.74584145688146,1.030151393561053,105
4855000,19520.000002141747,-512874.4594051144,299.94300648699004,1.0280553769789689,105
4860000,19540.00000214582,-512987.53070335183,302.87901554061875,1.0267609902858246,105
4865000,19560.000002149896,-514281.1424723321,301.55498512037116,1.027340156312492,105
4870000,19580.00000215397,-513269.7814812516,300.52458791258255,1.0218528248362937,104
4875000,19600.000002158045,-512711.6493327725,300.78350324689694,1.0246853025878153,104
4880000,19620.00000216212,-512620.86085115257,299.6165105671822,1.0285259984041335,104
4885000,19640.000002166194,-513145.26575767295,301.8355001273761,1.028622482087284,104
4890000,19660.00000217027,-512610.38708315627,300.5356554286737,1.0242496660235898,104
4895000,19680.000002174344,-512575.9472751303,300.74511471223536,1.0259191625505382,104
4900000,19700.000002178418,-513561.0151151591,299.95188542806443,1.0286459339590077,104
4905000,19720.000002182493,-512620.8358120308,302.17717992467675,1.0245312648042935,104
4880000,19620.00000216212,-513981.9313156456,301.33940809249185,1.0264991292059975,--
4885000,19640.000002166194,-513692.44292285456,299.879420547112,1.0246153140159133,105
4890000,19660.00000217027,-511862.31856366317,302.2459758682928,1.0227539511171442,105
4895000,19680.000002174344,-511864.7829473193,301.4900377306058,1.0244159146649765,105
4900000,19700.000002178418,-511784.41826999094,303.22298865642387,1.0251839231976894,104
4905000,19720.000002182493,-511881.820812311,300.55757300681796,1.023983275153404,104
4910000,19740.000002186567,-513456.4498496554,298.91946445368677,1.0268797897985638,104
4915000,19760.00000219064,-513011.9947151325,299.96357119753026,1.0253098804256913,104
4920000,19780.000002194716,-512670.7206902767,299.1317673955939,1.0282667158275587,104
4925000,19800.00000219879,-511466.4227409577,301.5311516391711,1.0287627470860743,103
4930000,19820.000002202865,-511730.4101614151,300.4186780364396,1.0234081170269218,103
4935000,19840.00000220694,-511759.02589160926,302.6461138544243,1.0260862927736454,103
4940000,19860.000002211014,-512784.6084501385,299.7563715926512,1.0274762356384686,103
4945000,19880.00000221509,-513265.51261318964,300.49020241878344,1.0317954519884558,103
4950000,19900.000002219163,-512095.0829848554,303.617981249345,1.0263471159937787,103
4955000,19920.000002223238,-510890.9252495016,298.7125589146359,1.0255306619985483,103
4960000,19940.000002227313,-512289.88773288066,298.04740929764574,1.0276204027647928,103
4940000,19860.000002211014,-512800.6848280607,300.38762081038635,1.0243161793922277,--
4945000,19880.00000221509,-512250.9876998437,298.9186935502831,1.0272599257252972,107
4950000,19900.000002219163,-511612.14859685185,300.05070328547936,1.0258764210070481,106
4955000,19920.000002223238,-511854.5942705723,300.9937047183229,1.0273772794373894,106
4960000,19940.000002227313,-513483.1082238145,298.7835846497982,1.0268102785788764,105
4965000,19960.000002231387,-511364.8670303186,299.1565476733085,1.0287523679598998,105
4970000,19980.00000223546,-511889.8349382321,301.95476434953633,1.0220068540986795,105
4975000,20000.000002239536,-511488.24796132697,299.1489957274436,1.0244148070134853,105
4980000,20020.00000224361,-510701.25041957945,303.55904841145764,1.0262708770496864,105
4985000,20040.000002247685,-512535.2504365947,301.1246269938814,1.0227353913392694,104
4990000,20060.00000225176,-512703.44687287766,301.95419690375167,1.0245754468937258,104
4995000,20080.000002255834,-511209.28272421286,302.5307457201674,1.0243503062399226,104
5000000,20100.00000225991,-512105.8844826643,299.7659000074684,1.027349960367355,104
5005000,20120.000002263983,-513123.54171823733,302.6450175349809,1.0314634297096748,104
5010000,20140.000002268058,-511813.9945924601,299.88662692541425,1.027314939937121,104
5015000,20160.000002272132,-513307.386170062,300.5111197323184,1.024730074360154,104
5020000,20180.000002276207,-511532.02319758525,301.8659766535162,1.0239844546394958,104
5025000,20200.00000228028,-512812.0521233403,303.0923903342857,1.026466783080154,104
5005000,20120.000002263983,-512264.4051880138,302.0756114090568,1.0244853207748268,--
5010000,20140.000002268058,-512288.42673674575,302.22918753879077,1.0249305424250872,102
5015000,20160.000002272132,-513525.4441112438,300.91824731760903,1.0263219744639078,101
5020000,20180.000002276207,-511268.87779682945,299.9524538949464,1.0238324093072297,101
5025000,20200.00000228028,-512765.0157116004,297.97302089456275,1.0312511378418185,100
5030000,20220.000002284356,-511163.9171097032,299.7038304971709,1.0232887032610678,100
5035000,20240.00000228843,-511892.635242617,301.37093198323964,1.023181474459438,100
5040000,20260.000002292505,-513025.18835684983,299.0205381852568,1.0278487127031541,100
5045000,20280.00000229658,-513464.814114057,301.1974076963898,1.0255814299937545,100
5050000,20300.000002300654,-512135.80422020145,298.7516495919395,1.024831461631539,99.9
5055000,20320.00000230473,-512589.7088582227,299.33104917345054,1.0297433687656683,99.9
5060000,20340.000002308803,-513096.668626538,300.6695662880252,1.0234189545361836,99.8
5065000,20360.000002312878,-514198.11669716355,300.6204876444047,1.0316598879823955,99.7
5070000,20380.000002316952,-512877.1322051806,300.05749035970524,1.029959739757901,99.7
5075000,20400.000002321027,-511283.87917625345,300.60384442381616,1.0210141418151,99.7
5080000,20420.0000023251,-511852.8284027444,301.9123774662667,1.0230408483151663,99.7
5085000,20440.000002329176,-512210.29083907837,301.2750427330815,1.025284297733879,99.6
5065000,20360.000002312878,-513836.36456498015,299.83200452407965,1.0291291473297113,--
5070000,20380.000002316952,-510959.01391978515,302.1389898896428,1.0279379694006727,102
5075000,20400.000002321027,-512682.90304109105,299.64285629116296,1.0262523318110714,102
5080000,20420.0000023251,-511927.72108455445,302.20123763214207,1.0240680196833236,101
5085000,20440.000002329176,-512851.71628220915,300.0197202226169,1.0275233990842993,101
5090000,20460.00000233325,-511584.45262419735,304.44205105325113,1.0246725921616096,101
5095000,20480.000002337325,-513633.6317401589,300.9964995675362,1.029339254520238,101
5100000,20500.0000023414,-511531.2246870464,300.427373652644,1.0259931068774677,101
5105000,20520.000002345474,-512711.7890130335,302.6178105052139,1.028596381253762,100
5110000,20540.00000234955,-511196.4232783334,302.41803941304084,1.0260420604921607,100
5115000,20560.000002353623,-512259.5662422511,299.5062313479863,1.0273298074737018,100
5120000,20580.000002357698,-511691.1826335937,300.4699013764261,1.0248377282741479,100
5125000,20600.000002361772,-511807.8503605542,300.7339343367001,1.0249375364726117,99.9
5130000,20620.000002365847,-512543.2220129492,302.1661842320991,1.0286072857543722,99.9
5135000,20640.00000236992,-512987.5888474656,301.0881745776897,1.0286157721363174,99.8
5140000,20660.000002373996,-512250.6193257626,302.8183612055911,1.0219957601883378,99.8
5145000,20680.00000237807,-512241.8463983298,299.5171984893931,1.0264638048294383,99.8
5130000,20620.000002365847,-511995.9837830325,300.94958294381166,1.0312820957605366,--
5135000,20640.00000236992,-512408.59444219293,299.7532331468142,1.0244223081070805,106
5140000,20660.000002373996,-512802.3016144594,302.4052446071807,1.0239112399893717,105
5145000,20680.00000237807,-513984.6068978172,302.34664078141594,1.0324567000923204,105
5150000,20700.000002382145,-513250.7590701869,300.71081603434567,1.0267126399767794,105
5155000,20720.00000238622,-511375.26116368314,301.64225823482246,1.024461288790669,105
5160000,20740.000002390294,-511904.5110612919,302.0555589175655,1.0257676797296889,104
5165000,20760.00000239437,-511644.49965872685,301.64308097075923,1.0265939675359699,104
5170000,20780.000002398443,-510918.62236384023,299.23797538931234,1.0259100980562368,104
5175000,20800.000002402518,-511605.2573158918,301.8149487085169,1.0222663409699024,104
5180000,20820.000002406592,-512014.2668868485,299.92673987323724,1.02393540579069,104
5185000,20840.000002410667,-512019.02843892644,302.28127611476907,1.0316270304536717,104
5190000,20860.00000241474,-512586.6422739746,303.7932770579007,1.0236200646058362,104
5195000,20880.000002418816,-514085.8170368844,300.1385143817087,1.0307508070831586,104
5200000,20900.00000242289,-511702.4690747515,302.0168810438015,1.0235112353913078,104
5205000,20920.000002426965,-511658.6670646714,301.6079834904746,1.0245123963548954,103
5190000,20860.00000241474,-511803.8491693209,299.97792050057024,1.023281758234174,--
5195000,20880.000002418816,-512014.48607318406,299.6798791757068,1.023724743046002,103
5200000,20900.00000242289,-513698.5396318962,299.47983539924326,1.0285895392477205,103
5205000,20920.000002426965,-513179.56122999755,301.66858100687125,1.0287996032014162,103
5210000,20940.00000243104,-512048.33743345574,302.60407550454363,1.0268441590597996,103
5215000,20960.000002435114,-512305.1397743805,301.8033944073652,1.0277481900174743,102
5220000,20980.00000243919,-512122.0540383856,301.0760809039016,1.0257463938939588,102
5225000,21000.000002443263,-513141.5620099213,300.7444829641758,1.0273272130657685,102
5230000,21020.000002447337,-511991.9936518618,300.32252707988994,1.0275486772423552,102
5235000,21040.000002451412,-512895.151151726,302.8374055442759,1.0261944528898117,102
5240000,21060.000002455487,-512280.0715209234,301.9335481447515,1.028409407761559,102
5245000,21080.00000245956,-511970.0743198402,300.11975456747444,1.026524949841024,101
5250000,21100.000002463636,-513235.6945734308,302.4130495282871,1.0277319749165115,101
5255000,21120.00000246771,-513941.7109891311,299.8594856844335,1.0324296001695612,101
5260000,21140.000002471785,-512786.4228189436,301.5629089577769,1.0270650511553037,101
5265000,21160.00000247586,-512281.00525556505,299.4259596649085,1.0254569790728871,101
5270000,21180.000002479934,-512064.00807520165,302.14739694795014,1.0221070205950706,101
5255000,21120.00000246771,-513259.72304732795,303.56952848557813,1.028345135620692,--
5260000,21140.000002471785,-513061.4978815338,299.89454243050045,1.0283256255592141,106
5265000,21160.00000247586,-513331.57511280733,300.9728024734028,1.03136761968516,106
5270000,21180.000002479934,-513093.7482370718,298.35698659113115,1.0240987759869846,105
5275000,21200.00000248401,-512149.8636014259,300.7515012312536,1.022810488033901,105
5280000,21220.000002488083,-511495.63124600495,302.61110095795726,1.0231744882733333,105
5285000,21240.000002492157,-513318.88240241376,302.3612309789188,1.0290585967966226,105
5290000,21260.000002496232,-513295.62636852474,300.6399543075777,1.0245651836960548,105
5295000,21280.000002500306,-514027.75583457435,301.161480149024,1.030874024645063,104
5300000,21300.00000250438,-512852.7760290187,299.6858504916586,1.0260570280766015,104
5305000,21320.000002508456,-513192.3439595497,300.4038964840879,1.028208534166758,104
5310000,21340.00000251253,-513051.36370581435,298.6110737183887,1.0301046972556762,104
5315000,21360.000002516605,-512620.9810632465,301.9547076540659,1.02593532384557,104
5320000,21380.00000252068,-511602.01690166444,300.6932129215416,1.0274166139951142,104
5325000,21400.000002524754,-512352.24593330687,299.7710058293078,1.0280616712353812,104
5330000,21420.00000252883,-513226.56019676337,298.2281207351305,1.0272454002052511,104
5335000,21440.000002532903,-512202.2806585713,301.27633081830817,1.028767406950122,104
5340000,21460.000002536977,-512397.804542626,300.4555351642351,1.0297921034845054,104
5315000,21360.000002516605,-513280.5595495859,301.3529856589758,1.0257816483067692,--
5320000,21380.00000252068,-511351.25411396637,301.6065085090872,1.0266613622214005,104
5325000,21400.000002524754,-512674.3461896507,302.8995655413868,1.023879597553107,104
5330000,21420.00000252883,-512750.8953235815,300.97380891989945,1.025327258044572,103
5335000,21440.000002532903,-512845.85757521866,301.442167174973,1.0289073523678058,103
5340000,21460.000002536977,-511786.04445853573,300.5482263716086,1.0223675635720122,103
5345000,21480.00000254105,-511987.8828108881,303.95707780096296,1.027307227788908,103
5350000,21500.000002545126,-510659.07423521066,301.8607169384191,1.0234342350865597,103
5355000,21520.0000025492,-511716.3834818499,301.79032284631387,1.024716908039701,102
5360000,21540.000002553275,-511985.7575303151,303.15596001710304,1.029170708457055,102
5365000,21560.00000255735,-512323.34155760356,300.30844214290425,1.0215484505119032,102
5370000,21580.000002561424,-512970.45768216415,302.51755277114324,1.0321472588406746,102
5315000,21360.000002516605,-513280.55954958685,301.3529856589758,1.0257816483067692,--
5320000,21380.00000252068,-511351.25411396613,301.6065085090872,1.0266613622214005,107
5325000,21400.000002524754,-512674.3461896512,302.8995655413868,1.023879597553107,106
5330000,21420.00000252883,-512750.895323582,300.97380891989945,1.025327258044572,106
5335000,21440.000002532903,-512845.8575752191,301.442167174973,1.0289073523678058,105
5340000,21460.000002536977,-511786.04445853597,300.5482263716086,1.0223675635720122,105
5345000,21480.00000254105,-511987.88281088835,303.95707780096296,1.027307227788908,105
5350000,21500.000002545126,-510659.0742352109,301.8607169384191,1.0234342350865597,105
5355000,21520.0000025492,-511716.3834818504,301.79032284631387,1.024716908039701,105
5360000,21540.000002553275,-511985.75753031555,303.15596001710304,1.029170708457055,104
5365000,21560.00000255735,-512323.34155760356,300.30844214290425,1.0215484505119032,104
5370000,21580.000002561424,-512970.4576821637,302.51755277114324,1.0321472588406746,104
5375000,21600.0000025655,-512581.07210062584,302.15443516634065,1.0256340938949329,104
5380000,21620.000002569574,-512287.19234617543,302.6242633570213,1.0201433815324028,104
5385000,21640.000002573648,-511395.62329701986,300.7075313606115,1.0241592271043405,104
5390000,21660.000002577723,-512674.2578398327,301.217732922634,1.0261389007057315,104
5395000,21680.000002581797,-512437.63680056133,299.5902986380123,1.0279361173340118,104
5380000,21620.000002569574,-512107.03906853474,302.1988388540644,1.0255484662469492,--
5385000,21640.000002573648,-512651.3878300595,299.4843270407005,1.02733406698852,105
5390000,21660.000002577723,-514171.39170712815,302.72649592887257,1.0273538792520087,105
5395000,21680.000002581797,-512636.3993163686,299.9668665342726,1.030548385667027,105
5400000,21700.00000258587,-511445.9116955751,300.1538557939909,1.0223927143964977,104
5405000,21720.000002589946,-512861.97692267806,299.7794375502349,1.0247204042668554,104
5410000,21740.00000259402,-512865.93904781574,298.2679580927632,1.0205903893063313,104
5415000,21760.000002598095,-510445.47868334176,301.0638350259534,1.023819863331568,104
5420000,21780.00000260217,-513761.8606648755,301.0847078063711,1.0298063219599212,104
5425000,21800.000002606244,-511790.8676996024,300.3543453961211,1.0258973196211696,103
5430000,21820.00000261032,-512589.99083936214,300.78368303026485,1.0287545281356896,103
5435000,21840.000002614393,-514749.9009304065,300.8614241865114,1.0315626351731433,103
5440000,21860.000002618468,-513354.71437628986,300.07223379134496,1.0275515376962434,103
5445000,21880.000002622543,-511538.0990763083,302.4704387253679,1.0229043240796567,103
5450000,21900.000002626617,-511995.0564279051,300.56764338118035,1.0239522511835426,103
5455000,21920.00000263069,-512897.6703523302,302.78490449947503,1.027190608181429,103
5440000,21860.000002618468,-514149.188534389,300.16248546348805,1.0285721354827446,--
5445000,21880.000002622543,-513463.6701630228,302.7045423034552,1.0310324711555332,107
5450000,21900.000002626617,-512331.16692535975,299.9334310660382,1.0256875774065268,106
5455000,21920.00000263069,-512541.4121234419,300.64128183087956,1.031693711282276,106
5460000,21940.000002634766,-512597.07103854977,300.59875460157366,1.0235351061916422,106
5465000,21960.00000263884,-512216.9306328881,300.4354974686347,1.026289216391704,105
5470000,21980.000002642915,-512494.8055571958,301.04552357035084,1.025210906619788,105
5475000,22000.00000264699,-512082.9416919395,301.02051047108466,1.0279337935741024,105
5480000,22020.000002651064,-513948.3998379656,300.7838577065355,1.0294888246413345,105
5485000,22040.00000265514,-511496.0306726319,301.37086279180664,1.027159870708924,105
5490000,22060.000002659213,-511702.4319060282,301.76682953140397,1.0238085096363778,104
5495000,22080.000002663288,-512473.73169811233,299.6972809291372,1.024770834579263,104
5500000,22100.000002667362,-512654.1680361221,302.7759917009198,1.0295801267017222,104
5505000,22120.000002671437,-512558.0514568866,301.4611673172346,1.0300529527428628,104
5510000,22140.00000267551,-513076.6594563639,301.5158131949654,1.0257611017016954,104
5515000,22160.000002679586,-513120.39645029977,299.2782783220165,1.0277519831836932,104
5520000,22180.00000268366,-512733.7736050035,302.7254620333355,1.0264366851956843,104
5505000,22120.000002671437,-513071.9004476501,301.35041184986943,1.0316721586510258,--
5510000,22140.00000267551,-513607.6661427745,299.621957458278,1.026988588228857,106
5515000,22160.000002679586,-513099.63447347516,300.52098498476977,1.0291187368173476,105
5520000,22180.00000268366,-511426.84207974095,301.3572085855499,1.0280029370330155,105
5525000,22200.000002687735,-511657.198316457,301.424743410689,1.02561818512265,105
5530000,22220.00000269181,-511865.36760775046,301.9705041442883,1.0247342692860886,104
5535000,22240.000002695884,-511504.41434929613,300.6519813356939,1.029611835284146,104
5540000,22260.00000269996,-513025.01703618607,302.71748985317345,1.030119666572273,104
5545000,22280.000002704033,-512718.04782121675,300.6246161970811,1.0261374716794198,104
5550000,22300.000002708108,-512351.6585957948,303.2690048640991,1.0278604346213793,104
5555000,22320.000002712182,-513287.4201460688,303.1423402665137,1.029015361657945,104
5560000,22340.000002716257,-511444.0639283974,300.46517622438245,1.024070378720363,104
5565000,22360.00000272033,-511798.7482879951,301.0162637791314,1.027912363248043,103
5570000,22380.000002724406,-513008.4867033779,297.34639497541065,1.027183465473291,103
5575000,22400.00000272848,-512543.02804206684,301.09885836329363,1.0268554124346572,103
5565000,22360.00000272033,-512862.56146655604,303.93444110993136,1.0286306574327486,--
5570000,22380.000002724406,-511889.30706014903,301.53846507440807,1.0290414029068335,106
5575000,22400.00000272848,-513216.1297179053,301.03651047990303,1.0288295541301207,106
5580000,22420.000002732555,-511849.13476225734,299.27799308661923,1.0255506665055008,105
5585000,22440.00000273663,-513045.9885572486,299.99968694629365,1.0270237677619636,105
5590000,22460.000002740704,-513540.0008727268,301.9647982931392,1.0288751489136905,105
5595000,22480.00000274478,-513118.41341291065,300.9825404162012,1.026639576406441,105
5600000,22500.000002748853,-512745.3776907639,299.7998456273101,1.026898830730256,104
5605000,22520.000002752928,-512073.5360588145,302.16693018392317,1.0273861214629574,104
5610000,22540.000002757002,-512840.7541203364,301.50820129415825,1.0272528161071148,104
5615000,22560.000002761077,-511982.2099813607,302.249139724299,1.024100757249947,104
5620000,22580.00000276515,-511978.23257095204,302.7806412406477,1.02426152905735,104
5625000,22600.000002769226,-513578.1254615742,299.6059572250799,1.027368667113562,104
5630000,22620.0000027733,-513563.841136785,302.2292385790075,1.027147364365962,104
5635000,22640.000002777375,-513481.1175489847,301.061489823561,1.0308158129203777,104
5640000,22660.00000278145,-513157.2941250284,302.4559254670475,1.0222671696026844,104
5630000,22620.0000027733,-511821.4287533795,299.9822454940238,1.0248905176767047,--
5635000,22640.000002777375,-512500.20183686423,300.40858078490254,1.0294960565215934,106
5640000,22660.00000278145,-511905.666937402,302.0678838853109,1.0283483545010923,106
5645000,22680.000002785524,-511875.9418964714,302.26792070380543,1.0220287354377133,105
5650000,22700.0000027896,-511884.1685728885,299.5610653542176,1.0259902789452726,105
5655000,22720.000002793673,-513341.0856264541,304.73370341211506,1.0244959286126236,105
5660000,22740.000002797748,-511956.36036418146,300.23147454002265,1.0262215651800968,105
5665000,22760.000002801822,-513705.472679032,300.8792471907279,1.0266687960332983,105
5670000,22780.000002805897,-514347.2593331237,301.0363139444204,1.0255736703354128,104
5675000,22800.00000280997,-513287.94072898943,300.2650041425272,1.0283437143318086,104
5680000,22820.000002814046,-512901.3579552581,300.69508766740125,1.0254990220409936,104
5685000,22840.00000281812,-512523.0087633042,302.2477465302966,1.0309527283252684,104
5690000,22860.000002822195,-512850.91600977327,300.9709744004695,1.0288863104846417,104
5695000,22880.00000282627,-513490.7841134656,300.9827152638212,1.0299342595627452,104
5700000,22900.000002830344,-513457.2752849581,298.9732011414657,1.025926577183491,104
5705000,22920.00000283442,-512652.73794189445,302.3097036257288,1.0266290262050028,104
5710000,22940.000002838493,-512998.4407306297,301.0305828151769,1.0278236574391095,104
5715000,22960.000002842567,-514207.43086170405,297.9154620389006,1.029106061514708,104
5720000,22980.000002846642,-513174.99943810585,300.32831905925866,1.0292704441543712,104
5690000,22860.000002822195,-512861.9306400495,300.7171053612454,1.0271972366771345,--
5695000,22880.00000282627,-512253.28413792,299.33261463916585,1.0223039295381153,107
5700000,22900.000002830344,-511839.9951080035,299.7857840905469,1.0219459308506058,106
5705000,22920.00000283442,-513859.76695925347,302.4041132980509,1.0318350606656566,106
5710000,22940.000002838493,-511909.1316012498,299.8975447528198,1.0233780767225331,106
5715000,22960.000002842567,-513507.96715215384,301.687880915317,1.0318183715997844,105
5720000,22980.000002846642,-512604.3847175811,301.6419828733047,1.0263345332486393,105
5725000,23000.000002850717,-512974.3613922922,303.03933459881586,1.025796942073495,105
5730000,23020.00000285479,-512746.6461469021,300.4836482732095,1.0252711208205858,105
5735000,23040.000002858866,-512400.2303703218,300.20970430179636,1.0197180126818348,105
5740000,23060.00000286294,-511411.55856447783,300.90694821022964,1.0219600502224473,105
5745000,23080.000002867015,-512814.5981174598,297.55344623001895,1.0297979578401062,104
5750000,23100.00000287109,-512420.8668370191,300.94819304051146,1.0233259587242398,104
5755000,23120.000002875164,-512106.0473403903,299.938440325097,1.029986041261178,104
5760000,23140.00000287924,-512974.1619113113,302.78961559828065,1.028186937214453,104
5765000,23160.000002883313,-512985.03068869933,302.49296386596404,1.0287746760771512,104
5770000,23180.000002887387,-513161.4485990468,302.20740631696805,1.024641516302834,104
5775000,23200.000002891462,-512178.3674796731,302.8406740169752,1.027370099540523,104
5780000,23220.000002895536,-512879.5268403713,299.2907332516078,1.0260046505409604,104
5755000,23120.000002875164,-511379.1465965875,300.71654170220916,1.0277258720088134,0
5760000,23140.00000287924,-512945.4933584824,301.1636675670771,1.0291019810276714,106
5765000,23160.000002883313,-513301.96006791573,298.6756908718871,1.0301027362451851,106
5770000,23180.000002887387,-512082.25228233216,300.1070107108995,1.025749404293348,105
5775000,23200.000002891462,-512115.5041667826,296.2972348534468,1.0218091892368286,105
5780000,23220.000002895536,-512277.0395792383,299.46624322496535,1.0241180601698727,105
5785000,23240.00000289961,-512570.91960212146,301.8568587718919,1.0270324709219723,105
5790000,23260.000002903686,-513067.52672002255,300.49707950882384,1.0252509372877496,104
5795000,23280.00000290776,-513876.8714539651,303.3860925046206,1.0281430389340163,104
5800000,23300.000002911835,-511445.46255141473,302.0410127367117,1.0271004766687308,104
5805000,23320.00000291591,-512957.26186237624,299.8069107164524,1.0257866342447834,104
5810000,23340.000002919984,-513606.95649281656,303.738450794005,1.0291360297795529,104
5815000,23360.00000292406,-512766.72669806913,300.71899902999843,1.028318208023372,104
5820000,23380.000002928133,-512745.4990627577,301.93539718105114,1.0261990153450895,104
5825000,23400.000002932207,-513208.65114665404,301.4137240580825,1.028764873219978,104
5830000,23420.00000293628,-512344.73079165607,300.8287015193841,1.0252315836847785,104
5835000,23440.000002940356,-512569.06485163094,300.44427055149487,1.027562624638854,104
5815000,23360.00000292406,-511869.4049295008,301.58616212914575,1.0225423741925321,--
5820000,23380.000002928133,-512579.18342532124,302.05644528457515,1.0214920684060276,107
5825000,23400.000002932207,-512819.28626847407,301.16411950845384,1.0251608417592486,106
5830000,23420.00000293628,-512153.9114453932,299.44970756845345,1.024763648243925,106
5835000,23440.000002940356,-512762.75755673787,300.1319279532598,1.0297968752801385,105
5840000,23460.00000294443,-514058.06736392784,300.4041258079728,1.0259155002029101,105
5845000,23480.000002948505,-511792.5135331871,301.9250626958172,1.0271604277522866,105
5850000,23500.00000295258,-513779.12056292733,301.72489193565866,1.0298531429798912,105
5855000,23520.000002956654,-512336.96220921003,302.3717081738736,1.0250407870101472,104
5860000,23540.00000296073,-513920.44440429704,300.3267983413571,1.0278714162569162,104
5865000,23560.000002964804,-510825.1523806944,300.3704695613315,1.0277715196371158,104
5870000,23580.000002968878,-512180.0238477923,303.33589992574696,1.021728703448512,104
5875000,23600.000002972953,-512209.81574342004,301.2211591016261,1.0256557853855943,104
5880000,23620.000002977027,-511628.7175968145,301.9003537083548,1.0273832840345185,104
5885000,23640.0000029811,-513028.7824102808,301.1314128685443,1.0299446916059702,104
5890000,23660.000002985176,-511986.58111448144,301.290569710977,1.0259553620355515,104
5880000,23620.000002977027,-511643.317288548,303.64285486296086,1.0256330779978324,--
5885000,23640.0000029811,-512254.5708380877,301.5695219225167,1.021700414155971,105
5890000,23660.000002985176,-511910.308218668,301.60806376156023,1.0238853530762957,105
5895000,23680.00000298925,-512231.65975774406,300.9150979116847,1.02722813297605,105
5900000,23700.000002993325,-513333.38304839167,300.25883573339564,1.0268236272389237,105
5905000,23720.0000029974,-512837.7755313148,301.34915389962526,1.0251198011010703,104
5910000,23740.000003001474,-512925.8244650294,299.10085454631076,1.0287742066203105,104
5915000,23760.00000300555,-512213.6748755311,302.26893603725296,1.0263987327711235,104
5920000,23780.000003009623,-513405.99246480665,302.0603178847758,1.0300693028468622,104
5925000,23800.000003013698,-511270.70592958713,302.55700941915035,1.025849777029742,104
5930000,23820.000003017773,-512484.1765268848,301.0672301302098,1.0276942144993784,104
5935000,23840.000003021847,-512606.18332886416,302.94971701999737,1.0226528080230295,104
5880000,23620.000002977027,-511643.3172885473,303.64285486296086,1.0256330779978324,--
5885000,23640.0000029811,-512254.57083808724,301.5695219225167,1.021700414155971,106
5890000,23660.000002985176,-511910.3082186673,301.60806376156023,1.0238853530762957,106
5895000,23680.00000298925,-512231.6597577438,300.9150979116847,1.02722813297605,105
5900000,23700.000002993325,-513333.38304839167,300.25883573339564,1.0268236272389237,105
5905000,23720.0000029974,-512837.77553131455,301.34915389962526,1.0251198011010703,105
5910000,23740.000003001474,-512925.8244650285,299.10085454631076,1.0287742066203105,105
5915000,23760.00000300555,-512213.67487553135,302.26893603725296,1.0263987327711235,104
5920000,23780.000003009623,-513405.9924648071,302.0603178847758,1.0300693028468622,104
5925000,23800.000003013698,-511270.70592958736,302.55700941915035,1.025849777029742,104
5930000,23820.000003017773,-512484.17652688455,301.0672301302098,1.0276942144993784,104
5935000,23840.000003021847,-512606.1833288644,302.94971701999737,1.0226528080230295,104
5940000,23860.00000302592,-511793.1845378475,301.09572953073666,1.0279498582102313,104
5945000,23880.000003029996,-512382.0859521376,301.1225107234595,1.0269406408669972,104
5950000,23900.00000303407,-512291.439867686,299.3712859206078,1.0279892166510864,104
5955000,23920.000003038145,-511318.2400246295,298.51143670207233,1.0243598914927692,104
5960000,23940.00000304222,-513777.42744636233,303.7641874589682,1.0299472382394448,104
5940000,23860.00000302592,-511705.3781222424,301.49798922258543,1.0218040364464833,--
5945000,23880.000003029996,-510758.3875834241,301.55231572892757,1.0227365984032972,107
5950000,23900.00000303407,-511907.0663773704,300.5201354567739,1.0282484688056979,106
5955000,23920.000003038145,-511621.5667353156,303.4384185226682,1.0265213656433758,106
5960000,23940.00000304222,-512434.5754601485,302.8886158343136,1.028604033864893,105
5965000,23960.000003046294,-512719.80703664664,301.1037083042606,1.0239977394808144,105
5970000,23980.00000305037,-511080.8543512735,301.8615299687265,1.0291057644743264,105
5975000,24000.000003054443,-511656.7401960769,299.4141883071695,1.026535196768106,105
5980000,24020.000003058518,-512331.70200535026,298.54175128116486,1.0243082848652194,105
5985000,24040.000003062592,-512644.39090009406,299.4229994674491,1.024174746745045,104
5990000,24060.000003066667,-512645.4249251343,299.0561742180726,1.0272339257171512,104
5995000,24080.00000307074,-511530.0423254757,302.8419537577814,1.0250431262364224,104
6000000,24100.000003074816,-511119.37796153384,299.5599708747517,1.0216396817432511,104
6005000,24120.00000307889,-512611.4530258225,298.87763176537305,1.0270192790013868,--
6010000,24140.000003082965,-511716.2531984744,302.202313625676,1.0247343304885683,106
6015000,24160.00000308704,-512370.41888052574,302.636760042455,1.0233625269435216,106
6020000,24180.000003091114,-513442.34371506213,300.1974167978553,1.0265402119863567,106
6025000,24200.00000309519,-511733.1164119472,302.8843901441073,1.0291523062737968,105
6030000,24220.000003099263,-513232.1542000205,301.59091223723055,1.0277334876305815,105
6035000,24240.000003103338,-512937.91078145476,298.8717107409336,1.029842914243827,105
6040000,24260.000003107412,-514059.8553055704,304.9233089762263,1.0281557608899508,105
6045000,24280.000003111487,-512085.4893628685,301.1445501378172,1.028819411470958,104
6050000,24300.00000311556,-513396.7008989821,299.6984977379275,1.0273077518587679,104
6055000,24320.000003119636,-512395.3049781325,299.69005852668226,1.027094359297511,104
6060000,24340.00000312371,-512054.77678637137,302.9293608291907,1.0250470561693321,104
6065000,24360.000003127785,-511646.9893749126,302.4269079364855,1.0258234798327033,104
6070000,24380.00000313186,-511825.33195162844,301.1121817483571,1.02869488035759,104
6075000,24400.000003135934,-513290.169162815,300.56300018542225,1.0272895639840827,104
6080000,24420.00000314001,-512134.6666411448,299.02395919490067,1.0217008516730328,104
6065000,24360.000003127785,-512740.6399796314,296.86118518993834,1.0267812282026192,--
6070000,24380.00000313186,-513006.71527926344,301.8931792249587,1.0310560459358282,107
6075000,24400.000003135934,-511858.1523108196,299.24063085746604,1.0231039219046874,106
6080000,24420.00000314001,-512613.0387939089,301.6502226528511,1.0237815486823885,106
6085000,24440.000003144083,-513030.0328307685,300.2522067562774,1.0311750850754084,105
6090000,24460.000003148158,-511574.4140838755,301.8533923317687,1.0222124488083053,105
6095000,24480.000003152232,-512638.09381732205,301.0387527446112,1.0264454062642299,105
6100000,24500.000003156307,-512034.8205888367,300.2107094958117,1.0240470537911142,105
6105000,24520.00000316038,-511821.1587070441,303.09760953826594,1.030575971297778,104
6110000,24540.000003164456,-512406.64721766533,301.03305704975793,1.0255659332742346,104
6115000,24560.00000316853,-512776.3913208095,302.5696715424935,1.0220469691923295,104
6120000,24580.000003172605,-512136.70941316686,300.43130711517955,1.0282574928276424,104
6125000,24600.00000317668,-512977.4468058292,301.391168423957,1.0190477662308501,104
6130000,24620.000003180754,-512204.51696700766,301.1660915511197,1.0277514381528006,104
6135000,24640.00000318483,-512372.9417081147,302.3930677794164,1.027286972648253,104
6140000,24660.000003188903,-513642.0033232963,299.89774093173895,1.0309245421604816,104
6145000,24680.000003192978,-512239.3750677835,302.0257848934374,1.0273187122642564,104
6130000,24620.000003180754,-512090.31047170144,302.75005920991185,1.026190326573997,--
6135000,24640.00000318483,-511928.0007152846,301.4595013396033,1.026209678435525,106
6140000,24660.000003188903,-513002.475884988,301.48719821035314,1.0248383794910128,106
6145000,24680.000003192978,-512822.46541134105,301.5179475758236,1.0209241313638724,105
6150000,24700.000003197052,-513410.86693971604,302.01803214641745,1.0287163324392428,105
6155000,24720.000003201127,-511844.87116424437,298.9373572395032,1.0200960697742396,105
6160000,24740.0000032052,-512235.4732360225,301.8943334564144,1.0274575256271752,105
6165000,24760.000003209276,-512199.58821854927,303.6331418244298,1.0268234391683162,105
6170000,24780.00000321335,-511730.2048324011,299.42808410424567,1.024723117677989,104
6175000,24800.000003217425,-511621.1366737678,302.3103006549299,1.026565862771556,104
6180000,24820.0000032215,-512416.11024628533,302.65961963989673,1.0262183802664109,104
6185000,24840.000003225574,-512475.38620601525,302.20622393727893,1.0263366009365036,104
6190000,24860.00000322965,-512129.79402587377,301.28999310965196,1.0256205719734643,104
6195000,24880.000003233723,-513467.1054249427,299.9578778708978,1.0289278479527504,104
6200000,24900.000003237798,-513087.0382482356,301.81105352895025,1.0289307592061558,104
6205000,24920.000003241872,-512691.2498090968,301.09480471671935,1.0255430242350343,104
6210000,24940.000003245947,-512693.0392935339,300.93481571295666,1.0202080931016548,104
6215000,24960.00000325002,-512687.1989874628,301.04625510436114,1.0258397038155074,104
6190000,24860.00000322965,-511615.02199333115,301.6773662394641,1.0265140616301387,--
6195000,24880.000003233723,-512754.86321281106,298.14658975800785,1.0243766622689212,107
6200000,24900.000003237798,-512322.6075718894,299.96877051515565,1.023008843801815,106
6205000,24920.000003241872,-512052.0044011981,298.42455392343277,1.0216291848491528,106
6210000,24940.000003245947,-512155.19019096764,301.7382745244119,1.0240134866018946,105
6215000,24960.00000325002,-512646.4891343801,299.1854980403596,1.0255096017071226,105
6220000,24980.000003254096,-513495.7529702729,301.46804456164165,1.0262034610621908,105
6225000,25000.00000325817,-511015.478752875,301.77856378406307,1.0218059547292435,105
6230000,25020.000003262245,-511546.06413364504,303.6420388305917,1.0268822212874178,104
6235000,25040.00000326632,-512413.29356690845,298.3639922737414,1.0230355216535871,104
6240000,25060.000003270394,-513977.20546763344,303.1861313951647,1.0292768971172135,104
6245000,25080.00000327447,-513485.5091374966,297.9374376945098,1.027955165470661,104
6250000,25100.000003278543,-512691.0458881201,300.49532191577384,1.0256879144529285,104
6255000,25120.000003282617,-512708.1664116066,301.4610111856209,1.0264856292850906,--
6260000,25140.000003286692,-511911.0931961937,299.79618193544843,1.0256328988876493,106
6265000,25160.000003290766,-511743.1070052313,300.54120838465286,1.0243389269689156,105
6270000,25180.00000329484,-512025.9496324563,302.2290689920384,1.02792669128585,105
6275000,25200.000003298916,-514517.87125984975,302.15638173342944,1.027658471512839,105
6280000,25220.00000330299,-512375.15524460585,303.3508906489382,1.0277079443557022,105
6285000,25240.000003307065,-512511.10271239607,300.43572485620905,1.0281136388862906,104
6290000,25260.00000331114,-511587.9223376394,302.14075943643115,1.0263942803654933,104
6295000,25280.000003315214,-512474.96478898893,300.98357381364303,1.0263680559105777,104
6300000,25300.00000331929,-511837.673139744,302.24426786039584,1.0220012896345794,104
6305000,25320.000003323363,-513289.4570443325,299.4528274402189,1.029442735384551,104
6310000,25340.000003327437,-512827.5958125142,300.76102469153744,1.026787194489219,104
6315000,25360.000003331512,-512116.66991682746,297.7556636083029,1.0275266978346809,104
6320000,25380.000003335586,-512607.5914509704,302.5811760621372,1.0268999849066893,104
6325000,25400.00000333966,-512660.00805700524,299.92340687517924,1.0221975322906993,103
6330000,25420.000003343735,-511703.5394334134,303.1374112516569,1.0250045462171462,103
6315000,25360.000003331512,-512057.21182730794,302.60820588794115,1.023761345750251,0
6320000,25380.000003335586,-512775.2769895387,301.34030693148605,1.0292497520804897,106
6325000,25400.00000333966,-512104.7726169261,303.1581184145904,1.0273128846532609,106
6330000,25420.000003343735,-513351.66292869253,302.55996123251003,1.0270118064409406,106
6335000,25440.00000334781,-512453.20802446455,300.85995364315784,1.0219591975215663,105
6340000,25460.000003351885,-512025.8849781484,299.5245483293926,1.0234498588029266,105
6345000,25480.00000335596,-511636.3459647028,302.3101650107868,1.0223361224386407,105
6350000,25500.000003360034,-513002.1731127922,299.3955946343579,1.0250668045451845,105
6355000,25520.000003364108,-512163.6445419467,301.24952474551077,1.0314258760939863,105
6360000,25540.000003368183,-512911.4960567476,300.3075983470818,1.0307545076256057,104
6365000,25560.000003372257,-510887.7123284701,300.32459069486004,1.025405730599818,104
6370000,25580.00000337633,-513265.29097784753,302.6913626175024,1.0274606977678626,104
6375000,25600.000003380406,-513672.6990464437,301.3172750558091,1.027822787039868,104
6380000,25620.00000338448,-513119.4963305921,299.88539708272333,1.0307672374221302,104
6385000,25640.000003388555,-511570.82494910876,300.7168892003142,1.0234217805221655,104
6390000,25660.00000339263,-512872.0935705162,300.3443664872818,1.0272903942166087,104
6395000,25680.000003396704,-512238.73786390456,303.7230485573192,1.025528609706998,104
6380000,25620.00000338448,-513284.4053796944,299.3103725868621,1.0273676661971285,--
6385000,25640.000003388555,-512448.2307746541,298.2722161056962,1.0269940159237034,102
6390000,25660.00000339263,-511381.28365489887,300.44010989366654,1.0295806674764945,101
6395000,25680.000003396704,-513238.03999931784,300.5083953200129,1.028464242096653,101
6400000,25700.00000340078,-512821.8559730805,298.8015533740755,1.0277770231264989,101
6405000,25720.000003404853,-512985.38249664824,301.2774988496086,1.0277724218641093,101
6410000,25740.000003408928,-512468.08588270727,303.3165350525835,1.0274432094460713,100
6415000,25760.000003413003,-514166.53723991825,301.9474607982513,1.0268129809197044,100
6420000,25780.000003417077,-512951.6933864374,300.95903668875815,1.0242263936582066,100
6425000,25800.00000342115,-512636.4881217615,301.9448889476324,1.0241738374936813,100
6430000,25820.000003425226,-512974.4519183282,300.8997651305996,1.02832691173871,99.9
6435000,25840.0000034293,-512636.7239930141,301.602776760791,1.02455397879212,99.8
6440000,25860.000003433375,-512025.68638926884,299.5042731990787,1.026523314151791,99.7
6445000,25880.00000343745,-511435.0464826892,302.2461304818108,1.0228360873668805,99.7
6450000,25900.000003441524,-512086.90150036593,297.57513809269636,1.027690098148058,99.6
6455000,25920.0000034456,-512459.39557066886,302.3186927385514,1.0252720911658675,99.6
6460000,25940.000003449673,-513008.6208880681,302.9499291184005,1.0309520944145096,99.6
6465000,25960.000003453748,-512032.14317233535,302.9720323420674,1.0277621426511367,99.5
6470000,25980.000003457822,-512325.49704041984,301.19983746015464,1.0237054197662987,99.5
6440000,25860.000003433375,-513879.3227067692,300.109092760355,1.0268481010227604,0
6445000,25880.00000343745,-512701.7977704173,300.97258779051003,1.026929153759244,106
6450000,25900.000003441524,-512602.0434699736,299.6227754304533,1.0221534585929375,106
6455000,25920.0000034456,-513513.5451302321,299.79314509432464,1.0290322534451082,105
6460000,25940.000003449673,-511507.557700895,300.47887705113544,1.0266497553679617,105
6465000,25960.000003453748,-513686.7138778628,301.5376818547906,1.0277504080098125,105
6470000,25980.000003457822,-512705.1148229132,300.8643170310649,1.0258504631895102,105
6475000,26000.000003461897,-513111.3625508337,301.10608435521783,1.0266495242931388,104
6480000,26020.00000346597,-511711.53274309216,301.04307662668856,1.0242964770097296,104
6485000,26040.000003470046,-511903.01032598596,301.9823835606491,1.0248836616584227,104
6490000,26060.00000347412,-513237.6846187073,298.9796247773566,1.0293546035807863,104
6495000,26080.000003478195,-513184.6219501123,303.1501804219979,1.028184745252886,104
6500000,26100.00000348227,-512702.59378037485,301.1641246982131,1.0278975444110354,104
6505000,26120.000003486344,-512605.5818577206,299.5631039172963,1.0237979975781377,104
6510000,26140.00000349042,-512059.31571927504,299.75799086828613,1.0232448403592782,103
6515000,26160.000003494493,-512598.7475948953,297.73099709426816,1.0270711064584812,103
6520000,26180.000003498568,-512323.74697847664,299.7504132689233,1.0268033007161173,103
6525000,26200.000003502642,-513086.8392401717,301.2838316605775,1.0248034696250807,103
6505000,26120.000003486344,-512683.00653492496,298.55964415873245,1.0252672470593942,--
6510000,26140.00000349042,-512209.52027862053,300.3072575527315,1.027643976790388,103
6515000,26160.000003494493,-512031.24890260235,300.69582293359684,1.0252216095258027,103
6520000,26180.000003498568,-512959.05624354887,304.1612141427809,1.0242060459844466,103
6525000,26200.000003502642,-512569.9712503599,300.13605102950385,1.0259352499138839,102
6530000,26220.000003506717,-511803.94566722494,300.91328626758167,1.02312533175433,102
6535000,26240.00000351079,-512206.2753135301,297.53295126810576,1.0279211652101592,102
6540000,26260.000003514866,-511552.00164519646,302.09478521989183,1.0263003663782855,103
6545000,26280.00000351894,-512221.30904001184,298.7712674571488,1.025999137993213,103
6550000,26300.000003523015,-511867.0214708424,299.087962502726,1.02470923249875,103
6555000,26320.00000352709,-512789.14010627405,301.1428969830329,1.0280019973313044,103
6560000,26340.000003531164,-513083.7606893629,302.0737706824963,1.0285639497034458,103
6565000,26360.00000353524,-513092.1513536938,299.2504076911619,1.0275447289344852,103
6570000,26380.000003539313,-512970.0940396392,298.8937401149791,1.02832590310298,103
6575000,26400.000003543388,-512974.9864856184,301.0751894714977,1.027059262856079,103
6580000,26420.000003547462,-512079.03383085737,302.26652520021605,1.0296519308937966,103
6585000,26440.000003551537,-513758.65616933955,302.3280248983453,1.0294046949192088,103
6590000,26460.00000355561,-512998.0817528479,304.98682426834756,1.0277053315032356,103
6595000,26480.000003559686,-511486.31539664324,298.6964882121089,1.0233087619648575,103
6600000,26500.00000356376,-513986.397374026,302.23073702983413,1.0283898162037395,103
6605000,26520.000003567835,-513554.9350087291,303.56741437123577,1.030916436483841,103
6610000,26540.00000357191,-511737.3650688918,303.437601313534,1.0265370947231942,103
6615000,26560.000003575984,-512032.57288368186,301.0917333280235,1.027603600117871,103
6620000,26580.00000358006,-512326.2284690114,301.0846892660609,1.0244148071367347,103
6625000,26600.000003584133,-512911.66350774956,303.32614041467997,1.0274716317022725,103
6630000,26620.000003588208,-513068.06966448994,298.52429122621214,1.0241531209448727,103
6635000,26640.000003592282,-512511.9803741113,301.44999821039744,1.0265444924514742,103
6640000,26660.000003596357,-512655.54212829703,302.1285334811797,1.02690865390887,103
6645000,26680.00000360043,-512908.53426771844,302.513815101429,1.0284488724986875,103
6650000,26700.000003604506,-512146.2514093928,301.63911563712776,1.027275933624118,103
6655000,26720.00000360858,-513813.358204558,302.80371386356995,1.028394380524003,103
6660000,26740.000003612655,-512222.37601694907,300.27537210388147,1.0276389819125027,103
6665000,26760.00000361673,-512901.99454066716,301.5174581199273,1.0270125983952947,103
6670000,26780.000003620804,-514116.9473556513,301.5980081642517,1.0282421364146612,103
6675000,26800.00000362488,-514057.35129494173,300.5530106972975,1.0270023547513008,103
6680000,26820.000003628953,-512537.4417253523,299.3968294505129,1.026247871144502,103
6685000,26840.000003633028,-511039.45118319686,301.87736177275707,1.0209217896912053,103
6690000,26860.000003637102,-511558.02238089894,301.87275438970926,1.0240118066918835,103
6695000,26880.000003641177,-513364.2874126546,300.41793733386595,1.028136411574417,103
6700000,26900.00000364525,-514051.8875379313,301.2662649075728,1.0292178993128192,103
6705000,26920.000003649326,-513305.8114884244,300.5894246854381,1.0304792943258623,103
6710000,26940.0000036534,-512545.2526206565,301.8674668407301,1.0254504834523104,103
6715000,26960.000003657475,-512801.62522494234,300.6192013791569,1.0346368635537349,103
6720000,26980.00000366155,-513545.7069910951,299.55632236719646,1.0256303527550394,103
6725000,27000.000003665624,-512002.172042439,303.80599017956087,1.024706580861508,103
6730000,27020.0000036697,-512991.1596783183,301.63923789019344,1.0244756492507918,103
6735000,27040.000003673773,-513098.1554549276,296.9178845341086,1.026998715005737,103
6740000,27060.000003677847,-512717.6010462339,300.222328447935,1.0308800114099839,103
6745000,27080.000003681922,-512399.92039509234,298.2582036664772,1.026331698668581,103
6750000,27100.000003685996,-512324.30043328507,301.5783464448956,1.029409927716371,103
6755000,27120.00000369007,-513433.19654569565,302.7688787380317,1.0278640264778192,103
6760000,27140.000003694146,-512748.01236820826,301.2866075809856,1.0271993163695254,103
6765000,27160.00000369822,-513058.39782377053,298.90519811249555,1.0287185859688535,103
6770000,27180.000003702295,-512952.71477643074,300.3261787830246,1.0248388892601101,103
6775000,27200.00000370637,-513780.0551641516,298.14518762059924,1.0271794988410134,103
6780000,27220.000003710444,-512481.4899421057,301.0020612898266,1.0274721468876797,103
6785000,27240.00000371452,-511793.0732892363,298.92866518170706,1.026875921372853,103
6790000,27260.000003718593,-512405.92597340466,299.60074770482,1.0218667751999935,103
6795000,27280.000003722667,-512019.0886531763,300.73004528067435,1.0280667785966673,103
6800000,27300.000003726742,-513820.5685926352,301.70139530394806,1.0298633328604239,103
6805000,27320.000003730816,-511230.40505624725,299.5340028223233,1.0246341496977995,103
6810000,27340.00000373489,-512928.5017843831,300.7877829386325,1.0294920051713465,103
6815000,27360.000003738965,-511796.70176558103,301.11162498925563,1.021151607132422,103
6820000,27380.00000374304,-512471.1603494289,299.00844583467006,1.02699930349207,103
6825000,27400.000003747115,-511855.2476977727,301.7798062687466,1.0236569116715637,103
6830000,27420.00000375119,-512715.8593019317,304.16560159900473,1.025067988414346,103
6835000,27440.000003755264,-512016.7517251221,301.9632844905426,1.0246631744799202,103
6840000,27460.000003759338,-512554.98225211096,304.0739170910262,1.024171414199953,103
6845000,27480.000003763413,-513871.1175362703,300.5882634478563,1.027407311117818,103
6850000,27500.000003767487,-513508.93423390435,303.186120287125,1.0270881445685829,103
6855000,27520.00000377156,-513081.24485627166,300.26433560490307,1.0280543850516066,103
6860000,27540.000003775636,-512848.3547091747,300.24782136418145,1.0277508899051528,103
6865000,27560.00000377971,-511935.2572929098,299.697254375875,1.0279930565440099,103
6870000,27580.000003783785,-514110.3180950349,301.2455287432442,1.029949016789669,103
6875000,27600.00000378786,-511829.94590599625,302.4204764836007,1.0236857142399831,103
6880000,27620.000003791934,-511996.5176295724,301.4943681245706,1.0258445737761837,103
6885000,27640.00000379601,-513221.53384486726,301.03345538541754,1.0259543069858728,103
6890000,27660.000003800084,-512286.0137981991,302.29180464606486,1.0262402192093352,103
6895000,27680.000003804158,-512203.5160544275,299.17939679974836,1.0288930518200534,103
6900000,27700.000003808233,-513079.7907035188,302.2046175867262,1.0267411886645936,103
6905000,27720.000003812307,-512868.0129188711,300.50686191750003,1.0300220632197021,103
6910000,27740.00000381638,-512544.0143642847,299.8567686644955,1.0250913045274137,103
6915000,27760.000003820456,-512625.47671528766,298.28549994607135,1.0230296110038237,103
6920000,27780.00000382453,-511869.1623968128,301.7433425165092,1.0291349800084684,103
6925000,27800.000003828605,-513279.8607818242,301.15262522072817,1.0294418111031578,103
6930000,27820.00000383268,-511898.4915467333,299.6355952337181,1.0291603444622612,103
6935000,27840.000003836754,-511544.1285199041,301.5711520854548,1.0256112208466657,103
6940000,27860.00000384083,-512110.66752501996,298.1236109916503,1.0269774838416574,103
6945000,27880.000003844903,-512588.5335842848,300.3743943366064,1.0241605000691194,103
6950000,27900.000003848978,-513171.9123457854,300.34006908462277,1.027686482542001,103
6955000,27920.000003853052,-512684.035205788,302.8183032785761,1.0304418051887216,103
6960000,27940.000003857127,-514104.74455304863,299.9455140134982,1.027661933616258,103
6965000,27960.0000038612,-513475.329000738,301.7206914404758,1.0305147287679521,103
6970000,27980.000003865276,-513140.43951913994,300.1873598003963,1.0280866063776708,103
6975000,28000.00000386935,-511584.9801233285,300.35364952935004,1.0247036808363172,103
6980000,28020.000003873425,-513406.0364765986,300.06826617242973,1.024877556161702,103
6985000,28040.0000038775,-511682.5784507673,301.9207982393565,1.0248332494098,103
6990000,28060.000003881574,-513483.703727304,301.0201048977389,1.0276828557196624,103
6995000,28080.00000388565,-512191.326431263,301.6933507412955,1.0266859965710158,103
7000000,28100.000003889723,-512372.96807502466,303.511510992252,1.0286030504150898,103
7005000,28120.000003893798,-513060.1634615534,302.08152684352444,1.0247474032644246,103
7010000,28140.000003897872,-511908.3409592039,300.5636583784871,1.0242371921365272,103
7015000,28160.000003901947,-511627.03231285745,300.6281973402224,1.0294792523643987,103
7020000,28180.00000390602,-514068.3932491257,302.06911206067934,1.0297474002165665,103
7025000,28200.000003910096,-512680.425532836,299.59684113593806,1.0303195158583645,103
7030000,28220.00000391417,-512910.4372299728,300.3226684582936,1.0279424327348554,103
7035000,28240.000003918245,-513740.0752817164,298.39468974962386,1.0275038713632918,103
7040000,28260.00000392232,-513094.9692249757,300.76163621661334,1.0299677541825227,103
7045000,28280.000003926394,-512686.54120919737,299.5592743314077,1.025584194797691,103
7050000,28300.00000393047,-512344.68203005753,300.98984514279664,1.0272637778831346,103
7055000,28320.000003934543,-513066.2063235359,301.7389890774378,1.0247562280657019,103
7060000,28340.000003938618,-512729.70165440836,299.647649497321,1.0259553151318437,103
7065000,28360.000003942692,-513098.32218659506,301.40434042829,1.0265414701668893,103
7070000,28380.000003946767,-512502.52658063057,301.194987713882,1.0246490166365259,103
7075000,28400.00000395084,-512622.3784684872,299.7373059174442,1.0257464511245495,103
7080000,28420.000003954916,-512089.05857818224,302.0614859000031,1.0221933329660189,103
7085000,28440.00000395899,-512307.145577288,303.3834310640854,1.0255794037324382,103
7090000,28460.000003963065,-512682.1754501257,300.369288700261,1.0280933806289332,103
7095000,28480.00000396714,-511647.4277010006,298.73572487054827,1.0271402934065648,103
7100000,28500.000003971214,-512638.9346405729,303.1457007475369,1.0250563374721213,103
7105000,28520.00000397529,-511892.9635214745,300.6910411665864,1.0251336217199067,103
7110000,28540.000003979363,-512838.3299440455,300.53806148027763,1.0256980621147134,103
7115000,28560.000003983438,-511836.9711107593,299.29978307035054,1.0264482267816324,103
7065000,28360.000003942692,-512843.85587610747,301.32995071807596,1.026833636346747,--
7070000,28380.000003946767,-513545.3951040921,300.2031268329769,1.0281922179385097,106
7075000,28400.00000395084,-512006.0749394351,303.6155645709222,1.0218898056776542,106
7080000,28420.000003954916,-512163.71096606064,300.22392588460804,1.023113876822342,105
7085000,28440.00000395899,-512703.2673786585,301.10698417182897,1.0226003432617363,105
7090000,28460.000003963065,-511681.9325020765,301.16682177412605,1.0260563654294983,105
7095000,28480.00000396714,-512786.56010951684,300.051991127853,1.0298609750328906,105
7100000,28500.000003971214,-512812.03273030114,301.62463544066975,1.0290524418574962,104
7105000,28520.00000397529,-510758.42224397697,297.9936816906905,1.0269579518620275,104
7110000,28540.000003979363,-513462.80496862973,300.2248158460546,1.0311223437604575,104
7115000,28560.000003983438,-511720.3103861839,300.43541776564257,1.0254230416092003,104
7120000,28580.000003987512,-512972.30092065735,297.65443999223186,1.0253067686531474,104
7125000,28600.000003991587,-512859.4077090074,300.7551896251065,1.0317955716193266,104
7130000,28620.00000399566,-511085.8931720422,302.31819532247226,1.0235781167795477,104
7135000,28640.000003999736,-512693.10977640166,303.01641937071787,1.028885958948365,103
7140000,28660.00000400381,-512711.89586874447,300.3978642397539,1.026106442946483,103
7145000,28680.000004007885,-511952.3267879435,302.10302701145383,1.0305536371197128,103
7150000,28700.00000401196,-513626.6501283953,297.838564485096,1.0295217154300562,103
7155000,28720.000004016034,-511233.9404739309,300.264353961641,1.0247710399344054,103
7160000,28740.00000402011,-513631.32220166083,300.19202098350826,1.0301837966817318,103
7165000,28760.000004024183,-512826.5242918518,302.56753245813786,1.0256944695857064,103
7170000,28780.000004028258,-512202.2588756108,300.31566931786887,1.0272794667175682,103
7175000,28800.000004032332,-513331.5951445978,300.9166772333925,1.0294716457751538,103
7180000,28820.000004036407,-513097.92433468904,301.861460252752,1.0267567026542614,103
7185000,28840.00000404048,-511833.62584372866,300.3459224732037,1.0250598082032991,103
7190000,28860.000004044556,-511836.15001281933,302.12425985902297,1.0246619724660557,103
7195000,28880.00000404863,-512155.6786166427,299.4601725039718,1.025083165975999,103
7200000,28900.000004052705,-512449.12655691174,302.9728840524666,1.0272534296783589,103
7205000,28920.00000405678,-512416.26853773464,302.350271815906,1.0273737909814602,103
7210000,28940.000004060854,-512586.1380074059,299.2781082832297,1.026040357187346,103
7215000,28960.00000406493,-511127.04659053544,300.60899467013985,1.0255259618772812,103
7220000,28980.000004069003,-511642.3688266531,301.5172195936654,1.0258111310278932,103
7225000,29000.000004073077,-511444.2984075737,302.5976818335751,1.0260847081948803,103
7230000,29020.000004077152,-512866.19015439367,302.25095325750095,1.025568110937654,103
7235000,29040.000004081227,-511664.7942715504,301.9251283196673,1.0289396818310192,103
7240000,29060.0000040853,-512281.1758384877,301.9872813306727,1.0248989842471976,103
7245000,29080.000004089376,-512708.67691683164,300.57372005919825,1.0269495136401563,103
7250000,29100.00000409345,-512151.64503807714,301.3981230701556,1.0261731037584156,103
7255000,29120.000004097525,-513049.9859476518,298.3721942790427,1.0275754812410849,103
7260000,29140.0000041016,-512174.0349832927,300.88134962049617,1.0292046498085883,103
7265000,29160.000004105674,-512675.0775899363,300.8814415684848,1.0283988391132755,103
7270000,29180.00000410975,-512822.3158626412,299.18681023681063,1.0267381597481926,103
7275000,29200.000004113823,-513507.5640836675,301.76798475424016,1.0292849225178584,103
7280000,29220.000004117897,-512120.90441992367,302.3710527528312,1.0249093013380115,103
7285000,29240.000004121972,-513780.40972407884,301.01836973988696,1.02568467224587,103
7290000,29260.000004126046,-513630.8025659991,299.0636220931709,1.0272752200188953,103
7295000,29280.00000413012,-512421.7565676826,302.30959517604066,1.027486277479785,103
7300000,29300.000004134195,-512452.593955619,299.88063935270264,1.0281244283855986,103
7305000,29320.00000413827,-512414.6265640224,301.8683342603409,1.0286491865865328,103
7310000,29340.000004142345,-511805.6692844387,303.0919376686332,1.0263006317565326,103
7315000,29360.00000414642,-513838.0504442577,298.90535091937426,1.0255471744137945,103
7320000,29380.000004150494,-512625.4907812355,301.8665942213239,1.0268619564313561,103
7325000,29400.000004154568,-513580.22234340734,298.76636404046326,1.024623228044837,103
7330000,29420.000004158643,-513384.61894520535,302.0482867730501,1.024869389691927,103
7335000,29440.000004162717,-511820.9374824951,299.8879382022445,1.0304686134473529,103
7340000,29460.00000416679,-511900.96674569906,301.05798973544785,1.0281466761024982,103
7345000,29480.000004170866,-512727.3221160667,301.93958120313835,1.0229202359894332,103
7350000,29500.00000417494,-513046.94966716575,300.61966572430106,1.028958250114679,103
7355000,29520.000004179015,-511644.9471484155,300.3428327121291,1.0274531402259084,103
7360000,29540.00000418309,-513435.0371099275,300.77590303055655,1.0298905816842212,103
7365000,29560.000004187164,-511058.73222138756,301.9130673181005,1.021672134399899,103
7370000,29580.00000419124,-513393.2715946527,302.24079298853695,1.030618229687342,103
7375000,29600.000004195314,-512717.1960926824,300.4505810840073,1.0279981682658081,103
7380000,29620.000004199388,-511770.1191614517,302.210643177504,1.0285508854038927,103
7385000,29640.000004203463,-511994.94671179797,303.4195071687878,1.02842470829436,103
7390000,29660.000004207537,-513237.8315627044,300.34453700062187,1.029610812902314,103
7395000,29680.00000421161,-511861.9037494622,301.46525392454157,1.0245832936707548,103
7400000,29700.000004215686,-511702.2029240797,302.5992532656123,1.0285705792735826,103
7405000,29720.00000421976,-512960.8810742472,300.91391563379204,1.0298683597008478,103
7410000,29740.000004223835,-513342.85434461175,299.8438092611361,1.027755015018562,103
7415000,29760.00000422791,-512583.3151807268,299.75755988238615,1.0290853820078683,103
7420000,29780.000004231984,-511978.1048667,300.5324535651931,1.0233276900570132,103
7425000,29800.00000423606,-513074.4131493345,301.00360007663267,1.0300539773604473,103
7430000,29820.000004240133,-512375.65145360166,303.57138949399257,1.0251554461256103,103
7435000,29840.000004244208,-512183.9014098742,299.2728603206638,1.0265563379517615,103
7440000,29860.000004248282,-512500.0739928528,301.09514818553953,1.024011973445494,103
7445000,29880.000004252357,-511939.07991743577,300.6447118552918,1.024076617249621,103
7450000,29900.00000425643,-513184.19442256144,304.56219886273755,1.0290691425650824,103
7455000,29920.000004260506,-511990.88557036617,301.691243071699,1.0270613463798621,103
7460000,29940.00000426458,-512608.8511098006,302.42576991308897,1.0252440659093058,103
7465000,29960.000004268655,-513167.5187514555,299.82102337668283,1.0279255361417126,103
7470000,29980.00000427273,-512261.1727254968,302.0405050170069,1.0251579996387032,103
7475000,30000.000004276804,-512665.45132973115,301.81892980217197,1.027659883226909,103
7480000,30020.00000428088,-512188.465359553,300.36739967095923,1.0254804009241882,103
7485000,30040.000004284953,-513065.8279440121,300.05049989741457,1.027737107604974,103
7490000,30060.000004289028,-512402.8298532348,298.26061966271305,1.0292211076322453,103
7495000,30080.000004293102,-511665.21689293487,300.0176150274292,1.0240787390712855,103
7500000,30100.000004297177,-512366.08695509145,301.685454989087,1.0216426263273473,103
7505000,30120.00000430125,-512343.0494455665,304.4393434770767,1.0218611636221187,103
7510000,30140.000004305326,-511802.9617181339,300.7643372682542,1.0250556614439237,103
7515000,30160.0000043094,-512750.8514863956,301.94720935645046,1.0254961206328443,103
7520000,30180.000004313475,-512710.5754863247,301.0494215297828,1.0266684312951073,103
7525000,30200.00000431755,-512468.23304448836,303.67759664729806,1.0244491101553839,103
7530000,30220.000004321624,-511366.7073931105,301.9541786554969,1.024747620168009,103
7535000,30240.0000043257,-512113.3090844969,301.102826073654,1.0286614033745902,103
7540000,30260.000004329773,-512449.11739617074,301.0508713019755,1.0240260381813573,103
7545000,30280.000004333848,-511519.93625756516,299.4902476769513,1.0228786210446514,103
7550000,30300.000004337922,-511198.9739413245,301.15154449262434,1.0252957653738928,103
7555000,30320.000004341997,-512285.7699024556,300.82968450691686,1.026092060343531,103
7560000,30340.00000434607,-513090.24558023596,299.11175934866765,1.024395484317241,103
7565000,30360.000004350146,-512796.7516284799,303.1375619071768,1.0255914858247481,103
7570000,30380.00000435422,-511859.35302616097,301.73599872428287,1.0281708904917446,103
7575000,30400.000004358295,-512593.623258827,299.7682224419448,1.0263958185017175,103
7580000,30420.00000436237,-513769.2091068872,301.3969897211035,1.0299004916873138,103
7585000,30440.000004366444,-511289.10597206955,300.3607959087688,1.0236683627672287,103
7590000,30460.00000437052,-511328.917246589,301.5306723912349,1.0227564524298005,103
7595000,30480.000004374593,-512987.12472279,302.01240171077666,1.0248529578554024,103
7600000,30500.000004378668,-510675.78252643324,299.58960488074604,1.0249628586840127,103
7605000,30520.000004382742,-512183.4744757321,300.675145492487,1.0252119140751896,103
7610000,30540.000004386817,-512526.0984183268,300.9098021139141,1.02751892457134,103
7615000,30560.00000439089,-512793.76551641524,300.7490959610584,1.024976925593948,103
7620000,30580.000004394966,-513184.1060254227,300.28091291407225,1.024914919329634,103
7625000,30600.00000439904,-513174.7244021788,298.0502071500927,1.0253061012764528,103
7630000,30620.000004403115,-511180.50856669387,300.07922688360856,1.0238355616621946,103
7635000,30640.00000440719,-513471.3916302868,300.07498703671985,1.0287989643626934,103
7640000,30660.000004411264,-512123.16533005075,299.9844105192344,1.028591595887976,103
7645000,30680.00000441534,-512118.49392201216,299.31951793107515,1.0221666713998245,103
7650000,30700.000004419413,-511908.69554771716,299.1860452686276,1.0268446095518702,103
7655000,30720.000004423488,-512983.8882348698,300.99220615871724,1.0251510189676218,103
7660000,30740.000004427562,-512715.87467014417,298.89522644446845,1.0277068772440532,103
7665000,30760.000004431637,-512783.9649632918,302.3764167454861,1.029281302601132,103
7670000,30780.00000443571,-513827.51197146764,301.7885867511076,1.0285014217820723,103
7675000,30800.000004439786,-512278.8894250593,302.79388933155303,1.0284455059118487,103
7680000,30820.00000444386,-513835.2748290675,299.6857142777719,1.0322939956528985,103
7685000,30840.000004447935,-512456.9683039363,303.1299552477691,1.0248437100074548,103
7690000,30860.00000445201,-513201.4180608783,300.82911688195406,1.0293266736101256,103
7695000,30880.000004456084,-510561.912473358,298.60256175786117,1.0237011607801676,103
7700000,30900.00000446016,-512697.2192707332,299.631154054356,1.0251258639936272,103
7705000,30920.000004464233,-511253.1754897912,301.91302303951585,1.026942400943644,103
7710000,30940.000004468307,-513125.36424627155,301.2212492377346,1.0261974352351078,103
7715000,30960.000004472382,-511380.7407756534,302.3873737345675,1.0263748023710373,103
7720000,30980.000004476457,-513831.7694533563,299.8405058540587,1.0255482862921106,103
7725000,31000.00000448053,-513095.1410269877,300.26744883765605,1.0268771551687819,103
7730000,31020.000004484606,-512635.3944088153,298.78791163553166,1.0266932411226748,103
7735000,31040.00000448868,-512179.98250252125,301.2607823652461,1.0229206849683263,103
7740000,31060.000004492755,-513643.6085440209,299.67698249632326,1.0268422975158655,103
7745000,31080.00000449683,-511909.40209522564,299.92189449117035,1.025701334404305,103
7750000,31100.000004500904,-512127.8864882684,300.26256091709445,1.0276939187928944,103
7755000,31120.00000450498,-512844.7080753974,302.46148495554564,1.0280652268027681,103
7760000,31140.000004509053,-511822.39788925415,301.27559981067316,1.0279170773049942,103
7765000,31160.000004513127,-512595.65634387895,302.63869550963545,1.0277185998667984,103
7770000,31180.000004517202,-512007.4141285815,303.67611098021376,1.0231665888088357,103
7775000,31200.000004521276,-512018.7496879827,301.5447209272799,1.022244265798133,103
7780000,31220.00000452535,-510870.06469609006,300.73744118304865,1.0268056534974561,103
7785000,31240.000004529425,-511684.4129744654,300.96572946943235,1.0305748792912466,103
7790000,31260.0000045335,-511894.9115000686,300.23410375586553,1.024923622669797,103
7795000,31280.000004537575,-512962.9841189936,299.7867067388222,1.0248627469333291,103
7800000,31300.00000454165,-512323.33251464413,301.0168159220843,1.0262416895537343,103
7805000,31320.000004545724,-511203.5591172173,300.83881573427806,1.0235408868801215,103
7810000,31340.000004549798,-512420.14200840495,303.75537465271884,1.0255642153034963,103
7815000,31360.000004553873,-512876.84858557465,302.96344923385806,1.0280227269175,103
7820000,31380.000004557947,-511332.1781407441,300.0121064176414,1.023572039124489,103
7825000,31400.00000456202,-512447.02522417717,299.9137848274328,1.0220880428348398,103
7830000,31420.000004566096,-512222.3875325972,301.03730288358184,1.0269060728279995,103
7835000,31440.00000457017,-513502.23403185606,302.58951009559377,1.0329639157009316,103
7840000,31460.000004574245,-512849.9621409625,304.40869171066174,1.025476936629105,103
7845000,31480.00000457832,-511852.6126517479,300.3060256872866,1.0247501374440555,103
7850000,31500.000004582394,-512609.0375018276,300.04476938376104,1.0269496755071041,103
7855000,31520.00000458647,-512320.64875218016,300.46425677037,1.0278412530548444,103
7860000,31540.000004590544,-513426.5669527177,301.7114715071054,1.0274349424574392,103
7865000,31560.000004594618,-513025.30565155717,303.2566760892225,1.027783899443356,103
7870000,31580.000004598693,-513306.1364476874,301.5830536251057,1.0282651941820493,103
7875000,31600.000004602767,-512745.86919372575,297.8388555228163,1.0236377004989503,103
7880000,31620.00000460684,-512023.33921053284,303.87703975515035,1.023575417377892,103
7885000,31640.000004610916,-512763.3618714269,300.58311418794875,1.0307491518396925,103
7890000,31660.00000461499,-512975.88647912606,303.32561312389385,1.0234854150500134,103
7895000,31680.000004619065,-512929.15417041304,302.16535670241166,1.02620760109568,103
7900000,31700.00000462314,-512639.3673545157,298.354620625363,1.026217722774345,103
7905000,31720.000004627214,-512880.60616153036,304.39265116755035,1.026882857620891,103
7910000,31740.00000463129,-513128.6667477095,302.52943810846745,1.0272758075612944,103
7915000,31760.000004635363,-512970.8063512957,299.9090723659054,1.0252825999806336,103
7920000,31780.000004639438,-513027.7053016138,303.212716147013,1.0261064759738299,103
7925000,31800.000004643513,-511777.7493947593,303.6564042318225,1.0253648225512295,103
7930000,31820.000004647587,-513532.95840503625,298.8305190843184,1.0208433483139332,103
7935000,31840.00000465166,-513295.9460583613,300.4071636920013,1.0263055967264951,103
7940000,31860.000004655736,-511857.9906736319,301.0993879508955,1.0216469237877863,103
7945000,31880.00000465981,-512737.60803093645,301.6378292171506,1.0302713939983994,103
7950000,31900.000004663885,-512573.1746564552,301.1747089979601,1.0271726227884797,103
7955000,31920.00000466796,-512547.0427956367,300.51231972460613,1.0251458096749826,103
7960000,31940.000004672034,-511895.92057108926,299.3155250444959,1.0284915878192027,103
7965000,31960.00000467611,-512638.4722849692,299.6568714126164,1.0293011786816553,103
7970000,31980.000004680183,-512896.3840775937,302.7330801129319,1.0237766593165016,103
7975000,32000.000004684258,-513278.21333960793,300.85845607642534,1.0284928694829751,103
7980000,32020.000004688332,-513168.8580145985,300.6533574627707,1.0249168022335347,103
7985000,32040.000004692407,-513061.0055534665,298.31863877735225,1.02932086208998,103
7990000,32060.00000469648,-513011.43121182686,300.767433763167,1.0268346914471451,103
7995000,32080.000004700556,-512302.976980943,301.1799911818134,1.0263185301888824,103
8000000,32100.00000470463,-512778.9262443457,301.5787019381218,1.0261640546536164,103
8005000,32120.000004708705,-512542.7317922204,301.039497691685,1.0270771467145303,103
8010000,32140.00000471278,-512240.9125330718,302.82642283380505,1.026598535497085,103
8015000,32160.000004716854,-512334.2910670277,299.1771590356049,1.0272371946595837,103
8020000,32180.00000472093,-512802.29650087445,302.6287698953298,1.0260573773504964,103
8025000,32200.000004725003,-511755.2134984557,302.06803895254944,1.025776727862389,103
8030000,32220.000004729078,-511315.8293333198,300.4440497373726,1.0275294093251135,103
8035000,32240.000004733152,-512721.89564415975,301.4404922246822,1.0218275260637528,103
8040000,32260.000004737227,-512663.9832636551,299.63760292383296,1.0285006683669962,103
8045000,32280.0000047413,-512444.83394319285,300.29504377349247,1.0242901295548432,103
8050000,32300.000004745376,-512243.65703622135,303.03211993320105,1.0272714169875983,103
8055000,32320.00000474945,-512013.79736748943,302.3367891849599,1.0269938218618746,103
8060000,32340.000004753525,-512721.4023975958,300.40509383993486,1.0282962988641335,103
8065000,32360.0000047576,-514177.0334632406,299.38094018194585,1.0279381752088372,103
8070000,32380.000004761674,-514314.03261685907,300.8715855842819,1.0298241488016413,103
8075000,32400.00000476575,-512451.6312854723,301.1706339479156,1.027028762514132,103
8080000,32420.000004769823,-513144.25159101095,299.59912000204474,1.0276693671747006,103
8085000,32440.000004773898,-513150.2743268602,300.71633564132503,1.0296865347561284,103
8090000,32460.000004777972,-512300.25240045786,301.1587533348446,1.0243046345495248,103
8095000,32480.000004782047,-512129.6594869024,300.57633908484934,1.0272228461450459,103
8100000,32500.00000478612,-512323.6314884133,298.6983420965108,1.022550416458865,103
8105000,32520.000004790196,-512855.07877970114,300.9559221297096,1.0240854225049103,103
8110000,32540.00000479427,-512160.95490270783,301.87526871554473,1.0277110302879524,103
8115000,32560.000004798345,-512669.88974525756,301.3654318885426,1.0298219938331867,103
8120000,32580.00000480242,-512102.8167042325,300.29648918125923,1.028554301131518,103
8125000,32600.000004806494,-513541.9277700016,301.93171450458095,1.0253797116081036,103
8130000,32620.00000481057,-513198.2720199514,303.2305899197731,1.0242567371027143,103
8135000,32640.000004814643,-512064.24837657274,301.940474328455,1.0230665355358297,103
8140000,32660.000004818718,-510813.46927413903,301.13959967695655,1.0229911662244988,103
8145000,32680.000004822792,-513237.5591056205,302.50891887057054,1.0305148765794205,103
8150000,32700.000004826867,-513642.4329525414,299.83122406251744,1.0239917456521574,103
8155000,32720.00000483094,-510970.24652413325,299.40403877807574,1.0222612618433915,103
8160000,32740.000004835016,-511809.4094772781,301.2574945354548,1.0248640298981153,103
8165000,32760.00000483909,-512752.7203840306,300.8712222596421,1.0238917026198993,103
8170000,32780.00000484316,-512628.3731364943,297.5394941338682,1.027096615802751,103
8175000,32800.000004847236,-514952.3817938592,300.701883203579,1.0272146174160586,103
8180000,32820.00000485131,-513976.94161311304,301.8894894165385,1.0286433967964268,103
8185000,32840.000004855385,-512856.3850009246,299.5209917632352,1.0241741958609376,103
8190000,32860.00000485946,-512001.8643614615,300.2243396671225,1.0286648404902896,103
8195000,32880.000004863534,-511253.70101086283,297.9320247070115,1.0250977071418816,103
8200000,32900.00000486761,-514080.0996717266,300.6635660976841,1.0289382231998356,103
8205000,32920.00000487168,-513008.5748536824,298.45283607925575,1.0262354287112476,103
8210000,32940.00000487576,-511863.02359134634,299.31917890525267,1.024544145799841,103
8215000,32960.00000487983,-512670.2653332632,303.64144640369585,1.0241628309927606,103
8220000,32980.00000488391,-512578.2333388922,302.0095673857869,1.0272457212070827,103
8225000,33000.00000488798,-513190.88186386274,300.67899322240044,1.0307178560182277,103
8230000,33020.000004892056,-512130.004149884,301.2230243877821,1.0217694605942365,103
8235000,33040.00000489613,-512461.4348158017,298.5008924228675,1.0248986454460367,103
8240000,33060.000004900205,-512082.7153662804,300.04701573514427,1.0209295415849895,103
8245000,33080.00000490428,-511663.2855814777,299.67061197150997,1.0224966300717433,103
8250000,33100.000004908354,-513099.548485694,302.62648904230247,1.024397706925345,103
8255000,33120.00000491243,-512483.080792621,298.39739435791284,1.024704945144827,103
8260000,33140.0000049165,-513326.3173351188,301.1229333424457,1.0252023082813488,103
8265000,33160.00000492058,-512571.4381527072,298.86889075560526,1.0286617987528432,103
8270000,33180.00000492465,-511376.5114193724,302.400568107173,1.0219009552808074,103
8275000,33200.00000492873,-513851.0260082481,302.26310876161835,1.0283145101908864,103
8280000,33220.0000049328,-512122.74086114694,300.3821179430773,1.0274957579134405,103
8285000,33240.000004936875,-513877.539168495,301.4986877345957,1.0289197013579723,103
8290000,33260.00000494095,-512611.6134255673,300.2807327659169,1.028794138570233,103
8295000,33280.000004945025,-512261.33201536955,300.87334011120635,1.027546800200733,103
8300000,33300.0000049491,-512160.46287638997,301.0828217698631,1.0260023961756581,103
8305000,33320.00000495317,-512660.2902455749,298.6630629008562,1.0233048053910045,103
8310000,33340.00000495725,-512414.0969013502,301.52068889407826,1.0234800327931133,103
8315000,33360.00000496132,-512985.1295548668,300.6953656450409,1.028834397693021,103
8320000,33380.0000049654,-512686.4926824167,300.8816726679279,1.0267932437332246,103
8325000,33400.00000496947,-513286.8390814464,300.1986442674876,1.0222551395642994,103
8330000,33420.000004973546,-512297.1405613008,300.59311588964886,1.0249270364448437,103
8335000,33440.00000497762,-513284.0928342466,300.83801134745255,1.022394289152079,103
8340000,33460.000004981695,-511697.16799281375,302.0134691994556,1.0270779474690364,103
8345000,33480.00000498577,-513142.0828020561,302.1712845494916,1.0243970399299012,103
8350000,33500.000004989844,-513029.95384849166,297.99170518270626,1.0251666357645415,103
8355000,33520.00000499392,-513230.14981154935,299.9122747559831,1.0247726628900686,103
8360000,33540.00000499799,-512075.0627024246,299.68567754398316,1.0241547972372231,103
8365000,33560.00000500207,-513345.27678621095,299.51058054782726,1.0281256656177395,103
8370000,33580.00000500614,-512086.74581497745,301.0644673123115,1.0226661361625577,103
8375000,33600.00000501022,-513545.7673808299,302.9753642062662,1.0277507452456456,103
8380000,33620.00000501429,-514295.0955921423,302.33688645557226,1.0298684308068708,103
8385000,33640.000005018366,-513549.7487539761,300.67205974376077,1.0295936936708772,103
8390000,33660.00000502244,-512827.0842852758,301.2414054557534,1.0280514796093418,103
8395000,33680.000005026515,-512997.53683004784,299.7704508053694,1.0329889529778906,103
8400000,33700.00000503059,-511281.9207436554,302.33912787374396,1.0238749332565498,103
8405000,33720.000005034664,-512829.35900131287,302.0514523985651,1.0274194854392917,103
8410000,33740.00000503874,-513186.1373628797,300.79747961746864,1.030841852396714,103
8415000,33760.00000504281,-513178.59626582684,300.2993382846196,1.0271789120620562,103
8420000,33780.00000504689,-512788.88924856693,302.51964529578913,1.026030487258039,103
8425000,33800.00000505096,-513443.69165180717,299.597956921003,1.0259786678635603,103
8430000,33820.00000505504,-511888.7547677588,302.1957944449,1.0244440361032714,103
8435000,33840.00000505911,-513809.8727465691,301.3029046130483,1.0256134627420097,103
8440000,33860.000005063186,-513293.65044733766,301.257886321067,1.023487828860504,103
8445000,33880.00000506726,-511266.42587483115,302.601599883474,1.0302799581863185,103
8450000,33900.000005071335,-512118.3356048558,298.1171776961478,1.0239993909427751,104
8455000,33920.00000507541,-512677.75515496824,301.39931329404436,1.0278338923302022,104
8460000,33940.000005079484,-512160.48447349155,301.03701007099227,1.0240736486428148,104
8465000,33960.00000508356,-512303.78578169504,301.55277768536934,1.0222497106529176,104
8470000,33980.00000508763,-513840.5738829891,301.60326382337047,1.0252005473992887,104
8475000,34000.00000509171,-513362.624890974,302.6584582457555,1.0256793456380633,104
8480000,34020.00000509578,-513402.9116822595,302.8071288878284,1.0239326167234768,104
8485000,34040.00000509986,-512248.61100483686,301.2481839066597,1.0246904558557668,104
8490000,34060.00000510393,-512209.88910873886,299.9300412750092,1.0285930987739225,104
8495000,34080.000005108006,-511953.4908827981,299.7175477246402,1.026732988640769,104
8500000,34100.00000511208,-512947.5485415566,303.3414304351315,1.028126134399944,104
8505000,34120.000005116155,-513349.35406748764,299.037416656067,1.0248127599034518,104
8510000,34140.00000512023,-512524.7351836809,299.9997940737433,1.0266896512458947,104
8515000,34160.000005124304,-513195.0527788962,302.90505666781877,1.0293253927433816,104
8520000,34180.00000512838,-512418.66046501417,301.39615988854763,1.026597034009531,104
8525000,34200.00000513245,-513360.1802306345,301.175901646607,1.029334864976563,104
8530000,34220.00000513653,-512146.49403031426,302.2719134563601,1.0253546379803413,104
8535000,34240.0000051406,-511775.42914577154,297.24948206589465,1.0263549500025544,104
8540000,34260.00000514468,-512214.8012804417,298.68231970905066,1.0280405410156266,104
8545000,34280.00000514875,-512645.3139262437,302.667397516919,1.0263642288177215,104
8550000,34300.000005152826,-514337.5912820753,298.1245344930302,1.0310051555661028,104
8555000,34320.0000051569,-512357.0014124203,301.6272311571621,1.0271430320369208,104
8560000,34340.000005160975,-512194.4411581536,298.8474323092038,1.0267750672583136,104
8565000,34360.00000516505,-513544.969366034,299.5765020415603,1.0283409150279519,104
8570000,34380.000005169124,-513692.96682342817,298.5296943480179,1.026202174416763,104
8575000,34400.0000051732,-510351.0849540869,300.19796005369244,1.0250980489966162,104
8580000,34420.00000517727,-513644.1865020471,300.1430099493672,1.0277006979660497,104
8585000,34440.00000518135,-512692.5265049401,301.1533098830823,1.0258826974254396,104
8590000,34460.00000518542,-512413.58445690805,299.38855479327134,1.025350498378324,104
8595000,34480.0000051895,-512720.5297306464,300.976779350123,1.026731152793099,104
8600000,34500.00000519357,-512398.8693244953,302.5374217513177,1.0311639528631944,104
8605000,34520.000005197646,-511473.8728726944,302.6336237027739,1.0231910895298648,104
8610000,34540.00000520172,-513551.45721846865,302.30076859455727,1.030808163146385,104
8615000,34560.000005205795,-512101.44985210267,299.8694276257936,1.0252920428112828,104
8620000,34580.00000520987,-511053.7114857633,301.4163741708054,1.0256118433736692,104
8625000,34600.000005213944,-511246.18098236877,299.57705330321335,1.0267717039837827,104
8630000,34620.00000521802,-512731.9015854744,302.9448636819478,1.0298540952802266,104
8635000,34640.00000522209,-512178.4614936048,300.79712870408395,1.0235150202131191,104
8640000,34660.00000522617,-512698.66935014585,300.67766791804837,1.0308938798555696,104
8645000,34680.00000523024,-511673.81925718905,302.84032331560036,1.0280602958739715,104
8650000,34700.00000523432,-513316.5138100083,300.65272835887635,1.027896415173565,104
8655000,34720.00000523839,-512998.3745144708,300.7870267785704,1.0273407122141789,104
8660000,34740.000005242466,-512732.81086332235,298.74954283430225,1.0286524304228906,104
8665000,34760.00000524654,-513657.3112206266,301.3341019847677,1.0289157614646742,104
8670000,34780.000005250615,-510906.52314692433,301.8125212725531,1.0232471895416317,104
8675000,34800.00000525469,-512120.21300527407,299.74090840475003,1.0300443619539934,104
8680000,34820.000005258764,-512276.4886514181,298.8942447066125,1.023705436175959,104
8630000,34620.00000521802,-514007.7863827185,302.4441878923198,1.0279447153901038,--
8635000,34640.00000522209,-512768.58545128955,300.5955454535642,1.027325633698485,107
8640000,34660.00000522617,-513061.18758924934,300.15962526898227,1.028622529308732,107
8645000,34680.00000523024,-512550.6005511028,300.0383749326748,1.0295274173905358,107
8650000,34700.00000523432,-512032.2371535229,302.6242727982343,1.023017110876333,107
8655000,34720.00000523839,-512168.3027469574,298.8298564129758,1.027104386853335,107
8660000,34740.000005242466,-512935.4416225818,297.47093786422295,1.0290896103168854,107
8665000,34760.00000524654,-513300.8165075651,301.177516029402,1.0255504980916843,106
8670000,34780.000005250615,-513169.8122637735,302.85557262977215,1.0297470489378562,106
8675000,34800.00000525469,-512058.2130399237,299.59648979247993,1.0268531549352848,106
8680000,34820.000005258764,-512724.2014206401,302.0281536501248,1.0235170358847399,106
8685000,34840.00000526284,-512512.61981498706,298.0246075439042,1.0231371430221146,106
8690000,34860.00000526691,-513446.90821843734,302.3528221193914,1.0221870812702207,106
8695000,34880.00000527099,-513539.1373855432,297.7057292130497,1.0308145301242726,106
8700000,34900.00000527506,-513790.68211333407,301.3030272974733,1.0242393008354025,106
8705000,34920.00000527914,-511895.7192889303,302.0097319214471,1.0239162818407115,106
8710000,34940.00000528321,-512890.4645350324,299.3345974171063,1.028254022577725,106
8715000,34960.000005287286,-512943.32413996034,301.1355767342598,1.0272987742890067,106
8720000,34980.00000529136,-513103.326456439,302.5536701395769,1.0289979872790256,106
8725000,35000.000005295435,-511894.78285008273,302.4273519658963,1.0225735683277137,106
8730000,35020.00000529951,-512779.31763151754,298.0956798742445,1.0267306683426385,106
8735000,35040.000005303584,-513488.57806333015,300.2742883164287,1.031299797611714,106
8740000,35060.00000530766,-513619.30777590885,303.6113500410287,1.024616559523915,106
8745000,35080.00000531173,-513064.4252911934,300.1008123430312,1.0278028317103707,106
8750000,35100.00000531581,-513242.4877546849,300.0791461643595,1.0276579025782069,106
8755000,35120.00000531988,-512563.4692744962,301.8645880287921,1.0282821022683661,106
8760000,35140.00000532396,-512251.68713205424,300.55458487792913,1.0291549429768312,106
8765000,35160.00000532803,-510849.5858824421,299.0864220737915,1.025214860151811,106
8770000,35180.000005332106,-512846.3883897171,301.377322007342,1.0254568088250962,106
8775000,35200.00000533618,-513053.2125952558,299.9681511096471,1.030519509060001,106
8780000,35220.000005340255,-512516.92585617537,298.3187751011064,1.023657290994402,106
8785000,35240.00000534433,-512841.56161468546,300.9900514425237,1.0282401184954688,106
8790000,35260.000005348404,-512433.6677222641,300.24500543306107,1.0272000612783398,106
8795000,35280.00000535248,-511915.02571708476,302.1504782102585,1.022598058464749,106
8800000,35300.00000535655,-512063.43930560374,301.29652856954397,1.0266952230322721,106
8805000,35320.00000536063,-512929.1229490142,299.11329706191134,1.0269081694045221,106
8810000,35340.0000053647,-512810.28704173025,299.36721519469484,1.0260074353920463,106
8815000,35360.000005368776,-512596.29104863433,300.7438368707967,1.0253775148832913,106
8820000,35380.00000537285,-512996.30581445247,301.40617545478466,1.0275416406580415,106
8825000,35400.000005376925,-512835.27366785496,301.3416528987698,1.0243997267543727,106
8830000,35420.000005381,-512497.6504487118,300.83052217498994,1.0269290159062276,106
8835000,35440.000005385074,-512644.4738613907,299.6474043147144,1.026368973909256,106
8840000,35460.00000538915,-513159.3061972291,300.93120450242185,1.0252719004308264,106
8845000,35480.00000539322,-512601.8661714408,304.0635665678881,1.0281981442390264,106
8850000,35500.0000053973,-512734.66936113616,302.0423059737053,1.0289100944874872,106
8855000,35520.00000540137,-513504.67054688977,301.6279912242757,1.0285112738930755,106
8860000,35540.00000540545,-512908.0940526461,301.34800108905995,1.025678738179067,106
8865000,35560.00000540952,-513562.96706796996,301.9934069919002,1.025875570562086,106
8870000,35580.000005413596,-512095.9790941735,302.647932220322,1.025858049025433,106
8875000,35600.00000541767,-513178.6293148098,298.537573092909,1.0318530176743717,106
8880000,35620.000005421745,-513586.0718313507,302.7671803703844,1.0297130445848248,106
8885000,35640.00000542582,-513253.4581448068,301.8765968964879,1.0260372378259528,106
8890000,35660.000005429894,-512502.64456694224,300.53097801342955,1.029256416362902,106
8895000,35680.00000543397,-512904.2527931493,301.43304971100986,1.0265914280228758,106
8900000,35700.00000543804,-513626.3697280232,300.2174946004081,1.0288262317688674,106
8905000,35720.00000544212,-512122.80748421047,303.1129667431763,1.0252390496469341,106
8910000,35740.00000544619,-511391.3533403594,300.8118178971361,1.0264383454763195,106
8915000,35760.00000545027,-513017.5626234843,299.7609127095247,1.027510102510041,106
8920000,35780.00000545434,-512248.5528214949,301.7915679605226,1.022554919854487,106
8925000,35800.000005458416,-513013.00434223935,302.2058272865509,1.0261475001129958,106
8930000,35820.00000546249,-511760.2683026062,301.5184497924863,1.0260457069841495,106
8935000,35840.000005466565,-513417.035105994,303.3876132945874,1.0297139747823136,106
8940000,35860.00000547064,-512207.5339236907,302.2842720376565,1.0273396490606566,106
8945000,35880.000005474714,-511178.3001369897,301.73788237344337,1.0246420476472093,106
8950000,35900.00000547879,-511940.49925363227,299.0517878577218,1.0248996341057353,106
8955000,35920.00000548286,-512053.9080087631,301.4051708184958,1.0253392250026163,106
8960000,35940.00000548694,-513213.94144293526,301.58488042462614,1.0276245016393668,106
8965000,35960.00000549101,-512811.9968487199,302.2866933084371,1.0261523182616743,106
8970000,35980.00000549509,-511852.33557357057,301.97993766457876,1.0214501969777212,106
8975000,36000.00000549916,-513926.6240522731,299.0013039982152,1.0264482778331845,106
8980000,36020.000005503236,-512752.7735262965,298.1854534338958,1.024757476820672,106
8985000,36040.00000550731,-512237.08257521084,300.78235655011866,1.0236392300329784,106
8990000,36060.000005511385,-512639.19322140864,303.0594488141629,1.0218612067168098,106
8995000,36080.00000551546,-511508.91467059543,301.35991978756846,1.0271238403614251,106
9000000,36100.000005519534,-512104.1285045089,304.2712769943816,1.0253467594599983,106
9005000,36120.00000552361,-512306.4170925836,299.3208934665305,1.0239320066461686,106
9010000,36140.00000552768,-513358.3475852872,299.87858361686773,1.0274769629430505,106
9015000,36160.00000553176,-512497.49397188984,300.0854723183796,1.0244160605536259,106
9020000,36180.00000553583,-512872.7085992503,301.4392953953228,1.0275802725525396,106
9025000,36200.00000553991,-513365.4350751613,300.60910349895386,1.0252943600849571,106
9030000,36220.00000554398,-513765.1517961053,299.45060775129775,1.0281779506448943,106
9035000,36240.000005548056,-512582.04657211294,301.28190067937595,1.0299685668362488,106
9040000,36260.00000555213,-513455.18710580026,303.65132582229495,1.0280470601598521,106
9045000,36280.000005556205,-512377.59629481076,303.09413381170395,1.0300676335034522,106
9050000,36300.00000556028,-513562.9846596983,299.4838382166781,1.0275501492405434,106
9055000,36320.000005564354,-513641.54405765,299.99343834972467,1.0236146442855452,106
9060000,36340.00000556843,-512614.35750214104,301.7250450781057,1.0281931985764015,106
9065000,36360.0000055725,-513307.04846722935,300.2531885861984,1.0262696978707078,106
9070000,36380.00000557658,-512066.2572067657,300.6334653675538,1.0264796487050563,106
9075000,36400.00000558065,-512280.9486373444,302.26590463638024,1.0239299471854137,106
9080000,36420.00000558473,-512593.7660505241,300.77413299641887,1.028790334545972,106
9085000,36440.0000055888,-512632.5552155578,301.3460597250783,1.0243654535903333,106
9090000,36460.000005592876,-513440.25321797025,300.7544100312386,1.0253549186014552,106
9095000,36480.00000559695,-513163.3776151058,302.02608539798723,1.0261229219434833,106
9100000,36500.000005601025,-512436.23154992214,300.16625517294824,1.0233654223455628,106
9105000,36520.0000056051,-512999.08494580816,299.4125216532077,1.0307163830277866,106
9110000,36540.000005609174,-512407.714320838,301.75087828129415,1.0239885821044827,106
9115000,36560.00000561325,-512581.5773427128,299.91105517134355,1.0271256020984934,106
9120000,36580.00000561732,-512074.4149685886,300.2722981037346,1.0290422643073274,106
9125000,36600.0000056214,-513519.9450317826,298.2323473106303,1.026284817236671,106
9130000,36620.00000562547,-511980.1757089128,298.4738488736626,1.0235694589587232,106
9135000,36640.00000562955,-512239.9384679743,301.6704191024509,1.0290225922160343,106
9140000,36660.00000563362,-512430.1936608129,299.28494971565885,1.0260953467279332,106
9145000,36680.000005637696,-514150.1615425206,299.525965999193,1.0279662721826026,106
9150000,36700.00000564177,-512126.9901896459,303.5079265533834,1.0237057728316348,106
9155000,36720.000005645845,-512787.1125853455,300.50140911611726,1.0262803384959622,106
9160000,36740.00000564992,-511681.5015524952,301.1513184009174,1.0246774823884213,106
9165000,36760.000005653994,-513143.35066615394,299.6134367467571,1.0274357470405502,106
9170000,36780.00000565807,-513524.5673171298,302.38239790656075,1.027632087288247,106
9175000,36800.00000566214,-512573.1598868214,305.41923133993555,1.0263775117990057,106
9180000,36820.00000566622,-513030.2569071497,301.27929401153676,1.030891746369507,106
9185000,36840.00000567029,-511066.36443711095,302.4345167560625,1.0237946009140506,106
9190000,36860.00000567437,-511930.47471569525,298.359627786846,1.0278168029394552,106
9195000,36880.00000567844,-512694.4584102882,303.83492466569254,1.025220918100762,106
9200000,36900.000005682516,-511983.8953830893,303.3058176803057,1.0258022253814958,106
9205000,36920.00000568659,-512330.99500384415,299.0776577142398,1.0308146050778058,106
9210000,36940.000005690665,-512947.5594965527,301.61999959472087,1.0293700688792287,106
9215000,36960.00000569474,-513642.7286541506,299.7541533195285,1.0279547116657377,106
9220000,36980.000005698814,-512767.5013619892,300.5057001215229,1.0242716552840578,106
9225000,37000.00000570289,-512662.38344185613,301.768038924056,1.0268686734219934,106
9230000,37020.00000570696,-512323.70309537323,298.5480939022019,1.0288926005880585,106
9235000,37040.00000571104,-512577.61920161825,302.9520403508494,1.026660512637137,106
9240000,37060.00000571511,-512745.08899116656,299.3107068626048,1.0266412541105743,106
9245000,37080.00000571919,-512685.09572424414,300.0099170703748,1.0264841297640097,106
9250000,37100.00000572326,-513453.5878815325,299.68810641991826,1.0279021498895768,106
9255000,37120.000005727336,-511627.2413760349,301.3757046536103,1.0242377654930834,106
9260000,37140.00000573141,-512156.65655374224,298.97796235613066,1.0309194271740054,106
9265000,37160.000005735485,-512385.1494718767,301.0471465686275,1.0229593364497933,106
9270000,37180.00000573956,-511668.4105288577,301.2919916372734,1.0259723800909757,106
9275000,37200.000005743634,-513150.77137686615,298.30033682259716,1.0258932158219165,106
9280000,37220.00000574771,-511056.32739248755,302.30189681314255,1.0277858169975504,106
9285000,37240.00000575178,-513352.08192299237,298.4245784432236,1.031000560830941,106
9290000,37260.00000575586,-511868.6955306742,301.28786120484335,1.0219473881098307,106
9295000,37280.00000575993,-512152.65646610036,299.9970270287648,1.0258901530815334,106
9300000,37300.000005764006,-514101.94720038027,299.6922584854479,1.0257561443821506,106
9305000,37320.00000576808,-511868.36250761594,302.6609645127592,1.0250262819232958,106
9310000,37340.000005772155,-511776.37505417434,302.5269692506211,1.0253159664370866,106
9315000,37360.00000577623,-512782.1833205663,299.3643223685235,1.0294675199176364,106
9320000,37380.000005780304,-513683.792117771,304.75402534765544,1.0294349123740862,106
9325000,37400.00000578438,-511322.6961025803,300.47363692271216,1.0266604821095804,106
9330000,37420.00000578845,-512870.8489612404,299.42462148155346,1.0236060528046067,106
9335000,37440.00000579253,-512722.9440843549,301.49303866964493,1.023691637408952,106
9340000,37460.0000057966,-512320.6073281707,303.341212004686,1.02777337882217,106
9345000,37480.00000580068,-513437.08032948524,300.7542839222801,1.0298745654931625,106
9350000,37500.00000580475,-513406.17802572856,299.5918853573817,1.0276003001564655,106
9355000,37520.000005808826,-514207.3683488446,300.4702945339987,1.0278821572589538,106
9360000,37540.0000058129,-512007.07638438954,303.06383163525925,1.0240610501301752,106
9365000,37560.000005816975,-512362.1403401494,302.49504437673005,1.0267185978308047,106
9370000,37580.00000582105,-512433.4983378025,302.7433401830626,1.0251008755983273,106
9375000,37600.000005825124,-513636.232648768,301.08411558908824,1.030434352066653,106
9380000,37620.0000058292,-512661.73875220306,300.9629969005799,1.0305170807277582,106
9385000,37640.00000583327,-512116.9059951566,301.88281797153405,1.0251288774181035,106
9390000,37660.00000583735,-512098.8374300322,300.8317164534919,1.0241111318477756,106
9395000,37680.00000584142,-513341.40126768616,305.7135651581224,1.0280405277535634,106
9400000,37700.0000058455,-512374.5082539306,301.6874691053423,1.0297419117103754,106
9405000,37720.00000584957,-512357.63673766144,300.8331937688635,1.0270778904129865,106
9410000,37740.000005853646,-513419.4304618449,302.8470736261463,1.0235426000917045,106
9415000,37760.00000585772,-512312.4383907865,302.1701950524977,1.0276880062286597,106
9420000,37780.000005861795,-512629.42939434596,300.82327524924796,1.026325785183448,106
9425000,37800.00000586587,-512329.3130210941,302.1483327575242,1.02354349561054,106
9430000,37820.000005869944,-512566.938185822,301.07685752390375,1.0277348532836967,106
9435000,37840.00000587402,-513086.8982196015,301.25910450496093,1.025786884700429,106
9440000,37860.00000587809,-513249.220705017,299.07269121169065,1.0299449522093378,106
9445000,37880.00000588217,-512100.98427830846,299.96284925301285,1.023981047808651,106
9450000,37900.00000588624,-512898.3229877611,299.3059497533814,1.0293061844417222,106
9455000,37920.00000589032,-513559.23884965596,301.2154221109322,1.0253672970992496,106
9460000,37940.00000589439,-512435.96937768,300.17044552619507,1.0311610889860396,106
9465000,37960.000005898466,-512198.2224541842,300.3217800731793,1.0284496590304015,106
9470000,37980.00000590254,-511962.1999360202,300.40499165234576,1.0288283948149872,106
9475000,38000.000005906615,-513183.9265872997,296.18552010036996,1.0262270191441747,106
9480000,38020.00000591069,-513499.5770254012,299.7177670508513,1.02728192288963,106
9485000,38040.000005914764,-512673.3264095518,304.36909367800155,1.0277072702346488,106
9490000,38060.00000591884,-511923.96061094804,301.3786859260668,1.0251828625208417,106
9495000,38080.00000592291,-513452.0179316194,299.82653245193546,1.0258870285217052,106
9500000,38100.00000592699,-513149.2425569829,298.4405936269063,1.0293583268713518,106
9505000,38120.00000593106,-512014.21402813145,301.8740279625084,1.025578541435228,106
9510000,38140.00000593514,-512065.21771013015,300.0730360958448,1.0236306951208618,106
9515000,38160.00000593921,-514225.65803767066,300.3973022732755,1.0308266917939404,106
9520000,38180.000005943286,-512856.9516402499,301.2842823015868,1.0237029244471856,106
9525000,38200.00000594736,-512296.87361681554,298.7156881922197,1.0225155728757993,106
9530000,38220.000005951435,-512014.085269545,302.56727075138804,1.027347046897145,106
9535000,38240.00000595551,-512884.8547444381,298.5056051314692,1.0252669004266348,106
9540000,38260.000005959584,-512425.0026774686,303.5105976602099,1.029843185057903,106
9545000,38280.00000596366,-513591.26299719233,297.32271342645174,1.0317400660692442,106
9550000,38300.00000596773,-513557.2018432014,300.8122256116957,1.0272950240780145,106
9555000,38320.00000597181,-513108.5211008724,303.10575397664815,1.0296081628384162,106
9560000,38340.00000597588,-513826.16054869886,301.62193762449647,1.0273920784653523,106
9565000,38360.00000597996,-511961.39836936304,298.44375429513076,1.0269387539389714,106
9570000,38380.00000598403,-512909.74913548166,300.1929714380292,1.026145315950228,106
9575000,38400.000005988106,-512538.7566397409,302.5862509540563,1.0267988829770551,106
9580000,38420.00000599218,-513229.00963153737,301.0292469689649,1.0269955535173059,106
9585000,38440.000005996255,-513038.23383506807,301.04331371059095,1.024961594845182,106
9590000,38460.00000600033,-513036.0914888615,299.06739116891276,1.0302415050500517,106
9595000,38480.000006004404,-512863.0286002478,300.73130589141647,1.029773038900121,106
9600000,38500.00000600848,-512268.8566099629,298.2209171703181,1.0251447059861756,106
9605000,38520.00000601255,-512601.0098885088,302.1027084170848,1.026930592374134,106
9610000,38540.00000601663,-513703.8323878981,299.36124107814305,1.029021995218783,106
9615000,38560.0000060207,-512348.9970483526,304.350649375299,1.024300068444295,106
9620000,38580.00000602478,-510731.99125373014,301.2008649006331,1.029591045688311,106
9625000,38600.00000602885,-512178.37698000646,298.4990299471726,1.0246421962270467,106
9630000,38620.000006032926,-512881.92094411096,301.49987528233504,1.0255224149536193,106
9635000,38640.000006037,-512844.196395956,299.7948485111811,1.0286754039528172,106
9640000,38660.000006041075,-513200.8209981553,303.68195079128185,1.0263225999993668,106
9645000,38680.00000604515,-514249.55140057905,301.86098013159716,1.029903401009924,106
9650000,38700.000006049224,-512319.18560221395,301.7824311926224,1.0258690052018704,106
9655000,38720.0000060533,-512202.4376253041,300.1370345434436,1.0244360748790897,106
9660000,38740.00000605737,-512384.1180535655,301.706865475367,1.0260800503061478,106
9665000,38760.00000606145,-512060.43966564746,302.00238708147054,1.0282545420728249,106
9670000,38780.00000606552,-511812.76674834243,300.44553009127657,1.0258213197966355,106
9675000,38800.0000060696,-511341.4601727845,303.86117921034185,1.0248857408346448,106
9680000,38820.00000607367,-512943.9212494367,301.34055456488284,1.0297511040908094,106
9685000,38840.000006077746,-511649.17597531853,299.8124022672274,1.022950667525266,106
9690000,38860.00000608182,-511531.9516977542,300.37918128246963,1.0199388168133532,106
9695000,38880.000006085895,-512708.21956790844,300.5340109173406,1.031066552067141,106
9700000,38900.00000608997,-512398.6316799314,300.9424167073287,1.0255749473836433,106
9705000,38920.000006094044,-513259.72944253683,299.0468574732022,1.0246612776185728,106
9710000,38940.00000609812,-512785.0714484912,303.16143106143414,1.0279489040635978,106
9715000,38960.00000610219,-511185.7951562486,303.7213724093167,1.0234482770825075,106
9720000,38980.00000610627,-513637.69338366063,299.0153257612436,1.0268210584741049,106
9725000,39000.00000611034,-512177.8814397475,302.1583001257313,1.0278383581452204,106
9730000,39020.00000611442,-513240.4994814305,300.5577328705084,1.0278670545379287,106
9735000,39040.00000611849,-512410.4936179253,302.68416555231164,1.0212871817821185,106
9740000,39060.000006122566,-512641.9273948865,297.4974557950957,1.0240807115096742,106
9745000,39080.00000612664,-512896.3359589034,302.39069576484235,1.031148688001108,106
9750000,39100.000006130715,-512529.45874083065,300.2469602753036,1.0268369068883698,106
9755000,39120.00000613479,-514216.0782831637,301.16872156674884,1.0287936205801658,106
9760000,39140.000006138864,-512784.2354033475,301.58024594648515,1.0271614029884788,106
9765000,39160.00000614294,-512491.0099358896,302.3433107147881,1.0212789071266026,106
9770000,39180.00000614701,-512028.3889267666,302.3612062934971,1.023959569398577,106
9775000,39200.00000615109,-509894.1238656754,301.34743562480423,1.020552031241971,106
9780000,39220.00000615516,-512799.0597952476,303.28408922378605,1.0295183631213078,106
9785000,39240.00000615924,-512798.35293121403,303.06330045335136,1.0279326657372452,106
9790000,39260.00000616331,-512349.65556176123,303.43331204688076,1.022979076220358,106
9795000,39280.000006167385,-511930.4836018656,297.1053981083219,1.026758799882598,106
9800000,39300.00000617146,-512582.5619283435,298.54768213810695,1.0272864189350897,106
9805000,39320.000006175535,-512428.93548298324,302.27822257221857,1.0292076270095576,106
9810000,39340.00000617961,-512496.8121341844,301.06062069681303,1.0277501736771175,106
9815000,39360.00000618368,-511908.1255635815,301.3645911056182,1.02237304222665,106
9820000,39380.00000618776,-512283.3382819763,302.2008020477731,1.024993724576842,106
9825000,39400.00000619183,-513087.9909246778,301.94336017197156,1.0274063391180113,106
9830000,39420.00000619591,-512662.2870011716,303.0534387159054,1.0226582573383234,106
9835000,39440.00000619998,-513816.8730961699,300.0874104448053,1.027134653031343,106
9840000,39460.000006204056,-512926.3039496031,299.05304372164716,1.025495046332281,106
9845000,39480.00000620813,-511065.94493838283,301.5046574062068,1.0240823936413348,106
9850000,39500.000006212205,-511738.31772408076,301.5551379776647,1.0264729946644682,106
9855000,39520.00000621628,-512076.9572852419,302.5967101149609,1.0208666563307514,106
9860000,39540.000006220354,-511829.0346733774,301.3003826879398,1.0251397110237432,106
9865000,39560.00000622443,-511897.7410563461,300.60139139351173,1.0262131115948478,106
9870000,39580.0000062285,-512843.2706199144,299.8072135254468,1.0219303202069392,106
9875000,39600.00000623258,-512812.6640169285,300.8841227295745,1.0268660458991725,106
9880000,39620.00000623665,-512969.9679629721,299.39201843572823,1.0285637291159537,106
9885000,39640.00000624073,-511972.2598125688,301.67491559335525,1.0280388949752985,106
9890000,39660.0000062448,-512289.9325590478,297.9978691668255,1.0268933168553822,106
9895000,39680.000006248876,-511968.22323694173,300.50307559592574,1.0263032468684399,106
9900000,39700.00000625295,-512277.8523263114,300.6398960407588,1.0253634134383895,106
9905000,39720.000006257025,-512484.8475118964,299.5711579727916,1.0276247153492533,106
9910000,39740.0000062611,-511545.3284909455,300.399566066368,1.0259780803869238,106
9915000,39760.000006265174,-512807.988854442,301.5328773007999,1.025907082131879,106
9920000,39780.00000626925,-511465.9096955077,302.42670004761663,1.027239837864596,106
9925000,39800.00000627332,-511635.27474022866,301.34728514133377,1.0267527647319639,106
9930000,39820.0000062774,-513677.3221203985,300.28073982328266,1.0281765124678575,106
9935000,39840.00000628147,-511590.2077888434,300.14246123725536,1.0229548124285273,106
9940000,39860.00000628555,-512050.68498799857,304.83584791256914,1.0245941484916823,106
9945000,39880.00000628962,-512133.6391271632,302.23560392597443,1.0297293280385007,106
9950000,39900.000006293696,-512317.6619454648,299.435784401262,1.025969919535337,106
9955000,39920.00000629777,-512602.10716667655,299.4637860091844,1.0291782356824597,106
9960000,39940.000006301845,-513557.6137043722,300.69124079523624,1.028417241946125,106
9965000,39960.00000630592,-514134.00641284464,300.1372871924337,1.0281160219249,106
9970000,39980.000006309994,-511875.47816482675,302.16876487853295,1.0262956494320257,106
9975000,40000.00000631407,-512460.5368756391,302.4804361388782,1.025496920217549,106
9980000,40020.00000631814,-512467.40334174735,301.71221557673243,1.0278208393097117,106
9985000,40040.00000632222,-512564.43201194913,302.47581634492497,1.0296753990365985,106
9990000,40060.00000632629,-511536.895668505,301.08189570369433,1.028576282288702,106
9995000,40080.00000633037,-511917.1550847185,299.52157174476974,1.0239993699462961,106
10000000,40100.00000633444,-512153.6947631745,302.5224337949962,1.027321231619637,106
10005000,40120.000006338516,-512239.66043094895,302.3499518948754,1.0259394939289892,106
10010000,40140.00000634259,-512702.55959533993,300.16599260010213,1.0254630356357062,106
10015000,40160.000006346665,-511590.5628673008,301.4910473299619,1.024876402790998,106
10020000,40180.00000635074,-513322.0613199873,301.6325817753712,1.0237017069078826,106
10025000,40200.000006354814,-512256.7040373867,303.9802901348905,1.0258560843834206,106
10030000,40220.00000635889,-512256.62135882117,301.15673458042767,1.0276493913335547,106
10035000,40240.00000636296,-512473.6265633302,300.0504416447875,1.0260235312262553,106
10040000,40260.00000636704,-512070.8506559441,299.78292345916935,1.028678763471282,106
10045000,40280.00000637111,-512088.04211164964,301.6353033468266,1.0269314440594215,106
10050000,40300.00000637519,-512348.3391339916,302.04584685963033,1.0210519613939995,106
10055000,40320.00000637926,-512638.52763540903,303.44219623702986,1.0277955502054588,106
10060000,40340.000006383336,-513682.76990685565,300.6496855873307,1.027326909732695,106
10065000,40360.00000638741,-511444.0146460475,301.2795895650586,1.025384939635079,106
10070000,40380.000006391485,-512580.9149498779,298.98526289839197,1.0268291802667715,106
10075000,40400.00000639556,-513450.23687053914,303.9610477545969,1.031399731352739,106
10080000,40420.000006399634,-512042.7203384747,302.03998657222036,1.026349306837657,106
10085000,40440.00000640371,-513493.56044148863,303.36609512434,1.0271142284237762,106
10090000,40460.00000640778,-513058.1886534705,303.86046748515207,1.0254011517362271,106
10095000,40480.00000641186,-513079.32941812347,301.78633244817473,1.0287496058508876,106
10100000,40500.00000641593,-513306.14181584795,300.89551512498105,1.0268399141862221,106
10105000,40520.00000642001,-513697.4069374956,301.44776985138003,1.0298400352393802,106
10110000,40540.00000642408,-512337.3343310044,300.33127876030244,1.0263286794023183,106
10115000,40560.000006428156,-512899.4054955379,300.8903707780718,1.0263396351023832,106
10120000,40580.00000643223,-512892.01664791326,300.7919069373427,1.0240634054325477,106
10125000,40600.000006436305,-511786.1744133311,299.33720501723934,1.0242442019127411,106
10130000,40620.00000644038,-511009.57551409816,299.5307346462829,1.0257216675784875,106
10135000,40640.000006444454,-512783.4533909913,304.12530174940156,1.0297499002398394,106
10140000,40660.00000644853,-512435.6925180629,301.36785785714505,1.0269336176490549,106
10145000,40680.0000064526,-512824.993236799,299.6621522316421,1.0288657021542826,106
10150000,40700.00000645668,-513323.2334775224,301.5012960578044,1.0270975790504195,106
10155000,40720.00000646075,-513175.69072486926,302.5699785964448,1.0237453850347307,106
10160000,40740.00000646483,-513314.6811721346,297.9692080396678,1.0276516507265299,106
10165000,40760.0000064689,-511727.9801941437,301.2418015658561,1.0250588010950985,106
10170000,40780.000006472976,-513246.21314308373,300.8162580432282,1.026464412210049,106
10175000,40800.00000647705,-512284.9276110865,301.1405427224436,1.0268874724157517,106
10180000,40820.000006481125,-511711.2413960332,300.5692521412094,1.0271036040933494,106
10185000,40840.0000064852,-512613.1553700834,303.52961977056225,1.028421483749856,106
10190000,40860.000006489274,-512885.68859603046,302.67916390840657,1.0280187393533264,106
10195000,40880.00000649335,-511420.2668030716,301.82739871235793,1.0238981132094849,106
10200000,40900.00000649742,-512552.00669505796,299.74661017787696,1.0285084715328974,106
10205000,40920.0000065015,-512702.79981541634,300.8330497832119,1.0256360890203753,106
10210000,40940.00000650557,-513443.2417091506,300.68355227885695,1.030494471496912,106
10215000,40960.00000650965,-513864.2476488759,298.176832722809,1.0285137873617827,106
10220000,40980.00000651372,-514038.96545423265,300.0171551831321,1.0281120601042946,106
10225000,41000.000006517796,-513422.161114617,301.37267670109117,1.0279310679082334,106
10230000,41020.00000652187,-513163.81642869744,297.781879285911,1.0298461726306976,106
10235000,41040.000006525945,-511420.0984338643,300.94825642227636,1.0246371169869821,106
10240000,41060.00000653002,-512135.06422806834,297.44534046035244,1.0269996474128178,106
10245000,41080.000006534094,-512976.0316878469,300.74459547109154,1.0314868058181201,106
10250000,41100.00000653817,-513285.37091453513,303.137752973313,1.0282826730768488,106
10255000,41120.00000654224,-511877.4503811803,301.44020388365936,1.0250062463405663,106
10260000,41140.00000654632,-511878.46223874856,301.47875560469777,1.0272538854646796,106
10265000,41160.00000655039,-512773.4999655413,303.264285022376,1.0298725687999226,106
10255000,41120.00000654224,-511928.8613801468,300.2618014791751,1.022286051161233,--
10260000,41140.00000654632,-512657.9626594889,301.8139376525716,1.0293468488361341,108
10265000,41160.00000655039,-513257.7440432259,298.7765248724358,1.0292193651328694,108
10270000,41180.00000655447,-513477.0254376896,300.55012104457984,1.0268687093562043,107
10275000,41200.00000655854,-511280.2732506278,300.15391622474874,1.0234217262389418,107
10280000,41220.000006562615,-512597.2040333466,299.47429622366855,1.0293605581283676,107
10285000,41240.00000656669,-512873.94888654235,299.63808541228894,1.0230540522303893,107
10290000,41260.000006570765,-512422.683988536,297.7760253002859,1.0281156825123097,107
10295000,41280.00000657484,-512557.5322719412,300.9128345329687,1.0281759295168122,107
10300000,41300.00000657891,-513925.48852101574,301.335046827401,1.026998501745443,107
10305000,41320.00000658299,-511682.2992365316,302.5290772761798,1.0270664958185578,107
10310000,41340.00000658706,-512386.05838339915,302.2692511376361,1.027734815688579,107
10315000,41360.00000659114,-512583.0786464473,304.0813294267887,1.0236003713675814,107
10320000,41380.00000659521,-514073.20308565605,299.7920745718348,1.026097198684002,107
10325000,41400.000006599286,-512279.1659625892,300.9550931214242,1.0270501908094092,107
10330000,41420.00000660336,-511313.08097052155,299.9943609184723,1.0234700453437673,107
10335000,41440.000006607435,-512167.54669609317,300.8312949479906,1.026753747972668,107
10340000,41460.00000661151,-512114.7869151253,299.43012269783526,1.0294668386718069,107
10345000,41480.000006615584,-512292.6055782747,298.7101712420889,1.0255906262974697,107
10350000,41500.00000661966,-512908.563624186,300.78312619355546,1.0205144365617016,107
10355000,41520.00000662373,-513398.4736494089,300.8095962762996,1.0226084518831744,107
10360000,41540.00000662781,-512154.2107333678,301.30009047985664,1.0243023588662714,107
10365000,41560.00000663188,-513070.5826270585,299.68344301897196,1.029098920893502,107
10370000,41580.00000663596,-512505.41729769553,301.56470919349727,1.0295602627549756,107
10375000,41600.00000664003,-513437.631819719,301.97808623856605,1.026771660380131,107
10380000,41620.000006644106,-511958.52925086836,298.71136606385744,1.0251475399957892,107
10385000,41640.00000664818,-513676.35747551336,301.61677260855976,1.0244522932921063,107
10390000,41660.000006652255,-512470.0195218194,301.42804323638455,1.0260661002566658,107
10395000,41680.00000665633,-512801.58448163373,300.6623772603949,1.0253433492491975,106
10400000,41700.000006660404,-511570.6757152106,301.6137925351489,1.024954590291158,106
10405000,41720.00000666448,-512217.6203133059,300.75811285550225,1.0226001670756464,106
10410000,41740.00000666855,-511924.8245069166,299.4861169654612,1.026618730787898,106
10415000,41760.00000667263,-513364.0978398358,299.23708387304845,1.0255543621352312,106
10420000,41780.0000066767,-514776.1771695176,296.73391359170415,1.0286219204004272,106
10425000,41800.00000668078,-513448.6537227044,302.9259458475923,1.027192570462975,106
10430000,41820.00000668485,-513063.5049664185,298.5846584307167,1.0284451037674982,106
10435000,41840.000006688926,-510718.3298290963,298.772552605615,1.0228999589651286,106
10440000,41860.000006693,-513175.19999761507,299.9101838492482,1.0261683393836725,106
10445000,41880.000006697075,-513148.10182250617,302.4157384215633,1.0248427197150365,106
10450000,41900.00000670115,-512903.6644257952,302.2716554299099,1.0316702387492858,106
10455000,41920.000006705224,-514210.5459630161,301.3064279675326,1.0296367486013853,106
10460000,41940.0000067093,-512467.68933561654,297.9548946351624,1.0276202055719865,106
10465000,41960.00000671337,-512288.7527188279,299.2821310506814,1.0228685576402632,106
10470000,41980.00000671745,-512718.16821560846,300.7869038101258,1.0264819208964084,106
10475000,42000.00000672152,-510725.63134568394,300.3311952959017,1.0194514551376324,106
10480000,42020.0000067256,-512104.13291089074,302.04661012907434,1.0290743685257449,106
10485000,42040.00000672967,-512372.4903856481,298.8432498580098,1.0254136397921314,106
10490000,42060.000006733746,-511948.1470568592,300.9050611889018,1.0220669690552442,106
10495000,42080.00000673782,-513898.0197622301,302.5287257946817,1.0269687175395794,106
10500000,42100.000006741895,-512562.197003284,298.87075583462683,1.027670002878154,106
10505000,42120.00000674597,-511405.397648738,299.15778748669754,1.022475682599767,106
10510000,42140.000006750044,-513268.25121067674,301.35470666679095,1.0310258216199104,106
10515000,42160.00000675412,-513229.87989110826,301.7899435462811,1.0253241747468524,106
10520000,42180.00000675819,-513766.9577790564,299.8302037664567,1.0259919453797297,106
10525000,42200.00000676227,-513752.91670074826,303.3602976886685,1.0278571607945457,106
10530000,42220.00000676634,-512316.3131970526,301.8253919038403,1.0255342236490315,106
10535000,42240.00000677042,-512832.5895724462,300.3189953379295,1.029117562063633,106
10540000,42260.00000677449,-512965.0009751315,299.94044140407135,1.0267014367322072,106
10545000,42280.000006778566,-512246.1035844516,303.95075136968245,1.0265002541472381,106
10550000,42300.00000678264,-512351.5246851016,302.346828891332,1.0260375072155736,106
10555000,42320.000006786715,-513726.7573043443,302.19768584536115,1.025717436676791,106
10560000,42340.00000679079,-512759.6433983429,301.9482526487852,1.0290409075273084,106
10565000,42360.000006794864,-513891.3198866341,303.61612020313066,1.0251481513943872,106
10570000,42380.00000679894,-512810.10206505423,300.4097271485144,1.022735913569561,106
10575000,42400.00000680301,-513099.3813157084,300.5386065164082,1.0263069365241448,106
10580000,42420.00000680709,-512348.65021274844,299.2690285819744,1.0251593435690352,106
10585000,42440.00000681116,-511387.0795637646,302.4797765973346,1.026422815555654,106
10590000,42460.00000681524,-513463.74456325267,299.0750698705616,1.0262660206313456,106
10595000,42480.00000681931,-512243.31203715224,300.117477760281,1.0258541835399138,106
10600000,42500.000006823386,-512522.76613447256,301.6007792195098,1.0276383694991273,106
10605000,42520.00000682746,-512904.65557133197,299.29502831868206,1.0288681171357597,106
10610000,42540.000006831535,-512415.0642175211,300.58761236421435,1.0244791832462645,106
10615000,42560.00000683561,-511859.7132122379,300.721471247856,1.025213060419503,106
10620000,42580.000006839684,-512490.4396906453,300.0105081968331,1.0255322843345123,106
10625000,42600.00000684376,-511871.9717605158,302.8237122340764,1.0268145677195843,106
10630000,42620.00000684783,-513422.49350550934,303.00362555177924,1.027132018125366,106
10635000,42640.00000685191,-511992.09105268563,300.97488685668236,1.0251768894399678,106
10640000,42660.00000685598,-513185.2050997927,303.11229504224525,1.026354652644827,106
10645000,42680.00000686006,-512036.03076760424,301.0744038695368,1.0254794312735709,106
10650000,42700.00000686413,-512408.5120190168,299.28299145227675,1.0269418322987298,106
10655000,42720.000006868206,-511930.29533406347,300.8059284438093,1.0257709541726239,106
10660000,42740.00000687228,-512307.1493738296,299.2367124749866,1.0242678195086174,106
10665000,42760.000006876355,-512565.938180672,302.08443339391135,1.0246884818473105,106
10670000,42780.00000688043,-513937.7984186481,298.96642034590894,1.0298090794230348,106
10675000,42800.000006884504,-512794.175595429,300.9093632814969,1.028073421736397,106
10680000,42820.00000688858,-512144.84825089364,301.0887328827075,1.0237931347219353,106
10685000,42840.00000689265,-511545.0235762105,302.3570339993496,1.0264378260756306,106
10690000,42860.00000689673,-511911.42362553766,300.9716709768713,1.023846451940374,106
10695000,42880.0000069008,-512780.10881590075,301.7671488214128,1.0285161297971488,106
10700000,42900.00000690488,-510842.3388082532,300.8251585055785,1.029190084514237,106
10705000,42920.00000690895,-512037.36209972785,301.2313896130007,1.027188184075765,106
10710000,42940.000006913026,-513167.5189768283,300.9285910899013,1.0299978142359498,106
10715000,42960.0000069171,-512975.41293452354,300.5345666619229,1.0286773062601928,106
10720000,42980.000006921175,-512660.8975200746,297.3813680188681,1.0298720916141004,106
10725000,43000.00000692525,-511922.4876917121,298.7972926448022,1.0251491389791827,106
10730000,43020.000006929324,-513300.39093726524,297.427387417314,1.0286924327722482,106
10735000,43040.0000069334,-512196.8529117098,298.81918948259687,1.0270683269088459,106
10740000,43060.00000693747,-512968.3848723492,297.5468361092096,1.0264948477228324,106
10745000,43080.00000694155,-511170.89059573016,300.4815271950468,1.0223224175960526,106
10750000,43100.00000694562,-511739.0612768701,303.9598386449459,1.0244608100984374,106
10755000,43120.0000069497,-513499.2863977605,299.8057778226432,1.026410564985859,106
10760000,43140.00000695377,-512782.9816415757,298.93790977311835,1.025781668262171,106
10765000,43160.000006957845,-511903.1034518725,300.44547163492024,1.0267714691127006,106
10770000,43180.00000696192,-512166.7506236178,302.30770687199947,1.0248546444955722,106
10775000,43200.000006965995,-512994.4454798347,299.44204097983544,1.0277611625249912,106
10780000,43220.00000697007,-512178.44244247326,302.8053136036251,1.024422447779531,106
10785000,43240.00000697414,-512142.7931415355,299.6639990127341,1.027316813694362,106
10790000,43260.00000697822,-512513.7942606432,300.6448094938016,1.0259473811724455,106
10795000,43280.00000698229,-512163.964741715,301.0916142008743,1.0235244369398855,106
10800000,43300.00000698637,-512254.3318960795,301.05746197997416,1.0323857813972772,106
10805000,43320.00000699044,-512388.8305502671,299.4039479494376,1.022849732837864,106
10810000,43340.000006994516,-512422.51380027225,300.3218840212941,1.0300972550757723,106
10815000,43360.00000699859,-512972.5034735394,301.4698023248458,1.027492899842822,106
10820000,43380.000007002665,-512871.29390615714,298.5177973309436,1.026038127141601,106
10825000,43400.00000700674,-513765.9984173288,298.4861753132149,1.0269110429230746,106
10830000,43420.000007010814,-512074.486356094,300.6730989155092,1.029087618119428,106
10835000,43440.00000701489,-512291.33711506263,300.10241324479284,1.0294216202151731,106
10840000,43460.00000701896,-512773.1737976959,302.6553309870576,1.0281322879389079,106
10845000,43480.00000702304,-512561.30614711647,301.1810289863669,1.0284364666081058,106
10850000,43500.00000702711,-512287.4221948043,300.4278110256429,1.0259818342010107,106
10855000,43520.00000703119,-513458.00590947876,296.98939291697076,1.0267965077305383,106
10860000,43540.00000703526,-512826.88614657056,300.0031161549695,1.0258381952459084,106
10865000,43560.000007039336,-512944.6039728706,300.5339584462072,1.0286667677734458,106
10870000,43580.00000704341,-511642.65698751947,300.5074787138708,1.0239384581573698,106
10875000,43600.000007047485,-512604.5965746718,300.2739031598823,1.0308690872633248,106
10880000,43620.00000705156,-511792.4781779188,301.03690236647986,1.021640925444335,106
10885000,43640.000007055634,-512205.94811517233,301.1509317876487,1.024693458382066,106
10890000,43660.00000705971,-513368.3896753052,299.86716347013504,1.0280566794715404,106
10895000,43680.00000706378,-512951.6262175469,299.9724247880604,1.0276910367265577,106
10900000,43700.00000706786,-513750.7687293042,302.5764545777067,1.0221077677164776,106
10905000,43720.00000707193,-513535.18013271526,301.99599886412653,1.0245692081915643,106
10910000,43740.00000707601,-511798.34142931295,301.9095901659091,1.0228473489096266,106
10915000,43760.00000708008,-512168.4920758349,298.89974180671857,1.023084769708452,106
10920000,43780.000007084156,-513319.543522764,301.5175054761449,1.0268906842115013,106
10925000,43800.00000708823,-512512.9029505518,301.57952863400374,1.0293210455688844,106
10930000,43820.000007092305,-513161.3329727254,299.85725583960334,1.0262728204689942,106
10935000,43840.00000709638,-512822.2215911008,300.14367859919173,1.0275726299355248,106
10940000,43860.000007100454,-513788.22247982305,299.793852677095,1.0293019290925614,106
10945000,43880.00000710453,-512881.81176806963,301.20740750237167,1.0297921768399578,106
10950000,43900.0000071086,-513648.44374108524,304.9824005127039,1.0316405156776722,106
10955000,43920.00000711268,-512019.6152058004,299.03605123260684,1.0264511368175115,106
10960000,43940.00000711675,-510861.11443407065,300.07453848237174,1.0236463539218694,106
10965000,43960.00000712083,-512104.68392907525,299.14039636388503,1.0274924747721983,106
10970000,43980.0000071249,-512229.87833605777,302.77992341925676,1.0291610975738448,106
10975000,44000.000007128976,-512451.6151902247,301.87534221825626,1.0253632236292116,106
10980000,44020.00000713305,-513438.04993347754,298.42339576923854,1.0300961939893525,106
10985000,44040.000007137125,-512703.7009181448,300.21397253763195,1.0237957284863592,106
10990000,44060.0000071412,-513154.2126705926,298.96105412834874,1.025905842754593,106
10995000,44080.000007145274,-513557.89114079066,299.29816107545093,1.0294879438341946,106
11000000,44100.00000714935,-514063.44848149456,301.9628584182756,1.026513166881053,106
11005000,44120.00000715342,-512616.4690646967,300.511985499261,1.0250575024030677,106
11010000,44140.0000071575,-510786.9460297823,302.47412651870474,1.0272115298026587,106
11015000,44160.00000716157,-513449.6709545187,301.03289726693953,1.0255300898883188,106
11020000,44180.00000716565,-513503.7424316781,299.20908785856545,1.025315023169856,106
11025000,44200.00000716972,-512697.2753014059,300.82586067195035,1.0280363444912919,106
11030000,44220.000007173796,-512218.7088948961,298.3758969119342,1.0243007599293985,106
11035000,44240.00000717787,-512425.5538415967,300.26599378376113,1.02586461922809,106
11040000,44260.000007181945,-511789.06954466645,298.66374767878045,1.0270519280992931,106
11045000,44280.00000718602,-512214.1641034754,302.52554292447115,1.026419198490891,106
11050000,44300.000007190094,-513327.8232705202,298.69273685581646,1.0257590217217156,106
11055000,44320.00000719417,-511671.7514321951,303.3574008239586,1.0245485998200612,106
11060000,44340.00000719824,-513076.32583718374,301.1245466315708,1.0256266781134322,106
11065000,44360.00000720232,-511822.9879594066,300.8812484148201,1.0284589402670299,106
11070000,44380.00000720639,-512037.83620734746,303.21588027490264,1.0269907670311271,106
11075000,44400.00000721047,-513601.57661563694,297.73625551928455,1.0255497687429855,106
11080000,44420.00000721454,-513480.22198925586,301.43913148743115,1.0253150433962166,106
11085000,44440.000007218616,-513019.9559274069,300.12263783052714,1.0251839164799965,106
11090000,44460.00000722269,-510864.7130844814,301.8163405727011,1.0239831474392176,106
11095000,44480.000007226765,-512312.29181947955,300.9916098619583,1.0234144880516252,106
11100000,44500.00000723084,-512762.19218383264,300.65070263930045,1.0271616264272942,106
11105000,44520.000007234914,-512580.2351182718,301.90369728511735,1.0269906023356197,106
11110000,44540.00000723899,-511971.3319376351,302.65762818623296,1.0254455363451203,106
11115000,44560.00000724306,-512274.9427533571,300.79064551356737,1.0252173288286643,106
11120000,44580.00000724714,-511247.0534208743,301.3225345438955,1.024848836831697,106
11125000,44600.00000725121,-512190.4014387075,300.7028675136726,1.0310835689496578,106
11130000,44620.00000725529,-513150.13624819485,301.30238277368034,1.026593004031825,106
11135000,44640.00000725936,-512915.2420190633,299.10585741709457,1.0278222398500843,106
11140000,44660.000007263436,-513218.85566165973,301.14889411765574,1.0290935547157398,106
11145000,44680.00000726751,-513456.269960179,300.67258068386553,1.02568575754413,106
11150000,44700.000007271585,-512437.99007187434,301.7607729027528,1.0278568505238042,106
11155000,44720.00000727566,-513079.7904184868,299.03083590726595,1.027866612893146,106
11160000,44740.000007279734,-511857.3007647388,302.13149194992786,1.0269478984370664,106
11165000,44760.00000728381,-513579.8147535424,297.6679095623244,1.0283752121248617,106
11170000,44780.00000728788,-512693.3049082842,299.5966065120053,1.029037119587043,106
11175000,44800.00000729196,-512226.66344412346,300.8876755177652,1.0281743044055436,106
11180000,44820.00000729603,-512597.06532359216,300.36379117436593,1.0307379520341364,106
11185000,44840.00000730011,-512702.4141784967,300.0391417310026,1.0264116850231826,106
11190000,44860.00000730418,-511790.0708698421,300.32363303283563,1.0281562018969825,106
11195000,44880.000007308256,-512444.49576452374,300.91704409865457,1.0237887253310534,106
11200000,44900.00000731233,-513049.43657319853,302.7787624067891,1.0269208139990105,106
11205000,44920.000007316405,-512552.82183441403,301.78225817652304,1.0295401174086694,106
11210000,44940.00000732048,-513321.4244463211,297.8633613417875,1.0300853326681865,106
11215000,44960.000007324554,-512648.9442466821,301.32384244556414,1.027963131843521,106
11220000,44980.00000732863,-513155.07484221226,298.0657935863992,1.0261552291386193,106
11225000,45000.0000073327,-512056.49616501015,300.6293008527282,1.0279470848094117,106
11230000,45020.00000733678,-511547.55177758844,298.66299088979775,1.025732285051415,106
11235000,45040.00000734085,-510947.0604177632,303.8187908581876,1.0294712124926173,106
11240000,45060.00000734493,-513053.3881735846,299.1083932190734,1.0266649738623717,106
11245000,45080.000007349,-513534.0153289903,301.5874655827146,1.0273013107131024,106
11250000,45100.000007353075,-513508.2943307718,299.2050365018911,1.0279833113046184,106
11255000,45120.00000735715,-513362.9144552788,299.4169021913468,1.029559879906214,106
11260000,45140.000007361225,-511925.4242349032,300.666051568482,1.0239028720366796,106
11265000,45160.0000073653,-512364.8118881751,301.5911018065221,1.02842317742142,106
11270000,45180.00000736937,-511790.822644589,302.871590456906,1.0269792893476188,106
11275000,45200.00000737345,-512729.9077067864,301.4144380312068,1.0281204197297003,106
11280000,45220.00000737752,-512562.0216542962,298.4045484298281,1.0277374285461145,106
11285000,45240.0000073816,-511698.25604765303,305.66529021974515,1.0235640690967505,106
11290000,45260.00000738567,-512902.5598411092,298.7310249525285,1.0284036229488167,106
11295000,45280.000007389746,-513450.38664922747,301.32885372389245,1.0253488488947569,106
11300000,45300.00000739382,-513548.92162364,299.81557036493916,1.0290732747740565,106
11305000,45320.000007397895,-511865.4959729081,301.0299804481658,1.0273432185422078,106
11310000,45340.00000740197,-512534.4795078612,302.15099541423007,1.028394570246285,106
11315000,45360.000007406044,-512876.93673845194,301.44589484340634,1.0284766938055565,106
11320000,45380.00000741012,-512413.8018560193,303.51805071331125,1.0226325155665217,106
11325000,45400.00000741419,-512668.30608350714,301.14541788988225,1.0212376588545011,106
11330000,45420.00000741827,-512779.8110725435,301.09268596919304,1.0255481713825172,106
11335000,45440.00000742234,-511736.08609335683,301.23551969514307,1.0275846807348321,106
11340000,45460.00000742642,-512499.42563740094,302.81528730026326,1.0217276728893463,106
11345000,45480.00000743049,-514083.01341000665,303.9874524645047,1.0271277596600021,106
11350000,45500.000007434566,-513759.20730328583,302.2772942609326,1.0297876721326509,106
11355000,45520.00000743864,-514178.64624367,298.32829878484193,1.0257425267453715,106
11360000,45540.000007442715,-513242.4595778445,300.814196728572,1.0319652573093328,106
11365000,45560.00000744679,-512562.9855273664,299.7773195338852,1.0263241324449746,106
11370000,45580.000007450864,-511993.50621487224,298.8560339095232,1.0275076623712232,106
11375000,45600.00000745494,-512418.23182655894,299.95309426439684,1.0222452662093449,106
11380000,45620.00000745901,-511980.15990807535,301.076452038532,1.0244528865668994,106
11385000,45640.00000746309,-512690.76344947354,299.0968841304342,1.029583664119737,106
11390000,45660.00000746716,-512080.93626432517,298.00701756369966,1.029034456325581,106
11395000,45680.00000747124,-511780.22444238584,300.53891111209725,1.0268648531520812,106
11400000,45700.00000747531,-513183.32558000064,300.26479578839974,1.0229575397841346,106
11405000,45720.000007479386,-513190.31644264027,299.39041252289036,1.0283433487507398,106
11410000,45740.00000748346,-511665.2481294875,302.06240862909436,1.0277672322695297,106
11415000,45760.000007487535,-512571.396754361,301.9317668267161,1.024868016155902,106
11420000,45780.00000749161,-513338.62590857805,301.98358329937224,1.0270620286787069,106
11425000,45800.000007495684,-512147.8013827768,303.36704903858566,1.0235543553756579,106
11430000,45820.00000749976,-511616.14796680864,303.28458740581084,1.0242173377172326,106
11435000,45840.00000750383,-512282.40275107115,301.5409381776831,1.025325715471591,106
11440000,45860.00000750791,-512808.83528302005,302.6111471606131,1.027675332601379,106
11445000,45880.00000751198,-511824.05032272893,302.055393918843,1.0262960214270305,106
11450000,45900.00000751606,-512791.5484011655,300.89082987111016,1.0236642966176543,106
11455000,45920.00000752013,-513134.5140915958,301.9201345860046,1.0292703958794873,106
11460000,45940.000007524206,-511128.67305824114,300.37219621545347,1.0279390096327135,106
11465000,45960.00000752828,-511518.939389881,301.12039705208764,1.0231387223775688,106
11470000,45980.000007532355,-511440.70581094106,299.968553236031,1.0262408064294282,106
11475000,46000.00000753643,-512929.02776920795,300.9050309841953,1.027292801060394,106
11480000,46020.000007540504,-512834.10660247086,304.9714523313902,1.0315514342805026,106
11485000,46040.00000754458,-512759.38162408746,299.6975115351158,1.0297023150359375,106
11490000,46060.00000754865,-512483.02737867506,299.1905594878815,1.0257632888032948,106
11495000,46080.00000755273,-511590.9970718133,300.847767948764,1.0273470381860836,106
11500000,46100.0000075568,-512581.47722249967,302.4566081379677,1.0266968976627253,106
11505000,46120.00000756088,-511633.9220901646,300.33960245114105,1.019346475353948,106
11510000,46140.00000756495,-511321.961224196,303.13345455478196,1.0259410030991474,106
11515000,46160.000007569026,-513581.6760357369,303.369188953811,1.026016125576414,106
11520000,46180.0000075731,-513503.31335899746,298.0217158144889,1.031644605531166,106
11525000,46200.000007577175,-512693.1880778847,300.59618177564687,1.025231561704394,106
11530000,46220.00000758125,-512988.1255489669,303.45580526919775,1.0263126558058835,106
11535000,46240.000007585324,-511536.7594205048,301.13932372294863,1.0254627794430218,106
11540000,46260.0000075894,-513163.57199954055,301.933271918776,1.026853207734176,106
11545000,46280.00000759347,-511988.4503230832,299.5042520080157,1.0221284211436439,106
11550000,46300.00000759755,-513392.5529006566,298.4403385015224,1.0271936190201267,106
11555000,46320.00000760162,-514089.4568544752,300.91262457305885,1.029904080564809,106
11560000,46340.0000076057,-511960.13938810513,300.2918032444124,1.0257474200242096,106
11565000,46360.00000760977,-512186.8489664432,299.19810188937066,1.026348898372328,106
11570000,46380.000007613846,-512745.1266899451,297.64502478954284,1.0276741262656959,106
11575000,46400.00000761792,-511217.4365660951,299.8591540353052,1.026669214000688,106
11580000,46420.000007621995,-510957.42488268786,299.95506216950037,1.0257148075203426,106
11585000,46440.00000762607,-512439.89106419566,299.1147640689951,1.0283345935290376,106
11590000,46460.000007630144,-512212.73723840015,299.17526618372654,1.0250488142539183,106
11595000,46480.00000763422,-510756.220594537,301.83912119212647,1.0275902416102263,106
11600000,46500.00000763829,-513096.6061106743,302.1100063770391,1.0233385718580899,106
11605000,46520.00000764237,-513331.6656100934,301.075044648163,1.0251385723963118,106
11610000,46540.00000764644,-513313.83233770216,303.51884867821803,1.0319304519843342,106
11615000,46560.00000765052,-513316.680833942,301.1883658490746,1.026140334739213,106
11620000,46580.00000765459,-512719.1153374142,301.15950297466003,1.0323852571094723,106
11625000,46600.000007658666,-510755.8667922823,297.7872468060651,1.0231786386340496,106
11630000,46620.00000766274,-512094.5786238173,302.6197036935472,1.0285048383192468,106
11635000,46640.000007666815,-512618.42518496816,301.57033902964395,1.0256269206446056,106
11640000,46660.00000767089,-512683.23994481703,300.4772527687178,1.0330141079916153,106
11645000,46680.000007674964,-513214.3005601985,301.61078222715355,1.026202474835466,106
11650000,46700.00000767904,-512591.2615157557,302.66803056941336,1.0276814428764356,106
11655000,46720.00000768311,-512482.8984310981,300.529461481301,1.0238621710129212,106
11660000,46740.00000768719,-512853.24481107807,298.7172668525006,1.0318518314766925,106
11665000,46760.00000769126,-512805.0614065749,301.4834073498618,1.0248760066758271,106
11670000,46780.00000769534,-511965.96076250006,301.0679135032176,1.028561706397811,106
11675000,46800.00000769941,-513015.5198493453,299.47451982160544,1.0246870194683086,106
11680000,46820.000007703486,-513065.90120353666,299.5919812351054,1.027425752082933,106
11685000,46840.00000770756,-512284.93640902126,301.25815718353454,1.0285049791944294,106
11690000,46860.000007711635,-511933.2844621099,301.9971662070756,1.0232335739220175,106
11695000,46880.00000771571,-512169.6691686809,302.52618136542156,1.0266095542654738,106
11700000,46900.000007719784,-512347.2276974451,301.69028519971374,1.025276603345083,106
11705000,46920.00000772386,-511851.061178294,302.572314404216,1.0251345797766602,106
11710000,46940.00000772793,-512071.0272391245,302.6815310163858,1.0238427715787353,106
11715000,46960.00000773201,-511792.10134180356,304.5721435426564,1.0225709602003241,106
11720000,46980.00000773608,-512551.8461377411,299.2119234919454,1.026555790720643,106
11725000,47000.00000774016,-512483.3275914907,302.3848716931239,1.0232643735562594,106
11730000,47020.00000774423,-513057.93431348354,301.24509630501007,1.0254956297065823,106
11735000,47040.000007748306,-511930.05952685117,299.85419083361165,1.0261713937644672,106
11740000,47060.00000775238,-513937.76985479915,300.9743441082667,1.0259022569690872,106
11745000,47080.000007756455,-513319.90735656535,298.64363889799347,1.0299017201623604,106
11750000,47100.00000776053,-512570.70497790445,299.97502810552754,1.0267597150683363,106
11755000,47120.000007764604,-512785.26183920424,300.6626193370782,1.0261947704891994,106
11760000,47140.00000776868,-512918.56910988525,300.8918428838897,1.0269466220413124,106
11765000,47160.00000777275,-511510.0328086654,301.3568044997302,1.027995889417623,106
11770000,47180.00000777683,-512376.7659024042,299.4105140315296,1.0268159016320755,106
11775000,47200.0000077809,-512060.9616919516,300.8001509410263,1.0232077010650815,106
11780000,47220.000007784976,-511107.953253041,303.0740892638714,1.0223779404209195,106
11785000,47240.00000778905,-511380.80173255084,300.2247255925467,1.025915617536988,106
11790000,47260.000007793125,-511889.90142488247,304.289576807793,1.0237866277006937,106
11795000,47280.0000077972,-512781.6562193311,303.622814070471,1.0242892444149212,106
11800000,47300.000007801274,-512565.2313615617,298.87204954482223,1.0277752813250196,106
11805000,47320.00000780535,-513536.0913371667,298.11796624006627,1.0299839361907572,106
11810000,47340.00000780942,-512741.5815312234,298.8158084080229,1.0300847115459772,106
11815000,47360.0000078135,-514009.79481746326,301.4631554529687,1.03039523261304,106
11820000,47380.00000781757,-512145.08680678206,301.1108732435604,1.0254575049747383,106
11825000,47400.00000782165,-512204.95155814616,300.65154867060875,1.027915170848766,106
11830000,47420.00000782572,-511457.04165302985,301.7421243708995,1.026058025949827,106
11835000,47440.000007829796,-512549.1608548078,300.1413570611589,1.0265484187640876,106
11840000,47460.00000783387,-511905.6131497633,301.30375174307983,1.0272085744240302,106
11845000,47480.000007837945,-512438.55780606996,303.1814018403477,1.0256043304911024,106
11850000,47500.00000784202,-511672.12411611504,298.0670738941153,1.0293280741691595,106
11855000,47520.000007846094,-512983.99003576837,301.00346153764184,1.0284837683117662,106
11860000,47540.00000785017,-511482.8069038021,301.5028594736145,1.0240936794056914,106
11865000,47560.00000785424,-511665.83673116914,300.996607177491,1.0235854415936718,106
11870000,47580.00000785832,-512726.420461521,299.22391745386295,1.0262479604126282,106
11875000,47600.00000786239,-513564.2729165037,301.0211037515756,1.0304294988797142,106
11880000,47620.00000786647,-513133.64698820096,303.19294285166364,1.0273591872515853,106
11885000,47640.00000787054,-513060.34360674187,299.1430243365846,1.0229971883762632,106
11890000,47660.000007874616,-513324.50915562385,298.54638563455904,1.0256744801575695,106
11895000,47680.00000787869,-511644.5128959005,304.0709887175991,1.0279773278012632,106
11900000,47700.000007882765,-512113.69166342216,302.28834339232566,1.0262329102863306,106
11880000,47620.00000786647,-513000.43973426824,300.5481999814425,1.0307351101304998,0
11885000,47640.00000787054,-512227.93040159484,298.0209918237606,1.024635296489807,107
11890000,47660.000007874616,-512359.5856498049,301.2368325105184,1.0275941732626745,107
11895000,47680.00000787869,-513443.2504093305,300.72355250544626,1.0228072986534558,107
11900000,47700.000007882765,-514074.23213131074,301.8595842174458,1.023308761267994,107
11905000,47720.00000788684,-513383.814784101,299.8007736709047,1.0287797981085347,107
11910000,47740.000007890914,-512735.2763317737,299.44803522171804,1.0264420075216836,107
11915000,47760.00000789499,-512569.9525142631,304.205616608233,1.0300467312311832,106
11920000,47780.00000789906,-513835.16339648585,298.95405314533906,1.0296835724929418,106
11925000,47800.00000790314,-512027.15875650034,300.2976656907782,1.024877546404818,106
11930000,47820.00000790721,-512556.3378010334,301.18431606705394,1.0307090997253086,106
11935000,47840.00000791129,-512544.4559937392,299.2791198318847,1.0253137118004618,106
11940000,47860.00000791536,-512806.5186325724,300.8825343410236,1.023757187105505,106
11945000,47880.000007919436,-513645.211098718,303.480010252374,1.0310200271085939,106
11950000,47900.00000792351,-512472.0778118302,299.4767917644589,1.026352135613003,106
11955000,47920.000007927585,-512201.96622576006,301.31456465808213,1.0253840524550708,106
11960000,47940.00000793166,-512227.3650704776,297.6294965372333,1.0271819620827563,106
11965000,47960.000007935734,-511983.5252244498,300.0084536042141,1.0207180278857038,106
11970000,47980.00000793981,-512302.1255985403,300.26321828485555,1.0300387422329338,106
11975000,48000.00000794388,-513990.27003772464,303.2475255443457,1.0294514329816953,106
11980000,48020.00000794796,-511644.1676451408,300.871880519372,1.028084952328119,106
11985000,48040.00000795203,-511964.6375921427,304.3382487630207,1.029611556265627,106
11990000,48060.00000795611,-511704.3159344115,300.3657936776537,1.025493764348408,106
11995000,48080.00000796018,-512537.09070449113,301.3779367623484,1.025142644424813,106
12000000,48100.000007964256,-512138.40949589387,300.46077286450804,1.027862120576672,106
12005000,48120.00000796833,-513397.05388596165,298.70146160662387,1.031246062815796,106
12010000,48140.000007972405,-512600.7944081649,297.9588485960817,1.0280855339608834,106
12015000,48160.00000797648,-513526.62103702244,303.164409606914,1.0282401667102408,106
12020000,48180.000007980554,-512893.13180112233,301.6841252045143,1.028945262832042,106
12025000,48200.00000798463,-513789.38939994504,300.9465691303436,1.0282313565443202,106
12030000,48220.0000079887,-512487.71724523767,301.95443453362634,1.0287326894432267,106
12035000,48240.00000799278,-513246.22971700993,305.7144178994985,1.0293699988303524,106
12040000,48260.00000799685,-511342.52753679967,300.4682062740246,1.0262512331661509,106
12045000,48280.00000800093,-511774.2681338461,299.44353948686955,1.0244463336805822,106
12050000,48300.000008005,-512616.8571343634,300.43005914516175,1.0263662129195381,106
12055000,48320.000008009076,-512884.88167562755,299.7111274346294,1.026108025455702,106
12060000,48340.00000801315,-513043.283419966,302.36896868530596,1.0260584112048625,106
12065000,48360.000008017225,-513016.6437355089,301.2455188477444,1.0270893169517499,106
12070000,48380.0000080213,-511957.1552195677,300.5958723320424,1.027728398923212,106
12075000,48400.000008025374,-513392.4127633807,301.6688725346642,1.0311252373217628,106
12080000,48420.00000802945,-513317.1904961597,300.02478903428084,1.0258308996197167,106
12085000,48440.00000803352,-512539.9433050996,300.23625405470665,1.029629240233252,106
12090000,48460.0000080376,-512405.8115251623,303.41368645239163,1.026531868296709,106
12095000,48480.00000804167,-512344.5371866354,304.35052898286,1.0217791581205145,106
12100000,48500.00000804575,-513994.9850963892,301.59215593964603,1.0221543689003936,106
12105000,48520.00000804982,-513109.2046762735,302.5653667080745,1.0245492712363296,106
12110000,48540.000008053896,-512418.8651249311,301.74918649332716,1.0273000508965568,106
12115000,48560.00000805797,-512369.81926394696,302.35252120524035,1.0288571446747639,106
12120000,48580.000008062045,-515090.6047746169,300.30851078456715,1.0313668166751138,106
12125000,48600.00000806612,-512197.8493656672,298.13614521140374,1.024353997301232,106
12130000,48620.000008070194,-511911.967823518,300.1128704293232,1.02386725291052,106
12135000,48640.00000807427,-512353.2096408976,298.64172998227934,1.024134357080837,106
12140000,48660.00000807834,-513039.94978191983,298.8982219619481,1.0258125811856895,106
12145000,48680.00000808242,-512539.52030754206,300.26901504289486,1.026890476051952,106
12150000,48700.00000808649,-511525.7910756462,302.17958410137834,1.0276405077673307,106
12155000,48720.00000809057,-513346.9437532725,300.90276826055333,1.0291459721117713,106
12160000,48740.00000809464,-512642.22521679476,301.28965756819895,1.02750871976139,106
12165000,48760.000008098716,-511847.6541944663,302.95902390073695,1.0254847272011827,106
12170000,48780.00000810279,-511364.55856816936,305.2728785718808,1.0229581558100365,106
12175000,48800.000008106865,-511919.22491752426,301.06867732366123,1.0261661029981575,106
12180000,48820.00000811094,-512819.621406225,302.2044634686042,1.025198314772634,106
12185000,48840.000008115014,-512642.1460708629,302.048145198272,1.026505880026425,106
12190000,48860.00000811909,-513536.97258273023,297.85669945534926,1.0279131061888955,106
12195000,48880.00000812316,-512239.80119115673,299.77812399534616,1.0270930247239285,106
12200000,48900.00000812724,-512269.254503157,302.23983561167853,1.0288610294778626,106
12205000,48920.00000813131,-512805.00143613084,298.38234625405363,1.026242810117241,106
12210000,48940.00000813539,-511886.9915635723,297.7207311055598,1.0276084327678645,106
12215000,48960.00000813946,-513129.0162403637,301.992322272648,1.0279470104679513,106
12220000,48980.000008143536,-511606.7493910496,302.7300376901476,1.0242811841545032,106
12225000,49000.00000814761,-511453.22045100783,302.07571379837555,1.0255164132934294,106
12230000,49020.000008151685,-512862.22402937827,301.27831427228705,1.027455612316422,106
12235000,49040.00000815576,-512246.5321004591,302.4768091042263,1.0261627801910653,106
12240000,49060.000008159834,-512196.56537470035,304.874740736024,1.0277801385840204,106
12245000,49080.00000816391,-512478.3533517851,299.6777237147548,1.022591256742556,106
12250000,49100.00000816798,-513977.6086535563,300.7014046595252,1.0298948397781291,106
12255000,49120.00000817206,-511531.10901039676,299.5062827004613,1.0224807164110994,106
12260000,49140.00000817613,-512582.1767921732,303.1534570562374,1.02460509543205,106
12265000,49160.000008180206,-513013.7335002306,300.88477879884664,1.024650960401094,106
12270000,49180.00000818428,-511878.8003985826,302.34435397268095,1.0220675005676592,106
12275000,49200.000008188355,-512192.0517968773,302.7667737183572,1.0300210277309452,106
12280000,49220.00000819243,-514149.61003147066,301.2157085757775,1.0301465932702338,106
12285000,49240.000008196504,-512873.15426993044,300.71789295278666,1.025891183894896,106
12290000,49260.00000820058,-512955.85478472523,301.5288028093103,1.026132298012693,106
12295000,49280.00000820465,-512601.502625047,300.3768455045631,1.0307806856206345,106
12300000,49300.00000820873,-512519.03599369805,300.5449023356096,1.0287656945643209,106
12305000,49320.0000082128,-513033.3660799882,303.42380905704846,1.0237946973961538,106
12310000,49340.00000821688,-513716.626865553,300.25019848021964,1.0285542316924712,106
12315000,49360.00000822095,-512493.28670261824,301.1024022323282,1.028777415976168,106
12320000,49380.000008225026,-513055.8935798893,300.1894094502708,1.0286517606205063,106
12325000,49400.0000082291,-512400.2632277834,299.84361272617383,1.0303297663054458,106
12330000,49420.000008233175,-513016.4981540493,298.1743742182245,1.027670790192667,106
12335000,49440.00000823725,-512861.5904570068,301.56825334885315,1.026639480517866,106
12340000,49460.000008241324,-513689.6414269919,300.5281416250076,1.0290224605165719,106
12345000,49480.0000082454,-513087.733040906,301.172714929336,1.031391840129678,106
12350000,49500.00000824947,-511468.6485959622,301.03179032683744,1.0288525363013477,106
12355000,49520.00000825355,-512452.64870279375,301.31432585038334,1.024833047124844,106
12360000,49540.00000825762,-512186.8108794086,302.2032479748337,1.0252611643884646,106
12365000,49560.0000082617,-511836.2049248386,299.54584733966107,1.0258463245232428,106
12370000,49580.00000826577,-512160.79279482365,300.9125604885085,1.0276094365360606,106
12375000,49600.000008269846,-513608.47543421085,301.5822504479605,1.0305818475200006,106
12380000,49620.00000827392,-512173.01200114284,299.57540508983215,1.0280441794439834,106
12385000,49640.000008277995,-513600.6659306083,301.1924434698789,1.0292095465034425,106
12390000,49660.00000828207,-512277.69269518065,299.4524163708443,1.024814818059601,106
12395000,49680.000008286144,-513491.6342320107,301.53608269440235,1.0212877548158812,106
12400000,49700.00000829022,-512883.0430199192,302.45842162159863,1.0299483593322902,106
12405000,49720.00000829429,-511862.3971162271,297.95847605214215,1.0228880376764014,106
12410000,49740.00000829837,-513158.3612706333,300.7150002684269,1.025417708499444,106
12415000,49760.00000830244,-513285.9525306884,301.59229003068236,1.0282467824248775,106
12420000,49780.00000830652,-513486.43992925854,301.11184666316626,1.0311364725640126,106
12425000,49800.00000831059,-511399.7231061354,300.62844412395197,1.0220192485145971,106
12430000,49820.000008314666,-511769.65318867937,303.9041239596136,1.0307441119579261,106
12435000,49840.00000831874,-513380.1602386986,300.8897481355339,1.0263186631078995,106
12440000,49860.000008322815,-512581.9615880707,302.8231033611016,1.0211883157749693,106
12445000,49880.00000832689,-511872.2355032731,302.0114719653486,1.0249158201232256,106
12450000,49900.000008330964,-512245.4993697922,299.94471077478437,1.025852047385559,106
12455000,49920.00000833504,-512085.8734656146,302.67059193317334,1.0241193616022246,106
12460000,49940.00000833911,-512875.8057409071,301.17686000216696,1.029104685938824,106
12465000,49960.00000834319,-511984.4006176209,299.86730945638385,1.0278323890297156,106
12470000,49980.00000834726,-512894.717700697,298.828441983563,1.0268715267204234,106
12475000,50000.00000835134,-512274.0432498292,299.60582055731953,1.020678671257272,106
12480000,50020.00000835541,-511913.01392556215,300.3712567573305,1.0241662626882904,106
12485000,50040.000008359486,-512825.29150313814,301.98856627198785,1.0299855365373023,106
12490000,50060.00000836356,-513999.49229464727,301.23585015956485,1.0249860183469874,106
12495000,50080.000008367635,-511992.64137851377,300.8959557146,1.024291480972411,106
12500000,50100.00000837171,-515009.9818070915,302.6057111094682,1.0307769430864688,106
