#"Step","Time (ps)","Potential Energy (kJ/mole)","Temperature (K)","Density (g/mL)","Speed (ns/day)"
5000,120.00000000005473,-517634.4178386051,298.7026033726619,1.0223235554803767,--
10000,140.00000000003652,-516966.2495742531,298.33340780336573,1.0235127579466043,105
15000,159.9999999999899,-517423.36090353224,302.6019389315465,1.0211803057572169,105
20000,179.9999999999433,-517172.95927376533,304.88790461927016,1.0300299294510211,105
25000,199.9999999998967,-517686.4362953156,301.1940819995701,1.0254725949955106,105
30000,219.99999999985008,-517289.78255894105,299.0069340792663,1.026859907032561,105
35000,239.99999999980346,-517867.6216899166,302.5812982747533,1.0226117228925635,104
40000,259.99999999978525,-517931.5983799156,300.5286185548423,1.0269874931518308,104
45000,279.99999999988074,-516713.0650277359,301.3905836649467,1.022262278598653,104
50000,299.99999999997624,-517833.7469963329,301.9507170910359,1.0241275549679194,104
55000,320.00000000007174,-516925.40106396214,303.63470159145385,1.026179813920364,104
60000,340.00000000016723,-516383.87067666,300.80116688951614,1.0247440098798568,104
65000,360.00000000026273,-517621.96505342075,299.9325172561856,1.0295212337778037,104
70000,380.0000000003582,-518113.3805114855,302.49869334610815,1.0269718111480344,104
75000,400.0000000004537,-518484.2749152484,302.340479301049,1.025588376636212,104
80000,420.0000000005492,-517616.5749513977,300.05752389799414,1.0257256475358052,104
85000,440.0000000006447,-516764.24476464395,302.19667456824106,1.026879459770621,104
90000,460.0000000007402,-516697.206828251,304.12064177401396,1.030021155679555,104
95000,480.0000000008357,-517770.1534463472,298.61253484768343,1.0234113426432139,104
100000,500.0000000009312,-517205.1863372654,301.44395000449697,1.0257319274159975,104
105000,520.0000000010267,-518115.9156184029,302.542027327162,1.032605641192475,104
110000,540.0000000011222,-517482.6740605447,299.351039937669,1.0268981570497833,104
115000,560.0000000012177,-517842.55568067124,300.85635997251234,1.025878318411413,104
120000,580.0000000013132,-518450.75165131595,301.52158400449355,1.025251935041346,104
125000,600.0000000014087,-516840.4747347133,298.76012023292327,1.0245180729973251,104
130000,620.0000000015042,-517325.4811020945,301.9439355418474,1.025484581360024,104
135000,640.0000000015997,-516237.56146420306,301.2928059685793,1.0244806494329417,104
140000,660.0000000016952,-517977.6094595075,300.55399862273276,1.0293620612062924,104
145000,680.0000000017907,-518199.1663303727,299.31077503563495,1.031133453863868,104
150000,700.0000000018862,-517962.7138267644,301.3460039227809,1.0274529899165086,104
155000,720.0000000019817,-519183.473079243,301.6508735696719,1.0261676627549,104
160000,740.0000000020772,-517037.2318316563,302.43461252399703,1.0271624255091192,104
165000,760.0000000021727,-516863.079133186,300.18344379241955,1.0237421057092884,104
170000,780.0000000022682,-517485.09362973087,304.1103726344993,1.0280146972319206,104
175000,800.0000000023637,-517328.49462632695,298.69853995178374,1.029188002154507,104
180000,820.0000000024592,-516645.38577196025,302.9627175433641,1.02704444120531,104
185000,840.0000000025547,-517641.18050635513,302.4695364656682,1.0280288356973153,104
190000,860.0000000026502,-516972.9189120119,299.0610647589094,1.0231674120387078,104
195000,880.0000000027457,-516926.7310229582,301.5203809441864,1.0263740229312337,104
200000,900.0000000028411,-517153.5963053105,301.60002575624134,1.0261936634909683,104
205000,920.0000000029366,-517638.13950573024,304.3985862850806,1.023851401062662,104
210000,940.0000000030321,-516709.36784157134,298.6886720953429,1.022473678427133,104
215000,960.0000000031276,-516918.4175066177,299.8040534580165,1.0281018480065536,104
220000,980.0000000032231,-518311.9670297045,300.84329351847083,1.0271557270018346,104
225000,1000.0000000033186,-516869.1810511837,301.90208636784513,1.0173502855294427,104
230000,1020.0000000034141,-517568.15131553845,300.5887929702871,1.0279669621944332,104
235000,1040.0000000030548,-517414.72428907943,303.7307222424274,1.0260743683754552,104
240000,1060.0000000025818,-516967.2385261073,301.51700892743236,1.0284632761560852,104
245000,1080.000000002109,-517411.8625134614,300.8067030913051,1.0250005920336278,104
250000,1100.000000001636,-516419.5691658454,300.29383500995556,1.0306223573093853,104
255000,1120.000000001163,-518178.7973756206,300.68905947379466,1.0279231048034054,104
260000,1140.00000000069,-517208.2114248988,299.6020660601908,1.0263400891230459,104
265000,1160.0000000002171,-516726.93312857114,302.83240146223864,1.023469310327558,104
270000,1179.9999999997442,-516127.6410284024,300.47530741451396,1.026480885280364,104
275000,1199.9999999992713,-518307.58004190074,301.93530469064586,1.0285353786703846,104
280000,1219.9999999987983,-516890.8480699975,301.56829201692244,1.0277169019573709,104
285000,1239.9999999983254,-517477.7879565931,300.07597981810596,1.023160824361094,104
290000,1259.9999999978525,-517293.34714605473,302.2509048052885,1.0289658463448426,104
295000,1279.9999999973795,-517803.819619003,300.68500682589126,1.025702732565961,104
300000,1299.9999999969066,-517503.6139730904,301.3549707402019,1.0237687536637732,104
305000,1319.9999999964336,-518065.322796219,302.14517727607756,1.0261916979364731,104
310000,1339.9999999959607,-517604.4094602114,300.4650489356914,1.02749364942901,104
315000,1359.9999999954878,-516944.5990135097,297.6615510646345,1.0224407695091513,104
320000,1379.9999999950148,-517983.424787686,301.77400064049726,1.028552022635612,104
325000,1399.999999994542,-517430.7731474312,303.50797410959274,1.0274510144425841,104
330000,1419.999999994069,-517753.9123643711,297.6415046412171,1.0246780781061586,104
335000,1439.999999993596,-517695.7237335525,298.507616757419,1.0284782762380305,104
340000,1459.999999993123,-516953.7304750893,303.81396043686954,1.024184298415075,104
345000,1479.9999999926501,-517759.4381753369,302.7717184923995,1.0272777894662726,104
350000,1499.9999999921772,-517330.65124767064,300.12841028936737,1.0269782031882682,104
355000,1519.9999999917043,-518892.580681005,300.264673827863,1.0311421805594483,104
360000,1539.9999999912313,-517535.7148470271,300.25692529486116,1.0249959807164912,104
365000,1559.9999999907584,-516385.4760803743,299.40159417134555,1.0276352693680322,104
370000,1579.9999999902855,-515994.79802336334,299.95482135856076,1.0194188270393385,104
375000,1599.9999999898125,-518904.17094403016,299.7178724516445,1.0242904755465807,104
380000,1619.9999999893396,-518316.8877047107,302.8463849272644,1.0312176279392666,104
385000,1639.9999999888666,-517876.7379797711,300.6165296523135,1.02397918574961,104
390000,1659.9999999883937,-516817.1712051616,301.2306078894335,1.0203810218001905,104
395000,1679.9999999879208,-517893.81403764826,302.10196061160894,1.0253599585729816,104
400000,1699.9999999874478,-518749.2557632993,302.68781387246366,1.0259952520161182,104
405000,1719.999999986975,-517127.22975193546,300.7590151651288,1.0256959988782621,104
410000,1739.999999986502,-517019.24287500256,301.84026308584964,1.0240918483492112,104
415000,1759.999999986029,-517053.61919907085,301.37556766878595,1.0265605726675002,104
420000,1779.999999985556,-518997.6954732465,302.08402574415055,1.024072460223693,104
425000,1799.9999999850832,-517567.61361346324,301.93944049196756,1.0249252793635562,104
430000,1819.9999999846102,-517594.0021741241,298.71018517685485,1.0242679581050118,104
435000,1839.9999999841373,-516455.2949995792,300.07604330636286,1.0265713461114185,104
440000,1859.9999999836643,-517297.0601556639,300.63582717010223,1.0222419303462527,104
445000,1879.9999999831914,-516388.8993416729,302.0544171577436,1.0243519887052035,104
450000,1899.9999999827185,-517878.1109367525,300.60163504105196,1.0255999603510717,104
455000,1919.9999999822455,-518158.16675620875,300.8218783592909,1.0267263334564325,104
460000,1939.9999999817726,-517995.39253037726,300.03746015827375,1.0206623140261293,104
465000,1959.9999999812997,-516989.0827745253,303.1898245269299,1.0253827706287602,104
470000,1979.9999999808267,-517396.60694189323,301.8041735651079,1.022483586618271,104
475000,1999.9999999803538,-517839.23201942095,300.7140421959943,1.026082026557796,104
480000,2019.9999999798808,-518510.0557366675,302.00746492414004,1.0245307246032633,104
485000,2039.999999979408,-517227.0669721451,299.6343960142594,1.0272624326602915,104
490000,2059.999999978935,-517628.7482074539,300.53440884277626,1.023346063405415,104
495000,2079.9999999784623,-516894.9565476489,302.59738553889025,1.021568903062004,104
500000,2099.9999999779893,-517502.02257796284,299.614018499014,1.0306524857913488,104
505000,2119.9999999775164,-518056.62322897394,302.26976655245477,1.0278056318628548,104
510000,2139.9999999770434,-517630.9184007719,298.03891180292726,1.027861941524758,104
515000,2159.9999999765705,-518583.2630447841,300.69414809149777,1.0286168347749507,104
520000,2179.9999999760976,-517705.4702951256,301.5262237291163,1.0290094498747302,104
525000,2199.9999999756246,-516540.3733005251,302.9981645227412,1.0229166199938564,104
530000,2219.9999999751517,-517764.7927307864,301.69046367504507,1.0251463053294227,104
535000,2239.9999999746788,-518304.6755213381,302.1266239317509,1.0253845974235134,104
540000,2259.999999974206,-517198.0482226638,300.4128212828926,1.0256931863391396,104
545000,2279.999999973733,-518201.78142551775,298.3373371476199,1.0258325386623326,104
550000,2299.99999997326,-517505.46047781804,299.48442198453915,1.02535649616912,104
555000,2319.999999972787,-518380.63406722574,303.17961706738566,1.0253473811409046,104
560000,2339.999999972314,-517854.12429300393,299.3830610407922,1.024838448611552,104
565000,2359.999999971841,-517678.983616177,299.35870915453603,1.0204738335019465,104
570000,2379.999999971368,-516977.2279358392,303.3018837818407,1.022107979336151,104
575000,2399.9999999708953,-517830.18230236275,299.43667239460495,1.0274827986117818,104
580000,2419.9999999704223,-517744.02653154684,299.59671739003625,1.026238264543915,104
585000,2439.9999999699494,-517860.0946169025,301.9234228064699,1.0262851329561886,104
590000,2459.9999999694764,-516974.88173953816,302.79970845672636,1.0212399951346165,104
595000,2479.9999999690035,-518525.2449129799,301.0702866176623,1.0282617114290664,104
600000,2499.9999999685306,-517774.4325139639,301.65160872069123,1.0238479176532556,104
605000,2519.9999999680576,-518550.9258142407,299.2081904892655,1.0302755696089874,104
610000,2539.9999999675847,-518072.5753815556,303.0107569866476,1.030095269871179,104
615000,2559.9999999671118,-517458.05361539894,300.3960777013467,1.0259730590089338,104
620000,2579.999999966639,-516882.20101996046,302.5337726170851,1.0262856960165943,104
625000,2599.999999966166,-516433.44675055356,299.7640628426479,1.0221682046910405,104
630000,2619.999999965693,-517588.22324946686,300.5425616665369,1.028119451022964,104
635000,2639.99999996522,-515950.9163619003,303.41393631806596,1.021397767177743,104
640000,2659.999999964747,-516746.13842127146,301.47054722555976,1.0252600266971148,104
645000,2679.999999964274,-516244.28165982803,299.81472085164353,1.0220023643494516,104
650000,2699.999999963801,-517911.0865524628,301.43676121922795,1.0245067069652523,104
655000,2719.9999999633283,-517718.5277222458,301.53526566293476,1.0271204545181836,104
660000,2739.9999999628553,-518014.1925550902,302.53406123825766,1.0249310014362116,104
665000,2759.9999999623824,-518006.8084753195,301.59149894898144,1.024853548452787,104
670000,2779.9999999619095,-516883.5061709031,299.55424746543133,1.0255513430803584,104
675000,2799.9999999614365,-517664.3301421767,301.556242960009,1.0234456479023308,104
680000,2819.9999999609636,-518779.15712917084,302.51805198879134,1.025934839690919,104
685000,2839.9999999604906,-518534.65092139295,301.3608965152559,1.0309437049804093,104
690000,2859.9999999600177,-518216.86863102065,301.7757612831133,1.0282511354423178,104
695000,2879.9999999595448,-518380.1610948695,301.0863156805244,1.0257490780529168,104
700000,2899.999999959072,-517297.53804144217,301.803945875405,1.0244197657030805,104
705000,2919.999999958599,-518447.94367363025,302.5872379269954,1.028330439469561,104
710000,2939.999999958126,-517200.57794926525,301.5373316581132,1.0264490888635263,104
715000,2959.999999957653,-518798.3423659012,302.2542991879281,1.0256741748589235,104
720000,2979.99999995718,-518556.6270289214,301.16248237287664,1.0283190211813233,104
725000,2999.999999956707,-517780.569598967,300.67207581299124,1.0278688793177317,104
730000,3019.999999956234,-518329.3463586909,298.2698480407391,1.0283490990389434,104
735000,3039.9999999557613,-518439.7844166504,301.9690166560889,1.024390488158876,104
740000,3059.9999999552883,-517050.82026146445,299.5380213279649,1.0233259611446834,104
745000,3079.9999999548154,-518131.3081319784,300.36933325677336,1.0313951803395234,104
750000,3099.9999999543425,-518067.97995567904,301.24721747327504,1.027371133862722,104
755000,3119.9999999538695,-518018.549810064,302.2991362045679,1.0255378421510488,104
760000,3139.9999999533966,-518293.0857199994,301.2341109864292,1.0241083495544585,104
765000,3159.9999999529236,-518258.00493386877,301.7259261117071,1.0244425798599117,104
770000,3179.9999999524507,-517721.6137217395,302.18837913538476,1.0275169061449183,104
775000,3199.9999999519778,-518137.65771562513,299.27817933288793,1.0302674393842077,104
780000,3219.999999951505,-517444.2777950701,300.9897842207822,1.0224053449586565,104
785000,3239.999999951032,-517575.37769578886,299.48346064661615,1.0265981009999863,104
790000,3259.999999950559,-517428.30735748983,302.32556892314557,1.0208546079733485,104
795000,3279.999999950086,-517589.60971490154,300.9260848690831,1.025521999303969,104
800000,3299.999999949613,-518188.875692643,299.80153456075266,1.0266648677217065,104
805000,3319.99999994914,-516354.6522764242,299.75657703914607,1.0219908003742988,104
810000,3339.999999948667,-517451.8516583964,300.88941669189234,1.0253450067661491,104
815000,3359.9999999481943,-517673.9349175289,301.6869269554437,1.0301677064659474,104
820000,3379.9999999477213,-517047.05048255133,303.11617794357585,1.0270711236070122,104
825000,3399.9999999472484,-517697.83034358686,299.4625469445556,1.0258815921332447,104
830000,3419.9999999467755,-517496.1368378131,296.48693535139597,1.0218267372721606,104
835000,3439.9999999463025,-518211.0707466253,300.3442318046971,1.025432121270421,104
840000,3459.9999999458296,-518028.55799053865,298.56223519764535,1.0248177323055303,104
845000,3479.9999999453566,-516999.69673432945,301.9971806353381,1.0254466872229624,104
850000,3499.9999999448837,-518053.83730596746,299.81647856790346,1.0271714013915785,104
855000,3519.999999944411,-517049.8503945512,301.58790832047873,1.0273942564930727,104
860000,3539.999999943938,-517120.81641452503,299.60631543533196,1.0222536788756442,104
865000,3559.999999943465,-517257.9269032662,300.9998458065504,1.0205199447328117,104
870000,3579.999999942992,-518423.9505466416,298.24863998750203,1.029773845058318,104
875000,3599.999999942519,-517807.36705558933,302.0239819961081,1.0242218714202835,104
880000,3619.999999942046,-519100.79837370664,298.2035062208395,1.0271427205920847,104
885000,3639.999999941573,-517076.33501555445,300.7681145095822,1.0266170039988785,104
890000,3659.9999999411,-517144.50474314555,297.9057681347127,1.027102021775954,104
895000,3679.9999999406273,-517277.9895902702,300.07916963245873,1.0254995652768328,104
900000,3699.9999999401543,-517124.7149268929,298.7392708325359,1.024249474351262,104
905000,3719.9999999396814,-516849.0793974155,302.087285997166,1.0232874108265904,104
910000,3739.9999999392085,-518650.631979028,300.5958600419157,1.026762773668521,104
915000,3759.9999999387355,-518224.8625911237,299.0633997098329,1.027579186364965,104
920000,3779.9999999382626,-519312.0428630009,300.87296859414414,1.0233915067915476,104
925000,3799.9999999377897,-518130.35878210166,302.50714492400095,1.0252350621341506,104
930000,3819.9999999373167,-517155.51722579286,301.0825517395888,1.0211995016764668,104
935000,3839.999999936844,-518683.84613622073,299.74615605836357,1.0302793635666598,104
940000,3859.999999936371,-517059.03879017057,301.8900819909457,1.025105422762326,104
945000,3879.999999935898,-519308.8775009301,300.3842338228009,1.0273088903440866,104
950000,3899.999999935425,-518174.9477949366,302.8666780884356,1.026444077898349,104
955000,3919.999999934952,-516673.68403766747,301.36027756708694,1.0255327909822842,104
960000,3939.999999934479,-517478.7826416674,299.9956197906397,1.0253301708931348,104
965000,3959.999999934006,-517785.5029317739,298.45486335950164,1.0252278207799035,104
970000,3979.999999933533,-518184.8251490253,300.6004294100934,1.0243256907902039,104
975000,3999.9999999330603,-516054.3115262238,300.9424963976968,1.0202999751451527,104
980000,4019.9999999325873,-517819.01546143903,302.52390991747274,1.027274743484786,104
985000,4039.9999999321144,-516032.2804621123,302.5260387684788,1.0244642196354892,104
990000,4059.9999999316415,-518815.9744269848,299.448526353603,1.029308401588985,104
995000,4079.9999999311685,-515993.6540230918,303.8002385911276,1.0230930446624595,104
1000000,4099.999999930696,-518118.3949670375,300.9661010469253,1.0273128752674143,104
1005000,4119.999999930223,-518830.97326486674,300.2436022008881,1.024449661066487,104
1010000,4139.99999992975,-518737.62186471024,302.77110218172913,1.0263463202115983,104
1015000,4159.999999929277,-517618.03718579956,299.99913089207905,1.0283834827418314,104
1020000,4179.999999928804,-517701.9573480743,299.96147607180393,1.0250139816011397,104
1025000,4199.999999928331,-518237.88516480685,300.99625452763354,1.0239098941691298,104
1030000,4219.999999927858,-516819.75429794635,299.1848330582761,1.0240134405013854,104
1035000,4239.999999927385,-518779.2631823253,299.0073683142014,1.0291746291264003,104
1040000,4259.999999926912,-516887.0182373668,299.0401954790393,1.0243189734326898,104
1045000,4279.999999926439,-516994.654028201,300.18692596699873,1.021993265944858,104
1050000,4299.999999925966,-517017.8967824555,300.5796855816262,1.0196633164660012,104
1055000,4319.999999925493,-517238.66333902115,301.6942316988015,1.0252923246665329,104
1060000,4339.99999992502,-516787.2337845175,301.73676458878316,1.025119407836965,104
1065000,4359.999999924547,-517559.26871438883,303.4585272135074,1.0242381147494513,104
1070000,4379.9999999240745,-517679.3554662934,300.6025955314165,1.0251986852063373,104
1075000,4399.9999999236015,-518899.14559574216,300.7912518848252,1.028224543704285,104
1080000,4419.999999923129,-517999.8875944328,299.6570100082271,1.0287999523724713,104
1085000,4439.999999922656,-517496.0954344487,301.53886142297586,1.0192367745150028,104
1090000,4459.999999922183,-517192.7027013346,302.4500122950827,1.027108389825951,104
1095000,4479.99999992171,-517369.6836105671,300.4616203282136,1.0251800399723028,104
1100000,4499.999999921237,-517413.43899728404,300.62840558926246,1.0274038856623262,104
1105000,4519.999999920764,-517546.5919519949,298.9492917394744,1.0217669686994617,104
1110000,4539.999999920291,-517332.8030906413,303.3915625604292,1.0252008783877677,104
1115000,4559.999999919818,-516643.4596484776,299.0063344734509,1.0241942366891996,104
1120000,4579.999999919345,-517049.730693568,302.20109670710093,1.027914372704163,104
1125000,4599.999999918872,-517292.8458407037,300.5056425923104,1.0270192216104579,104
1130000,4619.999999918399,-519124.4689218707,299.4137140836409,1.0293217603396354,104
1135000,4639.999999917926,-517818.2225199423,301.4918591395908,1.027551233322679,104
1140000,4659.999999917453,-517781.3550784318,300.64628168531823,1.0239399952921995,104
1145000,4679.99999991698,-517691.4729941385,299.7588805567613,1.0239793765101386,104
1150000,4699.9999999165075,-517764.1664418273,301.45991805955697,1.0257967073515384,104
1155000,4719.9999999160345,-518116.07760811783,300.9255833562792,1.023255977555494,104
1160000,4739.999999915562,-517871.71593162767,300.4458794893689,1.0243063721073056,104
1165000,4759.999999915089,-518095.8639450434,300.04108826493837,1.0255045471672959,104
1170000,4779.999999914616,-518920.44519136404,300.8522933263535,1.0285529935898803,104
1175000,4799.999999914143,-518873.8176391232,302.9389164789402,1.02769954665115,104
1180000,4819.99999991367,-517882.1857162586,300.43064347613984,1.026997916908187,104
1185000,4839.999999913197,-517742.86900494667,300.95102281643267,1.026518487193677,104
1190000,4859.999999912724,-517207.60654132767,300.42141968573924,1.0234292996285763,104
1195000,4879.999999912251,-518171.23642419325,301.16084024203093,1.0266569643742036,104
1200000,4899.999999911778,-518063.6931321274,298.19986927437765,1.02537610929318,104
1205000,4919.999999911305,-515675.59693901846,302.2776173088464,1.0220246694132449,104
1210000,4939.999999910832,-517479.2941700339,298.99272644583476,1.028994533951422,104
1215000,4959.999999910359,-518564.56335915206,301.85594066608746,1.027592829136616,104
1220000,4979.999999909886,-517130.27256204025,301.0264011183364,1.0231670192642752,104
1225000,4999.999999909413,-518494.68783088634,301.41601153798683,1.0224365693870607,104
1230000,5019.9999999089405,-517759.0084413395,301.47064018440784,1.0272974833273079,104
1235000,5039.9999999084675,-518751.6604098112,299.17830801882474,1.0263201853355144,104
1240000,5059.999999907995,-516306.70907858736,300.2605422490631,1.025341852276373,104
1245000,5079.999999907522,-517166.85877118376,299.7779931707892,1.023254178590862,104
1250000,5099.999999907049,-518141.0790300111,299.9848604973708,1.0276610652210578,104
1255000,5119.999999906576,-517524.419957723,299.62509412590555,1.030013954334794,104
1260000,5139.999999906103,-518183.96863008477,302.69243834712216,1.0292952142117564,104
1265000,5159.99999990563,-517858.30251982296,303.18179303041626,1.0264019989179258,104
1270000,5179.999999905157,-517570.41683970485,303.3983636003757,1.027709568685856,104
1275000,5199.999999904684,-518331.9533261834,302.1359953201318,1.0251431252183458,104
1280000,5219.999999904211,-517500.648794655,302.13518883332557,1.025807534218224,104
1285000,5239.999999903738,-516784.0856881933,300.46926578975484,1.0198324885129353,104
1290000,5259.999999903265,-516849.1991167206,298.8849799029369,1.0264340175728537,104
1295000,5279.999999902792,-518079.635749449,299.48259758448256,1.0266335800695916,104
1300000,5299.999999902319,-517963.59369927365,300.73482298652345,1.02224718013902,104
1305000,5319.999999901846,-517002.72707984387,303.47089302890646,1.021737469936525,104
1310000,5339.9999999013735,-518173.563845719,300.59312359625386,1.0252634073926707,104
1315000,5359.999999900901,-516865.168959446,303.3422357390721,1.0230202508909152,104
1320000,5379.999999900428,-518371.66448337445,302.5530610402977,1.0276305497148748,104
1325000,5399.999999899955,-516909.89132403815,301.20422553664184,1.0220566003688767,104
1330000,5419.999999899482,-516378.4660463522,298.5454564871522,1.0220365314613464,104
1335000,5439.999999899009,-518092.32553143334,299.22674658119143,1.025792264534449,104
1340000,5459.999999898536,-517453.41945034615,299.8181134503651,1.0243791071099222,104
1345000,5479.999999898063,-517388.51736376924,300.24295123934587,1.0298027457528445,104
1350000,5499.99999989759,-517757.7610011881,297.5212866241405,1.0247554691565475,104
1355000,5519.999999897117,-518133.22074791347,302.6538435667059,1.026820744365272,104
1360000,5539.999999896644,-517185.3970969089,300.6652471877304,1.0256318890693947,104
1365000,5559.999999896171,-516717.67608943256,302.50851049792414,1.022600295434136,104
1370000,5579.999999895698,-518684.82932644826,301.3197245055583,1.027827102125132,104
1375000,5599.999999895225,-517536.60484117595,300.33279153223054,1.0316414150652378,104
1380000,5619.999999894752,-517581.23492265213,304.47053923618137,1.0266395370415986,104
1385000,5639.999999894279,-517658.93814408453,302.8458991933666,1.026664323381064,104
1390000,5659.9999998938065,-518193.02320316597,304.85164396169955,1.0279743950929736,104
1395000,5679.999999893334,-517818.5530635987,301.1662432707317,1.028683590321936,104
1400000,5699.999999892861,-518731.30525145517,302.7567567998399,1.0278456661230768,104
1405000,5719.999999892388,-518038.6074046779,301.428829950329,1.0272794565146854,104
1410000,5739.999999891915,-518424.55121400394,298.6278084701466,1.028671830660488,104
1415000,5759.999999891442,-517811.5003049385,301.1324512994195,1.023975289458761,104
1420000,5779.999999890969,-518915.6168254339,299.61565544146293,1.0270184454328863,104
1425000,5799.999999890496,-516917.9099568948,301.3198690193743,1.025129514631822,104
1430000,5819.999999890023,-518455.779043176,304.84810560293846,1.0248701641978522,104
1435000,5839.99999988955,-517642.337946245,301.37363206508286,1.023286874645322,104
1440000,5859.999999889077,-517837.40356824175,299.5253783538266,1.0206359366874258,104
1445000,5879.999999888604,-518218.6240426339,300.13540507637606,1.0305077232761415,104
1450000,5899.999999888131,-517197.87007696275,299.4656510281031,1.0216284554557353,104
1455000,5919.999999887658,-517701.8319949382,296.93317607560306,1.0214041423694626,104
1460000,5939.999999887185,-517095.4877811393,302.49481490515944,1.0272653156251756,104
1465000,5959.999999886712,-516708.487910419,303.41426082922,1.0255911717556068,104
1470000,5979.9999998862395,-516406.3910325719,303.60467538844074,1.0262033168064975,104
1475000,5999.999999885767,-519537.997008268,299.4401436877642,1.032711220791107,104
1480000,6019.999999885294,-518220.96175798425,300.38519791439126,1.024696087388582,104
1485000,6039.999999884821,-518004.6146724953,303.41151711582353,1.0270293925955003,104
1490000,6059.999999884348,-517297.6543172868,300.23874245295707,1.0241541396538731,104
1495000,6079.999999883875,-518622.5392103568,301.8250100476269,1.0261832470972614,104
1500000,6099.999999883402,-518716.3290440759,298.70968532632605,1.0292790581870894,104
1505000,6119.999999882929,-517629.86562405643,300.7178567956947,1.0207488738338928,104
1510000,6139.999999882456,-516970.26463601715,303.17976695178345,1.0193634446921556,104
1515000,6159.999999881983,-518332.3447378555,300.3543479837966,1.023257752323772,104
1520000,6179.99999988151,-518094.0462055714,299.2387748820317,1.0238802522342234,104
1525000,6199.999999881037,-516987.94517778466,302.40197465143723,1.0277653074264357,104
1530000,6219.999999880564,-517442.0400896841,300.0540722087846,1.0264167708705696,104
1535000,6239.999999880091,-517712.72388464655,300.29202562102995,1.022571440697918,104
1540000,6259.999999879618,-516422.285799962,301.03995045389905,1.0247231515705104,104
1545000,6279.999999879145,-518009.61927433475,302.50174100236234,1.0233742514237407,104
1550000,6299.9999998786725,-518807.242164447,303.86022291466327,1.0245110656966698,104
1555000,6319.9999998782,-518190.80757186003,298.1577991912441,1.0255414055492398,104
1560000,6339.999999877727,-517851.8436927069,301.00694870064035,1.0230897284498166,104
1565000,6359.999999877254,-517865.8042410421,300.69829107962005,1.0266294929318498,104
1565000,6359.999999877254,-517149.37548715435,303.0690116179368,1.0238419177332514,0
1570000,6379.999999876781,-517490.16141395574,299.0998644079421,1.0242718403260151,105
1575000,6399.999999876308,-517752.55126925977,298.33860999006254,1.0242258868318672,105
1580000,6419.999999875835,-518140.4890969894,299.71196680638576,1.027276835002913,104
1585000,6439.999999875362,-517985.2245033269,300.9939096038166,1.0244998344026883,104
1590000,6459.999999874889,-517083.05874656886,301.91790494803985,1.0255233529828143,104
1595000,6479.999999874416,-517976.1100939126,301.9869023727978,1.0265323334569674,104
1600000,6499.999999873943,-518416.2475950867,302.01308049921056,1.028628241160961,104
1605000,6519.99999987347,-518561.136203042,299.99186105097766,1.027180568328485,104
1610000,6539.999999872997,-517986.14927309076,300.89993736448764,1.0277564872728029,104
1615000,6559.999999872524,-517770.86460283655,301.76850936968054,1.0251812973762675,104
1620000,6579.999999872051,-517085.21043254994,299.02472734612894,1.024194498393821,103
1625000,6599.999999871578,-518568.1398681849,299.14538826443925,1.0251992376553942,103
1630000,6619.9999998711055,-517462.7193265667,300.6605689443976,1.0276130484648767,103
1635000,6639.999999870633,-518069.0435176585,301.61488896164644,1.0263139488600723,103
1640000,6659.99999987016,-517289.0540243052,301.8328479686643,1.0249417199113215,103
1645000,6679.999999869687,-517834.2117110151,299.36437107501257,1.0264635398772803,103
1650000,6699.999999869214,-517752.1014647875,299.4367740129827,1.0257297777828793,103
1655000,6719.999999868741,-518309.21074722195,299.6418324721899,1.026557002662079,103
1660000,6739.999999868268,-517832.9135468134,302.0538988194679,1.0263398700648556,103
1665000,6759.999999867795,-517548.708015956,300.15015865264627,1.0298221585461862,103
1670000,6779.999999867322,-517315.9863802558,301.206116258003,1.0234049187894356,103
1675000,6799.999999866849,-519267.6511589871,301.90523624104475,1.0241208162678967,103
1680000,6819.999999866376,-516156.3360893307,302.6431637688727,1.0260176348585774,103
1685000,6839.999999865903,-518144.9188280909,300.7045516991204,1.02783741006498,103
1690000,6859.99999986543,-518142.26993465424,302.61981659228667,1.0279006009904237,103
1695000,6879.999999864957,-519007.0705439439,300.9334651877266,1.0282835907041448,103
1700000,6899.999999864484,-516570.19636630197,301.43941455072013,1.0239163893331036,103
1705000,6919.999999864011,-518116.9735126146,302.79889004399575,1.0249321629799524,103
1710000,6939.9999998635385,-516271.7538550757,304.49898544003486,1.0243679495023388,103
1715000,6959.999999863066,-518087.0777762814,301.631437334913,1.0281264739816238,103
1720000,6979.999999862593,-517965.18109020777,298.9630772804476,1.0239668879920956,103
1725000,6999.99999986212,-518378.5605031806,298.72645452854704,1.024402915991372,103
1730000,7019.999999861647,-517519.2725251198,301.4206352608096,1.0245148085839355,103
1735000,7039.999999861174,-516816.75503829354,301.2221719247586,1.0237285973124126,103
1740000,7059.999999860701,-516433.19189450704,302.2262178356722,1.0240479289758446,103
1745000,7079.999999860228,-518391.6423428878,300.1525872283967,1.0251885258847513,103
1750000,7099.999999859755,-517236.2800053556,302.32349791132475,1.0227510741862818,103
1755000,7119.999999859282,-517639.03940749494,300.81404536201796,1.0289483334634608,103
1760000,7139.999999858809,-516586.51162912813,301.7460526841215,1.0233802995599477,103
1765000,7159.999999858336,-517993.58192025614,301.1011244091007,1.0256252418663245,103
1770000,7179.999999857863,-518623.0403022168,300.69377173840803,1.0259386862117787,103
1775000,7199.99999985739,-517866.00228590635,297.75116559688325,1.0251785730574035,103
1780000,7219.999999856917,-517397.22967648786,299.9154039453172,1.0266014251868014,103
1785000,7239.999999856444,-516445.14084884245,302.74732716275497,1.024124574383166,103
1790000,7259.9999998559715,-518694.0597361147,301.14058992372475,1.0286693691587814,103
1795000,7279.999999855499,-517811.6365964811,300.5754883465336,1.0221226322250205,103
1800000,7299.999999855026,-516914.66171157337,302.37424740393453,1.025389877013162,103
1805000,7319.999999854553,-516846.0023023011,301.7791238985625,1.0250752565211345,103
1810000,7339.99999985408,-517149.7491685245,299.44407591755964,1.0239678100380163,103
1815000,7359.999999853607,-518835.82957081613,297.96771124625224,1.0266018084325352,103
1820000,7379.999999853134,-518592.56979634333,302.9678233737102,1.0273778345193636,103
1825000,7399.999999852661,-517376.77828979096,303.76870323519995,1.025152044802329,103
1830000,7419.999999852188,-516926.0315244731,300.433598136257,1.021743328516513,103
1835000,7439.999999851715,-518171.8208121555,300.4829101872671,1.0314182072945144,103
1840000,7459.999999851242,-517825.56761288014,299.3517084715336,1.0272253424929532,103
1845000,7479.999999850769,-518186.9052308474,303.0198009241034,1.0240333631315444,103
1850000,7499.999999850296,-516599.0471272217,300.7682081917247,1.0253455095984954,103
1855000,7519.999999849823,-517006.61089607305,299.59096652917333,1.0239783958136324,103
1860000,7539.99999984935,-517343.2030749873,302.0214684227237,1.028264732392469,103
1865000,7559.999999848877,-518326.7151948041,301.2023404639852,1.0264148184131123,103
1870000,7579.9999998484045,-517998.3386380626,301.0752363776097,1.0241646731018585,103
1875000,7599.999999847932,-518075.3204237609,299.4922447200063,1.0258708403457053,103
1880000,7619.999999847459,-519639.53777814796,300.10892927366774,1.0316733962405549,103
1885000,7639.999999846986,-515795.8807285116,300.0538807933759,1.0285916919365472,103
1890000,7659.999999846513,-517806.4596322072,300.0114435082882,1.0248823633335382,103
1895000,7679.99999984604,-517602.5700186207,300.74123177170566,1.0262644315203382,103
1900000,7699.999999845567,-517382.3042680267,300.24927906088783,1.0222589763003722,103
1905000,7719.999999845094,-516850.734943253,300.29076223900546,1.0237211225762948,103
1910000,7739.999999844621,-517893.08292103745,302.0301968671399,1.0262696829891402,103
1915000,7759.999999844148,-518025.6931912699,300.17316193784126,1.0262793751423611,103
1920000,7779.999999843675,-517358.6009379304,300.6174404945403,1.0238166384584761,103
1925000,7799.999999843202,-518213.1449534979,302.0218982185304,1.0279509208437245,103
1930000,7819.999999842729,-519036.7346103443,302.02245953033355,1.027377770895196,103
1935000,7839.999999842256,-517155.56683686376,299.15396154906034,1.0274861874762198,103
1940000,7859.999999841783,-518089.6281722938,300.60331239318464,1.0269468561755923,103
1945000,7879.9999998413105,-516746.2968054805,301.79512078391934,1.0238677113387666,103
1950000,7899.9999998408375,-517466.92408466805,302.1372485478041,1.0242419757705707,103
1955000,7919.999999840365,-516463.187485931,300.4880556218386,1.0230508162078757,103
1960000,7939.999999839892,-517721.65303333825,302.0354400321946,1.0253397363662744,103
1965000,7959.999999839419,-517536.3890199587,303.981586448644,1.0277674686383658,103
1970000,7979.999999838946,-517549.28821664234,301.7340209482357,1.025925502228603,103
1975000,7999.999999838473,-517170.3198640782,300.2486293812835,1.0231363646011284,103
1980000,8019.999999838,-518058.9297677048,301.0953255852143,1.028740058920668,103
1985000,8039.999999837527,-517913.85326251225,299.7055276259029,1.0231007330185966,103
1990000,8059.999999837054,-518018.34299776005,302.3736791808005,1.0252151140603025,103
1995000,8079.999999836581,-517820.0007994771,303.8614324186126,1.0276505912444978,103
2000000,8099.999999836108,-516476.6704000081,298.3993227406087,1.026280199529876,103
2005000,8119.999999835635,-518270.20069379057,302.17520122757253,1.0277614822704841,103
2010000,8139.999999835162,-517725.8088746462,299.810314029803,1.0309600175963523,103
2015000,8159.999999834689,-519226.41808002675,300.3258244106883,1.0258244773785077,103
2020000,8179.999999834216,-517351.2532924053,303.0077580127563,1.0242312791598527,103
2025000,8199.999999835562,-518791.7154107194,301.6820238881336,1.0278924997984125,103
2030000,8219.999999839636,-517414.7033954812,302.8856634074015,1.0243129895936531,103
2035000,8239.99999984371,-517941.30364308413,303.5985098920202,1.0257941493133325,103
2040000,8259.999999847785,-517375.46072898526,298.5503254923051,1.0245986381072794,103
2045000,8279.99999985186,-516756.78958590864,303.8491782908492,1.0231675142444216,103
2050000,8299.999999855934,-516984.2701870443,300.3058200278742,1.024495484921966,103
2055000,8319.999999860009,-517154.8272854937,301.0705792406956,1.028609160558862,103
2060000,8339.999999864083,-518524.9112839117,303.0107219119645,1.0241113565995528,103
2065000,8359.999999868158,-517242.5805386368,301.2333021859528,1.0265827723033787,103
2070000,8379.999999872232,-517446.84096279414,301.6802844490896,1.0299887011287405,103
2075000,8399.999999876307,-516650.557661192,303.06860664603533,1.0260034472547852,103
2080000,8419.999999880381,-517024.876830966,300.7394861575725,1.024931395626696,103
2085000,8439.999999884456,-518855.8991330408,300.82007402564466,1.0273034339312326,103
2090000,8459.99999988853,-517413.9566881675,302.2328905999387,1.0278414345188702,103
2095000,8479.999999892605,-517352.39841429936,301.88872678071544,1.0259379013570245,103
2100000,8499.99999989668,-517587.9587289351,300.8778694098841,1.0280329844218608,103
2105000,8519.999999900754,-517639.9445044589,303.89135314879275,1.0282859159495485,103
2110000,8539.999999904829,-519107.1838151242,297.15425823075554,1.0264299177229421,103
2115000,8559.999999908903,-517690.93970491947,300.91917895474097,1.0286998350160723,103
2120000,8579.999999912978,-517852.35333131696,302.1206194945285,1.0272502864010242,103
2125000,8599.999999917052,-517228.1649468271,301.0235961101712,1.029703247063874,103
2130000,8619.999999921127,-519145.52732988656,299.4589049046546,1.0285307070298682,103
2135000,8639.999999925201,-516804.1071304355,300.47472296787623,1.0264334918372424,103
2140000,8659.999999929276,-517414.05206484394,300.3186734165841,1.023346581824512,103
2145000,8679.99999993335,-518193.2758036433,301.335558180476,1.0276616562758345,103
2150000,8699.999999937425,-517589.83959688665,301.4996918172402,1.0264521203412846,103
2155000,8719.9999999415,-517462.37923501525,300.5845631399229,1.0298124809079185,103
2160000,8739.999999945574,-516318.879663863,299.9068451533152,1.0198004148653932,103
2165000,8759.999999949649,-517419.7368262708,300.16902715953825,1.0255637349692286,103
2170000,8779.999999953723,-517850.7225339557,302.75169567872575,1.0281194821655248,103
2175000,8799.999999957798,-517479.39657704975,300.84936265450426,1.0244240436913163,103
2180000,8819.999999961872,-516616.8329850843,303.64518244985965,1.0275444518695553,103
2185000,8839.999999965947,-518189.0203538288,300.8174535426021,1.0289949472939395,103
2190000,8859.999999970021,-517159.38596628816,299.6022187919923,1.026213862550885,103
2195000,8879.999999974096,-518100.3465365602,298.85073892332656,1.0255878996771197,103
2200000,8899.99999997817,-518185.73215050716,300.3394213816469,1.0268863605600607,103
2205000,8919.999999982245,-519095.8057440964,302.24997582684693,1.0278369480923268,103
2210000,8939.99999998632,-518392.9629345604,299.1252323033935,1.026004054466448,103
2215000,8959.999999990394,-518324.6253529603,301.54536763107757,1.0247526240540574,103
2220000,8979.999999994468,-518237.57760849805,299.14025397236406,1.0272197673235492,103
2225000,8999.999999998543,-517605.4450163888,299.83292146237534,1.0210773440808105,103
2230000,9020.000000002618,-516612.85449416493,301.1938577801999,1.0213052247153458,103
2235000,9040.000000006692,-517287.6005869026,302.03043984661775,1.026503302505109,103
2240000,9060.000000010767,-516572.12141037267,299.6273677064373,1.020062095207051,103
2245000,9080.000000014841,-517372.1736480745,300.18006622869024,1.0280247134777913,103
2250000,9100.000000018916,-517739.51064507035,302.088370649609,1.0269982301901965,103
2255000,9120.00000002299,-517530.8398454066,299.74661877035913,1.0250957665050962,103
2260000,9140.000000027065,-518622.2315561287,302.10647342968775,1.0239408784834134,103
2265000,9160.00000003114,-516246.88554346585,298.9838288563504,1.0252091977782303,103
2270000,9180.000000035214,-517657.545203506,300.89902520707756,1.023488718801151,103
2275000,9200.000000039288,-517618.6121101782,302.1266500164345,1.025012463540511,103
2280000,9220.000000043363,-517696.44876304804,302.25398331741957,1.0257955438219295,103
2285000,9240.000000047437,-517409.76356689236,298.55991853727494,1.0266973327683562,103
2290000,9260.000000051512,-517432.8986057022,302.3974161223455,1.0236116108343147,103
2295000,9280.000000055586,-518460.1316981483,299.1279814133524,1.02699471598176,103
2300000,9300.000000059661,-517560.5902990855,300.96983380249253,1.0255687661498263,103
2305000,9320.000000063736,-518330.24132002983,299.5164871132497,1.025771795029928,103
2310000,9340.00000006781,-516419.44362801686,301.0787048214332,1.0273033924931911,103
2315000,9360.000000071885,-516778.4583532931,303.0240427315349,1.0291098300135395,103
2320000,9380.00000007596,-518415.361009846,300.4251429469031,1.031633677288475,103
2325000,9400.000000080034,-517668.02695614845,301.38156930490334,1.0270692074287862,103
2330000,9420.000000084108,-517695.25461545656,301.45045381157786,1.0275078473234034,103
2335000,9440.000000088183,-518558.80177986785,300.31879883888297,1.0284945201376887,103
2340000,9460.000000092257,-516445.01419548783,302.56432961244366,1.0212443104542157,103
2345000,9480.000000096332,-517238.3233536207,300.89524093161566,1.0252989187076151,103
2350000,9500.000000100406,-517506.28327108803,302.27180594864956,1.024648074835363,103
2355000,9520.000000104481,-518675.28675713926,298.54176451421745,1.0264112578725364,103
2360000,9540.000000108555,-516733.2053950373,301.59433679456816,1.0279087387558616,103
2365000,9560.00000011263,-517017.68812588346,301.6414158583099,1.0245848213826347,103
2370000,9580.000000116705,-518623.98683946114,302.1285139779505,1.0276854882834978,103
2375000,9600.000000120779,-516935.4481911184,302.8505389634447,1.0219303921705993,103
2380000,9620.000000124854,-518263.72479845956,297.9696232226649,1.0256454865320825,103
2385000,9640.000000128928,-517662.7461044374,301.17524825855355,1.0267238516608663,103
2390000,9660.000000133003,-517736.4216545783,300.55672530469474,1.0236253026991984,103
2395000,9680.000000137077,-517394.65757163195,300.43509603150085,1.0264080987009305,103
2400000,9700.000000141152,-516244.6908938221,299.31129023577563,1.024616290922346,103
2405000,9720.000000145226,-518035.3043989423,300.7758086739539,1.0232704429250163,103
2410000,9740.0000001493,-516017.4693082173,301.43509165738624,1.025490614358893,103
2415000,9760.000000153375,-518065.0735432664,300.93777908642886,1.0275018395870927,103
2420000,9780.00000015745,-518477.2793642373,300.9977643049774,1.0287571089617185,103
2425000,9800.000000161524,-516974.0713630486,300.81780178967267,1.0224213221152678,103
2430000,9820.000000165599,-518423.79099539435,302.688996476732,1.028149001729076,103
2435000,9840.000000169674,-518006.8326002653,299.35204407384714,1.0262168007392418,103
2440000,9860.000000173748,-517740.3918719236,298.004967000561,1.026308619554924,103
2445000,9880.000000177823,-518285.1406992979,301.7400217117497,1.025118238614854,103
2450000,9900.000000181897,-517559.21286646696,300.458534097412,1.0239357133076419,103
2455000,9920.000000185972,-518511.46832408756,300.83658063584,1.0251018878087537,103
2460000,9940.000000190046,-517759.301214498,302.5969176141237,1.0210608821724625,103
2465000,9960.00000019412,-516415.79936420056,299.87232580233774,1.0229926241198106,103
2470000,9980.000000198195,-518465.43165072217,301.67222224899683,1.0277885342773543,103
2475000,10000.00000020227,-517719.6555265824,299.0479628215879,1.0228097727018173,103
2480000,10020.000000206344,-518050.6131283629,302.5113862102308,1.0267047504227396,103
2485000,10040.000000210419,-517691.6423534744,301.52233586092103,1.0294409051898494,103
2490000,10060.000000214493,-517147.5446806378,300.81355339749115,1.0220988479813158,103
2495000,10080.000000218568,-517964.7889345372,298.7879724641534,1.0282890754364,103
2500000,10100.000000222642,-516749.5212965668,302.2366573387893,1.022626534834404,103
2505000,10120.000000226717,-517883.3366946138,301.7307243047298,1.0251507623198521,103
2510000,10140.000000230792,-516990.0955969349,300.9594347864724,1.0283592046979446,103
2515000,10160.000000234866,-518230.106662001,299.67617583686234,1.0275129302582406,103
2520000,10180.00000023894,-517935.2412311947,301.7615930636944,1.0287917122419175,103
2525000,10200.000000243015,-517771.7867409296,301.45280787554304,1.024634310800513,103
2530000,10220.00000024709,-516306.4881713665,299.593789530983,1.0244600962146828,103
2535000,10240.000000251164,-516696.150591237,300.82855579829567,1.025939888166769,103
2540000,10260.000000255239,-518435.55435764836,299.67140992408235,1.0285295896324471,103
2545000,10280.000000259313,-518689.33770747785,300.05210626851124,1.0278181162874345,103
2550000,10300.000000263388,-515848.1837456818,300.7936166254749,1.0266555124795167,103
2555000,10320.000000267462,-516536.9617085112,303.5874116131482,1.023617238066703,103
2560000,10340.000000271537,-517650.3304001733,301.99689996680536,1.0263047217421146,103
2565000,10360.000000275611,-517841.97827973217,299.5842084214154,1.0235373567804666,103
2570000,10380.000000279686,-517428.3270347237,301.3010640957127,1.0245110499739012,103
2575000,10400.00000028376,-517400.4753728984,301.6705525219325,1.026195099857341,103
2580000,10420.000000287835,-517900.15360524296,302.6371499788226,1.0284937485146064,103
2585000,10440.00000029191,-519441.3041294173,303.05728850686495,1.0301114160112714,103
2590000,10460.000000295984,-517989.89852950047,300.4636734608902,1.0278449757047659,103
2595000,10480.000000300059,-517670.7860087706,300.8602978306835,1.0234043751671031,103
2600000,10500.000000304133,-518277.427767762,302.909514700891,1.0245208730909066,103
2605000,10520.000000308208,-519327.10422706837,302.3348268509897,1.027279160307234,103
2610000,10540.000000312282,-517957.47385182744,296.5931503365953,1.0273207992654154,103
2615000,10560.000000316357,-518241.9827477506,299.07001467475146,1.027971625771702,103
2620000,10580.000000320431,-516675.2221348649,300.9381296563762,1.025797330937429,103
2625000,10600.000000324506,-517450.5872889026,299.98433907818765,1.027678707661611,103
2630000,10620.00000032858,-517800.3155509145,303.42481378704906,1.0233797760614665,103
2635000,10640.000000332655,-516941.36792906513,304.0419945229822,1.0297278578870768,103
2640000,10660.00000033673,-518291.3180123451,302.25568399675217,1.0245348944113537,103
2645000,10680.000000340804,-516727.56100819213,300.13690491875604,1.0255073736209095,103
2650000,10700.000000344879,-518417.13981031557,300.28740740142496,1.0259816865789781,103
2655000,10720.000000348953,-517029.07760896184,302.6671766305701,1.0270283637512552,103
2660000,10740.000000353028,-517177.5371815227,300.59415663575123,1.0277657456469653,103
2665000,10760.000000357102,-517584.244290333,300.9737013468526,1.0259981670559877,103
2670000,10780.000000361177,-517051.4243037477,298.00467312910894,1.025344761711514,103
2675000,10800.000000365251,-517351.6579759293,301.7491242604601,1.0242954655995327,103
2680000,10820.000000369326,-517932.53967477963,301.84262579752124,1.0284130769199802,103
2685000,10840.0000003734,-518755.5099986815,298.59906694304004,1.0305331417772385,103
2690000,10860.000000377475,-517507.0007173631,296.89465062061197,1.027135969755076,103
2695000,10880.00000038155,-517730.38458420243,300.11555010376463,1.0256694008091438,103
2700000,10900.000000385624,-517430.72074542195,301.64719691213804,1.0285017091655935,103
2705000,10920.000000389698,-518923.1303106048,300.23936813493424,1.0297904205906463,103
2710000,10940.000000393773,-517787.95625749114,300.74690329449487,1.0225976548542441,103
2715000,10960.000000397848,-517955.0504888608,299.3344517132511,1.0233795931550502,103
2720000,10980.000000401922,-518735.7688108147,299.2253344329335,1.0284814977474577,103
2725000,11000.000000405997,-517158.259000971,298.9860816980714,1.0274215113910679,103
2730000,11020.000000410071,-517721.8883501608,302.3713837158726,1.0242946570086955,103
2735000,11040.000000414146,-519345.1978971143,301.4620136277278,1.0304848175765808,103
2740000,11060.00000041822,-517530.26151830656,302.54386759880896,1.0284996656510754,103
2745000,11080.000000422295,-519560.7436500187,300.96000353355174,1.0298571118337556,103
2750000,11100.00000042637,-517674.92928262777,299.8391618853622,1.0240120803030826,103
2755000,11120.000000430444,-518585.1195186218,300.27902934159766,1.0294143783617777,103
2760000,11140.000000434518,-517478.1993500185,303.70189759170415,1.026225285404253,103
2765000,11160.000000438593,-517660.2925210446,300.7980984869568,1.0253497784569627,103
2770000,11180.000000442667,-519337.3454224784,303.1876811324944,1.0274429594149608,103
2775000,11200.000000446742,-519673.48210068257,301.051225134899,1.0242796224461368,103
2780000,11220.000000450817,-517427.0172592413,300.508197864954,1.0259443143459208,103
2785000,11240.000000454891,-519174.26399845304,305.8068317818962,1.031499377289514,103
2790000,11260.000000458966,-517983.10774008324,300.85002775128123,1.023231376351991,103
2795000,11280.00000046304,-517925.6074639794,302.6605995040373,1.029639868272807,103
2800000,11300.000000467115,-516951.4245477272,300.3523191324579,1.0214494864585608,103
2805000,11320.00000047119,-517619.19409153983,301.207684567616,1.025426856806911,103
2810000,11340.000000475264,-518629.9234460527,300.76307680706736,1.0268685179007462,103
2815000,11360.000000479338,-518104.3162035814,300.2542949930499,1.0270094638032425,103
2820000,11380.000000483413,-517971.5857266309,301.42525868726625,1.0305006168126138,103
2825000,11400.000000487487,-517550.726726745,301.21711883897933,1.029823507180222,103
2830000,11420.000000491562,-516624.3247240535,301.5015793274563,1.0236638029344662,103
2835000,11440.000000495636,-517846.14644764084,301.6302836313005,1.02079577656598,103
2840000,11460.000000499711,-518785.7341295101,300.3317434626928,1.0239404349519796,103
2845000,11480.000000503785,-519350.5593554897,300.0273474962285,1.0266926290099483,103
2850000,11500.00000050786,-518078.20641081803,302.4096616881811,1.0266695427195578,103
2855000,11520.000000511935,-517304.1373755953,302.19526924072153,1.0226180520218426,103
2860000,11540.00000051601,-517994.7386506002,300.11790956019536,1.0277169604716496,103
2865000,11560.000000520084,-518818.11026360723,300.08002829027475,1.0256951639101355,103
2870000,11580.000000524158,-517840.1316864616,301.64443155084996,1.0266794607744048,103
2875000,11600.000000528233,-517299.11942891846,300.96858810613975,1.0240051179261378,103
2880000,11620.000000532307,-517297.78433818766,299.32673742466017,1.0251325411341345,103
2885000,11640.000000536382,-517534.2391453637,297.97574703264166,1.029901192398583,103
2890000,11660.000000540456,-517509.5996940627,298.07378968791716,1.0261282573919457,103
2895000,11680.00000054453,-516460.94819715526,302.26856849040644,1.020794543013245,103
2900000,11700.000000548605,-516421.7096914146,302.87364677558793,1.0245525997227911,103
2905000,11720.00000055268,-516749.91519209463,300.79866556831,1.0272967888864395,103
2910000,11740.000000556754,-516713.51924103615,300.02071268374004,1.0232315979777244,103
2915000,11760.000000560829,-517293.3469471894,299.52071729382163,1.027464179818053,103
2920000,11780.000000564904,-517856.41158633097,302.04629049336415,1.0299683417272425,103
2925000,11800.000000568978,-517057.79932876397,299.28433337308064,1.0238041950135315,103
2930000,11820.000000573053,-518103.360254345,302.1283478596108,1.030411396246278,103
2935000,11840.000000577127,-519078.6894044997,301.19546501310793,1.0284160121440706,103
2940000,11860.000000581202,-516893.871457726,300.9157872004095,1.0227210350257343,103
2945000,11880.000000585276,-517051.56479465845,300.2848142403746,1.0244106845850185,103
2950000,11900.00000058935,-516697.00265612174,296.15384507443406,1.0217584213754225,103
2955000,11920.000000593425,-518038.98329888005,301.92579935361636,1.025778428421653,103
2960000,11940.0000005975,-518060.21184943453,300.7050775923194,1.024610657679825,103
2965000,11960.000000601574,-516941.369326042,298.17731590225026,1.0221237491815238,103
2970000,11980.000000605649,-516741.6733242348,300.8956063994919,1.0249035595193743,103
2975000,12000.000000609723,-518500.8767233193,301.00837533640987,1.0329544509912212,103
2980000,12020.000000613798,-516785.66098140436,299.68897460078045,1.0214927899866422,103
2985000,12040.000000617873,-516282.2099920262,300.4948949007404,1.02828909534891,103
2990000,12060.000000621947,-518689.9688053143,301.8173891197839,1.0281988772487638,103
2995000,12080.000000626022,-516465.68464278034,304.26578552810753,1.0227514932272113,103
3000000,12100.000000630096,-517332.48777378816,302.04649918396314,1.0265544958692356,103
3005000,12120.00000063417,-517462.0998361842,301.15242104248944,1.0263091650837262,103
3010000,12140.000000638245,-518145.8927670233,298.96560490069777,1.0263567915047578,103
3015000,12160.00000064232,-517238.1672992974,302.4735956756162,1.025144147998216,103
3020000,12180.000000646394,-517593.97135115066,299.8446112210768,1.026779743037202,103
3025000,12200.000000650469,-517928.06454554107,301.96264504354195,1.024224246337976,103
3030000,12220.000000654543,-516649.6501299902,302.2565730469822,1.0277575491094737,103
3035000,12240.000000658618,-517898.08996293554,301.4527791622758,1.0236958796726192,103
3040000,12260.000000662692,-518336.34263894986,300.4890324488588,1.0262055340863279,103
3045000,12280.000000666767,-518703.57539106393,297.8448127935901,1.0264040273633928,103
3050000,12300.000000670841,-518705.47156810947,299.3576954365897,1.0271572121940886,103
3055000,12320.000000674916,-517578.567175447,300.80331076910045,1.0279579150716953,103
3060000,12340.00000067899,-516828.3904123006,297.8125897680895,1.0256947347490981,103
3065000,12360.000000683065,-517286.30877586175,297.5133539379864,1.0260668820056162,103
3070000,12380.00000068714,-517541.89825074887,301.4008345941067,1.0260287496448923,103
3075000,12400.000000691214,-518081.6676793557,299.41280752662107,1.0265091583748496,103
3080000,12420.000000695289,-517927.8511348122,299.862126919741,1.0239904154844517,103
3085000,12440.000000699363,-516874.44567676587,300.1183637214928,1.022087065233028,103
3090000,12460.000000703438,-518136.1597400638,302.5806219761031,1.025284383352659,103
3095000,12480.000000707512,-517716.9006604464,300.86302922531763,1.0260197264317223,103
3100000,12500.000000711587,-516769.8955110293,304.3645844346151,1.027131106476327,103
3105000,12520.000000715661,-516970.446006045,299.9343328959697,1.0250250982216262,103
3110000,12540.000000719736,-516958.0175068036,298.2023769659472,1.0250366024491253,103
3115000,12560.00000072381,-516320.4718382559,300.28221673796867,1.0263548830378684,103
3120000,12580.000000727885,-518660.06643184647,302.89594459418703,1.0274145644174062,103
3125000,12600.00000073196,-517152.3995952022,301.8264306971917,1.0268862122908693,103
3130000,12620.000000736034,-517591.5099759991,299.35338767958626,1.0261841299900147,103
3135000,12640.000000740109,-518238.1174632234,300.5764886323307,1.0288009719473763,103
3140000,12660.000000744183,-518726.24118215335,302.55171984482666,1.0236793126811023,103
3145000,12680.000000748258,-518609.3750041716,299.2909319380269,1.0312262075252305,103
3150000,12700.000000752332,-518406.9818873536,300.79474904243006,1.028318898832066,103
3155000,12720.000000756407,-517017.1357299781,301.4077450481569,1.0226544855329542,103
3160000,12740.000000760481,-516770.47058891784,301.59415524114644,1.0263301468221118,103
3130000,12620.000000736034,-516515.82513950346,302.66006215112606,1.0253400828716894,--
3135000,12640.000000740109,-518050.690181894,301.70311166275064,1.0277397565439714,106
3140000,12660.000000744183,-517774.69929843745,300.3280198309371,1.025613924526579,106
3145000,12680.000000748258,-517507.8873156726,301.2381396253893,1.026689809892759,106
3150000,12700.000000752332,-518553.9322597869,299.69813145672464,1.0254543255316446,106
3155000,12720.000000756407,-517584.8026277351,301.5978485585934,1.0229297884419695,106
3160000,12740.000000760481,-517537.622729433,299.15535647239324,1.028187384835906,106
3165000,12760.000000764556,-517244.1622758948,300.63273316347386,1.0274652668189919,106
3170000,12780.00000076863,-517734.89423820097,300.9434537431301,1.0238413582318022,106
3175000,12800.000000772705,-517632.2545156549,301.6551379741982,1.028413684912548,106
3180000,12820.00000077678,-516967.9183690583,301.0231742272151,1.0249939943433704,106
3185000,12840.000000780854,-517538.82222308684,300.6929803150032,1.026429190667937,106
3190000,12860.000000784928,-517766.67810680973,301.3404121832133,1.022866566876259,105
3195000,12880.000000789003,-517534.03593718563,301.9823303641787,1.0278074671565616,105
3200000,12900.000000793078,-518262.47607725277,301.2768071977112,1.0261826583523919,105
3205000,12920.000000797152,-517682.8676603723,300.6310769606346,1.0219038160684901,105
3210000,12940.000000801227,-518198.59728018707,302.7531477929978,1.0225135772601877,105
3215000,12960.000000805301,-517002.9312818106,299.56027680457066,1.0242353735855243,105
3220000,12980.000000809376,-517925.5757902232,299.91324848228976,1.0294853579638197,105
3225000,13000.00000081345,-517424.67455180944,299.5736679644847,1.025415489731707,105
3230000,13020.000000817525,-517129.7075716024,299.0657734162147,1.0278965669507758,105
3235000,13040.0000008216,-517394.13887766236,302.02405594047997,1.025407851273351,105
3240000,13060.000000825674,-518346.6989395488,300.32801474861856,1.0281595159640278,105
3245000,13080.000000829748,-517832.12450970453,298.81519437166617,1.027406621479874,105
3250000,13100.000000833823,-516457.7869280693,300.5584132522523,1.027383063166491,105
3255000,13120.000000837897,-516693.9230862465,303.84007407926504,1.0271665157939514,105
3260000,13140.000000841972,-517923.48655970884,301.1059032084296,1.0246428304280457,105
3265000,13160.000000846047,-517322.77778696665,300.26182456059917,1.0266219634436384,105
3270000,13180.000000850121,-516547.5456681608,301.6653766463669,1.0262531051378734,105
3275000,13200.000000854196,-517504.3349501367,300.2764487541581,1.0282651065730242,105
3280000,13220.00000085827,-518097.5605353918,300.98653867239364,1.0261116303005884,105
3285000,13240.000000862345,-515603.73478024476,301.167795561841,1.024262909208534,105
3290000,13260.00000086642,-517623.3579121225,298.6123481617201,1.0258605874115845,105
3295000,13280.000000870494,-518896.1155213723,300.85611884914687,1.0312538227089083,105
3300000,13300.000000874568,-518800.2187398097,301.4599570675217,1.0274902117122215,105
3305000,13320.000000878643,-517660.21272324165,306.0956060959067,1.027905577937647,105
3310000,13340.000000882717,-518981.15937888063,301.4233383442994,1.0295585292604685,105
3315000,13360.000000886792,-517589.1018263018,301.74604302665426,1.028633325095188,105
3320000,13380.000000890866,-517950.9038503405,299.685492589731,1.0241672176402952,105
3325000,13400.000000894941,-517405.32691639196,303.1362629013086,1.030194183619231,105
3330000,13420.000000899016,-518186.6867076766,300.07997070576783,1.0294385971276383,105
3335000,13440.00000090309,-516958.76441773423,299.6569106151829,1.023436794168511,105
3340000,13460.000000907165,-518615.75698093884,297.6611417670474,1.0271167247794215,105
3345000,13480.00000091124,-517719.0560896015,302.21039720758887,1.0233090649146437,105
3350000,13500.000000915314,-517099.483824559,301.9497274085165,1.0250818824344927,105
3355000,13520.000000919388,-518303.55022324156,299.626640887704,1.0238092131797447,105
3360000,13540.000000923463,-516691.927792992,298.6604077437883,1.0282649463783406,105
3365000,13560.000000927537,-518262.76133126626,302.21233264096884,1.0275769086573099,105
3370000,13580.000000931612,-517972.9112421132,301.68194149766913,1.0253836676965866,105
3375000,13600.000000935686,-517042.4744577068,301.32047490536496,1.0219702742819732,105
3380000,13620.00000093976,-516721.58490234544,300.3755983006306,1.0228411376188502,105
3385000,13640.000000943835,-517882.6767206413,300.59827346156794,1.0231732349912077,105
3390000,13660.00000094791,-517820.15425280086,298.9429729721123,1.026709686595109,105
3395000,13680.000000951984,-517502.81767195906,300.7335383873789,1.024445976524778,105
3400000,13700.000000956059,-517522.9832534087,302.64790509651135,1.0245473331810964,105
3405000,13720.000000960134,-518596.1211039061,300.3875533474789,1.0289840691353096,105
3410000,13740.000000964208,-516926.83152879146,302.9086357050441,1.0250917694267796,105
3415000,13760.000000968283,-517688.4438540968,301.80175073179214,1.026442971864071,105
3420000,13780.000000972357,-517765.6370480512,301.59707634054405,1.0280147630020913,105
3425000,13800.000000976432,-516693.0274449219,301.20417736793354,1.0231411725375015,105
3430000,13820.000000980506,-517534.6231796469,302.2128644898885,1.0250414528327259,105
3435000,13840.00000098458,-518038.7466242672,299.6691922386901,1.028382169708759,105
3440000,13860.000000988655,-518768.4364337735,300.65153691690773,1.030489759546102,105
3445000,13880.00000099273,-517229.0888884084,300.54169740225655,1.0236810157852358,105
3450000,13900.000000996804,-517413.9817197595,303.3478759713989,1.019769203086859,105
3455000,13920.000001000879,-519625.55112912785,299.64782597226383,1.0284442768071191,105
3460000,13940.000001004953,-518029.22841333575,301.4291008187575,1.026452070824679,105
3465000,13960.000001009028,-516782.91668466316,298.9119429215071,1.0241575105982224,105
3470000,13980.000001013103,-517378.9148693911,299.44230326429994,1.0262771526807934,105
3475000,14000.000001017177,-515760.31251318636,300.56489699228035,1.0245193079127075,105
3480000,14020.000001021252,-517643.96148328925,299.2054957981929,1.027937334472837,105
3485000,14040.000001025326,-518035.7790139967,299.4747924399312,1.0281593393455815,105
3490000,14060.0000010294,-517595.7245105768,300.97720268947603,1.025913016835208,105
3495000,14080.000001033475,-517727.1462943093,301.9497798400175,1.0304445627875318,105
3500000,14100.00000103755,-518377.6622607643,299.75527175913726,1.0248515563749319,105
3505000,14120.000001041624,-518772.4694382653,297.74718073311834,1.0267799033366007,105
3510000,14140.000001045699,-518724.5005750307,301.8546640528644,1.0302880006234307,105
3515000,14160.000001049773,-519024.1543641486,300.12083089207215,1.0267976359042599,105
3520000,14180.000001053848,-517079.18501822883,297.68724800871183,1.0208322071634865,105
3525000,14200.000001057922,-516762.0393254007,299.6681673236719,1.028238526022865,105
3530000,14220.000001061997,-517091.90663585416,301.9214238295175,1.0274668631499264,105
3535000,14240.000001066071,-517905.50420542643,302.7985580533797,1.0169307889943722,105
3540000,14260.000001070146,-517791.64466785896,298.1630915754552,1.0251800323150588,105
3545000,14280.00000107422,-518506.59362358577,301.57551060655686,1.0244502222061411,105
3550000,14300.000001078295,-518156.2069785872,300.46761862084026,1.0248548799992891,105
3555000,14320.00000108237,-517943.12955153617,304.1496167139579,1.0275824409799768,105
3560000,14340.000001086444,-517116.08785494976,304.72596925313366,1.024211435235633,105
3565000,14360.000001090519,-518126.8692501129,300.5269405295728,1.028021351968121,105
3570000,14380.000001094593,-518591.38619178743,299.7839060819044,1.0255116939820001,105
3575000,14400.000001098668,-518522.629065074,303.04680941458537,1.0255776759698627,105
3580000,14420.000001102742,-518176.6654617225,299.5412609563542,1.0250990831362157,105
3585000,14440.000001106817,-517997.8133841073,301.40401508394194,1.0278227587931088,105
3590000,14460.000001110891,-517283.6695698835,301.3599619969144,1.0284030325582247,105
3595000,14480.000001114966,-517786.44235998904,299.7052932055327,1.025838219816129,105
3600000,14500.00000111904,-516957.0886593058,299.461651791472,1.0248374747783968,105
3605000,14520.000001123115,-518803.37006455055,302.1704469974711,1.02908760973604,105
3610000,14540.00000112719,-517020.78577549756,302.7633009427579,1.0272155479065441,105
3615000,14560.000001131264,-517419.8702371947,304.07378532903886,1.0247179105280084,105
3620000,14580.000001135339,-518691.1263096677,302.0313140964832,1.0300536637149793,105
3625000,14600.000001139413,-518214.9606422831,301.99013229054265,1.0247172229647652,105
3630000,14620.000001143488,-517902.945145953,301.2259207244282,1.0286253162592451,105
3635000,14640.000001147562,-517811.99124120106,300.77935219251515,1.0285210929446875,105
3640000,14660.000001151637,-517987.10583918635,300.28969450952155,1.0262440418083003,105
3645000,14680.000001155711,-517369.81688318006,300.5717914840547,1.026704317629473,105
3650000,14700.000001159786,-517529.7644019134,300.38010322960764,1.024417557052579,105
3655000,14720.00000116386,-518272.96943569323,298.44366618447737,1.0307583828774292,105
3660000,14740.000001167935,-516187.55865938147,302.43459759054224,1.021637313906493,105
3665000,14760.00000117201,-517192.13507241453,300.9987112496724,1.027597155116213,105
3670000,14780.000001176084,-518078.08527163486,299.6844556328061,1.02701825362971,105
3675000,14800.000001180159,-518278.3549996598,302.4700257510976,1.0252772352251203,105
3680000,14820.000001184233,-519015.7394920869,297.7685327365618,1.028802052281782,105
3685000,14840.000001188308,-517739.2062145511,303.217561370232,1.0275389695081814,105
3690000,14860.000001192382,-517562.8180946957,301.27120545852,1.0279623433620113,105
3695000,14880.000001196457,-516958.5967681187,301.87537353256766,1.0272625318717648,105
3700000,14900.000001200531,-519360.1326597892,302.1410109097311,1.027814467261025,105
3705000,14920.000001204606,-518024.06336314464,300.1979216438448,1.0278783444398714,105
3710000,14940.00000120868,-516688.950913524,303.57010043087746,1.0291196512537948,105
3715000,14960.000001212755,-518651.93383799423,301.2398096522766,1.0269118006098787,105
3720000,14980.00000121683,-517834.842132604,301.9820082493675,1.0234941427968098,105
3725000,15000.000001220904,-517878.5728085332,300.8664954208027,1.0226679131086673,105
3730000,15020.000001224978,-518326.52078657737,303.30517624995184,1.0289175786666924,105
3735000,15040.000001229053,-517398.0327967438,300.83704191606097,1.0272891555883312,105
3740000,15060.000001233127,-517634.33131365385,299.09050795907433,1.0231576272143565,105
3745000,15080.000001237202,-517724.6786014787,300.20996847901796,1.025148401330279,105
3750000,15100.000001241277,-518031.6980232368,300.7472576200668,1.0272842872533654,105
3755000,15120.000001245351,-518038.11699034646,302.7364090589324,1.0302980385839287,105
3760000,15140.000001249426,-517323.3041740614,299.37051991912085,1.0239605161573666,105
3765000,15160.0000012535,-518195.50262132357,301.13198655040964,1.0253503779098403,105
3770000,15180.000001257575,-518648.21055087633,299.99312374874836,1.0277897266630116,105
3775000,15200.00000126165,-519333.0623291789,302.3363843590622,1.0210878527321638,105
3780000,15220.000001265724,-517986.65264363796,301.2520607669019,1.0246857925883368,105
3785000,15240.000001269798,-519237.2794995252,301.63550509688423,1.0291955713691663,105
3790000,15260.000001273873,-517499.7962975579,301.10768823748367,1.0265078978444406,105
3795000,15280.000001277947,-517971.792057052,300.96359608039944,1.0282664977362155,105
3800000,15300.000001282022,-517458.7459301525,302.25638019739506,1.0271724425957336,105
3805000,15320.000001286096,-517367.6024852835,302.2104639467046,1.0250296680481568,105
3810000,15340.000001290171,-517100.77130971896,302.9000156684703,1.0244142234425677,105
3815000,15360.000001294246,-518136.5666521664,301.01201545357424,1.0262577292512716,105
3820000,15380.00000129832,-516866.4199914278,300.63822356806054,1.0263806002298155,105
3825000,15400.000001302395,-517980.4498851234,302.35428853454823,1.0247377048697823,105
3830000,15420.00000130647,-517959.91719736485,301.72239222784884,1.0263757037437868,105
3835000,15440.000001310544,-517722.27576295333,301.03722647165824,1.028713529389247,105
3840000,15460.000001314618,-517016.62103541335,302.51160467042047,1.020750862482442,105
3845000,15480.000001318693,-516972.54952709633,301.2741435141632,1.0234062724953696,105
3850000,15500.000001322767,-517200.959412338,300.9552752677493,1.0283381591160967,105
3855000,15520.000001326842,-517403.32220190205,300.8319242557585,1.0304931621545472,105
3860000,15540.000001330916,-519641.43789411546,299.61437144248805,1.0275114520228876,105
3865000,15560.00000133499,-516890.09292835346,301.513201372341,1.0257280376857199,105
3870000,15580.000001339065,-516944.77755890926,299.446479041843,1.0271551286376295,105
3875000,15600.00000134314,-517880.88881272776,302.3079670139549,1.0262688545178464,105
3880000,15620.000001347214,-517192.21751887933,301.0397578160501,1.0249920776252797,105
3885000,15640.000001351289,-517710.3862212531,300.02590044118637,1.0258858083106865,105
3890000,15660.000001355364,-517202.5110594402,301.91992991866215,1.0218241407293238,105
3895000,15680.000001359438,-517369.881297725,302.4010772740176,1.0238399587241807,105
3900000,15700.000001363513,-517319.37764733145,301.84290776172105,1.027942256426873,105
3905000,15720.000001367587,-517118.77175752237,302.31179929421313,1.0226549980416437,105
3910000,15740.000001371662,-517749.3766747934,299.32539271032675,1.0275567705702964,105
3915000,15760.000001375736,-516941.7440535242,301.1339085705835,1.0238113038276542,105
3920000,15780.00000137981,-518835.6700950074,301.3485489266479,1.0260694535663055,105
3925000,15800.000001383885,-517568.27274058526,299.83147496386687,1.027462520258419,105
3930000,15820.00000138796,-518265.8103435184,300.40894209932134,1.030050866412421,105
3935000,15840.000001392034,-517245.7722073649,300.71315595753725,1.024946090804922,105
3940000,15860.000001396109,-516841.70199295017,298.7023251113624,1.0230582797901646,105
3945000,15880.000001400183,-517146.8670715068,300.655899705683,1.0319250616378575,105
3950000,15900.000001404258,-517168.4940147656,301.5317578539803,1.0257923476004036,105
3955000,15920.000001408333,-517550.8376410322,302.53414994687324,1.0274353755586845,105
3960000,15940.000001412407,-517833.2493994911,303.82662902712457,1.0315250209999272,105
3965000,15960.000001416482,-517377.6043841336,298.16868875859444,1.0294661154560394,105
3970000,15980.000001420556,-518009.54000304616,301.87481953270697,1.027270644700558,105
3975000,16000.00000142463,-518001.1419721374,300.8746699590551,1.030808846336359,105
3980000,16020.000001428705,-518718.07402867684,298.34850836406304,1.0287592382726476,105
3985000,16040.00000143278,-518649.4266407613,301.6727853289712,1.0292605249129343,105
3990000,16060.000001436854,-518988.6781786366,300.02923868606575,1.027940222039248,105
3995000,16080.000001440929,-518199.4836570795,304.14864680273274,1.0301449980931847,105
4000000,16100.000001445003,-518675.105300294,301.79265441473007,1.0231680330121007,105
4005000,16120.000001449078,-518802.3132986177,298.9028151332447,1.0250252938683548,105
4010000,16140.000001453152,-518049.1287769929,299.0825089004114,1.0230339605627194,105
4015000,16160.000001457227,-517668.797037733,301.1243305619245,1.0234615478831381,105
4020000,16180.000001461302,-518237.45220571244,299.9043807923965,1.0263641346908814,105
4025000,16200.000001465376,-518083.49380173744,300.895157211373,1.0265029088168858,105
4030000,16220.00000146945,-517439.393830935,299.5242313146857,1.0256735803427954,105
4035000,16240.000001473525,-518561.3880975032,301.49259293354385,1.029100345385628,105
4040000,16260.0000014776,-518342.3414535192,298.60423468918015,1.029726900865638,105
4045000,16280.000001481674,-517979.3991573502,297.5450973927858,1.026251082489903,105
4050000,16300.000001485749,-517790.16071499325,300.6911349340567,1.0312305723585962,105
4055000,16320.000001489823,-518176.0230338669,300.08477011520154,1.0275822666897898,105
4060000,16340.000001493898,-518056.38735361793,302.27319007197707,1.02417706094549,105
4065000,16360.000001497972,-517695.9905568771,303.8122842374342,1.0264516197155127,105
4070000,16380.000001502047,-518247.4601000855,296.42015049841257,1.0261135046018255,105
4075000,16400.00000150612,-517696.1571734941,302.1559650208879,1.0256260601243796,105
4080000,16420.000001510194,-518287.0427063145,299.37024747129135,1.0272313913669553,105
4085000,16440.00000151427,-517611.137183734,303.1769648959268,1.0255763182421682,105
4090000,16460.000001518343,-517789.0882123518,296.6447412350917,1.0237209110852188,105
4095000,16480.000001522418,-516826.5041953847,298.44648609500064,1.0223235510811173,105
4100000,16500.000001526492,-517899.0689930648,299.48779373465095,1.02751020361322,105
4105000,16520.000001530567,-516313.5092961197,302.9077699421881,1.0259489894811442,105
4110000,16540.00000153464,-517439.6020830262,305.25339470426553,1.0276372016154742,105
4115000,16560.000001538716,-518135.70974323037,301.7658304460486,1.0302301524547939,105
4120000,16580.00000154279,-516992.64859238453,298.1323733149534,1.0255815542584308,105
4125000,16600.000001546865,-518041.75197996804,300.4530379462031,1.020578182292736,105
4130000,16620.00000155094,-515988.62031933106,300.03011921429345,1.0225454258934925,105
4135000,16640.000001555014,-519131.18703398784,300.086662333149,1.028358152700499,105
4140000,16660.00000155909,-517228.8591364869,298.0666178045175,1.0270273642649435,105
4145000,16680.000001563163,-517227.80230260803,299.22211663854904,1.0264667320673826,105
4150000,16700.000001567238,-517652.7375581928,303.5929415389486,1.024981990235578,105
4155000,16720.000001571312,-517932.5900318397,300.35003798071284,1.026244075229644,105
4160000,16740.000001575387,-517194.2083317698,297.9144417567441,1.0262279576751427,105
4165000,16760.00000157946,-518542.8852431497,300.3797837878998,1.0233277536758083,105
4170000,16780.000001583536,-518158.7353474372,299.7851208747115,1.028026659008492,105
4175000,16800.00000158761,-518778.2495809018,300.67402839063635,1.0249532750044072,105
4180000,16820.000001591685,-517862.1450192481,299.65804292504146,1.0235360441307326,105
4185000,16840.00000159576,-517524.7308709028,301.78846395392424,1.0275252309092486,105
4190000,16860.000001599834,-516326.40640303516,303.3167355272562,1.0224120521143538,105
4195000,16880.00000160391,-518009.13638883317,297.21280691698973,1.0307677001124276,105
4200000,16900.000001607983,-518081.5661821782,300.5315432227614,1.0298752120666381,105
4205000,16920.000001612058,-519308.4240392933,301.41549567339615,1.026583872221085,105
4210000,16940.000001616132,-517901.29878485645,300.7447824230279,1.0268015214987318,105
4215000,16960.000001620207,-518234.0431384826,301.82862117283526,1.0247932727533726,105
4220000,16980.00000162428,-516801.10408089706,301.1650973597595,1.0247214230184418,105
4225000,17000.000001628356,-518272.85309641296,303.5294636983601,1.0272873825643738,105
4230000,17020.00000163243,-518150.8787769829,299.204364136529,1.0245224030972448,105
4235000,17040.000001636505,-517516.53702114755,300.31411702701035,1.0272250844204829,105
4240000,17060.00000164058,-517954.2306532711,299.5905130510199,1.027610236858981,105
4245000,17080.000001644654,-518181.1562441329,302.4688329757286,1.0266299653743123,105
4250000,17100.00000164873,-517281.2997098991,299.3516487119507,1.0266635572563312,105
4255000,17120.000001652803,-517347.05134563474,298.97009199027946,1.025057992541104,105
4260000,17140.000001656877,-517077.0454040631,300.6444926989919,1.0262383235322685,105
4265000,17160.000001660952,-517490.92640512716,301.22275165586905,1.0252333731487777,105
4270000,17180.000001665027,-517341.5095519931,299.1326399218032,1.026486466685704,105
4275000,17200.0000016691,-518228.80948535097,302.10004107742697,1.0272177720814772,105
4280000,17220.000001673176,-517389.8903636581,302.54267551704265,1.0257796502571166,105
4285000,17240.00000167725,-516161.7926655216,300.0669223929378,1.02371813921158,105
4290000,17260.000001681325,-517367.1619619306,300.67144671467554,1.0256336863176236,105
4295000,17280.0000016854,-517714.9616500442,298.90033965995366,1.0251789414952905,105
4300000,17300.000001689474,-517114.22510579997,301.1535275752254,1.0264435379042938,105
4305000,17320.00000169355,-518719.77073655487,300.7343629217636,1.0218193499953465,105
4310000,17340.000001697623,-518221.55095679476,302.29701901465415,1.0261488244844792,105
4315000,17360.000001701697,-518484.1492060288,299.4844081032036,1.0265552984432411,105
4320000,17380.000001705772,-516929.4724075587,300.5425303062011,1.024135192683261,105
4325000,17400.000001709846,-518538.415574963,301.23203873333904,1.0303759141445732,105
4330000,17420.00000171392,-517292.25759511255,303.0818833835673,1.026281759936225,105
4335000,17440.000001717995,-517254.9303957047,301.430127831747,1.0270406034724966,105
4340000,17460.00000172207,-518645.18544097873,301.917879705477,1.0265961842248625,105
4345000,17480.000001726145,-517416.9546544838,300.742011676862,1.0273496952323227,105
4350000,17500.00000173022,-517754.32644713554,301.3744560660084,1.0241411885129856,105
4355000,17520.000001734294,-517481.3074207781,301.6614501874238,1.0236141779650674,105
4360000,17540.000001738368,-517691.8970864387,301.14245005130806,1.0270647421358032,105
4365000,17560.000001742443,-517681.8278740435,303.8025229051913,1.0300461218645403,105
4370000,17580.000001746517,-517872.722493564,301.8229541192114,1.025965353232407,105
4375000,17600.00000175059,-516423.4696257715,302.719383671127,1.023125404482785,105
4380000,17620.000001754666,-516411.1695080709,302.3568073123824,1.0228426813640588,105
4385000,17640.00000175874,-517067.883205133,302.2644228311839,1.0270117902386224,105
4390000,17660.000001762815,-519215.65444254526,301.61336683378914,1.0269984003520256,105
4395000,17680.00000176689,-517240.6749020214,303.60822255597157,1.0297245705663063,105
4400000,17700.000001770964,-518638.7713638288,301.2320109605403,1.0318320459813357,105
4405000,17720.00000177504,-518086.57530263416,300.73524240662556,1.027910859067284,105
4410000,17740.000001779114,-518383.1079970524,301.56721456689223,1.0242702756313855,105
4415000,17760.000001783188,-516189.7250633291,299.4475186542041,1.0226321856261227,105
4420000,17780.000001787263,-518335.9048914113,300.7661200099556,1.026690118469017,105
4425000,17800.000001791337,-518731.01995913545,300.2319593194091,1.0291623253796696,105
4430000,17820.00000179541,-518119.7194486873,300.8541330591633,1.0281878522021264,105
4435000,17840.000001799486,-517248.22361799586,301.24497295736694,1.0228035831268387,105
4440000,17860.00000180356,-517969.6750462034,300.62887798055067,1.0250467009835391,105
4445000,17880.000001807635,-516648.1601254486,301.93068827054185,1.0252944556128556,105
4450000,17900.00000181171,-518539.88125634706,302.1522511313265,1.0253692900689892,105
4455000,17920.000001815784,-518506.246575007,300.6299747722168,1.0241815325777737,105
4460000,17940.00000181986,-519349.360424489,297.6034415572882,1.0255098901235635,105
4465000,17960.000001823933,-517919.18928383454,302.06939698966966,1.0268796711783068,105
4470000,17980.000001828008,-517685.74239199026,302.55799729599477,1.0300069685523603,105
4475000,18000.000001832082,-518528.3254005718,301.67480214396403,1.0288594529621116,105
4480000,18020.000001836157,-517820.68181738025,300.0631574531604,1.026599816750315,105
4485000,18040.00000184023,-518415.89102353016,303.50765437244735,1.0246994170533297,105
4490000,18060.000001844306,-517838.91617949866,302.8792127569266,1.023584529446354,105
4495000,18080.00000184838,-517472.29809659487,299.9179179789646,1.0275149212795198,105
4500000,18100.000001852455,-517461.01826574,300.6681761530875,1.0210412017695416,105
4505000,18120.00000185653,-518391.88283549645,301.9258743898345,1.0288487560726398,105
4510000,18140.000001860604,-517091.34191031824,302.03715771903,1.0289455888547998,105
4515000,18160.00000186468,-517832.4957282152,300.5141625668645,1.0256774117438614,105
4520000,18180.000001868753,-519288.21630314714,298.9556973951351,1.0276964273589853,105
4525000,18200.000001872828,-517428.2636832611,299.1475471201691,1.0281785096544669,105
4530000,18220.000001876902,-516877.01628434076,301.83611085195406,1.02518181353502,105
4535000,18240.000001880977,-517874.52353831544,301.4375112389371,1.0256215507542368,105
4540000,18260.00000188505,-517072.8263933789,300.0957538405877,1.021718717558306,105
4545000,18280.000001889126,-518119.6211926241,298.9323501643157,1.0305541739424844,105
4550000,18300.0000018932,-518238.47790394234,300.95886079955744,1.0291749407786381,105
4555000,18320.000001897275,-518221.60322756367,296.6359950110422,1.0289592947588655,105
4560000,18340.00000190135,-517295.6677747143,300.1339364525579,1.0217563618454009,105
4565000,18360.000001905424,-518759.60008028825,298.8348145422855,1.0287172385443397,105
4570000,18380.0000019095,-516988.48627724685,303.93251942323013,1.0260959159375702,105
4575000,18400.000001913573,-517270.3207709477,302.83226884623474,1.028195043455771,105
4580000,18420.000001917648,-518035.8217386524,301.7051450173174,1.027909871753894,105
4585000,18440.000001921722,-517418.1185898094,301.53824897044274,1.0302027285253634,105
4590000,18460.000001925797,-517751.2318096219,299.60415678920526,1.0243286675273564,105
4595000,18480.00000192987,-517305.4186228735,299.94691751834955,1.0275355464186515,105
4600000,18500.000001933946,-516856.62025486166,302.52555888254113,1.0261260501249445,105
4605000,18520.00000193802,-517310.28793256124,302.86394985133313,1.0218675154378367,105
4610000,18540.000001942095,-518518.15291904216,301.43299162721246,1.0249928572803053,105
4615000,18560.00000194617,-518465.3003086664,300.4128606254307,1.0284261990454737,105
4620000,18580.000001950244,-518325.89204821363,300.897882536442,1.0271384393318699,105
4625000,18600.00000195432,-517451.139647888,300.51186155116056,1.0283945714753937,105
4630000,18620.000001958393,-517019.1402455354,301.2625128243015,1.020222869267546,105
4635000,18640.000001962468,-517224.79392763553,299.955269978186,1.0246335325663631,105
4640000,18660.000001966542,-517891.0944252878,300.7753088306969,1.0212327846955673,105
4645000,18680.000001970617,-517544.432656222,300.2237941446231,1.0276407513227281,105
4650000,18700.00000197469,-518299.9870773682,301.0614166066193,1.02403184073967,105
4655000,18720.000001978766,-517614.1390915287,302.66676197913273,1.0241679022389116,105
4660000,18740.00000198284,-518710.5817278626,303.42975014801766,1.0295054129765817,105
4665000,18760.000001986915,-517978.2864208992,298.4791868586858,1.0266842880921712,105
4670000,18780.00000199099,-517505.62552649877,300.1189640708505,1.0228128379212895,105
4675000,18800.000001995064,-517141.38367283787,298.6131837043897,1.0267021521897792,105
4680000,18820.00000199914,-516998.3747252682,300.6758366217188,1.0269614326053418,105
4685000,18840.000002003213,-516574.201657342,301.32077561992816,1.027101590583639,105
4690000,18860.000002007288,-518427.8028702219,299.90175134563964,1.030009045414551,105
4695000,18880.000002011362,-517277.8193552871,301.3867135067379,1.0289236869447294,105
4700000,18900.000002015437,-518049.6579172895,302.7281899350199,1.0275585787036374,105
4705000,18920.00000201951,-516792.1371706573,302.3225408800942,1.0270436502440163,105
4710000,18940.000002023586,-517722.1384396744,300.53012919177985,1.0266953314662202,105
4715000,18960.00000202766,-517097.1989899734,300.3170497347057,1.026274856972298,105
4720000,18980.000002031735,-515998.7691684358,301.16210804048046,1.0257626826781314,105
4725000,19000.00000203581,-518299.07515890733,300.8601335373786,1.0298022046457105,105
4730000,19020.000002039884,-517108.0395820553,299.30541234004056,1.0275441327212806,105
4735000,19040.00000204396,-517786.2519716469,301.54310683970914,1.0262234154462797,105
4740000,19060.000002048033,-517573.51975814695,301.77935642340907,1.0269729744603784,105
4745000,19080.000002052107,-517265.3102966354,300.791236977258,1.0271172309389058,105
4750000,19100.000002056182,-517831.53219755576,301.85572796512906,1.0264721402076,105
4755000,19120.000002060257,-516750.6978466334,303.595609504877,1.0225749857904591,--
4760000,19140.00000206433,-517262.6268341136,300.6539243174619,1.0301798388553505,106
4765000,19160.000002068406,-518437.88645385206,299.3214480226959,1.0249894447373813,106
4770000,19180.00000207248,-518464.84923945693,300.64349299087536,1.0314146644922046,106
4775000,19200.000002076555,-516621.2856835269,301.66690981126294,1.0231049001290349,106
4780000,19220.00000208063,-518485.3572141947,302.7036534694088,1.0283408228822937,106
4785000,19240.000002084704,-517922.75343557284,303.93497022670954,1.0292237273075655,105
4790000,19260.00000208878,-517444.89492618525,303.0787376314838,1.027133573437871,105
4795000,19280.000002092853,-517636.75158964004,302.04805976342107,1.025491944723842,105
4800000,19300.000002096927,-518331.7188578972,301.5889516864762,1.0237871680450013,105
4805000,19320.000002101002,-517502.62659784127,301.08580153856326,1.0227053576300444,105
4810000,19340.000002105076,-517506.8298029646,299.6565135317681,1.0271592984764513,105
4815000,19360.00000210915,-517933.08598311734,301.834737859066,1.0274139530232242,105
4820000,19380.000002113225,-518454.5470753163,301.4596877699347,1.0253080057796644,105
4825000,19400.0000021173,-517326.9180448223,301.2626828497205,1.0282655215230194,105
4830000,19420.000002121375,-519272.9860454742,302.11641626232836,1.028612044445028,105
4835000,19440.00000212545,-517449.40708556655,303.49666503048815,1.0226319161029684,105
4840000,19460.000002129524,-517437.84884303366,301.66586367511445,1.0241171540215142,105
4845000,19480.000002133598,-517681.13731839205,297.2221959769019,1.0280334960339446,105
4850000,19500.000002137673,-517443.26224916754,299.27227610258586,1.0252409701400869,105
4855000,19520.000002141747,-518925.53596605686,301.5415632272929,1.0257398689875137,105
4860000,19540.00000214582,-517968.6904802588,302.6207593791081,1.0255893137808523,105
4865000,19560.000002149896,-517534.6135796765,299.77470366371625,1.02283604745966,105
4870000,19580.00000215397,-517258.5933487045,301.88077046715125,1.0266657830568573,105
4875000,19600.000002158045,-517300.44428304094,301.3964383828162,1.0280404070346443,105
4880000,19620.00000216212,-516843.4413360234,303.46114260854506,1.0235459902002892,105
4885000,19640.000002166194,-518347.3045597698,304.1603366335799,1.025678015674971,105
4890000,19660.00000217027,-518453.3517487922,298.9545824078374,1.0244705821158824,105
4895000,19680.000002174344,-517254.48214041675,300.1672329945516,1.0254355940291988,105
4900000,19700.000002178418,-518543.213344716,300.5844514566413,1.0291703085328474,105
4905000,19720.000002182493,-517058.8301156871,300.942903148719,1.0290315212679801,105
4910000,19740.000002186567,-517728.1700516816,302.54533850274726,1.02595921544859,105
4915000,19760.00000219064,-518119.1248809821,300.70713581407415,1.0310116689465878,105
4920000,19780.000002194716,-516986.8362291318,299.6932004211839,1.0239514302731338,105
4925000,19800.00000219879,-518185.14241299615,301.4860219639474,1.0248386570034271,105
4930000,19820.000002202865,-516787.2190218612,301.61505806376204,1.0269893381791293,105
4935000,19840.00000220694,-518127.45139976917,300.3972107420865,1.0266366316468538,105
4940000,19860.000002211014,-516270.1036854333,298.01625546856275,1.0243921832553637,105
4945000,19880.00000221509,-517627.4101563622,298.4243602196616,1.0246637192361385,105
4950000,19900.000002219163,-517657.0861184879,302.93196761117997,1.024667667279483,105
4955000,19920.000002223238,-518309.16304072086,300.3889055903454,1.028032307575723,105
4960000,19940.000002227313,-517750.79202950303,299.94948505083966,1.0221204202395857,105
4965000,19960.000002231387,-518228.30087183136,299.04364550622506,1.025631220056494,105
4970000,19980.00000223546,-517288.971541465,299.4582211428121,1.0249063305531312,105
4975000,20000.000002239536,-518641.7943237773,298.9824457011592,1.0277116189284938,105
4980000,20020.00000224361,-518079.0393744332,301.40520522428784,1.0233881450810418,105
4985000,20040.000002247685,-518975.0940209469,302.85931184641873,1.0276169818149001,105
4990000,20060.00000225176,-518668.04704944557,300.61295982603343,1.0243755163245734,105
4995000,20080.000002255834,-519767.3795504656,299.2989217613166,1.0248475521025913,105
5000000,20100.00000225991,-517296.4866251913,302.3061353799292,1.0250122282392387,105
5005000,20120.000002263983,-518625.500657975,302.386249001283,1.0300793166175097,105
5010000,20140.000002268058,-517637.48799292836,299.92986188563754,1.0274351098924006,105
5015000,20160.000002272132,-517473.3079655818,301.6892862045721,1.0258592882668691,105
5020000,20180.000002276207,-518402.1821287335,302.5897467898589,1.0292765553139127,105
5025000,20200.00000228028,-517010.0034718516,302.55213860793475,1.0289153701812552,105
5030000,20220.000002284356,-517921.09806522075,300.523682462378,1.0278873893342684,105
5035000,20240.00000228843,-518227.68283184245,301.00097115267573,1.0286821204396037,105
5040000,20260.000002292505,-518392.3682140731,300.22490982479326,1.0254504744097113,105
5045000,20280.00000229658,-517842.5599826705,301.0613766451781,1.023706724150066,105
5050000,20300.000002300654,-517734.88815050665,299.1694156168951,1.0240879075152374,105
5055000,20320.00000230473,-517807.24948798167,298.4564940227019,1.0266353430610742,105
5060000,20340.000002308803,-517845.26891781366,301.8516364580068,1.028579891407695,105
5065000,20360.000002312878,-518591.51413781405,301.0759645914908,1.0278381215051853,105
5070000,20380.000002316952,-518151.7860824319,299.7045153533367,1.024399659044152,105
5075000,20400.000002321027,-516807.26682783826,301.72553370640156,1.0257401676928923,105
5080000,20420.0000023251,-517814.54731860897,300.75795918293664,1.0197587386571703,105
5085000,20440.000002329176,-518036.11107603414,300.9542917633646,1.028000926063003,105
5090000,20460.00000233325,-518541.14440907096,300.04906358432385,1.0263521908511928,105
5095000,20480.000002337325,-516887.0315466081,300.39132256326246,1.0254427166331785,105
5100000,20500.0000023414,-518557.5965440641,300.906250083225,1.0292585930228466,105
5105000,20520.000002345474,-517700.28135974426,298.2609222923647,1.0231813140511328,105
5110000,20540.00000234955,-517553.88237605616,303.87360408551825,1.0192011317859881,105
5115000,20560.000002353623,-517240.4805630117,300.1326762419746,1.023689539910706,105
5120000,20580.000002357698,-516925.1336660073,300.7661702531836,1.0243497792079475,105
5125000,20600.000002361772,-517957.40119835525,298.88089410488914,1.0258541563570482,105
5130000,20620.000002365847,-517630.7527190568,299.4186219094059,1.0205429715166052,105
5135000,20640.00000236992,-518129.773775497,301.61051041784043,1.0281547399980389,105
5140000,20660.000002373996,-518859.1347879742,303.55618574097434,1.0239018481388498,105
5145000,20680.00000237807,-517920.62057087733,297.9156485539003,1.026838860452885,105
5150000,20700.000002382145,-518312.71015649196,299.82069556140215,1.0265034026975388,105
5155000,20720.00000238622,-518442.85406190227,302.02368532547285,1.0238757755785421,105
5160000,20740.000002390294,-516493.4920544389,302.84018616901267,1.0253632049643961,105
5165000,20760.00000239437,-518367.0461777621,300.91529226343806,1.0301312748991767,105
5170000,20780.000002398443,-518400.983407862,300.0562666197979,1.0264653275306292,105
5175000,20800.000002402518,-518108.7600313779,300.82430120902484,1.0244419574219812,105
5180000,20820.000002406592,-516176.2558065553,302.47468644886675,1.0194690857041655,105
5185000,20840.000002410667,-515434.70742112095,303.8031695193047,1.023647417348523,105
5190000,20860.00000241474,-519078.1032672683,300.62443502900976,1.028914647101578,105
5195000,20880.000002418816,-517953.8205290658,300.82863495706306,1.0277619260138995,105
5200000,20900.00000242289,-517926.42145435465,300.41015652648775,1.0241931895912895,105
5205000,20920.000002426965,-519016.7116888857,301.35978897257206,1.0253858357219339,105
5210000,20940.00000243104,-517503.05466841743,301.05871376344516,1.0287578357795057,105
5215000,20960.000002435114,-516587.5719036083,300.8560626369391,1.0287807744070185,105
5220000,20980.00000243919,-517866.7638558075,299.8399166059199,1.0226759034689454,105
5225000,21000.000002443263,-516643.8944679308,296.75055174704437,1.025946206237348,105
5230000,21020.000002447337,-516671.4183132134,300.2663371442395,1.023813006434798,105
5235000,21040.000002451412,-517280.6201720685,304.62754651897245,1.0226363660436788,105
5240000,21060.000002455487,-517912.81327905064,301.5972929409651,1.024629218697044,105
5245000,21080.00000245956,-517909.3537793127,299.60744903350354,1.031822964189549,105
5250000,21100.000002463636,-517872.26529306546,303.1727785338075,1.0239497567884797,105
5255000,21120.00000246771,-517739.8226634483,300.26849318149823,1.0232644669335145,105
5260000,21140.000002471785,-517863.315634961,301.41616636080016,1.0254347132422459,105
5265000,21160.00000247586,-518885.06171911606,301.11369890161205,1.0298379960445891,105
5270000,21180.000002479934,-518467.10031188745,299.3232619201667,1.0271752833141208,105
5275000,21200.00000248401,-518478.1345135914,303.06296308285226,1.0253849624319022,105
5280000,21220.000002488083,-517379.32327661174,300.8153637110781,1.026910531673342,105
5285000,21240.000002492157,-518355.01921379636,297.5644572169856,1.0271949353735066,105
5290000,21260.000002496232,-517151.3262852973,301.08387848185913,1.0250888235612219,105
5295000,21280.000002500306,-517925.0378706963,300.6758666298142,1.0290045292709384,105
5300000,21300.00000250438,-518163.0621700662,304.46955502207845,1.0264128968619057,105
5305000,21320.000002508456,-517586.34578796476,299.87556943573526,1.0254229417231564,105
5310000,21340.00000251253,-517732.18486591405,300.0036802175514,1.0240714702588163,105
5315000,21360.000002516605,-517660.8028111097,303.1280005507301,1.0263278050195865,105
5320000,21380.00000252068,-517024.2760123806,301.04032662697597,1.03134037651847,105
5325000,21400.000002524754,-517370.3248292983,302.305287924683,1.0240974727023802,105
5330000,21420.00000252883,-518146.40883465786,301.5075570759423,1.023353231336261,105
5335000,21440.000002532903,-516796.39785009366,302.45574265672377,1.023480429565429,105
5340000,21460.000002536977,-517415.91665641824,303.0422500198092,1.0251050543088454,105
5345000,21480.00000254105,-517381.0616386989,304.45386480697823,1.0270321317886089,105
5350000,21500.000002545126,-517795.80881380383,299.2518923060363,1.0277165592150634,105
5355000,21520.0000025492,-518471.2670564668,299.05439372238334,1.0308243160777657,105
5360000,21540.000002553275,-517364.3760560353,303.6969921135355,1.0284097366860072,105
5365000,21560.00000255735,-516843.84396057203,300.12579775546806,1.0253611291313818,105
5370000,21580.000002561424,-517677.7118247908,300.8858059604768,1.025276979345552,105
5375000,21600.0000025655,-517319.2020977675,302.7444828422109,1.0292255267475217,105
5380000,21620.000002569574,-518172.898216262,297.4012781007267,1.0246660766535007,105
5385000,21640.000002573648,-517579.4836047399,300.3986916459534,1.027431473805267,105
5390000,21660.000002577723,-518424.21754822694,302.07999991251063,1.0251766786131045,105
5395000,21680.000002581797,-518284.3753980594,304.53121944143675,1.0269143705141972,105
5400000,21700.00000258587,-516588.14550625207,301.7113931292376,1.0229569403401173,105
5405000,21720.000002589946,-516798.60519032995,300.129107405646,1.0226169861009187,105
5410000,21740.00000259402,-516482.7733016296,303.63147578487434,1.0288662934748654,105
5415000,21760.000002598095,-516672.0386454654,298.4943159259948,1.0230690464869714,105
5420000,21780.00000260217,-518418.57416754216,299.70222125446,1.0290803861750855,105
5425000,21800.000002606244,-517261.65507531865,301.857444819022,1.0262698909072263,105
5430000,21820.00000261032,-517749.97531441017,301.32957304815517,1.0231395650039947,105
5435000,21840.000002614393,-518330.7062990237,300.3448707242323,1.0251997771933785,105
5440000,21860.000002618468,-517170.0739070291,300.15605239871167,1.0282803988592673,105
5445000,21880.000002622543,-518271.032324224,298.256402767995,1.0287693678493652,105
5450000,21900.000002626617,-517906.4436479998,300.0672278942092,1.0255643480662886,105
5455000,21920.00000263069,-517826.3561334871,302.2709316433284,1.027176020844988,105
5460000,21940.000002634766,-517339.9992258351,301.35731470471615,1.0294241604193448,105
5465000,21960.00000263884,-517161.46871832176,300.12663376601495,1.027887525199442,105
5470000,21980.000002642915,-518431.35233838065,298.4249447932096,1.0274849460626088,105
5475000,22000.00000264699,-518247.8556472331,299.2621652683671,1.0257928762794344,105
5480000,22020.000002651064,-518721.04176433384,299.819629281533,1.026695275433888,105
5485000,22040.00000265514,-517878.948835128,300.5706832590403,1.029659524395313,105
5490000,22060.000002659213,-517281.3118149289,297.5119863804948,1.0245012871768404,105
5495000,22080.000002663288,-517526.44910863857,301.5585715934123,1.0242945618019523,105
5500000,22100.000002667362,-518066.3155153841,298.24749469076414,1.0284353080233726,105
5505000,22120.000002671437,-517999.5387742515,300.6344972959688,1.0278496804090707,105
5510000,22140.00000267551,-518334.61158766993,303.7168255113706,1.0252482270527832,105
5515000,22160.000002679586,-517955.31552682444,303.9746406984285,1.0238974583141132,105
5520000,22180.00000268366,-517666.3739251185,300.97039084196956,1.023229937420564,105
5525000,22200.000002687735,-517380.88390677585,301.40053308328487,1.023484276248549,105
5530000,22220.00000269181,-516077.4803792967,302.20871683152507,1.0234157176563292,105
5535000,22240.000002695884,-517241.2877569073,302.3492585750029,1.022341946862061,105
5540000,22260.00000269996,-518668.82634252054,300.27870887969243,1.0248081517087397,105
5545000,22280.000002704033,-518413.93030469026,301.93021752787354,1.0265821032526279,105
5550000,22300.000002708108,-517717.2692212411,302.0879900476174,1.0263604932886639,105
5555000,22320.000002712182,-517829.0379670749,301.8872668984545,1.025095331311617,105
5560000,22340.000002716257,-518062.45268942416,300.9626726097592,1.0276878315475493,105
5565000,22360.00000272033,-518573.2372402109,303.2703190574344,1.02523758604827,105
5570000,22380.000002724406,-518314.22705607954,301.7060432243044,1.0281014467919825,105
5575000,22400.00000272848,-519000.14403958735,301.8697574093628,1.0265749259016668,105
5580000,22420.000002732555,-518497.44129253156,302.47217889653535,1.0264379584128638,105
5585000,22440.00000273663,-518227.06418038043,299.25436573194446,1.0275112615904074,105
5590000,22460.000002740704,-518291.92318141833,300.11437408935564,1.0329424847720117,105
5595000,22480.00000274478,-519750.21916212165,299.7831882164591,1.0244786880647834,105
5600000,22500.000002748853,-518538.1276737051,302.3689902188079,1.0231316866399347,105
5605000,22520.000002752928,-518447.88627891033,300.1806398679608,1.0244687331129274,105
5610000,22540.000002757002,-517416.5881827022,302.1553656272022,1.0264993521093448,105
5615000,22560.000002761077,-518339.8240886668,299.3555857085194,1.0293353006440826,105
5620000,22580.00000276515,-517885.1988327468,301.3606111452401,1.0288452247842466,105
5625000,22600.000002769226,-517969.4730630547,301.6759785792514,1.0259742354368169,105
5630000,22620.0000027733,-516848.196392847,303.2143245734944,1.0253066313737076,105
5635000,22640.000002777375,-518265.1939553905,302.58173713071096,1.026111816226756,105
5640000,22660.00000278145,-518556.1525318788,299.6796504210333,1.0305241445963882,105
5645000,22680.000002785524,-518367.43289335095,299.2953786634798,1.0263416064123956,105
5650000,22700.0000027896,-518338.6610492226,300.9776217703658,1.026669348587664,105
5655000,22720.000002793673,-518907.9362077394,301.0734671940697,1.026672859681196,105
5660000,22740.000002797748,-517754.8104525213,303.63745709950615,1.0275177517034761,105
5665000,22760.000002801822,-516656.6869507781,297.786074639101,1.0239099478422087,105
5670000,22780.000002805897,-517497.26862764964,301.3602321955696,1.027862680308133,105
5675000,22800.00000280997,-518537.10384291434,300.8632869702978,1.0270271114140228,105
5680000,22820.000002814046,-517491.31305925036,298.8108309957347,1.027201564880856,105
5685000,22840.00000281812,-518386.7088534278,300.5680031393105,1.0271666914712125,105
5690000,22860.000002822195,-517190.0172453546,299.18793045990185,1.0247692468817229,105
5695000,22880.00000282627,-517852.7039241863,301.7260530207299,1.0243245316835465,105
5700000,22900.000002830344,-516834.93213541526,302.8259183291138,1.0233997883660633,105
5705000,22920.00000283442,-518257.65014701476,301.7960612117467,1.0274930070199115,105
5710000,22940.000002838493,-517783.4247420414,301.45497822861347,1.0293110170569246,105
5715000,22960.000002842567,-517105.5070673453,300.2876199521829,1.024219258582601,105
5720000,22980.000002846642,-517640.7010442824,300.9032883239386,1.0234324213891854,105
5725000,23000.000002850717,-518548.9659914833,300.58747649401334,1.0248538390749207,105
5730000,23020.00000285479,-517663.9848050107,301.60316459685805,1.0241464617626537,105
5735000,23040.000002858866,-517558.48454977316,300.7316005322489,1.024520276955571,105
5740000,23060.00000286294,-516828.81443817285,300.6285114201583,1.024031082623497,105
5745000,23080.000002867015,-517371.9217292669,300.130264201215,1.0238840762022585,105
5750000,23100.00000287109,-518182.7510772776,303.91483722811535,1.0280320414712065,105
5755000,23120.000002875164,-518547.0721555785,298.28050231728224,1.0308024130520468,105
5760000,23140.00000287924,-517664.9865039615,301.30061257084657,1.0299935959315867,105
5765000,23160.000002883313,-517788.8496823106,298.29999612397893,1.0267930111585382,105
5770000,23180.000002887387,-518001.8600678933,298.6679469620492,1.0279281652499128,105
5775000,23200.000002891462,-517477.75572313904,301.41795534396607,1.0278950356443146,105
5780000,23220.000002895536,-518824.3159549809,301.33537508873303,1.0227159680995874,105
5785000,23240.00000289961,-517643.07027690345,298.3119095076424,1.0275496142052791,105
5790000,23260.000002903686,-518270.9438146739,300.3853804382715,1.0292848743579832,105
5795000,23280.00000290776,-516187.7591774508,302.43912153622205,1.0191818083635589,105
5800000,23300.000002911835,-516991.4829970817,299.59527541896426,1.0234924499955371,105
5805000,23320.00000291591,-516833.48465307127,301.54364214350926,1.0272853199342566,105
5810000,23340.000002919984,-517972.34073545085,298.97365285477974,1.0212076205136977,105
5815000,23360.00000292406,-516648.2797274075,302.09978936663754,1.0243805530702919,105
5820000,23380.000002928133,-517303.38682047674,301.85709070764,1.0216588962427757,105
5825000,23400.000002932207,-517646.544897401,299.28563332190214,1.0256591599130758,105
5830000,23420.00000293628,-517907.6612797084,300.9566693129674,1.0284582900701174,105
5835000,23440.000002940356,-518173.7833903795,302.1480097167324,1.0247741212824182,105
5840000,23460.00000294443,-517903.4676279763,301.1702742401955,1.016324614771699,105
5845000,23480.000002948505,-517006.67477178364,302.9746503136553,1.025266794486781,105
5850000,23500.00000295258,-517787.66062436346,303.06170486916545,1.0266417262342569,105
5855000,23520.000002956654,-517333.53347866307,301.83404853269445,1.0271739254214092,105
5860000,23540.00000296073,-516231.19484053506,301.572629309432,1.0221947776686406,105
5865000,23560.000002964804,-517838.36141215404,301.2983023829697,1.0260642031572802,105
5870000,23580.000002968878,-518206.07795972354,300.6916510358368,1.024627317057761,105
5875000,23600.000002972953,-517652.178892181,299.7796020490367,1.0239668877262145,105
5880000,23620.000002977027,-517161.89653007686,299.577956412862,1.0254769800969314,105
5885000,23640.0000029811,-517742.36838038545,301.28042057988165,1.0265758520413333,105
5890000,23660.000002985176,-517244.8249844748,301.03083141097756,1.0212623649321553,105
5895000,23680.00000298925,-518981.1034629387,301.739689026995,1.0310879470360734,105
5900000,23700.000002993325,-518547.07076108037,302.3722511152153,1.025857090289401,105
5905000,23720.0000029974,-517368.8934871333,298.8380834019027,1.022675978208285,105
5910000,23740.000003001474,-516642.306869471,299.92502761177866,1.0272570515812631,105
5915000,23760.00000300555,-518807.1942829001,301.01737884021384,1.0259448526557293,105
5920000,23780.000003009623,-519054.97572326893,300.18887729423693,1.026952027445303,105
5925000,23800.000003013698,-517841.79495703103,297.6680214847153,1.0257724206320604,105
5930000,23820.000003017773,-517453.47500867024,301.66213648214415,1.0232034994935284,105
5935000,23840.000003021847,-517744.871795974,299.595660181721,1.0265948320262086,105
5940000,23860.00000302592,-516869.6369453978,301.05849898187006,1.0232165826139392,105
5945000,23880.000003029996,-518393.0842615389,299.58443854487604,1.0249557125518773,105
5950000,23900.00000303407,-518708.14339256217,299.42461866013537,1.0325316840763026,105
5955000,23920.000003038145,-518047.19772820733,300.90034666572774,1.0223831678188415,105
5960000,23940.00000304222,-517538.2907350813,299.96345552781577,1.0229104219053269,105
5965000,23960.000003046294,-518730.9426044803,300.6508458177066,1.0294230575451375,105
5970000,23980.00000305037,-517821.4406932879,300.8991896541974,1.0238110192619623,105
5975000,24000.000003054443,-516914.25779322,302.9019767259938,1.0280948879061769,105
5980000,24020.000003058518,-518353.00876992405,300.8566011603966,1.028982836055392,105
5985000,24040.000003062592,-519178.2756139254,302.26409753763414,1.0260762494834,105
5990000,24060.000003066667,-517380.3066351386,300.2245177720012,1.024817682093338,105
5995000,24080.00000307074,-518105.8420837212,299.3844807781804,1.0223016977351143,105
6000000,24100.000003074816,-517365.42221674114,302.207174279437,1.0234276528668025,105
6005000,24120.00000307889,-519146.0370808169,300.10418223859745,1.0276194874700753,105
6010000,24140.000003082965,-518184.63327493076,303.85938042267406,1.025134934563625,105
6015000,24160.00000308704,-517490.1165295895,298.5571985197843,1.0260761012147752,105
6020000,24180.000003091114,-517213.20846338826,299.69589641948266,1.0233128343692122,105
6025000,24200.00000309519,-517634.1567893862,300.19197392187976,1.029306914230508,105
6030000,24220.000003099263,-517929.1010554861,299.83550642820654,1.025382095705734,105
6035000,24240.000003103338,-516826.4353492805,302.95922621567104,1.0269276929104114,105
6040000,24260.000003107412,-518241.7849801462,298.3176925386735,1.0276231966082998,105
6045000,24280.000003111487,-517801.9215708822,300.92603095303764,1.0259611155790893,105
6050000,24300.00000311556,-518260.9532130726,302.1625784611753,1.0236386769732366,105
6055000,24320.000003119636,-519029.3352805427,301.63574232545284,1.0300140061278438,105
6060000,24340.00000312371,-518430.59128736914,299.91222462572586,1.0263786664677403,105
6065000,24360.000003127785,-518220.1427172357,299.6424356490533,1.0263373545393073,105
6070000,24380.00000313186,-517496.0269011648,298.9201757619922,1.022181608077564,105
6075000,24400.000003135934,-517434.00129856705,299.07538123191824,1.0249594625432865,105
6080000,24420.00000314001,-516622.2248426492,302.1385524703721,1.0266023400785982,105
6085000,24440.000003144083,-517733.83060277114,301.35532353879705,1.0259366268882055,105
6090000,24460.000003148158,-516945.82864985755,300.32513799760943,1.0251834063714143,105
6095000,24480.000003152232,-518610.60164520424,300.8036458826399,1.030996028601672,105
6100000,24500.000003156307,-517668.78571529617,301.45904680384484,1.02567761091077,105
6105000,24520.00000316038,-518155.3710868405,302.319931711139,1.0325971821349498,105
6110000,24540.000003164456,-519445.88041782915,301.16302461120017,1.0268264302493573,105
6115000,24560.00000316853,-517575.56966108666,300.85055665381594,1.0248960497880277,105
6120000,24580.000003172605,-519193.3846658624,301.1961734493912,1.025924998826491,105
6125000,24600.00000317668,-517328.77384826937,302.5725518380882,1.026202897325372,105
6130000,24620.000003180754,-517509.55442114547,301.03330693120046,1.0267063051473773,105
6135000,24640.00000318483,-517932.2685364713,299.1936959368882,1.0270387153997624,105
6140000,24660.000003188903,-517314.67647760105,299.41888412784897,1.0215472540223767,105
6145000,24680.000003192978,-518728.65150607773,302.11987947584157,1.0275505278864367,105
6150000,24700.000003197052,-517409.1112391148,300.48731582061026,1.0247872076845066,105
6155000,24720.000003201127,-517482.16895976686,301.5539764622425,1.0293043792648235,105
6160000,24740.0000032052,-518176.13806075044,298.9956632760325,1.0280178323688927,105
6165000,24760.000003209276,-515957.62538234796,299.22349877608224,1.022237893483116,105
6170000,24780.00000321335,-517586.362655947,300.28788636638217,1.0250561021336695,105
6175000,24800.000003217425,-517492.9200499605,302.80147882543133,1.026734925957204,105
6180000,24820.0000032215,-516702.3119741585,304.0592492388646,1.0264327289773558,105
6185000,24840.000003225574,-517892.43124473677,299.9095786861926,1.0276778019881132,105
6190000,24860.00000322965,-517402.80079779844,302.36671072310395,1.027286158607254,105
6195000,24880.000003233723,-517224.9887556033,300.7456848669144,1.0276042985481963,105
6200000,24900.000003237798,-515898.7187237975,302.05871971187923,1.0222119452918503,105
6205000,24920.000003241872,-517729.1511116121,301.85422758417747,1.0225879132562163,105
6210000,24940.000003245947,-517013.1114506491,302.4137519993412,1.026766853633253,105
6215000,24960.00000325002,-516674.120363066,300.8249292504613,1.0216957459982026,105
6220000,24980.000003254096,-517246.6135209771,303.2860384173868,1.0225130202789674,105
6225000,25000.00000325817,-518172.29213122604,303.0484679649772,1.0241190366198376,105
6230000,25020.000003262245,-518378.2891788094,299.6369529298753,1.0249960800063218,105
6235000,25040.00000326632,-518996.90521256113,301.01456499738697,1.026619893991297,105
6240000,25060.000003270394,-517529.61404234986,302.3665885282526,1.0247050892123808,105
6245000,25080.00000327447,-517230.0398429567,297.20113353872136,1.0237784713323503,105
6250000,25100.000003278543,-517158.1609681584,299.5463279131666,1.0275603322077924,105
6255000,25120.000003282617,-519351.1753462537,301.2541265766403,1.028665931915202,105
6260000,25140.000003286692,-517736.4957643184,299.7766907611865,1.024644365906157,105
6265000,25160.000003290766,-517403.9961809551,298.83411430764465,1.0271652377859182,105
6270000,25180.00000329484,-517252.2758660568,299.13621553260987,1.025771503948717,105
6275000,25200.000003298916,-517137.5331797353,300.884577502468,1.0241478485492146,105
6280000,25220.00000330299,-517641.3840409373,301.7606395280981,1.024237742938051,105
6285000,25240.000003307065,-517789.58151016897,298.1335470786937,1.025554818098799,105
6290000,25260.00000331114,-517365.8578879463,300.955100861902,1.0243992495025835,105
6295000,25280.000003315214,-517339.62740276055,299.9644198603182,1.0241230266529036,105
6300000,25300.00000331929,-517871.8464903983,303.73387467071257,1.0305958022303225,105
6305000,25320.000003323363,-518394.21671303594,301.91437857551364,1.0271684617457046,105
6310000,25340.000003327437,-518918.038685543,299.1114472284882,1.029738463259979,105
6315000,25360.000003331512,-517170.93567308364,299.9640348850561,1.0294226382215887,105
6320000,25380.000003335586,-517563.47752467915,301.8244969568497,1.028625623242754,105
6325000,25400.00000333966,-518374.0053991352,302.84848389466197,1.0270417647250805,105
6330000,25420.000003343735,-518274.33727657073,299.7338580854639,1.0285849031290653,105
6335000,25440.00000334781,-516777.28325419757,300.6550567770921,1.0252864281832343,105
6340000,25460.000003351885,-518554.7944527569,301.93021501865167,1.0286923126359306,105
6345000,25480.00000335596,-515646.6000090807,300.6170534514362,1.0198399541335694,105
6350000,25500.000003360034,-518577.29339137184,302.2930043857025,1.0249105071854583,105
6355000,25520.000003364108,-518025.4400218427,300.6641191163387,1.0270924465566251,105
6360000,25540.000003368183,-518429.3236739659,300.5846896615643,1.0227002569611987,105
6365000,25560.000003372257,-516696.0194633291,303.5652751522816,1.023945298131473,105
6370000,25580.00000337633,-517377.80911814026,301.647955666694,1.022714620635916,105
6375000,25600.000003380406,-519586.9828270003,303.0083760201144,1.027875315657177,105
6380000,25620.00000338448,-517713.6040382206,299.90055681415043,1.025038228504407,--
6385000,25640.000003388555,-517171.579487487,301.6568686127489,1.0218739017389198,107
6390000,25660.00000339263,-518642.68244441436,301.91775005237645,1.0260612477464652,106
6395000,25680.000003396704,-517233.7780187491,301.2257724843221,1.0281673579531323,106
6400000,25700.00000340078,-517981.925257504,300.3009045462194,1.026163205091588,106
6405000,25720.000003404853,-517358.3356679627,300.4552945327352,1.0258540690940297,106
6410000,25740.000003408928,-518505.83742575254,298.85515855625835,1.0320425220034901,106
6415000,25760.000003413003,-518382.5830629475,301.99087033671066,1.0268229659215304,106
6420000,25780.000003417077,-518624.2693928075,302.1789254448501,1.0248221312586925,105
6425000,25800.00000342115,-516455.4852083903,300.29222958276483,1.025590991573683,105
6430000,25820.000003425226,-518855.4855300714,301.1449492419272,1.0297078561002941,105
6435000,25840.0000034293,-517753.25065260683,301.0150163726533,1.0253276366162218,105
6440000,25860.000003433375,-517313.6447380001,300.3947892139474,1.0244184510067038,105
6445000,25880.00000343745,-518220.58502018754,302.3626925523669,1.0258712842397233,105
6450000,25900.000003441524,-518246.2591278518,302.0163468900304,1.0235913282286027,105
6455000,25920.0000034456,-518875.5506043008,301.1138069867303,1.0293977470041085,105
6460000,25940.000003449673,-517512.561782205,302.61423170718416,1.0244266142429288,105
6465000,25960.000003453748,-518239.59540841775,302.70602373442796,1.0261877808624404,105
6470000,25980.000003457822,-518013.8343479417,298.72046188973513,1.026350464601074,105
6475000,26000.000003461897,-518392.645887468,302.8616071161296,1.0287890935072044,105
6480000,26020.00000346597,-517717.75531964586,302.50716895396073,1.023661832380252,105
6485000,26040.000003470046,-517761.9368765955,301.7413306277049,1.0287944153315796,105
6490000,26060.00000347412,-518233.70382549125,302.49124754365397,1.0251748678213854,105
6495000,26080.000003478195,-517287.1960284796,300.9916819503256,1.0250159809048462,105
6500000,26100.00000348227,-518174.62804246554,300.8238811156835,1.026950169145086,105
6505000,26120.000003486344,-519661.7178317001,298.66592093116213,1.0271840646486183,105
6510000,26140.00000349042,-518920.58297977946,299.19000194146,1.0268728417733404,105
6515000,26160.000003494493,-518238.94844221044,304.9779679857116,1.0294458381253768,105
6520000,26180.000003498568,-516859.7080446936,301.950308859666,1.02441714805126,105
6525000,26200.000003502642,-517558.0925924743,299.7789554487711,1.0248500418397901,105
6530000,26220.000003506717,-518587.4824357978,299.19821529646197,1.0230697396656865,105
6535000,26240.00000351079,-517442.2941753578,300.6822989124429,1.022188125124009,105
6540000,26260.000003514866,-518671.58045438305,300.6094585119624,1.0213033725931915,105
6545000,26280.00000351894,-517733.0907636571,301.6423583351875,1.0266099621498568,105
6550000,26300.000003523015,-518846.7186237974,298.30192378930894,1.0237351206748158,105
6555000,26320.00000352709,-517141.34146221215,301.6335091478993,1.0226883637719153,105
6560000,26340.000003531164,-518317.1495438493,298.74665999138114,1.0253193013673483,105
6565000,26360.00000353524,-519132.73769114306,299.7818509568419,1.02218312550023,105
6570000,26380.000003539313,-518361.5930123539,300.91786763556075,1.031317070395209,105
6575000,26400.000003543388,-518486.73261984414,300.2678575152828,1.0325663904853242,105
6580000,26420.000003547462,-518245.66794429836,299.0739922602016,1.024777710809314,105
6585000,26440.000003551537,-515010.58192737773,299.204348128549,1.0182990649032975,105
6590000,26460.00000355561,-518151.2472653368,298.35593091922703,1.0297418159641005,105
6595000,26480.000003559686,-518110.1887267721,302.7048068729432,1.023090230728429,105
6600000,26500.00000356376,-517928.9403876341,299.33530070683946,1.0242559792911365,105
6605000,26520.000003567835,-518243.64561298164,300.21963568994704,1.0280987932120718,105
6610000,26540.00000357191,-518028.50502960826,300.54539529598964,1.0264002535367136,105
6615000,26560.000003575984,-517957.99391732784,302.5556855901203,1.0262580114278097,105
6620000,26580.00000358006,-519042.7821824511,301.9563677097937,1.0277435533296824,105
6625000,26600.000003584133,-519292.85997127136,302.9635051890134,1.0285195171775465,105
6630000,26620.000003588208,-516659.65950979735,301.0098277786183,1.0245219098384961,105
6635000,26640.000003592282,-518382.14571878174,301.83126807323606,1.0273093024739455,105
6640000,26660.000003596357,-516757.20735634444,303.450897166233,1.023833285315315,105
6645000,26680.00000360043,-517853.1928136165,301.92973103567647,1.0238608090734433,105
6650000,26700.000003604506,-518564.063397554,300.34961622319406,1.0298224458096679,105
6655000,26720.00000360858,-518215.3082299058,299.0999957061516,1.0250940333937948,105
6660000,26740.000003612655,-518356.9824164114,300.2196848853039,1.0281574392282133,105
6665000,26760.00000361673,-518011.0980723065,301.97900462877624,1.0229078909768483,105
6670000,26780.000003620804,-516888.2150103296,300.76937711521776,1.027030858632292,105
6675000,26800.00000362488,-519145.4229869796,300.90514467773806,1.0291685490437876,105
6680000,26820.000003628953,-517939.35380353685,299.8007873356627,1.0265348063844768,105
6685000,26840.000003633028,-517621.19352694415,301.56820784199374,1.0272142001559816,105
6690000,26860.000003637102,-517105.36567567475,301.61867153899055,1.0268723683961893,105
6695000,26880.000003641177,-517827.3163844391,303.75859403533184,1.0287974720718864,105
6700000,26900.00000364525,-518003.9041263673,300.67171503146665,1.0256464740319533,105
6705000,26920.000003649326,-518706.08634570707,300.67824756573754,1.0246469561812586,105
6710000,26940.0000036534,-517868.72053658194,299.2109003903659,1.0288402979564852,105
6715000,26960.000003657475,-516941.5295839256,302.88999271557736,1.0251791132503498,105
6720000,26980.00000366155,-518846.0752922024,301.53836087309173,1.0280555742960227,105
6725000,27000.000003665624,-517702.8593382109,301.73262969495386,1.0295619348679999,105
6730000,27020.0000036697,-517689.702136385,299.7145184615735,1.0276450194126898,105
6735000,27040.000003673773,-518296.6190858125,299.6741869960853,1.0292526296928632,105
6740000,27060.000003677847,-518041.5220191374,303.95766094801706,1.027211866931232,105
6745000,27080.000003681922,-518058.56905259937,302.9859090975306,1.0264237582951978,105
6750000,27100.000003685996,-518376.52203011233,298.6223782510371,1.0258870900692851,105
6755000,27120.00000369007,-519469.7729119188,298.8162946701386,1.029453622494627,105
6760000,27140.000003694146,-517216.8231774387,298.4490728806945,1.0252455040713675,105
6765000,27160.00000369822,-516953.50068776147,299.9296265554324,1.02189438425918,105
6770000,27180.000003702295,-518609.2878041074,300.86920610074,1.0249584486925063,105
6775000,27200.00000370637,-517677.9631171846,299.4634114962774,1.0271226234191673,105
6780000,27220.000003710444,-516556.8421035956,304.5374242531657,1.019299416038881,105
6785000,27240.00000371452,-517773.0610376075,301.9628001609904,1.026475795584095,105
6790000,27260.000003718593,-518180.83176507126,297.6285072629188,1.021833398430655,105
6795000,27280.000003722667,-518036.51683367253,301.29491487664563,1.026863499084604,105
6800000,27300.000003726742,-518204.94084922015,300.95769579775873,1.024876116568266,105
6805000,27320.000003730816,-518366.8164665799,301.9810244557782,1.026423336915536,105
6810000,27340.00000373489,-519137.3973983133,302.2796390488654,1.021612944381238,105
6815000,27360.000003738965,-517246.2981559471,301.29181553914543,1.0210359694710052,105
6820000,27380.00000374304,-517740.55814686464,300.84105484579345,1.026286285434686,105
6825000,27400.000003747115,-517535.90881635156,300.7931002194991,1.0257297632596651,105
6830000,27420.00000375119,-517033.9212850225,299.7575403842991,1.0236377497875955,105
6835000,27440.000003755264,-518399.8314564086,299.4971729466029,1.0300633513706858,105
6840000,27460.000003759338,-516972.40609801235,301.8080672991609,1.0231379381434542,105
6845000,27480.000003763413,-517299.7057056951,303.0635311562555,1.0237346675824879,105
6850000,27500.000003767487,-516159.19316776865,301.37624029274946,1.0225733106342452,105
6855000,27520.00000377156,-517089.2305695042,300.3451988633934,1.0213879224671465,105
6860000,27540.000003775636,-519339.28270863625,300.04645744987,1.0278044338447347,105
6865000,27560.00000377971,-518391.48861502204,298.5015611766827,1.0305765070524886,105
6870000,27580.000003783785,-516798.40975624067,301.66187149165864,1.0230048986311515,105
6875000,27600.00000378786,-518000.8534961599,300.23904389687004,1.0259814786704222,105
6880000,27620.000003791934,-518227.80085970415,300.735532655115,1.025024166540266,105
6885000,27640.00000379601,-518910.11595567013,300.67431934692337,1.0259127268035346,105
6890000,27660.000003800084,-518199.97754839645,303.1593146219721,1.0296099711048456,105
6895000,27680.000003804158,-518686.60880855215,299.2305941603866,1.021784525081273,105
6900000,27700.000003808233,-517477.4228367142,301.03157821396945,1.0267319739113296,105
6905000,27720.000003812307,-516110.03847124195,301.3938843261023,1.0211826415388625,105
6910000,27740.00000381638,-517941.4359125162,300.05901481413775,1.0279553290990169,105
6915000,27760.000003820456,-518562.13308927324,298.9661965296205,1.0287900780281198,105
6920000,27780.00000382453,-518064.36709617614,299.52134446223977,1.0287717788244637,105
6925000,27800.000003828605,-517751.4979789301,300.8469168069778,1.027155460672622,105
6930000,27820.00000383268,-517127.49251792603,300.77087886501164,1.0239627745571755,105
6935000,27840.000003836754,-518273.37573336554,301.85381194674557,1.0315368897815131,105
6940000,27860.00000384083,-517983.17869444913,300.1054672817853,1.0248128093931375,105
6945000,27880.000003844903,-516902.5399555275,301.55975280276937,1.026478383617153,105
6950000,27900.000003848978,-517830.6394355465,299.3400545234572,1.0238129553204505,105
6955000,27920.000003853052,-516976.64306647074,299.9289242255019,1.0217852958059084,105
6960000,27940.000003857127,-517218.36139990203,302.9532621593832,1.0248029378620556,105
6965000,27960.0000038612,-519282.30111622345,302.7023042765034,1.0242822576132005,105
6970000,27980.000003865276,-518507.4094561711,298.5158567376909,1.0271968759193313,105
6975000,28000.00000386935,-517337.6800073148,297.14239234794644,1.0264348285115927,105
6980000,28020.000003873425,-518929.8392115056,302.19543996623497,1.028513658982888,105
6985000,28040.0000038775,-517843.63649862935,301.4440160904244,1.0241863903224888,105
6990000,28060.000003881574,-518402.4804258945,302.09644044091647,1.0273536580314644,105
6995000,28080.00000388565,-518727.9885836346,300.3090770675108,1.0287322168009938,105
7000000,28100.000003889723,-518415.79713046737,298.62046864521767,1.0295353758102856,105
7005000,28120.000003893798,-517832.9453979959,301.913727422316,1.0321788619983276,105
7010000,28140.000003897872,-517330.21016340144,304.0724104562576,1.031145818775135,105
7015000,28160.000003901947,-518568.50230385317,299.6572579903081,1.0257933647317041,105
7020000,28180.00000390602,-517129.7034774611,301.9529003594829,1.0231955819325806,105
7025000,28200.000003910096,-518221.42284020386,300.32062839401596,1.0263565817106115,105
7030000,28220.00000391417,-517382.2063552218,301.8827151312925,1.0263666075134457,105
7035000,28240.000003918245,-517396.9424700246,299.71214757820144,1.0307010390593456,105
7040000,28260.00000392232,-516555.43670431897,301.94535089170677,1.025388272486682,105
7045000,28280.000003926394,-517306.1511112896,299.9261458763243,1.0300049027517977,105
7050000,28300.00000393047,-518399.4069101552,300.1821808201894,1.0232327626227882,105
7055000,28320.000003934543,-518555.98992567975,303.19253422575764,1.0275495114883049,105
7060000,28340.000003938618,-516139.81179734645,300.69894969319876,1.0241118938546707,105
7065000,28360.000003942692,-517978.68358782073,301.1732104485145,1.0260192216852397,105
7070000,28380.000003946767,-519057.1538745798,300.78598097533524,1.027297546303883,105
7075000,28400.00000395084,-519082.03623657534,302.27516661630875,1.0242524688361587,105
7080000,28420.000003954916,-517383.0377364869,302.8782355001176,1.0237694504197032,105
7085000,28440.00000395899,-517555.64282099926,300.9160509225057,1.0249940326900981,105
7090000,28460.000003963065,-517662.63523861975,301.238211426777,1.0265435657221857,105
7095000,28480.00000396714,-516189.59494896233,300.3718154646667,1.0233633724990447,105
7100000,28500.000003971214,-518501.5950155044,299.8060572752883,1.0279559977833412,105
7105000,28520.00000397529,-517987.71859894134,299.991856803781,1.0229621302393035,105
7110000,28540.000003979363,-517400.83746883203,302.5214774867368,1.025214961712798,105
7115000,28560.000003983438,-517842.5718264959,301.0825344537499,1.0206028529609301,105
7120000,28580.000003987512,-517709.5670216356,299.3688506298089,1.0285608469215861,105
7125000,28600.000003991587,-517464.4986540219,299.0258468115286,1.0199631593227456,105
7130000,28620.00000399566,-517908.31001934153,302.3422667705188,1.029248946380626,105
7135000,28640.000003999736,-517426.5350058549,300.13144000377935,1.0228144275376543,105
7140000,28660.00000400381,-518122.3169947867,300.66846951068726,1.0274502970774384,105
7145000,28680.000004007885,-518976.25630431715,297.7201771585418,1.0237293747969547,105
7150000,28700.00000401196,-517277.22742147185,301.7855615452102,1.0243015973933645,105
7155000,28720.000004016034,-517960.8817642827,299.7163551360995,1.025579333819604,105
7160000,28740.00000402011,-517498.15881975554,298.99557732593235,1.0245946803130916,105
7165000,28760.000004024183,-518703.3168489309,300.4319262710519,1.0245878288721344,105
7170000,28780.000004028258,-517145.17822920973,300.3393666211519,1.0233732512024791,105
7175000,28800.000004032332,-517737.40446105204,300.64933107233236,1.0269195708663712,105
7180000,28820.000004036407,-518678.8210372827,301.4741253892494,1.0279984467682735,105
7185000,28840.00000404048,-517780.0043942614,299.97401200855734,1.0216215433771518,105
7190000,28860.000004044556,-519907.5249639505,299.60720481667175,1.0295939603802102,105
7195000,28880.00000404863,-519348.52959603467,300.0954365443407,1.026700133507521,105
7200000,28900.000004052705,-518862.5411005486,301.71312872039294,1.02778437296572,105
7205000,28920.00000405678,-519145.587611791,298.530780197458,1.0269568052285596,105
7210000,28940.000004060854,-518589.8600292718,300.7062128805847,1.0283078687811418,105
7215000,28960.00000406493,-518008.6218135266,300.55896506215345,1.0301268994369877,105
7220000,28980.000004069003,-518049.897113394,303.6582280518633,1.025531757642402,105
7225000,29000.000004073077,-517224.47913934686,304.038356495216,1.0244370941858634,105
7230000,29020.000004077152,-516713.78183682077,305.64285729811127,1.026115178619271,105
7235000,29040.000004081227,-516748.9361814512,300.05677060212133,1.021202650489946,105
7240000,29060.0000040853,-517634.0679196422,300.87313529264935,1.0231815068886974,105
7245000,29080.000004089376,-517418.7314702715,301.8875262560304,1.0261262451744138,105
7250000,29100.00000409345,-518694.25053220615,302.1718032914837,1.0268240253873495,105
7255000,29120.000004097525,-518088.4490042506,301.41145090434435,1.0248319049472085,105
7260000,29140.0000041016,-517395.3258932573,302.12328561695927,1.026899881818466,105
7265000,29160.000004105674,-518061.66669017426,298.8683119726827,1.0291435536609643,105
7270000,29180.00000410975,-517680.1292798375,300.49084757584336,1.0247472388980159,105
7275000,29200.000004113823,-516818.7452692238,300.4403979228941,1.023697466189967,105
7280000,29220.000004117897,-519227.29064264963,299.31033332176906,1.0310153519382796,105
7285000,29240.000004121972,-518421.99084872287,303.14426519812616,1.0275907594687195,105
7290000,29260.000004126046,-518090.42269979627,302.02888063900633,1.0298925029062347,105
7295000,29280.00000413012,-516937.65026262077,300.8588021124104,1.029515100519552,105
7300000,29300.000004134195,-517236.5395141342,302.2833629422908,1.0281207672184185,105
7305000,29320.00000413827,-517099.1222404258,302.06105544326135,1.0276849872793934,105
7310000,29340.000004142345,-517840.7255869843,298.80917288663954,1.0283656544003612,105
7315000,29360.00000414642,-517588.0482596217,300.32192412847866,1.0256900398075537,105
7320000,29380.000004150494,-518480.01803914434,300.14151318455725,1.0244457700267915,105
7325000,29400.000004154568,-518128.4720926713,299.52134448578255,1.0273589886847088,105
7330000,29420.000004158643,-518097.1910917924,299.8517853924436,1.0296113752173905,105
7335000,29440.000004162717,-518296.6102825345,302.9186263161596,1.02548212589895,105
7340000,29460.00000416679,-518204.4005349539,299.13003556824896,1.023075246908413,105
7345000,29480.000004170866,-517460.84238028876,302.2498188424028,1.024207571532333,105
7350000,29500.00000417494,-517016.95669015194,301.28994169312597,1.024951559300906,105
7355000,29520.000004179015,-516681.9455500501,302.38659916121594,1.0218558901850952,105
7360000,29540.00000418309,-517394.0050176182,303.91193832712895,1.0228790944996085,105
7365000,29560.000004187164,-517543.47865779744,297.82364580354977,1.027788233886539,105
7370000,29580.00000419124,-517443.995519439,303.67303047905335,1.026231544556776,105
7375000,29600.000004195314,-517539.3740232121,301.6108659374747,1.0275673268344314,105
7380000,29620.000004199388,-517379.30914791604,301.7845101077759,1.023503794562426,105
7385000,29640.000004203463,-518457.7747810199,300.7721952219285,1.0266617267714704,105
7390000,29660.000004207537,-517754.052937014,299.8553507056281,1.0286608265915218,105
7395000,29680.00000421161,-518589.24871825613,302.67492185968297,1.019721706479786,105
7400000,29700.000004215686,-518152.3480987309,299.72774224256,1.0257103735144986,105
7405000,29720.00000421976,-518500.4018713087,299.09684793100485,1.0251721595552565,105
7410000,29740.000004223835,-519671.63155578915,301.4603878044643,1.0292885255593962,105
7415000,29760.00000422791,-517725.43197945785,300.2016975781204,1.0286020467219419,105
7420000,29780.000004231984,-516502.6144468654,299.4163125978165,1.0240588534736095,105
7425000,29800.00000423606,-517723.19959773635,300.9929041628999,1.021402273564272,105
7430000,29820.000004240133,-518150.6900112962,298.8422701948048,1.026414904312773,105
7435000,29840.000004244208,-517753.6484269728,301.7867676263391,1.024860502136242,105
7440000,29860.000004248282,-516249.76599596953,302.7219719987046,1.021610793883424,105
7445000,29880.000004252357,-518446.5319821853,299.41119338595587,1.0235195635377188,105
7450000,29900.00000425643,-518459.76477225986,301.4546175282895,1.0294136175730428,105
7455000,29920.000004260506,-517295.89592497516,299.8055030447756,1.027056244114701,105
7460000,29940.00000426458,-518183.1962967168,301.12719606073466,1.0285978306052117,105
7465000,29960.000004268655,-517485.8147182793,300.3104615783298,1.0213446739802585,105
7470000,29980.00000427273,-517333.10580152925,302.5010977864962,1.0232705943638243,105
7475000,30000.000004276804,-518655.7203914637,301.5300085471152,1.0240932849838875,105
7480000,30020.00000428088,-517244.05237163766,300.38494113157,1.0247421301528579,105
7485000,30040.000004284953,-518243.1900579706,300.95195524475764,1.028192106273136,105
7490000,30060.000004289028,-517847.3275507528,302.13412790447984,1.0293318411009296,105
7495000,30080.000004293102,-517445.1357309967,301.17673538181924,1.0268735994352027,105
7500000,30100.000004297177,-517192.7481535431,301.5851941282063,1.0254762325616802,105
7505000,30120.00000430125,-517679.7947445945,300.57040712017505,1.0270970154484047,105
7510000,30140.000004305326,-516842.9356043616,301.2621966228717,1.026487913908544,105
7515000,30160.0000043094,-516945.70463913656,301.15918976513274,1.0224129463083307,105
7520000,30180.000004313475,-517629.5575926984,301.9284970084826,1.0249925873245975,105
7525000,30200.00000431755,-515765.0473344419,299.83523525241753,1.0248160692289867,105
7530000,30220.000004321624,-517342.15819669515,300.7052612574856,1.028424920678553,105
7535000,30240.0000043257,-517177.80761602777,299.5022506950628,1.0231691457564978,105
7540000,30260.000004329773,-516698.8730383953,300.7976858089754,1.022319404650996,105
7545000,30280.000004333848,-516570.7065211162,301.38314805178385,1.0245428661335363,105
7550000,30300.000004337922,-517394.9707055285,301.81844928175303,1.0296390991470614,105
7555000,30320.000004341997,-516894.4478726925,301.6961137917986,1.0249923210901701,105
7560000,30340.00000434607,-517691.7448344759,302.1434141245099,1.025670855432626,105
7565000,30360.000004350146,-517616.6235359318,302.06617740333644,1.0251460604982305,105
7570000,30380.00000435422,-517683.2476094577,299.9349813930806,1.024602012690301,105
7575000,30400.000004358295,-518151.3920780055,299.7713208504162,1.0297147559261635,105
7580000,30420.00000436237,-518615.3513602009,300.4314233913834,1.0301032109053636,105
7585000,30440.000004366444,-518456.00122600654,298.9131337833517,1.0292233417595362,105
7590000,30460.00000437052,-516630.7118771628,300.71802512242573,1.0246244592525704,105
7595000,30480.000004374593,-516158.18374280934,301.4310116604469,1.0246007792995717,105
7600000,30500.000004378668,-517238.82299771067,300.86229820378264,1.0204577228729685,105
7605000,30520.000004382742,-517030.30827232054,301.4518098213625,1.0249545306351444,105
7610000,30540.000004386817,-518376.32169584744,300.9432860596989,1.0321265362215237,105
7615000,30560.00000439089,-518417.85671929177,300.85269590833576,1.0288264154629618,105
7620000,30580.000004394966,-517586.28213930386,300.9159725375505,1.0282972524780098,105
7625000,30600.00000439904,-518348.4352968694,300.70784623247243,1.0276261230552235,105
7630000,30620.000004403115,-517852.4405795045,302.42488408981654,1.0286618991879735,105
7635000,30640.00000440719,-516608.1483985123,302.74407589967126,1.0234007405783139,105
7640000,30660.000004411264,-517495.9268677288,301.25372179503705,1.025817870862049,105
7645000,30680.00000441534,-517990.72895329935,303.34839265335603,1.0292516179444076,105
7650000,30700.000004419413,-518094.6988826995,302.7897817596171,1.0261861415057343,105
7655000,30720.000004423488,-518025.7021305864,302.4828821378134,1.0280203190201371,105
7660000,30740.000004427562,-516242.75048269774,302.2944121111135,1.021378438808738,105
7665000,30760.000004431637,-518777.6143935947,300.58303598725547,1.0297920086508303,105
7670000,30780.00000443571,-517238.6558769534,303.74507907536935,1.0236565339404788,105
7675000,30800.000004439786,-518844.6946032257,299.3533316655991,1.031646121341592,105
7680000,30820.00000444386,-515910.3038031587,301.32715142961683,1.025853060586646,105
7685000,30840.000004447935,-516620.29040890094,300.98875874214906,1.0280919444134136,105
7690000,30860.00000445201,-517787.89332045964,298.9652891558247,1.032734756847883,105
7695000,30880.000004456084,-516716.06352822087,300.2539309297548,1.023171567786438,105
7700000,30900.00000446016,-517393.0423296045,302.4416847160298,1.0274348402766917,105
7705000,30920.000004464233,-517355.7872525784,301.14381084718474,1.0224498245171845,105
7710000,30940.000004468307,-517578.45535304444,303.7210081671002,1.0221572841312372,105
7715000,30960.000004472382,-518296.903588681,301.97409286597457,1.0275732127307822,105
7720000,30980.000004476457,-516922.8863720619,301.35025042330244,1.023687569169106,105
7725000,31000.00000448053,-517517.4829881557,301.31581111196215,1.0257767590523674,105
7730000,31020.000004484606,-516802.2721423968,301.9585271557028,1.0266450450612714,105
7735000,31040.00000448868,-517253.2064780493,299.7568518738677,1.0256772518056674,105
7740000,31060.000004492755,-517661.19947810983,300.34972268062376,1.0267223209742933,105
7745000,31080.00000449683,-517962.5467106537,301.58371404603406,1.0269643299166906,105
7750000,31100.000004500904,-518049.13944923156,298.9943271559927,1.0272130150497623,105
7755000,31120.00000450498,-518142.7468358206,302.1490224215612,1.0236896816632364,105
7760000,31140.000004509053,-517583.84397002216,304.34695867355316,1.0252516979405897,105
7765000,31160.000004513127,-517668.39357330976,299.736266610218,1.0280164173294075,105
7770000,31180.000004517202,-516899.61757598794,297.2691004123067,1.0243295844462137,105
7775000,31200.000004521276,-517137.4336499863,301.39096881136095,1.0297811100395717,105
7780000,31220.00000452535,-517852.30112671084,302.10806481906894,1.0256227259412418,105
7785000,31240.000004529425,-517373.490215349,299.63468707748314,1.0310344860806817,105
7790000,31260.0000045335,-517535.36825062335,304.1947695368543,1.0244656379081554,105
7795000,31280.000004537575,-517697.67220861535,300.64190708947837,1.0285407178991444,105
7800000,31300.00000454165,-518495.5336988121,302.00437729725087,1.022980734688482,105
7805000,31320.000004545724,-517237.54930006387,299.80345885703764,1.0244153804241611,105
7810000,31340.000004549798,-518446.7878508845,303.13810876855854,1.022236481300048,105
7815000,31360.000004553873,-518880.5430625328,303.7205039021373,1.0295338652784556,105
7820000,31380.000004557947,-517305.0443751919,300.1674420072434,1.0228142452320446,105
7825000,31400.00000456202,-518173.15152055374,302.8576703854234,1.0270645048863838,105
7830000,31420.000004566096,-517077.4199685389,299.8678063116754,1.024137977921708,105
7835000,31440.00000457017,-518003.9325481609,301.2251331252668,1.025320502322713,105
7840000,31460.000004574245,-518274.14828260406,300.11701860693347,1.0258360337337222,105
7845000,31480.00000457832,-516933.42463968485,299.8027644723613,1.027387205797692,105
7850000,31500.000004582394,-517257.32710396266,300.0036763399139,1.028603857768612,105
7855000,31520.00000458647,-517918.2731452123,300.4723742247714,1.0280410962165467,105
7860000,31540.000004590544,-517833.4123913669,301.325253518926,1.0256216163089555,105
7865000,31560.000004594618,-518071.4189632253,300.51912554586386,1.0208195980687305,105
7870000,31580.000004598693,-517802.23606457515,299.96487511951835,1.025854329941521,105
7875000,31600.000004602767,-517306.74108759407,300.11187192736503,1.0234629039380136,105
7880000,31620.00000460684,-519162.0153684232,301.45792743621246,1.02817753373961,105
7885000,31640.000004610916,-517068.35335332016,301.0629471890388,1.0281606775835999,105
7890000,31660.00000461499,-517565.27955531166,302.18942484776153,1.025313484797017,105
7895000,31680.000004619065,-518376.8702616913,302.565088123451,1.0223437228737113,105
7900000,31700.00000462314,-518352.6685165141,300.3992612082428,1.0252000959074952,105
7905000,31720.000004627214,-517382.73470269167,300.70054251928235,1.0199463331300331,105
7910000,31740.00000463129,-517163.3257422545,301.07085598764183,1.024100399337613,105
7915000,31760.000004635363,-518215.7515729286,300.5684278393123,1.0301586787958608,105
7920000,31780.000004639438,-518427.9588283894,301.29296579665646,1.0293606134391369,105
7925000,31800.000004643513,-517335.7803328228,298.9168645377385,1.0254992455235208,105
7930000,31820.000004647587,-518512.5582000364,300.1302721323101,1.0253648861116185,105
7935000,31840.00000465166,-519890.83798891096,300.95595307664695,1.0310910250638814,105
7940000,31860.000004655736,-518092.58475351846,302.1075355859914,1.0273326991272649,105
7945000,31880.00000465981,-518151.6518556746,300.77962465242916,1.027004226900035,105
7950000,31900.000004663885,-517487.938860249,301.9563147744982,1.0255189037915031,105
7955000,31920.00000466796,-518170.0017638344,299.89078078684287,1.0271435010218228,105
7960000,31940.000004672034,-517892.2661518778,299.48407688287233,1.0233783167569919,105
7965000,31960.00000467611,-517009.41379454266,301.7659559973597,1.0251490387984015,105
7970000,31980.000004680183,-518334.19537772913,302.44241208442475,1.0262617804367546,105
7975000,32000.000004684258,-518015.64017004427,301.6164753515626,1.0234854525320636,105
7980000,32020.000004688332,-518345.14485226455,301.4431267778184,1.0273910699651974,105
7985000,32040.000004692407,-517898.317466751,302.7156621160016,1.0258430278303912,105
7990000,32060.00000469648,-517620.6812009965,304.088711457697,1.0259474910068664,105
7995000,32080.000004700556,-516636.86440223176,301.71983789832854,1.022329607935075,105
7940000,31860.000004655736,-517959.41566637903,302.1406972475539,1.0263554413553089,--
7945000,31880.00000465981,-517772.97356480337,301.6144858833722,1.0281246008982972,102
7950000,31900.000004663885,-517912.2599392589,300.80276513061693,1.026996016218481,102
7955000,31920.00000466796,-517233.50868901704,300.90374107095516,1.0233836259911395,102
7960000,31940.000004672034,-517077.51166124875,298.0084805495085,1.0230998727736915,102
7965000,31960.00000467611,-518324.9845593455,297.93521664278717,1.0286818604842123,102
7970000,31980.000004680183,-517232.3781096835,301.83623718239784,1.0274373250345539,102
7975000,32000.000004684258,-517955.55009519774,300.8634355783247,1.0262054280414719,102
7980000,32020.000004688332,-516956.86974320863,300.3486927534409,1.022858951408526,102
7985000,32040.000004692407,-518121.86075189384,302.8411249325617,1.0281199990629921,101
7990000,32060.00000469648,-517481.9203280676,299.9493494509272,1.0226721236259395,101
7995000,32080.000004700556,-517887.00764135737,299.8503955540573,1.022401751842119,101
8000000,32100.00000470463,-518866.6715070517,301.7208006853551,1.0247493689431393,101
8005000,32120.000004708705,-518141.91293831705,300.6627711684177,1.026515083975835,101
8010000,32140.00000471278,-517813.0333007695,300.2307457939098,1.0264456834805709,101
8015000,32160.000004716854,-518034.30803154875,303.4041366635117,1.0248767712731217,101
8020000,32180.00000472093,-518219.5491587315,301.0608455910633,1.0276245605201282,101
8025000,32200.000004725003,-518341.8947951335,301.08234843576537,1.0249935535250683,101
8030000,32220.000004729078,-517698.38847677456,300.2681801586668,1.0267816937560958,101
8035000,32240.000004733152,-517416.3123540841,301.7778055147358,1.0237588989747057,101
8040000,32260.000004737227,-519001.4009964948,302.20321879804663,1.0309375282442999,101
8045000,32280.0000047413,-518567.8530440894,302.01405589774294,1.0266041193246007,101
8050000,32300.000004745376,-518077.2385188956,301.89857938843755,1.0240654824502915,101
8055000,32320.00000474945,-517691.4455258816,298.8749021064952,1.0271378157754092,101
8060000,32340.000004753525,-518477.02256429405,299.7674498358476,1.02682474144828,101
8065000,32360.0000047576,-517719.84507645154,301.7942617291473,1.0256990704649047,101
8070000,32380.000004761674,-518057.8032785652,300.1180700008447,1.0300259759424972,101
8075000,32400.00000476575,-517887.40176840266,296.8146245099868,1.0247806168640843,101
8080000,32420.000004769823,-516843.2815177664,299.9807191185329,1.02724213116817,101
8085000,32440.000004773898,-518859.5430235225,302.1445083197243,1.0282389983638491,101
8090000,32460.000004777972,-517487.6697370999,299.25539987360685,1.0237289691865112,101
8095000,32480.000004782047,-518387.7372761797,299.8952744342158,1.0262974248213814,101
8100000,32500.00000478612,-517332.4423858903,298.05193488536776,1.0228235784687527,101
8105000,32520.000004790196,-518053.15751464386,300.7325311044109,1.0293745659701883,101
8110000,32540.00000479427,-516629.19556943676,300.9012437000734,1.025674525607871,101
8115000,32560.000004798345,-518280.4985831233,301.5961680149755,1.0296248640779209,101
8120000,32580.00000480242,-516995.1487836649,299.1194611272955,1.0256277070279767,101
8125000,32600.000004806494,-518620.58665363817,302.00798721722254,1.0234393895255227,101
8130000,32620.00000481057,-517834.3453115979,303.49582655664534,1.0275881891935987,101
8135000,32640.000004814643,-518435.17889628676,302.12327914958036,1.025441674461159,101
8140000,32660.000004818718,-517230.025155053,299.20680869590217,1.0258059126442598,101
8145000,32680.000004822792,-517498.07372019417,301.7463755558917,1.0229267594955578,101
8150000,32700.000004826867,-517190.31934974017,301.61815685373256,1.0305298409611678,101
8155000,32720.00000483094,-517942.81029842934,300.3578668183751,1.0255271767115577,101
8160000,32740.000004835016,-518298.974990675,301.24966162284557,1.0299707021453395,101
8165000,32760.00000483909,-517483.705854896,301.5066264717808,1.0294629492367975,101
8170000,32780.00000484316,-516893.37439958635,302.5309390404029,1.0260751242294925,101
8175000,32800.000004847236,-517569.72451476357,303.1753030765652,1.0271095077695795,101
8180000,32820.00000485131,-517065.23067551525,302.6798135959473,1.0247442486577163,101
8185000,32840.000004855385,-516963.43352739536,302.70993229324813,1.022930194193359,101
8190000,32860.00000485946,-518264.2302006341,299.2679465360189,1.024381096938765,101
8195000,32880.000004863534,-517742.9660041721,302.1914803175751,1.025185971695548,101
8200000,32900.00000486761,-517601.0617698366,301.4464568046678,1.0252333373291007,101
8205000,32920.00000487168,-517004.68720037467,304.08340333039143,1.026314204744006,101
8210000,32940.00000487576,-517078.6763977541,302.0734435485034,1.0235367175103924,101
8215000,32960.00000487983,-517164.02996410895,302.05935034825836,1.0261197803365458,101
8220000,32980.00000488391,-518442.41413500253,299.6681576346708,1.0279842015552663,101
8225000,33000.00000488798,-518388.65628024284,300.035714838348,1.0262513168658924,101
8230000,33020.000004892056,-517814.1293231358,298.8173939711191,1.0259577166911795,101
8235000,33040.00000489613,-517250.8569559045,301.5090859622998,1.0257432927653807,101
8240000,33060.000004900205,-518455.3625403396,301.261896830859,1.0259690241823893,101
8245000,33080.00000490428,-517812.7269937082,300.13115389578513,1.0243913260743716,101
8250000,33100.000004908354,-516991.7926246051,303.48786140572304,1.0231360549600803,101
8255000,33120.00000491243,-517407.82329602516,301.0563208804085,1.0288155242390173,101
8260000,33140.0000049165,-518448.7450617871,304.7011988057314,1.02282293782911,101
8265000,33160.00000492058,-516450.35241455026,299.41129906619926,1.0262341884449384,101
8270000,33180.00000492465,-516448.37923206575,300.68455458690033,1.02449716134995,101
8275000,33200.00000492873,-518986.0561337704,303.1625323136444,1.0284808414652535,101
8280000,33220.0000049328,-516779.83115635207,301.3423627536326,1.0176688285305557,101
8285000,33240.000004936875,-517397.08621293586,301.04909999768853,1.0262795409830794,101
8290000,33260.00000494095,-517590.3096237483,299.7241394633795,1.0261546810634374,101
8295000,33280.000004945025,-516387.8020351266,302.8634574248083,1.027578122131323,101
8300000,33300.0000049491,-517914.34754789784,300.9276683278782,1.0263976765457479,101
8305000,33320.00000495317,-516676.93174441485,302.62185367404146,1.0248960063877706,101
8310000,33340.00000495725,-516531.4451434044,305.29824607995124,1.0243722808198839,101
8315000,33360.00000496132,-517981.2917027897,301.9069090788685,1.023932302598011,101
8320000,33380.0000049654,-518801.8909135845,302.46208215360565,1.0214122167461681,101
8325000,33400.00000496947,-516932.84384127567,300.58134430876714,1.0271343760122538,101
8330000,33420.000004973546,-518202.3032735912,301.53308166882294,1.0264593969676126,101
8335000,33440.00000497762,-516663.65543229715,300.9556916767922,1.0247390641298713,101
8340000,33460.000004981695,-517660.50997524965,303.6464282962304,1.0274200222559517,101
8345000,33480.00000498577,-516780.6544162354,301.0637228862382,1.025658950660599,101
8350000,33500.000004989844,-517030.5076934991,301.75407568246055,1.0280239422657613,101
8355000,33520.00000499392,-518291.5868829936,302.157761426076,1.0278865269160866,101
8360000,33540.00000499799,-516849.994349058,301.3142905297106,1.0197239241633105,101
8365000,33560.00000500207,-516509.16836225963,302.00209438292876,1.0239697767069609,101
8370000,33580.00000500614,-517297.63421499403,301.2510367616971,1.023019022844164,101
8375000,33600.00000501022,-517452.8514687661,298.5249031148086,1.0307585191297137,101
8380000,33620.00000501429,-517986.49739042576,299.7901993082895,1.0241178846405787,101
8385000,33640.000005018366,-516724.0151152599,302.13260826539874,1.027343773351028,101
8390000,33660.00000502244,-520011.80691807624,300.69942256329193,1.027219945939101,101
8395000,33680.000005026515,-517380.2362259163,302.4966135049128,1.0258382349161932,101
8400000,33700.00000503059,-517211.1842488218,301.05674118488656,1.0275433528485982,101
8405000,33720.000005034664,-518639.2088891438,300.18323233227943,1.029319560901482,101
8410000,33740.00000503874,-517881.2356565518,303.0596644326148,1.0272360985616098,101
8415000,33760.00000504281,-517579.8747665351,301.8970099162166,1.0238623886977636,101
8420000,33780.00000504689,-517861.4412710944,304.02243550996843,1.027435865054271,101
8425000,33800.00000505096,-518687.52351966803,299.62519710463516,1.029255461477483,101
8430000,33820.00000505504,-517590.24978278414,300.49208647869347,1.0284818063876653,101
8435000,33840.00000505911,-517123.59226274607,298.69881038272206,1.0231257457387317,101
8440000,33860.000005063186,-518887.8551422679,299.7068621515654,1.0229975452463365,101
8445000,33880.00000506726,-517937.4256388212,301.95607374066833,1.0257646276772512,101
8450000,33900.000005071335,-517472.4126254285,303.06221686081653,1.024355793610186,101
8455000,33920.00000507541,-517324.4534349146,301.8836522547663,1.028001777255338,101
8460000,33940.000005079484,-517464.52625284647,298.2922498909524,1.02469643232579,101
8465000,33960.00000508356,-517319.3357240278,300.3540285948122,1.0263496012006752,101
8470000,33980.00000508763,-517068.0956293354,300.7529779435835,1.0228707386466303,101
8475000,34000.00000509171,-517398.19926195126,301.9786535850671,1.0261910766239206,101
8480000,34020.00000509578,-517719.96779256687,300.9874388695733,1.024987866517501,101
8485000,34040.00000509986,-519303.30863220524,302.58613722135004,1.0262358807340122,101
8490000,34060.00000510393,-519124.4065878701,299.3040601756038,1.0311652880540192,101
8495000,34080.000005108006,-517659.3442902756,298.83645137466476,1.0292169308734078,101
8500000,34100.00000511208,-516468.88954042457,301.1238118213464,1.0242800168762036,101
8505000,34120.000005116155,-518137.2963792025,300.35316344597607,1.0290313033911844,101
8510000,34140.00000512023,-517220.54349220777,300.1259284477927,1.02406546192914,101
8515000,34160.000005124304,-517266.0100156707,298.91224328497714,1.019918509307528,101
8520000,34180.00000512838,-518697.6865276338,300.5432961018506,1.029215053296598,101
8525000,34200.00000513245,-517421.915480993,299.54942401217795,1.0251798072657548,101
8530000,34220.00000513653,-518353.18518614187,301.55676462971684,1.0244882007121745,101
8535000,34240.0000051406,-517308.6924737999,300.5005830475063,1.0242030522629673,101
8540000,34260.00000514468,-518729.50651062373,301.51439859877553,1.0272837932547403,101
8545000,34280.00000514875,-518646.2418033343,300.24133605339284,1.0289397572256187,101
8550000,34300.000005152826,-518485.1038462133,300.83174237076446,1.0260262151231698,101
8555000,34320.0000051569,-518142.6483243392,302.93980121309164,1.0291221874211356,101
8560000,34340.000005160975,-516136.78031755215,299.4083362731783,1.0242222422356884,101
8565000,34360.00000516505,-516771.34115730994,303.009863601833,1.0245590993842235,101
8570000,34380.000005169124,-518599.6278783281,303.04435424185334,1.0275494125789784,101
8575000,34400.0000051732,-517797.765100942,300.8530015503071,1.0255043380928641,101
8580000,34420.00000517727,-518499.1945354091,298.45217979188004,1.0274650610548504,101
8585000,34440.00000518135,-517734.1087383467,303.07994568450056,1.0262915125093897,101
8590000,34460.00000518542,-518766.9574082366,300.5638865547577,1.0273804511947067,101
8595000,34480.0000051895,-518175.6094013774,299.1949220624041,1.0243006701627098,101
8600000,34500.00000519357,-518529.77829677146,302.7681302534344,1.0313982751040822,101
8605000,34520.000005197646,-516981.74698992283,302.2398810429262,1.0284101231928335,101
8610000,34540.00000520172,-516855.9730714909,304.0492283685783,1.0253509448868678,101
8615000,34560.000005205795,-516281.89972264064,301.8903583502933,1.0217705360376383,101
8620000,34580.00000520987,-517504.16750115436,301.1788707570629,1.0304602409985109,101
8625000,34600.000005213944,-518092.82039014506,300.7962479885856,1.0253981382875146,101
8630000,34620.00000521802,-516277.8756880793,303.10590064520574,1.022319164784077,101
8635000,34640.00000522209,-519211.44968190324,305.4237676361267,1.0293321666158048,101
8640000,34660.00000522617,-516882.52907279576,302.3506398040272,1.0261517502453723,101
8645000,34680.00000523024,-518016.0689758933,300.58644561746814,1.02518272421071,101
8650000,34700.00000523432,-517854.8602362538,300.71117587027845,1.0283104795080318,101
8655000,34720.00000523839,-517488.11612107325,303.57926683995964,1.0280923346097723,101
8660000,34740.000005242466,-518412.3478922222,301.41337131676374,1.0278870482165194,101
8665000,34760.00000524654,-516695.05378519907,300.3473635939569,1.0247004629769638,101
8670000,34780.000005250615,-517819.43892733776,301.8517867343186,1.0277651243089627,101
8675000,34800.00000525469,-517871.5211959479,302.2163022253357,1.0243037811710873,101
8680000,34820.000005258764,-516753.7047037014,301.8708777996941,1.0262627256069876,101
8685000,34840.00000526284,-516312.71961099096,299.18501359191384,1.0280149828852223,101
8690000,34860.00000526691,-517947.53672379605,301.39990568903744,1.022824416919503,101
8695000,34880.00000527099,-518242.33546408406,299.3796478040079,1.0299695819539387,101
8700000,34900.00000527506,-517408.1875542896,300.88026960069107,1.0255030933393752,101
8705000,34920.00000527914,-518477.0238483683,300.6110398580727,1.029072954837954,101
8710000,34940.00000528321,-516723.8042977974,300.9985414542095,1.0275079484274638,101
8715000,34960.000005287286,-518823.7686465939,301.1898773412204,1.0296555727496604,101
8720000,34980.00000529136,-518420.51431963965,302.56294724576713,1.0258891988599677,101
8725000,35000.000005295435,-516937.80359792593,300.67947739967093,1.0220383052147608,101
8730000,35020.00000529951,-517828.3498680801,302.11446258576007,1.0279009316730963,101
8735000,35040.000005303584,-517357.9516969165,299.7143488424293,1.0247803656297947,101
8740000,35060.00000530766,-519085.62228281447,299.580624521233,1.026547711002094,101
8745000,35080.00000531173,-518738.47087555774,302.3497675029635,1.0285687510261823,101
8750000,35100.00000531581,-516447.80606427696,298.1224615821392,1.0263704768490405,101
8755000,35120.00000531988,-518188.2534328755,303.4876981618676,1.0255841581910898,101
8760000,35140.00000532396,-517612.504505428,300.7560624497013,1.0246512883864118,101
8765000,35160.00000532803,-516862.71866088593,298.20695785279383,1.0214491627080988,101
8770000,35180.000005332106,-518043.9192842033,301.91213747532663,1.0262138036705035,101
8775000,35200.00000533618,-517486.6314635556,301.5254847419066,1.0238576729923716,101
8780000,35220.000005340255,-518216.42858790234,300.00965955038004,1.0248106806279158,101
8785000,35240.00000534433,-518395.4318690011,298.4855651457206,1.0250000794198368,101
8790000,35260.000005348404,-517930.26015218534,300.0396495430045,1.0251533379720819,101
8795000,35280.00000535248,-518145.04895345867,299.61798438949694,1.0254894410722468,101
8800000,35300.00000535655,-517512.60949187586,297.76325346189026,1.0261059300942348,101
8805000,35320.00000536063,-518314.25934497477,299.57539331235944,1.0263062097568856,101
8810000,35340.0000053647,-518607.67670026445,302.8139527509699,1.0230472578592837,101
8815000,35360.000005368776,-518064.93740342325,301.0513714615717,1.025637154080091,101
8820000,35380.00000537285,-518188.7817293799,297.71596176687063,1.0249472836059268,101
8825000,35400.000005376925,-516697.45202664495,300.3798275069296,1.0231221236090824,101
8830000,35420.000005381,-517805.28093976737,303.38107415307735,1.0268899082822154,101
8835000,35440.000005385074,-517550.41379332845,300.4406672711644,1.0291002779515592,101
8840000,35460.00000538915,-516369.2864467553,302.728194549102,1.0242588392278147,101
8845000,35480.00000539322,-517411.2231738833,300.17165935265393,1.0245916359359082,101
8850000,35500.0000053973,-519043.26727047586,301.6613438760476,1.0257432343634905,101
8855000,35520.00000540137,-517389.13114824495,301.3757611741534,1.0237441332996797,101
8860000,35540.00000540545,-517291.3166801194,299.3409584160764,1.02382111977069,101
8865000,35560.00000540952,-518549.0293907856,302.0280125442275,1.0256595734576675,101
8870000,35580.000005413596,-518083.88281853637,301.01752946131967,1.0288973262900518,101
8875000,35600.00000541767,-517232.7148585445,300.83007058757204,1.0212185766995219,101
8880000,35620.000005421745,-517725.43138828943,299.84072467120745,1.0297053684556192,101
8885000,35640.00000542582,-517828.6664159703,301.61265229529965,1.0262750391368227,101
8890000,35660.000005429894,-516940.98429623595,300.1106345418335,1.0249919229276527,101
8895000,35680.00000543397,-517370.50985480356,299.8911972561354,1.0290070715417994,101
8900000,35700.00000543804,-517460.3131046009,302.87263929876895,1.02107523739261,101
8905000,35720.00000544212,-517991.2074711467,300.85262920616856,1.027266050286083,101
8910000,35740.00000544619,-517387.4216817885,303.407274050612,1.0269479470822467,101
8915000,35760.00000545027,-516911.4563446883,302.87518937553114,1.0255107906212462,101
8920000,35780.00000545434,-517527.9721544776,303.30505080052325,1.024648401998577,101
8925000,35800.000005458416,-516813.8709840907,301.0015428713042,1.0232795799459313,101
8930000,35820.00000546249,-516328.84552482655,299.68965532617193,1.0253607707802028,101
8935000,35840.000005466565,-518018.69535996555,301.3629954035164,1.0255960740474528,101
8940000,35860.00000547064,-516771.69159580814,302.4908656420139,1.0264889021820285,101
8945000,35880.000005474714,-517097.3117326291,300.10821783899087,1.0251509046827638,101
8950000,35900.00000547879,-517288.11985815386,299.3835228366323,1.0228682314786222,101
8955000,35920.00000548286,-517050.1337069904,297.94784002918817,1.0280831636103587,101
8960000,35940.00000548694,-517664.082679142,302.00091384888844,1.027250028369636,101
8965000,35960.00000549101,-517440.8331422985,301.5109500404435,1.0264681537384523,101
8970000,35980.00000549509,-517923.54037846415,299.98630117065875,1.024916439677928,101
8975000,36000.00000549916,-518074.5993203544,298.75804121894737,1.0273180635320325,101
8980000,36020.000005503236,-517552.916818704,298.6548251273442,1.0262854722528416,101
8985000,36040.00000550731,-518196.175477216,302.322897088327,1.0301934800056132,101
8990000,36060.000005511385,-517534.8824083267,297.4727698162262,1.0281900335478669,101
8995000,36080.00000551546,-517287.2843885254,303.08317865404246,1.026950838641548,101
9000000,36100.000005519534,-518040.5147696631,300.9862299047398,1.0257870428433664,101
9005000,36120.00000552361,-517277.986610946,303.4616888166412,1.0243938709323,101
9010000,36140.00000552768,-518149.0199769961,299.5484085830394,1.026568958439925,101
9015000,36160.00000553176,-517464.62018126016,301.46654355381503,1.0244057761630834,101
9020000,36180.00000553583,-517583.2319655656,299.5325692835638,1.0294208224453212,101
9025000,36200.00000553991,-518053.18412325555,299.44020460358274,1.0234006339066912,101
9030000,36220.00000554398,-518834.26042968454,300.50448952140175,1.0257912919826062,101
9035000,36240.000005548056,-516641.72729812306,298.1194697010439,1.0281537847744042,101
9040000,36260.00000555213,-517198.27035503974,299.318872347526,1.0227170895321018,101
9045000,36280.000005556205,-517349.338578264,301.7350351511475,1.0293486402121346,101
9050000,36300.00000556028,-518733.9974228514,297.9194109172886,1.029138599687933,101
9055000,36320.000005564354,-518009.75781925255,300.53664829867057,1.0280080738770287,101
9060000,36340.00000556843,-518155.59723730176,299.2487519100203,1.0280863311395836,101
9065000,36360.0000055725,-518095.9989019502,300.01047483726023,1.0254119221165012,101
9070000,36380.00000557658,-516099.4706527055,303.8384591052445,1.0222381138258603,101
9075000,36400.00000558065,-517025.3088573995,302.3685998505554,1.0258140095475263,101
9080000,36420.00000558473,-517694.6839485441,298.9540350899564,1.0269978799384127,101
9085000,36440.0000055888,-518369.8698923562,304.3492657842711,1.0233113710828603,101
9090000,36460.000005592876,-517708.9468363079,300.86059436492377,1.0261228216851699,101
9095000,36480.00000559695,-517459.3686083711,301.63698444446476,1.023778555382242,101
9100000,36500.000005601025,-517942.6534626363,304.1371306162627,1.0239973752058036,101
9105000,36520.0000056051,-518054.8058361022,302.2935064673434,1.0291125178992035,101
9110000,36540.000005609174,-518210.7691042188,301.7688988589727,1.028094013121151,101
9115000,36560.00000561325,-516829.2152816674,301.72402729028386,1.023588796025909,101
9120000,36580.00000561732,-517501.87094783015,301.99983903056403,1.0269460138020878,101
9125000,36600.0000056214,-516721.5152785573,301.29101641088585,1.0233091968614338,101
9130000,36620.00000562547,-517202.46031298814,300.68246911821257,1.0243067063314375,101
9135000,36640.00000562955,-516721.7848360089,301.4749803377787,1.024573879312185,101
9140000,36660.00000563362,-517833.5455319565,302.28554266604164,1.026226118823487,101
9145000,36680.000005637696,-517585.57729460346,300.7315510315023,1.0287075164916113,101
9150000,36700.00000564177,-517919.2573447942,297.0168827632818,1.0278976339223613,101
9155000,36720.000005645845,-517841.2324536531,300.9500724687257,1.0249178118855187,101
9160000,36740.00000564992,-517948.98065522336,300.9513386674467,1.0263877688741545,101
9165000,36760.000005653994,-518052.5883033122,303.42806467130947,1.0302973663249604,101
9170000,36780.00000565807,-519417.53304797877,299.41864430685973,1.0303675424652965,101
9175000,36800.00000566214,-518884.2294506356,301.2884099038655,1.0253648216869897,101
9180000,36820.00000566622,-517774.0295807386,300.0187329723063,1.025042509053901,101
9185000,36840.00000567029,-517164.5002557386,300.8608559254345,1.0262932093763326,101
9190000,36860.00000567437,-518289.8716163321,302.17368882364076,1.0272934086446415,101
9195000,36880.00000567844,-517273.5194540261,300.3708649096131,1.0258228837242744,101
9200000,36900.000005682516,-518028.1267811209,301.89628909116425,1.0236642885674248,101
9205000,36920.00000568659,-517794.0419789315,301.8577915573659,1.0247577003924595,101
9210000,36940.000005690665,-518558.0617307825,304.0098870823123,1.0308978522833787,101
9215000,36960.00000569474,-518368.7734691596,298.9932975051066,1.0261462332112383,101
9220000,36980.000005698814,-518510.130439827,300.8457651562486,1.0291504625976386,101
9225000,37000.00000570289,-518140.6403564713,302.13113459512726,1.0261288326815483,101
9230000,37020.00000570696,-517531.1236848559,304.0002768760684,1.0262278344159175,101
9235000,37040.00000571104,-518140.8705667956,298.59736815574996,1.026984159126299,101
9240000,37060.00000571511,-517151.6090742424,304.4000225382694,1.0296653596950407,101
9245000,37080.00000571919,-517380.53288717195,298.63386594752643,1.0269246989657876,101
9250000,37100.00000572326,-517067.4697946848,301.36490942045157,1.0256034033142865,101
9255000,37120.000005727336,-519139.7568764298,302.7664207350119,1.0282512563140656,101
9260000,37140.00000573141,-516631.0892027109,302.53805504042265,1.0255585576463804,101
9265000,37160.000005735485,-517673.15449529374,302.9113058834986,1.0277532732741734,101
9270000,37180.00000573956,-519182.7401725182,301.06841624418905,1.031122233623172,101
9275000,37200.000005743634,-518480.29574560677,300.18132609699495,1.024254698086908,101
9280000,37220.00000574771,-517383.27012381284,301.02621191881957,1.023243524665481,101
9285000,37240.00000575178,-517323.0259634692,300.26092592849574,1.0285526394869882,101
9290000,37260.00000575586,-517628.79823687486,303.130381338359,1.0235232460417818,101
9295000,37280.00000575993,-517679.0856215197,299.9559015480637,1.0241163037219867,102
9300000,37300.000005764006,-517309.9083630105,298.75843306829233,1.0247894722899153,102
9305000,37320.00000576808,-516821.289578045,300.66211804603074,1.0288592735204556,102
9310000,37340.000005772155,-517734.66017915285,297.93458232389014,1.0279348172345095,102
9315000,37360.00000577623,-519067.28636228247,300.44582778733,1.0281680997199558,102
9320000,37380.000005780304,-517107.45870562387,300.4089225414412,1.0294238735967538,102
9325000,37400.00000578438,-517685.4918539652,299.5145204431888,1.0277403891329178,102
9330000,37420.00000578845,-517669.9872186377,302.4918353647152,1.0264435498743893,102
9335000,37440.00000579253,-517542.575723917,301.302385760623,1.0279589966900264,102
9340000,37460.0000057966,-517837.8550589252,303.1237586965136,1.0265176011080912,102
9345000,37480.00000580068,-516479.99244986963,301.519160971102,1.025567637385531,102
9350000,37500.00000580475,-518726.9977663965,300.4157364304292,1.0255626075247335,102
9355000,37520.000005808826,-516734.0874851402,303.1595471089215,1.0232114126666514,102
9360000,37540.0000058129,-517978.1421736488,301.00066176344603,1.0263899703179382,102
9365000,37560.000005816975,-517161.1743176989,301.6918705521678,1.028307783522351,102
9370000,37580.00000582105,-518184.1358678988,299.790442013278,1.025480956326095,102
9375000,37600.000005825124,-517485.1368910477,301.207913819463,1.026020546153803,102
9380000,37620.0000058292,-518011.830029947,301.2689664282418,1.0268712924741779,102
9385000,37640.00000583327,-516820.51926189894,298.2208461916512,1.0249602240086764,102
9390000,37660.00000583735,-517478.91292452835,302.7332281292167,1.0240147072054238,102
9395000,37680.00000584142,-517668.38248858205,302.3973179437388,1.0288768219190854,102
9400000,37700.0000058455,-518457.077116536,301.662354401176,1.0274176349470128,102
9405000,37720.00000584957,-516339.3490409169,299.8289385073994,1.0272825956481453,102
9410000,37740.000005853646,-519404.66958905524,302.1218180739463,1.0295377745358745,102
9415000,37760.00000585772,-517532.7994464836,302.0498904155448,1.0206272375146461,102
9420000,37780.000005861795,-518094.6487221322,303.0125559014915,1.0254302960365111,102
9425000,37800.00000586587,-518564.39812233276,300.73223284337615,1.0273775885533731,102
9430000,37820.000005869944,-517649.53671979695,301.9192265711431,1.0240240029504089,102
9435000,37840.00000587402,-517860.607200471,300.322249419066,1.0252627227840838,102
9440000,37860.00000587809,-516613.92096030526,300.5142808504292,1.0269615214451477,102
9445000,37880.00000588217,-517183.3988401536,299.9397659954347,1.023820946448902,102
9450000,37900.00000588624,-516829.14449963905,299.91831102003664,1.0293505932458187,102
9455000,37920.00000589032,-518556.3660679583,301.71022820026224,1.027116720584619,102
9460000,37940.00000589439,-518334.7079465545,300.8074500849487,1.0275572549039416,102
9465000,37960.000005898466,-518095.7314036309,303.5641128634632,1.0287874113687099,102
9470000,37980.00000590254,-518252.8523347322,301.4107326712851,1.0270559740394722,102
9475000,38000.000005906615,-518831.6707769942,301.7811651558915,1.0321331236176148,102
9480000,38020.00000591069,-518333.4774199978,299.5318174766685,1.0259273844724581,102
9485000,38040.000005914764,-518174.32921868307,301.51401069813875,1.024165556125583,102
9490000,38060.00000591884,-517440.43612884125,301.17204576479827,1.0227772599527356,102
9495000,38080.00000592291,-517817.5521379486,300.57902877505927,1.0282187299828978,102
9500000,38100.00000592699,-517926.0693881784,302.7869871430934,1.0275242318422557,102
9505000,38120.00000593106,-518227.3737642898,299.5288771901986,1.0294702643596179,102
9510000,38140.00000593514,-517705.4020091428,302.96372990888614,1.0245761800771735,102
9515000,38160.00000593921,-516453.8995297549,303.2269274920697,1.0234814167222905,102
9505000,38120.00000593106,-518420.3935072934,300.10806385963417,1.027150289681831,--
9510000,38140.00000593514,-518321.2085260912,299.4859587387672,1.0284849897535633,106
9515000,38160.00000593921,-517973.4629959888,301.95850845158645,1.0273871813396975,106
9520000,38180.000005943286,-518041.22697446984,301.45192591746275,1.0250813779404764,106
9525000,38200.00000594736,-518034.0617653895,301.693313088501,1.027961340481774,106
9530000,38220.000005951435,-518290.46908974904,298.10672142588214,1.0243308593819351,106
9535000,38240.00000595551,-517577.5306002996,301.8642785935433,1.0284071821545953,106
9540000,38260.000005959584,-517998.8850092457,299.84344516337165,1.0258959430103494,105
9545000,38280.00000596366,-517491.5530319335,300.6355528711941,1.0296197747072795,105
9550000,38300.00000596773,-517615.7813976393,299.19736331450997,1.0234156757817134,105
9555000,38320.00000597181,-517829.6678232746,301.0539619671119,1.028003983806884,105
9560000,38340.00000597588,-518029.0372438971,302.5953214917394,1.0204372280503637,105
9565000,38360.00000597996,-517968.1216148017,299.63320769416106,1.0248703572739866,105
9570000,38380.00000598403,-517966.35045038373,300.0424627552255,1.0263359320607994,105
9575000,38400.000005988106,-517186.921313321,298.1221491495155,1.0252682556457546,105
9580000,38420.00000599218,-517636.23665667,299.775375640702,1.029060251437142,105
9585000,38440.000005996255,-519163.65575934364,301.52639476106805,1.0327386545330697,105
9590000,38460.00000600033,-519002.88950284105,300.40046253081533,1.030644414201982,105
9595000,38480.000006004404,-519429.8798025886,299.22277936175084,1.0279658108534278,105
9600000,38500.00000600848,-518536.1484175185,300.2359001100578,1.0256743608502057,105
9605000,38520.00000601255,-518220.23199349595,302.9670722101303,1.024509255686222,105
9610000,38540.00000601663,-518182.41254549474,302.73271150424927,1.0240524699437805,105
9615000,38560.0000060207,-518690.4291104479,301.53457242004254,1.0277293674183414,105
9620000,38580.00000602478,-516838.76399947377,303.108495970421,1.0242661485616882,105
9625000,38600.00000602885,-519079.7083261758,300.3304545698999,1.0282354734157966,105
9630000,38620.000006032926,-518506.4524674495,300.47565461675725,1.024382489965605,105
9635000,38640.000006037,-517524.5730821588,299.66475974149546,1.026411002320774,105
9640000,38660.000006041075,-518046.5769207694,300.29638924106,1.0238328170178972,105
9645000,38680.00000604515,-517523.1210684581,304.3256716643245,1.0256045261126416,105
9650000,38700.000006049224,-518002.1477199893,302.059283583456,1.0202124038237443,105
9655000,38720.0000060533,-516835.4155861838,300.24998578005983,1.0266469800594031,105
9660000,38740.00000605737,-518521.0889029037,299.5638694292143,1.0261845358565147,105
9665000,38760.00000606145,-518016.2100151228,302.42409550627394,1.0236563548704347,105
9670000,38780.00000606552,-517655.8974408426,300.1053639833384,1.0276578598477377,105
9675000,38800.0000060696,-518255.5455499876,300.8795375099991,1.0276089890385125,105
9680000,38820.00000607367,-516772.75863024197,300.824091857747,1.0303136665066739,105
9685000,38840.000006077746,-517181.28847451974,300.6652462898065,1.0264806972156952,105
9690000,38860.00000608182,-516338.42908548145,300.2044389987942,1.0222069692935838,105
9695000,38880.000006085895,-518431.1992903957,300.53791492932066,1.0305452620860887,105
9700000,38900.00000608997,-517805.568365111,302.29779077219183,1.0262884060362487,105
9705000,38920.000006094044,-517506.15905144205,301.6047898190278,1.023348310997829,105
9710000,38940.00000609812,-517923.85732767195,299.5943405119948,1.0290614071274435,105
9715000,38960.00000610219,-517749.81358513236,303.7058723511213,1.0260312424785034,105
9720000,38980.00000610627,-518348.8749267927,299.25157990388277,1.0248869639934515,105
9725000,39000.00000611034,-518748.7884743791,303.1508033685312,1.0266494412916232,105
9730000,39020.00000611442,-518150.09133835183,302.916737331585,1.0280446706622195,105
9735000,39040.00000611849,-516848.72309904103,302.1028606786858,1.0255396767191916,105
9740000,39060.000006122566,-516247.452355576,299.20494165556664,1.0231257638699671,105
9745000,39080.00000612664,-516793.5578244191,301.04066994277673,1.0263711712199501,105
9750000,39100.000006130715,-517021.1211754258,303.13986351689465,1.025362009637343,105
9755000,39120.00000613479,-517028.2546307987,300.8545402404377,1.02789149010411,105
9760000,39140.000006138864,-517404.9066312867,301.2571149041707,1.0264223608970175,105
9765000,39160.00000614294,-517827.29397872207,298.9980641162138,1.0313331171093056,105
9770000,39180.00000614701,-518227.84528641845,303.14230197010755,1.0326991081392463,105
9775000,39200.00000615109,-517666.10095548304,303.9203565300867,1.0270273448095373,105
9780000,39220.00000615516,-518257.6395953696,301.79409626142393,1.031039724160562,105
9785000,39240.00000615924,-517858.3976560575,301.5432616758527,1.0263843935966908,105
9790000,39260.00000616331,-518898.47425691807,300.9811367450125,1.0293377494923532,105
9795000,39280.000006167385,-517647.7654856136,302.0573506753438,1.0276317264387271,105
9800000,39300.00000617146,-518264.77226785314,300.87573947074316,1.0261089507817442,105
9805000,39320.000006175535,-518254.7972160822,300.265096984149,1.0291284309029094,105
9810000,39340.00000617961,-517318.8997735854,302.4977006986868,1.0260087669223825,105
9815000,39360.00000618368,-517053.46538236365,300.14309402585604,1.0265317924923996,105
9820000,39380.00000618776,-518667.4297415444,301.3422385328669,1.0272188601420833,105
9825000,39400.00000619183,-517875.01576946024,302.0764407937345,1.0239624354857584,105
9830000,39420.00000619591,-518191.53124101786,300.2282954484337,1.025229775204698,105
9835000,39440.00000619998,-517628.84936288605,301.1412895115844,1.02333756918653,105
9840000,39460.000006204056,-517628.49736634083,301.7936583597493,1.030397637658596,105
9845000,39480.00000620813,-517948.6454931039,301.87752326401744,1.023768847546664,105
9850000,39500.000006212205,-518730.05380350444,303.2893740174059,1.0264341862471495,105
9855000,39520.00000621628,-518224.81637011375,299.63858717407805,1.0273853486014284,105
9860000,39540.000006220354,-517475.1699898862,303.1053249854794,1.0251732339836106,105
9865000,39560.00000622443,-517478.4482403735,301.32443194957244,1.0274613710505203,105
9870000,39580.0000062285,-517208.0596357004,300.817912193944,1.0255620583901597,105
9875000,39600.00000623258,-517959.9625301934,300.81362712482155,1.026960335403383,105
9880000,39620.00000623665,-517648.03507536976,301.7809291940712,1.0233919826380435,105
9885000,39640.00000624073,-518218.08835370117,299.10640096654043,1.024970359309892,105
9890000,39660.0000062448,-518302.2617021743,301.2461330295726,1.027499719875568,105
9895000,39680.000006248876,-517659.80112234876,298.5449167384168,1.0300600858919267,105
9900000,39700.00000625295,-518421.63741561957,300.2565449329551,1.0292767135200478,105
9905000,39720.000006257025,-519921.6890419689,300.5329663812217,1.0296078105899864,105
9910000,39740.0000062611,-518390.300384108,301.6464459420522,1.02509510436755,105
9915000,39760.000006265174,-518650.42888571834,298.54597412427677,1.0244175060568383,105
9920000,39780.00000626925,-518674.0345193718,299.6395622802336,1.0291589691276037,105
9925000,39800.00000627332,-517991.6117090634,300.7641541314842,1.0278344994250317,105
9930000,39820.0000062774,-517562.80252564675,300.58118384898427,1.0248393029864151,105
9935000,39840.00000628147,-518472.26746628014,303.60130520443914,1.0248202128217931,105
9940000,39860.00000628555,-519488.0957667765,300.97943002251486,1.0313915014764659,105
9945000,39880.00000628962,-517642.48187082633,302.92902852826643,1.0284790502550296,105
9950000,39900.000006293696,-518514.23528459785,299.5043520356864,1.0269668043567777,105
9955000,39920.00000629777,-517762.5075214368,300.1476466867673,1.0244087647057403,105
9960000,39940.000006301845,-518299.75342553086,300.2049775156619,1.0280797945061306,105
9965000,39960.00000630592,-517775.4667945069,303.25695388300375,1.0272951485576776,105
9970000,39980.000006309994,-517840.74651307217,302.0034522917324,1.0263757397000361,105
9975000,40000.00000631407,-518156.0238009745,297.1386966289632,1.0269813682166429,105
9980000,40020.00000631814,-518515.87662179465,300.2914890929227,1.029969792232756,105
9985000,40040.00000632222,-518578.1158894072,301.30049159349045,1.026469767077809,105
9990000,40060.00000632629,-516335.6065065125,300.2593364770874,1.0255182039004997,105
9995000,40080.00000633037,-518568.1901998834,302.81797020612885,1.0282921049337903,105
10000000,40100.00000633444,-518115.5671513132,303.9563925211726,1.029465981257645,105
10005000,40120.000006338516,-518345.9894358374,300.6276753408147,1.0273276318055526,105
10010000,40140.00000634259,-516621.2667843802,301.9163083439592,1.0244238488256037,105
10015000,40160.000006346665,-516407.47292560316,300.648842938079,1.0266037789283056,105
10020000,40180.00000635074,-517712.7626676683,303.81465598356885,1.0211293579488256,105
10025000,40200.000006354814,-518090.21882596915,300.60734062737924,1.027352330420427,105
10030000,40220.00000635889,-517852.40350854886,299.1674628257949,1.0267355025765412,105
10035000,40240.00000636296,-517526.757153688,301.28638760412275,1.0279801679871654,105
10040000,40260.00000636704,-517740.0025927562,299.89016776094854,1.0290679781296888,105
10045000,40280.00000637111,-517867.64546717796,298.1271143445456,1.0316281310702038,105
10050000,40300.00000637519,-518571.28720243205,303.19579638437574,1.0293275340702401,105
10055000,40320.00000637926,-517647.16537403315,299.5648167810545,1.0277125693739901,105
10060000,40340.000006383336,-517613.67332496913,301.8630144262142,1.0261950657580197,105
10065000,40360.00000638741,-518470.5440428369,303.1034910990973,1.0250876454270994,105
10070000,40380.000006391485,-518028.3729718595,301.8854332056921,1.0261184989278613,105
10075000,40400.00000639556,-518270.2524572136,302.5853557442007,1.0307796366566915,105
10080000,40420.000006399634,-518363.050174918,299.1105315064561,1.0249832556646137,105
10085000,40440.00000640371,-519180.7077414319,301.0705848965372,1.030656386834425,105
10090000,40460.00000640778,-518210.4297314498,301.9823399128465,1.0239939580965478,105
10095000,40480.00000641186,-518021.9477517798,300.7645038119621,1.0285478201461986,105
10100000,40500.00000641593,-516728.18218982406,300.2883270015454,1.0252005231312795,105
10105000,40520.00000642001,-518319.3919907545,301.60790822855853,1.0249084088473916,105
10110000,40540.00000642408,-518923.4033564117,301.332707485169,1.0267435051618266,105
10115000,40560.000006428156,-518353.0120943715,300.85402152178585,1.0285113904719347,105
10120000,40580.00000643223,-518685.9060275052,302.8059751590811,1.0281800779136498,105
10125000,40600.000006436305,-519833.62341789366,304.11740639930383,1.0313779386036304,105
10130000,40620.00000644038,-518111.1450891213,301.13579525098265,1.0264660268729293,105
10135000,40640.000006444454,-518228.6746131759,299.6805342389292,1.0277170498817245,105
10140000,40660.00000644853,-516562.96031802683,301.63836935344654,1.0265629763139628,105
10145000,40680.0000064526,-517685.56001716224,301.62393612595713,1.0268628723387234,105
10150000,40700.00000645668,-518912.6136799897,300.09439740184393,1.0268011051452077,105
10155000,40720.00000646075,-517914.3123267221,302.1853253087937,1.0278209622862413,105
10160000,40740.00000646483,-519108.4318638088,300.77027784803664,1.029386642507529,105
10165000,40760.0000064689,-518915.4971883935,302.2389752442452,1.0252342692747045,105
10170000,40780.000006472976,-517845.1164184564,302.8812732903673,1.028244054635897,105
10175000,40800.00000647705,-518483.2670334114,300.1885813158538,1.026626738682384,105
10180000,40820.000006481125,-517683.0282107217,298.90475459594063,1.0274393650754052,105
10185000,40840.0000064852,-518954.8907909314,302.86865648613036,1.0293444487178158,105
10190000,40860.000006489274,-518309.0015925965,302.25097959421146,1.0260592935064718,105
10195000,40880.00000649335,-517176.5111223054,304.087202433009,1.0272105935190285,105
10200000,40900.00000649742,-516937.6710346525,300.9700363211111,1.0240809041233399,105
10205000,40920.0000065015,-518551.84544902644,299.6404339856352,1.0286683007369566,105
10210000,40940.00000650557,-517793.6910688963,302.6322259800196,1.0270213999275626,105
10215000,40960.00000650965,-517353.9058962369,303.17985510842004,1.0288050135557887,105
10220000,40980.00000651372,-517241.96502324264,301.0946617646498,1.0280805916396532,105
10225000,41000.000006517796,-518353.65234178724,298.70431038731545,1.0256876848370853,105
10230000,41020.00000652187,-517770.9943802387,298.4044122951048,1.0243950570580318,105
10235000,41040.000006525945,-518900.06122779055,301.1355038288575,1.0218530375085861,105
10240000,41060.00000653002,-518714.7659984983,299.8422748466142,1.0255714418003798,105
10245000,41080.000006534094,-518168.1172117528,301.94298420506925,1.025123023471895,105
10250000,41100.00000653817,-518290.82826239266,299.90925133845633,1.0241471037316165,105
10255000,41120.00000654224,-517230.1751966728,300.6939240675069,1.0260802966990892,105
10260000,41140.00000654632,-518451.56467050407,300.7852435154742,1.0256152289566978,105
10265000,41160.00000655039,-517818.780079267,301.6759794234162,1.0286781941275893,105
10270000,41180.00000655447,-518140.0087350097,303.00819853648187,1.0260441450214013,105
10275000,41200.00000655854,-518327.1428740211,300.67481200574747,1.0235434836627515,105
10280000,41220.000006562615,-517589.4098296005,301.049741111998,1.0271713812438708,105
10285000,41240.00000656669,-518955.6078060623,302.697011337616,1.028084755450053,105
10290000,41260.000006570765,-516833.63908296777,299.460620995503,1.0245743098388622,105
10295000,41280.00000657484,-518428.9270226003,300.4939043946052,1.0244727209372282,105
10300000,41300.00000657891,-517474.34407294006,300.03164891284337,1.0232318345061906,105
10305000,41320.00000658299,-517132.3186871351,301.4544334823664,1.0264237938073155,105
10310000,41340.00000658706,-518176.39908974175,301.2658197169243,1.0248505160471584,105
10315000,41360.00000659114,-517286.44202314736,299.4089797872464,1.0272229610584296,105
10320000,41380.00000659521,-517301.22588239936,301.4032750942104,1.0243096476705749,105
10325000,41400.000006599286,-517602.1293689932,300.4740143090118,1.030071390553932,105
10330000,41420.00000660336,-517427.42610025755,300.5496413579192,1.0281064216510518,105
10335000,41440.000006607435,-516854.67337733484,300.1263247857545,1.0245153087144647,105
10340000,41460.00000661151,-517846.62980389595,300.45647463459375,1.026496565642061,105
10345000,41480.000006615584,-517619.3719526122,299.3207150183135,1.0245081392806448,105
10350000,41500.00000661966,-516628.5226689917,302.0820541344698,1.0242111886508356,105
10355000,41520.00000662373,-518891.9021991233,302.76536866757317,1.026174394921552,105
10360000,41540.00000662781,-516879.64684844343,301.79464381277415,1.0212735936951245,105
10365000,41560.00000663188,-518424.51373665244,302.18403373459284,1.0257376862897987,105
10370000,41580.00000663596,-518081.38699203636,302.08528117444337,1.0234016692613341,105
10375000,41600.00000664003,-519123.9164144462,301.9023504633754,1.0256978702117616,105
10380000,41620.000006644106,-517548.3834966668,299.13407707192374,1.025161128020591,105
10385000,41640.00000664818,-516878.4177291654,299.1503623659894,1.0250428818102166,105
10390000,41660.000006652255,-517064.3906637959,302.8077318160416,1.0220721874334788,105
10395000,41680.00000665633,-517966.56236583646,300.81402549442015,1.0263823182139438,105
10400000,41700.000006660404,-516067.86783726164,301.8975426380687,1.028198798886371,105
10405000,41720.00000666448,-518435.837806372,299.84753894466695,1.0294266343631775,105
10410000,41740.00000666855,-518206.03640566464,302.6066673830672,1.030633423969481,105
10415000,41760.00000667263,-517134.6261439612,297.98864562546856,1.0210110194660857,105
10420000,41780.0000066767,-517941.0457598204,299.05221836533525,1.0230933752516769,105
10425000,41800.00000668078,-517919.28507824754,302.64896590962246,1.0270420812226912,105
10430000,41820.00000668485,-517765.338653472,302.7957031323296,1.0227467357558735,105
10435000,41840.000006688926,-518035.21383701987,301.5931753953726,1.0264384046838424,105
10440000,41860.000006693,-518698.4749435119,300.0850270453835,1.0282945168109277,105
10445000,41880.000006697075,-517845.1120356743,299.95008173148426,1.0240797585477543,105
10450000,41900.00000670115,-517095.6055927549,302.6003561090389,1.0216751088547524,105
10455000,41920.000006705224,-518203.21242478443,303.5934471948437,1.0237150654817353,105
10460000,41940.0000067093,-518735.6641608386,299.547223067276,1.0279839122931533,105
10465000,41960.00000671337,-517963.1094165377,302.5458117870209,1.026496403833776,105
10470000,41980.00000671745,-516377.24172251835,301.6325814328167,1.027603531299146,105
10475000,42000.00000672152,-516998.6714439844,301.75513282565214,1.0256813100186295,105
10480000,42020.0000067256,-516949.51749841496,297.3478587864585,1.0245397845213613,105
10485000,42040.00000672967,-517397.48782041855,299.07903381950155,1.0243154917423347,105
10490000,42060.000006733746,-517472.6778470096,301.2858067269376,1.0233058701814033,105
10495000,42080.00000673782,-516767.04499313957,300.24297888702216,1.0246606059761103,105
10500000,42100.000006741895,-517359.65311985137,299.0453069243156,1.0216153038407925,105
10505000,42120.00000674597,-518210.4230587536,300.5026192924337,1.0260176154882341,105
10510000,42140.000006750044,-517221.2616824866,299.3646153433296,1.0269689226863947,105
10515000,42160.00000675412,-519424.9144837663,300.62852709481484,1.0293716275654303,105
10520000,42180.00000675819,-518558.2913112871,301.5767774629132,1.0296560172750198,105
10525000,42200.00000676227,-518918.1786009327,302.6358461135924,1.032484937586638,105
10530000,42220.00000676634,-517183.70418570493,301.28128082478787,1.0233950729206873,105
10535000,42240.00000677042,-516743.5671601151,300.51439059631474,1.0265853786133734,105
10540000,42260.00000677449,-517586.2828068503,302.4879097541206,1.0294674122994976,105
10545000,42280.000006778566,-518609.41733658174,301.70363969990484,1.0228408200665164,105
10550000,42300.00000678264,-519020.5184100545,301.181857253014,1.0272424019784048,105
10555000,42320.000006786715,-518283.26710605924,299.85048412943337,1.02679991137741,105
10560000,42340.00000679079,-516423.4903141302,299.5186206220738,1.0225757745126673,105
10565000,42360.000006794864,-518284.1774919196,302.37666818925794,1.0291472128882826,105
10570000,42380.00000679894,-517097.59845191473,301.6996171846033,1.0288018584700467,105
10575000,42400.00000680301,-517287.42566706706,301.838588830905,1.0253709493517156,105
10580000,42420.00000680709,-517776.18843200826,304.02392584292824,1.0298883131495462,105
10585000,42440.00000681116,-518243.1881943897,301.6190014559087,1.025466349046698,105
10590000,42460.00000681524,-518271.8710261204,302.9256087340429,1.0267927776183396,105
10595000,42480.00000681931,-517330.1431094785,300.5771813919477,1.0227547317939898,105
10600000,42500.000006823386,-517477.0778599507,301.9185321416055,1.0250411687853134,105
10605000,42520.00000682746,-518071.47702228464,301.03166066390696,1.0252374308897323,105
10610000,42540.000006831535,-517600.4556849743,297.75365293852036,1.0257092809026944,105
10615000,42560.00000683561,-517970.9968113571,299.0785689022921,1.0242479565604194,105
10620000,42580.000006839684,-518285.42794351955,300.50047701828845,1.025353927073638,105
10625000,42600.00000684376,-518343.6167117879,299.90843314958994,1.0267081376724483,105
10630000,42620.00000684783,-516965.1024468597,300.3832488145827,1.024921848806646,105
10635000,42640.00000685191,-516904.60105337156,301.2052732499351,1.0253669925895634,105
10640000,42660.00000685598,-517079.5437743999,301.1825667844089,1.0238632820597855,105
10645000,42680.00000686006,-517876.8135694731,302.12524138752536,1.0236802099759301,105
10650000,42700.00000686413,-518823.880930471,302.3696553943794,1.0294276835494802,105
10655000,42720.000006868206,-516668.7461452866,300.35249198996996,1.0252424164539538,105
10660000,42740.00000687228,-518494.84372175904,299.85772449359047,1.0247245964864882,105
10665000,42760.000006876355,-517449.32729174243,299.3573101082459,1.0239540446066775,105
10670000,42780.00000688043,-518481.65299930517,298.2384584271035,1.0328979771370521,105
10675000,42800.000006884504,-518723.6485794501,300.94199538854275,1.0258755465013232,105
10680000,42820.00000688858,-517550.75996032776,299.6348637208637,1.0237533515077504,105
10685000,42840.00000689265,-517354.30882778834,298.54356824755126,1.0255563092325208,105
10690000,42860.00000689673,-516673.63947266224,299.8757699797032,1.0221610348462484,105
10695000,42880.0000069008,-519036.89618304605,302.72808645697216,1.0286167140672944,105
10700000,42900.00000690488,-517328.257433166,300.14906996603656,1.0275039299528579,105
10705000,42920.00000690895,-519047.78097629105,301.69129691332523,1.0239727736538797,105
10710000,42940.000006913026,-518972.73038738617,300.58038940981453,1.0290980504227811,105
10715000,42960.0000069171,-517215.9562172126,302.025489128224,1.028660600537727,105
10720000,42980.000006921175,-518627.48944569915,301.2746491114217,1.027444124850552,105
10725000,43000.00000692525,-516588.2015680431,300.6244027954722,1.0247562306432596,105
10730000,43020.000006929324,-517166.3870303207,301.7266815962829,1.0266673902086767,105
10735000,43040.0000069334,-517564.11871535983,300.54555373276685,1.0252752771376774,105
10740000,43060.00000693747,-518008.67022865196,299.6214081694598,1.0262168685156297,105
10745000,43080.00000694155,-518184.5604723098,301.2707561381949,1.026571820650866,105
10750000,43100.00000694562,-518117.3297422929,302.0752588816656,1.0217950762624075,105
10755000,43120.0000069497,-518063.2103379464,300.3965866297129,1.0274824077547964,105
10760000,43140.00000695377,-517242.49102602317,302.6266913962659,1.0242191498682358,105
10765000,43160.000006957845,-517786.368785986,299.205034920355,1.0237402917742953,105
10770000,43180.00000696192,-518630.314346917,302.90540099641083,1.028592283608641,105
10775000,43200.000006965995,-517877.5825165014,301.67735857095687,1.0265460307084524,105
10780000,43220.00000697007,-517974.0615200375,301.7128630967896,1.0299623455456193,105
10785000,43240.00000697414,-517295.2671179471,300.1545437971295,1.0265217956915458,105
10790000,43260.00000697822,-517310.65846927976,299.7855902154023,1.0230474743740858,105
10795000,43280.00000698229,-518720.50573437545,300.2310937703386,1.0282639360096286,105
10800000,43300.00000698637,-518695.917937743,298.55197637812716,1.0277691952144201,105
10805000,43320.00000699044,-517947.7674458551,300.1587890363966,1.028428074456743,105
10810000,43340.000006994516,-519700.5637869865,299.2809503846326,1.0305686705481139,105
10815000,43360.00000699859,-518394.4017309714,301.4845473864738,1.0281325626888933,105
10820000,43380.000007002665,-519097.2458930609,300.98378810882605,1.0257599085163724,105
10825000,43400.00000700674,-517772.6509612724,300.64356003610845,1.0247523181168725,105
10830000,43420.000007010814,-516904.6455932902,300.32854681668823,1.0241651886388001,105
10835000,43440.00000701489,-518237.43274752516,300.0992457969033,1.025750262514004,105
10840000,43460.00000701896,-517545.6038362845,299.25392791266063,1.0260234320570785,105
10845000,43480.00000702304,-518899.4887795374,298.17415518255586,1.02380139782854,105
10850000,43500.00000702711,-517835.15791407786,299.75142377297595,1.0244534836313233,105
10855000,43520.00000703119,-517866.7966853117,299.88636755837524,1.0278152302508274,105
10860000,43540.00000703526,-517311.7624296176,301.5054711997183,1.0305625983317412,105
10865000,43560.000007039336,-518313.0873138788,299.4771662591218,1.0274079666854639,105
10870000,43580.00000704341,-516844.8638864765,302.31981209454256,1.0270784229378607,105
10875000,43600.000007047485,-517117.3572788958,299.40572787814415,1.0270973886211938,105
10880000,43620.00000705156,-516462.48117836984,301.69931952779905,1.0230748699398455,105
10885000,43640.000007055634,-517693.6925935887,300.6173431504421,1.0283557060619564,105
10890000,43660.00000705971,-517224.5100814081,303.21273976211114,1.0300059207436199,105
10895000,43680.00000706378,-518617.7733321041,300.4492662721638,1.028074048100803,105
10900000,43700.00000706786,-517699.1536434889,303.3884959436607,1.0242805309854137,105
10905000,43720.00000707193,-517930.41985404096,303.3767534532083,1.0231396992083717,105
10910000,43740.00000707601,-517390.81021791836,301.53540017289146,1.0269634963378298,105
10915000,43760.00000708008,-518198.2732808441,298.0672777657415,1.0285724584426568,105
10920000,43780.000007084156,-517280.65481234645,301.4376638048354,1.0234884680253615,105
10925000,43800.00000708823,-517261.5009152894,302.44406405809775,1.0260240345633402,105
10930000,43820.000007092305,-519372.14366687415,298.68543497208594,1.032257453489014,105
10935000,43840.00000709638,-517577.0602905385,299.907590894565,1.0267051635175484,105
10940000,43860.000007100454,-518167.7187443392,300.65314629632627,1.0259196243839879,105
10945000,43880.00000710453,-518376.77906036493,301.4781904029279,1.0288617192343987,105
10950000,43900.0000071086,-518765.7315266747,301.6322141373237,1.0263179397454814,105
10955000,43920.00000711268,-518319.96859518765,300.23196092110516,1.0268099974249083,105
10960000,43940.00000711675,-518603.33319281484,302.0417453013664,1.0291187890365088,105
10965000,43960.00000712083,-516538.33279742394,299.5310471146646,1.0257579017901401,105
10970000,43980.0000071249,-517666.64705043705,299.48064208851196,1.0242213059596026,105
10975000,44000.000007128976,-517641.38326570997,299.68084226635096,1.02854140456374,105
10980000,44020.00000713305,-519026.49207913294,300.6961547413901,1.0260122689447346,105
10985000,44040.000007137125,-516859.71985719516,301.7635971750469,1.0277945830491937,105
10990000,44060.0000071412,-517657.1559094081,302.57644575392345,1.022528480953365,105
10995000,44080.000007145274,-517348.71002600854,298.25351083124986,1.0258205156355726,105
11000000,44100.00000714935,-517534.69301887206,300.36879073248707,1.0247744317168528,105
11005000,44120.00000715342,-518100.60599981854,299.84990599040464,1.0293087742363007,105
11010000,44140.0000071575,-517602.55028426903,301.47954469148357,1.0292244179039474,105
11015000,44160.00000716157,-517297.71768660704,303.23976615298244,1.025641396795415,105
11020000,44180.00000716565,-519728.85593335377,302.29126072966426,1.0312359577676595,105
11025000,44200.00000716972,-516190.1852586039,301.1629946753934,1.0277096855741095,105
11030000,44220.000007173796,-517082.7679824801,305.1157853637427,1.0278016118908233,105
11035000,44240.00000717787,-517790.245512058,300.1673480877389,1.0244820926307805,105
11040000,44260.000007181945,-517779.111348632,300.16156516342807,1.0269014302159016,105
11045000,44280.00000718602,-518434.7128212007,303.00286011471525,1.026206377430783,105
11050000,44300.000007190094,-517486.272936695,298.460581930574,1.0241309576093764,105
11055000,44320.00000719417,-518062.7212390397,303.8835183060599,1.0260817528522648,105
11060000,44340.00000719824,-518105.26884337375,300.0025801827774,1.0259301557876863,105
11065000,44360.00000720232,-518135.1853274121,301.531872334694,1.030070493258601,105
11070000,44380.00000720639,-517712.3461250793,302.4650630668257,1.0279974837983807,105
11075000,44400.00000721047,-517007.11198444664,304.48908756248386,1.025634082935442,105
11080000,44420.00000721454,-518109.6536624739,299.63755312554366,1.0261623433390725,105
11085000,44440.000007218616,-517615.89649018086,299.129175197419,1.0234791588489929,105
11090000,44460.00000722269,-516771.5342120237,299.71802987459415,1.0292539680132007,105
11095000,44480.000007226765,-517446.4371041544,299.2903023155201,1.0247145315751518,105
11100000,44500.00000723084,-517491.9620395624,299.37302620149535,1.0300470877160914,105
11105000,44520.000007234914,-517225.21813243325,299.1795877696947,1.0247121275639204,105
11110000,44540.00000723899,-517306.09156222385,300.32282910347357,1.0273763985311153,105
11115000,44560.00000724306,-519026.5483809123,299.74143823736654,1.0303051578497147,105
11120000,44580.00000724714,-518265.398672153,301.38694938618437,1.0287660699526113,105
11125000,44600.00000725121,-517650.4625684747,303.13926060472346,1.026978511989211,105
11130000,44620.00000725529,-518453.64338454,301.0511706721443,1.0245988051036379,--
11135000,44640.00000725936,-517911.20814709645,298.5982279636718,1.0230860810005418,106
11140000,44660.000007263436,-517827.4465234175,298.3681850877908,1.0283027540991667,106
11145000,44680.00000726751,-517000.24889142695,302.2766147636592,1.0270972870292512,106
11150000,44700.000007271585,-516754.046001557,301.04226635121825,1.0250249187290112,106
11155000,44720.00000727566,-517551.9274991688,300.37918661348846,1.028928594554805,106
11160000,44740.000007279734,-517506.9589741153,300.65183924607874,1.0250885542494468,105
11165000,44760.00000728381,-517572.85149262054,300.8912451014029,1.024116001237905,105
11170000,44780.00000728788,-517569.6702459983,301.0595964833753,1.0276808771471269,105
11175000,44800.00000729196,-518359.24336297926,301.9440618904785,1.0252412551708623,105
11180000,44820.00000729603,-518388.8805687013,301.1895071690247,1.027109810550966,105
11185000,44840.00000730011,-518043.4538145941,300.5321715497154,1.0276820535841813,105
11190000,44860.00000730418,-518156.5448599609,300.638360155626,1.0275155678633858,105
11195000,44880.000007308256,-517639.79952525673,298.39934044771263,1.0243875639212188,105
11200000,44900.00000731233,-517873.22537227906,302.9382099717132,1.02434635679486,105
11205000,44920.000007316405,-517539.5268454794,302.2847086653451,1.0284124408398674,105
11210000,44940.00000732048,-518995.1951669599,301.1378595046467,1.0264476711255897,105
11215000,44960.000007324554,-518236.56858312944,301.7238595841218,1.02543920276358,105
11220000,44980.00000732863,-518865.4821108137,301.0267383932836,1.0286188052973135,105
11225000,45000.0000073327,-517679.5219898382,299.2681593647151,1.0256440182741244,105
11230000,45020.00000733678,-516628.10819041263,298.236688070686,1.020708595000311,105
11235000,45040.00000734085,-517368.4866497314,300.0406756846906,1.0238868647319677,105
11240000,45060.00000734493,-516139.85960343084,301.21070505567684,1.0230173644944067,105
11245000,45080.000007349,-515787.18844596227,301.15969837380555,1.0239811732477997,105
11250000,45100.000007353075,-519124.71523310686,303.4190465510946,1.0269104856939753,105
11255000,45120.00000735715,-518211.6878028461,297.94678749884395,1.0294858869382548,105
11260000,45140.000007361225,-517502.1248516571,300.197369617699,1.0263447401098154,105
11265000,45160.0000073653,-518323.28278956446,303.87388083217854,1.0294139139331024,105
11270000,45180.00000736937,-517266.8399745547,301.9666259485431,1.0263357359802958,105
11275000,45200.00000737345,-518183.5110388652,300.6611770963551,1.0295933022747839,105
11280000,45220.00000737752,-518110.801499513,300.47624840190446,1.0296145567859052,105
11285000,45240.0000073816,-518094.5789691638,301.51279536908504,1.0267894090124121,105
11290000,45260.00000738567,-517307.2963924962,300.59846216704216,1.0263717631363727,105
11295000,45280.000007389746,-517640.65610385453,299.6854447538565,1.0205020906237985,105
11300000,45300.00000739382,-517514.21888225386,299.1004637510105,1.0250333133547895,105
11305000,45320.000007397895,-517187.5743442944,299.2689141954494,1.0266818900873955,105
11310000,45340.00000740197,-518138.5465931867,302.83039747786484,1.0232786202768673,105
11315000,45360.000007406044,-518365.0467071668,300.34516079767593,1.026954693253565,105
11320000,45380.00000741012,-518056.24469811283,303.09953854558336,1.0242402214206414,105
11325000,45400.00000741419,-517349.14246827667,301.9645094584232,1.0237921684473563,105
11330000,45420.00000741827,-517647.99768297793,303.4125238590927,1.025946971398259,105
11335000,45440.00000742234,-518611.5388394634,302.6711323417197,1.0318430024186749,105
11340000,45460.00000742642,-516914.6595714395,302.5816376263999,1.0247265661481832,105
11345000,45480.00000743049,-517894.6557073009,302.1169288557082,1.0272704462968034,105
11350000,45500.000007434566,-518012.8519307384,302.1500912613651,1.0267279716829067,105
11355000,45520.00000743864,-518035.9778090066,300.10132772177565,1.0294555970267325,105
11360000,45540.000007442715,-518533.79373346013,300.95387241130436,1.026984505920777,105
11365000,45560.00000744679,-518409.4858257768,302.0015410646671,1.0231093722143132,105
11370000,45580.000007450864,-519045.6732296215,300.46896966789825,1.0268093782903354,105
11375000,45600.00000745494,-517807.5673536605,298.3507672835585,1.025012756413922,105
11380000,45620.00000745901,-518543.55453264574,300.01802542136954,1.0276572690413999,105
11385000,45640.00000746309,-518494.10559016187,299.73226504128735,1.0269236562696795,105
11390000,45660.00000746716,-519401.68361939956,299.3600538857007,1.026808214437392,105
11395000,45680.00000747124,-518152.45702872565,303.5319793032904,1.0280536157643039,105
11400000,45700.00000747531,-518579.5581662061,302.92592073481717,1.027501883562165,105
11405000,45720.000007479386,-518122.5434771569,302.3125829268809,1.0238660671855193,105
11410000,45740.00000748346,-518708.0230879367,301.9359933454967,1.0245829048525996,105
11415000,45760.000007487535,-518595.2080791583,300.6266986157197,1.022963372764785,105
11420000,45780.00000749161,-518492.7497131531,300.437257351082,1.0293139070655142,105
11425000,45800.000007495684,-517188.3678216869,303.11261155612624,1.0241929920046797,105
11430000,45820.00000749976,-517412.1932753292,301.67001797192086,1.023648505422067,105
11435000,45840.00000750383,-517867.8670292997,301.4263406489503,1.0292893554133813,105
11440000,45860.00000750791,-518991.743812589,301.97441413616633,1.030265880697449,105
11445000,45880.00000751198,-519376.57260915963,303.42543590503607,1.0266321685308644,105
11450000,45900.00000751606,-517988.4571582356,300.3378375051352,1.028235705338926,105
11455000,45920.00000752013,-519586.43229914154,300.17427177549723,1.026005192474928,105
11460000,45940.000007524206,-518981.62317313114,300.11440857572006,1.0271264199681276,105
11465000,45960.00000752828,-518081.431761849,302.64073092148027,1.025227413779493,105
11470000,45980.000007532355,-519054.1142964482,303.32804875955,1.0264106346612905,105
11475000,46000.00000753643,-517070.28305393155,302.78030786369743,1.026506404766242,105
11480000,46020.000007540504,-518054.75651554717,304.00512044750013,1.0252313755796183,105
11485000,46040.00000754458,-517947.34304763516,299.77583999350725,1.0266565281295401,105
11490000,46060.00000754865,-518052.90841141855,299.7445730324131,1.026026918530206,105
11495000,46080.00000755273,-517122.6716052622,298.20537942771125,1.0276800951950313,105
11500000,46100.0000075568,-517852.36846866366,303.26342934931426,1.0284151094252019,105
11505000,46120.00000756088,-518261.7583332346,301.9202148899038,1.028049834037085,105
11510000,46140.00000756495,-516741.6455898164,301.9267465747759,1.0256723854047831,105
11515000,46160.000007569026,-517517.8399689316,300.6327204658968,1.0255611595592709,105
11520000,46180.0000075731,-518074.7117888611,298.74465066372125,1.0279024121303544,105
11525000,46200.000007577175,-519339.5175888648,298.9842059509752,1.0282030798855297,105
11530000,46220.00000758125,-517292.03991456097,300.92539994236705,1.0220316521548267,105
11535000,46240.000007585324,-518229.7777977397,300.25728480413164,1.0254806835075692,105
11540000,46260.0000075894,-519112.35074945167,299.2622012523232,1.0259279124527538,105
11545000,46280.00000759347,-518304.94733943185,300.42745485548085,1.0289042585812385,105
11550000,46300.00000759755,-517389.5935400585,301.40577155075783,1.0289228545886067,105
11555000,46320.00000760162,-518825.85207765154,302.5960255088178,1.0244850557938163,105
11560000,46340.0000076057,-518378.5692513203,301.5332104745274,1.0268614312470203,105
11565000,46360.00000760977,-517704.429630426,300.28022239231046,1.0242765714209476,105
11570000,46380.000007613846,-518429.3353421928,298.3114729917741,1.0257017243649018,105
11575000,46400.00000761792,-517274.96353117516,299.040664879912,1.0262416680947724,105
11580000,46420.000007621995,-517264.3838060766,300.5558464616562,1.027253365512295,105
11585000,46440.00000762607,-517167.9421720009,300.6924542841878,1.0273704013530467,105
11590000,46460.000007630144,-517282.2549827148,301.53819135839865,1.0246134567470977,105
11595000,46480.00000763422,-517315.9121055268,300.134661245969,1.02806174491146,105
11600000,46500.00000763829,-517779.1729483777,299.56923950805793,1.022013198073945,105
11605000,46520.00000764237,-517985.64367230027,302.15430756213635,1.0273365211096064,105
11610000,46540.00000764644,-518159.1330596409,301.0245987161298,1.0274286981631144,105
11615000,46560.00000765052,-517775.21160571533,301.7298310511657,1.0254166288060227,105
11620000,46580.00000765459,-517168.4133749143,297.7675288732132,1.0215673778001158,105
11625000,46600.000007658666,-517653.9981624419,299.0753795488465,1.0239362263801297,105
11630000,46620.00000766274,-517077.5077339411,301.16863290381013,1.0220133616031077,105
11635000,46640.000007666815,-518518.26223266707,300.3239783050018,1.0282660550143439,105
11640000,46660.00000767089,-517536.14062002604,300.0828370050809,1.029932194119288,105
11645000,46680.000007674964,-518212.81628204347,301.86148710641294,1.0300898164089287,105
11650000,46700.00000767904,-517925.79632170405,301.40732596261944,1.0278950793054007,105
11655000,46720.00000768311,-518233.05891971826,300.6217510305896,1.0283441939565099,105
11660000,46740.00000768719,-518896.95866865944,301.06776776275973,1.0282148255838182,105
11665000,46760.00000769126,-518372.29044510704,304.08527007908594,1.0288369172245202,105
11670000,46780.00000769534,-516738.3547571553,300.0056359142119,1.0257691158847773,105
11675000,46800.00000769941,-517586.386013743,300.9294234016672,1.0272357207565963,105
11680000,46820.000007703486,-518079.0371395522,299.59358023671433,1.0273826059043591,105
11685000,46840.00000770756,-516279.6160611231,302.8943637299834,1.0228952655861938,105
11690000,46860.000007711635,-518560.7601462777,302.61235171465756,1.022888896898897,105
11695000,46880.00000771571,-518710.8719726908,302.7149379272976,1.0247702725556305,105
11700000,46900.000007719784,-518594.6396651759,301.32150672027365,1.0267461834684095,105
11705000,46920.00000772386,-517448.66286465316,301.0049145324939,1.0234451897213304,105
11710000,46940.00000772793,-516669.48267756193,302.4069982739318,1.027195732856515,105
11715000,46960.00000773201,-517354.9161065854,299.9186215005103,1.0247737609119825,105
11720000,46980.00000773608,-518835.9200104894,299.06196602075653,1.0331542583356883,105
11725000,47000.00000774016,-518090.5479569037,300.2571552781617,1.0246083192984372,105
11730000,47020.00000774423,-517854.553973336,301.08975431679886,1.0288415717689032,105
11735000,47040.000007748306,-516360.4643749378,302.3428055296483,1.0283778941775532,105
11740000,47060.00000775238,-516484.0708940949,303.9363766728167,1.024024717671516,105
11745000,47080.000007756455,-518715.6933011662,301.02280993545946,1.023928541690151,105
11750000,47100.00000776053,-517974.6207727527,295.94269391982255,1.0268196138342,105
11755000,47120.000007764604,-517233.6588191339,303.1976731249646,1.0316436705626157,105
11760000,47140.00000776868,-516780.71817058395,298.1544124464477,1.0239668220908293,105
11765000,47160.00000777275,-518038.29166302783,299.78428180126514,1.0289042023032122,105
11770000,47180.00000777683,-517579.15851198,299.25232726710476,1.0215312118201259,105
11775000,47200.0000077809,-518258.6921910492,303.4899646997069,1.0293744290209994,105
11780000,47220.000007784976,-517446.8952394705,301.01181013351066,1.0258607673867555,105
11785000,47240.00000778905,-518257.1924803811,298.14246071348236,1.0274153506514474,105
11790000,47260.000007793125,-518129.43222864554,300.5211506535242,1.028346739425373,105
11795000,47280.0000077972,-518412.93526875577,299.3810379991173,1.0270819127090078,105
11800000,47300.000007801274,-517367.44610071764,301.5721455290852,1.0254616493405706,105
11805000,47320.00000780535,-517284.1809377719,299.46613302838944,1.028104646944624,105
11810000,47340.00000780942,-517539.7553655864,303.002238224547,1.0276331576646551,105
11815000,47360.0000078135,-518390.7068535334,301.6956814851017,1.028722134942381,105
11820000,47380.00000781757,-517961.0664490855,300.10753069217463,1.0257289894135257,105
11825000,47400.00000782165,-516266.94021553546,301.3136402569965,1.022522796846903,105
11830000,47420.00000782572,-518643.7442467124,301.15635520958733,1.024488104702131,105
11835000,47440.000007829796,-516510.63652367704,301.0864799938959,1.0220168916687435,105
11840000,47460.00000783387,-516628.44999997714,301.7818574957897,1.0275802328429677,105
11845000,47480.000007837945,-516125.30831592134,300.86888082348986,1.018333297357176,105
11850000,47500.00000784202,-517678.6274375636,301.6815417292816,1.0261442162971879,105
11855000,47520.000007846094,-517720.27354721096,302.06125043488123,1.0249131288193096,105
11860000,47540.00000785017,-517750.4295034944,302.5424922481603,1.028282290753606,105
11865000,47560.00000785424,-518193.36974011874,301.96504318741216,1.0259278035858526,105
11870000,47580.00000785832,-517961.97255879315,296.7162309238193,1.0268252308076051,105
11875000,47600.00000786239,-519090.5227986241,300.77933469197507,1.024050363932231,105
11880000,47620.00000786647,-516374.7762407549,302.90239807764505,1.0253789274478793,105
11885000,47640.00000787054,-517612.1354145908,300.59302801680616,1.0285782482865942,105
11890000,47660.000007874616,-518985.5286962765,301.34404635077533,1.025512016284721,105
11895000,47680.00000787869,-518939.6961874082,299.4884426593643,1.0319434973706931,105
11900000,47700.000007882765,-519317.57560114213,300.3854953771142,1.027847809783884,105
11905000,47720.00000788684,-518241.8023239458,301.07789772256024,1.0265677282471195,105
11910000,47740.000007890914,-517615.8689097089,303.53074659216105,1.0223352659664597,105
11915000,47760.00000789499,-518357.6528132672,304.3103335202045,1.028882549625348,105
11920000,47780.00000789906,-517486.07897777227,300.8572507422397,1.0274536096576294,105
11925000,47800.00000790314,-516928.70678632427,300.4948191229701,1.0246231666919339,105
11930000,47820.00000790721,-518270.06632093526,301.41330818532737,1.0253279879082453,105
11935000,47840.00000791129,-517520.327674862,302.5342117822622,1.0264539158933685,104
11940000,47860.00000791536,-518253.54456234886,301.92992355201653,1.0270304671226542,104
11945000,47880.000007919436,-518104.29854292586,301.6077559279123,1.0280543383862495,104
11950000,47900.00000792351,-516168.66499921493,299.5810286566275,1.0245097321835763,104
11955000,47920.000007927585,-518696.2087352013,300.3830733533247,1.0287329585383915,104
11960000,47940.00000793166,-517604.59637124976,302.69303314332734,1.0217937063149392,104
11965000,47960.000007935734,-516660.1612732718,298.41776228446986,1.0227933979796906,104
11970000,47980.00000793981,-516620.5358803051,301.6471466410842,1.0226860720855933,104
11975000,48000.00000794388,-517328.7622154488,302.13967177554116,1.0304002737155846,104
11980000,48020.00000794796,-517895.3658873653,300.49884310187184,1.0272224495769913,104
11985000,48040.00000795203,-517504.17805000907,298.3297222377254,1.0236213568489754,104
11990000,48060.00000795611,-517042.0078927339,303.3804377899436,1.0255533711551368,104
11995000,48080.00000796018,-518535.5248476572,300.2095955412531,1.0210738005504536,104
12000000,48100.000007964256,-517825.5217691127,301.493311251042,1.022079552449995,104
12005000,48120.00000796833,-517248.12456817087,303.51176443364386,1.02776737881888,104
12010000,48140.000007972405,-517841.2293710592,299.98864909832554,1.0290737003567472,104
12015000,48160.00000797648,-518596.6372917257,303.687393585926,1.0294047583593158,104
12020000,48180.000007980554,-517640.09977421607,299.28992343136326,1.0247521161494515,104
12025000,48200.00000798463,-517757.27136662905,298.23186054394915,1.027768942034341,104
12030000,48220.0000079887,-517477.297229921,300.83935226349246,1.0266137920585885,104
12035000,48240.00000799278,-517608.4174731944,303.7042086306594,1.027903231921439,104
12040000,48260.00000799685,-518943.42471407657,300.0773124783271,1.031816525025087,104
12045000,48280.00000800093,-518697.3461290761,300.7197830764212,1.0270451581400775,104
12050000,48300.000008005,-518154.13601255487,300.9934282765859,1.025061191686458,104
12055000,48320.000008009076,-517508.8980250149,301.35566146111535,1.0258131487992568,104
12060000,48340.00000801315,-518952.9834388124,297.50038969010154,1.0296415595809907,104
12065000,48360.000008017225,-517656.454532685,301.83474863644926,1.0252848726231443,104
12070000,48380.0000080213,-517416.88595561124,301.44217144561685,1.0273034826738878,104
12075000,48400.000008025374,-517235.91237326874,301.26651399579055,1.0238756652550485,104
12080000,48420.00000802945,-517302.9533371525,300.1624148312803,1.0252144134209198,104
12085000,48440.00000803352,-518534.1570593298,300.1516716740413,1.0277726278026087,104
12090000,48460.0000080376,-519756.2049747964,298.91645523474926,1.0286692760943197,104
12095000,48480.00000804167,-516969.66761085973,299.6243289964002,1.0305554252733653,104
12100000,48500.00000804575,-518617.3020911114,301.61294714241865,1.0292831212915963,104
12105000,48520.00000804982,-516998.7697645915,299.49165224323747,1.0265263339968316,104
12110000,48540.000008053896,-517262.7097765987,301.8354978417446,1.023869722372941,104
12115000,48560.00000805797,-519266.4213359088,302.0655533275565,1.0280109563743625,104
12120000,48580.000008062045,-516854.8678792047,301.2321253134421,1.02429978826243,104
12125000,48600.00000806612,-518673.5804512792,300.73156654530425,1.0288686551942094,104
12130000,48620.000008070194,-516091.25295508583,299.90453186945894,1.0236274307778608,104
12135000,48640.00000807427,-517360.35449911817,297.3188490891387,1.026340556692942,104
12140000,48660.00000807834,-518233.0238052085,300.18452699877594,1.0228330126745075,104
12145000,48680.00000808242,-517387.2321249093,298.0702780688515,1.0220847743278094,104
12150000,48700.00000808649,-518303.0504800987,303.64015495831376,1.0257379952410839,104
12155000,48720.00000809057,-516394.33637759835,303.07321851889134,1.0225022564521171,104
12160000,48740.00000809464,-518009.3932468891,301.09277845800307,1.0231497760221042,104
12165000,48760.000008098716,-517969.86001439136,302.7183216430408,1.0266150960583516,104
12170000,48780.00000810279,-518191.5859023391,300.59457681531217,1.0231588465899197,104
12175000,48800.000008106865,-517966.1820088229,300.2998015791613,1.0258987525662944,104
12180000,48820.00000811094,-517305.9710161169,297.4102972479011,1.0296580996616314,104
12185000,48840.000008115014,-519304.3449294772,301.81133737154056,1.029891087033736,104
12190000,48860.00000811909,-517813.24693509284,299.90817731700633,1.030505891908643,104
12195000,48880.00000812316,-517914.2963670322,301.4396399590704,1.0235650913629983,104
12200000,48900.00000812724,-517182.75484794937,304.5107827540813,1.0230140604821842,104
12205000,48920.00000813131,-517412.8446613273,303.11542383785286,1.028350778630555,104
12210000,48940.00000813539,-517713.21469867975,297.59026816851343,1.0254792570699012,104
12215000,48960.00000813946,-517613.26445188234,301.80016209644594,1.0260146111139454,104
12220000,48980.000008143536,-518638.1013922205,301.4159589368509,1.0243336609196885,104
12225000,49000.00000814761,-517838.2094985051,300.3094101028141,1.0294033480425209,104
12230000,49020.000008151685,-517420.69186595944,300.69267991156823,1.0238117323971008,104
12235000,49040.00000815576,-518489.76426713634,299.8950261046925,1.0313358180897019,104
12240000,49060.000008159834,-517968.741168702,300.1564810954886,1.0254321991647928,104
12245000,49080.00000816391,-517603.52034295,300.1398519904676,1.0299442526260392,104
12250000,49100.00000816798,-516388.1135965658,297.7401370706901,1.0222104097303342,104
12255000,49120.00000817206,-517761.866241402,301.00131693780185,1.0233039151520003,104
12260000,49140.00000817613,-517221.17520390893,299.1759426318934,1.025297100997739,104
12265000,49160.000008180206,-517822.27852591523,301.1455335896209,1.0224917265142888,104
12270000,49180.00000818428,-518456.801893838,304.43731084815585,1.028871934284713,104
12275000,49200.000008188355,-517307.7781274575,302.84274028251895,1.0247009902606834,104
12280000,49220.00000819243,-517593.6940016474,301.97116663172835,1.0284219955163392,104
12285000,49240.000008196504,-519035.80244654394,300.1363555279283,1.0262023735920702,104
12290000,49260.00000820058,-518126.8632550624,300.7283460074773,1.0252176580988583,104
12295000,49280.00000820465,-519784.45219285646,302.7173617155533,1.030532456243557,104
12300000,49300.00000820873,-516590.21195855504,299.9009714267512,1.0237751425090016,104
12305000,49320.0000082128,-519069.32598971063,299.92203972325774,1.0286309776682157,104
12310000,49340.00000821688,-516810.02124562557,298.9402528520394,1.023139470095222,104
12315000,49360.00000822095,-517731.70981821744,299.64063051544605,1.0238232951656365,104
12320000,49380.000008225026,-518170.1515226513,300.26246564268064,1.0185530802736964,104
12325000,49400.0000082291,-518688.0692525802,300.8291599969659,1.0275476782457742,104
12330000,49420.000008233175,-517890.42175543867,301.7092430099551,1.0273637503977,104
12335000,49440.00000823725,-517438.21917286795,302.9806850923459,1.0242085098430458,104
12340000,49460.000008241324,-518977.46263624565,302.7039354580065,1.0253468876307668,104
12345000,49480.0000082454,-516770.2854970251,302.60340071395746,1.0275689102030783,104
12350000,49500.00000824947,-518042.54870824143,298.21002938842196,1.0263888719602492,104
12355000,49520.00000825355,-517935.5904136135,302.93693607012335,1.0241804135782244,104
12360000,49540.00000825762,-518445.627549523,301.3952329334875,1.027446200251157,104
12365000,49560.0000082617,-517493.3883555061,300.7447354178927,1.0268435168750212,104
12370000,49580.00000826577,-517095.53652053373,301.14517172908876,1.0214030312784426,104
12375000,49600.000008269846,-517540.43259574147,300.9419140955663,1.0299309187117098,104
12380000,49620.00000827392,-518249.3530313941,301.13541308882077,1.0265966079761828,104
12385000,49640.000008277995,-517844.5537973584,301.9854761720518,1.027787616107507,104
12390000,49660.00000828207,-518856.20715083694,302.3158176973965,1.0252427525459922,104
12395000,49680.000008286144,-518514.3593399287,301.27183475788667,1.021891399301612,104
12400000,49700.00000829022,-518794.10705715,298.1014092129354,1.0312110400087815,104
12405000,49720.00000829429,-517580.22995870025,298.30285445139447,1.0250868392539956,104
12410000,49740.00000829837,-517557.59823797224,300.78766734469843,1.0305271606770203,104
12415000,49760.00000830244,-518607.176117152,300.8106036270624,1.0255923008885046,104
12420000,49780.00000830652,-517730.9501456972,300.54480568641856,1.0236412287956071,104
12425000,49800.00000831059,-517541.2944248298,300.30032031030055,1.0250767709278097,104
12430000,49820.000008314666,-519066.7685909616,301.90651108053936,1.0278293020749527,104
12435000,49840.00000831874,-515411.26214005006,299.831033081928,1.0220679113457765,104
12440000,49860.000008322815,-518106.4716424821,302.00263234940434,1.0255375014546444,104
12445000,49880.00000832689,-517689.08948721434,302.627060575854,1.02394731112667,104
12450000,49900.000008330964,-517172.3077087144,301.00839879479355,1.0265968149120066,104
12455000,49920.00000833504,-518734.2835150808,303.062778982547,1.0282168568687913,104
12460000,49940.00000833911,-516711.3289481653,299.14167548938786,1.0240713544262208,104
12465000,49960.00000834319,-519641.4344430142,301.1480458322265,1.029343889785969,104
12470000,49980.00000834726,-518486.9622770364,299.8508858465282,1.0272752742818019,104
12475000,50000.00000835134,-517538.65528313234,298.34667693591655,1.0262468394279893,104
12480000,50020.00000835541,-518534.2971546473,302.3514647791784,1.0276903737583327,104
12485000,50040.000008359486,-517301.7479798414,298.729159667674,1.0248808161298086,104
12490000,50060.00000836356,-518246.77814423735,300.4359983745971,1.0274919302131929,104
12495000,50080.000008367635,-517877.0114195284,300.27153834498284,1.0263804512032844,104
12500000,50100.00000837171,-519172.7826180977,300.49255332152484,1.0269383005186405,104
